solid OpenSCAD_Model
  facet normal 0.980785 -0.19509 0
    outer loop
      vertex 13.494 -3.6157 42.1043
      vertex 13.8505 -1.82345 0
      vertex 13.8505 -1.82345 43.8965
    endloop
  endfacet
  facet normal 0.980785 -0.19509 0
    outer loop
      vertex 13.8505 -1.82345 0
      vertex 13.494 -3.6157 42.1043
      vertex 13.494 -3.6157 0
    endloop
  endfacet
  facet normal 0.555596 -0.831452 0
    outer loop
      vertex 8.5044 -11.0831 0
      vertex 6.985 -12.0984 33.6216
      vertex 6.985 -12.0984 0
    endloop
  endfacet
  facet normal 0.555596 -0.831452 0
    outer loop
      vertex 6.985 -12.0984 33.6216
      vertex 8.5044 -11.0831 0
      vertex 8.5044 -11.0831 34.6369
    endloop
  endfacet
  facet normal 0.980785 0.19509 0
    outer loop
      vertex 13.8505 1.82345 45.72
      vertex 13.494 3.6157 0
      vertex 13.494 3.6157 45.72
    endloop
  endfacet
  facet normal 0.980785 0.19509 0
    outer loop
      vertex 13.494 3.6157 0
      vertex 13.8505 1.82345 45.72
      vertex 13.8505 1.82345 0
    endloop
  endfacet
  facet normal 0.997859 0.0653948 0
    outer loop
      vertex 13.97 0 45.72
      vertex 13.8505 1.82345 0
      vertex 13.8505 1.82345 45.72
    endloop
  endfacet
  facet normal 0.997859 0.0653948 0
    outer loop
      vertex 13.8505 1.82345 0
      vertex 13.97 0 45.72
      vertex 13.97 0 0
    endloop
  endfacet
  facet normal -0.19509 0.980785 0
    outer loop
      vertex -1.82345 13.8505 0
      vertex -3.6157 13.494 45.72
      vertex -1.82345 13.8505 45.72
    endloop
  endfacet
  facet normal -0.19509 0.980785 0
    outer loop
      vertex -3.6157 13.494 45.72
      vertex -1.82345 13.8505 0
      vertex -3.6157 13.494 0
    endloop
  endfacet
  facet normal 0.442279 -0.896877 0
    outer loop
      vertex 6.985 -12.0984 0
      vertex 5.34609 -12.9066 32.8134
      vertex 5.34609 -12.9066 0
    endloop
  endfacet
  facet normal 0.442279 -0.896877 0
    outer loop
      vertex 5.34609 -12.9066 32.8134
      vertex 6.985 -12.0984 0
      vertex 6.985 -12.0984 33.6216
    endloop
  endfacet
  facet normal 0 0 1
    outer loop
      vertex 13.8505 1.82345 45.72
      vertex 13.9401 0 45.72
      vertex 13.97 0 45.72
    endloop
  endfacet
  facet normal 0 0 1
    outer loop
      vertex 13.8505 1.82345 45.72
      vertex 13.8208 1.81955 45.72
      vertex 13.9401 0 45.72
    endloop
  endfacet
  facet normal 0 0 1
    outer loop
      vertex 13.494 3.6157 45.72
      vertex 13.8208 1.81955 45.72
      vertex 13.8505 1.82345 45.72
    endloop
  endfacet
  facet normal 0 0 1
    outer loop
      vertex 13.494 3.6157 45.72
      vertex 13.4651 3.60796 45.72
      vertex 13.8208 1.81955 45.72
    endloop
  endfacet
  facet normal 0 0 1
    outer loop
      vertex 12.9066 5.34609 45.72
      vertex 13.4651 3.60796 45.72
      vertex 13.494 3.6157 45.72
    endloop
  endfacet
  facet normal 0 0 1
    outer loop
      vertex 12.9066 5.34609 45.72
      vertex 12.879 5.33464 45.72
      vertex 13.4651 3.60796 45.72
    endloop
  endfacet
  facet normal 0 0 1
    outer loop
      vertex 12.0984 6.985 45.72
      vertex 12.879 5.33464 45.72
      vertex 12.9066 5.34609 45.72
    endloop
  endfacet
  facet normal 0 0 1
    outer loop
      vertex 12.0984 6.985 45.72
      vertex 12.0725 6.97004 45.72
      vertex 12.879 5.33464 45.72
    endloop
  endfacet
  facet normal 0 0 1
    outer loop
      vertex 11.0831 8.5044 45.72
      vertex 12.0725 6.97004 45.72
      vertex 12.0984 6.985 45.72
    endloop
  endfacet
  facet normal 0 0 1
    outer loop
      vertex 11.0831 8.5044 45.72
      vertex 11.0594 8.48619 45.72
      vertex 12.0725 6.97004 45.72
    endloop
  endfacet
  facet normal 0 0 1
    outer loop
      vertex 9.87828 9.87828 45.72
      vertex 11.0594 8.48619 45.72
      vertex 11.0831 8.5044 45.72
    endloop
  endfacet
  facet normal 0 0 1
    outer loop
      vertex 9.87828 9.87828 45.72
      vertex 9.85713 9.85713 45.72
      vertex 11.0594 8.48619 45.72
    endloop
  endfacet
  facet normal 0 0 1
    outer loop
      vertex 8.5044 11.0831 45.72
      vertex 9.85713 9.85713 45.72
      vertex 9.87828 9.87828 45.72
    endloop
  endfacet
  facet normal 0 0 1
    outer loop
      vertex 8.5044 11.0831 45.72
      vertex 8.48619 11.0594 45.72
      vertex 9.85713 9.85713 45.72
    endloop
  endfacet
  facet normal 0 0 1
    outer loop
      vertex 6.985 12.0984 45.72
      vertex 8.48619 11.0594 45.72
      vertex 8.5044 11.0831 45.72
    endloop
  endfacet
  facet normal 0 0 1
    outer loop
      vertex 6.985 12.0984 45.72
      vertex 6.97004 12.0725 45.72
      vertex 8.48619 11.0594 45.72
    endloop
  endfacet
  facet normal 0 0 1
    outer loop
      vertex 5.34609 12.9066 45.72
      vertex 6.97004 12.0725 45.72
      vertex 6.985 12.0984 45.72
    endloop
  endfacet
  facet normal 0 0 1
    outer loop
      vertex 5.34609 12.9066 45.72
      vertex 5.33464 12.879 45.72
      vertex 6.97004 12.0725 45.72
    endloop
  endfacet
  facet normal 0 0 1
    outer loop
      vertex 3.6157 13.494 45.72
      vertex 5.33464 12.879 45.72
      vertex 5.34609 12.9066 45.72
    endloop
  endfacet
  facet normal 0 0 1
    outer loop
      vertex 3.6157 13.494 45.72
      vertex 3.60796 13.4651 45.72
      vertex 5.33464 12.879 45.72
    endloop
  endfacet
  facet normal 0 0 1
    outer loop
      vertex 1.82345 13.8505 45.72
      vertex 3.60796 13.4651 45.72
      vertex 3.6157 13.494 45.72
    endloop
  endfacet
  facet normal 0 0 1
    outer loop
      vertex 1.82345 13.8505 45.72
      vertex 1.81955 13.8208 45.72
      vertex 3.60796 13.4651 45.72
    endloop
  endfacet
  facet normal 0 0 1
    outer loop
      vertex 0 13.97 45.72
      vertex 1.81955 13.8208 45.72
      vertex 1.82345 13.8505 45.72
    endloop
  endfacet
  facet normal 0 0 1
    outer loop
      vertex 0 13.97 45.72
      vertex 0 13.9401 45.72
      vertex 1.81955 13.8208 45.72
    endloop
  endfacet
  facet normal 0 0 1
    outer loop
      vertex 0 13.97 45.72
      vertex -1.81955 13.8208 45.72
      vertex 0 13.9401 45.72
    endloop
  endfacet
  facet normal -0 0 1
    outer loop
      vertex -1.82345 13.8505 45.72
      vertex -1.81955 13.8208 45.72
      vertex 0 13.97 45.72
    endloop
  endfacet
  facet normal 0 0 1
    outer loop
      vertex -1.82345 13.8505 45.72
      vertex -3.60796 13.4651 45.72
      vertex -1.81955 13.8208 45.72
    endloop
  endfacet
  facet normal -0 0 1
    outer loop
      vertex -3.6157 13.494 45.72
      vertex -3.60796 13.4651 45.72
      vertex -1.82345 13.8505 45.72
    endloop
  endfacet
  facet normal 0 0 1
    outer loop
      vertex -3.6157 13.494 45.72
      vertex -5.33464 12.879 45.72
      vertex -3.60796 13.4651 45.72
    endloop
  endfacet
  facet normal -0 0 1
    outer loop
      vertex -5.34609 12.9066 45.72
      vertex -5.33464 12.879 45.72
      vertex -3.6157 13.494 45.72
    endloop
  endfacet
  facet normal 0 0 1
    outer loop
      vertex -5.34609 12.9066 45.72
      vertex -6.97004 12.0725 45.72
      vertex -5.33464 12.879 45.72
    endloop
  endfacet
  facet normal -0 0 1
    outer loop
      vertex -6.985 12.0984 45.72
      vertex -6.97004 12.0725 45.72
      vertex -5.34609 12.9066 45.72
    endloop
  endfacet
  facet normal 0 0 1
    outer loop
      vertex -6.985 12.0984 45.72
      vertex -8.48619 11.0594 45.72
      vertex -6.97004 12.0725 45.72
    endloop
  endfacet
  facet normal -0 0 1
    outer loop
      vertex -8.5044 11.0831 45.72
      vertex -8.48619 11.0594 45.72
      vertex -6.985 12.0984 45.72
    endloop
  endfacet
  facet normal 0 0 1
    outer loop
      vertex -8.5044 11.0831 45.72
      vertex -9.85713 9.85713 45.72
      vertex -8.48619 11.0594 45.72
    endloop
  endfacet
  facet normal -0 0 1
    outer loop
      vertex -9.87828 9.87828 45.72
      vertex -9.85713 9.85713 45.72
      vertex -8.5044 11.0831 45.72
    endloop
  endfacet
  facet normal 0 0 1
    outer loop
      vertex -9.87828 9.87828 45.72
      vertex -11.0594 8.48619 45.72
      vertex -9.85713 9.85713 45.72
    endloop
  endfacet
  facet normal -0 0 1
    outer loop
      vertex -11.0831 8.5044 45.72
      vertex -11.0594 8.48619 45.72
      vertex -9.87828 9.87828 45.72
    endloop
  endfacet
  facet normal 0 0 1
    outer loop
      vertex -11.0831 8.5044 45.72
      vertex -12.0725 6.97004 45.72
      vertex -11.0594 8.48619 45.72
    endloop
  endfacet
  facet normal -0 0 1
    outer loop
      vertex -12.0984 6.985 45.72
      vertex -12.0725 6.97004 45.72
      vertex -11.0831 8.5044 45.72
    endloop
  endfacet
  facet normal 0 0 1
    outer loop
      vertex -12.0984 6.985 45.72
      vertex -12.879 5.33464 45.72
      vertex -12.0725 6.97004 45.72
    endloop
  endfacet
  facet normal -0 0 1
    outer loop
      vertex -12.9066 5.34609 45.72
      vertex -12.879 5.33464 45.72
      vertex -12.0984 6.985 45.72
    endloop
  endfacet
  facet normal 0 0 1
    outer loop
      vertex -12.9066 5.34609 45.72
      vertex -13.4651 3.60796 45.72
      vertex -12.879 5.33464 45.72
    endloop
  endfacet
  facet normal -0 0 1
    outer loop
      vertex -13.494 3.6157 45.72
      vertex -13.4651 3.60796 45.72
      vertex -12.9066 5.34609 45.72
    endloop
  endfacet
  facet normal 0 0 1
    outer loop
      vertex -13.494 3.6157 45.72
      vertex -13.8208 1.81955 45.72
      vertex -13.4651 3.60796 45.72
    endloop
  endfacet
  facet normal -0 0 1
    outer loop
      vertex -13.8505 1.82345 45.72
      vertex -13.8208 1.81955 45.72
      vertex -13.494 3.6157 45.72
    endloop
  endfacet
  facet normal 0 0 1
    outer loop
      vertex -13.8505 1.82345 45.72
      vertex -13.9401 0 45.72
      vertex -13.8208 1.81955 45.72
    endloop
  endfacet
  facet normal 0 -0 1
    outer loop
      vertex -13.9401 0 45.72
      vertex -13.8505 1.82345 45.72
      vertex -13.97 0 45.72
    endloop
  endfacet
  facet normal 0.946928 -0.321445 0
    outer loop
      vertex 12.9066 -5.34609 40.3739
      vertex 13.494 -3.6157 0
      vertex 13.494 -3.6157 42.1043
    endloop
  endfacet
  facet normal 0.946928 -0.321445 0
    outer loop
      vertex 13.494 -3.6157 0
      vertex 12.9066 -5.34609 40.3739
      vertex 12.9066 -5.34609 0
    endloop
  endfacet
  facet normal -0.831452 0.555596 0
    outer loop
      vertex -12.0984 6.985 0
      vertex -11.0831 8.5044 45.72
      vertex -11.0831 8.5044 0
    endloop
  endfacet
  facet normal -0.831452 0.555596 0
    outer loop
      vertex -11.0831 8.5044 45.72
      vertex -12.0984 6.985 0
      vertex -12.0984 6.985 45.72
    endloop
  endfacet
  facet normal -0.442279 0.896877 0
    outer loop
      vertex -5.34609 12.9066 0
      vertex -6.985 12.0984 45.72
      vertex -5.34609 12.9066 45.72
    endloop
  endfacet
  facet normal -0.442279 0.896877 0
    outer loop
      vertex -6.985 12.0984 45.72
      vertex -5.34609 12.9066 0
      vertex -6.985 12.0984 0
    endloop
  endfacet
  facet normal -0.555596 0.831452 0
    outer loop
      vertex -6.985 12.0984 0
      vertex -8.5044 11.0831 45.72
      vertex -6.985 12.0984 45.72
    endloop
  endfacet
  facet normal -0.555596 0.831452 0
    outer loop
      vertex -8.5044 11.0831 45.72
      vertex -6.985 12.0984 0
      vertex -8.5044 11.0831 0
    endloop
  endfacet
  facet normal -0.946928 -0.321445 -0
    outer loop
      vertex -12.9066 -5.34609 40.3739
      vertex -13.494 -3.6157 0
      vertex -12.9066 -5.34609 0
    endloop
  endfacet
  facet normal -0.946928 -0.321445 0
    outer loop
      vertex -13.494 -3.6157 0
      vertex -12.9066 -5.34609 40.3739
      vertex -13.494 -3.6157 42.1043
    endloop
  endfacet
  facet normal 0.321445 -0.946928 0
    outer loop
      vertex 5.34609 -12.9066 0
      vertex 3.6157 -13.494 32.226
      vertex 3.6157 -13.494 0
    endloop
  endfacet
  facet normal 0.321445 -0.946928 0
    outer loop
      vertex 3.6157 -13.494 32.226
      vertex 5.34609 -12.9066 0
      vertex 5.34609 -12.9066 32.8134
    endloop
  endfacet
  facet normal -0.321445 0.946928 0
    outer loop
      vertex -3.6157 13.494 0
      vertex -5.34609 12.9066 45.72
      vertex -3.6157 13.494 45.72
    endloop
  endfacet
  facet normal -0.321445 0.946928 0
    outer loop
      vertex -5.34609 12.9066 45.72
      vertex -3.6157 13.494 0
      vertex -5.34609 12.9066 0
    endloop
  endfacet
  facet normal 0.946928 0.321445 0
    outer loop
      vertex 13.494 3.6157 45.72
      vertex 12.9066 5.34609 0
      vertex 12.9066 5.34609 45.72
    endloop
  endfacet
  facet normal 0.946928 0.321445 0
    outer loop
      vertex 12.9066 5.34609 0
      vertex 13.494 3.6157 45.72
      vertex 13.494 3.6157 0
    endloop
  endfacet
  facet normal -0.442279 -0.896877 0
    outer loop
      vertex -6.985 -12.0984 0
      vertex -5.34609 -12.9066 32.8134
      vertex -6.985 -12.0984 33.6216
    endloop
  endfacet
  facet normal -0.442279 -0.896877 -0
    outer loop
      vertex -5.34609 -12.9066 32.8134
      vertex -6.985 -12.0984 0
      vertex -5.34609 -12.9066 0
    endloop
  endfacet
  facet normal -0.997859 0.0653948 0
    outer loop
      vertex -13.97 0 0
      vertex -13.8505 1.82345 45.72
      vertex -13.8505 1.82345 0
    endloop
  endfacet
  facet normal -0.997859 0.0653948 0
    outer loop
      vertex -13.8505 1.82345 45.72
      vertex -13.97 0 0
      vertex -13.97 0 45.72
    endloop
  endfacet
  facet normal -0.946928 0.321445 0
    outer loop
      vertex -13.494 3.6157 0
      vertex -12.9066 5.34609 45.72
      vertex -12.9066 5.34609 0
    endloop
  endfacet
  facet normal -0.946928 0.321445 0
    outer loop
      vertex -12.9066 5.34609 45.72
      vertex -13.494 3.6157 0
      vertex -13.494 3.6157 45.72
    endloop
  endfacet
  facet normal 0.0653948 -0.997859 0
    outer loop
      vertex 1.82345 -13.8505 0
      vertex 0 -13.97 31.75
      vertex 0 -13.97 0
    endloop
  endfacet
  facet normal 0.0653948 -0.997859 0
    outer loop
      vertex 0 -13.97 31.75
      vertex 1.82345 -13.8505 0
      vertex 1.82345 -13.8505 31.8695
    endloop
  endfacet
  facet normal 0.659333 -0.751851 0
    outer loop
      vertex 9.87828 -9.87828 0
      vertex 8.5044 -11.0831 34.6369
      vertex 8.5044 -11.0831 0
    endloop
  endfacet
  facet normal 0.659333 -0.751851 0
    outer loop
      vertex 8.5044 -11.0831 34.6369
      vertex 9.87828 -9.87828 0
      vertex 9.87828 -9.87828 35.8417
    endloop
  endfacet
  facet normal 0.831452 0.555596 0
    outer loop
      vertex 12.0984 6.985 45.72
      vertex 11.0831 8.5044 0
      vertex 11.0831 8.5044 45.72
    endloop
  endfacet
  facet normal 0.831452 0.555596 0
    outer loop
      vertex 11.0831 8.5044 0
      vertex 12.0984 6.985 45.72
      vertex 12.0984 6.985 0
    endloop
  endfacet
  facet normal 0.659333 0.751851 -0
    outer loop
      vertex 9.87828 9.87828 0
      vertex 8.5044 11.0831 45.72
      vertex 9.87828 9.87828 45.72
    endloop
  endfacet
  facet normal 0.659333 0.751851 0
    outer loop
      vertex 8.5044 11.0831 45.72
      vertex 9.87828 9.87828 0
      vertex 8.5044 11.0831 0
    endloop
  endfacet
  facet normal 0.997859 -0.0653948 0
    outer loop
      vertex 13.8505 -1.82345 43.8965
      vertex 13.97 0 0
      vertex 13.97 0 45.72
    endloop
  endfacet
  facet normal 0.997859 -0.0653948 0
    outer loop
      vertex 13.97 0 0
      vertex 13.8505 -1.82345 43.8965
      vertex 13.8505 -1.82345 0
    endloop
  endfacet
  facet normal 0.442279 0.896877 -0
    outer loop
      vertex 6.985 12.0984 0
      vertex 5.34609 12.9066 45.72
      vertex 6.985 12.0984 45.72
    endloop
  endfacet
  facet normal 0.442279 0.896877 0
    outer loop
      vertex 5.34609 12.9066 45.72
      vertex 6.985 12.0984 0
      vertex 5.34609 12.9066 0
    endloop
  endfacet
  facet normal 0.751851 0.659333 0
    outer loop
      vertex 11.0831 8.5044 45.72
      vertex 9.87828 9.87828 0
      vertex 9.87828 9.87828 45.72
    endloop
  endfacet
  facet normal 0.751851 0.659333 0
    outer loop
      vertex 9.87828 9.87828 0
      vertex 11.0831 8.5044 45.72
      vertex 11.0831 8.5044 0
    endloop
  endfacet
  facet normal 0.751851 -0.659333 0
    outer loop
      vertex 9.87828 -9.87828 35.8417
      vertex 11.0831 -8.5044 0
      vertex 11.0831 -8.5044 37.2156
    endloop
  endfacet
  facet normal 0.751851 -0.659333 0
    outer loop
      vertex 11.0831 -8.5044 0
      vertex 9.87828 -9.87828 35.8417
      vertex 9.87828 -9.87828 0
    endloop
  endfacet
  facet normal -0.0653948 -0.997859 0
    outer loop
      vertex -1.82345 -13.8505 0
      vertex 0 -13.97 31.75
      vertex -1.82345 -13.8505 31.8695
    endloop
  endfacet
  facet normal -0.0653948 -0.997859 -0
    outer loop
      vertex 0 -13.97 31.75
      vertex -1.82345 -13.8505 0
      vertex 0 -13.97 0
    endloop
  endfacet
  facet normal -0.0653948 0.997859 0
    outer loop
      vertex 0 13.97 0
      vertex -1.82345 13.8505 45.72
      vertex 0 13.97 45.72
    endloop
  endfacet
  facet normal -0.0653948 0.997859 0
    outer loop
      vertex -1.82345 13.8505 45.72
      vertex 0 13.97 0
      vertex -1.82345 13.8505 0
    endloop
  endfacet
  facet normal -0.831452 -0.555596 -0
    outer loop
      vertex -11.0831 -8.5044 37.2156
      vertex -12.0984 -6.985 0
      vertex -11.0831 -8.5044 0
    endloop
  endfacet
  facet normal -0.831452 -0.555596 0
    outer loop
      vertex -12.0984 -6.985 0
      vertex -11.0831 -8.5044 37.2156
      vertex -12.0984 -6.985 38.735
    endloop
  endfacet
  facet normal 0.19509 0.980785 -0
    outer loop
      vertex 3.6157 13.494 0
      vertex 1.82345 13.8505 45.72
      vertex 3.6157 13.494 45.72
    endloop
  endfacet
  facet normal 0.19509 0.980785 0
    outer loop
      vertex 1.82345 13.8505 45.72
      vertex 3.6157 13.494 0
      vertex 1.82345 13.8505 0
    endloop
  endfacet
  facet normal 0.19509 -0.980785 0
    outer loop
      vertex 3.6157 -13.494 0
      vertex 1.82345 -13.8505 31.8695
      vertex 1.82345 -13.8505 0
    endloop
  endfacet
  facet normal 0.19509 -0.980785 0
    outer loop
      vertex 1.82345 -13.8505 31.8695
      vertex 3.6157 -13.494 0
      vertex 3.6157 -13.494 32.226
    endloop
  endfacet
  facet normal -0.751851 0.659333 0
    outer loop
      vertex -11.0831 8.5044 0
      vertex -9.87828 9.87828 45.72
      vertex -9.87828 9.87828 0
    endloop
  endfacet
  facet normal -0.751851 0.659333 0
    outer loop
      vertex -9.87828 9.87828 45.72
      vertex -11.0831 8.5044 0
      vertex -11.0831 8.5044 45.72
    endloop
  endfacet
  facet normal 0.896877 -0.442279 0
    outer loop
      vertex 12.0984 -6.985 38.735
      vertex 12.9066 -5.34609 0
      vertex 12.9066 -5.34609 40.3739
    endloop
  endfacet
  facet normal 0.896877 -0.442279 0
    outer loop
      vertex 12.9066 -5.34609 0
      vertex 12.0984 -6.985 38.735
      vertex 12.0984 -6.985 0
    endloop
  endfacet
  facet normal -0.896877 -0.442279 -0
    outer loop
      vertex -12.0984 -6.985 38.735
      vertex -12.9066 -5.34609 0
      vertex -12.0984 -6.985 0
    endloop
  endfacet
  facet normal -0.896877 -0.442279 0
    outer loop
      vertex -12.9066 -5.34609 0
      vertex -12.0984 -6.985 38.735
      vertex -12.9066 -5.34609 40.3739
    endloop
  endfacet
  facet normal 0.555596 0.831452 -0
    outer loop
      vertex 8.5044 11.0831 0
      vertex 6.985 12.0984 45.72
      vertex 8.5044 11.0831 45.72
    endloop
  endfacet
  facet normal 0.555596 0.831452 0
    outer loop
      vertex 6.985 12.0984 45.72
      vertex 8.5044 11.0831 0
      vertex 6.985 12.0984 0
    endloop
  endfacet
  facet normal 0.831452 -0.555596 0
    outer loop
      vertex 11.0831 -8.5044 37.2156
      vertex 12.0984 -6.985 0
      vertex 12.0984 -6.985 38.735
    endloop
  endfacet
  facet normal 0.831452 -0.555596 0
    outer loop
      vertex 12.0984 -6.985 0
      vertex 11.0831 -8.5044 37.2156
      vertex 11.0831 -8.5044 0
    endloop
  endfacet
  facet normal 0 0 -1
    outer loop
      vertex 13.8505 -1.82345 0
      vertex 13.8505 1.82345 0
      vertex 13.97 0 0
    endloop
  endfacet
  facet normal 0 0 -1
    outer loop
      vertex 13.494 -3.6157 0
      vertex 13.8505 1.82345 0
      vertex 13.8505 -1.82345 0
    endloop
  endfacet
  facet normal 0 0 -1
    outer loop
      vertex 13.494 -3.6157 0
      vertex 13.494 3.6157 0
      vertex 13.8505 1.82345 0
    endloop
  endfacet
  facet normal 0 0 -1
    outer loop
      vertex 12.9066 -5.34609 0
      vertex 13.494 3.6157 0
      vertex 13.494 -3.6157 0
    endloop
  endfacet
  facet normal 0 0 -1
    outer loop
      vertex 12.9066 -5.34609 0
      vertex 12.9066 5.34609 0
      vertex 13.494 3.6157 0
    endloop
  endfacet
  facet normal 0 0 -1
    outer loop
      vertex 12.0984 -6.985 0
      vertex 12.9066 5.34609 0
      vertex 12.9066 -5.34609 0
    endloop
  endfacet
  facet normal 0 0 -1
    outer loop
      vertex 12.0984 -6.985 0
      vertex 12.0984 6.985 0
      vertex 12.9066 5.34609 0
    endloop
  endfacet
  facet normal 0 0 -1
    outer loop
      vertex 11.0831 -8.5044 0
      vertex 12.0984 6.985 0
      vertex 12.0984 -6.985 0
    endloop
  endfacet
  facet normal 0 0 -1
    outer loop
      vertex 11.0831 -8.5044 0
      vertex 11.0831 8.5044 0
      vertex 12.0984 6.985 0
    endloop
  endfacet
  facet normal 0 0 -1
    outer loop
      vertex 9.87828 -9.87828 0
      vertex 11.0831 8.5044 0
      vertex 11.0831 -8.5044 0
    endloop
  endfacet
  facet normal 0 0 -1
    outer loop
      vertex 9.87828 -9.87828 0
      vertex 9.87828 9.87828 0
      vertex 11.0831 8.5044 0
    endloop
  endfacet
  facet normal 0 0 -1
    outer loop
      vertex 8.5044 -11.0831 0
      vertex 9.87828 9.87828 0
      vertex 9.87828 -9.87828 0
    endloop
  endfacet
  facet normal 0 0 -1
    outer loop
      vertex 8.5044 -11.0831 0
      vertex 8.5044 11.0831 0
      vertex 9.87828 9.87828 0
    endloop
  endfacet
  facet normal 0 0 -1
    outer loop
      vertex 6.985 -12.0984 0
      vertex 8.5044 11.0831 0
      vertex 8.5044 -11.0831 0
    endloop
  endfacet
  facet normal 0 0 -1
    outer loop
      vertex 6.985 -12.0984 0
      vertex 6.985 12.0984 0
      vertex 8.5044 11.0831 0
    endloop
  endfacet
  facet normal 0 0 -1
    outer loop
      vertex 5.34609 -12.9066 0
      vertex 6.985 12.0984 0
      vertex 6.985 -12.0984 0
    endloop
  endfacet
  facet normal 0 0 -1
    outer loop
      vertex 5.34609 -12.9066 0
      vertex 5.34609 12.9066 0
      vertex 6.985 12.0984 0
    endloop
  endfacet
  facet normal 0 0 -1
    outer loop
      vertex 3.6157 -13.494 0
      vertex 5.34609 12.9066 0
      vertex 5.34609 -12.9066 0
    endloop
  endfacet
  facet normal 0 0 -1
    outer loop
      vertex 3.6157 -13.494 0
      vertex 3.6157 13.494 0
      vertex 5.34609 12.9066 0
    endloop
  endfacet
  facet normal 0 0 -1
    outer loop
      vertex 1.82345 -13.8505 0
      vertex 3.6157 13.494 0
      vertex 3.6157 -13.494 0
    endloop
  endfacet
  facet normal 0 0 -1
    outer loop
      vertex 1.82345 -13.8505 0
      vertex 1.82345 13.8505 0
      vertex 3.6157 13.494 0
    endloop
  endfacet
  facet normal 0 0 -1
    outer loop
      vertex 0 -13.97 0
      vertex 1.82345 13.8505 0
      vertex 1.82345 -13.8505 0
    endloop
  endfacet
  facet normal 0 0 -1
    outer loop
      vertex 0 -13.97 0
      vertex 0 13.97 0
      vertex 1.82345 13.8505 0
    endloop
  endfacet
  facet normal 0 0 -1
    outer loop
      vertex -1.82345 -13.8505 0
      vertex 0 13.97 0
      vertex 0 -13.97 0
    endloop
  endfacet
  facet normal 0 0 -1
    outer loop
      vertex -1.82345 -13.8505 0
      vertex -1.82345 13.8505 0
      vertex 0 13.97 0
    endloop
  endfacet
  facet normal 0 0 -1
    outer loop
      vertex -3.6157 -13.494 0
      vertex -1.82345 13.8505 0
      vertex -1.82345 -13.8505 0
    endloop
  endfacet
  facet normal 0 0 -1
    outer loop
      vertex -3.6157 -13.494 0
      vertex -3.6157 13.494 0
      vertex -1.82345 13.8505 0
    endloop
  endfacet
  facet normal 0 0 -1
    outer loop
      vertex -5.34609 -12.9066 0
      vertex -3.6157 13.494 0
      vertex -3.6157 -13.494 0
    endloop
  endfacet
  facet normal 0 0 -1
    outer loop
      vertex -5.34609 -12.9066 0
      vertex -5.34609 12.9066 0
      vertex -3.6157 13.494 0
    endloop
  endfacet
  facet normal 0 0 -1
    outer loop
      vertex -6.985 -12.0984 0
      vertex -5.34609 12.9066 0
      vertex -5.34609 -12.9066 0
    endloop
  endfacet
  facet normal 0 0 -1
    outer loop
      vertex -6.985 -12.0984 0
      vertex -6.985 12.0984 0
      vertex -5.34609 12.9066 0
    endloop
  endfacet
  facet normal 0 0 -1
    outer loop
      vertex -8.5044 -11.0831 0
      vertex -6.985 12.0984 0
      vertex -6.985 -12.0984 0
    endloop
  endfacet
  facet normal 0 0 -1
    outer loop
      vertex -8.5044 -11.0831 0
      vertex -8.5044 11.0831 0
      vertex -6.985 12.0984 0
    endloop
  endfacet
  facet normal 0 0 -1
    outer loop
      vertex -9.87828 -9.87828 0
      vertex -8.5044 11.0831 0
      vertex -8.5044 -11.0831 0
    endloop
  endfacet
  facet normal 0 0 -1
    outer loop
      vertex -9.87828 -9.87828 0
      vertex -9.87828 9.87828 0
      vertex -8.5044 11.0831 0
    endloop
  endfacet
  facet normal 0 0 -1
    outer loop
      vertex -11.0831 -8.5044 0
      vertex -9.87828 9.87828 0
      vertex -9.87828 -9.87828 0
    endloop
  endfacet
  facet normal 0 0 -1
    outer loop
      vertex -11.0831 -8.5044 0
      vertex -11.0831 8.5044 0
      vertex -9.87828 9.87828 0
    endloop
  endfacet
  facet normal 0 0 -1
    outer loop
      vertex -12.0984 -6.985 0
      vertex -11.0831 8.5044 0
      vertex -11.0831 -8.5044 0
    endloop
  endfacet
  facet normal 0 0 -1
    outer loop
      vertex -12.0984 -6.985 0
      vertex -12.0984 6.985 0
      vertex -11.0831 8.5044 0
    endloop
  endfacet
  facet normal 0 0 -1
    outer loop
      vertex -12.9066 -5.34609 0
      vertex -12.0984 6.985 0
      vertex -12.0984 -6.985 0
    endloop
  endfacet
  facet normal 0 0 -1
    outer loop
      vertex -12.9066 -5.34609 0
      vertex -12.9066 5.34609 0
      vertex -12.0984 6.985 0
    endloop
  endfacet
  facet normal 0 0 -1
    outer loop
      vertex -13.494 -3.6157 0
      vertex -12.9066 5.34609 0
      vertex -12.9066 -5.34609 0
    endloop
  endfacet
  facet normal 0 0 -1
    outer loop
      vertex -13.494 -3.6157 0
      vertex -13.494 3.6157 0
      vertex -12.9066 5.34609 0
    endloop
  endfacet
  facet normal 0 0 -1
    outer loop
      vertex -13.8505 -1.82345 0
      vertex -13.494 3.6157 0
      vertex -13.494 -3.6157 0
    endloop
  endfacet
  facet normal 0 0 -1
    outer loop
      vertex -13.8505 -1.82345 0
      vertex -13.8505 1.82345 0
      vertex -13.494 3.6157 0
    endloop
  endfacet
  facet normal 0 -0 -1
    outer loop
      vertex -13.8505 1.82345 0
      vertex -13.8505 -1.82345 0
      vertex -13.97 0 0
    endloop
  endfacet
  facet normal -0.751851 -0.659333 -0
    outer loop
      vertex -9.87828 -9.87828 35.8417
      vertex -11.0831 -8.5044 0
      vertex -9.87828 -9.87828 0
    endloop
  endfacet
  facet normal -0.751851 -0.659333 0
    outer loop
      vertex -11.0831 -8.5044 0
      vertex -9.87828 -9.87828 35.8417
      vertex -11.0831 -8.5044 37.2156
    endloop
  endfacet
  facet normal -0.659333 0.751851 0
    outer loop
      vertex -8.5044 11.0831 0
      vertex -9.87828 9.87828 45.72
      vertex -8.5044 11.0831 45.72
    endloop
  endfacet
  facet normal -0.659333 0.751851 0
    outer loop
      vertex -9.87828 9.87828 45.72
      vertex -8.5044 11.0831 0
      vertex -9.87828 9.87828 0
    endloop
  endfacet
  facet normal 0.896877 0.442279 0
    outer loop
      vertex 12.9066 5.34609 45.72
      vertex 12.0984 6.985 0
      vertex 12.0984 6.985 45.72
    endloop
  endfacet
  facet normal 0.896877 0.442279 0
    outer loop
      vertex 12.0984 6.985 0
      vertex 12.9066 5.34609 45.72
      vertex 12.9066 5.34609 0
    endloop
  endfacet
  facet normal 0.321445 0.946928 -0
    outer loop
      vertex 5.34609 12.9066 0
      vertex 3.6157 13.494 45.72
      vertex 5.34609 12.9066 45.72
    endloop
  endfacet
  facet normal 0.321445 0.946928 0
    outer loop
      vertex 3.6157 13.494 45.72
      vertex 5.34609 12.9066 0
      vertex 3.6157 13.494 0
    endloop
  endfacet
  facet normal -0.980785 -0.19509 -0
    outer loop
      vertex -13.494 -3.6157 42.1043
      vertex -13.8505 -1.82345 0
      vertex -13.494 -3.6157 0
    endloop
  endfacet
  facet normal -0.980785 -0.19509 0
    outer loop
      vertex -13.8505 -1.82345 0
      vertex -13.494 -3.6157 42.1043
      vertex -13.8505 -1.82345 43.8965
    endloop
  endfacet
  facet normal -0.980785 0.19509 0
    outer loop
      vertex -13.8505 1.82345 0
      vertex -13.494 3.6157 45.72
      vertex -13.494 3.6157 0
    endloop
  endfacet
  facet normal -0.980785 0.19509 0
    outer loop
      vertex -13.494 3.6157 45.72
      vertex -13.8505 1.82345 0
      vertex -13.8505 1.82345 45.72
    endloop
  endfacet
  facet normal -0.659333 -0.751851 0
    outer loop
      vertex -9.87828 -9.87828 0
      vertex -8.5044 -11.0831 34.6369
      vertex -9.87828 -9.87828 35.8417
    endloop
  endfacet
  facet normal -0.659333 -0.751851 -0
    outer loop
      vertex -8.5044 -11.0831 34.6369
      vertex -9.87828 -9.87828 0
      vertex -8.5044 -11.0831 0
    endloop
  endfacet
  facet normal -0.896877 0.442279 0
    outer loop
      vertex -12.9066 5.34609 0
      vertex -12.0984 6.985 45.72
      vertex -12.0984 6.985 0
    endloop
  endfacet
  facet normal -0.896877 0.442279 0
    outer loop
      vertex -12.0984 6.985 45.72
      vertex -12.9066 5.34609 0
      vertex -12.9066 5.34609 45.72
    endloop
  endfacet
  facet normal -0.321445 -0.946928 0
    outer loop
      vertex -5.34609 -12.9066 0
      vertex -3.6157 -13.494 32.226
      vertex -5.34609 -12.9066 32.8134
    endloop
  endfacet
  facet normal -0.321445 -0.946928 -0
    outer loop
      vertex -3.6157 -13.494 32.226
      vertex -5.34609 -12.9066 0
      vertex -3.6157 -13.494 0
    endloop
  endfacet
  facet normal -0.997859 -0.0653948 -0
    outer loop
      vertex -13.8505 -1.82345 43.8965
      vertex -13.97 0 0
      vertex -13.8505 -1.82345 0
    endloop
  endfacet
  facet normal -0.997859 -0.0653948 0
    outer loop
      vertex -13.97 0 0
      vertex -13.8505 -1.82345 43.8965
      vertex -13.97 0 45.72
    endloop
  endfacet
  facet normal 0.0653948 0.997859 -0
    outer loop
      vertex 1.82345 13.8505 0
      vertex 0 13.97 45.72
      vertex 1.82345 13.8505 45.72
    endloop
  endfacet
  facet normal 0.0653948 0.997859 0
    outer loop
      vertex 0 13.97 45.72
      vertex 1.82345 13.8505 0
      vertex 0 13.97 0
    endloop
  endfacet
  facet normal -0.19509 -0.980785 0
    outer loop
      vertex -3.6157 -13.494 0
      vertex -1.82345 -13.8505 31.8695
      vertex -3.6157 -13.494 32.226
    endloop
  endfacet
  facet normal -0.19509 -0.980785 -0
    outer loop
      vertex -1.82345 -13.8505 31.8695
      vertex -3.6157 -13.494 0
      vertex -1.82345 -13.8505 0
    endloop
  endfacet
  facet normal -0.555596 -0.831452 0
    outer loop
      vertex -8.5044 -11.0831 0
      vertex -6.985 -12.0984 33.6216
      vertex -8.5044 -11.0831 34.6369
    endloop
  endfacet
  facet normal -0.555596 -0.831452 -0
    outer loop
      vertex -6.985 -12.0984 33.6216
      vertex -8.5044 -11.0831 0
      vertex -6.985 -12.0984 0
    endloop
  endfacet
  facet normal 0.0566303 0.864646 0.499179
    outer loop
      vertex 1.6354 12.4221 51.8988
      vertex 0 11.6156 53.4813
      vertex 1.51614 11.5163 53.4813
    endloop
  endfacet
  facet normal -0.989354 0.0648677 0.13027
    outer loop
      vertex -13.8804 0 47.0871
      vertex -13.8208 1.81955 46.6337
      vertex -13.9401 0 46.6337
    endloop
  endfacet
  facet normal -0.989362 0.0648546 0.130217
    outer loop
      vertex -13.7613 0 47.992
      vertex -13.8208 1.81955 46.6337
      vertex -13.8804 0 47.0871
    endloop
  endfacet
  facet normal -0.989353 0.0648946 0.13027
    outer loop
      vertex -13.8208 1.81955 46.6337
      vertex -13.7613 0 47.992
      vertex -13.7016 0 48.4454
    endloop
  endfacet
  facet normal 0.849826 0.169022 0.499226
    outer loop
      vertex 12.1024 3.24282 51.8988
      vertex 11.2198 3.00635 53.4813
      vertex 12.4221 1.6354 51.8988
    endloop
  endfacet
  facet normal -0.0983351 0.0862353 0.99141
    outer loop
      vertex -1.92716 1.92716 59.4216
      vertex -2.16221 1.65913 59.4216
      vertex -0.64607 0.64607 59.6601
    endloop
  endfacet
  facet normal 0.989361 -0.0647681 0.130271
    outer loop
      vertex 13.7613 0 47.992
      vertex 13.7016 0 48.4454
      vertex 13.7167 -0.23014 48.2163
    endloop
  endfacet
  facet normal 0.989352 -0.0648995 0.13027
    outer loop
      vertex 13.9401 0 46.6337
      vertex 13.8804 0 47.0871
      vertex 13.9101 -0.457331 46.6337
    endloop
  endfacet
  facet normal -0.947502 0.188496 0.258281
    outer loop
      vertex -13.2347 3.54623 48.4454
      vertex -13.5844 1.78841 48.4454
      vertex -12.7779 3.42382 50.2105
    endloop
  endfacet
  facet normal -0.259138 -0.0157926 0.965711
    outer loop
      vertex -4.16913 -0.490077 59.0261
      vertex -4.45209 -0.586128 58.9486
      vertex -4.18406 -0.550841 59.0211
    endloop
  endfacet
  facet normal -0.258826 -0.0169598 0.965775
    outer loop
      vertex -3.13204 -0.138032 59.3102
      vertex -2.7021 -0.355737 59.4216
      vertex -2.72541 0 59.4216
    endloop
  endfacet
  facet normal -0.258893 -0.0171025 0.965755
    outer loop
      vertex -2.7021 -0.355737 59.4216
      vertex -3.13204 -0.138032 59.3102
      vertex -3.06452 -0.403451 59.3236
    endloop
  endfacet
  facet normal 0.169089 0.849841 0.499179
    outer loop
      vertex 1.6354 12.4221 51.8988
      vertex 1.51614 11.5163 53.4813
      vertex 3.00635 11.2198 53.4813
    endloop
  endfacet
  facet normal -0.946935 0.321425 0
    outer loop
      vertex -13.4651 3.60796 45.72
      vertex -12.879 5.33464 46.6337
      vertex -12.879 5.33464 45.72
    endloop
  endfacet
  facet normal -0.946935 0.321425 0
    outer loop
      vertex -12.879 5.33464 46.6337
      vertex -13.4651 3.60796 45.72
      vertex -13.4651 3.60796 46.6337
    endloop
  endfacet
  facet normal 0.376251 -0.0748267 0.923491
    outer loop
      vertex 6.12591 -0.806491 58.2493
      vertex 6.02928 -0.793769 58.2897
      vertex 6.05461 -0.820674 58.2772
    endloop
  endfacet
  facet normal 0.375968 -0.0747778 0.92361
    outer loop
      vertex 4.45209 -0.586128 58.9486
      vertex 4.39746 -0.860797 58.9486
      vertex 4.68885 -0.617298 58.8497
    endloop
  endfacet
  facet normal -0.27852 0.820483 0.499233
    outer loop
      vertex -3.00635 11.2198 53.4813
      vertex -4.79476 11.5756 51.8988
      vertex -4.44511 10.7314 53.4813
    endloop
  endfacet
  facet normal -0.232615 0.114707 0.965781
    outer loop
      vertex -2.36028 1.36271 59.4216
      vertex -3.8889 2.24525 58.9486
      vertex -2.51795 1.04297 59.4216
    endloop
  endfacet
  facet normal -0.0250766 0.382563 0.923589
    outer loop
      vertex 0 6.17877 58.2493
      vertex -0.586128 4.45209 58.9486
      vertex 0 4.49051 58.9486
    endloop
  endfacet
  facet normal 0.947502 0.188496 0.258281
    outer loop
      vertex 13.2347 3.54623 48.4454
      vertex 12.7779 3.42382 50.2105
      vertex 13.5844 1.78841 48.4454
    endloop
  endfacet
  facet normal 0.777113 0.383243 0.499219
    outer loop
      vertex 10.8507 6.26466 51.8988
      vertex 10.0594 5.80781 53.4813
      vertex 11.5756 4.79476 51.8988
    endloop
  endfacet
  facet normal -0.0833727 0.245594 0.965781
    outer loop
      vertex -0.705388 2.63255 59.4216
      vertex -1.16223 4.3375 58.9486
      vertex -1.04297 2.51795 59.4216
    endloop
  endfacet
  facet normal 0.651456 0.571314 0.499205
    outer loop
      vertex 9.94017 7.62736 51.8988
      vertex 8.21349 8.21349 53.4813
      vertex 9.2153 7.07115 53.4813
    endloop
  endfacet
  facet normal 0.694815 0.609357 0.38199
    outer loop
      vertex 10.495 8.05307 50.2105
      vertex 9.35404 9.35404 50.2105
      vertex 9.94017 7.62736 51.8988
    endloop
  endfacet
  facet normal 0.653725 0.745438 0.130255
    outer loop
      vertex 9.85713 9.85713 46.6337
      vertex 8.48619 11.0594 46.6337
      vertex 9.68847 9.68847 48.4454
    endloop
  endfacet
  facet normal -0.375968 -0.0747778 0.92361
    outer loop
      vertex -4.45209 -0.586128 58.9486
      vertex -4.68885 -0.617298 58.8497
      vertex -4.39746 -0.860797 58.9486
    endloop
  endfacet
  facet normal -0.376251 -0.0748267 0.923491
    outer loop
      vertex -6.02928 -0.793769 58.2897
      vertex -6.12591 -0.806491 58.2493
      vertex -6.05461 -0.820674 58.2772
    endloop
  endfacet
  facet normal -0.670292 0.227528 0.706357
    outer loop
      vertex -9.70369 4.0194 54.9311
      vertex -10.1453 2.71843 54.9311
      vertex -8.8972 2.384 56.2232
    endloop
  endfacet
  facet normal -0.0654252 0.997857 0
    outer loop
      vertex 0 13.9401 45.72
      vertex -1.81955 13.8208 46.6337
      vertex 0 13.9401 46.6337
    endloop
  endfacet
  facet normal -0.0654252 0.997857 0
    outer loop
      vertex -1.81955 13.8208 46.6337
      vertex 0 13.9401 45.72
      vertex -1.81955 13.8208 45.72
    endloop
  endfacet
  facet normal -0.938862 0.318702 0.130257
    outer loop
      vertex -12.6586 5.24336 48.4454
      vertex -13.4651 3.60796 46.6337
      vertex -13.2347 3.54623 48.4454
    endloop
  endfacet
  facet normal 0.963966 0.0632495 0.258396
    outer loop
      vertex 13.347 0 49.7688
      vertex 13.5844 1.78841 48.4454
      vertex 13.2286 0 50.2105
    endloop
  endfacet
  facet normal 0.964004 0.0631569 0.258278
    outer loop
      vertex 13.5832 0 48.8872
      vertex 13.5844 1.78841 48.4454
      vertex 13.347 0 49.7688
    endloop
  endfacet
  facet normal 0.963986 0.0631729 0.258343
    outer loop
      vertex 13.5844 1.78841 48.4454
      vertex 13.5832 0 48.8872
      vertex 13.7016 0 48.4454
    endloop
  endfacet
  facet normal -0.0250744 0.382562 0.923589
    outer loop
      vertex 0 6.17877 58.2493
      vertex -0.806491 6.12591 58.2493
      vertex -0.586128 4.45209 58.9486
    endloop
  endfacet
  facet normal -0.777114 0.383225 0.499232
    outer loop
      vertex -10.0594 5.80781 53.4813
      vertex -11.5756 4.79476 51.8988
      vertex -10.7314 4.44511 53.4813
    endloop
  endfacet
  facet normal 0.0327544 0.499738 0.865557
    outer loop
      vertex 1.01305 7.69492 57.3356
      vertex 0 6.17877 58.2493
      vertex 0.806491 6.12591 58.2493
    endloop
  endfacet
  facet normal 0.82887 0.408768 0.381947
    outer loop
      vertex 12.2216 5.06237 50.2105
      vertex 10.8507 6.26466 51.8988
      vertex 11.5756 4.79476 51.8988
    endloop
  endfacet
  facet normal 0.670288 0.227532 0.706359
    outer loop
      vertex 9.70369 4.0194 54.9311
      vertex 8.50991 3.52492 56.2232
      vertex 8.8972 2.384 56.2232
    endloop
  endfacet
  facet normal 0.82049 0.278512 0.499226
    outer loop
      vertex 11.5756 4.79476 51.8988
      vertex 11.2198 3.00635 53.4813
      vertex 12.1024 3.24282 51.8988
    endloop
  endfacet
  facet normal -0.989364 0.0648361 0.130212
    outer loop
      vertex -13.5844 1.78841 48.4454
      vertex -13.8208 1.81955 46.6337
      vertex -13.7016 0 48.4454
    endloop
  endfacet
  facet normal -0.97243 0.193455 0.130213
    outer loop
      vertex -13.2347 3.54623 48.4454
      vertex -13.8208 1.81955 46.6337
      vertex -13.5844 1.78841 48.4454
    endloop
  endfacet
  facet normal -0.653725 0.745438 0.130255
    outer loop
      vertex -8.48619 11.0594 46.6337
      vertex -9.85713 9.85713 46.6337
      vertex -9.68847 9.68847 48.4454
    endloop
  endfacet
  facet normal -0.491188 0.0976999 0.865557
    outer loop
      vertex -5.96824 1.59918 58.2493
      vertex -7.69492 1.01305 57.3356
      vertex -6.12591 0.806491 58.2493
    endloop
  endfacet
  facet normal -0.792379 -0.0518298 0.607823
    outer loop
      vertex -11.4305 -0.211122 53.7046
      vertex -11.6156 0 53.4813
      vertex -11.5797 -0.548843 53.4813
    endloop
  endfacet
  facet normal -0.947499 0.188423 0.258347
    outer loop
      vertex -12.7779 3.42382 50.2105
      vertex -13.5844 1.78841 48.4454
      vertex -13.1154 1.72668 50.2105
    endloop
  endfacet
  facet normal -0.989352 -0.0648995 0.13027
    outer loop
      vertex -13.8804 0 47.0871
      vertex -13.9401 0 46.6337
      vertex -13.9101 -0.457331 46.6337
    endloop
  endfacet
  facet normal -0.989361 -0.0647681 0.130271
    outer loop
      vertex -13.7016 0 48.4454
      vertex -13.7613 0 47.992
      vertex -13.7167 -0.23014 48.2163
    endloop
  endfacet
  facet normal -0.12385 0.0420417 0.99141
    outer loop
      vertex -0.844131 0.34965 59.6601
      vertex -2.63255 0.705388 59.4216
      vertex -0.882548 0.236478 59.6601
    endloop
  endfacet
  facet normal 0.215647 0.144097 0.965781
    outer loop
      vertex 3.8889 2.24525 58.9486
      vertex 2.16221 1.65913 59.4216
      vertex 2.36028 1.36271 59.4216
    endloop
  endfacet
  facet normal 0.442293 0.896871 -0
    outer loop
      vertex 6.97004 12.0725 45.72
      vertex 5.33464 12.879 46.6337
      vertex 6.97004 12.0725 46.6337
    endloop
  endfacet
  facet normal 0.442293 0.896871 0
    outer loop
      vertex 5.33464 12.879 46.6337
      vertex 6.97004 12.0725 45.72
      vertex 5.33464 12.879 45.72
    endloop
  endfacet
  facet normal -0.866444 0.427265 0.258303
    outer loop
      vertex -11.8659 6.85078 48.4454
      vertex -12.2216 5.06237 50.2105
      vertex -11.4563 6.61431 50.2105
    endloop
  endfacet
  facet normal 0.441125 0.660187 0.607916
    outer loop
      vertex 5.80781 10.0594 53.4813
      vertex 5.2516 9.09604 54.9311
      vertex 6.39394 8.33275 54.9311
    endloop
  endfacet
  facet normal 0.383225 0.777114 0.499232
    outer loop
      vertex 4.79476 11.5756 51.8988
      vertex 4.44511 10.7314 53.4813
      vertex 5.80781 10.0594 53.4813
    endloop
  endfacet
  facet normal 0.255218 0.751864 0.607918
    outer loop
      vertex 3.00635 11.2198 53.4813
      vertex 2.71843 10.1453 54.9311
      vertex 4.0194 9.70369 54.9311
    endloop
  endfacet
  facet normal 0.745438 0.653725 0.130255
    outer loop
      vertex 9.85713 9.85713 46.6337
      vertex 9.68847 9.68847 48.4454
      vertex 11.0594 8.48619 46.6337
    endloop
  endfacet
  facet normal 0.875124 0.297111 0.381946
    outer loop
      vertex 12.2216 5.06237 50.2105
      vertex 11.5756 4.79476 51.8988
      vertex 12.7779 3.42382 50.2105
    endloop
  endfacet
  facet normal 0.51344 0.768415 0.381992
    outer loop
      vertex 8.05307 10.495 50.2105
      vertex 6.26466 10.8507 51.8988
      vertex 7.62736 9.94017 51.8988
    endloop
  endfacet
  facet normal 0.875123 0.297057 0.38199
    outer loop
      vertex 12.7779 3.42382 50.2105
      vertex 11.5756 4.79476 51.8988
      vertex 12.1024 3.24282 51.8988
    endloop
  endfacet
  facet normal 0.97243 0.193455 0.130213
    outer loop
      vertex 13.8208 1.81955 46.6337
      vertex 13.2347 3.54623 48.4454
      vertex 13.5844 1.78841 48.4454
    endloop
  endfacet
  facet normal 0.546709 0.269608 0.79273
    outer loop
      vertex 7.97701 4.60553 56.2232
      vertex 7.17052 2.97013 57.3356
      vertex 8.50991 3.52492 56.2232
    endloop
  endfacet
  facet normal 0.751864 0.255218 0.607918
    outer loop
      vertex 11.2198 3.00635 53.4813
      vertex 9.70369 4.0194 54.9311
      vertex 10.1453 2.71843 54.9311
    endloop
  endfacet
  facet normal 0.653737 0.74543 0.130241
    outer loop
      vertex 8.48619 11.0594 46.6337
      vertex 8.34099 10.8702 48.4454
      vertex 9.68847 9.68847 48.4454
    endloop
  endfacet
  facet normal -0.130466 -0.00855047 0.991416
    outer loop
      vertex -0.913681 0 59.6601
      vertex -1.35538 -0.0897964 59.6012
      vertex -0.905865 -0.119259 59.6601
    endloop
  endfacet
  facet normal -0.130535 -0.00820462 0.99141
    outer loop
      vertex -1.35538 -0.0897964 59.6012
      vertex -0.913681 0 59.6601
      vertex -1.3671 0 59.6004
    endloop
  endfacet
  facet normal -0.130533 -0.0101695 0.991392
    outer loop
      vertex -2.27199 0 59.4813
      vertex -2.72541 0 59.4216
      vertex -2.27577 -0.0294706 59.4805
    endloop
  endfacet
  facet normal -0.128278 0.0255161 0.99141
    outer loop
      vertex -2.63255 0.705388 59.4216
      vertex -2.7021 0.355737 59.4216
      vertex -0.905865 0.119259 59.6601
    endloop
  endfacet
  facet normal -0.922194 0.0604519 0.381974
    outer loop
      vertex -13.0536 0 50.633
      vertex -12.4221 1.6354 51.8988
      vertex -13.2286 0 50.2105
    endloop
  endfacet
  facet normal -0.922178 0.0604123 0.382017
    outer loop
      vertex -12.7043 0 51.4762
      vertex -12.4221 1.6354 51.8988
      vertex -13.0536 0 50.633
    endloop
  endfacet
  facet normal -0.922226 0.0604516 0.381897
    outer loop
      vertex -12.4221 1.6354 51.8988
      vertex -12.7043 0 51.4762
      vertex -12.5293 0 51.8988
    endloop
  endfacet
  facet normal -0.824374 0.550851 0.13027
    outer loop
      vertex -11.0594 8.48619 46.6337
      vertex -12.0725 6.97004 46.6337
      vertex -11.8659 6.85078 48.4454
    endloop
  endfacet
  facet normal -0.318686 0.938865 0.130273
    outer loop
      vertex -3.60796 13.4651 46.6337
      vertex -5.33464 12.879 46.6337
      vertex -5.24336 12.6586 48.4454
    endloop
  endfacet
  facet normal -0.382546 0.0250754 0.923596
    outer loop
      vertex -4.45209 0.586128 58.9486
      vertex -4.91302 0 58.7736
      vertex -4.49051 0 58.9486
    endloop
  endfacet
  facet normal -0.38258 0.0251071 0.923581
    outer loop
      vertex -4.45209 0.586128 58.9486
      vertex -5.75626 0 58.4243
      vertex -4.91302 0 58.7736
    endloop
  endfacet
  facet normal -0.382546 0.0250167 0.923598
    outer loop
      vertex -5.75626 0 58.4243
      vertex -4.45209 0.586128 58.9486
      vertex -6.17877 0 58.2493
    endloop
  endfacet
  facet normal -0.363036 0.123237 0.923589
    outer loop
      vertex -5.70844 2.36451 58.2493
      vertex -5.96824 1.59918 58.2493
      vertex -4.3375 1.16223 58.9486
    endloop
  endfacet
  facet normal -0.864568 0.0566722 0.49931
    outer loop
      vertex -12.3006 0 52.2948
      vertex -12.4221 1.6354 51.8988
      vertex -12.5293 0 51.8988
    endloop
  endfacet
  facet normal -0.864681 0.0566177 0.49912
    outer loop
      vertex -11.8443 0 53.0853
      vertex -12.4221 1.6354 51.8988
      vertex -12.3006 0 52.2948
    endloop
  endfacet
  facet normal -0.864562 0.0567953 0.499306
    outer loop
      vertex -12.4221 1.6354 51.8988
      vertex -11.8443 0 53.0853
      vertex -11.6156 0 53.4813
    endloop
  endfacet
  facet normal -0.82049 0.278512 0.499226
    outer loop
      vertex -11.5756 4.79476 51.8988
      vertex -12.1024 3.24282 51.8988
      vertex -11.2198 3.00635 53.4813
    endloop
  endfacet
  facet normal -0.906426 0.180255 0.381969
    outer loop
      vertex -12.7779 3.42382 50.2105
      vertex -13.1154 1.72668 50.2105
      vertex -12.4221 1.6354 51.8988
    endloop
  endfacet
  facet normal -0.989344 -0.064852 0.130354
    outer loop
      vertex -13.7016 0 48.4454
      vertex -13.7167 -0.23014 48.2163
      vertex -13.6711 -0.46529 48.4454
    endloop
  endfacet
  facet normal 0.254459 -0.0507727 0.96575
    outer loop
      vertex 2.7021 -0.355737 59.4216
      vertex 2.82961 -0.692472 59.3703
      vertex 3.06452 -0.403451 59.3236
    endloop
  endfacet
  facet normal 0.254715 -0.0506661 0.965688
    outer loop
      vertex 2.82961 -0.692472 59.3703
      vertex 2.7021 -0.355737 59.4216
      vertex 2.63255 -0.705388 59.4216
    endloop
  endfacet
  facet normal 0.254356 -0.0521075 0.965706
    outer loop
      vertex 4.45209 -0.586128 58.9486
      vertex 4.18406 -0.550841 59.0211
      vertex 4.21888 -0.601414 59.0092
    endloop
  endfacet
  facet normal -0.59786 0.118922 0.79273
    outer loop
      vertex -8.8972 2.384 56.2232
      vertex -9.13226 1.20228 56.2232
      vertex -7.69492 1.01305 57.3356
    endloop
  endfacet
  facet normal -0.751864 0.255218 0.607918
    outer loop
      vertex -9.70369 4.0194 54.9311
      vertex -11.2198 3.00635 53.4813
      vertex -10.1453 2.71843 54.9311
    endloop
  endfacet
  facet normal 0.792379 -0.0518298 0.607823
    outer loop
      vertex 11.6156 0 53.4813
      vertex 11.4305 -0.211122 53.7046
      vertex 11.5797 -0.548843 53.4813
    endloop
  endfacet
  facet normal 0.906426 0.180255 0.381969
    outer loop
      vertex 12.7779 3.42382 50.2105
      vertex 12.4221 1.6354 51.8988
      vertex 13.1154 1.72668 50.2105
    endloop
  endfacet
  facet normal 0.382546 0.0250167 0.923598
    outer loop
      vertex 4.45209 0.586128 58.9486
      vertex 5.75626 0 58.4243
      vertex 6.17877 0 58.2493
    endloop
  endfacet
  facet normal 0.38258 0.0251071 0.923581
    outer loop
      vertex 5.75626 0 58.4243
      vertex 4.45209 0.586128 58.9486
      vertex 4.91302 0 58.7736
    endloop
  endfacet
  facet normal 0.382546 0.0250754 0.923596
    outer loop
      vertex 4.91302 0 58.7736
      vertex 4.45209 0.586128 58.9486
      vertex 4.49051 0 58.9486
    endloop
  endfacet
  facet normal 0.694264 0.138098 0.706347
    outer loop
      vertex 10.4133 1.37094 54.9311
      vertex 8.8972 2.384 56.2232
      vertex 9.13226 1.20228 56.2232
    endloop
  endfacet
  facet normal 0.490821 -0.0975863 0.865778
    outer loop
      vertex 6.12591 -0.806491 58.2493
      vertex 6.11115 -0.880728 58.2493
      vertex 6.20756 -0.81724 58.2018
    endloop
  endfacet
  facet normal 0.532191 0.466722 0.706359
    outer loop
      vertex 7.42688 7.42688 54.9311
      vertex 6.5132 6.5132 56.2232
      vertex 8.33275 6.39394 54.9311
    endloop
  endfacet
  facet normal 0.491189 0.0977071 0.865555
    outer loop
      vertex 7.49685 2.00878 57.3356
      vertex 5.96824 1.59918 58.2493
      vertex 7.69492 1.01305 57.3356
    endloop
  endfacet
  facet normal 0.195071 0.980789 -0
    outer loop
      vertex 3.60796 13.4651 45.72
      vertex 1.81955 13.8208 46.6337
      vertex 3.60796 13.4651 46.6337
    endloop
  endfacet
  facet normal 0.195071 0.980789 0
    outer loop
      vertex 1.81955 13.8208 46.6337
      vertex 3.60796 13.4651 45.72
      vertex 1.81955 13.8208 45.72
    endloop
  endfacet
  facet normal 0.0604495 0.922193 0.381976
    outer loop
      vertex 0 13.2286 50.2105
      vertex 0 12.5293 51.8988
      vertex 1.6354 12.4221 51.8988
    endloop
  endfacet
  facet normal 0.466722 0.532191 0.706359
    outer loop
      vertex 7.42688 7.42688 54.9311
      vertex 6.39394 8.33275 54.9311
      vertex 6.5132 6.5132 56.2232
    endloop
  endfacet
  facet normal 0.69483 0.609349 0.381976
    outer loop
      vertex 9.35404 9.35404 50.2105
      vertex 8.85956 8.85956 51.8988
      vertex 9.94017 7.62736 51.8988
    endloop
  endfacet
  facet normal 0.720465 0.481378 0.499204
    outer loop
      vertex 9.94017 7.62736 51.8988
      vertex 9.2153 7.07115 53.4813
      vertex 10.0594 5.80781 53.4813
    endloop
  endfacet
  facet normal 0.0648679 0.989358 0.130243
    outer loop
      vertex 0 13.9401 46.6337
      vertex 0 13.7016 48.4454
      vertex 1.81955 13.8208 46.6337
    endloop
  endfacet
  facet normal 0.0654252 0.997857 -0
    outer loop
      vertex 1.81955 13.8208 45.72
      vertex 0 13.9401 46.6337
      vertex 1.81955 13.8208 46.6337
    endloop
  endfacet
  facet normal 0.0654252 0.997857 0
    outer loop
      vertex 0 13.9401 46.6337
      vertex 1.81955 13.8208 45.72
      vertex 0 13.9401 45.72
    endloop
  endfacet
  facet normal 0.180277 0.906413 0.381989
    outer loop
      vertex 3.42382 12.7779 50.2105
      vertex 1.6354 12.4221 51.8988
      vertex 3.24282 12.1024 51.8988
    endloop
  endfacet
  facet normal -0.351176 0.71212 0.607915
    outer loop
      vertex -4.0194 9.70369 54.9311
      vertex -5.80781 10.0594 53.4813
      vertex -5.2516 9.09604 54.9311
    endloop
  endfacet
  facet normal 0.963983 0.0631981 0.258347
    outer loop
      vertex 13.5844 1.78841 48.4454
      vertex 13.1154 1.72668 50.2105
      vertex 13.2286 0 50.2105
    endloop
  endfacet
  facet normal 0.947499 0.188423 0.258347
    outer loop
      vertex 13.5844 1.78841 48.4454
      vertex 12.7779 3.42382 50.2105
      vertex 13.1154 1.72668 50.2105
    endloop
  endfacet
  facet normal 0.712122 0.351175 0.607914
    outer loop
      vertex 10.0594 5.80781 53.4813
      vertex 9.70369 4.0194 54.9311
      vertex 10.7314 4.44511 53.4813
    endloop
  endfacet
  facet normal 0.792348 -0.0519549 0.607853
    outer loop
      vertex 10.5032 0 54.9311
      vertex 10.4634 -0.606978 54.9311
      vertex 10.7816 0 54.5682
    endloop
  endfacet
  facet normal 0.792282 -0.0515902 0.60797
    outer loop
      vertex 11.6156 0 53.4813
      vertex 11.3372 0 53.8441
      vertex 11.4305 -0.211122 53.7046
    endloop
  endfacet
  facet normal -0.751843 0.659342 0
    outer loop
      vertex -11.0594 8.48619 45.72
      vertex -9.85713 9.85713 46.6337
      vertex -9.85713 9.85713 45.72
    endloop
  endfacet
  facet normal -0.751843 0.659342 0
    outer loop
      vertex -9.85713 9.85713 46.6337
      vertex -11.0594 8.48619 45.72
      vertex -11.0594 8.48619 46.6337
    endloop
  endfacet
  facet normal -0.896871 0.442293 0
    outer loop
      vertex -12.879 5.33464 45.72
      vertex -12.0725 6.97004 46.6337
      vertex -12.0725 6.97004 45.72
    endloop
  endfacet
  facet normal -0.896871 0.442293 0
    outer loop
      vertex -12.0725 6.97004 46.6337
      vertex -12.879 5.33464 45.72
      vertex -12.879 5.33464 46.6337
    endloop
  endfacet
  facet normal -0.571312 0.651457 0.499206
    outer loop
      vertex -7.62736 9.94017 51.8988
      vertex -8.85956 8.85956 51.8988
      vertex -8.21349 8.21349 53.4813
    endloop
  endfacet
  facet normal -0.726316 0.636984 0.258294
    outer loop
      vertex -9.35404 9.35404 50.2105
      vertex -10.8702 8.34099 48.4454
      vertex -10.495 8.05307 50.2105
    endloop
  endfacet
  facet normal -0.609349 0.69483 0.381976
    outer loop
      vertex -7.62736 9.94017 51.8988
      vertex -9.35404 9.35404 50.2105
      vertex -8.85956 8.85956 51.8988
    endloop
  endfacet
  facet normal -0.745438 0.653725 0.130255
    outer loop
      vertex -9.85713 9.85713 46.6337
      vertex -11.0594 8.48619 46.6337
      vertex -9.68847 9.68847 48.4454
    endloop
  endfacet
  facet normal -0.401921 0.458302 0.792729
    outer loop
      vertex -4.72479 6.15747 57.3356
      vertex -6.5132 6.5132 56.2232
      vertex -5.48808 5.48808 57.3356
    endloop
  endfacet
  facet normal -0.160983 0.474232 0.865557
    outer loop
      vertex -1.59918 5.96824 58.2493
      vertex -2.97013 7.17052 57.3356
      vertex -2.36451 5.70844 58.2493
    endloop
  endfacet
  facet normal -0.670288 0.227532 0.706359
    outer loop
      vertex -8.50991 3.52492 56.2232
      vertex -9.70369 4.0194 54.9311
      vertex -8.8972 2.384 56.2232
    endloop
  endfacet
  facet normal -0.864646 0.0566303 0.499179
    outer loop
      vertex -11.5163 1.51614 53.4813
      vertex -12.4221 1.6354 51.8988
      vertex -11.6156 0 53.4813
    endloop
  endfacet
  facet normal -0.82887 0.408768 0.381947
    outer loop
      vertex -10.8507 6.26466 51.8988
      vertex -12.2216 5.06237 50.2105
      vertex -11.5756 4.79476 51.8988
    endloop
  endfacet
  facet normal -0.963985 -0.0631897 0.258343
    outer loop
      vertex -13.5832 0 48.8872
      vertex -13.7016 0 48.4454
      vertex -13.6711 -0.46529 48.4454
    endloop
  endfacet
  facet normal -0.963977 -0.0630759 0.258399
    outer loop
      vertex -13.2286 0 50.2105
      vertex -13.347 0 49.7688
      vertex -13.2748 -0.232064 49.9815
    endloop
  endfacet
  facet normal -0.963986 0.0631729 0.258343
    outer loop
      vertex -13.5832 0 48.8872
      vertex -13.5844 1.78841 48.4454
      vertex -13.7016 0 48.4454
    endloop
  endfacet
  facet normal -0.964004 0.0631569 0.258278
    outer loop
      vertex -13.347 0 49.7688
      vertex -13.5844 1.78841 48.4454
      vertex -13.5832 0 48.8872
    endloop
  endfacet
  facet normal -0.963966 0.0632495 0.258396
    outer loop
      vertex -13.5844 1.78841 48.4454
      vertex -13.347 0 49.7688
      vertex -13.2286 0 50.2105
    endloop
  endfacet
  facet normal -0.849826 0.169022 0.499226
    outer loop
      vertex -12.1024 3.24282 51.8988
      vertex -12.4221 1.6354 51.8988
      vertex -11.2198 3.00635 53.4813
    endloop
  endfacet
  facet normal -0.997855 -0.0654573 -0
    outer loop
      vertex -13.9401 0 46.6337
      vertex -13.9401 0 46.1764
      vertex -13.9101 -0.457331 46.6337
    endloop
  endfacet
  facet normal 0.0255168 0.128278 0.99141
    outer loop
      vertex 0.705388 2.63255 59.4216
      vertex 0.119259 0.905865 59.6601
      vertex 0.236478 0.882548 59.6601
    endloop
  endfacet
  facet normal 0.768415 0.51344 0.381992
    outer loop
      vertex 10.495 8.05307 50.2105
      vertex 9.94017 7.62736 51.8988
      vertex 10.8507 6.26466 51.8988
    endloop
  endfacet
  facet normal 0.864562 0.0567953 0.499306
    outer loop
      vertex 11.8443 0 53.0853
      vertex 12.4221 1.6354 51.8988
      vertex 11.6156 0 53.4813
    endloop
  endfacet
  facet normal 0.864681 0.0566177 0.49912
    outer loop
      vertex 12.3006 0 52.2948
      vertex 12.4221 1.6354 51.8988
      vertex 11.8443 0 53.0853
    endloop
  endfacet
  facet normal 0.864568 0.0566722 0.49931
    outer loop
      vertex 12.4221 1.6354 51.8988
      vertex 12.3006 0 52.2948
      vertex 12.5293 0 51.8988
    endloop
  endfacet
  facet normal 0.608333 -0.0398682 0.79268
    outer loop
      vertex 9.21106 0 56.2232
      vertex 8.93334 -0.185564 56.427
      vertex 9.1657 -0.692131 56.2232
    endloop
  endfacet
  facet normal 0.670292 0.227528 0.706357
    outer loop
      vertex 9.70369 4.0194 54.9311
      vertex 8.8972 2.384 56.2232
      vertex 10.1453 2.71843 54.9311
    endloop
  endfacet
  facet normal 0.706372 0.0462589 0.706328
    outer loop
      vertex 9.53444 0 55.8998
      vertex 10.4133 1.37094 54.9311
      vertex 9.21106 0 56.2232
    endloop
  endfacet
  facet normal 0.706372 0.0462588 0.706328
    outer loop
      vertex 10.1798 0 55.2544
      vertex 10.4133 1.37094 54.9311
      vertex 9.53444 0 55.8998
    endloop
  endfacet
  facet normal 0.706239 0.0463119 0.706457
    outer loop
      vertex 10.4133 1.37094 54.9311
      vertex 10.1798 0 55.2544
      vertex 10.5032 0 54.9311
    endloop
  endfacet
  facet normal 0.751865 0.255227 0.607913
    outer loop
      vertex 10.7314 4.44511 53.4813
      vertex 9.70369 4.0194 54.9311
      vertex 11.2198 3.00635 53.4813
    endloop
  endfacet
  facet normal 0.651457 0.571312 0.499206
    outer loop
      vertex 8.85956 8.85956 51.8988
      vertex 8.21349 8.21349 53.4813
      vertex 9.94017 7.62736 51.8988
    endloop
  endfacet
  facet normal 0.577223 0.195941 0.79273
    outer loop
      vertex 8.50991 3.52492 56.2232
      vertex 7.17052 2.97013 57.3356
      vertex 8.8972 2.384 56.2232
    endloop
  endfacet
  facet normal 0.634854 0.313077 0.706359
    outer loop
      vertex 9.70369 4.0194 54.9311
      vertex 7.97701 4.60553 56.2232
      vertex 8.50991 3.52492 56.2232
    endloop
  endfacet
  facet normal 0.499604 -0.0327457 0.865635
    outer loop
      vertex 6.12591 -0.806491 58.2493
      vertex 6.48337 -0.203524 58.0658
      vertex 6.17877 0 58.2493
    endloop
  endfacet
  facet normal 0.499377 -0.0325689 0.865773
    outer loop
      vertex 6.48337 -0.203524 58.0658
      vertex 6.12591 -0.806491 58.2493
      vertex 6.20756 -0.81724 58.2018
    endloop
  endfacet
  facet normal 0.258763 -0.0169616 0.965792
    outer loop
      vertex 4.49051 0 58.9486
      vertex 4.16913 -0.490077 59.0261
      vertex 4.45209 -0.586128 58.9486
    endloop
  endfacet
  facet normal 0.258855 -0.0170259 0.965766
    outer loop
      vertex 4.16913 -0.490077 59.0261
      vertex 4.49051 0 58.9486
      vertex 4.04877 0 59.067
    endloop
  endfacet
  facet normal 0.25885 -0.0168833 0.96577
    outer loop
      vertex 3.16716 0 59.3032
      vertex 2.72541 0 59.4216
      vertex 3.13204 -0.138032 59.3102
    endloop
  endfacet
  facet normal 0.245595 0.0833691 0.965781
    outer loop
      vertex 4.14869 1.71844 58.9486
      vertex 2.51795 1.04297 59.4216
      vertex 4.3375 1.16223 58.9486
    endloop
  endfacet
  facet normal 0.130511 0.00855187 0.99141
    outer loop
      vertex 2.7021 0.355737 59.4216
      vertex 0.905865 0.119259 59.6601
      vertex 2.72541 0 59.4216
    endloop
  endfacet
  facet normal 0.330208 0.376529 0.865557
    outer loop
      vertex 4.72479 6.15747 57.3356
      vertex 3.7614 4.90195 58.2493
      vertex 5.48808 5.48808 57.3356
    endloop
  endfacet
  facet normal 0.215649 0.144093 0.965781
    outer loop
      vertex 3.56256 2.73365 58.9486
      vertex 2.16221 1.65913 59.4216
      vertex 3.8889 2.24525 58.9486
    endloop
  endfacet
  facet normal 0.180255 0.906426 0.381969
    outer loop
      vertex 1.72668 13.1154 50.2105
      vertex 1.6354 12.4221 51.8988
      vertex 3.42382 12.7779 50.2105
    endloop
  endfacet
  facet normal 0.481378 0.720465 0.499204
    outer loop
      vertex 7.62736 9.94017 51.8988
      vertex 5.80781 10.0594 53.4813
      vertex 7.07115 9.2153 53.4813
    endloop
  endfacet
  facet normal 0.571314 0.651456 0.499205
    outer loop
      vertex 7.62736 9.94017 51.8988
      vertex 7.07115 9.2153 53.4813
      vertex 8.21349 8.21349 53.4813
    endloop
  endfacet
  facet normal 0.393263 0.588557 0.70636
    outer loop
      vertex 5.2516 9.09604 54.9311
      vertex 4.60553 7.97701 56.2232
      vertex 6.39394 8.33275 54.9311
    endloop
  endfacet
  facet normal 0.313074 0.634854 0.70636
    outer loop
      vertex 5.2516 9.09604 54.9311
      vertex 4.0194 9.70369 54.9311
      vertex 4.60553 7.97701 56.2232
    endloop
  endfacet
  facet normal 0.351176 0.71212 0.607915
    outer loop
      vertex 5.80781 10.0594 53.4813
      vertex 4.0194 9.70369 54.9311
      vertex 5.2516 9.09604 54.9311
    endloop
  endfacet
  facet normal 0.609357 0.694815 0.38199
    outer loop
      vertex 8.05307 10.495 50.2105
      vertex 7.62736 9.94017 51.8988
      vertex 9.35404 9.35404 50.2105
    endloop
  endfacet
  facet normal 0.720448 0.481389 0.499218
    outer loop
      vertex 10.8507 6.26466 51.8988
      vertex 9.94017 7.62736 51.8988
      vertex 10.0594 5.80781 53.4813
    endloop
  endfacet
  facet normal 0.828874 0.408738 0.381971
    outer loop
      vertex 11.4563 6.61431 50.2105
      vertex 10.8507 6.26466 51.8988
      vertex 12.2216 5.06237 50.2105
    endloop
  endfacet
  facet normal -0.0648679 0.989358 0.130243
    outer loop
      vertex 0 13.9401 46.6337
      vertex -1.81955 13.8208 46.6337
      vertex 0 13.7016 48.4454
    endloop
  endfacet
  facet normal -0.0648361 0.989364 0.130212
    outer loop
      vertex 0 13.7016 48.4454
      vertex -1.81955 13.8208 46.6337
      vertex -1.78841 13.5844 48.4454
    endloop
  endfacet
  facet normal -0.416408 0.278235 0.865557
    outer loop
      vertex -6.15747 4.72479 57.3356
      vertex -6.7215 3.88066 57.3356
      vertex -5.35097 3.08939 58.2493
    endloop
  endfacet
  facet normal -0.180255 0.906426 0.381969
    outer loop
      vertex -1.72668 13.1154 50.2105
      vertex -3.42382 12.7779 50.2105
      vertex -1.6354 12.4221 51.8988
    endloop
  endfacet
  facet normal -0.313074 0.634854 0.70636
    outer loop
      vertex -4.0194 9.70369 54.9311
      vertex -5.2516 9.09604 54.9311
      vertex -4.60553 7.97701 56.2232
    endloop
  endfacet
  facet normal 0.938865 0.318686 0.130273
    outer loop
      vertex 12.879 5.33464 46.6337
      vertex 12.6586 5.24336 48.4454
      vertex 13.4651 3.60796 46.6337
    endloop
  endfacet
  facet normal 0.922196 0.0604585 0.381968
    outer loop
      vertex 13.1154 1.72668 50.2105
      vertex 12.4221 1.6354 51.8988
      vertex 13.2286 0 50.2105
    endloop
  endfacet
  facet normal 0.906413 0.180277 0.381989
    outer loop
      vertex 12.7779 3.42382 50.2105
      vertex 12.1024 3.24282 51.8988
      vertex 12.4221 1.6354 51.8988
    endloop
  endfacet
  facet normal 0.963936 -0.0632043 0.258521
    outer loop
      vertex 13.2286 0 50.2105
      vertex 13.197 -0.481935 50.2105
      vertex 13.2748 -0.232064 49.9815
    endloop
  endfacet
  facet normal 0.938862 0.318702 0.130257
    outer loop
      vertex 13.4651 3.60796 46.6337
      vertex 12.6586 5.24336 48.4454
      vertex 13.2347 3.54623 48.4454
    endloop
  endfacet
  facet normal 0.820483 0.27852 0.499233
    outer loop
      vertex 11.5756 4.79476 51.8988
      vertex 10.7314 4.44511 53.4813
      vertex 11.2198 3.00635 53.4813
    endloop
  endfacet
  facet normal 0.777114 0.383225 0.499232
    outer loop
      vertex 11.5756 4.79476 51.8988
      vertex 10.0594 5.80781 53.4813
      vertex 10.7314 4.44511 53.4813
    endloop
  endfacet
  facet normal 0.0250744 0.382562 0.923589
    outer loop
      vertex 0.806491 6.12591 58.2493
      vertex 0 6.17877 58.2493
      vertex 0.586128 4.45209 58.9486
    endloop
  endfacet
  facet normal 0.169564 0.343847 0.923589
    outer loop
      vertex 2.36451 5.70844 58.2493
      vertex 1.71844 4.14869 58.9486
      vertex 2.24525 3.8889 58.9486
    endloop
  endfacet
  facet normal -0.254377 0.0505987 0.965781
    outer loop
      vertex -2.63255 0.705388 59.4216
      vertex -4.45209 0.586128 58.9486
      vertex -2.7021 0.355737 59.4216
    endloop
  endfacet
  facet normal -0.864555 -0.0569379 0.499302
    outer loop
      vertex -11.6156 0 53.4813
      vertex -11.8443 0 53.0853
      vertex -11.7312 -0.234451 53.2544
    endloop
  endfacet
  facet normal -0.864573 -0.0565812 0.499312
    outer loop
      vertex -12.3006 0 52.2948
      vertex -12.5293 0 51.8988
      vertex -12.496 -0.508831 51.8988
    endloop
  endfacet
  facet normal -0.972433 0.193409 0.130258
    outer loop
      vertex -13.4651 3.60796 46.6337
      vertex -13.8208 1.81955 46.6337
      vertex -13.2347 3.54623 48.4454
    endloop
  endfacet
  facet normal -0.938865 0.318686 0.130273
    outer loop
      vertex -12.879 5.33464 46.6337
      vertex -13.4651 3.60796 46.6337
      vertex -12.6586 5.24336 48.4454
    endloop
  endfacet
  facet normal -0.803262 0.536708 0.258293
    outer loop
      vertex -10.8702 8.34099 48.4454
      vertex -11.8659 6.85078 48.4454
      vertex -10.495 8.05307 50.2105
    endloop
  endfacet
  facet normal -0.193455 0.97243 0.130213
    outer loop
      vertex -1.81955 13.8208 46.6337
      vertex -3.54623 13.2347 48.4454
      vertex -1.78841 13.5844 48.4454
    endloop
  endfacet
  facet normal -0.609357 0.694815 0.38199
    outer loop
      vertex -8.05307 10.495 50.2105
      vertex -9.35404 9.35404 50.2105
      vertex -7.62736 9.94017 51.8988
    endloop
  endfacet
  facet normal -0.596953 0.523517 0.607928
    outer loop
      vertex -8.21349 8.21349 53.4813
      vertex -8.33275 6.39394 54.9311
      vertex -7.42688 7.42688 54.9311
    endloop
  endfacet
  facet normal -0.382569 -0.0250769 0.923587
    outer loop
      vertex -4.49051 0 58.9486
      vertex -4.73505 -0.490077 58.834
      vertex -4.45209 -0.586128 58.9486
    endloop
  endfacet
  facet normal -0.382545 -0.0250908 0.923596
    outer loop
      vertex -4.73505 -0.490077 58.834
      vertex -4.49051 0 58.9486
      vertex -4.91302 0 58.7736
    endloop
  endfacet
  facet normal -0.382544 -0.0252073 0.923593
    outer loop
      vertex -5.75626 0 58.4243
      vertex -6.17877 0 58.2493
      vertex -5.80043 -0.128429 58.4025
    endloop
  endfacet
  facet normal -0.41641 0.278234 0.865557
    outer loop
      vertex -4.90195 3.7614 58.2493
      vertex -6.15747 4.72479 57.3356
      vertex -5.35097 3.08939 58.2493
    endloop
  endfacet
  facet normal 0.195941 0.577223 0.79273
    outer loop
      vertex 3.52492 8.50991 56.2232
      vertex 2.384 8.8972 56.2232
      vertex 2.97013 7.17052 57.3356
    endloop
  endfacet
  facet normal -0.393263 0.588557 0.70636
    outer loop
      vertex -5.2516 9.09604 54.9311
      vertex -6.39394 8.33275 54.9311
      vertex -4.60553 7.97701 56.2232
    endloop
  endfacet
  facet normal -0.820483 0.27852 0.499233
    outer loop
      vertex -10.7314 4.44511 53.4813
      vertex -11.5756 4.79476 51.8988
      vertex -11.2198 3.00635 53.4813
    endloop
  endfacet
  facet normal -0.634854 0.313077 0.706359
    outer loop
      vertex -7.97701 4.60553 56.2232
      vertex -9.70369 4.0194 54.9311
      vertex -8.50991 3.52492 56.2232
    endloop
  endfacet
  facet normal -0.864747 -0.0565634 0.499013
    outer loop
      vertex -11.6156 0 53.4813
      vertex -11.7312 -0.234451 53.2544
      vertex -11.5797 -0.548843 53.4813
    endloop
  endfacet
  facet normal -0.706239 -0.0463086 0.706457
    outer loop
      vertex -10.1798 0 55.2544
      vertex -10.5032 0 54.9311
      vertex -10.4634 -0.606978 54.9311
    endloop
  endfacet
  facet normal -0.706372 -0.0462413 0.706329
    outer loop
      vertex -9.21106 0 56.2232
      vertex -9.53444 0 55.8998
      vertex -9.41223 -0.229391 56.007
    endloop
  endfacet
  facet normal -0.914786 0.310577 0.258281
    outer loop
      vertex -12.2216 5.06237 50.2105
      vertex -13.2347 3.54623 48.4454
      vertex -12.7779 3.42382 50.2105
    endloop
  endfacet
  facet normal -0.875124 0.297111 0.381946
    outer loop
      vertex -12.2216 5.06237 50.2105
      vertex -12.7779 3.42382 50.2105
      vertex -11.5756 4.79476 51.8988
    endloop
  endfacet
  facet normal -0.778748 0.154884 0.607917
    outer loop
      vertex -10.1453 2.71843 54.9311
      vertex -11.2198 3.00635 53.4813
      vertex -10.4133 1.37094 54.9311
    endloop
  endfacet
  facet normal -0.70635 0.0462957 0.706347
    outer loop
      vertex -9.13226 1.20228 56.2232
      vertex -10.4133 1.37094 54.9311
      vertex -9.21106 0 56.2232
    endloop
  endfacet
  facet normal -0.803265 0.536698 0.258303
    outer loop
      vertex -10.495 8.05307 50.2105
      vertex -11.8659 6.85078 48.4454
      vertex -11.4563 6.61431 50.2105
    endloop
  endfacet
  facet normal -0.777113 0.383243 0.499219
    outer loop
      vertex -10.8507 6.26466 51.8988
      vertex -11.5756 4.79476 51.8988
      vertex -10.0594 5.80781 53.4813
    endloop
  endfacet
  facet normal -0.980789 0.195071 0
    outer loop
      vertex -13.8208 1.81955 45.72
      vertex -13.4651 3.60796 46.6337
      vertex -13.4651 3.60796 45.72
    endloop
  endfacet
  facet normal -0.980789 0.195071 0
    outer loop
      vertex -13.4651 3.60796 46.6337
      vertex -13.8208 1.81955 45.72
      vertex -13.8208 1.81955 46.6337
    endloop
  endfacet
  facet normal -0.0505987 0.254377 0.965781
    outer loop
      vertex -0.586128 4.45209 58.9486
      vertex -0.705388 2.63255 59.4216
      vertex -0.355737 2.7021 59.4216
    endloop
  endfacet
  facet normal 0.254377 0.0505987 0.965781
    outer loop
      vertex 4.45209 0.586128 58.9486
      vertex 2.63255 0.705388 59.4216
      vertex 2.7021 0.355737 59.4216
    endloop
  endfacet
  facet normal 0.130534 0.00891341 0.991404
    outer loop
      vertex 0.905865 0.119259 59.6601
      vertex 2.27199 0 59.4813
      vertex 2.72541 0 59.4216
    endloop
  endfacet
  facet normal 0.130488 0.00837068 0.991415
    outer loop
      vertex 2.27199 0 59.4813
      vertex 0.905865 0.119259 59.6601
      vertex 1.3671 0 59.6004
    endloop
  endfacet
  facet normal 0.130535 0.008555 0.991407
    outer loop
      vertex 1.3671 0 59.6004
      vertex 0.905865 0.119259 59.6601
      vertex 0.913681 0 59.6601
    endloop
  endfacet
  facet normal -0.778708 0.154936 0.607954
    outer loop
      vertex -11.2198 3.00635 53.4813
      vertex -11.5163 1.51614 53.4813
      vertex -10.4133 1.37094 54.9311
    endloop
  endfacet
  facet normal 0.831459 0.555586 0
    outer loop
      vertex 12.0725 6.97004 46.6337
      vertex 11.0594 8.48619 45.72
      vertex 11.0594 8.48619 46.6337
    endloop
  endfacet
  facet normal 0.831459 0.555586 0
    outer loop
      vertex 11.0594 8.48619 45.72
      vertex 12.0725 6.97004 46.6337
      vertex 12.0725 6.97004 45.72
    endloop
  endfacet
  facet normal 0.550851 0.824374 0.13027
    outer loop
      vertex 6.97004 12.0725 46.6337
      vertex 6.85078 11.8659 48.4454
      vertex 8.48619 11.0594 46.6337
    endloop
  endfacet
  facet normal 0.550828 0.824394 0.13024
    outer loop
      vertex 8.48619 11.0594 46.6337
      vertex 6.85078 11.8659 48.4454
      vertex 8.34099 10.8702 48.4454
    endloop
  endfacet
  facet normal 0.922226 0.0604516 0.381897
    outer loop
      vertex 12.7043 0 51.4762
      vertex 12.4221 1.6354 51.8988
      vertex 12.5293 0 51.8988
    endloop
  endfacet
  facet normal 0.922178 0.0604123 0.382017
    outer loop
      vertex 13.0536 0 50.633
      vertex 12.4221 1.6354 51.8988
      vertex 12.7043 0 51.4762
    endloop
  endfacet
  facet normal 0.922194 0.0604519 0.381974
    outer loop
      vertex 12.4221 1.6354 51.8988
      vertex 13.0536 0 50.633
      vertex 13.2286 0 50.2105
    endloop
  endfacet
  facet normal 0.499738 0.0327544 0.865557
    outer loop
      vertex 7.69492 1.01305 57.3356
      vertex 6.12591 0.806491 58.2493
      vertex 6.17877 0 58.2493
    endloop
  endfacet
  facet normal 0.70635 0.0462957 0.706347
    outer loop
      vertex 10.4133 1.37094 54.9311
      vertex 9.13226 1.20228 56.2232
      vertex 9.21106 0 56.2232
    endloop
  endfacet
  facet normal 0.66019 0.441106 0.607927
    outer loop
      vertex 9.2153 7.07115 53.4813
      vertex 8.33275 6.39394 54.9311
      vertex 10.0594 5.80781 53.4813
    endloop
  endfacet
  facet normal 0.416408 0.278235 0.865557
    outer loop
      vertex 6.15747 4.72479 57.3356
      vertex 5.35097 3.08939 58.2493
      vertex 6.7215 3.88066 57.3356
    endloop
  endfacet
  facet normal 0.694259 0.13808 0.706356
    outer loop
      vertex 10.1453 2.71843 54.9311
      vertex 8.8972 2.384 56.2232
      vertex 10.4133 1.37094 54.9311
    endloop
  endfacet
  facet normal 0.778748 0.154884 0.607917
    outer loop
      vertex 11.2198 3.00635 53.4813
      vertex 10.1453 2.71843 54.9311
      vertex 10.4133 1.37094 54.9311
    endloop
  endfacet
  facet normal 0.376529 0.330208 0.865557
    outer loop
      vertex 5.48808 5.48808 57.3356
      vertex 4.90195 3.7614 58.2493
      vertex 6.15747 4.72479 57.3356
    endloop
  endfacet
  facet normal 0.41641 0.278234 0.865557
    outer loop
      vertex 6.15747 4.72479 57.3356
      vertex 4.90195 3.7614 58.2493
      vertex 5.35097 3.08939 58.2493
    endloop
  endfacet
  facet normal 0.608275 -0.0398693 0.792724
    outer loop
      vertex 7.76132 0 57.3356
      vertex 7.70748 -0.821422 57.3356
      vertex 8.12414 0 57.0572
    endloop
  endfacet
  facet normal 0.608269 -0.0397085 0.792737
    outer loop
      vertex 9.21106 0 56.2232
      vertex 8.84823 0 56.5016
      vertex 8.93334 -0.185564 56.427
    endloop
  endfacet
  facet normal 0.449164 0.221502 0.865557
    outer loop
      vertex 7.17052 2.97013 57.3356
      vertex 5.35097 3.08939 58.2493
      vertex 5.70844 2.36451 58.2493
    endloop
  endfacet
  facet normal 0.343847 0.169566 0.923589
    outer loop
      vertex 5.35097 3.08939 58.2493
      vertex 3.8889 2.24525 58.9486
      vertex 5.70844 2.36451 58.2493
    endloop
  endfacet
  facet normal 0.363037 0.123236 0.923589
    outer loop
      vertex 5.70844 2.36451 58.2493
      vertex 4.14869 1.71844 58.9486
      vertex 4.3375 1.16223 58.9486
    endloop
  endfacet
  facet normal -0.057845 0.117304 0.99141
    outer loop
      vertex -1.04297 2.51795 59.4216
      vertex -1.36271 2.36028 59.4216
      vertex -0.456841 0.791271 59.6601
    endloop
  endfacet
  facet normal 0.0420436 0.123849 0.99141
    outer loop
      vertex 0.705388 2.63255 59.4216
      vertex 0.34965 0.844131 59.6601
      vertex 1.04297 2.51795 59.4216
    endloop
  endfacet
  facet normal 0.0566758 0.864623 0.499214
    outer loop
      vertex 0 12.5293 51.8988
      vertex 0 11.6156 53.4813
      vertex 1.6354 12.4221 51.8988
    endloop
  endfacet
  facet normal 0.401921 0.458302 0.792729
    outer loop
      vertex 6.5132 6.5132 56.2232
      vertex 4.72479 6.15747 57.3356
      vertex 5.48808 5.48808 57.3356
    endloop
  endfacet
  facet normal 0.227532 0.670288 0.706359
    outer loop
      vertex 4.0194 9.70369 54.9311
      vertex 2.384 8.8972 56.2232
      vertex 3.52492 8.50991 56.2232
    endloop
  endfacet
  facet normal 0.269608 0.546709 0.79273
    outer loop
      vertex 3.52492 8.50991 56.2232
      vertex 2.97013 7.17052 57.3356
      vertex 4.60553 7.97701 56.2232
    endloop
  endfacet
  facet normal 0.269606 0.546712 0.792729
    outer loop
      vertex 4.60553 7.97701 56.2232
      vertex 2.97013 7.17052 57.3356
      vertex 3.88066 6.7215 57.3356
    endloop
  endfacet
  facet normal 0.338662 0.506843 0.792729
    outer loop
      vertex 4.60553 7.97701 56.2232
      vertex 3.88066 6.7215 57.3356
      vertex 4.72479 6.15747 57.3356
    endloop
  endfacet
  facet normal 0.513426 0.768435 0.381972
    outer loop
      vertex 6.61431 11.4563 50.2105
      vertex 6.26466 10.8507 51.8988
      vertex 8.05307 10.495 50.2105
    endloop
  endfacet
  facet normal 0.27852 0.820483 0.499233
    outer loop
      vertex 4.79476 11.5756 51.8988
      vertex 3.00635 11.2198 53.4813
      vertex 4.44511 10.7314 53.4813
    endloop
  endfacet
  facet normal 0.31053 0.91479 0.258323
    outer loop
      vertex 5.24336 12.6586 48.4454
      vertex 3.54623 13.2347 48.4454
      vertex 5.06237 12.2216 50.2105
    endloop
  endfacet
  facet normal 0.481389 0.720448 0.499218
    outer loop
      vertex 6.26466 10.8507 51.8988
      vertex 5.80781 10.0594 53.4813
      vertex 7.62736 9.94017 51.8988
    endloop
  endfacet
  facet normal 0.338658 0.506843 0.79273
    outer loop
      vertex 5.60734 7.30763 56.2232
      vertex 4.60553 7.97701 56.2232
      vertex 4.72479 6.15747 57.3356
    endloop
  endfacet
  facet normal 0.506843 0.338662 0.792729
    outer loop
      vertex 7.97701 4.60553 56.2232
      vertex 6.15747 4.72479 57.3356
      vertex 6.7215 3.88066 57.3356
    endloop
  endfacet
  facet normal 0.193409 0.972433 0.130258
    outer loop
      vertex 3.60796 13.4651 46.6337
      vertex 1.81955 13.8208 46.6337
      vertex 3.54623 13.2347 48.4454
    endloop
  endfacet
  facet normal 0.0648361 0.989364 0.130212
    outer loop
      vertex 1.81955 13.8208 46.6337
      vertex 0 13.7016 48.4454
      vertex 1.78841 13.5844 48.4454
    endloop
  endfacet
  facet normal 0.193455 0.97243 0.130213
    outer loop
      vertex 1.81955 13.8208 46.6337
      vertex 1.78841 13.5844 48.4454
      vertex 3.54623 13.2347 48.4454
    endloop
  endfacet
  facet normal -0.536698 0.803265 0.258303
    outer loop
      vertex -6.85078 11.8659 48.4454
      vertex -8.05307 10.495 50.2105
      vertex -6.61431 11.4563 50.2105
    endloop
  endfacet
  facet normal -0.427265 0.866444 0.258303
    outer loop
      vertex -5.06237 12.2216 50.2105
      vertex -6.85078 11.8659 48.4454
      vertex -6.61431 11.4563 50.2105
    endloop
  endfacet
  facet normal -0.188423 0.947499 0.258347
    outer loop
      vertex -1.78841 13.5844 48.4454
      vertex -3.42382 12.7779 50.2105
      vertex -1.72668 13.1154 50.2105
    endloop
  endfacet
  facet normal -0.481378 0.720465 0.499204
    outer loop
      vertex -5.80781 10.0594 53.4813
      vertex -7.62736 9.94017 51.8988
      vertex -7.07115 9.2153 53.4813
    endloop
  endfacet
  facet normal -0.51344 0.768415 0.381992
    outer loop
      vertex -6.26466 10.8507 51.8988
      vertex -8.05307 10.495 50.2105
      vertex -7.62736 9.94017 51.8988
    endloop
  endfacet
  facet normal -0.0604495 0.922193 0.381976
    outer loop
      vertex 0 13.2286 50.2105
      vertex -1.6354 12.4221 51.8988
      vertex 0 12.5293 51.8988
    endloop
  endfacet
  facet normal 0.896871 0.442293 0
    outer loop
      vertex 12.879 5.33464 46.6337
      vertex 12.0725 6.97004 45.72
      vertex 12.0725 6.97004 46.6337
    endloop
  endfacet
  facet normal 0.896871 0.442293 0
    outer loop
      vertex 12.0725 6.97004 45.72
      vertex 12.879 5.33464 46.6337
      vertex 12.879 5.33464 45.72
    endloop
  endfacet
  facet normal 0.318686 0.938865 0.130273
    outer loop
      vertex 5.33464 12.879 46.6337
      vertex 3.60796 13.4651 46.6337
      vertex 5.24336 12.6586 48.4454
    endloop
  endfacet
  facet normal 0.751843 0.659342 0
    outer loop
      vertex 11.0594 8.48619 46.6337
      vertex 9.85713 9.85713 45.72
      vertex 9.85713 9.85713 46.6337
    endloop
  endfacet
  facet normal 0.751843 0.659342 0
    outer loop
      vertex 9.85713 9.85713 45.72
      vertex 11.0594 8.48619 46.6337
      vertex 11.0594 8.48619 45.72
    endloop
  endfacet
  facet normal 0.778708 0.154936 0.607954
    outer loop
      vertex 11.2198 3.00635 53.4813
      vertex 10.4133 1.37094 54.9311
      vertex 11.5163 1.51614 53.4813
    endloop
  endfacet
  facet normal 0.864747 -0.0565634 0.499013
    outer loop
      vertex 11.6156 0 53.4813
      vertex 11.5797 -0.548843 53.4813
      vertex 11.7312 -0.234451 53.2544
    endloop
  endfacet
  facet normal 0.997855 -0.0654573 0
    outer loop
      vertex 13.9401 0 46.6337
      vertex 13.9101 -0.457331 46.6337
      vertex 13.9401 0 46.1764
    endloop
  endfacet
  facet normal 0.922275 -0.0604726 0.381776
    outer loop
      vertex 13.2286 0 50.2105
      vertex 13.1195 -0.22133 50.439
      vertex 13.197 -0.481935 50.2105
    endloop
  endfacet
  facet normal 0.91479 0.31053 0.258323
    outer loop
      vertex 12.6586 5.24336 48.4454
      vertex 12.2216 5.06237 50.2105
      vertex 13.2347 3.54623 48.4454
    endloop
  endfacet
  facet normal 0.824394 0.550828 0.13024
    outer loop
      vertex 11.0594 8.48619 46.6337
      vertex 10.8702 8.34099 48.4454
      vertex 11.8659 6.85078 48.4454
    endloop
  endfacet
  facet normal 0.803262 0.536708 0.258293
    outer loop
      vertex 10.8702 8.34099 48.4454
      vertex 10.495 8.05307 50.2105
      vertex 11.8659 6.85078 48.4454
    endloop
  endfacet
  facet normal 0.914786 0.310577 0.258281
    outer loop
      vertex 13.2347 3.54623 48.4454
      vertex 12.2216 5.06237 50.2105
      vertex 12.7779 3.42382 50.2105
    endloop
  endfacet
  facet normal -0.330208 0.376529 0.865557
    outer loop
      vertex -4.72479 6.15747 57.3356
      vertex -5.48808 5.48808 57.3356
      vertex -3.7614 4.90195 58.2493
    endloop
  endfacet
  facet normal -0.252782 0.288243 0.923589
    outer loop
      vertex -2.73365 3.56256 58.9486
      vertex -3.7614 4.90195 58.2493
      vertex -3.17527 3.17527 58.9486
    endloop
  endfacet
  facet normal -0.117392 -0.0578905 0.991397
    outer loop
      vertex -0.844131 -0.34965 59.6601
      vertex -1.09366 -0.559489 59.6183
      vertex -0.791271 -0.456841 59.6601
    endloop
  endfacet
  facet normal -0.117417 -0.0578602 0.991396
    outer loop
      vertex -1.09366 -0.559489 59.6183
      vertex -0.844131 -0.34965 59.6601
      vertex -1.1744 -0.486453 59.613
    endloop
  endfacet
  facet normal -0.128261 -0.0255134 0.991412
    outer loop
      vertex -0.905865 -0.119259 59.6601
      vertex -1.27736 -0.342268 59.6063
      vertex -0.882548 -0.236478 59.6601
    endloop
  endfacet
  facet normal -0.12853 -0.02506 0.991389
    outer loop
      vertex -1.27736 -0.342268 59.6063
      vertex -0.905865 -0.119259 59.6601
      vertex -1.31172 -0.257029 59.604
    endloop
  endfacet
  facet normal -0.12707 -0.0286659 0.991479
    outer loop
      vertex -2.43469 -0.638226 59.4489
      vertex -2.63255 -0.705388 59.4216
      vertex -2.44051 -0.653932 59.4477
    endloop
  endfacet
  facet normal -0.215649 0.144093 0.965781
    outer loop
      vertex -3.56256 2.73365 58.9486
      vertex -3.8889 2.24525 58.9486
      vertex -2.16221 1.65913 59.4216
    endloop
  endfacet
  facet normal -0.922231 -0.0603546 0.381899
    outer loop
      vertex -12.5293 0 51.8988
      vertex -12.7043 0 51.4762
      vertex -12.496 -0.508831 51.8988
    endloop
  endfacet
  facet normal -0.922206 -0.0602292 0.381979
    outer loop
      vertex -13.0536 0 50.633
      vertex -13.2286 0 50.2105
      vertex -13.1195 -0.22133 50.439
    endloop
  endfacet
  facet normal -0.889228 0.438523 0.130272
    outer loop
      vertex -11.8659 6.85078 48.4454
      vertex -12.879 5.33464 46.6337
      vertex -12.6586 5.24336 48.4454
    endloop
  endfacet
  facet normal -0.889228 0.438524 0.130271
    outer loop
      vertex -12.0725 6.97004 46.6337
      vertex -12.879 5.33464 46.6337
      vertex -11.8659 6.85078 48.4454
    endloop
  endfacet
  facet normal -0.824394 0.550828 0.13024
    outer loop
      vertex -11.0594 8.48619 46.6337
      vertex -11.8659 6.85078 48.4454
      vertex -10.8702 8.34099 48.4454
    endloop
  endfacet
  facet normal -0.550828 0.824394 0.13024
    outer loop
      vertex -6.85078 11.8659 48.4454
      vertex -8.48619 11.0594 46.6337
      vertex -8.34099 10.8702 48.4454
    endloop
  endfacet
  facet normal -0.550851 0.824374 0.13027
    outer loop
      vertex -6.97004 12.0725 46.6337
      vertex -8.48619 11.0594 46.6337
      vertex -6.85078 11.8659 48.4454
    endloop
  endfacet
  facet normal -0.31053 0.91479 0.258323
    outer loop
      vertex -3.54623 13.2347 48.4454
      vertex -5.24336 12.6586 48.4454
      vertex -5.06237 12.2216 50.2105
    endloop
  endfacet
  facet normal -0.408768 0.82887 0.381947
    outer loop
      vertex -5.06237 12.2216 50.2105
      vertex -6.26466 10.8507 51.8988
      vertex -4.79476 11.5756 51.8988
    endloop
  endfacet
  facet normal -0.523517 0.596954 0.607927
    outer loop
      vertex -7.07115 9.2153 53.4813
      vertex -8.21349 8.21349 53.4813
      vertex -6.39394 8.33275 54.9311
    endloop
  endfacet
  facet normal -0.449164 0.221502 0.865557
    outer loop
      vertex -5.35097 3.08939 58.2493
      vertex -7.17052 2.97013 57.3356
      vertex -5.70844 2.36451 58.2493
    endloop
  endfacet
  facet normal -0.343847 0.169564 0.923589
    outer loop
      vertex -3.8889 2.24525 58.9486
      vertex -5.70844 2.36451 58.2493
      vertex -4.14869 1.71844 58.9486
    endloop
  endfacet
  facet normal -0.0420436 0.123849 0.99141
    outer loop
      vertex -0.705388 2.63255 59.4216
      vertex -1.04297 2.51795 59.4216
      vertex -0.34965 0.844131 59.6601
    endloop
  endfacet
  facet normal -0.458302 0.401921 0.792729
    outer loop
      vertex -5.48808 5.48808 57.3356
      vertex -6.5132 6.5132 56.2232
      vertex -6.15747 4.72479 57.3356
    endloop
  endfacet
  facet normal -0.53219 0.466725 0.706358
    outer loop
      vertex -6.5132 6.5132 56.2232
      vertex -8.33275 6.39394 54.9311
      vertex -7.30763 5.60734 56.2232
    endloop
  endfacet
  facet normal -0.39326 0.588562 0.706358
    outer loop
      vertex -4.60553 7.97701 56.2232
      vertex -6.39394 8.33275 54.9311
      vertex -5.60734 7.30763 56.2232
    endloop
  endfacet
  facet normal -0.71212 0.351176 0.607915
    outer loop
      vertex -9.09604 5.2516 54.9311
      vertex -10.0594 5.80781 53.4813
      vertex -9.70369 4.0194 54.9311
    endloop
  endfacet
  facet normal -0.506843 0.338662 0.792729
    outer loop
      vertex -6.15747 4.72479 57.3356
      vertex -7.97701 4.60553 56.2232
      vertex -6.7215 3.88066 57.3356
    endloop
  endfacet
  facet normal -0.875123 0.297057 0.38199
    outer loop
      vertex -11.5756 4.79476 51.8988
      vertex -12.7779 3.42382 50.2105
      vertex -12.1024 3.24282 51.8988
    endloop
  endfacet
  facet normal -0.906413 0.180277 0.381989
    outer loop
      vertex -12.1024 3.24282 51.8988
      vertex -12.7779 3.42382 50.2105
      vertex -12.4221 1.6354 51.8988
    endloop
  endfacet
  facet normal -0.86643 0.427281 0.258322
    outer loop
      vertex -11.8659 6.85078 48.4454
      vertex -12.6586 5.24336 48.4454
      vertex -12.2216 5.06237 50.2105
    endloop
  endfacet
  facet normal -0.91479 0.31053 0.258323
    outer loop
      vertex -12.6586 5.24336 48.4454
      vertex -13.2347 3.54623 48.4454
      vertex -12.2216 5.06237 50.2105
    endloop
  endfacet
  facet normal -0.751865 0.255227 0.607913
    outer loop
      vertex -10.7314 4.44511 53.4813
      vertex -11.2198 3.00635 53.4813
      vertex -9.70369 4.0194 54.9311
    endloop
  endfacet
  facet normal -0.712122 0.351175 0.607914
    outer loop
      vertex -10.0594 5.80781 53.4813
      vertex -10.7314 4.44511 53.4813
      vertex -9.70369 4.0194 54.9311
    endloop
  endfacet
  facet normal -0.792282 -0.0515902 0.60797
    outer loop
      vertex -11.3372 0 53.8441
      vertex -11.6156 0 53.4813
      vertex -11.4305 -0.211122 53.7046
    endloop
  endfacet
  facet normal -0.792348 -0.0519549 0.607853
    outer loop
      vertex -10.5032 0 54.9311
      vertex -10.7816 0 54.5682
      vertex -10.4634 -0.606978 54.9311
    endloop
  endfacet
  facet normal -0.849841 0.169089 0.499179
    outer loop
      vertex -11.2198 3.00635 53.4813
      vertex -12.4221 1.6354 51.8988
      vertex -11.5163 1.51614 53.4813
    endloop
  endfacet
  facet normal -0.0873882 -0.0972896 0.991412
    outer loop
      vertex -0.64607 -0.64607 59.6601
      vertex -0.749142 -0.749142 59.6409
      vertex -0.719258 -0.755604 59.6429
    endloop
  endfacet
  facet normal 0.0833727 0.245594 0.965781
    outer loop
      vertex 1.16223 4.3375 58.9486
      vertex 0.705388 2.63255 59.4216
      vertex 1.04297 2.51795 59.4216
    endloop
  endfacet
  facet normal -0.376248 -0.0748066 0.923494
    outer loop
      vertex -6.05461 -0.820674 58.2772
      vertex -6.12591 -0.806491 58.2493
      vertex -6.11115 -0.880728 58.2493
    endloop
  endfacet
  facet normal 0.12385 0.0420417 0.99141
    outer loop
      vertex 2.63255 0.705388 59.4216
      vertex 0.844131 0.34965 59.6601
      vertex 0.882548 0.236478 59.6601
    endloop
  endfacet
  facet normal 0.128278 0.0255168 0.99141
    outer loop
      vertex 2.63255 0.705388 59.4216
      vertex 0.882548 0.236478 59.6601
      vertex 0.905865 0.119259 59.6601
    endloop
  endfacet
  facet normal -0.792274 0.0518902 0.607955
    outer loop
      vertex -11.5163 1.51614 53.4813
      vertex -11.6156 0 53.4813
      vertex -10.4133 1.37094 54.9311
    endloop
  endfacet
  facet normal -0.706343 -0.0462914 0.706355
    outer loop
      vertex -9.21106 0 56.2232
      vertex -9.41223 -0.229391 56.007
      vertex -9.1657 -0.692131 56.2232
    endloop
  endfacet
  facet normal -0.491189 0.0977071 0.865555
    outer loop
      vertex -7.49685 2.00878 57.3356
      vertex -7.69492 1.01305 57.3356
      vertex -5.96824 1.59918 58.2493
    endloop
  endfacet
  facet normal -0.577223 0.195941 0.79273
    outer loop
      vertex -8.50991 3.52492 56.2232
      vertex -8.8972 2.384 56.2232
      vertex -7.17052 2.97013 57.3356
    endloop
  endfacet
  facet normal 0.659342 0.751843 -0
    outer loop
      vertex 9.85713 9.85713 45.72
      vertex 8.48619 11.0594 46.6337
      vertex 9.85713 9.85713 46.6337
    endloop
  endfacet
  facet normal 0.659342 0.751843 0
    outer loop
      vertex 8.48619 11.0594 46.6337
      vertex 9.85713 9.85713 45.72
      vertex 8.48619 11.0594 45.72
    endloop
  endfacet
  facet normal 0.297111 0.875124 0.381946
    outer loop
      vertex 5.06237 12.2216 50.2105
      vertex 3.42382 12.7779 50.2105
      vertex 4.79476 11.5756 51.8988
    endloop
  endfacet
  facet normal 0.706343 -0.0462914 0.706355
    outer loop
      vertex 9.21106 0 56.2232
      vertex 9.1657 -0.692131 56.2232
      vertex 9.41223 -0.229391 56.007
    endloop
  endfacet
  facet normal 0.706239 -0.0463086 0.706457
    outer loop
      vertex 10.5032 0 54.9311
      vertex 10.1798 0 55.2544
      vertex 10.4634 -0.606978 54.9311
    endloop
  endfacet
  facet normal 0.706372 -0.0462413 0.706329
    outer loop
      vertex 9.53444 0 55.8998
      vertex 9.21106 0 56.2232
      vertex 9.41223 -0.229391 56.007
    endloop
  endfacet
  facet normal 0.608265 0.0398589 0.792733
    outer loop
      vertex 7.69492 1.01305 57.3356
      vertex 8.84823 0 56.5016
      vertex 9.21106 0 56.2232
    endloop
  endfacet
  facet normal 0.608268 0.0398645 0.79273
    outer loop
      vertex 8.84823 0 56.5016
      vertex 7.69492 1.01305 57.3356
      vertex 8.12414 0 57.0572
    endloop
  endfacet
  facet normal 0.608275 0.0398692 0.792724
    outer loop
      vertex 8.12414 0 57.0572
      vertex 7.69492 1.01305 57.3356
      vertex 7.76132 0 57.3356
    endloop
  endfacet
  facet normal 0.546712 0.269606 0.792729
    outer loop
      vertex 7.97701 4.60553 56.2232
      vertex 6.7215 3.88066 57.3356
      vertex 7.17052 2.97013 57.3356
    endloop
  endfacet
  facet normal 0.634854 0.313074 0.70636
    outer loop
      vertex 9.09604 5.2516 54.9311
      vertex 7.97701 4.60553 56.2232
      vertex 9.70369 4.0194 54.9311
    endloop
  endfacet
  facet normal 0.71212 0.351176 0.607915
    outer loop
      vertex 10.0594 5.80781 53.4813
      vertex 9.09604 5.2516 54.9311
      vertex 9.70369 4.0194 54.9311
    endloop
  endfacet
  facet normal 0.523517 0.596953 0.607928
    outer loop
      vertex 8.21349 8.21349 53.4813
      vertex 6.39394 8.33275 54.9311
      vertex 7.42688 7.42688 54.9311
    endloop
  endfacet
  facet normal 0.401923 0.458298 0.79273
    outer loop
      vertex 5.60734 7.30763 56.2232
      vertex 4.72479 6.15747 57.3356
      vertex 6.5132 6.5132 56.2232
    endloop
  endfacet
  facet normal 0.577223 0.195938 0.792731
    outer loop
      vertex 8.8972 2.384 56.2232
      vertex 7.17052 2.97013 57.3356
      vertex 7.49685 2.00878 57.3356
    endloop
  endfacet
  facet normal 0.588562 0.39326 0.706358
    outer loop
      vertex 8.33275 6.39394 54.9311
      vertex 7.30763 5.60734 56.2232
      vertex 7.97701 4.60553 56.2232
    endloop
  endfacet
  facet normal 0.449164 0.221501 0.865557
    outer loop
      vertex 6.7215 3.88066 57.3356
      vertex 5.35097 3.08939 58.2493
      vertex 7.17052 2.97013 57.3356
    endloop
  endfacet
  facet normal 0.376017 0.0747919 0.923589
    outer loop
      vertex 6.12591 0.806491 58.2493
      vertex 4.3375 1.16223 58.9486
      vertex 4.45209 0.586128 58.9486
    endloop
  endfacet
  facet normal 0.608268 0.0398672 0.79273
    outer loop
      vertex 9.13226 1.20228 56.2232
      vertex 7.69492 1.01305 57.3356
      vertex 9.21106 0 56.2232
    endloop
  endfacet
  facet normal 0.59786 0.118922 0.79273
    outer loop
      vertex 8.8972 2.384 56.2232
      vertex 7.69492 1.01305 57.3356
      vertex 9.13226 1.20228 56.2232
    endloop
  endfacet
  facet normal 0.245594 0.0833727 0.965781
    outer loop
      vertex 4.3375 1.16223 58.9486
      vertex 2.51795 1.04297 59.4216
      vertex 2.63255 0.705388 59.4216
    endloop
  endfacet
  facet normal 0.382562 0.0250744 0.923589
    outer loop
      vertex 6.12591 0.806491 58.2493
      vertex 4.45209 0.586128 58.9486
      vertex 6.17877 0 58.2493
    endloop
  endfacet
  facet normal 0.318773 0.212996 0.923589
    outer loop
      vertex 4.90195 3.7614 58.2493
      vertex 3.8889 2.24525 58.9486
      vertex 5.35097 3.08939 58.2493
    endloop
  endfacet
  facet normal 0.171007 0.194997 0.965781
    outer loop
      vertex 2.73365 3.56256 58.9486
      vertex 1.65913 2.16221 59.4216
      vertex 3.17527 3.17527 58.9486
    endloop
  endfacet
  facet normal 0.318771 0.212997 0.923589
    outer loop
      vertex 4.90195 3.7614 58.2493
      vertex 3.56256 2.73365 58.9486
      vertex 3.8889 2.24525 58.9486
    endloop
  endfacet
  facet normal 0.194997 0.171007 0.965781
    outer loop
      vertex 3.17527 3.17527 58.9486
      vertex 2.16221 1.65913 59.4216
      vertex 3.56256 2.73365 58.9486
    endloop
  endfacet
  facet normal 0.221501 0.449164 0.865557
    outer loop
      vertex 3.88066 6.7215 57.3356
      vertex 2.97013 7.17052 57.3356
      vertex 3.08939 5.35097 58.2493
    endloop
  endfacet
  facet normal 0.117417 -0.0578602 0.991396
    outer loop
      vertex 0.844131 -0.34965 59.6601
      vertex 1.09366 -0.559489 59.6183
      vertex 1.1744 -0.486453 59.613
    endloop
  endfacet
  facet normal 0.117392 -0.0578905 0.991397
    outer loop
      vertex 1.09366 -0.559489 59.6183
      vertex 0.844131 -0.34965 59.6601
      vertex 0.791271 -0.456841 59.6601
    endloop
  endfacet
  facet normal 0.0833691 0.245595 0.965781
    outer loop
      vertex 1.16223 4.3375 58.9486
      vertex 1.04297 2.51795 59.4216
      vertex 1.71844 4.14869 58.9486
    endloop
  endfacet
  facet normal 0.123236 0.363037 0.923589
    outer loop
      vertex 2.36451 5.70844 58.2493
      vertex 1.16223 4.3375 58.9486
      vertex 1.71844 4.14869 58.9486
    endloop
  endfacet
  facet normal -0.128278 0.0255168 0.99141
    outer loop
      vertex -0.882548 0.236478 59.6601
      vertex -2.63255 0.705388 59.4216
      vertex -0.905865 0.119259 59.6601
    endloop
  endfacet
  facet normal 0.313077 0.634854 0.706359
    outer loop
      vertex 4.0194 9.70369 54.9311
      vertex 3.52492 8.50991 56.2232
      vertex 4.60553 7.97701 56.2232
    endloop
  endfacet
  facet normal -0.0398688 0.608269 0.792729
    outer loop
      vertex 0 9.21106 56.2232
      vertex -1.01305 7.69492 57.3356
      vertex 0 7.76132 57.3356
    endloop
  endfacet
  facet normal 0.212996 0.318773 0.923589
    outer loop
      vertex 3.08939 5.35097 58.2493
      vertex 2.24525 3.8889 58.9486
      vertex 3.7614 4.90195 58.2493
    endloop
  endfacet
  facet normal 0.252782 0.288243 0.923589
    outer loop
      vertex 3.7614 4.90195 58.2493
      vertex 2.73365 3.56256 58.9486
      vertex 3.17527 3.17527 58.9486
    endloop
  endfacet
  facet normal -0.338658 0.506843 0.79273
    outer loop
      vertex -4.60553 7.97701 56.2232
      vertex -5.60734 7.30763 56.2232
      vertex -4.72479 6.15747 57.3356
    endloop
  endfacet
  facet normal -0.144093 0.215649 0.965781
    outer loop
      vertex -2.24525 3.8889 58.9486
      vertex -2.73365 3.56256 58.9486
      vertex -1.65913 2.16221 59.4216
    endloop
  endfacet
  facet normal 0.0398672 0.608268 0.79273
    outer loop
      vertex 1.20228 9.13226 56.2232
      vertex 0 9.21106 56.2232
      vertex 1.01305 7.69492 57.3356
    endloop
  endfacet
  facet normal -0.227532 0.670288 0.706359
    outer loop
      vertex -2.384 8.8972 56.2232
      vertex -4.0194 9.70369 54.9311
      vertex -3.52492 8.50991 56.2232
    endloop
  endfacet
  facet normal -0.0631733 0.963991 0.258324
    outer loop
      vertex 0 13.7016 48.4454
      vertex -1.78841 13.5844 48.4454
      vertex 0 13.2286 50.2105
    endloop
  endfacet
  facet normal 0.169022 0.849826 0.499226
    outer loop
      vertex 3.24282 12.1024 51.8988
      vertex 1.6354 12.4221 51.8988
      vertex 3.00635 11.2198 53.4813
    endloop
  endfacet
  facet normal 0.310577 0.914786 0.258281
    outer loop
      vertex 3.54623 13.2347 48.4454
      vertex 3.42382 12.7779 50.2105
      vertex 5.06237 12.2216 50.2105
    endloop
  endfacet
  facet normal 0.383243 0.777113 0.499219
    outer loop
      vertex 6.26466 10.8507 51.8988
      vertex 4.79476 11.5756 51.8988
      vertex 5.80781 10.0594 53.4813
    endloop
  endfacet
  facet normal 0.523517 0.596954 0.607927
    outer loop
      vertex 7.07115 9.2153 53.4813
      vertex 6.39394 8.33275 54.9311
      vertex 8.21349 8.21349 53.4813
    endloop
  endfacet
  facet normal 0.441106 0.66019 0.607927
    outer loop
      vertex 7.07115 9.2153 53.4813
      vertex 5.80781 10.0594 53.4813
      vertex 6.39394 8.33275 54.9311
    endloop
  endfacet
  facet normal 0.596954 0.523517 0.607927
    outer loop
      vertex 9.2153 7.07115 53.4813
      vertex 8.21349 8.21349 53.4813
      vertex 8.33275 6.39394 54.9311
    endloop
  endfacet
  facet normal 0.596953 0.523517 0.607928
    outer loop
      vertex 8.21349 8.21349 53.4813
      vertex 7.42688 7.42688 54.9311
      vertex 8.33275 6.39394 54.9311
    endloop
  endfacet
  facet normal 0.188496 0.947502 0.258281
    outer loop
      vertex 3.54623 13.2347 48.4454
      vertex 1.78841 13.5844 48.4454
      vertex 3.42382 12.7779 50.2105
    endloop
  endfacet
  facet normal 0.408768 0.82887 0.381947
    outer loop
      vertex 5.06237 12.2216 50.2105
      vertex 4.79476 11.5756 51.8988
      vertex 6.26466 10.8507 51.8988
    endloop
  endfacet
  facet normal 0.318702 0.938862 0.130257
    outer loop
      vertex 3.60796 13.4651 46.6337
      vertex 3.54623 13.2347 48.4454
      vertex 5.24336 12.6586 48.4454
    endloop
  endfacet
  facet normal 0.408738 0.828874 0.381971
    outer loop
      vertex 6.61431 11.4563 50.2105
      vertex 5.06237 12.2216 50.2105
      vertex 6.26466 10.8507 51.8988
    endloop
  endfacet
  facet normal -0.536708 0.803262 0.258293
    outer loop
      vertex -6.85078 11.8659 48.4454
      vertex -8.34099 10.8702 48.4454
      vertex -8.05307 10.495 50.2105
    endloop
  endfacet
  facet normal -0.74543 0.653737 0.130241
    outer loop
      vertex -9.68847 9.68847 48.4454
      vertex -11.0594 8.48619 46.6337
      vertex -10.8702 8.34099 48.4454
    endloop
  endfacet
  facet normal -0.0631981 0.963983 0.258347
    outer loop
      vertex 0 13.2286 50.2105
      vertex -1.78841 13.5844 48.4454
      vertex -1.72668 13.1154 50.2105
    endloop
  endfacet
  facet normal -0.154936 0.778708 0.607954
    outer loop
      vertex -1.51614 11.5163 53.4813
      vertex -3.00635 11.2198 53.4813
      vertex -1.37094 10.4133 54.9311
    endloop
  endfacet
  facet normal -0.313077 0.634854 0.706359
    outer loop
      vertex -4.0194 9.70369 54.9311
      vertex -4.60553 7.97701 56.2232
      vertex -3.52492 8.50991 56.2232
    endloop
  endfacet
  facet normal 0.13808 0.694259 0.706356
    outer loop
      vertex 2.71843 10.1453 54.9311
      vertex 1.37094 10.4133 54.9311
      vertex 2.384 8.8972 56.2232
    endloop
  endfacet
  facet normal -0.310577 0.914786 0.258281
    outer loop
      vertex -3.54623 13.2347 48.4454
      vertex -5.06237 12.2216 50.2105
      vertex -3.42382 12.7779 50.2105
    endloop
  endfacet
  facet normal -0.188496 0.947502 0.258281
    outer loop
      vertex -1.78841 13.5844 48.4454
      vertex -3.54623 13.2347 48.4454
      vertex -3.42382 12.7779 50.2105
    endloop
  endfacet
  facet normal 0.997857 0.0654252 -0
    outer loop
      vertex 13.9401 0 46.1764
      vertex 13.8208 1.81955 46.6337
      vertex 13.9401 0 46.6337
    endloop
  endfacet
  facet normal 0.997857 0.0654252 0
    outer loop
      vertex 13.8208 1.81955 46.6337
      vertex 13.9401 0 46.1764
      vertex 13.8208 1.81955 45.72
    endloop
  endfacet
  facet normal 0.997857 0.0654252 0
    outer loop
      vertex 13.8208 1.81955 45.72
      vertex 13.9401 0 46.1764
      vertex 13.9401 0 45.72
    endloop
  endfacet
  facet normal 0.946935 0.321425 0
    outer loop
      vertex 13.4651 3.60796 46.6337
      vertex 12.879 5.33464 45.72
      vertex 12.879 5.33464 46.6337
    endloop
  endfacet
  facet normal 0.946935 0.321425 0
    outer loop
      vertex 12.879 5.33464 45.72
      vertex 13.4651 3.60796 46.6337
      vertex 13.4651 3.60796 45.72
    endloop
  endfacet
  facet normal 0.726316 0.636984 0.258294
    outer loop
      vertex 10.8702 8.34099 48.4454
      vertex 9.35404 9.35404 50.2105
      vertex 10.495 8.05307 50.2105
    endloop
  endfacet
  facet normal 0.792274 0.0518902 0.607955
    outer loop
      vertex 11.5163 1.51614 53.4813
      vertex 10.4133 1.37094 54.9311
      vertex 11.6156 0 53.4813
    endloop
  endfacet
  facet normal 0.792348 0.0519586 0.607853
    outer loop
      vertex 10.7816 0 54.5682
      vertex 10.4133 1.37094 54.9311
      vertex 10.5032 0 54.9311
    endloop
  endfacet
  facet normal 0.792294 0.0519249 0.607925
    outer loop
      vertex 11.3372 0 53.8441
      vertex 10.4133 1.37094 54.9311
      vertex 10.7816 0 54.5682
    endloop
  endfacet
  facet normal 0.79227 0.0518808 0.607961
    outer loop
      vertex 10.4133 1.37094 54.9311
      vertex 11.3372 0 53.8441
      vertex 11.6156 0 53.4813
    endloop
  endfacet
  facet normal 0.989344 -0.064852 0.130354
    outer loop
      vertex 13.7016 0 48.4454
      vertex 13.6711 -0.46529 48.4454
      vertex 13.7167 -0.23014 48.2163
    endloop
  endfacet
  facet normal 0.963985 -0.0631897 0.258343
    outer loop
      vertex 13.7016 0 48.4454
      vertex 13.5832 0 48.8872
      vertex 13.6711 -0.46529 48.4454
    endloop
  endfacet
  facet normal 0.963977 -0.0630759 0.258399
    outer loop
      vertex 13.347 0 49.7688
      vertex 13.2286 0 50.2105
      vertex 13.2748 -0.232064 49.9815
    endloop
  endfacet
  facet normal 0.803265 0.536698 0.258303
    outer loop
      vertex 11.8659 6.85078 48.4454
      vertex 10.495 8.05307 50.2105
      vertex 11.4563 6.61431 50.2105
    endloop
  endfacet
  facet normal 0.768435 0.513426 0.381972
    outer loop
      vertex 11.4563 6.61431 50.2105
      vertex 10.495 8.05307 50.2105
      vertex 10.8507 6.26466 51.8988
    endloop
  endfacet
  facet normal 0.972433 0.193409 0.130258
    outer loop
      vertex 13.4651 3.60796 46.6337
      vertex 13.2347 3.54623 48.4454
      vertex 13.8208 1.81955 46.6337
    endloop
  endfacet
  facet normal -0.050597 0.254377 0.965781
    outer loop
      vertex -0.586128 4.45209 58.9486
      vertex -1.16223 4.3375 58.9486
      vertex -0.705388 2.63255 59.4216
    endloop
  endfacet
  facet normal -0.278234 0.41641 0.865557
    outer loop
      vertex -3.08939 5.35097 58.2493
      vertex -4.72479 6.15747 57.3356
      vertex -3.7614 4.90195 58.2493
    endloop
  endfacet
  facet normal -0.376529 0.330208 0.865557
    outer loop
      vertex -5.48808 5.48808 57.3356
      vertex -6.15747 4.72479 57.3356
      vertex -4.90195 3.7614 58.2493
    endloop
  endfacet
  facet normal -0.117304 0.057845 0.99141
    outer loop
      vertex -2.36028 1.36271 59.4216
      vertex -2.51795 1.04297 59.4216
      vertex -0.791271 0.456841 59.6601
    endloop
  endfacet
  facet normal -0.117304 0.0578469 0.99141
    outer loop
      vertex -0.791271 0.456841 59.6601
      vertex -2.51795 1.04297 59.4216
      vertex -0.844131 0.34965 59.6601
    endloop
  endfacet
  facet normal 0.117304 0.0578469 0.99141
    outer loop
      vertex 2.51795 1.04297 59.4216
      vertex 0.791271 0.456841 59.6601
      vertex 0.844131 0.34965 59.6601
    endloop
  endfacet
  facet normal 0.0169643 0.258804 0.965781
    outer loop
      vertex 0 4.49051 58.9486
      vertex 0 2.72541 59.4216
      vertex 0.586128 4.45209 58.9486
    endloop
  endfacet
  facet normal -0.0747919 0.376017 0.923589
    outer loop
      vertex -0.806491 6.12591 58.2493
      vertex -1.16223 4.3375 58.9486
      vertex -0.586128 4.45209 58.9486
    endloop
  endfacet
  facet normal -0.171005 0.194999 0.965781
    outer loop
      vertex -1.65913 2.16221 59.4216
      vertex -3.17527 3.17527 58.9486
      vertex -1.92716 1.92716 59.4216
    endloop
  endfacet
  facet normal -0.963983 0.0631981 0.258347
    outer loop
      vertex -13.1154 1.72668 50.2105
      vertex -13.5844 1.78841 48.4454
      vertex -13.2286 0 50.2105
    endloop
  endfacet
  facet normal -0.922196 0.0604585 0.381968
    outer loop
      vertex -13.1154 1.72668 50.2105
      vertex -13.2286 0 50.2105
      vertex -12.4221 1.6354 51.8988
    endloop
  endfacet
  facet normal -0.922275 -0.0604726 0.381776
    outer loop
      vertex -13.1195 -0.22133 50.439
      vertex -13.2286 0 50.2105
      vertex -13.197 -0.481935 50.2105
    endloop
  endfacet
  facet normal -0.963936 -0.0632043 0.258521
    outer loop
      vertex -13.2286 0 50.2105
      vertex -13.2748 -0.232064 49.9815
      vertex -13.197 -0.481935 50.2105
    endloop
  endfacet
  facet normal -0.831459 0.555586 0
    outer loop
      vertex -12.0725 6.97004 45.72
      vertex -11.0594 8.48619 46.6337
      vertex -11.0594 8.48619 45.72
    endloop
  endfacet
  facet normal -0.831459 0.555586 0
    outer loop
      vertex -11.0594 8.48619 46.6337
      vertex -12.0725 6.97004 45.72
      vertex -12.0725 6.97004 46.6337
    endloop
  endfacet
  facet normal -0.72632 0.636977 0.258301
    outer loop
      vertex -9.68847 9.68847 48.4454
      vertex -10.8702 8.34099 48.4454
      vertex -9.35404 9.35404 50.2105
    endloop
  endfacet
  facet normal -0.653737 0.74543 0.130241
    outer loop
      vertex -8.48619 11.0594 46.6337
      vertex -9.68847 9.68847 48.4454
      vertex -8.34099 10.8702 48.4454
    endloop
  endfacet
  facet normal -0.481389 0.720448 0.499218
    outer loop
      vertex -6.26466 10.8507 51.8988
      vertex -7.62736 9.94017 51.8988
      vertex -5.80781 10.0594 53.4813
    endloop
  endfacet
  facet normal -0.383225 0.777114 0.499232
    outer loop
      vertex -4.79476 11.5756 51.8988
      vertex -5.80781 10.0594 53.4813
      vertex -4.44511 10.7314 53.4813
    endloop
  endfacet
  facet normal -0.474232 0.160983 0.865557
    outer loop
      vertex -5.70844 2.36451 58.2493
      vertex -7.17052 2.97013 57.3356
      vertex -5.96824 1.59918 58.2493
    endloop
  endfacet
  facet normal -0.499788 -0.0327586 0.865528
    outer loop
      vertex -7.36526 0 57.5643
      vertex -7.76132 0 57.3356
      vertex -7.70748 -0.821422 57.3356
    endloop
  endfacet
  facet normal -0.499795 -0.032374 0.865539
    outer loop
      vertex -6.17877 0 58.2493
      vertex -6.57483 0 58.0206
      vertex -6.48337 -0.203524 58.0658
    endloop
  endfacet
  facet normal -0.588562 0.39326 0.706358
    outer loop
      vertex -7.30763 5.60734 56.2232
      vertex -8.33275 6.39394 54.9311
      vertex -7.97701 4.60553 56.2232
    endloop
  endfacet
  facet normal -0.634854 0.313074 0.70636
    outer loop
      vertex -9.09604 5.2516 54.9311
      vertex -9.70369 4.0194 54.9311
      vertex -7.97701 4.60553 56.2232
    endloop
  endfacet
  facet normal -0.383243 0.777113 0.499219
    outer loop
      vertex -4.79476 11.5756 51.8988
      vertex -6.26466 10.8507 51.8988
      vertex -5.80781 10.0594 53.4813
    endloop
  endfacet
  facet normal -0.66019 0.441106 0.607927
    outer loop
      vertex -9.2153 7.07115 53.4813
      vertex -10.0594 5.80781 53.4813
      vertex -8.33275 6.39394 54.9311
    endloop
  endfacet
  facet normal -0.660187 0.441125 0.607916
    outer loop
      vertex -8.33275 6.39394 54.9311
      vertex -10.0594 5.80781 53.4813
      vertex -9.09604 5.2516 54.9311
    endloop
  endfacet
  facet normal -0.588557 0.393263 0.70636
    outer loop
      vertex -8.33275 6.39394 54.9311
      vertex -9.09604 5.2516 54.9311
      vertex -7.97701 4.60553 56.2232
    endloop
  endfacet
  facet normal -0.828874 0.408738 0.381971
    outer loop
      vertex -11.4563 6.61431 50.2105
      vertex -12.2216 5.06237 50.2105
      vertex -10.8507 6.26466 51.8988
    endloop
  endfacet
  facet normal -0.768435 0.513426 0.381972
    outer loop
      vertex -10.495 8.05307 50.2105
      vertex -11.4563 6.61431 50.2105
      vertex -10.8507 6.26466 51.8988
    endloop
  endfacet
  facet normal -0.694264 0.138098 0.706347
    outer loop
      vertex -8.8972 2.384 56.2232
      vertex -10.4133 1.37094 54.9311
      vertex -9.13226 1.20228 56.2232
    endloop
  endfacet
  facet normal -0.694259 0.13808 0.706356
    outer loop
      vertex -10.1453 2.71843 54.9311
      vertex -10.4133 1.37094 54.9311
      vertex -8.8972 2.384 56.2232
    endloop
  endfacet
  facet normal -0.997857 0.0654252 0
    outer loop
      vertex -13.9401 0 46.1764
      vertex -13.8208 1.81955 45.72
      vertex -13.9401 0 45.72
    endloop
  endfacet
  facet normal -0.997857 0.0654252 0
    outer loop
      vertex -13.8208 1.81955 45.72
      vertex -13.9401 0 46.1764
      vertex -13.8208 1.81955 46.6337
    endloop
  endfacet
  facet normal -0.997857 0.0654252 0
    outer loop
      vertex -13.8208 1.81955 46.6337
      vertex -13.9401 0 46.1764
      vertex -13.9401 0 46.6337
    endloop
  endfacet
  facet normal 0.144692 -0.293605 0.944913
    outer loop
      vertex 0.456841 -0.791271 59.6601
      vertex 0.456354 -0.791511 59.6601
      vertex 0.456934 -0.791547 59.66
    endloop
  endfacet
  facet normal -0.128307 -0.0257195 0.991401
    outer loop
      vertex -0.905865 -0.119259 59.6601
      vertex -1.344 -0.176941 59.6019
      vertex -1.31172 -0.257029 59.604
    endloop
  endfacet
  facet normal -0.12821 -0.0255543 0.991418
    outer loop
      vertex -2.7021 -0.355737 59.4216
      vertex -2.43469 -0.638226 59.4489
      vertex -2.31103 -0.304252 59.4735
    endloop
  endfacet
  facet normal -0.128142 -0.025489 0.991428
    outer loop
      vertex -2.43469 -0.638226 59.4489
      vertex -2.7021 -0.355737 59.4216
      vertex -2.63255 -0.705388 59.4216
    endloop
  endfacet
  facet normal -0.254356 -0.0521075 0.965706
    outer loop
      vertex -4.18406 -0.550841 59.0211
      vertex -4.45209 -0.586128 58.9486
      vertex -4.21888 -0.601414 59.0092
    endloop
  endfacet
  facet normal -0.254715 -0.0506661 0.965688
    outer loop
      vertex -2.7021 -0.355737 59.4216
      vertex -2.82961 -0.692472 59.3703
      vertex -2.63255 -0.705388 59.4216
    endloop
  endfacet
  facet normal -0.254459 -0.0507727 0.96575
    outer loop
      vertex -2.82961 -0.692472 59.3703
      vertex -2.7021 -0.355737 59.4216
      vertex -3.06452 -0.403451 59.3236
    endloop
  endfacet
  facet normal 0.254377 0.050597 0.965781
    outer loop
      vertex 4.3375 1.16223 58.9486
      vertex 2.63255 0.705388 59.4216
      vertex 4.45209 0.586128 58.9486
    endloop
  endfacet
  facet normal 0.128278 0.0255161 0.99141
    outer loop
      vertex 2.63255 0.705388 59.4216
      vertex 0.905865 0.119259 59.6601
      vertex 2.7021 0.355737 59.4216
    endloop
  endfacet
  facet normal -0.490821 -0.0975863 0.865778
    outer loop
      vertex -6.12591 -0.806491 58.2493
      vertex -6.20756 -0.81724 58.2018
      vertex -6.11115 -0.880728 58.2493
    endloop
  endfacet
  facet normal -0.254377 0.050597 0.965781
    outer loop
      vertex -4.3375 1.16223 58.9486
      vertex -4.45209 0.586128 58.9486
      vertex -2.63255 0.705388 59.4216
    endloop
  endfacet
  facet normal -0.449164 0.221501 0.865557
    outer loop
      vertex -6.7215 3.88066 57.3356
      vertex -7.17052 2.97013 57.3356
      vertex -5.35097 3.08939 58.2493
    endloop
  endfacet
  facet normal 0.555586 0.831459 -0
    outer loop
      vertex 8.48619 11.0594 45.72
      vertex 6.97004 12.0725 46.6337
      vertex 8.48619 11.0594 46.6337
    endloop
  endfacet
  facet normal 0.555586 0.831459 0
    outer loop
      vertex 6.97004 12.0725 46.6337
      vertex 8.48619 11.0594 45.72
      vertex 6.97004 12.0725 45.72
    endloop
  endfacet
  facet normal 0.12707 -0.0286659 0.991479
    outer loop
      vertex 2.63255 -0.705388 59.4216
      vertex 2.43469 -0.638226 59.4489
      vertex 2.44051 -0.653932 59.4477
    endloop
  endfacet
  facet normal 0.12853 -0.02506 0.991389
    outer loop
      vertex 0.905865 -0.119259 59.6601
      vertex 1.27736 -0.342268 59.6063
      vertex 1.31172 -0.257029 59.604
    endloop
  endfacet
  facet normal 0.128261 -0.0255134 0.991412
    outer loop
      vertex 1.27736 -0.342268 59.6063
      vertex 0.905865 -0.119259 59.6601
      vertex 0.882548 -0.236478 59.6601
    endloop
  endfacet
  facet normal -0.215647 0.144097 0.965781
    outer loop
      vertex -2.16221 1.65913 59.4216
      vertex -3.8889 2.24525 58.9486
      vertex -2.36028 1.36271 59.4216
    endloop
  endfacet
  facet normal -0.00855346 0.130511 0.99141
    outer loop
      vertex 0 2.72541 59.4216
      vertex -0.119259 0.905865 59.6601
      vertex 0 0.913681 59.6601
    endloop
  endfacet
  facet normal 0.53219 0.466725 0.706358
    outer loop
      vertex 8.33275 6.39394 54.9311
      vertex 6.5132 6.5132 56.2232
      vertex 7.30763 5.60734 56.2232
    endloop
  endfacet
  facet normal 0.506843 0.338658 0.79273
    outer loop
      vertex 7.30763 5.60734 56.2232
      vertex 6.15747 4.72479 57.3356
      vertex 7.97701 4.60553 56.2232
    endloop
  endfacet
  facet normal 0.458298 0.401923 0.79273
    outer loop
      vertex 6.5132 6.5132 56.2232
      vertex 6.15747 4.72479 57.3356
      vertex 7.30763 5.60734 56.2232
    endloop
  endfacet
  facet normal 0.458302 0.401921 0.792729
    outer loop
      vertex 6.5132 6.5132 56.2232
      vertex 5.48808 5.48808 57.3356
      vertex 6.15747 4.72479 57.3356
    endloop
  endfacet
  facet normal 0.363036 0.123237 0.923589
    outer loop
      vertex 5.70844 2.36451 58.2493
      vertex 4.3375 1.16223 58.9486
      vertex 5.96824 1.59918 58.2493
    endloop
  endfacet
  facet normal 0.376017 0.0747917 0.923589
    outer loop
      vertex 5.96824 1.59918 58.2493
      vertex 4.3375 1.16223 58.9486
      vertex 6.12591 0.806491 58.2493
    endloop
  endfacet
  facet normal 0.499788 0.0327585 0.865528
    outer loop
      vertex 7.69492 1.01305 57.3356
      vertex 7.36526 0 57.5643
      vertex 7.76132 0 57.3356
    endloop
  endfacet
  facet normal 0.499686 0.0328049 0.865585
    outer loop
      vertex 7.69492 1.01305 57.3356
      vertex 6.57483 0 58.0206
      vertex 7.36526 0 57.5643
    endloop
  endfacet
  facet normal 0.49979 0.0326525 0.865531
    outer loop
      vertex 6.57483 0 58.0206
      vertex 7.69492 1.01305 57.3356
      vertex 6.17877 0 58.2493
    endloop
  endfacet
  facet normal 0.499795 -0.032374 0.865539
    outer loop
      vertex 6.57483 0 58.0206
      vertex 6.17877 0 58.2493
      vertex 6.48337 -0.203524 58.0658
    endloop
  endfacet
  facet normal 0.499788 -0.0327586 0.865528
    outer loop
      vertex 7.76132 0 57.3356
      vertex 7.36526 0 57.5643
      vertex 7.70748 -0.821422 57.3356
    endloop
  endfacet
  facet normal 0.258806 0.0169585 0.965781
    outer loop
      vertex 4.45209 0.586128 58.9486
      vertex 2.7021 0.355737 59.4216
      vertex 2.72541 0 59.4216
    endloop
  endfacet
  facet normal 0.258855 0.0169677 0.965767
    outer loop
      vertex 4.45209 0.586128 58.9486
      vertex 4.04877 0 59.067
      vertex 4.49051 0 58.9486
    endloop
  endfacet
  facet normal 0.258754 0.0170426 0.965793
    outer loop
      vertex 4.45209 0.586128 58.9486
      vertex 3.16716 0 59.3032
      vertex 4.04877 0 59.067
    endloop
  endfacet
  facet normal 0.258851 0.0168178 0.965771
    outer loop
      vertex 3.16716 0 59.3032
      vertex 4.45209 0.586128 58.9486
      vertex 2.72541 0 59.4216
    endloop
  endfacet
  facet normal 0.232613 0.11471 0.965781
    outer loop
      vertex 3.8889 2.24525 58.9486
      vertex 2.51795 1.04297 59.4216
      vertex 4.14869 1.71844 58.9486
    endloop
  endfacet
  facet normal 0.343847 0.169564 0.923589
    outer loop
      vertex 5.70844 2.36451 58.2493
      vertex 3.8889 2.24525 58.9486
      vertex 4.14869 1.71844 58.9486
    endloop
  endfacet
  facet normal 0.0862353 0.0983351 0.99141
    outer loop
      vertex 1.65913 2.16221 59.4216
      vertex 0.64607 0.64607 59.6601
      vertex 1.92716 1.92716 59.4216
    endloop
  endfacet
  facet normal 0.0862364 0.0983343 0.99141
    outer loop
      vertex 1.65913 2.16221 59.4216
      vertex 0.556213 0.724872 59.6601
      vertex 0.64607 0.64607 59.6601
    endloop
  endfacet
  facet normal 0.11471 0.232613 0.965781
    outer loop
      vertex 1.71844 4.14869 58.9486
      vertex 1.04297 2.51795 59.4216
      vertex 2.24525 3.8889 58.9486
    endloop
  endfacet
  facet normal -0.108749 0.0726643 0.99141
    outer loop
      vertex -0.724872 0.556213 59.6601
      vertex -2.16221 1.65913 59.4216
      vertex -0.791271 0.456841 59.6601
    endloop
  endfacet
  facet normal -0.108747 0.0726658 0.99141
    outer loop
      vertex -2.16221 1.65913 59.4216
      vertex -2.36028 1.36271 59.4216
      vertex -0.791271 0.456841 59.6601
    endloop
  endfacet
  facet normal -0.0255161 0.128278 0.99141
    outer loop
      vertex -0.355737 2.7021 59.4216
      vertex -0.705388 2.63255 59.4216
      vertex -0.119259 0.905865 59.6601
    endloop
  endfacet
  facet normal 0.154884 0.778748 0.607917
    outer loop
      vertex 3.00635 11.2198 53.4813
      vertex 1.37094 10.4133 54.9311
      vertex 2.71843 10.1453 54.9311
    endloop
  endfacet
  facet normal 0.154936 0.778708 0.607954
    outer loop
      vertex 1.51614 11.5163 53.4813
      vertex 1.37094 10.4133 54.9311
      vertex 3.00635 11.2198 53.4813
    endloop
  endfacet
  facet normal 0.278235 0.416408 0.865557
    outer loop
      vertex 3.88066 6.7215 57.3356
      vertex 3.08939 5.35097 58.2493
      vertex 4.72479 6.15747 57.3356
    endloop
  endfacet
  facet normal 0.278234 0.41641 0.865557
    outer loop
      vertex 4.72479 6.15747 57.3356
      vertex 3.08939 5.35097 58.2493
      vertex 3.7614 4.90195 58.2493
    endloop
  endfacet
  facet normal -0.160979 0.474235 0.865556
    outer loop
      vertex -2.00878 7.49685 57.3356
      vertex -2.97013 7.17052 57.3356
      vertex -1.59918 5.96824 58.2493
    endloop
  endfacet
  facet normal -0.0976999 0.491188 0.865557
    outer loop
      vertex -1.01305 7.69492 57.3356
      vertex -1.59918 5.96824 58.2493
      vertex -0.806491 6.12591 58.2493
    endloop
  endfacet
  facet normal -0.195941 0.577223 0.79273
    outer loop
      vertex -2.384 8.8972 56.2232
      vertex -3.52492 8.50991 56.2232
      vertex -2.97013 7.17052 57.3356
    endloop
  endfacet
  facet normal -0.138098 0.694264 0.706347
    outer loop
      vertex -1.37094 10.4133 54.9311
      vertex -2.384 8.8972 56.2232
      vertex -1.20228 9.13226 56.2232
    endloop
  endfacet
  facet normal 0.0976999 0.491188 0.865557
    outer loop
      vertex 1.01305 7.69492 57.3356
      vertex 0.806491 6.12591 58.2493
      vertex 1.59918 5.96824 58.2493
    endloop
  endfacet
  facet normal -0.0398672 0.608268 0.79273
    outer loop
      vertex 0 9.21106 56.2232
      vertex -1.20228 9.13226 56.2232
      vertex -1.01305 7.69492 57.3356
    endloop
  endfacet
  facet normal 0.0977071 0.491189 0.865555
    outer loop
      vertex 2.00878 7.49685 57.3356
      vertex 1.01305 7.69492 57.3356
      vertex 1.59918 5.96824 58.2493
    endloop
  endfacet
  facet normal 0.160979 0.474235 0.865556
    outer loop
      vertex 2.00878 7.49685 57.3356
      vertex 1.59918 5.96824 58.2493
      vertex 2.97013 7.17052 57.3356
    endloop
  endfacet
  facet normal 0.255227 0.751865 0.607913
    outer loop
      vertex 4.44511 10.7314 53.4813
      vertex 3.00635 11.2198 53.4813
      vertex 4.0194 9.70369 54.9311
    endloop
  endfacet
  facet normal 0.351175 0.712122 0.607914
    outer loop
      vertex 4.44511 10.7314 53.4813
      vertex 4.0194 9.70369 54.9311
      vertex 5.80781 10.0594 53.4813
    endloop
  endfacet
  facet normal 0.571312 0.651457 0.499206
    outer loop
      vertex 8.85956 8.85956 51.8988
      vertex 7.62736 9.94017 51.8988
      vertex 8.21349 8.21349 53.4813
    endloop
  endfacet
  facet normal 0.609349 0.69483 0.381976
    outer loop
      vertex 9.35404 9.35404 50.2105
      vertex 7.62736 9.94017 51.8988
      vertex 8.85956 8.85956 51.8988
    endloop
  endfacet
  facet normal 0.636977 0.72632 0.258301
    outer loop
      vertex 9.68847 9.68847 48.4454
      vertex 8.34099 10.8702 48.4454
      vertex 9.35404 9.35404 50.2105
    endloop
  endfacet
  facet normal 0.536698 0.803265 0.258303
    outer loop
      vertex 6.85078 11.8659 48.4454
      vertex 6.61431 11.4563 50.2105
      vertex 8.05307 10.495 50.2105
    endloop
  endfacet
  facet normal 0.466725 0.53219 0.706358
    outer loop
      vertex 6.39394 8.33275 54.9311
      vertex 5.60734 7.30763 56.2232
      vertex 6.5132 6.5132 56.2232
    endloop
  endfacet
  facet normal 0.39326 0.588562 0.706358
    outer loop
      vertex 6.39394 8.33275 54.9311
      vertex 4.60553 7.97701 56.2232
      vertex 5.60734 7.30763 56.2232
    endloop
  endfacet
  facet normal 0.588557 0.393263 0.70636
    outer loop
      vertex 8.33275 6.39394 54.9311
      vertex 7.97701 4.60553 56.2232
      vertex 9.09604 5.2516 54.9311
    endloop
  endfacet
  facet normal 0.660187 0.441125 0.607916
    outer loop
      vertex 10.0594 5.80781 53.4813
      vertex 8.33275 6.39394 54.9311
      vertex 9.09604 5.2516 54.9311
    endloop
  endfacet
  facet normal 0.321425 0.946935 -0
    outer loop
      vertex 5.33464 12.879 45.72
      vertex 3.60796 13.4651 46.6337
      vertex 5.33464 12.879 46.6337
    endloop
  endfacet
  facet normal 0.321425 0.946935 0
    outer loop
      vertex 3.60796 13.4651 46.6337
      vertex 5.33464 12.879 45.72
      vertex 3.60796 13.4651 45.72
    endloop
  endfacet
  facet normal 0.278512 0.82049 0.499226
    outer loop
      vertex 3.24282 12.1024 51.8988
      vertex 3.00635 11.2198 53.4813
      vertex 4.79476 11.5756 51.8988
    endloop
  endfacet
  facet normal 0.297057 0.875123 0.38199
    outer loop
      vertex 3.42382 12.7779 50.2105
      vertex 3.24282 12.1024 51.8988
      vertex 4.79476 11.5756 51.8988
    endloop
  endfacet
  facet normal 0.188423 0.947499 0.258347
    outer loop
      vertex 1.78841 13.5844 48.4454
      vertex 1.72668 13.1154 50.2105
      vertex 3.42382 12.7779 50.2105
    endloop
  endfacet
  facet normal -0.0604585 0.922196 0.381968
    outer loop
      vertex 0 13.2286 50.2105
      vertex -1.72668 13.1154 50.2105
      vertex -1.6354 12.4221 51.8988
    endloop
  endfacet
  facet normal 0.0462957 0.70635 0.706347
    outer loop
      vertex 1.37094 10.4133 54.9311
      vertex 0 9.21106 56.2232
      vertex 1.20228 9.13226 56.2232
    endloop
  endfacet
  facet normal 0.0518902 0.792274 0.607955
    outer loop
      vertex 1.51614 11.5163 53.4813
      vertex 0 11.6156 53.4813
      vertex 1.37094 10.4133 54.9311
    endloop
  endfacet
  facet normal -0.0566758 0.864623 0.499214
    outer loop
      vertex 0 12.5293 51.8988
      vertex -1.6354 12.4221 51.8988
      vertex 0 11.6156 53.4813
    endloop
  endfacet
  facet normal 0.0604585 0.922196 0.381968
    outer loop
      vertex 1.72668 13.1154 50.2105
      vertex 0 13.2286 50.2105
      vertex 1.6354 12.4221 51.8988
    endloop
  endfacet
  facet normal -0.0519555 0.7923 0.607915
    outer loop
      vertex 0 11.6156 53.4813
      vertex -1.37094 10.4133 54.9311
      vertex 0 10.5032 54.9311
    endloop
  endfacet
  facet normal -0.169022 0.849826 0.499226
    outer loop
      vertex -1.6354 12.4221 51.8988
      vertex -3.24282 12.1024 51.8988
      vertex -3.00635 11.2198 53.4813
    endloop
  endfacet
  facet normal -0.180277 0.906413 0.381989
    outer loop
      vertex -1.6354 12.4221 51.8988
      vertex -3.42382 12.7779 50.2105
      vertex -3.24282 12.1024 51.8988
    endloop
  endfacet
  facet normal -0.297111 0.875124 0.381946
    outer loop
      vertex -3.42382 12.7779 50.2105
      vertex -5.06237 12.2216 50.2105
      vertex -4.79476 11.5756 51.8988
    endloop
  endfacet
  facet normal -0.195071 0.980789 0
    outer loop
      vertex -1.81955 13.8208 45.72
      vertex -3.60796 13.4651 46.6337
      vertex -1.81955 13.8208 46.6337
    endloop
  endfacet
  facet normal -0.195071 0.980789 0
    outer loop
      vertex -3.60796 13.4651 46.6337
      vertex -1.81955 13.8208 45.72
      vertex -3.60796 13.4651 45.72
    endloop
  endfacet
  facet normal -0.438523 0.889228 0.130272
    outer loop
      vertex -5.33464 12.879 46.6337
      vertex -6.85078 11.8659 48.4454
      vertex -5.24336 12.6586 48.4454
    endloop
  endfacet
  facet normal 0.989364 0.0648361 0.130212
    outer loop
      vertex 13.8208 1.81955 46.6337
      vertex 13.5844 1.78841 48.4454
      vertex 13.7016 0 48.4454
    endloop
  endfacet
  facet normal 0.989353 0.0648946 0.13027
    outer loop
      vertex 13.7613 0 47.992
      vertex 13.8208 1.81955 46.6337
      vertex 13.7016 0 48.4454
    endloop
  endfacet
  facet normal 0.989362 0.0648546 0.130217
    outer loop
      vertex 13.8804 0 47.0871
      vertex 13.8208 1.81955 46.6337
      vertex 13.7613 0 47.992
    endloop
  endfacet
  facet normal 0.989354 0.0648677 0.13027
    outer loop
      vertex 13.8208 1.81955 46.6337
      vertex 13.8804 0 47.0871
      vertex 13.9401 0 46.6337
    endloop
  endfacet
  facet normal 0.864573 -0.0565812 0.499312
    outer loop
      vertex 12.5293 0 51.8988
      vertex 12.3006 0 52.2948
      vertex 12.496 -0.508831 51.8988
    endloop
  endfacet
  facet normal 0.864555 -0.0569379 0.499302
    outer loop
      vertex 11.8443 0 53.0853
      vertex 11.6156 0 53.4813
      vertex 11.7312 -0.234451 53.2544
    endloop
  endfacet
  facet normal 0.922231 -0.0603546 0.381899
    outer loop
      vertex 12.5293 0 51.8988
      vertex 12.496 -0.508831 51.8988
      vertex 12.7043 0 51.4762
    endloop
  endfacet
  facet normal 0.922206 -0.0602292 0.381979
    outer loop
      vertex 13.2286 0 50.2105
      vertex 13.0536 0 50.633
      vertex 13.1195 -0.22133 50.439
    endloop
  endfacet
  facet normal 0.864646 0.0566303 0.499179
    outer loop
      vertex 12.4221 1.6354 51.8988
      vertex 11.5163 1.51614 53.4813
      vertex 11.6156 0 53.4813
    endloop
  endfacet
  facet normal 0.849841 0.169089 0.499179
    outer loop
      vertex 12.4221 1.6354 51.8988
      vertex 11.2198 3.00635 53.4813
      vertex 11.5163 1.51614 53.4813
    endloop
  endfacet
  facet normal 0.866444 0.427265 0.258303
    outer loop
      vertex 11.8659 6.85078 48.4454
      vertex 11.4563 6.61431 50.2105
      vertex 12.2216 5.06237 50.2105
    endloop
  endfacet
  facet normal -0.330209 0.376528 0.865557
    outer loop
      vertex -3.7614 4.90195 58.2493
      vertex -5.48808 5.48808 57.3356
      vertex -4.36905 4.36905 58.2493
    endloop
  endfacet
  facet normal -0.288243 0.252782 0.923589
    outer loop
      vertex -3.17527 3.17527 58.9486
      vertex -4.90195 3.7614 58.2493
      vertex -3.56256 2.73365 58.9486
    endloop
  endfacet
  facet normal -0.130535 0.008555 0.991407
    outer loop
      vertex -0.905865 0.119259 59.6601
      vertex -1.3671 0 59.6004
      vertex -0.913681 0 59.6601
    endloop
  endfacet
  facet normal -0.130488 0.00837068 0.991415
    outer loop
      vertex -0.905865 0.119259 59.6601
      vertex -2.27199 0 59.4813
      vertex -1.3671 0 59.6004
    endloop
  endfacet
  facet normal -0.130534 0.00891341 0.991404
    outer loop
      vertex -2.27199 0 59.4813
      vertex -0.905865 0.119259 59.6601
      vertex -2.72541 0 59.4216
    endloop
  endfacet
  facet normal -0.130499 -0.00907796 0.991407
    outer loop
      vertex -0.905865 -0.119259 59.6601
      vertex -1.35538 -0.0897964 59.6012
      vertex -1.344 -0.176941 59.6019
    endloop
  endfacet
  facet normal -0.130428 -0.00851967 0.991421
    outer loop
      vertex -2.72541 0 59.4216
      vertex -2.31103 -0.304252 59.4735
      vertex -2.27577 -0.0294706 59.4805
    endloop
  endfacet
  facet normal -0.130449 -0.00854777 0.991418
    outer loop
      vertex -2.31103 -0.304252 59.4735
      vertex -2.72541 0 59.4216
      vertex -2.7021 -0.355737 59.4216
    endloop
  endfacet
  facet normal -0.232613 0.11471 0.965781
    outer loop
      vertex -3.8889 2.24525 58.9486
      vertex -4.14869 1.71844 58.9486
      vertex -2.51795 1.04297 59.4216
    endloop
  endfacet
  facet normal -0.0983343 0.0862364 0.99141
    outer loop
      vertex -0.64607 0.64607 59.6601
      vertex -2.16221 1.65913 59.4216
      vertex -0.724872 0.556213 59.6601
    endloop
  endfacet
  facet normal -0.0726643 0.108749 0.99141
    outer loop
      vertex -0.456841 0.791271 59.6601
      vertex -1.65913 2.16221 59.4216
      vertex -0.556213 0.724872 59.6601
    endloop
  endfacet
  facet normal -0.194999 0.171005 0.965781
    outer loop
      vertex -1.92716 1.92716 59.4216
      vertex -3.17527 3.17527 58.9486
      vertex -2.16221 1.65913 59.4216
    endloop
  endfacet
  facet normal -0.194997 0.171007 0.965781
    outer loop
      vertex -3.17527 3.17527 58.9486
      vertex -3.56256 2.73365 58.9486
      vertex -2.16221 1.65913 59.4216
    endloop
  endfacet
  facet normal -0.114707 0.232615 0.965781
    outer loop
      vertex -1.04297 2.51795 59.4216
      vertex -2.24525 3.8889 58.9486
      vertex -1.36271 2.36028 59.4216
    endloop
  endfacet
  facet normal -0.123236 0.363037 0.923589
    outer loop
      vertex -1.16223 4.3375 58.9486
      vertex -2.36451 5.70844 58.2493
      vertex -1.71844 4.14869 58.9486
    endloop
  endfacet
  facet normal -0.169564 0.343847 0.923589
    outer loop
      vertex -1.71844 4.14869 58.9486
      vertex -2.36451 5.70844 58.2493
      vertex -2.24525 3.8889 58.9486
    endloop
  endfacet
  facet normal -0.659342 0.751843 0
    outer loop
      vertex -8.48619 11.0594 45.72
      vertex -9.85713 9.85713 46.6337
      vertex -8.48619 11.0594 46.6337
    endloop
  endfacet
  facet normal -0.659342 0.751843 0
    outer loop
      vertex -9.85713 9.85713 46.6337
      vertex -8.48619 11.0594 45.72
      vertex -9.85713 9.85713 45.72
    endloop
  endfacet
  facet normal -0.438524 0.889228 0.130271
    outer loop
      vertex -5.33464 12.879 46.6337
      vertex -6.97004 12.0725 46.6337
      vertex -6.85078 11.8659 48.4454
    endloop
  endfacet
  facet normal -0.318702 0.938862 0.130257
    outer loop
      vertex -3.60796 13.4651 46.6337
      vertex -5.24336 12.6586 48.4454
      vertex -3.54623 13.2347 48.4454
    endloop
  endfacet
  facet normal -0.636977 0.72632 0.258301
    outer loop
      vertex -8.34099 10.8702 48.4454
      vertex -9.68847 9.68847 48.4454
      vertex -9.35404 9.35404 50.2105
    endloop
  endfacet
  facet normal -0.636984 0.726316 0.258294
    outer loop
      vertex -8.34099 10.8702 48.4454
      vertex -9.35404 9.35404 50.2105
      vertex -8.05307 10.495 50.2105
    endloop
  endfacet
  facet normal -0.571314 0.651456 0.499205
    outer loop
      vertex -7.62736 9.94017 51.8988
      vertex -8.21349 8.21349 53.4813
      vertex -7.07115 9.2153 53.4813
    endloop
  endfacet
  facet normal -0.69483 0.609349 0.381976
    outer loop
      vertex -9.35404 9.35404 50.2105
      vertex -9.94017 7.62736 51.8988
      vertex -8.85956 8.85956 51.8988
    endloop
  endfacet
  facet normal -0.258851 0.0168178 0.965771
    outer loop
      vertex -4.45209 0.586128 58.9486
      vertex -3.16716 0 59.3032
      vertex -2.72541 0 59.4216
    endloop
  endfacet
  facet normal -0.258754 0.0170426 0.965793
    outer loop
      vertex -3.16716 0 59.3032
      vertex -4.45209 0.586128 58.9486
      vertex -4.04877 0 59.067
    endloop
  endfacet
  facet normal -0.258855 0.0169677 0.965767
    outer loop
      vertex -4.04877 0 59.067
      vertex -4.45209 0.586128 58.9486
      vertex -4.49051 0 58.9486
    endloop
  endfacet
  facet normal -0.258855 -0.0170259 0.965766
    outer loop
      vertex -4.49051 0 58.9486
      vertex -4.16913 -0.490077 59.0261
      vertex -4.04877 0 59.067
    endloop
  endfacet
  facet normal -0.258763 -0.0169616 0.965792
    outer loop
      vertex -4.16913 -0.490077 59.0261
      vertex -4.49051 0 58.9486
      vertex -4.45209 -0.586128 58.9486
    endloop
  endfacet
  facet normal -0.25885 -0.0168833 0.96577
    outer loop
      vertex -2.72541 0 59.4216
      vertex -3.16716 0 59.3032
      vertex -3.13204 -0.138032 59.3102
    endloop
  endfacet
  facet normal -0.597858 0.118926 0.792731
    outer loop
      vertex -7.49685 2.00878 57.3356
      vertex -8.8972 2.384 56.2232
      vertex -7.69492 1.01305 57.3356
    endloop
  endfacet
  facet normal -0.382529 -0.0249346 0.923607
    outer loop
      vertex -4.45209 -0.586128 58.9486
      vertex -4.73505 -0.490077 58.834
      vertex -4.68885 -0.617298 58.8497
    endloop
  endfacet
  facet normal -0.382493 -0.0250258 0.923619
    outer loop
      vertex -6.17877 0 58.2493
      vertex -6.02928 -0.793769 58.2897
      vertex -5.80043 -0.128429 58.4025
    endloop
  endfacet
  facet normal -0.382799 -0.0250899 0.923491
    outer loop
      vertex -6.02928 -0.793769 58.2897
      vertex -6.17877 0 58.2493
      vertex -6.12591 -0.806491 58.2493
    endloop
  endfacet
  facet normal -0.212997 0.318771 0.923589
    outer loop
      vertex -2.24525 3.8889 58.9486
      vertex -3.7614 4.90195 58.2493
      vertex -2.73365 3.56256 58.9486
    endloop
  endfacet
  facet normal -0.252784 0.288242 0.923589
    outer loop
      vertex -3.7614 4.90195 58.2493
      vertex -4.36905 4.36905 58.2493
      vertex -3.17527 3.17527 58.9486
    endloop
  endfacet
  facet normal -0.546709 0.269608 0.79273
    outer loop
      vertex -7.97701 4.60553 56.2232
      vertex -8.50991 3.52492 56.2232
      vertex -7.17052 2.97013 57.3356
    endloop
  endfacet
  facet normal -0.546712 0.269606 0.792729
    outer loop
      vertex -6.7215 3.88066 57.3356
      vertex -7.97701 4.60553 56.2232
      vertex -7.17052 2.97013 57.3356
    endloop
  endfacet
  facet normal -0.532191 0.466722 0.706359
    outer loop
      vertex -7.42688 7.42688 54.9311
      vertex -8.33275 6.39394 54.9311
      vertex -6.5132 6.5132 56.2232
    endloop
  endfacet
  facet normal -0.694815 0.609357 0.38199
    outer loop
      vertex -9.35404 9.35404 50.2105
      vertex -10.495 8.05307 50.2105
      vertex -9.94017 7.62736 51.8988
    endloop
  endfacet
  facet normal -0.245582 -0.0833755 0.965784
    outer loop
      vertex -2.63255 -0.705388 59.4216
      vertex -2.78575 -0.746438 59.3791
      vertex -2.57209 -0.883473 59.4216
    endloop
  endfacet
  facet normal -0.254282 -0.0505751 0.965807
    outer loop
      vertex -4.21888 -0.601414 59.0092
      vertex -4.45209 -0.586128 58.9486
      vertex -4.39746 -0.860797 58.9486
    endloop
  endfacet
  facet normal -0.254658 -0.0494861 0.965764
    outer loop
      vertex -2.63255 -0.705388 59.4216
      vertex -2.82961 -0.692472 59.3703
      vertex -2.78575 -0.746438 59.3791
    endloop
  endfacet
  facet normal -0.0578469 0.117304 0.99141
    outer loop
      vertex -0.34965 0.844131 59.6601
      vertex -1.04297 2.51795 59.4216
      vertex -0.456841 0.791271 59.6601
    endloop
  endfacet
  facet normal -0.108797 -0.0726968 0.991402
    outer loop
      vertex -0.791271 -0.456841 59.6601
      vertex -0.900166 -0.690721 59.631
      vertex -0.724872 -0.556213 59.6601
    endloop
  endfacet
  facet normal -0.108523 -0.0728268 0.991423
    outer loop
      vertex -0.900166 -0.690721 59.631
      vertex -0.791271 -0.456841 59.6601
      vertex -0.993707 -0.634372 59.6249
    endloop
  endfacet
  facet normal 0.232615 0.114707 0.965781
    outer loop
      vertex 3.8889 2.24525 58.9486
      vertex 2.36028 1.36271 59.4216
      vertex 2.51795 1.04297 59.4216
    endloop
  endfacet
  facet normal -0.0255168 0.128278 0.99141
    outer loop
      vertex -0.119259 0.905865 59.6601
      vertex -0.705388 2.63255 59.4216
      vertex -0.236478 0.882548 59.6601
    endloop
  endfacet
  facet normal 0.130535 -0.00820462 0.99141
    outer loop
      vertex 0.913681 0 59.6601
      vertex 1.35538 -0.0897964 59.6012
      vertex 1.3671 0 59.6004
    endloop
  endfacet
  facet normal 0.130466 -0.00855047 0.991416
    outer loop
      vertex 1.35538 -0.0897964 59.6012
      vertex 0.913681 0 59.6601
      vertex 0.905865 -0.119259 59.6601
    endloop
  endfacet
  facet normal 0.130533 -0.0101695 0.991392
    outer loop
      vertex 2.72541 0 59.4216
      vertex 2.27199 0 59.4813
      vertex 2.27577 -0.0294706 59.4805
    endloop
  endfacet
  facet normal -0.706239 0.0463119 0.706457
    outer loop
      vertex -10.1798 0 55.2544
      vertex -10.4133 1.37094 54.9311
      vertex -10.5032 0 54.9311
    endloop
  endfacet
  facet normal -0.706372 0.0462588 0.706328
    outer loop
      vertex -9.53444 0 55.8998
      vertex -10.4133 1.37094 54.9311
      vertex -10.1798 0 55.2544
    endloop
  endfacet
  facet normal -0.706372 0.0462589 0.706328
    outer loop
      vertex -10.4133 1.37094 54.9311
      vertex -9.53444 0 55.8998
      vertex -9.21106 0 56.2232
    endloop
  endfacet
  facet normal -0.79227 0.0518808 0.607961
    outer loop
      vertex -11.3372 0 53.8441
      vertex -10.4133 1.37094 54.9311
      vertex -11.6156 0 53.4813
    endloop
  endfacet
  facet normal -0.792294 0.0519249 0.607925
    outer loop
      vertex -10.7816 0 54.5682
      vertex -10.4133 1.37094 54.9311
      vertex -11.3372 0 53.8441
    endloop
  endfacet
  facet normal -0.792348 0.0519586 0.607853
    outer loop
      vertex -10.4133 1.37094 54.9311
      vertex -10.7816 0 54.5682
      vertex -10.5032 0 54.9311
    endloop
  endfacet
  facet normal -0.577223 0.195938 0.792731
    outer loop
      vertex -7.17052 2.97013 57.3356
      vertex -8.8972 2.384 56.2232
      vertex -7.49685 2.00878 57.3356
    endloop
  endfacet
  facet normal -0.499604 -0.0327457 0.865635
    outer loop
      vertex -6.48337 -0.203524 58.0658
      vertex -6.12591 -0.806491 58.2493
      vertex -6.17877 0 58.2493
    endloop
  endfacet
  facet normal -0.499377 -0.0325689 0.865773
    outer loop
      vertex -6.12591 -0.806491 58.2493
      vertex -6.48337 -0.203524 58.0658
      vertex -6.20756 -0.81724 58.2018
    endloop
  endfacet
  facet normal 0.438524 0.889228 0.130271
    outer loop
      vertex 6.97004 12.0725 46.6337
      vertex 5.33464 12.879 46.6337
      vertex 6.85078 11.8659 48.4454
    endloop
  endfacet
  facet normal 0.438523 0.889228 0.130272
    outer loop
      vertex 5.33464 12.879 46.6337
      vertex 5.24336 12.6586 48.4454
      vertex 6.85078 11.8659 48.4454
    endloop
  endfacet
  facet normal 0.376248 -0.0748066 0.923494
    outer loop
      vertex 6.12591 -0.806491 58.2493
      vertex 6.05461 -0.820674 58.2772
      vertex 6.11115 -0.880728 58.2493
    endloop
  endfacet
  facet normal 0.097818 -0.0868588 0.991407
    outer loop
      vertex 0.781561 -0.736602 59.6388
      vertex 0.64607 -0.64607 59.6601
      vertex 0.749142 -0.749142 59.6409
    endloop
  endfacet
  facet normal 0.123521 -0.0419355 0.991455
    outer loop
      vertex 2.63255 -0.705388 59.4216
      vertex 2.44909 -0.668896 59.446
      vertex 2.57209 -0.883473 59.4216
    endloop
  endfacet
  facet normal 0.123872 -0.0422767 0.991397
    outer loop
      vertex 1.21886 -0.424189 59.6101
      vertex 0.844131 -0.34965 59.6601
      vertex 1.1744 -0.486453 59.613
    endloop
  endfacet
  facet normal 0.00855346 0.130511 0.99141
    outer loop
      vertex 0 2.72541 59.4216
      vertex 0 0.913681 59.6601
      vertex 0.119259 0.905865 59.6601
    endloop
  endfacet
  facet normal 0 0 1
    outer loop
      vertex 0.456354 0 59.6601
      vertex 0.913681 0 59.6601
      vertex 0.905865 0.119259 59.6601
    endloop
  endfacet
  facet normal 0 0 1
    outer loop
      vertex 0.456354 0 59.6601
      vertex 0.905865 0.119259 59.6601
      vertex 0.882548 0.236478 59.6601
    endloop
  endfacet
  facet normal 0 0 1
    outer loop
      vertex 0.913681 0 59.6601
      vertex 0.456354 0 59.6601
      vertex 0.905865 -0.119259 59.6601
    endloop
  endfacet
  facet normal 0 0 1
    outer loop
      vertex 0.456354 0 59.6601
      vertex 0.882548 0.236478 59.6601
      vertex 0.844131 0.34965 59.6601
    endloop
  endfacet
  facet normal 0 0 1
    outer loop
      vertex 0.905865 -0.119259 59.6601
      vertex 0.456354 0 59.6601
      vertex 0.882548 -0.236478 59.6601
    endloop
  endfacet
  facet normal 0 0 1
    outer loop
      vertex 0.456354 0 59.6601
      vertex 0.844131 0.34965 59.6601
      vertex 0.791271 0.456841 59.6601
    endloop
  endfacet
  facet normal 0 0 1
    outer loop
      vertex 0.882548 -0.236478 59.6601
      vertex 0.456354 0 59.6601
      vertex 0.844131 -0.34965 59.6601
    endloop
  endfacet
  facet normal 0 0 1
    outer loop
      vertex 0.456354 0 59.6601
      vertex 0.791271 0.456841 59.6601
      vertex 0.724872 0.556213 59.6601
    endloop
  endfacet
  facet normal 0 0 1
    outer loop
      vertex 0.844131 -0.34965 59.6601
      vertex 0.456354 0 59.6601
      vertex 0.791271 -0.456841 59.6601
    endloop
  endfacet
  facet normal 0 0 1
    outer loop
      vertex 0.456354 0 59.6601
      vertex 0.724872 0.556213 59.6601
      vertex 0.64607 0.64607 59.6601
    endloop
  endfacet
  facet normal 0 0 1
    outer loop
      vertex 0.791271 -0.456841 59.6601
      vertex 0.456354 0 59.6601
      vertex 0.724872 -0.556213 59.6601
    endloop
  endfacet
  facet normal 0 0 1
    outer loop
      vertex 0.456354 0 59.6601
      vertex 0.64607 0.64607 59.6601
      vertex 0.556213 0.724872 59.6601
    endloop
  endfacet
  facet normal 0 0 1
    outer loop
      vertex 0.724872 -0.556213 59.6601
      vertex 0.456354 0 59.6601
      vertex 0.64607 -0.64607 59.6601
    endloop
  endfacet
  facet normal 0 0 1
    outer loop
      vertex 0.456354 0 59.6601
      vertex 0.556213 0.724872 59.6601
      vertex 0.456841 0.791271 59.6601
    endloop
  endfacet
  facet normal 0 0 1
    outer loop
      vertex 0.64607 -0.64607 59.6601
      vertex 0.456354 0 59.6601
      vertex 0.556213 -0.724872 59.6601
    endloop
  endfacet
  facet normal 0 0 1
    outer loop
      vertex 0.556213 -0.724872 59.6601
      vertex 0.456354 0 59.6601
      vertex 0.456841 -0.791271 59.6601
    endloop
  endfacet
  facet normal 0 0 1
    outer loop
      vertex 0.34965 0.844131 59.6601
      vertex 0.456354 0 59.6601
      vertex 0.456841 0.791271 59.6601
    endloop
  endfacet
  facet normal 0 0 1
    outer loop
      vertex 0.236478 0.882548 59.6601
      vertex 0.456354 0 59.6601
      vertex 0.34965 0.844131 59.6601
    endloop
  endfacet
  facet normal 0 0 1
    outer loop
      vertex 0.119259 0.905865 59.6601
      vertex 0.456354 0 59.6601
      vertex 0.236478 0.882548 59.6601
    endloop
  endfacet
  facet normal 0 0 1
    outer loop
      vertex 0 0.913681 59.6601
      vertex 0.456354 0 59.6601
      vertex 0.119259 0.905865 59.6601
    endloop
  endfacet
  facet normal 0 0 1
    outer loop
      vertex -0.456354 0 59.6601
      vertex 0 0.913681 59.6601
      vertex -0.119259 0.905865 59.6601
    endloop
  endfacet
  facet normal 0 0 1
    outer loop
      vertex -0.456354 0 59.6601
      vertex -0.119259 0.905865 59.6601
      vertex -0.236478 0.882548 59.6601
    endloop
  endfacet
  facet normal 0 0 1
    outer loop
      vertex -0.456354 0 59.6601
      vertex -0.236478 0.882548 59.6601
      vertex -0.34965 0.844131 59.6601
    endloop
  endfacet
  facet normal 0 0 1
    outer loop
      vertex 0 0.913681 59.6601
      vertex -0.456354 0 59.6601
      vertex 0.456354 0 59.6601
    endloop
  endfacet
  facet normal -0 0 1
    outer loop
      vertex -0.456841 0.791271 59.6601
      vertex -0.456354 0 59.6601
      vertex -0.34965 0.844131 59.6601
    endloop
  endfacet
  facet normal -0 0 1
    outer loop
      vertex -0.556213 0.724872 59.6601
      vertex -0.456354 0 59.6601
      vertex -0.456841 0.791271 59.6601
    endloop
  endfacet
  facet normal -0 0 1
    outer loop
      vertex -0.64607 0.64607 59.6601
      vertex -0.456354 0 59.6601
      vertex -0.556213 0.724872 59.6601
    endloop
  endfacet
  facet normal 0 0 1
    outer loop
      vertex -0.456354 0 59.6601
      vertex -0.556213 -0.724872 59.6601
      vertex -0.456354 -0.791511 59.6601
    endloop
  endfacet
  facet normal 0 0 1
    outer loop
      vertex -0.456354 -0.791511 59.6601
      vertex -0.556213 -0.724872 59.6601
      vertex -0.456841 -0.791271 59.6601
    endloop
  endfacet
  facet normal -0 0 1
    outer loop
      vertex -0.724872 0.556213 59.6601
      vertex -0.456354 0 59.6601
      vertex -0.64607 0.64607 59.6601
    endloop
  endfacet
  facet normal 0 0 1
    outer loop
      vertex -0.456354 0 59.6601
      vertex -0.64607 -0.64607 59.6601
      vertex -0.556213 -0.724872 59.6601
    endloop
  endfacet
  facet normal -0 0 1
    outer loop
      vertex -0.791271 0.456841 59.6601
      vertex -0.456354 0 59.6601
      vertex -0.724872 0.556213 59.6601
    endloop
  endfacet
  facet normal 0 0 1
    outer loop
      vertex -0.456354 0 59.6601
      vertex -0.724872 -0.556213 59.6601
      vertex -0.64607 -0.64607 59.6601
    endloop
  endfacet
  facet normal -0 0 1
    outer loop
      vertex -0.844131 0.34965 59.6601
      vertex -0.456354 0 59.6601
      vertex -0.791271 0.456841 59.6601
    endloop
  endfacet
  facet normal 0 0 1
    outer loop
      vertex -0.456354 0 59.6601
      vertex -0.791271 -0.456841 59.6601
      vertex -0.724872 -0.556213 59.6601
    endloop
  endfacet
  facet normal -0 0 1
    outer loop
      vertex -0.882548 0.236478 59.6601
      vertex -0.456354 0 59.6601
      vertex -0.844131 0.34965 59.6601
    endloop
  endfacet
  facet normal 0 0 1
    outer loop
      vertex -0.456354 0 59.6601
      vertex -0.844131 -0.34965 59.6601
      vertex -0.791271 -0.456841 59.6601
    endloop
  endfacet
  facet normal -0 0 1
    outer loop
      vertex -0.905865 0.119259 59.6601
      vertex -0.456354 0 59.6601
      vertex -0.882548 0.236478 59.6601
    endloop
  endfacet
  facet normal 0 0 1
    outer loop
      vertex -0.456354 0 59.6601
      vertex -0.882548 -0.236478 59.6601
      vertex -0.844131 -0.34965 59.6601
    endloop
  endfacet
  facet normal 0 0 1
    outer loop
      vertex -0.913681 0 59.6601
      vertex -0.456354 0 59.6601
      vertex -0.905865 0.119259 59.6601
    endloop
  endfacet
  facet normal 0 0 1
    outer loop
      vertex -0.456354 0 59.6601
      vertex -0.905865 -0.119259 59.6601
      vertex -0.882548 -0.236478 59.6601
    endloop
  endfacet
  facet normal 0 0 1
    outer loop
      vertex -0.456354 0 59.6601
      vertex -0.913681 0 59.6601
      vertex -0.905865 -0.119259 59.6601
    endloop
  endfacet
  facet normal 0 0 1
    outer loop
      vertex 0.456841 -0.791271 59.6601
      vertex 0.456354 0 59.6601
      vertex 0.456354 -0.791511 59.6601
    endloop
  endfacet
  facet normal 0.491188 0.0976999 0.865557
    outer loop
      vertex 7.69492 1.01305 57.3356
      vertex 5.96824 1.59918 58.2493
      vertex 6.12591 0.806491 58.2493
    endloop
  endfacet
  facet normal 0.597858 0.118926 0.792731
    outer loop
      vertex 8.8972 2.384 56.2232
      vertex 7.49685 2.00878 57.3356
      vertex 7.69492 1.01305 57.3356
    endloop
  endfacet
  facet normal 0.0983351 0.0862353 0.99141
    outer loop
      vertex 1.92716 1.92716 59.4216
      vertex 0.64607 0.64607 59.6601
      vertex 2.16221 1.65913 59.4216
    endloop
  endfacet
  facet normal 0.288243 0.252782 0.923589
    outer loop
      vertex 4.90195 3.7614 58.2493
      vertex 3.17527 3.17527 58.9486
      vertex 3.56256 2.73365 58.9486
    endloop
  endfacet
  facet normal 0.160983 0.474232 0.865557
    outer loop
      vertex 2.97013 7.17052 57.3356
      vertex 1.59918 5.96824 58.2493
      vertex 2.36451 5.70844 58.2493
    endloop
  endfacet
  facet normal 0.0747917 0.376017 0.923589
    outer loop
      vertex 1.59918 5.96824 58.2493
      vertex 0.806491 6.12591 58.2493
      vertex 1.16223 4.3375 58.9486
    endloop
  endfacet
  facet normal 0.114707 0.232615 0.965781
    outer loop
      vertex 2.24525 3.8889 58.9486
      vertex 1.04297 2.51795 59.4216
      vertex 1.36271 2.36028 59.4216
    endloop
  endfacet
  facet normal 0.0420417 0.12385 0.99141
    outer loop
      vertex 0.705388 2.63255 59.4216
      vertex 0.236478 0.882548 59.6601
      vertex 0.34965 0.844131 59.6601
    endloop
  endfacet
  facet normal -0.097818 -0.0868588 0.991407
    outer loop
      vertex -0.64607 -0.64607 59.6601
      vertex -0.781561 -0.736602 59.6388
      vertex -0.749142 -0.749142 59.6409
    endloop
  endfacet
  facet normal 0.108749 0.0726643 0.99141
    outer loop
      vertex 2.16221 1.65913 59.4216
      vertex 0.724872 0.556213 59.6601
      vertex 0.791271 0.456841 59.6601
    endloop
  endfacet
  facet normal -0.123915 -0.0420639 0.991401
    outer loop
      vertex -0.882548 -0.236478 59.6601
      vertex -1.21886 -0.424189 59.6101
      vertex -0.844131 -0.34965 59.6601
    endloop
  endfacet
  facet normal -0.123742 -0.0423767 0.991409
    outer loop
      vertex -1.21886 -0.424189 59.6101
      vertex -0.882548 -0.236478 59.6601
      vertex -1.27736 -0.342268 59.6063
    endloop
  endfacet
  facet normal -0.123549 -0.0417953 0.991458
    outer loop
      vertex -2.44051 -0.653932 59.4477
      vertex -2.63255 -0.705388 59.4216
      vertex -2.44909 -0.668896 59.446
    endloop
  endfacet
  facet normal 0.0747919 0.376017 0.923589
    outer loop
      vertex 0.806491 6.12591 58.2493
      vertex 0.586128 4.45209 58.9486
      vertex 1.16223 4.3375 58.9486
    endloop
  endfacet
  facet normal -0.0169643 0.258804 0.965781
    outer loop
      vertex 0 4.49051 58.9486
      vertex -0.586128 4.45209 58.9486
      vertex 0 2.72541 59.4216
    endloop
  endfacet
  facet normal -0.0726658 0.108747 0.99141
    outer loop
      vertex -1.36271 2.36028 59.4216
      vertex -1.65913 2.16221 59.4216
      vertex -0.456841 0.791271 59.6601
    endloop
  endfacet
  facet normal -0.144097 0.215647 0.965781
    outer loop
      vertex -1.36271 2.36028 59.4216
      vertex -2.24525 3.8889 58.9486
      vertex -1.65913 2.16221 59.4216
    endloop
  endfacet
  facet normal 0.118922 0.59786 0.79273
    outer loop
      vertex 1.20228 9.13226 56.2232
      vertex 1.01305 7.69492 57.3356
      vertex 2.384 8.8972 56.2232
    endloop
  endfacet
  facet normal -0.0518902 0.792274 0.607955
    outer loop
      vertex 0 11.6156 53.4813
      vertex -1.51614 11.5163 53.4813
      vertex -1.37094 10.4133 54.9311
    endloop
  endfacet
  facet normal 0.227528 0.670292 0.706357
    outer loop
      vertex 2.71843 10.1453 54.9311
      vertex 2.384 8.8972 56.2232
      vertex 4.0194 9.70369 54.9311
    endloop
  endfacet
  facet normal 0.138098 0.694264 0.706347
    outer loop
      vertex 1.37094 10.4133 54.9311
      vertex 1.20228 9.13226 56.2232
      vertex 2.384 8.8972 56.2232
    endloop
  endfacet
  facet normal 0.123237 0.363036 0.923589
    outer loop
      vertex 1.59918 5.96824 58.2493
      vertex 1.16223 4.3375 58.9486
      vertex 2.36451 5.70844 58.2493
    endloop
  endfacet
  facet normal 0.212997 0.318771 0.923589
    outer loop
      vertex 3.7614 4.90195 58.2493
      vertex 2.24525 3.8889 58.9486
      vertex 2.73365 3.56256 58.9486
    endloop
  endfacet
  facet normal -0.195938 0.577223 0.792731
    outer loop
      vertex -2.384 8.8972 56.2232
      vertex -2.97013 7.17052 57.3356
      vertex -2.00878 7.49685 57.3356
    endloop
  endfacet
  facet normal -0.0977071 0.491189 0.865555
    outer loop
      vertex -1.01305 7.69492 57.3356
      vertex -2.00878 7.49685 57.3356
      vertex -1.59918 5.96824 58.2493
    endloop
  endfacet
  facet normal -0.269608 0.546709 0.79273
    outer loop
      vertex -3.52492 8.50991 56.2232
      vertex -4.60553 7.97701 56.2232
      vertex -2.97013 7.17052 57.3356
    endloop
  endfacet
  facet normal -0.221501 0.449164 0.865557
    outer loop
      vertex -2.97013 7.17052 57.3356
      vertex -3.88066 6.7215 57.3356
      vertex -3.08939 5.35097 58.2493
    endloop
  endfacet
  facet normal -0.123237 0.363036 0.923589
    outer loop
      vertex -1.59918 5.96824 58.2493
      vertex -2.36451 5.70844 58.2493
      vertex -1.16223 4.3375 58.9486
    endloop
  endfacet
  facet normal -0.0747917 0.376017 0.923589
    outer loop
      vertex -0.806491 6.12591 58.2493
      vertex -1.59918 5.96824 58.2493
      vertex -1.16223 4.3375 58.9486
    endloop
  endfacet
  facet normal -0.466725 0.53219 0.706358
    outer loop
      vertex -6.39394 8.33275 54.9311
      vertex -6.5132 6.5132 56.2232
      vertex -5.60734 7.30763 56.2232
    endloop
  endfacet
  facet normal -0.401923 0.458298 0.79273
    outer loop
      vertex -5.60734 7.30763 56.2232
      vertex -6.5132 6.5132 56.2232
      vertex -4.72479 6.15747 57.3356
    endloop
  endfacet
  facet normal 0.0398688 0.608269 0.792729
    outer loop
      vertex 0 9.21106 56.2232
      vertex 0 7.76132 57.3356
      vertex 1.01305 7.69492 57.3356
    endloop
  endfacet
  facet normal -0.0327544 0.499738 0.865557
    outer loop
      vertex 0 6.17877 58.2493
      vertex -1.01305 7.69492 57.3356
      vertex -0.806491 6.12591 58.2493
    endloop
  endfacet
  facet normal 0.118926 0.597858 0.792731
    outer loop
      vertex 2.384 8.8972 56.2232
      vertex 1.01305 7.69492 57.3356
      vertex 2.00878 7.49685 57.3356
    endloop
  endfacet
  facet normal 0.195938 0.577223 0.792731
    outer loop
      vertex 2.384 8.8972 56.2232
      vertex 2.00878 7.49685 57.3356
      vertex 2.97013 7.17052 57.3356
    endloop
  endfacet
  facet normal 0.427265 0.866444 0.258303
    outer loop
      vertex 6.85078 11.8659 48.4454
      vertex 5.06237 12.2216 50.2105
      vertex 6.61431 11.4563 50.2105
    endloop
  endfacet
  facet normal 0.427281 0.86643 0.258322
    outer loop
      vertex 5.24336 12.6586 48.4454
      vertex 5.06237 12.2216 50.2105
      vertex 6.85078 11.8659 48.4454
    endloop
  endfacet
  facet normal 0.0631981 0.963983 0.258347
    outer loop
      vertex 1.78841 13.5844 48.4454
      vertex 0 13.2286 50.2105
      vertex 1.72668 13.1154 50.2105
    endloop
  endfacet
  facet normal 0.0631733 0.963991 0.258324
    outer loop
      vertex 0 13.7016 48.4454
      vertex 0 13.2286 50.2105
      vertex 1.78841 13.5844 48.4454
    endloop
  endfacet
  facet normal -0.154884 0.778748 0.607917
    outer loop
      vertex -1.37094 10.4133 54.9311
      vertex -3.00635 11.2198 53.4813
      vertex -2.71843 10.1453 54.9311
    endloop
  endfacet
  facet normal -0.255218 0.751864 0.607918
    outer loop
      vertex -3.00635 11.2198 53.4813
      vertex -4.0194 9.70369 54.9311
      vertex -2.71843 10.1453 54.9311
    endloop
  endfacet
  facet normal -0.0566303 0.864646 0.499179
    outer loop
      vertex 0 11.6156 53.4813
      vertex -1.6354 12.4221 51.8988
      vertex -1.51614 11.5163 53.4813
    endloop
  endfacet
  facet normal -0.169089 0.849841 0.499179
    outer loop
      vertex -1.6354 12.4221 51.8988
      vertex -3.00635 11.2198 53.4813
      vertex -1.51614 11.5163 53.4813
    endloop
  endfacet
  facet normal -0.408738 0.828874 0.381971
    outer loop
      vertex -5.06237 12.2216 50.2105
      vertex -6.61431 11.4563 50.2105
      vertex -6.26466 10.8507 51.8988
    endloop
  endfacet
  facet normal -0.513426 0.768435 0.381972
    outer loop
      vertex -6.61431 11.4563 50.2105
      vertex -8.05307 10.495 50.2105
      vertex -6.26466 10.8507 51.8988
    endloop
  endfacet
  facet normal -0.297057 0.875123 0.38199
    outer loop
      vertex -3.42382 12.7779 50.2105
      vertex -4.79476 11.5756 51.8988
      vertex -3.24282 12.1024 51.8988
    endloop
  endfacet
  facet normal -0.278512 0.82049 0.499226
    outer loop
      vertex -3.24282 12.1024 51.8988
      vertex -4.79476 11.5756 51.8988
      vertex -3.00635 11.2198 53.4813
    endloop
  endfacet
  facet normal -0.321425 0.946935 0
    outer loop
      vertex -3.60796 13.4651 45.72
      vertex -5.33464 12.879 46.6337
      vertex -3.60796 13.4651 46.6337
    endloop
  endfacet
  facet normal -0.321425 0.946935 0
    outer loop
      vertex -5.33464 12.879 46.6337
      vertex -3.60796 13.4651 45.72
      vertex -5.33464 12.879 45.72
    endloop
  endfacet
  facet normal -0.427281 0.86643 0.258322
    outer loop
      vertex -5.24336 12.6586 48.4454
      vertex -6.85078 11.8659 48.4454
      vertex -5.06237 12.2216 50.2105
    endloop
  endfacet
  facet normal 0.980789 0.195071 0
    outer loop
      vertex 13.8208 1.81955 46.6337
      vertex 13.4651 3.60796 45.72
      vertex 13.4651 3.60796 46.6337
    endloop
  endfacet
  facet normal 0.980789 0.195071 0
    outer loop
      vertex 13.4651 3.60796 45.72
      vertex 13.8208 1.81955 46.6337
      vertex 13.8208 1.81955 45.72
    endloop
  endfacet
  facet normal 0.889228 0.438524 0.130271
    outer loop
      vertex 12.0725 6.97004 46.6337
      vertex 11.8659 6.85078 48.4454
      vertex 12.879 5.33464 46.6337
    endloop
  endfacet
  facet normal 0.824374 0.550851 0.13027
    outer loop
      vertex 12.0725 6.97004 46.6337
      vertex 11.0594 8.48619 46.6337
      vertex 11.8659 6.85078 48.4454
    endloop
  endfacet
  facet normal -0.212996 0.318773 0.923589
    outer loop
      vertex -3.08939 5.35097 58.2493
      vertex -3.7614 4.90195 58.2493
      vertex -2.24525 3.8889 58.9486
    endloop
  endfacet
  facet normal -0.169566 0.343847 0.923589
    outer loop
      vertex -2.36451 5.70844 58.2493
      vertex -3.08939 5.35097 58.2493
      vertex -2.24525 3.8889 58.9486
    endloop
  endfacet
  facet normal 0.0723891 -0.109118 0.991389
    outer loop
      vertex 0.556213 -0.724872 59.6601
      vertex 0.457081 -0.791545 59.66
      vertex 0.59964 -0.781466 59.6507
    endloop
  endfacet
  facet normal 0.148253 -0.221873 0.963739
    outer loop
      vertex 0.457081 -0.791545 59.66
      vertex 0.556213 -0.724872 59.6601
      vertex 0.456841 -0.791271 59.6601
    endloop
  endfacet
  facet normal -0.123521 -0.0419355 0.991455
    outer loop
      vertex -2.44909 -0.668896 59.446
      vertex -2.63255 -0.705388 59.4216
      vertex -2.57209 -0.883473 59.4216
    endloop
  endfacet
  facet normal -0.123872 -0.0422767 0.991397
    outer loop
      vertex -0.844131 -0.34965 59.6601
      vertex -1.21886 -0.424189 59.6101
      vertex -1.1744 -0.486453 59.613
    endloop
  endfacet
  facet normal -0.343847 0.169566 0.923589
    outer loop
      vertex -5.35097 3.08939 58.2493
      vertex -5.70844 2.36451 58.2493
      vertex -3.8889 2.24525 58.9486
    endloop
  endfacet
  facet normal -0.123849 0.0420436 0.99141
    outer loop
      vertex -2.51795 1.04297 59.4216
      vertex -2.63255 0.705388 59.4216
      vertex -0.844131 0.34965 59.6601
    endloop
  endfacet
  facet normal -0.245594 0.0833727 0.965781
    outer loop
      vertex -2.51795 1.04297 59.4216
      vertex -4.3375 1.16223 58.9486
      vertex -2.63255 0.705388 59.4216
    endloop
  endfacet
  facet normal -0.245595 0.0833691 0.965781
    outer loop
      vertex -4.14869 1.71844 58.9486
      vertex -4.3375 1.16223 58.9486
      vertex -2.51795 1.04297 59.4216
    endloop
  endfacet
  facet normal -0.555586 0.831459 0
    outer loop
      vertex -6.97004 12.0725 45.72
      vertex -8.48619 11.0594 46.6337
      vertex -6.97004 12.0725 46.6337
    endloop
  endfacet
  facet normal -0.555586 0.831459 0
    outer loop
      vertex -8.48619 11.0594 46.6337
      vertex -6.97004 12.0725 45.72
      vertex -8.48619 11.0594 45.72
    endloop
  endfacet
  facet normal -0.768415 0.51344 0.381992
    outer loop
      vertex -10.495 8.05307 50.2105
      vertex -10.8507 6.26466 51.8988
      vertex -9.94017 7.62736 51.8988
    endloop
  endfacet
  facet normal -0.720448 0.481389 0.499218
    outer loop
      vertex -9.94017 7.62736 51.8988
      vertex -10.8507 6.26466 51.8988
      vertex -10.0594 5.80781 53.4813
    endloop
  endfacet
  facet normal -0.258806 0.0169585 0.965781
    outer loop
      vertex -2.7021 0.355737 59.4216
      vertex -4.45209 0.586128 58.9486
      vertex -2.72541 0 59.4216
    endloop
  endfacet
  facet normal -0.130511 0.00855187 0.99141
    outer loop
      vertex -2.7021 0.355737 59.4216
      vertex -2.72541 0 59.4216
      vertex -0.905865 0.119259 59.6601
    endloop
  endfacet
  facet normal -0.506843 0.338658 0.79273
    outer loop
      vertex -7.30763 5.60734 56.2232
      vertex -7.97701 4.60553 56.2232
      vertex -6.15747 4.72479 57.3356
    endloop
  endfacet
  facet normal -0.458298 0.401923 0.79273
    outer loop
      vertex -6.5132 6.5132 56.2232
      vertex -7.30763 5.60734 56.2232
      vertex -6.15747 4.72479 57.3356
    endloop
  endfacet
  facet normal -0.466722 0.532191 0.706359
    outer loop
      vertex -6.39394 8.33275 54.9311
      vertex -7.42688 7.42688 54.9311
      vertex -6.5132 6.5132 56.2232
    endloop
  endfacet
  facet normal -0.523517 0.596953 0.607928
    outer loop
      vertex -6.39394 8.33275 54.9311
      vertex -8.21349 8.21349 53.4813
      vertex -7.42688 7.42688 54.9311
    endloop
  endfacet
  facet normal 0.123849 0.0420436 0.99141
    outer loop
      vertex 2.51795 1.04297 59.4216
      vertex 0.844131 0.34965 59.6601
      vertex 2.63255 0.705388 59.4216
    endloop
  endfacet
  facet normal -0.109063 -0.072209 0.991409
    outer loop
      vertex -0.791271 -0.456841 59.6601
      vertex -1.04512 -0.6034 59.6215
      vertex -0.993707 -0.634372 59.6249
    endloop
  endfacet
  facet normal -0.117484 -0.057621 0.991402
    outer loop
      vertex -0.791271 -0.456841 59.6601
      vertex -1.09366 -0.559489 59.6183
      vertex -1.04512 -0.6034 59.6215
    endloop
  endfacet
  facet normal -0.608268 0.0398672 0.79273
    outer loop
      vertex -9.13226 1.20228 56.2232
      vertex -9.21106 0 56.2232
      vertex -7.69492 1.01305 57.3356
    endloop
  endfacet
  facet normal 0.536708 0.803262 0.258293
    outer loop
      vertex 8.34099 10.8702 48.4454
      vertex 6.85078 11.8659 48.4454
      vertex 8.05307 10.495 50.2105
    endloop
  endfacet
  facet normal 0.636984 0.726316 0.258294
    outer loop
      vertex 8.34099 10.8702 48.4454
      vertex 8.05307 10.495 50.2105
      vertex 9.35404 9.35404 50.2105
    endloop
  endfacet
  facet normal 0.382799 -0.0250899 0.923491
    outer loop
      vertex 6.17877 0 58.2493
      vertex 6.02928 -0.793769 58.2897
      vertex 6.12591 -0.806491 58.2493
    endloop
  endfacet
  facet normal 0.382493 -0.0250258 0.923619
    outer loop
      vertex 6.02928 -0.793769 58.2897
      vertex 6.17877 0 58.2493
      vertex 5.80043 -0.128429 58.4025
    endloop
  endfacet
  facet normal 0.382529 -0.0249346 0.923607
    outer loop
      vertex 4.73505 -0.490077 58.834
      vertex 4.45209 -0.586128 58.9486
      vertex 4.68885 -0.617298 58.8497
    endloop
  endfacet
  facet normal 0.382544 -0.0252073 0.923593
    outer loop
      vertex 6.17877 0 58.2493
      vertex 5.75626 0 58.4243
      vertex 5.80043 -0.128429 58.4025
    endloop
  endfacet
  facet normal 0.382545 -0.0250908 0.923596
    outer loop
      vertex 4.49051 0 58.9486
      vertex 4.73505 -0.490077 58.834
      vertex 4.91302 0 58.7736
    endloop
  endfacet
  facet normal 0.382569 -0.0250769 0.923587
    outer loop
      vertex 4.73505 -0.490077 58.834
      vertex 4.49051 0 58.9486
      vertex 4.45209 -0.586128 58.9486
    endloop
  endfacet
  facet normal 0.245582 -0.0833755 0.965784
    outer loop
      vertex 2.63255 -0.705388 59.4216
      vertex 2.57209 -0.883473 59.4216
      vertex 2.78575 -0.746438 59.3791
    endloop
  endfacet
  facet normal 0.123549 -0.0417953 0.991458
    outer loop
      vertex 2.63255 -0.705388 59.4216
      vertex 2.44051 -0.653932 59.4477
      vertex 2.44909 -0.668896 59.446
    endloop
  endfacet
  facet normal 0.123742 -0.0423767 0.991409
    outer loop
      vertex 0.882548 -0.236478 59.6601
      vertex 1.21886 -0.424189 59.6101
      vertex 1.27736 -0.342268 59.6063
    endloop
  endfacet
  facet normal 0.123915 -0.0420639 0.991401
    outer loop
      vertex 1.21886 -0.424189 59.6101
      vertex 0.882548 -0.236478 59.6601
      vertex 0.844131 -0.34965 59.6601
    endloop
  endfacet
  facet normal 0.0859002 -0.0982888 0.991444
    outer loop
      vertex 0.64607 -0.64607 59.6601
      vertex 0.59964 -0.781466 59.6507
      vertex 0.719258 -0.755604 59.6429
    endloop
  endfacet
  facet normal 0.0863195 -0.0984291 0.991393
    outer loop
      vertex 0.59964 -0.781466 59.6507
      vertex 0.64607 -0.64607 59.6601
      vertex 0.556213 -0.724872 59.6601
    endloop
  endfacet
  facet normal 0.0873882 -0.0972896 0.991412
    outer loop
      vertex 0.749142 -0.749142 59.6409
      vertex 0.64607 -0.64607 59.6601
      vertex 0.719258 -0.755604 59.6429
    endloop
  endfacet
  facet normal 0.474235 0.160979 0.865556
    outer loop
      vertex 7.17052 2.97013 57.3356
      vertex 5.96824 1.59918 58.2493
      vertex 7.49685 2.00878 57.3356
    endloop
  endfacet
  facet normal 0.474232 0.160983 0.865557
    outer loop
      vertex 7.17052 2.97013 57.3356
      vertex 5.70844 2.36451 58.2493
      vertex 5.96824 1.59918 58.2493
    endloop
  endfacet
  facet normal 0.108747 0.0726658 0.99141
    outer loop
      vertex 2.16221 1.65913 59.4216
      vertex 0.791271 0.456841 59.6601
      vertex 2.36028 1.36271 59.4216
    endloop
  endfacet
  facet normal 0.117304 0.057845 0.99141
    outer loop
      vertex 2.36028 1.36271 59.4216
      vertex 0.791271 0.456841 59.6601
      vertex 2.51795 1.04297 59.4216
    endloop
  endfacet
  facet normal -0.171007 0.194997 0.965781
    outer loop
      vertex -2.73365 3.56256 58.9486
      vertex -3.17527 3.17527 58.9486
      vertex -1.65913 2.16221 59.4216
    endloop
  endfacet
  facet normal 0.0983343 0.0862364 0.99141
    outer loop
      vertex 2.16221 1.65913 59.4216
      vertex 0.64607 0.64607 59.6601
      vertex 0.724872 0.556213 59.6601
    endloop
  endfacet
  facet normal 0.194999 0.171005 0.965781
    outer loop
      vertex 3.17527 3.17527 58.9486
      vertex 1.92716 1.92716 59.4216
      vertex 2.16221 1.65913 59.4216
    endloop
  endfacet
  facet normal 0.171005 0.194999 0.965781
    outer loop
      vertex 3.17527 3.17527 58.9486
      vertex 1.65913 2.16221 59.4216
      vertex 1.92716 1.92716 59.4216
    endloop
  endfacet
  facet normal 0.050597 0.254377 0.965781
    outer loop
      vertex 1.16223 4.3375 58.9486
      vertex 0.586128 4.45209 58.9486
      vertex 0.705388 2.63255 59.4216
    endloop
  endfacet
  facet normal 0.0250766 0.382563 0.923589
    outer loop
      vertex 0 6.17877 58.2493
      vertex 0 4.49051 58.9486
      vertex 0.586128 4.45209 58.9486
    endloop
  endfacet
  facet normal -0.0982724 -0.0861821 0.991421
    outer loop
      vertex -0.724872 -0.556213 59.6601
      vertex -0.781561 -0.736602 59.6388
      vertex -0.64607 -0.64607 59.6601
    endloop
  endfacet
  facet normal -0.0985083 -0.086106 0.991404
    outer loop
      vertex -0.781561 -0.736602 59.6388
      vertex -0.724872 -0.556213 59.6601
      vertex -0.900166 -0.690721 59.631
    endloop
  endfacet
  facet normal 0.0726658 0.108747 0.99141
    outer loop
      vertex 1.36271 2.36028 59.4216
      vertex 0.456841 0.791271 59.6601
      vertex 1.65913 2.16221 59.4216
    endloop
  endfacet
  facet normal -0.00855187 0.130511 0.99141
    outer loop
      vertex 0 2.72541 59.4216
      vertex -0.355737 2.7021 59.4216
      vertex -0.119259 0.905865 59.6601
    endloop
  endfacet
  facet normal -0.0169585 0.258806 0.965781
    outer loop
      vertex 0 2.72541 59.4216
      vertex -0.586128 4.45209 58.9486
      vertex -0.355737 2.7021 59.4216
    endloop
  endfacet
  facet normal 0.00855187 0.130511 0.99141
    outer loop
      vertex 0.355737 2.7021 59.4216
      vertex 0 2.72541 59.4216
      vertex 0.119259 0.905865 59.6601
    endloop
  endfacet
  facet normal 0.0255161 0.128278 0.99141
    outer loop
      vertex 0.355737 2.7021 59.4216
      vertex 0.119259 0.905865 59.6601
      vertex 0.705388 2.63255 59.4216
    endloop
  endfacet
  facet normal -0.0420417 0.12385 0.99141
    outer loop
      vertex -0.236478 0.882548 59.6601
      vertex -0.705388 2.63255 59.4216
      vertex -0.34965 0.844131 59.6601
    endloop
  endfacet
  facet normal 0.0203908 -0.346644 0.937775
    outer loop
      vertex -0.456841 -0.791271 59.6601
      vertex -0.457002 -0.791551 59.66
      vertex -0.456934 -0.791547 59.66
    endloop
  endfacet
  facet normal -0.0833691 0.245595 0.965781
    outer loop
      vertex -1.16223 4.3375 58.9486
      vertex -1.71844 4.14869 58.9486
      vertex -1.04297 2.51795 59.4216
    endloop
  endfacet
  facet normal -0.11471 0.232613 0.965781
    outer loop
      vertex -1.71844 4.14869 58.9486
      vertex -2.24525 3.8889 58.9486
      vertex -1.04297 2.51795 59.4216
    endloop
  endfacet
  facet normal -0.0862353 0.0983351 0.99141
    outer loop
      vertex -1.65913 2.16221 59.4216
      vertex -1.92716 1.92716 59.4216
      vertex -0.64607 0.64607 59.6601
    endloop
  endfacet
  facet normal -0.0862364 0.0983343 0.99141
    outer loop
      vertex -0.556213 0.724872 59.6601
      vertex -1.65913 2.16221 59.4216
      vertex -0.64607 0.64607 59.6601
    endloop
  endfacet
  facet normal 0.330209 0.376528 0.865557
    outer loop
      vertex 5.48808 5.48808 57.3356
      vertex 3.7614 4.90195 58.2493
      vertex 4.36905 4.36905 58.2493
    endloop
  endfacet
  facet normal 0.252784 0.288242 0.923589
    outer loop
      vertex 3.7614 4.90195 58.2493
      vertex 3.17527 3.17527 58.9486
      vertex 4.36905 4.36905 58.2493
    endloop
  endfacet
  facet normal 0.169566 0.343847 0.923589
    outer loop
      vertex 2.36451 5.70844 58.2493
      vertex 2.24525 3.8889 58.9486
      vertex 3.08939 5.35097 58.2493
    endloop
  endfacet
  facet normal 0.221502 0.449164 0.865557
    outer loop
      vertex 2.97013 7.17052 57.3356
      vertex 2.36451 5.70844 58.2493
      vertex 3.08939 5.35097 58.2493
    endloop
  endfacet
  facet normal 0.144097 0.215647 0.965781
    outer loop
      vertex 2.24525 3.8889 58.9486
      vertex 1.36271 2.36028 59.4216
      vertex 1.65913 2.16221 59.4216
    endloop
  endfacet
  facet normal 0.144093 0.215649 0.965781
    outer loop
      vertex 2.24525 3.8889 58.9486
      vertex 1.65913 2.16221 59.4216
      vertex 2.73365 3.56256 58.9486
    endloop
  endfacet
  facet normal 0.0519555 0.7923 0.607915
    outer loop
      vertex 0 11.6156 53.4813
      vertex 0 10.5032 54.9311
      vertex 1.37094 10.4133 54.9311
    endloop
  endfacet
  facet normal -0.0462957 0.70635 0.706347
    outer loop
      vertex 0 9.21106 56.2232
      vertex -1.37094 10.4133 54.9311
      vertex -1.20228 9.13226 56.2232
    endloop
  endfacet
  facet normal -0.0327551 0.499738 0.865557
    outer loop
      vertex 0 7.76132 57.3356
      vertex -1.01305 7.69492 57.3356
      vertex 0 6.17877 58.2493
    endloop
  endfacet
  facet normal 0.0327551 0.499738 0.865557
    outer loop
      vertex 0 7.76132 57.3356
      vertex 0 6.17877 58.2493
      vertex 1.01305 7.69492 57.3356
    endloop
  endfacet
  facet normal -0.227528 0.670292 0.706357
    outer loop
      vertex -2.71843 10.1453 54.9311
      vertex -4.0194 9.70369 54.9311
      vertex -2.384 8.8972 56.2232
    endloop
  endfacet
  facet normal -0.13808 0.694259 0.706356
    outer loop
      vertex -1.37094 10.4133 54.9311
      vertex -2.71843 10.1453 54.9311
      vertex -2.384 8.8972 56.2232
    endloop
  endfacet
  facet normal -0.441106 0.66019 0.607927
    outer loop
      vertex -5.80781 10.0594 53.4813
      vertex -7.07115 9.2153 53.4813
      vertex -6.39394 8.33275 54.9311
    endloop
  endfacet
  facet normal -0.441125 0.660187 0.607916
    outer loop
      vertex -5.80781 10.0594 53.4813
      vertex -6.39394 8.33275 54.9311
      vertex -5.2516 9.09604 54.9311
    endloop
  endfacet
  facet normal -0.193409 0.972433 0.130258
    outer loop
      vertex -1.81955 13.8208 46.6337
      vertex -3.60796 13.4651 46.6337
      vertex -3.54623 13.2347 48.4454
    endloop
  endfacet
  facet normal 0.74543 0.653737 0.130241
    outer loop
      vertex 11.0594 8.48619 46.6337
      vertex 9.68847 9.68847 48.4454
      vertex 10.8702 8.34099 48.4454
    endloop
  endfacet
  facet normal 0.72632 0.636977 0.258301
    outer loop
      vertex 9.68847 9.68847 48.4454
      vertex 9.35404 9.35404 50.2105
      vertex 10.8702 8.34099 48.4454
    endloop
  endfacet
  facet normal 0.889228 0.438523 0.130272
    outer loop
      vertex 12.879 5.33464 46.6337
      vertex 11.8659 6.85078 48.4454
      vertex 12.6586 5.24336 48.4454
    endloop
  endfacet
  facet normal 0.86643 0.427281 0.258322
    outer loop
      vertex 12.6586 5.24336 48.4454
      vertex 11.8659 6.85078 48.4454
      vertex 12.2216 5.06237 50.2105
    endloop
  endfacet
  facet normal -0.318773 0.212996 0.923589
    outer loop
      vertex -4.90195 3.7614 58.2493
      vertex -5.35097 3.08939 58.2493
      vertex -3.8889 2.24525 58.9486
    endloop
  endfacet
  facet normal -0.318771 0.212997 0.923589
    outer loop
      vertex -3.56256 2.73365 58.9486
      vertex -4.90195 3.7614 58.2493
      vertex -3.8889 2.24525 58.9486
    endloop
  endfacet
  facet normal -0.221502 0.449164 0.865557
    outer loop
      vertex -2.97013 7.17052 57.3356
      vertex -3.08939 5.35097 58.2493
      vertex -2.36451 5.70844 58.2493
    endloop
  endfacet
  facet normal -0.278235 0.416408 0.865557
    outer loop
      vertex -3.88066 6.7215 57.3356
      vertex -4.72479 6.15747 57.3356
      vertex -3.08939 5.35097 58.2493
    endloop
  endfacet
  facet normal -0.474235 0.160979 0.865556
    outer loop
      vertex -7.17052 2.97013 57.3356
      vertex -7.49685 2.00878 57.3356
      vertex -5.96824 1.59918 58.2493
    endloop
  endfacet
  facet normal -0.363037 0.123236 0.923589
    outer loop
      vertex -4.14869 1.71844 58.9486
      vertex -5.70844 2.36451 58.2493
      vertex -4.3375 1.16223 58.9486
    endloop
  endfacet
  facet normal -0.651457 0.571312 0.499206
    outer loop
      vertex -8.85956 8.85956 51.8988
      vertex -9.94017 7.62736 51.8988
      vertex -8.21349 8.21349 53.4813
    endloop
  endfacet
  facet normal -0.596954 0.523517 0.607927
    outer loop
      vertex -8.21349 8.21349 53.4813
      vertex -9.2153 7.07115 53.4813
      vertex -8.33275 6.39394 54.9311
    endloop
  endfacet
  facet normal 0.0578469 0.117304 0.99141
    outer loop
      vertex 1.04297 2.51795 59.4216
      vertex 0.34965 0.844131 59.6601
      vertex 0.456841 0.791271 59.6601
    endloop
  endfacet
  facet normal -0.49979 0.0326525 0.865531
    outer loop
      vertex -7.69492 1.01305 57.3356
      vertex -6.57483 0 58.0206
      vertex -6.17877 0 58.2493
    endloop
  endfacet
  facet normal -0.499686 0.0328049 0.865585
    outer loop
      vertex -6.57483 0 58.0206
      vertex -7.69492 1.01305 57.3356
      vertex -7.36526 0 57.5643
    endloop
  endfacet
  facet normal -0.499788 0.0327585 0.865528
    outer loop
      vertex -7.36526 0 57.5643
      vertex -7.69492 1.01305 57.3356
      vertex -7.76132 0 57.3356
    endloop
  endfacet
  facet normal -0.608333 -0.0398682 0.79268
    outer loop
      vertex -8.93334 -0.185564 56.427
      vertex -9.21106 0 56.2232
      vertex -9.1657 -0.692131 56.2232
    endloop
  endfacet
  facet normal 0.254658 -0.0494861 0.965764
    outer loop
      vertex 2.82961 -0.692472 59.3703
      vertex 2.63255 -0.705388 59.4216
      vertex 2.78575 -0.746438 59.3791
    endloop
  endfacet
  facet normal 0.254282 -0.0505751 0.965807
    outer loop
      vertex 4.45209 -0.586128 58.9486
      vertex 4.21888 -0.601414 59.0092
      vertex 4.39746 -0.860797 58.9486
    endloop
  endfacet
  facet normal 0.258826 -0.0169598 0.965775
    outer loop
      vertex 2.7021 -0.355737 59.4216
      vertex 3.13204 -0.138032 59.3102
      vertex 2.72541 0 59.4216
    endloop
  endfacet
  facet normal 0.258893 -0.0171025 0.965755
    outer loop
      vertex 3.13204 -0.138032 59.3102
      vertex 2.7021 -0.355737 59.4216
      vertex 3.06452 -0.403451 59.3236
    endloop
  endfacet
  facet normal 0.259138 -0.0157926 0.965711
    outer loop
      vertex 4.45209 -0.586128 58.9486
      vertex 4.16913 -0.490077 59.0261
      vertex 4.18406 -0.550841 59.0211
    endloop
  endfacet
  facet normal 0.108523 -0.0728268 0.991423
    outer loop
      vertex 0.791271 -0.456841 59.6601
      vertex 0.900166 -0.690721 59.631
      vertex 0.993707 -0.634372 59.6249
    endloop
  endfacet
  facet normal 0.108797 -0.0726968 0.991402
    outer loop
      vertex 0.900166 -0.690721 59.631
      vertex 0.791271 -0.456841 59.6601
      vertex 0.724872 -0.556213 59.6601
    endloop
  endfacet
  facet normal 0.0985083 -0.086106 0.991404
    outer loop
      vertex 0.724872 -0.556213 59.6601
      vertex 0.781561 -0.736602 59.6388
      vertex 0.900166 -0.690721 59.631
    endloop
  endfacet
  facet normal 0.0982724 -0.0861821 0.991421
    outer loop
      vertex 0.781561 -0.736602 59.6388
      vertex 0.724872 -0.556213 59.6601
      vertex 0.64607 -0.64607 59.6601
    endloop
  endfacet
  facet normal 0.057845 0.117304 0.99141
    outer loop
      vertex 1.04297 2.51795 59.4216
      vertex 0.456841 0.791271 59.6601
      vertex 1.36271 2.36028 59.4216
    endloop
  endfacet
  facet normal 0.0245825 -0.323669 0.945851
    outer loop
      vertex 0.457081 -0.791545 59.66
      vertex 0.456841 -0.791271 59.6601
      vertex 0.457002 -0.791551 59.66
    endloop
  endfacet
  facet normal -0.0203908 -0.346644 0.937775
    outer loop
      vertex 0.457002 -0.791551 59.66
      vertex 0.456841 -0.791271 59.6601
      vertex 0.456934 -0.791547 59.66
    endloop
  endfacet
  facet normal 0.0726643 0.108749 0.99141
    outer loop
      vertex 1.65913 2.16221 59.4216
      vertex 0.456841 0.791271 59.6601
      vertex 0.556213 0.724872 59.6601
    endloop
  endfacet
  facet normal 0.0169585 0.258806 0.965781
    outer loop
      vertex 0.586128 4.45209 58.9486
      vertex 0 2.72541 59.4216
      vertex 0.355737 2.7021 59.4216
    endloop
  endfacet
  facet normal 0.0505987 0.254377 0.965781
    outer loop
      vertex 0.586128 4.45209 58.9486
      vertex 0.355737 2.7021 59.4216
      vertex 0.705388 2.63255 59.4216
    endloop
  endfacet
  facet normal -0.0245825 -0.323669 0.945851
    outer loop
      vertex -0.456841 -0.791271 59.6601
      vertex -0.457081 -0.791545 59.66
      vertex -0.457002 -0.791551 59.66
    endloop
  endfacet
  facet normal -0.144692 -0.293605 0.944913
    outer loop
      vertex -0.456841 -0.791271 59.6601
      vertex -0.456934 -0.791547 59.66
      vertex -0.456354 -0.791511 59.6601
    endloop
  endfacet
  facet normal 0.288242 0.252784 0.923589
    outer loop
      vertex 4.36905 4.36905 58.2493
      vertex 3.17527 3.17527 58.9486
      vertex 4.90195 3.7614 58.2493
    endloop
  endfacet
  facet normal 0.376528 0.330209 0.865557
    outer loop
      vertex 5.48808 5.48808 57.3356
      vertex 4.36905 4.36905 58.2493
      vertex 4.90195 3.7614 58.2493
    endloop
  endfacet
  facet normal -0.0463184 0.706337 0.706359
    outer loop
      vertex 0 10.5032 54.9311
      vertex -1.37094 10.4133 54.9311
      vertex 0 9.21106 56.2232
    endloop
  endfacet
  facet normal 0.0463184 0.706337 0.706359
    outer loop
      vertex 0 10.5032 54.9311
      vertex 0 9.21106 56.2232
      vertex 1.37094 10.4133 54.9311
    endloop
  endfacet
  facet normal -0.118926 0.597858 0.792731
    outer loop
      vertex -1.01305 7.69492 57.3356
      vertex -2.384 8.8972 56.2232
      vertex -2.00878 7.49685 57.3356
    endloop
  endfacet
  facet normal -0.118922 0.59786 0.79273
    outer loop
      vertex -1.20228 9.13226 56.2232
      vertex -2.384 8.8972 56.2232
      vertex -1.01305 7.69492 57.3356
    endloop
  endfacet
  facet normal -0.351175 0.712122 0.607914
    outer loop
      vertex -4.44511 10.7314 53.4813
      vertex -5.80781 10.0594 53.4813
      vertex -4.0194 9.70369 54.9311
    endloop
  endfacet
  facet normal -0.255227 0.751865 0.607913
    outer loop
      vertex -3.00635 11.2198 53.4813
      vertex -4.44511 10.7314 53.4813
      vertex -4.0194 9.70369 54.9311
    endloop
  endfacet
  facet normal -0.442293 0.896871 0
    outer loop
      vertex -5.33464 12.879 45.72
      vertex -6.97004 12.0725 46.6337
      vertex -5.33464 12.879 46.6337
    endloop
  endfacet
  facet normal -0.442293 0.896871 0
    outer loop
      vertex -6.97004 12.0725 46.6337
      vertex -5.33464 12.879 45.72
      vertex -6.97004 12.0725 45.72
    endloop
  endfacet
  facet normal -0.376528 0.330209 0.865557
    outer loop
      vertex -4.36905 4.36905 58.2493
      vertex -5.48808 5.48808 57.3356
      vertex -4.90195 3.7614 58.2493
    endloop
  endfacet
  facet normal -0.288242 0.252784 0.923589
    outer loop
      vertex -4.36905 4.36905 58.2493
      vertex -4.90195 3.7614 58.2493
      vertex -3.17527 3.17527 58.9486
    endloop
  endfacet
  facet normal -0.269606 0.546712 0.792729
    outer loop
      vertex -2.97013 7.17052 57.3356
      vertex -4.60553 7.97701 56.2232
      vertex -3.88066 6.7215 57.3356
    endloop
  endfacet
  facet normal -0.338662 0.506843 0.792729
    outer loop
      vertex -4.60553 7.97701 56.2232
      vertex -4.72479 6.15747 57.3356
      vertex -3.88066 6.7215 57.3356
    endloop
  endfacet
  facet normal -0.382562 0.0250744 0.923589
    outer loop
      vertex -6.12591 0.806491 58.2493
      vertex -6.17877 0 58.2493
      vertex -4.45209 0.586128 58.9486
    endloop
  endfacet
  facet normal -0.499738 0.0327544 0.865557
    outer loop
      vertex -6.12591 0.806491 58.2493
      vertex -7.69492 1.01305 57.3356
      vertex -6.17877 0 58.2493
    endloop
  endfacet
  facet normal -0.651456 0.571314 0.499205
    outer loop
      vertex -8.21349 8.21349 53.4813
      vertex -9.94017 7.62736 51.8988
      vertex -9.2153 7.07115 53.4813
    endloop
  endfacet
  facet normal -0.720465 0.481378 0.499204
    outer loop
      vertex -9.94017 7.62736 51.8988
      vertex -10.0594 5.80781 53.4813
      vertex -9.2153 7.07115 53.4813
    endloop
  endfacet
  facet normal -0.148253 -0.221873 0.963739
    outer loop
      vertex -0.556213 -0.724872 59.6601
      vertex -0.457081 -0.791545 59.66
      vertex -0.456841 -0.791271 59.6601
    endloop
  endfacet
  facet normal -0.0723891 -0.109118 0.991389
    outer loop
      vertex -0.457081 -0.791545 59.66
      vertex -0.556213 -0.724872 59.6601
      vertex -0.59964 -0.781466 59.6507
    endloop
  endfacet
  facet normal -0.608275 0.0398692 0.792724
    outer loop
      vertex -7.69492 1.01305 57.3356
      vertex -8.12414 0 57.0572
      vertex -7.76132 0 57.3356
    endloop
  endfacet
  facet normal -0.608268 0.0398645 0.79273
    outer loop
      vertex -7.69492 1.01305 57.3356
      vertex -8.84823 0 56.5016
      vertex -8.12414 0 57.0572
    endloop
  endfacet
  facet normal -0.608265 0.0398589 0.792733
    outer loop
      vertex -8.84823 0 56.5016
      vertex -7.69492 1.01305 57.3356
      vertex -9.21106 0 56.2232
    endloop
  endfacet
  facet normal -0.608275 -0.0398693 0.792724
    outer loop
      vertex -7.76132 0 57.3356
      vertex -8.12414 0 57.0572
      vertex -7.70748 -0.821422 57.3356
    endloop
  endfacet
  facet normal -0.608269 -0.0397085 0.792737
    outer loop
      vertex -8.84823 0 56.5016
      vertex -9.21106 0 56.2232
      vertex -8.93334 -0.185564 56.427
    endloop
  endfacet
  facet normal 0.130449 -0.00854777 0.991418
    outer loop
      vertex 2.72541 0 59.4216
      vertex 2.31103 -0.304252 59.4735
      vertex 2.7021 -0.355737 59.4216
    endloop
  endfacet
  facet normal 0.130428 -0.00851967 0.991421
    outer loop
      vertex 2.31103 -0.304252 59.4735
      vertex 2.72541 0 59.4216
      vertex 2.27577 -0.0294706 59.4805
    endloop
  endfacet
  facet normal 0.130499 -0.00907796 0.991407
    outer loop
      vertex 1.35538 -0.0897964 59.6012
      vertex 0.905865 -0.119259 59.6601
      vertex 1.344 -0.176941 59.6019
    endloop
  endfacet
  facet normal 0.128142 -0.025489 0.991428
    outer loop
      vertex 2.7021 -0.355737 59.4216
      vertex 2.43469 -0.638226 59.4489
      vertex 2.63255 -0.705388 59.4216
    endloop
  endfacet
  facet normal 0.12821 -0.0255543 0.991418
    outer loop
      vertex 2.43469 -0.638226 59.4489
      vertex 2.7021 -0.355737 59.4216
      vertex 2.31103 -0.304252 59.4735
    endloop
  endfacet
  facet normal 0.128307 -0.0257195 0.991401
    outer loop
      vertex 1.344 -0.176941 59.6019
      vertex 0.905865 -0.119259 59.6601
      vertex 1.31172 -0.257029 59.604
    endloop
  endfacet
  facet normal -0.0863195 -0.0984291 0.991393
    outer loop
      vertex -0.64607 -0.64607 59.6601
      vertex -0.59964 -0.781466 59.6507
      vertex -0.556213 -0.724872 59.6601
    endloop
  endfacet
  facet normal -0.0859002 -0.0982888 0.991444
    outer loop
      vertex -0.59964 -0.781466 59.6507
      vertex -0.64607 -0.64607 59.6601
      vertex -0.719258 -0.755604 59.6429
    endloop
  endfacet
  facet normal -0.376017 0.0747919 0.923589
    outer loop
      vertex -4.3375 1.16223 58.9486
      vertex -6.12591 0.806491 58.2493
      vertex -4.45209 0.586128 58.9486
    endloop
  endfacet
  facet normal -0.376017 0.0747917 0.923589
    outer loop
      vertex -5.96824 1.59918 58.2493
      vertex -6.12591 0.806491 58.2493
      vertex -4.3375 1.16223 58.9486
    endloop
  endfacet
  facet normal 0.117484 -0.057621 0.991402
    outer loop
      vertex 1.09366 -0.559489 59.6183
      vertex 0.791271 -0.456841 59.6601
      vertex 1.04512 -0.6034 59.6215
    endloop
  endfacet
  facet normal 0.109063 -0.072209 0.991409
    outer loop
      vertex 1.04512 -0.6034 59.6215
      vertex 0.791271 -0.456841 59.6601
      vertex 0.993707 -0.634372 59.6249
    endloop
  endfacet
  facet normal -0.946942 -2.75112e-05 0.321405
    outer loop
      vertex -13.494 0 49.3357
      vertex -13.2748 -0.232064 49.9815
      vertex -13.347 0 49.7688
    endloop
  endfacet
  facet normal -0.946983 -0.00040636 0.321283
    outer loop
      vertex -13.494 0 49.3357
      vertex -13.197 -0.481935 50.2105
      vertex -13.2748 -0.232064 49.9815
    endloop
  endfacet
  facet normal -0.946915 0 0.321484
    outer loop
      vertex -13.197 -0.481935 50.2105
      vertex -13.494 0 49.3357
      vertex -13.494 -45.72 49.3357
    endloop
  endfacet
  facet normal -0.946942 0.000230072 0.321405
    outer loop
      vertex -13.1195 -0.22133 50.439
      vertex -12.9066 0 51.0661
      vertex -13.0536 0 50.633
    endloop
  endfacet
  facet normal -0.946874 -0.000397707 0.321604
    outer loop
      vertex -13.197 -0.481935 50.2105
      vertex -12.9066 0 51.0661
      vertex -13.1195 -0.22133 50.439
    endloop
  endfacet
  facet normal -0.946929 8.62252e-07 0.321444
    outer loop
      vertex -12.9066 -45.72 51.0661
      vertex -13.197 -0.481935 50.2105
      vertex -13.494 -45.72 49.3357
    endloop
  endfacet
  facet normal -0.946943 0 0.321403
    outer loop
      vertex -13.197 -0.481935 50.2105
      vertex -12.9066 -45.72 51.0661
      vertex -12.9066 0 51.0661
    endloop
  endfacet
  facet normal 0.0653791 0 0.99786
    outer loop
      vertex 0.456354 0 59.6601
      vertex 0 0 59.69
      vertex 0.456354 -0.791511 59.6601
    endloop
  endfacet
  facet normal 0.0653797 0.000356788 0.99786
    outer loop
      vertex 1.35538 -0.0897964 59.6012
      vertex 1.82345 0 59.5705
      vertex 1.3671 0 59.6004
    endloop
  endfacet
  facet normal 0.0655519 -0.000544919 0.997849
    outer loop
      vertex 1.344 -0.176941 59.6019
      vertex 1.82345 0 59.5705
      vertex 1.35538 -0.0897964 59.6012
    endloop
  endfacet
  facet normal 0.0654274 -0.000205973 0.997857
    outer loop
      vertex 1.31172 -0.257029 59.604
      vertex 1.82345 0 59.5705
      vertex 1.344 -0.176941 59.6019
    endloop
  endfacet
  facet normal 0.0649525 0.000743486 0.997888
    outer loop
      vertex 1.27736 -0.342268 59.6063
      vertex 1.82345 0 59.5705
      vertex 1.31172 -0.257029 59.604
    endloop
  endfacet
  facet normal 0.0658992 -0.000773517 0.997826
    outer loop
      vertex 1.21886 -0.424189 59.6101
      vertex 1.82345 0 59.5705
      vertex 1.27736 -0.342268 59.6063
    endloop
  endfacet
  facet normal 0.06563 -0.000388041 0.997844
    outer loop
      vertex 1.1744 -0.486453 59.613
      vertex 1.82345 0 59.5705
      vertex 1.21886 -0.424189 59.6101
    endloop
  endfacet
  facet normal 0.0645601 0.00104545 0.997913
    outer loop
      vertex 1.09366 -0.559489 59.6183
      vertex 1.82345 0 59.5705
      vertex 1.1744 -0.486453 59.613
    endloop
  endfacet
  facet normal 0.0630019 0.00308618 0.998009
    outer loop
      vertex 1.04512 -0.6034 59.6215
      vertex 1.82345 0 59.5705
      vertex 1.09366 -0.559489 59.6183
    endloop
  endfacet
  facet normal 0.0653847 0 0.99786
    outer loop
      vertex 1.82345 0 59.5705
      vertex 1.04512 -0.6034 59.6215
      vertex 1.82345 -45.72 59.5705
    endloop
  endfacet
  facet normal 0.0659808 1.03282e-05 0.997821
    outer loop
      vertex 0.993707 -0.634372 59.6249
      vertex 1.82345 -45.72 59.5705
      vertex 1.04512 -0.6034 59.6215
    endloop
  endfacet
  facet normal 0.0650776 -6.36486e-06 0.99788
    outer loop
      vertex 0.900166 -0.690721 59.631
      vertex 1.82345 -45.72 59.5705
      vertex 0.993707 -0.634372 59.6249
    endloop
  endfacet
  facet normal 0.0656209 4.82191e-06 0.997845
    outer loop
      vertex 0.781561 -0.736602 59.6388
      vertex 1.82345 -45.72 59.5705
      vertex 0.900166 -0.690721 59.631
    endloop
  endfacet
  facet normal 0.0646482 -1.78036e-05 0.997908
    outer loop
      vertex 0.749142 -0.749142 59.6409
      vertex 1.82345 -45.72 59.5705
      vertex 0.781561 -0.736602 59.6388
    endloop
  endfacet
  facet normal 0.0667689 3.30773e-05 0.997768
    outer loop
      vertex 0.719258 -0.755604 59.6429
      vertex 1.82345 -45.72 59.5705
      vertex 0.749142 -0.749142 59.6409
    endloop
  endfacet
  facet normal 0.0650713 -8.79299e-06 0.997881
    outer loop
      vertex 0.59964 -0.781466 59.6507
      vertex 1.82345 -45.72 59.5705
      vertex 0.719258 -0.755604 59.6429
    endloop
  endfacet
  facet normal 0.0650983 -8.05283e-06 0.997879
    outer loop
      vertex 0.457081 -0.791545 59.66
      vertex 1.82345 -45.72 59.5705
      vertex 0.59964 -0.781466 59.6507
    endloop
  endfacet
  facet normal 0.000150946 -0.00198746 0.999998
    outer loop
      vertex 0.457002 -0.791551 59.66
      vertex 1.82345 -45.72 59.5705
      vertex 0.457081 -0.791545 59.66
    endloop
  endfacet
  facet normal 3.92546e-05 0.000667329 1
    outer loop
      vertex 0 -45.72 59.69
      vertex 0.457002 -0.791551 59.66
      vertex 0.456934 -0.791547 59.66
    endloop
  endfacet
  facet normal 0.169842 -0.00106931 0.985471
    outer loop
      vertex 0 -45.72 59.69
      vertex 0.456934 -0.791547 59.66
      vertex 0.456354 -0.791511 59.6601
    endloop
  endfacet
  facet normal 0.0653791 -0 0.99786
    outer loop
      vertex 0 -45.72 59.69
      vertex 0.456354 -0.791511 59.6601
      vertex 0 0 59.69
    endloop
  endfacet
  facet normal 0.0653948 1.11767e-06 0.997859
    outer loop
      vertex 0.457002 -0.791551 59.66
      vertex 0 -45.72 59.69
      vertex 1.82345 -45.72 59.5705
    endloop
  endfacet
  facet normal 0.751918 0.000175152 0.659257
    outer loop
      vertex 9.87828 0 55.5983
      vertex 10.4634 -0.606978 54.9311
      vertex 10.1798 0 55.2544
    endloop
  endfacet
  facet normal 0.751839 0 0.659347
    outer loop
      vertex 10.4634 -0.606978 54.9311
      vertex 9.87828 0 55.5983
      vertex 9.87828 -45.72 55.5983
    endloop
  endfacet
  facet normal 0.751845 6.19334e-05 0.65934
    outer loop
      vertex 10.4634 -0.606978 54.9311
      vertex 11.0831 0 54.2244
      vertex 10.7816 0 54.5682
    endloop
  endfacet
  facet normal 0.751856 -4.90847e-07 0.659328
    outer loop
      vertex 11.0831 -45.72 54.2244
      vertex 10.4634 -0.606978 54.9311
      vertex 9.87828 -45.72 55.5983
    endloop
  endfacet
  facet normal 0.751871 0 0.65931
    outer loop
      vertex 10.4634 -0.606978 54.9311
      vertex 11.0831 -45.72 54.2244
      vertex 11.0831 0 54.2244
    endloop
  endfacet
  facet normal 0.659327 0 -0.751856
    outer loop
      vertex 8.5044 -11.0831 34.6369
      vertex 9.87828 -45.72 35.8417
      vertex 8.5044 -45.72 34.6369
    endloop
  endfacet
  facet normal 0.659327 0 -0.751856
    outer loop
      vertex 9.87828 -45.72 35.8417
      vertex 8.5044 -11.0831 34.6369
      vertex 9.87828 -9.87828 35.8417
    endloop
  endfacet
  facet normal -0.442335 -0.000104109 0.89685
    outer loop
      vertex -5.80043 -0.128429 58.4025
      vertex -5.34609 0 58.6266
      vertex -5.75626 0 58.4243
    endloop
  endfacet
  facet normal -0.442386 0.000117429 0.896825
    outer loop
      vertex -6.02928 -0.793769 58.2897
      vertex -5.34609 0 58.6266
      vertex -5.80043 -0.128429 58.4025
    endloop
  endfacet
  facet normal -0.442276 0 0.896879
    outer loop
      vertex -5.34609 0 58.6266
      vertex -6.02928 -0.793769 58.2897
      vertex -5.34609 -45.72 58.6266
    endloop
  endfacet
  facet normal -0.44253 -4.80652e-06 0.896754
    outer loop
      vertex -6.05461 -0.820674 58.2772
      vertex -5.34609 -45.72 58.6266
      vertex -6.02928 -0.793769 58.2897
    endloop
  endfacet
  facet normal -0.442509 -4.3887e-06 0.896764
    outer loop
      vertex -6.11115 -0.880728 58.2493
      vertex -5.34609 -45.72 58.6266
      vertex -6.05461 -0.820674 58.2772
    endloop
  endfacet
  facet normal -0.441962 -7.21039e-06 0.897034
    outer loop
      vertex -6.985 -45.72 57.8184
      vertex -6.11115 -0.880728 58.2493
      vertex -6.20756 -0.81724 58.2018
    endloop
  endfacet
  facet normal -0.442338 -4.88605e-05 0.896848
    outer loop
      vertex -6.985 0 57.8184
      vertex -6.20756 -0.81724 58.2018
      vertex -6.48337 -0.203524 58.0658
    endloop
  endfacet
  facet normal -0.442159 0.000499314 0.896936
    outer loop
      vertex -6.985 0 57.8184
      vertex -6.48337 -0.203524 58.0658
      vertex -6.57483 0 58.0206
    endloop
  endfacet
  facet normal -0.442297 0 0.896869
    outer loop
      vertex -6.20756 -0.81724 58.2018
      vertex -6.985 0 57.8184
      vertex -6.985 -45.72 57.8184
    endloop
  endfacet
  facet normal -0.442279 4.79038e-07 0.896877
    outer loop
      vertex -6.11115 -0.880728 58.2493
      vertex -6.985 -45.72 57.8184
      vertex -5.34609 -45.72 58.6266
    endloop
  endfacet
  facet normal -0.997861 -8.9543e-05 0.0653726
    outer loop
      vertex -13.97 0 45.72
      vertex -13.9101 -0.457331 46.6337
      vertex -13.9401 0 46.1764
    endloop
  endfacet
  facet normal -0.997858 0 0.0654172
    outer loop
      vertex -13.9101 -0.457331 46.6337
      vertex -13.97 0 45.72
      vertex -13.97 -45.72 45.72
    endloop
  endfacet
  facet normal -0.99786 -2.1757e-05 0.0653868
    outer loop
      vertex -13.9101 -0.457331 46.6337
      vertex -13.8505 0 47.5434
      vertex -13.8804 0 47.0871
    endloop
  endfacet
  facet normal -0.997859 4.17246e-07 0.0653966
    outer loop
      vertex -13.8505 -45.72 47.5434
      vertex -13.9101 -0.457331 46.6337
      vertex -13.97 -45.72 45.72
    endloop
  endfacet
  facet normal -0.997861 0 0.0653759
    outer loop
      vertex -13.9101 -0.457331 46.6337
      vertex -13.8505 -45.72 47.5434
      vertex -13.8505 0 47.5434
    endloop
  endfacet
  facet normal 0.99786 0 -0.065393
    outer loop
      vertex 13.97 -45.72 45.72
      vertex 13.8505 -1.82345 43.8965
      vertex 13.97 0 45.72
    endloop
  endfacet
  facet normal 0.99786 0 -0.065393
    outer loop
      vertex 13.8505 -1.82345 43.8965
      vertex 13.97 -45.72 45.72
      vertex 13.8505 -45.72 43.8965
    endloop
  endfacet
  facet normal 0.195048 0.000112095 0.980794
    outer loop
      vertex 3.13204 -0.138032 59.3102
      vertex 3.6157 0 59.214
      vertex 3.16716 0 59.3032
    endloop
  endfacet
  facet normal 0.195111 -0.000118466 0.980781
    outer loop
      vertex 3.06452 -0.403451 59.3236
      vertex 3.6157 0 59.214
      vertex 3.13204 -0.138032 59.3102
    endloop
  endfacet
  facet normal 0.195092 -9.16523e-05 0.980785
    outer loop
      vertex 2.82961 -0.692472 59.3703
      vertex 3.6157 0 59.214
      vertex 3.06452 -0.403451 59.3236
    endloop
  endfacet
  facet normal 0.190711 0.00507292 0.981633
    outer loop
      vertex 2.78575 -0.746438 59.3791
      vertex 3.6157 0 59.214
      vertex 2.82961 -0.692472 59.3703
    endloop
  endfacet
  facet normal 0.195105 0 0.980782
    outer loop
      vertex 3.6157 0 59.214
      vertex 2.78575 -0.746438 59.3791
      vertex 3.6157 -45.72 59.214
    endloop
  endfacet
  facet normal 0.195092 -2.41192e-07 0.980785
    outer loop
      vertex 2.57209 -0.883473 59.4216
      vertex 3.6157 -45.72 59.214
      vertex 2.78575 -0.746438 59.3791
    endloop
  endfacet
  facet normal 0.196098 0.000903423 0.980584
    outer loop
      vertex 1.82345 0 59.5705
      vertex 2.57209 -0.883473 59.4216
      vertex 2.44909 -0.668896 59.446
    endloop
  endfacet
  facet normal 0.196456 0.00125089 0.980512
    outer loop
      vertex 1.82345 0 59.5705
      vertex 2.44909 -0.668896 59.446
      vertex 2.44051 -0.653932 59.4477
    endloop
  endfacet
  facet normal 0.190795 -0.00429897 0.981621
    outer loop
      vertex 1.82345 0 59.5705
      vertex 2.44051 -0.653932 59.4477
      vertex 2.43469 -0.638226 59.4489
    endloop
  endfacet
  facet normal 0.195121 4.32368e-06 0.980779
    outer loop
      vertex 1.82345 0 59.5705
      vertex 2.43469 -0.638226 59.4489
      vertex 2.31103 -0.304252 59.4735
    endloop
  endfacet
  facet normal 0.195152 5.69763e-05 0.980773
    outer loop
      vertex 1.82345 0 59.5705
      vertex 2.31103 -0.304252 59.4735
      vertex 2.27577 -0.0294706 59.4805
    endloop
  endfacet
  facet normal 0.195048 -0.00160681 0.980792
    outer loop
      vertex 1.82345 0 59.5705
      vertex 2.27577 -0.0294706 59.4805
      vertex 2.27199 0 59.4813
    endloop
  endfacet
  facet normal 0.195073 0 0.980789
    outer loop
      vertex 2.57209 -0.883473 59.4216
      vertex 1.82345 0 59.5705
      vertex 1.82345 -45.72 59.5705
    endloop
  endfacet
  facet normal 0.19509 -2.94571e-07 0.980785
    outer loop
      vertex 2.57209 -0.883473 59.4216
      vertex 1.82345 -45.72 59.5705
      vertex 3.6157 -45.72 59.214
    endloop
  endfacet
  facet normal 0.99786 -2.1757e-05 0.0653868
    outer loop
      vertex 13.8505 0 47.5434
      vertex 13.9101 -0.457331 46.6337
      vertex 13.8804 0 47.0871
    endloop
  endfacet
  facet normal 0.997861 0 0.0653759
    outer loop
      vertex 13.9101 -0.457331 46.6337
      vertex 13.8505 0 47.5434
      vertex 13.8505 -45.72 47.5434
    endloop
  endfacet
  facet normal 0.997861 -8.9543e-05 0.0653726
    outer loop
      vertex 13.9101 -0.457331 46.6337
      vertex 13.97 0 45.72
      vertex 13.9401 0 46.1764
    endloop
  endfacet
  facet normal 0.997859 4.17246e-07 0.0653966
    outer loop
      vertex 13.97 -45.72 45.72
      vertex 13.9101 -0.457331 46.6337
      vertex 13.8505 -45.72 47.5434
    endloop
  endfacet
  facet normal 0.997858 0 0.0654172
    outer loop
      vertex 13.9101 -0.457331 46.6337
      vertex 13.97 -45.72 45.72
      vertex 13.97 0 45.72
    endloop
  endfacet
  facet normal -0.89682 0.000292892 0.442396
    outer loop
      vertex -12.9066 0 51.0661
      vertex -12.496 -0.508831 51.8988
      vertex -12.7043 0 51.4762
    endloop
  endfacet
  facet normal -0.896891 0 0.442252
    outer loop
      vertex -12.496 -0.508831 51.8988
      vertex -12.9066 0 51.0661
      vertex -12.9066 -45.72 51.0661
    endloop
  endfacet
  facet normal -0.896949 0.000351865 0.442133
    outer loop
      vertex -12.496 -0.508831 51.8988
      vertex -12.0984 0 52.705
      vertex -12.3006 0 52.2948
    endloop
  endfacet
  facet normal -0.896876 -6.75412e-07 0.442282
    outer loop
      vertex -12.0984 -45.72 52.705
      vertex -12.496 -0.508831 51.8988
      vertex -12.9066 -45.72 51.0661
    endloop
  endfacet
  facet normal -0.896861 0 0.442312
    outer loop
      vertex -12.496 -0.508831 51.8988
      vertex -12.0984 -45.72 52.705
      vertex -12.0984 0 52.705
    endloop
  endfacet
  facet normal 0.19509 0 -0.980785
    outer loop
      vertex 1.82345 -13.8505 31.8695
      vertex 3.6157 -45.72 32.226
      vertex 1.82345 -45.72 31.8695
    endloop
  endfacet
  facet normal 0.19509 0 -0.980785
    outer loop
      vertex 3.6157 -45.72 32.226
      vertex 1.82345 -13.8505 31.8695
      vertex 3.6157 -13.494 32.226
    endloop
  endfacet
  facet normal -0.19509 0 -0.980785
    outer loop
      vertex -3.6157 -45.72 32.226
      vertex -1.82345 -13.8505 31.8695
      vertex -1.82345 -45.72 31.8695
    endloop
  endfacet
  facet normal -0.19509 0 -0.980785
    outer loop
      vertex -1.82345 -13.8505 31.8695
      vertex -3.6157 -45.72 32.226
      vertex -3.6157 -13.494 32.226
    endloop
  endfacet
  facet normal 0.98079 6.85718e-05 0.195065
    outer loop
      vertex 13.494 0 49.3357
      vertex 13.6711 -0.46529 48.4454
      vertex 13.5832 0 48.8872
    endloop
  endfacet
  facet normal 0.980784 0 0.195099
    outer loop
      vertex 13.6711 -0.46529 48.4454
      vertex 13.494 0 49.3357
      vertex 13.494 -45.72 49.3357
    endloop
  endfacet
  facet normal 0.980799 -3.75745e-15 0.195023
    outer loop
      vertex 13.7167 -0.23014 48.2163
      vertex 13.8505 0 47.5434
      vertex 13.7613 0 47.992
    endloop
  endfacet
  facet normal 0.980817 -0.000285021 0.194929
    outer loop
      vertex 13.6711 -0.46529 48.4454
      vertex 13.8505 0 47.5434
      vertex 13.7167 -0.23014 48.2163
    endloop
  endfacet
  facet normal 0.980786 -2.94804e-07 0.195085
    outer loop
      vertex 13.8505 -45.72 47.5434
      vertex 13.6711 -0.46529 48.4454
      vertex 13.494 -45.72 49.3357
    endloop
  endfacet
  facet normal 0.980789 0 0.19507
    outer loop
      vertex 13.6711 -0.46529 48.4454
      vertex 13.8505 -45.72 47.5434
      vertex 13.8505 0 47.5434
    endloop
  endfacet
  facet normal -0.0653948 0 -0.997859
    outer loop
      vertex -1.82345 -45.72 31.8695
      vertex 0 -13.97 31.75
      vertex 0 -45.72 31.75
    endloop
  endfacet
  facet normal -0.0653948 0 -0.997859
    outer loop
      vertex 0 -13.97 31.75
      vertex -1.82345 -45.72 31.8695
      vertex -1.82345 -13.8505 31.8695
    endloop
  endfacet
  facet normal -0.980784 0 -0.195095
    outer loop
      vertex -13.8505 -45.72 43.8965
      vertex -13.494 -3.6157 42.1043
      vertex -13.494 -45.72 42.1043
    endloop
  endfacet
  facet normal -0.980784 0 -0.195095
    outer loop
      vertex -13.494 -3.6157 42.1043
      vertex -13.8505 -45.72 43.8965
      vertex -13.8505 -1.82345 43.8965
    endloop
  endfacet
  facet normal 0.442279 0 -0.896877
    outer loop
      vertex 5.34609 -12.9066 32.8134
      vertex 6.985 -45.72 33.6216
      vertex 5.34609 -45.72 32.8134
    endloop
  endfacet
  facet normal 0.442279 0 -0.896877
    outer loop
      vertex 6.985 -45.72 33.6216
      vertex 5.34609 -12.9066 32.8134
      vertex 6.985 -12.0984 33.6216
    endloop
  endfacet
  facet normal -0.321445 0 -0.946928
    outer loop
      vertex -5.34609 -45.72 32.8134
      vertex -3.6157 -13.494 32.226
      vertex -3.6157 -45.72 32.226
    endloop
  endfacet
  facet normal -0.321445 0 -0.946928
    outer loop
      vertex -3.6157 -13.494 32.226
      vertex -5.34609 -45.72 32.8134
      vertex -5.34609 -12.9066 32.8134
    endloop
  endfacet
  facet normal -0.751856 0 -0.659328
    outer loop
      vertex -11.0831 -45.72 37.2156
      vertex -9.87828 -9.87828 35.8417
      vertex -9.87828 -45.72 35.8417
    endloop
  endfacet
  facet normal -0.751856 0 -0.659328
    outer loop
      vertex -9.87828 -9.87828 35.8417
      vertex -11.0831 -45.72 37.2156
      vertex -11.0831 -8.5044 37.2156
    endloop
  endfacet
  facet normal -0.555598 -1.95915e-05 0.831451
    outer loop
      vertex -7.70748 -0.821422 57.3356
      vertex -6.985 0 57.8184
      vertex -7.36526 0 57.5643
    endloop
  endfacet
  facet normal -0.555613 0 0.831441
    outer loop
      vertex -6.985 0 57.8184
      vertex -7.70748 -0.821422 57.3356
      vertex -6.985 -45.72 57.8184
    endloop
  endfacet
  facet normal -0.555598 -2.37494e-05 0.831451
    outer loop
      vertex -8.5044 0 56.8031
      vertex -7.70748 -0.821422 57.3356
      vertex -8.12414 0 57.0572
    endloop
  endfacet
  facet normal -0.555581 0 0.831462
    outer loop
      vertex -7.70748 -0.821422 57.3356
      vertex -8.5044 0 56.8031
      vertex -8.5044 -45.72 56.8031
    endloop
  endfacet
  facet normal -0.555596 3.94599e-07 0.831452
    outer loop
      vertex -7.70748 -0.821422 57.3356
      vertex -8.5044 -45.72 56.8031
      vertex -6.985 -45.72 57.8184
    endloop
  endfacet
  facet normal 0.555598 -2.37494e-05 0.831451
    outer loop
      vertex 7.70748 -0.821422 57.3356
      vertex 8.5044 0 56.8031
      vertex 8.12414 0 57.0572
    endloop
  endfacet
  facet normal 0.555581 0 0.831462
    outer loop
      vertex 8.5044 0 56.8031
      vertex 7.70748 -0.821422 57.3356
      vertex 8.5044 -45.72 56.8031
    endloop
  endfacet
  facet normal 0.555598 -1.95915e-05 0.831451
    outer loop
      vertex 6.985 0 57.8184
      vertex 7.70748 -0.821422 57.3356
      vertex 7.36526 0 57.5643
    endloop
  endfacet
  facet normal 0.555613 0 0.831441
    outer loop
      vertex 7.70748 -0.821422 57.3356
      vertex 6.985 0 57.8184
      vertex 6.985 -45.72 57.8184
    endloop
  endfacet
  facet normal 0.555596 3.94599e-07 0.831452
    outer loop
      vertex 7.70748 -0.821422 57.3356
      vertex 6.985 -45.72 57.8184
      vertex 8.5044 -45.72 56.8031
    endloop
  endfacet
  facet normal 0 -1 0
    outer loop
      vertex -1.82345 -45.72 59.5705
      vertex 1.82345 -45.72 59.5705
      vertex 0 -45.72 59.69
    endloop
  endfacet
  facet normal 0 -1 0
    outer loop
      vertex -3.6157 -45.72 59.214
      vertex 1.82345 -45.72 59.5705
      vertex -1.82345 -45.72 59.5705
    endloop
  endfacet
  facet normal 0 -1 0
    outer loop
      vertex -3.6157 -45.72 59.214
      vertex 3.6157 -45.72 59.214
      vertex 1.82345 -45.72 59.5705
    endloop
  endfacet
  facet normal 0 -1 0
    outer loop
      vertex -5.34609 -45.72 58.6266
      vertex 3.6157 -45.72 59.214
      vertex -3.6157 -45.72 59.214
    endloop
  endfacet
  facet normal 0 -1 0
    outer loop
      vertex -5.34609 -45.72 58.6266
      vertex 5.34609 -45.72 58.6266
      vertex 3.6157 -45.72 59.214
    endloop
  endfacet
  facet normal 0 -1 0
    outer loop
      vertex -6.985 -45.72 57.8184
      vertex 5.34609 -45.72 58.6266
      vertex -5.34609 -45.72 58.6266
    endloop
  endfacet
  facet normal 0 -1 0
    outer loop
      vertex -6.985 -45.72 57.8184
      vertex 6.985 -45.72 57.8184
      vertex 5.34609 -45.72 58.6266
    endloop
  endfacet
  facet normal 0 -1 0
    outer loop
      vertex -8.5044 -45.72 56.8031
      vertex 6.985 -45.72 57.8184
      vertex -6.985 -45.72 57.8184
    endloop
  endfacet
  facet normal 0 -1 0
    outer loop
      vertex -8.5044 -45.72 56.8031
      vertex 8.5044 -45.72 56.8031
      vertex 6.985 -45.72 57.8184
    endloop
  endfacet
  facet normal 0 -1 0
    outer loop
      vertex -9.87828 -45.72 55.5983
      vertex 8.5044 -45.72 56.8031
      vertex -8.5044 -45.72 56.8031
    endloop
  endfacet
  facet normal 0 -1 0
    outer loop
      vertex -9.87828 -45.72 55.5983
      vertex 9.87828 -45.72 55.5983
      vertex 8.5044 -45.72 56.8031
    endloop
  endfacet
  facet normal 0 -1 0
    outer loop
      vertex -11.0831 -45.72 54.2244
      vertex 9.87828 -45.72 55.5983
      vertex -9.87828 -45.72 55.5983
    endloop
  endfacet
  facet normal 0 -1 0
    outer loop
      vertex -11.0831 -45.72 54.2244
      vertex 11.0831 -45.72 54.2244
      vertex 9.87828 -45.72 55.5983
    endloop
  endfacet
  facet normal 0 -1 0
    outer loop
      vertex -12.0984 -45.72 52.705
      vertex 11.0831 -45.72 54.2244
      vertex -11.0831 -45.72 54.2244
    endloop
  endfacet
  facet normal 0 -1 0
    outer loop
      vertex -12.0984 -45.72 52.705
      vertex 12.0984 -45.72 52.705
      vertex 11.0831 -45.72 54.2244
    endloop
  endfacet
  facet normal 0 -1 0
    outer loop
      vertex -12.9066 -45.72 51.0661
      vertex 12.0984 -45.72 52.705
      vertex -12.0984 -45.72 52.705
    endloop
  endfacet
  facet normal 0 -1 0
    outer loop
      vertex -12.9066 -45.72 51.0661
      vertex 12.9066 -45.72 51.0661
      vertex 12.0984 -45.72 52.705
    endloop
  endfacet
  facet normal 0 -1 0
    outer loop
      vertex -13.494 -45.72 49.3357
      vertex 12.9066 -45.72 51.0661
      vertex -12.9066 -45.72 51.0661
    endloop
  endfacet
  facet normal 0 -1 0
    outer loop
      vertex -13.494 -45.72 49.3357
      vertex 13.494 -45.72 49.3357
      vertex 12.9066 -45.72 51.0661
    endloop
  endfacet
  facet normal 0 -1 0
    outer loop
      vertex -13.8505 -45.72 47.5434
      vertex 13.494 -45.72 49.3357
      vertex -13.494 -45.72 49.3357
    endloop
  endfacet
  facet normal 0 -1 0
    outer loop
      vertex -13.8505 -45.72 47.5434
      vertex 13.8505 -45.72 47.5434
      vertex 13.494 -45.72 49.3357
    endloop
  endfacet
  facet normal 0 -1 0
    outer loop
      vertex -13.97 -45.72 45.72
      vertex 13.8505 -45.72 47.5434
      vertex -13.8505 -45.72 47.5434
    endloop
  endfacet
  facet normal 0 -1 0
    outer loop
      vertex -13.97 -45.72 45.72
      vertex 13.97 -45.72 45.72
      vertex 13.8505 -45.72 47.5434
    endloop
  endfacet
  facet normal 0 -1 0
    outer loop
      vertex -13.8505 -45.72 43.8965
      vertex 13.97 -45.72 45.72
      vertex -13.97 -45.72 45.72
    endloop
  endfacet
  facet normal 0 -1 0
    outer loop
      vertex -13.8505 -45.72 43.8965
      vertex 13.8505 -45.72 43.8965
      vertex 13.97 -45.72 45.72
    endloop
  endfacet
  facet normal 0 -1 0
    outer loop
      vertex -13.494 -45.72 42.1043
      vertex 13.8505 -45.72 43.8965
      vertex -13.8505 -45.72 43.8965
    endloop
  endfacet
  facet normal 0 -1 0
    outer loop
      vertex -13.494 -45.72 42.1043
      vertex 13.494 -45.72 42.1043
      vertex 13.8505 -45.72 43.8965
    endloop
  endfacet
  facet normal 0 -1 0
    outer loop
      vertex -12.9066 -45.72 40.3739
      vertex 13.494 -45.72 42.1043
      vertex -13.494 -45.72 42.1043
    endloop
  endfacet
  facet normal 0 -1 0
    outer loop
      vertex -12.9066 -45.72 40.3739
      vertex 12.9066 -45.72 40.3739
      vertex 13.494 -45.72 42.1043
    endloop
  endfacet
  facet normal 0 -1 0
    outer loop
      vertex -12.0984 -45.72 38.735
      vertex 12.9066 -45.72 40.3739
      vertex -12.9066 -45.72 40.3739
    endloop
  endfacet
  facet normal 0 -1 0
    outer loop
      vertex -12.0984 -45.72 38.735
      vertex 12.0984 -45.72 38.735
      vertex 12.9066 -45.72 40.3739
    endloop
  endfacet
  facet normal 0 -1 0
    outer loop
      vertex -11.0831 -45.72 37.2156
      vertex 12.0984 -45.72 38.735
      vertex -12.0984 -45.72 38.735
    endloop
  endfacet
  facet normal 0 -1 0
    outer loop
      vertex -11.0831 -45.72 37.2156
      vertex 11.0831 -45.72 37.2156
      vertex 12.0984 -45.72 38.735
    endloop
  endfacet
  facet normal 0 -1 0
    outer loop
      vertex -9.87828 -45.72 35.8417
      vertex 11.0831 -45.72 37.2156
      vertex -11.0831 -45.72 37.2156
    endloop
  endfacet
  facet normal 0 -1 0
    outer loop
      vertex -9.87828 -45.72 35.8417
      vertex 9.87828 -45.72 35.8417
      vertex 11.0831 -45.72 37.2156
    endloop
  endfacet
  facet normal 0 -1 0
    outer loop
      vertex -8.5044 -45.72 34.6369
      vertex 9.87828 -45.72 35.8417
      vertex -9.87828 -45.72 35.8417
    endloop
  endfacet
  facet normal 0 -1 0
    outer loop
      vertex -8.5044 -45.72 34.6369
      vertex 8.5044 -45.72 34.6369
      vertex 9.87828 -45.72 35.8417
    endloop
  endfacet
  facet normal 0 -1 0
    outer loop
      vertex -6.985 -45.72 33.6216
      vertex 8.5044 -45.72 34.6369
      vertex -8.5044 -45.72 34.6369
    endloop
  endfacet
  facet normal 0 -1 0
    outer loop
      vertex -6.985 -45.72 33.6216
      vertex 6.985 -45.72 33.6216
      vertex 8.5044 -45.72 34.6369
    endloop
  endfacet
  facet normal 0 -1 0
    outer loop
      vertex -5.34609 -45.72 32.8134
      vertex 6.985 -45.72 33.6216
      vertex -6.985 -45.72 33.6216
    endloop
  endfacet
  facet normal 0 -1 0
    outer loop
      vertex -5.34609 -45.72 32.8134
      vertex 5.34609 -45.72 32.8134
      vertex 6.985 -45.72 33.6216
    endloop
  endfacet
  facet normal 0 -1 0
    outer loop
      vertex -3.6157 -45.72 32.226
      vertex 5.34609 -45.72 32.8134
      vertex -5.34609 -45.72 32.8134
    endloop
  endfacet
  facet normal 0 -1 0
    outer loop
      vertex -3.6157 -45.72 32.226
      vertex 3.6157 -45.72 32.226
      vertex 5.34609 -45.72 32.8134
    endloop
  endfacet
  facet normal 0 -1 0
    outer loop
      vertex -1.82345 -45.72 31.8695
      vertex 3.6157 -45.72 32.226
      vertex -3.6157 -45.72 32.226
    endloop
  endfacet
  facet normal 0 -1 0
    outer loop
      vertex -1.82345 -45.72 31.8695
      vertex 1.82345 -45.72 31.8695
      vertex 3.6157 -45.72 32.226
    endloop
  endfacet
  facet normal -0 -1 0
    outer loop
      vertex 1.82345 -45.72 31.8695
      vertex -1.82345 -45.72 31.8695
      vertex 0 -45.72 31.75
    endloop
  endfacet
  facet normal 0.659297 0.0001271 0.751883
    outer loop
      vertex 9.41223 -0.229391 56.007
      vertex 9.87828 0 55.5983
      vertex 9.53444 0 55.8998
    endloop
  endfacet
  facet normal 0.659328 1.51167e-05 0.751855
    outer loop
      vertex 9.1657 -0.692131 56.2232
      vertex 9.87828 0 55.5983
      vertex 9.41223 -0.229391 56.007
    endloop
  endfacet
  facet normal 0.659336 0 0.751848
    outer loop
      vertex 9.87828 0 55.5983
      vertex 9.1657 -0.692131 56.2232
      vertex 9.87828 -45.72 55.5983
    endloop
  endfacet
  facet normal 0.659247 -0.000118188 0.751926
    outer loop
      vertex 8.5044 0 56.8031
      vertex 9.1657 -0.692131 56.2232
      vertex 8.93334 -0.185564 56.427
    endloop
  endfacet
  facet normal 0.659308 0.000129004 0.751873
    outer loop
      vertex 8.5044 0 56.8031
      vertex 8.93334 -0.185564 56.427
      vertex 8.84823 0 56.5016
    endloop
  endfacet
  facet normal 0.659317 0 0.751865
    outer loop
      vertex 9.1657 -0.692131 56.2232
      vertex 8.5044 0 56.8031
      vertex 8.5044 -45.72 56.8031
    endloop
  endfacet
  facet normal 0.659327 -2.57996e-07 0.751856
    outer loop
      vertex 9.1657 -0.692131 56.2232
      vertex 8.5044 -45.72 56.8031
      vertex 9.87828 -45.72 55.5983
    endloop
  endfacet
  facet normal 0.946929 0 -0.321444
    outer loop
      vertex 13.494 -45.72 42.1043
      vertex 12.9066 -5.34609 40.3739
      vertex 13.494 -3.6157 42.1043
    endloop
  endfacet
  facet normal 0.946929 0 -0.321444
    outer loop
      vertex 12.9066 -5.34609 40.3739
      vertex 13.494 -45.72 42.1043
      vertex 12.9066 -45.72 40.3739
    endloop
  endfacet
  facet normal -0.195048 -0.00160681 0.980792
    outer loop
      vertex -2.27577 -0.0294706 59.4805
      vertex -1.82345 0 59.5705
      vertex -2.27199 0 59.4813
    endloop
  endfacet
  facet normal -0.195152 5.69763e-05 0.980773
    outer loop
      vertex -2.31103 -0.304252 59.4735
      vertex -1.82345 0 59.5705
      vertex -2.27577 -0.0294706 59.4805
    endloop
  endfacet
  facet normal -0.195121 4.32368e-06 0.980779
    outer loop
      vertex -2.43469 -0.638226 59.4489
      vertex -1.82345 0 59.5705
      vertex -2.31103 -0.304252 59.4735
    endloop
  endfacet
  facet normal -0.190795 -0.00429897 0.981621
    outer loop
      vertex -2.44051 -0.653932 59.4477
      vertex -1.82345 0 59.5705
      vertex -2.43469 -0.638226 59.4489
    endloop
  endfacet
  facet normal -0.196456 0.00125089 0.980512
    outer loop
      vertex -2.44909 -0.668896 59.446
      vertex -1.82345 0 59.5705
      vertex -2.44051 -0.653932 59.4477
    endloop
  endfacet
  facet normal -0.196098 0.000903423 0.980584
    outer loop
      vertex -2.57209 -0.883473 59.4216
      vertex -1.82345 0 59.5705
      vertex -2.44909 -0.668896 59.446
    endloop
  endfacet
  facet normal -0.195073 0 0.980789
    outer loop
      vertex -1.82345 0 59.5705
      vertex -2.57209 -0.883473 59.4216
      vertex -1.82345 -45.72 59.5705
    endloop
  endfacet
  facet normal -0.195092 -2.41192e-07 0.980785
    outer loop
      vertex -3.6157 -45.72 59.214
      vertex -2.57209 -0.883473 59.4216
      vertex -2.78575 -0.746438 59.3791
    endloop
  endfacet
  facet normal -0.190711 0.00507292 0.981633
    outer loop
      vertex -3.6157 0 59.214
      vertex -2.78575 -0.746438 59.3791
      vertex -2.82961 -0.692472 59.3703
    endloop
  endfacet
  facet normal -0.195092 -9.16523e-05 0.980785
    outer loop
      vertex -3.6157 0 59.214
      vertex -2.82961 -0.692472 59.3703
      vertex -3.06452 -0.403451 59.3236
    endloop
  endfacet
  facet normal -0.195111 -0.000118466 0.980781
    outer loop
      vertex -3.6157 0 59.214
      vertex -3.06452 -0.403451 59.3236
      vertex -3.13204 -0.138032 59.3102
    endloop
  endfacet
  facet normal -0.195048 0.000112095 0.980794
    outer loop
      vertex -3.6157 0 59.214
      vertex -3.13204 -0.138032 59.3102
      vertex -3.16716 0 59.3032
    endloop
  endfacet
  facet normal -0.195105 0 0.980782
    outer loop
      vertex -2.78575 -0.746438 59.3791
      vertex -3.6157 0 59.214
      vertex -3.6157 -45.72 59.214
    endloop
  endfacet
  facet normal -0.19509 -2.94571e-07 0.980785
    outer loop
      vertex -2.57209 -0.883473 59.4216
      vertex -3.6157 -45.72 59.214
      vertex -1.82345 -45.72 59.5705
    endloop
  endfacet
  facet normal 0.831452 0 -0.555596
    outer loop
      vertex 12.0984 -45.72 38.735
      vertex 11.0831 -8.5044 37.2156
      vertex 12.0984 -6.985 38.735
    endloop
  endfacet
  facet normal 0.831452 0 -0.555596
    outer loop
      vertex 11.0831 -8.5044 37.2156
      vertex 12.0984 -45.72 38.735
      vertex 11.0831 -45.72 37.2156
    endloop
  endfacet
  facet normal 0.831478 0.000362873 0.555558
    outer loop
      vertex 11.0831 0 54.2244
      vertex 11.4305 -0.211122 53.7046
      vertex 11.3372 0 53.8441
    endloop
  endfacet
  facet normal 0.831385 -0.000131179 0.555696
    outer loop
      vertex 11.0831 0 54.2244
      vertex 11.5797 -0.548843 53.4813
      vertex 11.4305 -0.211122 53.7046
    endloop
  endfacet
  facet normal 0.83143 0 0.555629
    outer loop
      vertex 11.5797 -0.548843 53.4813
      vertex 11.0831 0 54.2244
      vertex 11.0831 -45.72 54.2244
    endloop
  endfacet
  facet normal 0.831478 -0.000406778 0.555558
    outer loop
      vertex 11.7312 -0.234451 53.2544
      vertex 12.0984 0 52.705
      vertex 11.8443 0 53.0853
    endloop
  endfacet
  facet normal 0.831283 0.000581265 0.555849
    outer loop
      vertex 11.5797 -0.548843 53.4813
      vertex 12.0984 0 52.705
      vertex 11.7312 -0.234451 53.2544
    endloop
  endfacet
  facet normal 0.831452 -7.82715e-07 0.555596
    outer loop
      vertex 12.0984 -45.72 52.705
      vertex 11.5797 -0.548843 53.4813
      vertex 11.0831 -45.72 54.2244
    endloop
  endfacet
  facet normal 0.831473 0 0.555565
    outer loop
      vertex 11.5797 -0.548843 53.4813
      vertex 12.0984 -45.72 52.705
      vertex 12.0984 0 52.705
    endloop
  endfacet
  facet normal 0.751856 0 -0.659328
    outer loop
      vertex 11.0831 -45.72 37.2156
      vertex 9.87828 -9.87828 35.8417
      vertex 11.0831 -8.5044 37.2156
    endloop
  endfacet
  facet normal 0.751856 0 -0.659328
    outer loop
      vertex 9.87828 -9.87828 35.8417
      vertex 11.0831 -45.72 37.2156
      vertex 9.87828 -45.72 35.8417
    endloop
  endfacet
  facet normal -0.831452 0 -0.555596
    outer loop
      vertex -12.0984 -45.72 38.735
      vertex -11.0831 -8.5044 37.2156
      vertex -11.0831 -45.72 37.2156
    endloop
  endfacet
  facet normal -0.831452 0 -0.555596
    outer loop
      vertex -11.0831 -8.5044 37.2156
      vertex -12.0984 -45.72 38.735
      vertex -12.0984 -6.985 38.735
    endloop
  endfacet
  facet normal 0.442159 0.000499314 0.896936
    outer loop
      vertex 6.48337 -0.203524 58.0658
      vertex 6.985 0 57.8184
      vertex 6.57483 0 58.0206
    endloop
  endfacet
  facet normal 0.442338 -4.88605e-05 0.896848
    outer loop
      vertex 6.20756 -0.81724 58.2018
      vertex 6.985 0 57.8184
      vertex 6.48337 -0.203524 58.0658
    endloop
  endfacet
  facet normal 0.442297 0 0.896869
    outer loop
      vertex 6.985 0 57.8184
      vertex 6.20756 -0.81724 58.2018
      vertex 6.985 -45.72 57.8184
    endloop
  endfacet
  facet normal 0.441962 -7.21039e-06 0.897034
    outer loop
      vertex 6.11115 -0.880728 58.2493
      vertex 6.985 -45.72 57.8184
      vertex 6.20756 -0.81724 58.2018
    endloop
  endfacet
  facet normal 0.442509 -4.3887e-06 0.896764
    outer loop
      vertex 5.34609 -45.72 58.6266
      vertex 6.11115 -0.880728 58.2493
      vertex 6.05461 -0.820674 58.2772
    endloop
  endfacet
  facet normal 0.44253 -4.80652e-06 0.896754
    outer loop
      vertex 5.34609 -45.72 58.6266
      vertex 6.05461 -0.820674 58.2772
      vertex 6.02928 -0.793769 58.2897
    endloop
  endfacet
  facet normal 0.442386 0.000117429 0.896825
    outer loop
      vertex 5.34609 0 58.6266
      vertex 6.02928 -0.793769 58.2897
      vertex 5.80043 -0.128429 58.4025
    endloop
  endfacet
  facet normal 0.442335 -0.000104109 0.89685
    outer loop
      vertex 5.34609 0 58.6266
      vertex 5.80043 -0.128429 58.4025
      vertex 5.75626 0 58.4243
    endloop
  endfacet
  facet normal 0.442276 0 0.896879
    outer loop
      vertex 6.02928 -0.793769 58.2897
      vertex 5.34609 0 58.6266
      vertex 5.34609 -45.72 58.6266
    endloop
  endfacet
  facet normal 0.442279 4.79038e-07 0.896877
    outer loop
      vertex 6.11115 -0.880728 58.2493
      vertex 5.34609 -45.72 58.6266
      vertex 6.985 -45.72 57.8184
    endloop
  endfacet
  facet normal -0.980799 -3.82337e-15 0.195023
    outer loop
      vertex -13.8505 0 47.5434
      vertex -13.7167 -0.23014 48.2163
      vertex -13.7613 0 47.992
    endloop
  endfacet
  facet normal -0.980817 -0.000285021 0.194929
    outer loop
      vertex -13.8505 0 47.5434
      vertex -13.6711 -0.46529 48.4454
      vertex -13.7167 -0.23014 48.2163
    endloop
  endfacet
  facet normal -0.980789 0 0.19507
    outer loop
      vertex -13.6711 -0.46529 48.4454
      vertex -13.8505 0 47.5434
      vertex -13.8505 -45.72 47.5434
    endloop
  endfacet
  facet normal -0.98079 6.85718e-05 0.195065
    outer loop
      vertex -13.6711 -0.46529 48.4454
      vertex -13.494 0 49.3357
      vertex -13.5832 0 48.8872
    endloop
  endfacet
  facet normal -0.980786 -2.94804e-07 0.195085
    outer loop
      vertex -13.494 -45.72 49.3357
      vertex -13.6711 -0.46529 48.4454
      vertex -13.8505 -45.72 47.5434
    endloop
  endfacet
  facet normal -0.980784 0 0.195099
    outer loop
      vertex -13.6711 -0.46529 48.4454
      vertex -13.494 -45.72 49.3357
      vertex -13.494 0 49.3357
    endloop
  endfacet
  facet normal -0.659327 0 -0.751856
    outer loop
      vertex -9.87828 -45.72 35.8417
      vertex -8.5044 -11.0831 34.6369
      vertex -8.5044 -45.72 34.6369
    endloop
  endfacet
  facet normal -0.659327 0 -0.751856
    outer loop
      vertex -8.5044 -11.0831 34.6369
      vertex -9.87828 -45.72 35.8417
      vertex -9.87828 -9.87828 35.8417
    endloop
  endfacet
  facet normal 0 1 0
    outer loop
      vertex 13.97 0 45.72
      vertex 13.9401 0 45.72
      vertex 13.9401 0 46.1764
    endloop
  endfacet
  facet normal 0 1 -0
    outer loop
      vertex -13.9401 0 45.72
      vertex -13.97 0 45.72
      vertex -13.9401 0 46.1764
    endloop
  endfacet
  facet normal 0 1 0
    outer loop
      vertex 7.36526 0 57.5643
      vertex 6.57483 0 58.0206
      vertex 6.985 0 57.8184
    endloop
  endfacet
  facet normal 0 1 0
    outer loop
      vertex 13.8804 0 47.0871
      vertex 13.7613 0 47.992
      vertex 13.8505 0 47.5434
    endloop
  endfacet
  facet normal 0 1 0
    outer loop
      vertex 13.0536 0 50.633
      vertex 12.7043 0 51.4762
      vertex 12.9066 0 51.0661
    endloop
  endfacet
  facet normal 0 1 0
    outer loop
      vertex 8.84823 0 56.5016
      vertex 8.12414 0 57.0572
      vertex 8.5044 0 56.8031
    endloop
  endfacet
  facet normal 0 1 0
    outer loop
      vertex 4.04877 0 59.067
      vertex 3.16716 0 59.3032
      vertex 3.6157 0 59.214
    endloop
  endfacet
  facet normal 0 1 0
    outer loop
      vertex 13.5832 0 48.8872
      vertex 13.347 0 49.7688
      vertex 13.494 0 49.3357
    endloop
  endfacet
  facet normal 0 1 0
    outer loop
      vertex -3.16716 0 59.3032
      vertex -4.04877 0 59.067
      vertex -3.6157 0 59.214
    endloop
  endfacet
  facet normal 0 1 0
    outer loop
      vertex -4.91302 0 58.7736
      vertex -5.75626 0 58.4243
      vertex -5.34609 0 58.6266
    endloop
  endfacet
  facet normal 0 1 0
    outer loop
      vertex 10.1798 0 55.2544
      vertex 9.53444 0 55.8998
      vertex 9.87828 0 55.5983
    endloop
  endfacet
  facet normal 0 1 0
    outer loop
      vertex -13.347 0 49.7688
      vertex -13.5832 0 48.8872
      vertex -13.494 0 49.3357
    endloop
  endfacet
  facet normal 0 1 0
    outer loop
      vertex -13.7613 0 47.992
      vertex -13.8804 0 47.0871
      vertex -13.8505 0 47.5434
    endloop
  endfacet
  facet normal 0 1 0
    outer loop
      vertex -9.53444 0 55.8998
      vertex -10.1798 0 55.2544
      vertex -9.87828 0 55.5983
    endloop
  endfacet
  facet normal 0 1 0
    outer loop
      vertex -8.12414 0 57.0572
      vertex -8.84823 0 56.5016
      vertex -8.5044 0 56.8031
    endloop
  endfacet
  facet normal 0 1 0
    outer loop
      vertex 0.456354 0 59.6601
      vertex -0.456354 0 59.6601
      vertex 0 0 59.69
    endloop
  endfacet
  facet normal 0 1 0
    outer loop
      vertex -6.57483 0 58.0206
      vertex -7.36526 0 57.5643
      vertex -6.985 0 57.8184
    endloop
  endfacet
  facet normal 0 1 0
    outer loop
      vertex 2.27199 0 59.4813
      vertex 1.3671 0 59.6004
      vertex 1.82345 0 59.5705
    endloop
  endfacet
  facet normal 0 1 0
    outer loop
      vertex -12.7043 0 51.4762
      vertex -13.0536 0 50.633
      vertex -12.9066 0 51.0661
    endloop
  endfacet
  facet normal 0 1 0
    outer loop
      vertex -11.8443 0 53.0853
      vertex -12.3006 0 52.2948
      vertex -12.0984 0 52.705
    endloop
  endfacet
  facet normal 0 1 0
    outer loop
      vertex 5.75626 0 58.4243
      vertex 4.91302 0 58.7736
      vertex 5.34609 0 58.6266
    endloop
  endfacet
  facet normal 0 1 0
    outer loop
      vertex -1.3671 0 59.6004
      vertex -2.27199 0 59.4813
      vertex -1.82345 0 59.5705
    endloop
  endfacet
  facet normal 0 1 0
    outer loop
      vertex 12.3006 0 52.2948
      vertex 11.8443 0 53.0853
      vertex 12.0984 0 52.705
    endloop
  endfacet
  facet normal 0 1 0
    outer loop
      vertex 11.3372 0 53.8441
      vertex 10.7816 0 54.5682
      vertex 11.0831 0 54.2244
    endloop
  endfacet
  facet normal 0 1 0
    outer loop
      vertex -10.7816 0 54.5682
      vertex -11.3372 0 53.8441
      vertex -11.0831 0 54.2244
    endloop
  endfacet
  facet normal 0.321445 0 -0.946928
    outer loop
      vertex 3.6157 -13.494 32.226
      vertex 5.34609 -45.72 32.8134
      vertex 3.6157 -45.72 32.226
    endloop
  endfacet
  facet normal 0.321445 0 -0.946928
    outer loop
      vertex 5.34609 -45.72 32.8134
      vertex 3.6157 -13.494 32.226
      vertex 5.34609 -12.9066 32.8134
    endloop
  endfacet
  facet normal -0.321425 -8.76407e-05 0.946935
    outer loop
      vertex -4.16913 -0.490077 59.0261
      vertex -3.6157 0 59.214
      vertex -4.04877 0 59.067
    endloop
  endfacet
  facet normal -0.322585 0.0013741 0.94654
    outer loop
      vertex -4.18406 -0.550841 59.0211
      vertex -3.6157 0 59.214
      vertex -4.16913 -0.490077 59.0261
    endloop
  endfacet
  facet normal -0.31736 -0.00463131 0.948294
    outer loop
      vertex -4.21888 -0.601414 59.0092
      vertex -3.6157 0 59.214
      vertex -4.18406 -0.550841 59.0211
    endloop
  endfacet
  facet normal -0.32186 0.000395205 0.946787
    outer loop
      vertex -4.39746 -0.860797 58.9486
      vertex -3.6157 0 59.214
      vertex -4.21888 -0.601414 59.0092
    endloop
  endfacet
  facet normal -0.32147 0 0.94692
    outer loop
      vertex -3.6157 0 59.214
      vertex -4.39746 -0.860797 58.9486
      vertex -3.6157 -45.72 59.214
    endloop
  endfacet
  facet normal -0.3214 -5.74679e-07 0.946943
    outer loop
      vertex -5.34609 -45.72 58.6266
      vertex -4.39746 -0.860797 58.9486
      vertex -4.68885 -0.617298 58.8497
    endloop
  endfacet
  facet normal -0.32127 0.000196769 0.946988
    outer loop
      vertex -5.34609 0 58.6266
      vertex -4.68885 -0.617298 58.8497
      vertex -4.73505 -0.490077 58.834
    endloop
  endfacet
  facet normal -0.321425 -1.85695e-05 0.946935
    outer loop
      vertex -5.34609 0 58.6266
      vertex -4.73505 -0.490077 58.834
      vertex -4.91302 0 58.7736
    endloop
  endfacet
  facet normal -0.321436 0 0.946931
    outer loop
      vertex -4.68885 -0.617298 58.8497
      vertex -5.34609 0 58.6266
      vertex -5.34609 -45.72 58.6266
    endloop
  endfacet
  facet normal -0.321445 4.84078e-07 0.946928
    outer loop
      vertex -4.39746 -0.860797 58.9486
      vertex -5.34609 -45.72 58.6266
      vertex -3.6157 -45.72 59.214
    endloop
  endfacet
  facet normal -0.0653791 0 0.99786
    outer loop
      vertex -0.456354 -0.791511 59.6601
      vertex 0 0 59.69
      vertex -0.456354 0 59.6601
    endloop
  endfacet
  facet normal -0.0653791 0 0.99786
    outer loop
      vertex 0 0 59.69
      vertex -0.456354 -0.791511 59.6601
      vertex 0 -45.72 59.69
    endloop
  endfacet
  facet normal -0.169842 -0.00106931 0.985471
    outer loop
      vertex -0.456934 -0.791547 59.66
      vertex 0 -45.72 59.69
      vertex -0.456354 -0.791511 59.6601
    endloop
  endfacet
  facet normal -3.92546e-05 0.000667329 1
    outer loop
      vertex -0.457002 -0.791551 59.66
      vertex 0 -45.72 59.69
      vertex -0.456934 -0.791547 59.66
    endloop
  endfacet
  facet normal -0.000150946 -0.00198746 0.999998
    outer loop
      vertex -1.82345 -45.72 59.5705
      vertex -0.457002 -0.791551 59.66
      vertex -0.457081 -0.791545 59.66
    endloop
  endfacet
  facet normal -0.0650983 -8.05283e-06 0.997879
    outer loop
      vertex -1.82345 -45.72 59.5705
      vertex -0.457081 -0.791545 59.66
      vertex -0.59964 -0.781466 59.6507
    endloop
  endfacet
  facet normal -0.0650713 -8.79299e-06 0.997881
    outer loop
      vertex -1.82345 -45.72 59.5705
      vertex -0.59964 -0.781466 59.6507
      vertex -0.719258 -0.755604 59.6429
    endloop
  endfacet
  facet normal -0.0667689 3.30773e-05 0.997768
    outer loop
      vertex -1.82345 -45.72 59.5705
      vertex -0.719258 -0.755604 59.6429
      vertex -0.749142 -0.749142 59.6409
    endloop
  endfacet
  facet normal -0.0646482 -1.78036e-05 0.997908
    outer loop
      vertex -1.82345 -45.72 59.5705
      vertex -0.749142 -0.749142 59.6409
      vertex -0.781561 -0.736602 59.6388
    endloop
  endfacet
  facet normal -0.0656209 4.82191e-06 0.997845
    outer loop
      vertex -1.82345 -45.72 59.5705
      vertex -0.781561 -0.736602 59.6388
      vertex -0.900166 -0.690721 59.631
    endloop
  endfacet
  facet normal -0.0650776 -6.36486e-06 0.99788
    outer loop
      vertex -1.82345 -45.72 59.5705
      vertex -0.900166 -0.690721 59.631
      vertex -0.993707 -0.634372 59.6249
    endloop
  endfacet
  facet normal -0.0659808 1.03282e-05 0.997821
    outer loop
      vertex -1.82345 -45.72 59.5705
      vertex -0.993707 -0.634372 59.6249
      vertex -1.04512 -0.6034 59.6215
    endloop
  endfacet
  facet normal -0.0630019 0.00308618 0.998009
    outer loop
      vertex -1.82345 0 59.5705
      vertex -1.04512 -0.6034 59.6215
      vertex -1.09366 -0.559489 59.6183
    endloop
  endfacet
  facet normal -0.0645601 0.00104545 0.997913
    outer loop
      vertex -1.82345 0 59.5705
      vertex -1.09366 -0.559489 59.6183
      vertex -1.1744 -0.486453 59.613
    endloop
  endfacet
  facet normal -0.06563 -0.000388041 0.997844
    outer loop
      vertex -1.82345 0 59.5705
      vertex -1.1744 -0.486453 59.613
      vertex -1.21886 -0.424189 59.6101
    endloop
  endfacet
  facet normal -0.0658992 -0.000773517 0.997826
    outer loop
      vertex -1.82345 0 59.5705
      vertex -1.21886 -0.424189 59.6101
      vertex -1.27736 -0.342268 59.6063
    endloop
  endfacet
  facet normal -0.0649525 0.000743486 0.997888
    outer loop
      vertex -1.82345 0 59.5705
      vertex -1.27736 -0.342268 59.6063
      vertex -1.31172 -0.257029 59.604
    endloop
  endfacet
  facet normal -0.0654274 -0.000205973 0.997857
    outer loop
      vertex -1.82345 0 59.5705
      vertex -1.31172 -0.257029 59.604
      vertex -1.344 -0.176941 59.6019
    endloop
  endfacet
  facet normal -0.0655519 -0.000544919 0.997849
    outer loop
      vertex -1.82345 0 59.5705
      vertex -1.344 -0.176941 59.6019
      vertex -1.35538 -0.0897964 59.6012
    endloop
  endfacet
  facet normal -0.0653797 0.000356788 0.99786
    outer loop
      vertex -1.82345 0 59.5705
      vertex -1.35538 -0.0897964 59.6012
      vertex -1.3671 0 59.6004
    endloop
  endfacet
  facet normal -0.0653847 0 0.99786
    outer loop
      vertex -1.04512 -0.6034 59.6215
      vertex -1.82345 0 59.5705
      vertex -1.82345 -45.72 59.5705
    endloop
  endfacet
  facet normal -0.0653948 1.11767e-06 0.997859
    outer loop
      vertex -0.457002 -0.791551 59.66
      vertex -1.82345 -45.72 59.5705
      vertex 0 -45.72 59.69
    endloop
  endfacet
  facet normal -0.442279 0 -0.896877
    outer loop
      vertex -6.985 -45.72 33.6216
      vertex -5.34609 -12.9066 32.8134
      vertex -5.34609 -45.72 32.8134
    endloop
  endfacet
  facet normal -0.442279 0 -0.896877
    outer loop
      vertex -5.34609 -12.9066 32.8134
      vertex -6.985 -45.72 33.6216
      vertex -6.985 -12.0984 33.6216
    endloop
  endfacet
  facet normal 0.980784 0 -0.195095
    outer loop
      vertex 13.8505 -45.72 43.8965
      vertex 13.494 -3.6157 42.1043
      vertex 13.8505 -1.82345 43.8965
    endloop
  endfacet
  facet normal 0.980784 0 -0.195095
    outer loop
      vertex 13.494 -3.6157 42.1043
      vertex 13.8505 -45.72 43.8965
      vertex 13.494 -45.72 42.1043
    endloop
  endfacet
  facet normal -0.99786 0 -0.065393
    outer loop
      vertex -13.97 -45.72 45.72
      vertex -13.8505 -1.82345 43.8965
      vertex -13.8505 -45.72 43.8965
    endloop
  endfacet
  facet normal -0.99786 0 -0.065393
    outer loop
      vertex -13.8505 -1.82345 43.8965
      vertex -13.97 -45.72 45.72
      vertex -13.97 0 45.72
    endloop
  endfacet
  facet normal 0.946942 0.000230072 0.321405
    outer loop
      vertex 12.9066 0 51.0661
      vertex 13.1195 -0.22133 50.439
      vertex 13.0536 0 50.633
    endloop
  endfacet
  facet normal 0.946874 -0.000397707 0.321604
    outer loop
      vertex 12.9066 0 51.0661
      vertex 13.197 -0.481935 50.2105
      vertex 13.1195 -0.22133 50.439
    endloop
  endfacet
  facet normal 0.946943 0 0.321403
    outer loop
      vertex 13.197 -0.481935 50.2105
      vertex 12.9066 0 51.0661
      vertex 12.9066 -45.72 51.0661
    endloop
  endfacet
  facet normal 0.946942 -2.75112e-05 0.321405
    outer loop
      vertex 13.2748 -0.232064 49.9815
      vertex 13.494 0 49.3357
      vertex 13.347 0 49.7688
    endloop
  endfacet
  facet normal 0.946983 -0.00040636 0.321283
    outer loop
      vertex 13.197 -0.481935 50.2105
      vertex 13.494 0 49.3357
      vertex 13.2748 -0.232064 49.9815
    endloop
  endfacet
  facet normal 0.946929 8.62252e-07 0.321444
    outer loop
      vertex 13.494 -45.72 49.3357
      vertex 13.197 -0.481935 50.2105
      vertex 12.9066 -45.72 51.0661
    endloop
  endfacet
  facet normal 0.946915 0 0.321484
    outer loop
      vertex 13.197 -0.481935 50.2105
      vertex 13.494 -45.72 49.3357
      vertex 13.494 0 49.3357
    endloop
  endfacet
  facet normal -0.946929 0 -0.321444
    outer loop
      vertex -13.494 -45.72 42.1043
      vertex -12.9066 -5.34609 40.3739
      vertex -12.9066 -45.72 40.3739
    endloop
  endfacet
  facet normal -0.946929 0 -0.321444
    outer loop
      vertex -12.9066 -5.34609 40.3739
      vertex -13.494 -45.72 42.1043
      vertex -13.494 -3.6157 42.1043
    endloop
  endfacet
  facet normal -0.555596 0 -0.831452
    outer loop
      vertex -8.5044 -45.72 34.6369
      vertex -6.985 -12.0984 33.6216
      vertex -6.985 -45.72 33.6216
    endloop
  endfacet
  facet normal -0.555596 0 -0.831452
    outer loop
      vertex -6.985 -12.0984 33.6216
      vertex -8.5044 -45.72 34.6369
      vertex -8.5044 -11.0831 34.6369
    endloop
  endfacet
  facet normal 0.321425 -1.85695e-05 0.946935
    outer loop
      vertex 4.73505 -0.490077 58.834
      vertex 5.34609 0 58.6266
      vertex 4.91302 0 58.7736
    endloop
  endfacet
  facet normal 0.32127 0.000196769 0.946988
    outer loop
      vertex 4.68885 -0.617298 58.8497
      vertex 5.34609 0 58.6266
      vertex 4.73505 -0.490077 58.834
    endloop
  endfacet
  facet normal 0.321436 0 0.946931
    outer loop
      vertex 5.34609 0 58.6266
      vertex 4.68885 -0.617298 58.8497
      vertex 5.34609 -45.72 58.6266
    endloop
  endfacet
  facet normal 0.3214 -5.74679e-07 0.946943
    outer loop
      vertex 4.39746 -0.860797 58.9486
      vertex 5.34609 -45.72 58.6266
      vertex 4.68885 -0.617298 58.8497
    endloop
  endfacet
  facet normal 0.32186 0.000395205 0.946787
    outer loop
      vertex 3.6157 0 59.214
      vertex 4.39746 -0.860797 58.9486
      vertex 4.21888 -0.601414 59.0092
    endloop
  endfacet
  facet normal 0.31736 -0.00463131 0.948294
    outer loop
      vertex 3.6157 0 59.214
      vertex 4.21888 -0.601414 59.0092
      vertex 4.18406 -0.550841 59.0211
    endloop
  endfacet
  facet normal 0.322585 0.0013741 0.94654
    outer loop
      vertex 3.6157 0 59.214
      vertex 4.18406 -0.550841 59.0211
      vertex 4.16913 -0.490077 59.0261
    endloop
  endfacet
  facet normal 0.321425 -8.76407e-05 0.946935
    outer loop
      vertex 3.6157 0 59.214
      vertex 4.16913 -0.490077 59.0261
      vertex 4.04877 0 59.067
    endloop
  endfacet
  facet normal 0.32147 0 0.94692
    outer loop
      vertex 4.39746 -0.860797 58.9486
      vertex 3.6157 0 59.214
      vertex 3.6157 -45.72 59.214
    endloop
  endfacet
  facet normal 0.321445 4.84078e-07 0.946928
    outer loop
      vertex 4.39746 -0.860797 58.9486
      vertex 3.6157 -45.72 59.214
      vertex 5.34609 -45.72 58.6266
    endloop
  endfacet
  facet normal 0.896949 0.000351865 0.442133
    outer loop
      vertex 12.0984 0 52.705
      vertex 12.496 -0.508831 51.8988
      vertex 12.3006 0 52.2948
    endloop
  endfacet
  facet normal 0.896861 0 0.442312
    outer loop
      vertex 12.496 -0.508831 51.8988
      vertex 12.0984 0 52.705
      vertex 12.0984 -45.72 52.705
    endloop
  endfacet
  facet normal 0.89682 0.000292892 0.442396
    outer loop
      vertex 12.496 -0.508831 51.8988
      vertex 12.9066 0 51.0661
      vertex 12.7043 0 51.4762
    endloop
  endfacet
  facet normal 0.896876 -6.75412e-07 0.442282
    outer loop
      vertex 12.9066 -45.72 51.0661
      vertex 12.496 -0.508831 51.8988
      vertex 12.0984 -45.72 52.705
    endloop
  endfacet
  facet normal 0.896891 0 0.442252
    outer loop
      vertex 12.496 -0.508831 51.8988
      vertex 12.9066 -45.72 51.0661
      vertex 12.9066 0 51.0661
    endloop
  endfacet
  facet normal -0.659308 0.000129004 0.751873
    outer loop
      vertex -8.93334 -0.185564 56.427
      vertex -8.5044 0 56.8031
      vertex -8.84823 0 56.5016
    endloop
  endfacet
  facet normal -0.659247 -0.000118188 0.751926
    outer loop
      vertex -9.1657 -0.692131 56.2232
      vertex -8.5044 0 56.8031
      vertex -8.93334 -0.185564 56.427
    endloop
  endfacet
  facet normal -0.659317 0 0.751865
    outer loop
      vertex -8.5044 0 56.8031
      vertex -9.1657 -0.692131 56.2232
      vertex -8.5044 -45.72 56.8031
    endloop
  endfacet
  facet normal -0.659328 1.51167e-05 0.751855
    outer loop
      vertex -9.87828 0 55.5983
      vertex -9.1657 -0.692131 56.2232
      vertex -9.41223 -0.229391 56.007
    endloop
  endfacet
  facet normal -0.659297 0.0001271 0.751883
    outer loop
      vertex -9.87828 0 55.5983
      vertex -9.41223 -0.229391 56.007
      vertex -9.53444 0 55.8998
    endloop
  endfacet
  facet normal -0.659336 0 0.751848
    outer loop
      vertex -9.1657 -0.692131 56.2232
      vertex -9.87828 0 55.5983
      vertex -9.87828 -45.72 55.5983
    endloop
  endfacet
  facet normal -0.659327 -2.57996e-07 0.751856
    outer loop
      vertex -9.1657 -0.692131 56.2232
      vertex -9.87828 -45.72 55.5983
      vertex -8.5044 -45.72 56.8031
    endloop
  endfacet
  facet normal 0.0653948 0 -0.997859
    outer loop
      vertex 0 -13.97 31.75
      vertex 1.82345 -45.72 31.8695
      vertex 0 -45.72 31.75
    endloop
  endfacet
  facet normal 0.0653948 0 -0.997859
    outer loop
      vertex 1.82345 -45.72 31.8695
      vertex 0 -13.97 31.75
      vertex 1.82345 -13.8505 31.8695
    endloop
  endfacet
  facet normal 0.896876 0 -0.442282
    outer loop
      vertex 12.9066 -45.72 40.3739
      vertex 12.0984 -6.985 38.735
      vertex 12.9066 -5.34609 40.3739
    endloop
  endfacet
  facet normal 0.896876 0 -0.442282
    outer loop
      vertex 12.0984 -6.985 38.735
      vertex 12.9066 -45.72 40.3739
      vertex 12.0984 -45.72 38.735
    endloop
  endfacet
  facet normal 0.555596 0 -0.831452
    outer loop
      vertex 6.985 -12.0984 33.6216
      vertex 8.5044 -45.72 34.6369
      vertex 6.985 -45.72 33.6216
    endloop
  endfacet
  facet normal 0.555596 0 -0.831452
    outer loop
      vertex 8.5044 -45.72 34.6369
      vertex 6.985 -12.0984 33.6216
      vertex 8.5044 -11.0831 34.6369
    endloop
  endfacet
  facet normal -0.896876 0 -0.442282
    outer loop
      vertex -12.9066 -45.72 40.3739
      vertex -12.0984 -6.985 38.735
      vertex -12.0984 -45.72 38.735
    endloop
  endfacet
  facet normal -0.896876 0 -0.442282
    outer loop
      vertex -12.0984 -6.985 38.735
      vertex -12.9066 -45.72 40.3739
      vertex -12.9066 -5.34609 40.3739
    endloop
  endfacet
  facet normal -0.831478 -0.000406778 0.555558
    outer loop
      vertex -12.0984 0 52.705
      vertex -11.7312 -0.234451 53.2544
      vertex -11.8443 0 53.0853
    endloop
  endfacet
  facet normal -0.831283 0.000581265 0.555849
    outer loop
      vertex -12.0984 0 52.705
      vertex -11.5797 -0.548843 53.4813
      vertex -11.7312 -0.234451 53.2544
    endloop
  endfacet
  facet normal -0.831473 0 0.555565
    outer loop
      vertex -11.5797 -0.548843 53.4813
      vertex -12.0984 0 52.705
      vertex -12.0984 -45.72 52.705
    endloop
  endfacet
  facet normal -0.831478 0.000362873 0.555558
    outer loop
      vertex -11.4305 -0.211122 53.7046
      vertex -11.0831 0 54.2244
      vertex -11.3372 0 53.8441
    endloop
  endfacet
  facet normal -0.831385 -0.000131179 0.555696
    outer loop
      vertex -11.5797 -0.548843 53.4813
      vertex -11.0831 0 54.2244
      vertex -11.4305 -0.211122 53.7046
    endloop
  endfacet
  facet normal -0.831452 -7.82715e-07 0.555596
    outer loop
      vertex -11.0831 -45.72 54.2244
      vertex -11.5797 -0.548843 53.4813
      vertex -12.0984 -45.72 52.705
    endloop
  endfacet
  facet normal -0.83143 0 0.555629
    outer loop
      vertex -11.5797 -0.548843 53.4813
      vertex -11.0831 -45.72 54.2244
      vertex -11.0831 0 54.2244
    endloop
  endfacet
  facet normal -0.751845 6.19334e-05 0.65934
    outer loop
      vertex -11.0831 0 54.2244
      vertex -10.4634 -0.606978 54.9311
      vertex -10.7816 0 54.5682
    endloop
  endfacet
  facet normal -0.751871 0 0.65931
    outer loop
      vertex -10.4634 -0.606978 54.9311
      vertex -11.0831 0 54.2244
      vertex -11.0831 -45.72 54.2244
    endloop
  endfacet
  facet normal -0.751918 0.000175152 0.659257
    outer loop
      vertex -10.4634 -0.606978 54.9311
      vertex -9.87828 0 55.5983
      vertex -10.1798 0 55.2544
    endloop
  endfacet
  facet normal -0.751856 -4.90847e-07 0.659328
    outer loop
      vertex -9.87828 -45.72 55.5983
      vertex -10.4634 -0.606978 54.9311
      vertex -11.0831 -45.72 54.2244
    endloop
  endfacet
  facet normal -0.751839 0 0.659347
    outer loop
      vertex -10.4634 -0.606978 54.9311
      vertex -9.87828 -45.72 55.5983
      vertex -9.87828 0 55.5983
    endloop
  endfacet
endsolid OpenSCAD_Model
