solid 
 facet normal  9.996892e-01  2.493069e-02 -0.000000e+00
   outer loop
     vertex  2.110000e+01  0.000000e+00  0.000000e+00
     vertex  2.107377e+01  1.051748e+00  4.000000e+01
     vertex  2.110000e+01  0.000000e+00  4.000000e+01
   endloop
 endfacet
 facet normal  9.972038e-01  7.473009e-02 -0.000000e+00
   outer loop
     vertex  2.107377e+01  1.051748e+00  0.000000e+00
     vertex  2.099515e+01  2.100882e+00  4.000000e+01
     vertex  2.107377e+01  1.051748e+00  4.000000e+01
   endloop
 endfacet
 facet normal  9.996892e-01  2.493069e-02 -0.000000e+00
   outer loop
     vertex  2.107377e+01  1.051748e+00  0.000000e+00
     vertex  2.107377e+01  1.051748e+00  4.000000e+01
     vertex  2.110000e+01  0.000000e+00  0.000000e+00
   endloop
 endfacet
 facet normal  9.972038e-01  7.473009e-02 -0.000000e+00
   outer loop
     vertex  2.099515e+01  2.100882e+00  0.000000e+00
     vertex  2.099515e+01  2.100882e+00  4.000000e+01
     vertex  2.107377e+01  1.051748e+00  0.000000e+00
   endloop
 endfacet
 facet normal  9.922392e-01  1.243437e-01 -0.000000e+00
   outer loop
     vertex  2.086433e+01  3.144792e+00  0.000000e+00
     vertex  2.086433e+01  3.144792e+00  4.000000e+01
     vertex  2.099515e+01  2.100882e+00  4.000000e+01
   endloop
 endfacet
 facet normal  9.848078e-01  1.736482e-01 -0.000000e+00
   outer loop
     vertex  2.086433e+01  3.144792e+00  0.000000e+00
     vertex  2.068164e+01  4.180884e+00  4.000000e+01
     vertex  2.086433e+01  3.144792e+00  4.000000e+01
   endloop
 endfacet
 facet normal  9.922392e-01  1.243437e-01  0.000000e+00
   outer loop
     vertex  2.086433e+01  3.144792e+00  0.000000e+00
     vertex  2.099515e+01  2.100882e+00  4.000000e+01
     vertex  2.099515e+01  2.100882e+00  0.000000e+00
   endloop
 endfacet
 facet normal  9.848078e-01  1.736482e-01 -0.000000e+00
   outer loop
     vertex  2.068164e+01  4.180884e+00  0.000000e+00
     vertex  2.068164e+01  4.180884e+00  4.000000e+01
     vertex  2.086433e+01  3.144792e+00  0.000000e+00
   endloop
 endfacet
 facet normal  9.749279e-01  2.225209e-01 -0.000000e+00
   outer loop
     vertex  2.044753e+01  5.206581e+00  0.000000e+00
     vertex  2.044753e+01  5.206581e+00  4.000000e+01
     vertex  2.068164e+01  4.180884e+00  4.000000e+01
   endloop
 endfacet
 facet normal  9.626242e-01  2.708405e-01 -0.000000e+00
   outer loop
     vertex  2.044753e+01  5.206581e+00  0.000000e+00
     vertex  2.016259e+01  6.219334e+00  4.000000e+01
     vertex  2.044753e+01  5.206581e+00  4.000000e+01
   endloop
 endfacet
 facet normal  9.749279e-01  2.225209e-01  0.000000e+00
   outer loop
     vertex  2.044753e+01  5.206581e+00  0.000000e+00
     vertex  2.068164e+01  4.180884e+00  4.000000e+01
     vertex  2.068164e+01  4.180884e+00  0.000000e+00
   endloop
 endfacet
 facet normal  9.626242e-01  2.708405e-01 -0.000000e+00
   outer loop
     vertex  2.016259e+01  6.219334e+00  0.000000e+00
     vertex  2.016259e+01  6.219334e+00  4.000000e+01
     vertex  2.044753e+01  5.206581e+00  0.000000e+00
   endloop
 endfacet
 facet normal  9.479273e-01  3.184867e-01 -0.000000e+00
   outer loop
     vertex  1.982751e+01  7.216625e+00  0.000000e+00
     vertex  1.982751e+01  7.216625e+00  4.000000e+01
     vertex  2.016259e+01  6.219334e+00  4.000000e+01
   endloop
 endfacet
 facet normal  9.308737e-01  3.653410e-01 -0.000000e+00
   outer loop
     vertex  1.982751e+01  7.216625e+00  0.000000e+00
     vertex  1.944315e+01  8.195974e+00  4.000000e+01
     vertex  1.982751e+01  7.216625e+00  4.000000e+01
   endloop
 endfacet
 facet normal  9.479273e-01  3.184867e-01  0.000000e+00
   outer loop
     vertex  1.982751e+01  7.216625e+00  0.000000e+00
     vertex  2.016259e+01  6.219334e+00  4.000000e+01
     vertex  2.016259e+01  6.219334e+00  0.000000e+00
   endloop
 endfacet
 facet normal  9.308737e-01  3.653410e-01 -0.000000e+00
   outer loop
     vertex  1.944315e+01  8.195974e+00  0.000000e+00
     vertex  1.944315e+01  8.195974e+00  4.000000e+01
     vertex  1.982751e+01  7.216625e+00  0.000000e+00
   endloop
 endfacet
 facet normal  9.115059e-01  4.112871e-01 -0.000000e+00
   outer loop
     vertex  1.901044e+01  9.154947e+00  0.000000e+00
     vertex  1.901044e+01  9.154947e+00  4.000000e+01
     vertex  1.944315e+01  8.195974e+00  4.000000e+01
   endloop
 endfacet
 facet normal  8.898718e-01  4.562107e-01 -0.000000e+00
   outer loop
     vertex  1.901044e+01  9.154947e+00  0.000000e+00
     vertex  1.853048e+01  1.009116e+01  4.000000e+01
     vertex  1.901044e+01  9.154947e+00  4.000000e+01
   endloop
 endfacet
 facet normal  9.115059e-01  4.112871e-01  0.000000e+00
   outer loop
     vertex  1.901044e+01  9.154947e+00  0.000000e+00
     vertex  1.944315e+01  8.195974e+00  4.000000e+01
     vertex  1.944315e+01  8.195974e+00  0.000000e+00
   endloop
 endfacet
 facet normal  8.898718e-01  4.562107e-01 -0.000000e+00
   outer loop
     vertex  1.853048e+01  1.009116e+01  0.000000e+00
     vertex  1.853048e+01  1.009116e+01  4.000000e+01
     vertex  1.901044e+01  9.154947e+00  0.000000e+00
   endloop
 endfacet
 facet normal  8.660254e-01  5.000000e-01 -0.000000e+00
   outer loop
     vertex  1.800444e+01  1.100228e+01  0.000000e+00
     vertex  1.800444e+01  1.100228e+01  4.000000e+01
     vertex  1.853048e+01  1.009116e+01  4.000000e+01
   endloop
 endfacet
 facet normal  8.660254e-01  5.000000e-01  0.000000e+00
   outer loop
     vertex  1.800444e+01  1.100228e+01  0.000000e+00
     vertex  1.853048e+01  1.009116e+01  4.000000e+01
     vertex  1.853048e+01  1.009116e+01  0.000000e+00
   endloop
 endfacet
 facet normal  8.400259e-01  5.425463e-01  0.000000e+00
   outer loop
     vertex  1.743364e+01  1.188605e+01  0.000000e+00
     vertex  1.800444e+01  1.100228e+01  4.000000e+01
     vertex  1.800444e+01  1.100228e+01  0.000000e+00
   endloop
 endfacet
 facet normal  8.400259e-01  5.425463e-01 -0.000000e+00
   outer loop
     vertex  1.743364e+01  1.188605e+01  0.000000e+00
     vertex  1.743364e+01  1.188605e+01  4.000000e+01
     vertex  1.800444e+01  1.100228e+01  4.000000e+01
   endloop
 endfacet
 facet normal  8.119380e-01  5.837437e-01  0.000000e+00
   outer loop
     vertex  1.681950e+01  1.274027e+01  0.000000e+00
     vertex  1.743364e+01  1.188605e+01  4.000000e+01
     vertex  1.743364e+01  1.188605e+01  0.000000e+00
   endloop
 endfacet
 facet normal  8.119380e-01  5.837437e-01 -0.000000e+00
   outer loop
     vertex  1.681950e+01  1.274027e+01  0.000000e+00
     vertex  1.681950e+01  1.274027e+01  4.000000e+01
     vertex  1.743364e+01  1.188605e+01  4.000000e+01
   endloop
 endfacet
 facet normal  7.818315e-01  6.234898e-01  0.000000e+00
   outer loop
     vertex  1.616354e+01  1.356282e+01  0.000000e+00
     vertex  1.681950e+01  1.274027e+01  4.000000e+01
     vertex  1.681950e+01  1.274027e+01  0.000000e+00
   endloop
 endfacet
 facet normal  7.818315e-01  6.234898e-01 -0.000000e+00
   outer loop
     vertex  1.616354e+01  1.356282e+01  0.000000e+00
     vertex  1.616354e+01  1.356282e+01  4.000000e+01
     vertex  1.681950e+01  1.274027e+01  4.000000e+01
   endloop
 endfacet
 facet normal  7.497812e-01  6.616858e-01 -0.000000e+00
   outer loop
     vertex  1.546739e+01  1.435164e+01  0.000000e+00
     vertex  1.546739e+01  1.435164e+01  4.000000e+01
     vertex  1.616354e+01  1.356282e+01  4.000000e+01
   endloop
 endfacet
 facet normal  7.497812e-01  6.616858e-01  0.000000e+00
   outer loop
     vertex  1.546739e+01  1.435164e+01  0.000000e+00
     vertex  1.616354e+01  1.356282e+01  4.000000e+01
     vertex  1.616354e+01  1.356282e+01  0.000000e+00
   endloop
 endfacet
 facet normal  7.158668e-01  6.982368e-01 -0.000000e+00
   outer loop
     vertex  1.473280e+01  1.510479e+01  0.000000e+00
     vertex  1.473280e+01  1.510479e+01  4.000000e+01
     vertex  1.546739e+01  1.435164e+01  4.000000e+01
   endloop
 endfacet
 facet normal  6.801727e-01  7.330519e-01 -0.000000e+00
   outer loop
     vertex  1.473280e+01  1.510479e+01  0.000000e+00
     vertex  1.396157e+01  1.582038e+01  4.000000e+01
     vertex  1.473280e+01  1.510479e+01  4.000000e+01
   endloop
 endfacet
 facet normal  7.158668e-01  6.982368e-01  0.000000e+00
   outer loop
     vertex  1.473280e+01  1.510479e+01  0.000000e+00
     vertex  1.546739e+01  1.435164e+01  4.000000e+01
     vertex  1.546739e+01  1.435164e+01  0.000000e+00
   endloop
 endfacet
 facet normal  6.801727e-01  7.330519e-01 -0.000000e+00
   outer loop
     vertex  1.396157e+01  1.582038e+01  0.000000e+00
     vertex  1.396157e+01  1.582038e+01  4.000000e+01
     vertex  1.473280e+01  1.510479e+01  0.000000e+00
   endloop
 endfacet
 facet normal  6.427876e-01  7.660444e-01  0.000000e+00
   outer loop
     vertex  1.315563e+01  1.649664e+01  0.000000e+00
     vertex  1.396157e+01  1.582038e+01  4.000000e+01
     vertex  1.396157e+01  1.582038e+01  0.000000e+00
   endloop
 endfacet
 facet normal  6.427876e-01  7.660444e-01 -0.000000e+00
   outer loop
     vertex  1.315563e+01  1.649664e+01  0.000000e+00
     vertex  1.315563e+01  1.649664e+01  4.000000e+01
     vertex  1.396157e+01  1.582038e+01  4.000000e+01
   endloop
 endfacet
 facet normal  6.038044e-01  7.971325e-01 -0.000000e+00
   outer loop
     vertex  1.231699e+01  1.713189e+01  0.000000e+00
     vertex  1.231699e+01  1.713189e+01  4.000000e+01
     vertex  1.315563e+01  1.649664e+01  4.000000e+01
   endloop
 endfacet
 facet normal  6.038044e-01  7.971325e-01  0.000000e+00
   outer loop
     vertex  1.231699e+01  1.713189e+01  0.000000e+00
     vertex  1.315563e+01  1.649664e+01  4.000000e+01
     vertex  1.315563e+01  1.649664e+01  0.000000e+00
   endloop
 endfacet
 facet normal  5.633201e-01  8.262388e-01 -0.000000e+00
   outer loop
     vertex  1.144773e+01  1.772455e+01  0.000000e+00
     vertex  1.144773e+01  1.772455e+01  4.000000e+01
     vertex  1.231699e+01  1.713189e+01  4.000000e+01
   endloop
 endfacet
 facet normal  5.633201e-01  8.262388e-01  0.000000e+00
   outer loop
     vertex  1.144773e+01  1.772455e+01  0.000000e+00
     vertex  1.231699e+01  1.713189e+01  4.000000e+01
     vertex  1.231699e+01  1.713189e+01  0.000000e+00
   endloop
 endfacet
 facet normal  5.214352e-01  8.532909e-01 -0.000000e+00
   outer loop
     vertex  1.055000e+01  1.827314e+01  0.000000e+00
     vertex  1.055000e+01  1.827314e+01  4.000000e+01
     vertex  1.144773e+01  1.772455e+01  4.000000e+01
   endloop
 endfacet
 facet normal  5.214352e-01  8.532909e-01  0.000000e+00
   outer loop
     vertex  1.055000e+01  1.827314e+01  0.000000e+00
     vertex  1.144773e+01  1.772455e+01  4.000000e+01
     vertex  1.144773e+01  1.772455e+01  0.000000e+00
   endloop
 endfacet
 facet normal  4.782540e-01  8.782216e-01 -0.000000e+00
   outer loop
     vertex  9.626045e+00  1.877630e+01  0.000000e+00
     vertex  9.626045e+00  1.877630e+01  4.000000e+01
     vertex  1.055000e+01  1.827314e+01  4.000000e+01
   endloop
 endfacet
 facet normal  4.782540e-01  8.782216e-01  0.000000e+00
   outer loop
     vertex  9.626045e+00  1.877630e+01  0.000000e+00
     vertex  1.055000e+01  1.827314e+01  4.000000e+01
     vertex  1.055000e+01  1.827314e+01  0.000000e+00
   endloop
 endfacet
 facet normal  4.338837e-01  9.009689e-01 -0.000000e+00
   outer loop
     vertex  8.678158e+00  1.923277e+01  0.000000e+00
     vertex  8.678158e+00  1.923277e+01  4.000000e+01
     vertex  9.626045e+00  1.877630e+01  4.000000e+01
   endloop
 endfacet
 facet normal  4.338837e-01  9.009689e-01  0.000000e+00
   outer loop
     vertex  8.678158e+00  1.923277e+01  0.000000e+00
     vertex  9.626045e+00  1.877630e+01  4.000000e+01
     vertex  9.626045e+00  1.877630e+01  0.000000e+00
   endloop
 endfacet
 facet normal  3.884348e-01  9.214762e-01 -0.000000e+00
   outer loop
     vertex  7.708696e+00  1.964144e+01  0.000000e+00
     vertex  7.708696e+00  1.964144e+01  4.000000e+01
     vertex  8.678158e+00  1.923277e+01  4.000000e+01
   endloop
 endfacet
 facet normal  3.884348e-01  9.214762e-01  0.000000e+00
   outer loop
     vertex  7.708696e+00  1.964144e+01  0.000000e+00
     vertex  8.678158e+00  1.923277e+01  4.000000e+01
     vertex  8.678158e+00  1.923277e+01  0.000000e+00
   endloop
 endfacet
 facet normal  3.420201e-01  9.396926e-01 -0.000000e+00
   outer loop
     vertex  6.720068e+00  2.000127e+01  0.000000e+00
     vertex  6.720068e+00  2.000127e+01  4.000000e+01
     vertex  7.708696e+00  1.964144e+01  4.000000e+01
   endloop
 endfacet
 facet normal  3.420201e-01  9.396926e-01  0.000000e+00
   outer loop
     vertex  6.720068e+00  2.000127e+01  0.000000e+00
     vertex  7.708696e+00  1.964144e+01  4.000000e+01
     vertex  7.708696e+00  1.964144e+01  0.000000e+00
   endloop
 endfacet
 facet normal  2.947552e-01  9.555728e-01 -0.000000e+00
   outer loop
     vertex  5.714734e+00  2.031137e+01  0.000000e+00
     vertex  5.714734e+00  2.031137e+01  4.000000e+01
     vertex  6.720068e+00  2.000127e+01  4.000000e+01
   endloop
 endfacet
 facet normal  2.947552e-01  9.555728e-01  0.000000e+00
   outer loop
     vertex  5.714734e+00  2.031137e+01  0.000000e+00
     vertex  6.720068e+00  2.000127e+01  4.000000e+01
     vertex  6.720068e+00  2.000127e+01  0.000000e+00
   endloop
 endfacet
 facet normal  2.467574e-01  9.690773e-01 -0.000000e+00
   outer loop
     vertex  4.695192e+00  2.057098e+01  0.000000e+00
     vertex  4.695192e+00  2.057098e+01  4.000000e+01
     vertex  5.714734e+00  2.031137e+01  4.000000e+01
   endloop
 endfacet
 facet normal  1.981461e-01  9.801725e-01 -0.000000e+00
   outer loop
     vertex  4.695192e+00  2.057098e+01  0.000000e+00
     vertex  3.663977e+00  2.077944e+01  4.000000e+01
     vertex  4.695192e+00  2.057098e+01  4.000000e+01
   endloop
 endfacet
 facet normal  2.467574e-01  9.690773e-01  0.000000e+00
   outer loop
     vertex  4.695192e+00  2.057098e+01  0.000000e+00
     vertex  5.714734e+00  2.031137e+01  4.000000e+01
     vertex  5.714734e+00  2.031137e+01  0.000000e+00
   endloop
 endfacet
 facet normal  1.981461e-01  9.801725e-01 -0.000000e+00
   outer loop
     vertex  3.663977e+00  2.077944e+01  0.000000e+00
     vertex  3.663977e+00  2.077944e+01  4.000000e+01
     vertex  4.695192e+00  2.057098e+01  0.000000e+00
   endloop
 endfacet
 facet normal  1.490423e-01  9.888308e-01 -0.000000e+00
   outer loop
     vertex  2.623652e+00  2.093625e+01  0.000000e+00
     vertex  2.623652e+00  2.093625e+01  4.000000e+01
     vertex  3.663977e+00  2.077944e+01  4.000000e+01
   endloop
 endfacet
 facet normal  1.490423e-01  9.888308e-01  0.000000e+00
   outer loop
     vertex  2.623652e+00  2.093625e+01  0.000000e+00
     vertex  3.663977e+00  2.077944e+01  4.000000e+01
     vertex  3.663977e+00  2.077944e+01  0.000000e+00
   endloop
 endfacet
 facet normal  9.956785e-02  9.950308e-01 -0.000000e+00
   outer loop
     vertex  1.576805e+00  2.104100e+01  0.000000e+00
     vertex  1.576805e+00  2.104100e+01  4.000000e+01
     vertex  2.623652e+00  2.093625e+01  4.000000e+01
   endloop
 endfacet
 facet normal  9.956785e-02  9.950308e-01  0.000000e+00
   outer loop
     vertex  1.576805e+00  2.104100e+01  0.000000e+00
     vertex  2.623652e+00  2.093625e+01  4.000000e+01
     vertex  2.623652e+00  2.093625e+01  0.000000e+00
   endloop
 endfacet
 facet normal  4.984589e-02  9.987569e-01 -0.000000e+00
   outer loop
     vertex  5.260376e-01  2.109344e+01  0.000000e+00
     vertex  5.260376e-01  2.109344e+01  4.000000e+01
     vertex  1.576805e+00  2.104100e+01  4.000000e+01
   endloop
 endfacet
 facet normal  4.984589e-02  9.987569e-01  0.000000e+00
   outer loop
     vertex  5.260376e-01  2.109344e+01  0.000000e+00
     vertex  1.576805e+00  2.104100e+01  4.000000e+01
     vertex  1.576805e+00  2.104100e+01  0.000000e+00
   endloop
 endfacet
 facet normal  0.000000e+00  1.000000e+00  0.000000e+00
   outer loop
     vertex -5.260376e-01  2.109344e+01  0.000000e+00
     vertex -5.260376e-01  2.109344e+01  4.000000e+01
     vertex  5.260376e-01  2.109344e+01  4.000000e+01
   endloop
 endfacet
 facet normal -4.984589e-02  9.987569e-01  0.000000e+00
   outer loop
     vertex -5.260376e-01  2.109344e+01  0.000000e+00
     vertex -1.576805e+00  2.104100e+01  4.000000e+01
     vertex -5.260376e-01  2.109344e+01  4.000000e+01
   endloop
 endfacet
 facet normal  0.000000e+00  1.000000e+00  0.000000e+00
   outer loop
     vertex -5.260376e-01  2.109344e+01  0.000000e+00
     vertex  5.260376e-01  2.109344e+01  4.000000e+01
     vertex  5.260376e-01  2.109344e+01  0.000000e+00
   endloop
 endfacet
 facet normal -4.984589e-02  9.987569e-01  0.000000e+00
   outer loop
     vertex -1.576805e+00  2.104100e+01  0.000000e+00
     vertex -1.576805e+00  2.104100e+01  4.000000e+01
     vertex -5.260376e-01  2.109344e+01  0.000000e+00
   endloop
 endfacet
 facet normal -9.956785e-02  9.950308e-01  0.000000e+00
   outer loop
     vertex -2.623652e+00  2.093625e+01  0.000000e+00
     vertex -2.623652e+00  2.093625e+01  4.000000e+01
     vertex -1.576805e+00  2.104100e+01  4.000000e+01
   endloop
 endfacet
 facet normal -9.956785e-02  9.950308e-01  0.000000e+00
   outer loop
     vertex -2.623652e+00  2.093625e+01  0.000000e+00
     vertex -1.576805e+00  2.104100e+01  4.000000e+01
     vertex -1.576805e+00  2.104100e+01  0.000000e+00
   endloop
 endfacet
 facet normal -1.490423e-01  9.888308e-01  0.000000e+00
   outer loop
     vertex -3.663977e+00  2.077944e+01  0.000000e+00
     vertex -3.663977e+00  2.077944e+01  4.000000e+01
     vertex -2.623652e+00  2.093625e+01  4.000000e+01
   endloop
 endfacet
 facet normal -1.490423e-01  9.888308e-01  0.000000e+00
   outer loop
     vertex -3.663977e+00  2.077944e+01  0.000000e+00
     vertex -2.623652e+00  2.093625e+01  4.000000e+01
     vertex -2.623652e+00  2.093625e+01  0.000000e+00
   endloop
 endfacet
 facet normal -1.981461e-01  9.801725e-01  0.000000e+00
   outer loop
     vertex -4.695192e+00  2.057098e+01  0.000000e+00
     vertex -4.695192e+00  2.057098e+01  4.000000e+01
     vertex -3.663977e+00  2.077944e+01  4.000000e+01
   endloop
 endfacet
 facet normal -1.981461e-01  9.801725e-01  0.000000e+00
   outer loop
     vertex -4.695192e+00  2.057098e+01  0.000000e+00
     vertex -3.663977e+00  2.077944e+01  4.000000e+01
     vertex -3.663977e+00  2.077944e+01  0.000000e+00
   endloop
 endfacet
 facet normal -2.467574e-01  9.690773e-01  0.000000e+00
   outer loop
     vertex -5.714734e+00  2.031137e+01  0.000000e+00
     vertex -4.695192e+00  2.057098e+01  4.000000e+01
     vertex -4.695192e+00  2.057098e+01  0.000000e+00
   endloop
 endfacet
 facet normal -2.467574e-01  9.690773e-01  0.000000e+00
   outer loop
     vertex -5.714734e+00  2.031137e+01  0.000000e+00
     vertex -5.714734e+00  2.031137e+01  4.000000e+01
     vertex -4.695192e+00  2.057098e+01  4.000000e+01
   endloop
 endfacet
 facet normal -2.947552e-01  9.555728e-01  0.000000e+00
   outer loop
     vertex -6.720068e+00  2.000127e+01  0.000000e+00
     vertex -5.714734e+00  2.031137e+01  4.000000e+01
     vertex -5.714734e+00  2.031137e+01  0.000000e+00
   endloop
 endfacet
 facet normal -2.947552e-01  9.555728e-01  0.000000e+00
   outer loop
     vertex -6.720068e+00  2.000127e+01  0.000000e+00
     vertex -6.720068e+00  2.000127e+01  4.000000e+01
     vertex -5.714734e+00  2.031137e+01  4.000000e+01
   endloop
 endfacet
 facet normal -3.420201e-01  9.396926e-01  0.000000e+00
   outer loop
     vertex -7.708696e+00  1.964144e+01  0.000000e+00
     vertex -6.720068e+00  2.000127e+01  4.000000e+01
     vertex -6.720068e+00  2.000127e+01  0.000000e+00
   endloop
 endfacet
 facet normal -3.420201e-01  9.396926e-01  0.000000e+00
   outer loop
     vertex -7.708696e+00  1.964144e+01  0.000000e+00
     vertex -7.708696e+00  1.964144e+01  4.000000e+01
     vertex -6.720068e+00  2.000127e+01  4.000000e+01
   endloop
 endfacet
 facet normal -3.884348e-01  9.214762e-01  0.000000e+00
   outer loop
     vertex -7.708696e+00  1.964144e+01  0.000000e+00
     vertex -8.678158e+00  1.923277e+01  4.000000e+01
     vertex -7.708696e+00  1.964144e+01  4.000000e+01
   endloop
 endfacet
 facet normal -3.884348e-01  9.214762e-01  0.000000e+00
   outer loop
     vertex -8.678158e+00  1.923277e+01  0.000000e+00
     vertex -8.678158e+00  1.923277e+01  4.000000e+01
     vertex -7.708696e+00  1.964144e+01  0.000000e+00
   endloop
 endfacet
 facet normal -4.338837e-01  9.009689e-01  0.000000e+00
   outer loop
     vertex -9.626045e+00  1.877630e+01  0.000000e+00
     vertex -8.678158e+00  1.923277e+01  4.000000e+01
     vertex -8.678158e+00  1.923277e+01  0.000000e+00
   endloop
 endfacet
 facet normal -4.338837e-01  9.009689e-01  0.000000e+00
   outer loop
     vertex -9.626045e+00  1.877630e+01  0.000000e+00
     vertex -9.626045e+00  1.877630e+01  4.000000e+01
     vertex -8.678158e+00  1.923277e+01  4.000000e+01
   endloop
 endfacet
 facet normal -4.782540e-01  8.782216e-01  0.000000e+00
   outer loop
     vertex -9.626045e+00  1.877630e+01  0.000000e+00
     vertex -1.055000e+01  1.827314e+01  4.000000e+01
     vertex -9.626045e+00  1.877630e+01  4.000000e+01
   endloop
 endfacet
 facet normal -4.782540e-01  8.782216e-01  0.000000e+00
   outer loop
     vertex -1.055000e+01  1.827314e+01  0.000000e+00
     vertex -1.055000e+01  1.827314e+01  4.000000e+01
     vertex -9.626045e+00  1.877630e+01  0.000000e+00
   endloop
 endfacet
 facet normal -5.214352e-01  8.532909e-01  0.000000e+00
   outer loop
     vertex -1.144773e+01  1.772455e+01  0.000000e+00
     vertex -1.055000e+01  1.827314e+01  4.000000e+01
     vertex -1.055000e+01  1.827314e+01  0.000000e+00
   endloop
 endfacet
 facet normal -5.214352e-01  8.532909e-01  0.000000e+00
   outer loop
     vertex -1.144773e+01  1.772455e+01  0.000000e+00
     vertex -1.144773e+01  1.772455e+01  4.000000e+01
     vertex -1.055000e+01  1.827314e+01  4.000000e+01
   endloop
 endfacet
 facet normal -5.633201e-01  8.262388e-01  0.000000e+00
   outer loop
     vertex -1.231699e+01  1.713189e+01  0.000000e+00
     vertex -1.144773e+01  1.772455e+01  4.000000e+01
     vertex -1.144773e+01  1.772455e+01  0.000000e+00
   endloop
 endfacet
 facet normal -5.633201e-01  8.262388e-01  0.000000e+00
   outer loop
     vertex -1.231699e+01  1.713189e+01  0.000000e+00
     vertex -1.231699e+01  1.713189e+01  4.000000e+01
     vertex -1.144773e+01  1.772455e+01  4.000000e+01
   endloop
 endfacet
 facet normal -6.038044e-01  7.971325e-01  0.000000e+00
   outer loop
     vertex -1.315563e+01  1.649664e+01  0.000000e+00
     vertex -1.231699e+01  1.713189e+01  4.000000e+01
     vertex -1.231699e+01  1.713189e+01  0.000000e+00
   endloop
 endfacet
 facet normal -6.038044e-01  7.971325e-01  0.000000e+00
   outer loop
     vertex -1.315563e+01  1.649664e+01  0.000000e+00
     vertex -1.315563e+01  1.649664e+01  4.000000e+01
     vertex -1.231699e+01  1.713189e+01  4.000000e+01
   endloop
 endfacet
 facet normal -6.427876e-01  7.660444e-01  0.000000e+00
   outer loop
     vertex -1.396157e+01  1.582038e+01  0.000000e+00
     vertex -1.315563e+01  1.649664e+01  4.000000e+01
     vertex -1.315563e+01  1.649664e+01  0.000000e+00
   endloop
 endfacet
 facet normal -6.427876e-01  7.660444e-01  0.000000e+00
   outer loop
     vertex -1.396157e+01  1.582038e+01  0.000000e+00
     vertex -1.396157e+01  1.582038e+01  4.000000e+01
     vertex -1.315563e+01  1.649664e+01  4.000000e+01
   endloop
 endfacet
 facet normal -6.801727e-01  7.330519e-01  0.000000e+00
   outer loop
     vertex -1.473280e+01  1.510479e+01  0.000000e+00
     vertex -1.396157e+01  1.582038e+01  4.000000e+01
     vertex -1.396157e+01  1.582038e+01  0.000000e+00
   endloop
 endfacet
 facet normal -6.801727e-01  7.330519e-01  0.000000e+00
   outer loop
     vertex -1.473280e+01  1.510479e+01  0.000000e+00
     vertex -1.473280e+01  1.510479e+01  4.000000e+01
     vertex -1.396157e+01  1.582038e+01  4.000000e+01
   endloop
 endfacet
 facet normal -7.158668e-01  6.982368e-01  0.000000e+00
   outer loop
     vertex -1.546739e+01  1.435164e+01  0.000000e+00
     vertex -1.473280e+01  1.510479e+01  4.000000e+01
     vertex -1.473280e+01  1.510479e+01  0.000000e+00
   endloop
 endfacet
 facet normal -7.158668e-01  6.982368e-01  0.000000e+00
   outer loop
     vertex -1.546739e+01  1.435164e+01  0.000000e+00
     vertex -1.546739e+01  1.435164e+01  4.000000e+01
     vertex -1.473280e+01  1.510479e+01  4.000000e+01
   endloop
 endfacet
 facet normal -7.497812e-01  6.616858e-01  0.000000e+00
   outer loop
     vertex -1.616354e+01  1.356282e+01  0.000000e+00
     vertex -1.616354e+01  1.356282e+01  4.000000e+01
     vertex -1.546739e+01  1.435164e+01  4.000000e+01
   endloop
 endfacet
 facet normal -7.497812e-01  6.616858e-01  0.000000e+00
   outer loop
     vertex -1.616354e+01  1.356282e+01  0.000000e+00
     vertex -1.546739e+01  1.435164e+01  4.000000e+01
     vertex -1.546739e+01  1.435164e+01  0.000000e+00
   endloop
 endfacet
 facet normal -7.818315e-01  6.234898e-01  0.000000e+00
   outer loop
     vertex -1.681950e+01  1.274027e+01  0.000000e+00
     vertex -1.681950e+01  1.274027e+01  4.000000e+01
     vertex -1.616354e+01  1.356282e+01  4.000000e+01
   endloop
 endfacet
 facet normal -7.818315e-01  6.234898e-01  0.000000e+00
   outer loop
     vertex -1.681950e+01  1.274027e+01  0.000000e+00
     vertex -1.616354e+01  1.356282e+01  4.000000e+01
     vertex -1.616354e+01  1.356282e+01  0.000000e+00
   endloop
 endfacet
 facet normal -8.119380e-01  5.837437e-01  0.000000e+00
   outer loop
     vertex -1.743364e+01  1.188605e+01  0.000000e+00
     vertex -1.743364e+01  1.188605e+01  4.000000e+01
     vertex -1.681950e+01  1.274027e+01  4.000000e+01
   endloop
 endfacet
 facet normal -8.119380e-01  5.837437e-01  0.000000e+00
   outer loop
     vertex -1.743364e+01  1.188605e+01  0.000000e+00
     vertex -1.681950e+01  1.274027e+01  4.000000e+01
     vertex -1.681950e+01  1.274027e+01  0.000000e+00
   endloop
 endfacet
 facet normal -8.400259e-01  5.425463e-01  0.000000e+00
   outer loop
     vertex -1.800444e+01  1.100228e+01  0.000000e+00
     vertex -1.800444e+01  1.100228e+01  4.000000e+01
     vertex -1.743364e+01  1.188605e+01  4.000000e+01
   endloop
 endfacet
 facet normal -8.400259e-01  5.425463e-01  0.000000e+00
   outer loop
     vertex -1.800444e+01  1.100228e+01  0.000000e+00
     vertex -1.743364e+01  1.188605e+01  4.000000e+01
     vertex -1.743364e+01  1.188605e+01  0.000000e+00
   endloop
 endfacet
 facet normal -8.660254e-01  5.000000e-01  0.000000e+00
   outer loop
     vertex -1.853048e+01  1.009116e+01  0.000000e+00
     vertex -1.853048e+01  1.009116e+01  4.000000e+01
     vertex -1.800444e+01  1.100228e+01  4.000000e+01
   endloop
 endfacet
 facet normal -8.660254e-01  5.000000e-01  0.000000e+00
   outer loop
     vertex -1.853048e+01  1.009116e+01  0.000000e+00
     vertex -1.800444e+01  1.100228e+01  4.000000e+01
     vertex -1.800444e+01  1.100228e+01  0.000000e+00
   endloop
 endfacet
 facet normal -8.898718e-01  4.562107e-01  0.000000e+00
   outer loop
     vertex -1.901044e+01  9.154947e+00  0.000000e+00
     vertex -1.901044e+01  9.154947e+00  4.000000e+01
     vertex -1.853048e+01  1.009116e+01  4.000000e+01
   endloop
 endfacet
 facet normal -9.115059e-01  4.112871e-01  0.000000e+00
   outer loop
     vertex -1.901044e+01  9.154947e+00  0.000000e+00
     vertex -1.944315e+01  8.195974e+00  4.000000e+01
     vertex -1.901044e+01  9.154947e+00  4.000000e+01
   endloop
 endfacet
 facet normal -8.898718e-01  4.562107e-01  0.000000e+00
   outer loop
     vertex -1.901044e+01  9.154947e+00  0.000000e+00
     vertex -1.853048e+01  1.009116e+01  4.000000e+01
     vertex -1.853048e+01  1.009116e+01  0.000000e+00
   endloop
 endfacet
 facet normal -9.115059e-01  4.112871e-01  0.000000e+00
   outer loop
     vertex -1.944315e+01  8.195974e+00  0.000000e+00
     vertex -1.944315e+01  8.195974e+00  4.000000e+01
     vertex -1.901044e+01  9.154947e+00  0.000000e+00
   endloop
 endfacet
 facet normal -9.308737e-01  3.653410e-01  0.000000e+00
   outer loop
     vertex -1.982751e+01  7.216625e+00  0.000000e+00
     vertex -1.982751e+01  7.216625e+00  4.000000e+01
     vertex -1.944315e+01  8.195974e+00  4.000000e+01
   endloop
 endfacet
 facet normal -9.479273e-01  3.184867e-01  0.000000e+00
   outer loop
     vertex -1.982751e+01  7.216625e+00  0.000000e+00
     vertex -2.016259e+01  6.219334e+00  4.000000e+01
     vertex -1.982751e+01  7.216625e+00  4.000000e+01
   endloop
 endfacet
 facet normal -9.308737e-01  3.653410e-01  0.000000e+00
   outer loop
     vertex -1.982751e+01  7.216625e+00  0.000000e+00
     vertex -1.944315e+01  8.195974e+00  4.000000e+01
     vertex -1.944315e+01  8.195974e+00  0.000000e+00
   endloop
 endfacet
 facet normal -9.479273e-01  3.184867e-01  0.000000e+00
   outer loop
     vertex -2.016259e+01  6.219334e+00  0.000000e+00
     vertex -2.016259e+01  6.219334e+00  4.000000e+01
     vertex -1.982751e+01  7.216625e+00  0.000000e+00
   endloop
 endfacet
 facet normal -9.626242e-01  2.708405e-01  0.000000e+00
   outer loop
     vertex -2.044753e+01  5.206581e+00  0.000000e+00
     vertex -2.044753e+01  5.206581e+00  4.000000e+01
     vertex -2.016259e+01  6.219334e+00  4.000000e+01
   endloop
 endfacet
 facet normal -9.626242e-01  2.708405e-01  0.000000e+00
   outer loop
     vertex -2.044753e+01  5.206581e+00  0.000000e+00
     vertex -2.016259e+01  6.219334e+00  4.000000e+01
     vertex -2.016259e+01  6.219334e+00  0.000000e+00
   endloop
 endfacet
 facet normal -9.749279e-01  2.225209e-01  0.000000e+00
   outer loop
     vertex -2.068164e+01  4.180884e+00  0.000000e+00
     vertex -2.068164e+01  4.180884e+00  4.000000e+01
     vertex -2.044753e+01  5.206581e+00  4.000000e+01
   endloop
 endfacet
 facet normal -9.848078e-01  1.736482e-01  0.000000e+00
   outer loop
     vertex -2.068164e+01  4.180884e+00  0.000000e+00
     vertex -2.086433e+01  3.144792e+00  4.000000e+01
     vertex -2.068164e+01  4.180884e+00  4.000000e+01
   endloop
 endfacet
 facet normal -9.749279e-01  2.225209e-01  0.000000e+00
   outer loop
     vertex -2.068164e+01  4.180884e+00  0.000000e+00
     vertex -2.044753e+01  5.206581e+00  4.000000e+01
     vertex -2.044753e+01  5.206581e+00  0.000000e+00
   endloop
 endfacet
 facet normal -9.848078e-01  1.736482e-01  0.000000e+00
   outer loop
     vertex -2.086433e+01  3.144792e+00  0.000000e+00
     vertex -2.086433e+01  3.144792e+00  4.000000e+01
     vertex -2.068164e+01  4.180884e+00  0.000000e+00
   endloop
 endfacet
 facet normal -9.922392e-01  1.243437e-01  0.000000e+00
   outer loop
     vertex -2.099515e+01  2.100882e+00  0.000000e+00
     vertex -2.099515e+01  2.100882e+00  4.000000e+01
     vertex -2.086433e+01  3.144792e+00  4.000000e+01
   endloop
 endfacet
 facet normal -9.972038e-01  7.473009e-02  0.000000e+00
   outer loop
     vertex -2.099515e+01  2.100882e+00  0.000000e+00
     vertex -2.107377e+01  1.051748e+00  4.000000e+01
     vertex -2.099515e+01  2.100882e+00  4.000000e+01
   endloop
 endfacet
 facet normal -9.922392e-01  1.243437e-01  0.000000e+00
   outer loop
     vertex -2.099515e+01  2.100882e+00  0.000000e+00
     vertex -2.086433e+01  3.144792e+00  4.000000e+01
     vertex -2.086433e+01  3.144792e+00  0.000000e+00
   endloop
 endfacet
 facet normal -9.972038e-01  7.473009e-02  0.000000e+00
   outer loop
     vertex -2.107377e+01  1.051748e+00  0.000000e+00
     vertex -2.107377e+01  1.051748e+00  4.000000e+01
     vertex -2.099515e+01  2.100882e+00  0.000000e+00
   endloop
 endfacet
 facet normal -9.996892e-01  2.493069e-02  0.000000e+00
   outer loop
     vertex -2.110000e+01 -7.237825e-14  0.000000e+00
     vertex -2.107377e+01  1.051748e+00  4.000000e+01
     vertex -2.107377e+01  1.051748e+00  0.000000e+00
   endloop
 endfacet
 facet normal -9.996892e-01  2.493069e-02  0.000000e+00
   outer loop
     vertex -2.110000e+01 -7.237825e-14  0.000000e+00
     vertex -2.110000e+01 -7.237825e-14  4.000000e+01
     vertex -2.107377e+01  1.051748e+00  4.000000e+01
   endloop
 endfacet
 facet normal -9.996892e-01 -2.493069e-02  0.000000e+00
   outer loop
     vertex -2.110000e+01 -7.237825e-14  0.000000e+00
     vertex -2.107377e+01 -1.051748e+00  4.000000e+01
     vertex -2.110000e+01 -7.237825e-14  4.000000e+01
   endloop
 endfacet
 facet normal -9.996892e-01 -2.493069e-02  0.000000e+00
   outer loop
     vertex -2.107377e+01 -1.051748e+00  0.000000e+00
     vertex -2.107377e+01 -1.051748e+00  4.000000e+01
     vertex -2.110000e+01 -7.237825e-14  0.000000e+00
   endloop
 endfacet
 facet normal -9.972038e-01 -7.473009e-02  0.000000e+00
   outer loop
     vertex -2.107377e+01 -1.051748e+00  0.000000e+00
     vertex -2.099515e+01 -2.100882e+00  4.000000e+01
     vertex -2.107377e+01 -1.051748e+00  4.000000e+01
   endloop
 endfacet
 facet normal -9.972038e-01 -7.473009e-02  0.000000e+00
   outer loop
     vertex -2.099515e+01 -2.100882e+00  0.000000e+00
     vertex -2.099515e+01 -2.100882e+00  4.000000e+01
     vertex -2.107377e+01 -1.051748e+00  0.000000e+00
   endloop
 endfacet
 facet normal -9.922392e-01 -1.243437e-01  0.000000e+00
   outer loop
     vertex -2.086433e+01 -3.144792e+00  0.000000e+00
     vertex -2.099515e+01 -2.100882e+00  4.000000e+01
     vertex -2.099515e+01 -2.100882e+00  0.000000e+00
   endloop
 endfacet
 facet normal -9.922392e-01 -1.243437e-01  0.000000e+00
   outer loop
     vertex -2.086433e+01 -3.144792e+00  0.000000e+00
     vertex -2.086433e+01 -3.144792e+00  4.000000e+01
     vertex -2.099515e+01 -2.100882e+00  4.000000e+01
   endloop
 endfacet
 facet normal -9.848078e-01 -1.736482e-01  0.000000e+00
   outer loop
     vertex -2.068164e+01 -4.180884e+00  0.000000e+00
     vertex -2.086433e+01 -3.144792e+00  4.000000e+01
     vertex -2.086433e+01 -3.144792e+00  0.000000e+00
   endloop
 endfacet
 facet normal -9.848078e-01 -1.736482e-01  0.000000e+00
   outer loop
     vertex -2.068164e+01 -4.180884e+00  0.000000e+00
     vertex -2.068164e+01 -4.180884e+00  4.000000e+01
     vertex -2.086433e+01 -3.144792e+00  4.000000e+01
   endloop
 endfacet
 facet normal -9.749279e-01 -2.225209e-01  0.000000e+00
   outer loop
     vertex -2.044753e+01 -5.206581e+00  0.000000e+00
     vertex -2.068164e+01 -4.180884e+00  4.000000e+01
     vertex -2.068164e+01 -4.180884e+00  0.000000e+00
   endloop
 endfacet
 facet normal -9.749279e-01 -2.225209e-01  0.000000e+00
   outer loop
     vertex -2.044753e+01 -5.206581e+00  0.000000e+00
     vertex -2.044753e+01 -5.206581e+00  4.000000e+01
     vertex -2.068164e+01 -4.180884e+00  4.000000e+01
   endloop
 endfacet
 facet normal -9.626242e-01 -2.708405e-01  0.000000e+00
   outer loop
     vertex -2.016259e+01 -6.219334e+00  0.000000e+00
     vertex -2.044753e+01 -5.206581e+00  4.000000e+01
     vertex -2.044753e+01 -5.206581e+00  0.000000e+00
   endloop
 endfacet
 facet normal -9.626242e-01 -2.708405e-01  0.000000e+00
   outer loop
     vertex -2.016259e+01 -6.219334e+00  0.000000e+00
     vertex -2.016259e+01 -6.219334e+00  4.000000e+01
     vertex -2.044753e+01 -5.206581e+00  4.000000e+01
   endloop
 endfacet
 facet normal -9.479273e-01 -3.184867e-01  0.000000e+00
   outer loop
     vertex -1.982751e+01 -7.216625e+00  0.000000e+00
     vertex -2.016259e+01 -6.219334e+00  4.000000e+01
     vertex -2.016259e+01 -6.219334e+00  0.000000e+00
   endloop
 endfacet
 facet normal -9.479273e-01 -3.184867e-01  0.000000e+00
   outer loop
     vertex -1.982751e+01 -7.216625e+00  0.000000e+00
     vertex -1.982751e+01 -7.216625e+00  4.000000e+01
     vertex -2.016259e+01 -6.219334e+00  4.000000e+01
   endloop
 endfacet
 facet normal -9.308737e-01 -3.653410e-01  0.000000e+00
   outer loop
     vertex -1.944315e+01 -8.195974e+00  0.000000e+00
     vertex -1.982751e+01 -7.216625e+00  4.000000e+01
     vertex -1.982751e+01 -7.216625e+00  0.000000e+00
   endloop
 endfacet
 facet normal -9.308737e-01 -3.653410e-01  0.000000e+00
   outer loop
     vertex -1.944315e+01 -8.195974e+00  0.000000e+00
     vertex -1.944315e+01 -8.195974e+00  4.000000e+01
     vertex -1.982751e+01 -7.216625e+00  4.000000e+01
   endloop
 endfacet
 facet normal -9.115059e-01 -4.112871e-01  0.000000e+00
   outer loop
     vertex -1.944315e+01 -8.195974e+00  0.000000e+00
     vertex -1.901044e+01 -9.154947e+00  4.000000e+01
     vertex -1.944315e+01 -8.195974e+00  4.000000e+01
   endloop
 endfacet
 facet normal -9.115059e-01 -4.112871e-01  0.000000e+00
   outer loop
     vertex -1.901044e+01 -9.154947e+00  0.000000e+00
     vertex -1.901044e+01 -9.154947e+00  4.000000e+01
     vertex -1.944315e+01 -8.195974e+00  0.000000e+00
   endloop
 endfacet
 facet normal -8.898718e-01 -4.562107e-01  0.000000e+00
   outer loop
     vertex -1.901044e+01 -9.154947e+00  0.000000e+00
     vertex -1.853048e+01 -1.009116e+01  4.000000e+01
     vertex -1.901044e+01 -9.154947e+00  4.000000e+01
   endloop
 endfacet
 facet normal -8.898718e-01 -4.562107e-01  0.000000e+00
   outer loop
     vertex -1.853048e+01 -1.009116e+01  0.000000e+00
     vertex -1.853048e+01 -1.009116e+01  4.000000e+01
     vertex -1.901044e+01 -9.154947e+00  0.000000e+00
   endloop
 endfacet
 facet normal -8.660254e-01 -5.000000e-01  0.000000e+00
   outer loop
     vertex -1.800444e+01 -1.100228e+01  0.000000e+00
     vertex -1.853048e+01 -1.009116e+01  4.000000e+01
     vertex -1.853048e+01 -1.009116e+01  0.000000e+00
   endloop
 endfacet
 facet normal -8.660254e-01 -5.000000e-01  0.000000e+00
   outer loop
     vertex -1.800444e+01 -1.100228e+01  0.000000e+00
     vertex -1.800444e+01 -1.100228e+01  4.000000e+01
     vertex -1.853048e+01 -1.009116e+01  4.000000e+01
   endloop
 endfacet
 facet normal -8.400259e-01 -5.425463e-01  0.000000e+00
   outer loop
     vertex -1.800444e+01 -1.100228e+01  0.000000e+00
     vertex -1.743364e+01 -1.188605e+01  4.000000e+01
     vertex -1.800444e+01 -1.100228e+01  4.000000e+01
   endloop
 endfacet
 facet normal -8.400259e-01 -5.425463e-01  0.000000e+00
   outer loop
     vertex -1.743364e+01 -1.188605e+01  0.000000e+00
     vertex -1.743364e+01 -1.188605e+01  4.000000e+01
     vertex -1.800444e+01 -1.100228e+01  0.000000e+00
   endloop
 endfacet
 facet normal -8.119380e-01 -5.837437e-01  0.000000e+00
   outer loop
     vertex -1.681950e+01 -1.274027e+01  0.000000e+00
     vertex -1.743364e+01 -1.188605e+01  4.000000e+01
     vertex -1.743364e+01 -1.188605e+01  0.000000e+00
   endloop
 endfacet
 facet normal -8.119380e-01 -5.837437e-01  0.000000e+00
   outer loop
     vertex -1.681950e+01 -1.274027e+01  0.000000e+00
     vertex -1.681950e+01 -1.274027e+01  4.000000e+01
     vertex -1.743364e+01 -1.188605e+01  4.000000e+01
   endloop
 endfacet
 facet normal -7.818315e-01 -6.234898e-01  0.000000e+00
   outer loop
     vertex -1.616354e+01 -1.356282e+01  0.000000e+00
     vertex -1.681950e+01 -1.274027e+01  4.000000e+01
     vertex -1.681950e+01 -1.274027e+01  0.000000e+00
   endloop
 endfacet
 facet normal -7.818315e-01 -6.234898e-01  0.000000e+00
   outer loop
     vertex -1.616354e+01 -1.356282e+01  0.000000e+00
     vertex -1.616354e+01 -1.356282e+01  4.000000e+01
     vertex -1.681950e+01 -1.274027e+01  4.000000e+01
   endloop
 endfacet
 facet normal -7.497812e-01 -6.616858e-01  0.000000e+00
   outer loop
     vertex -1.616354e+01 -1.356282e+01  0.000000e+00
     vertex -1.546739e+01 -1.435164e+01  4.000000e+01
     vertex -1.616354e+01 -1.356282e+01  4.000000e+01
   endloop
 endfacet
 facet normal -7.497812e-01 -6.616858e-01  0.000000e+00
   outer loop
     vertex -1.546739e+01 -1.435164e+01  0.000000e+00
     vertex -1.546739e+01 -1.435164e+01  4.000000e+01
     vertex -1.616354e+01 -1.356282e+01  0.000000e+00
   endloop
 endfacet
 facet normal -7.158668e-01 -6.982368e-01  0.000000e+00
   outer loop
     vertex -1.546739e+01 -1.435164e+01  0.000000e+00
     vertex -1.473280e+01 -1.510479e+01  4.000000e+01
     vertex -1.546739e+01 -1.435164e+01  4.000000e+01
   endloop
 endfacet
 facet normal -7.158668e-01 -6.982368e-01  0.000000e+00
   outer loop
     vertex -1.473280e+01 -1.510479e+01  0.000000e+00
     vertex -1.473280e+01 -1.510479e+01  4.000000e+01
     vertex -1.546739e+01 -1.435164e+01  0.000000e+00
   endloop
 endfacet
 facet normal -6.801727e-01 -7.330519e-01  0.000000e+00
   outer loop
     vertex -1.396157e+01 -1.582038e+01  0.000000e+00
     vertex -1.473280e+01 -1.510479e+01  4.000000e+01
     vertex -1.473280e+01 -1.510479e+01  0.000000e+00
   endloop
 endfacet
 facet normal -6.801727e-01 -7.330519e-01  0.000000e+00
   outer loop
     vertex -1.396157e+01 -1.582038e+01  0.000000e+00
     vertex -1.396157e+01 -1.582038e+01  4.000000e+01
     vertex -1.473280e+01 -1.510479e+01  4.000000e+01
   endloop
 endfacet
 facet normal -6.427876e-01 -7.660444e-01  0.000000e+00
   outer loop
     vertex -1.396157e+01 -1.582038e+01  0.000000e+00
     vertex -1.315563e+01 -1.649664e+01  4.000000e+01
     vertex -1.396157e+01 -1.582038e+01  4.000000e+01
   endloop
 endfacet
 facet normal -6.427876e-01 -7.660444e-01  0.000000e+00
   outer loop
     vertex -1.315563e+01 -1.649664e+01  0.000000e+00
     vertex -1.315563e+01 -1.649664e+01  4.000000e+01
     vertex -1.396157e+01 -1.582038e+01  0.000000e+00
   endloop
 endfacet
 facet normal -6.038044e-01 -7.971325e-01  0.000000e+00
   outer loop
     vertex -1.231699e+01 -1.713189e+01  0.000000e+00
     vertex -1.315563e+01 -1.649664e+01  4.000000e+01
     vertex -1.315563e+01 -1.649664e+01  0.000000e+00
   endloop
 endfacet
 facet normal -6.038044e-01 -7.971325e-01  0.000000e+00
   outer loop
     vertex -1.231699e+01 -1.713189e+01  0.000000e+00
     vertex -1.231699e+01 -1.713189e+01  4.000000e+01
     vertex -1.315563e+01 -1.649664e+01  4.000000e+01
   endloop
 endfacet
 facet normal -5.633201e-01 -8.262388e-01  0.000000e+00
   outer loop
     vertex -1.144773e+01 -1.772455e+01  0.000000e+00
     vertex -1.144773e+01 -1.772455e+01  4.000000e+01
     vertex -1.231699e+01 -1.713189e+01  4.000000e+01
   endloop
 endfacet
 facet normal -5.633201e-01 -8.262388e-01  0.000000e+00
   outer loop
     vertex -1.144773e+01 -1.772455e+01  0.000000e+00
     vertex -1.231699e+01 -1.713189e+01  4.000000e+01
     vertex -1.231699e+01 -1.713189e+01  0.000000e+00
   endloop
 endfacet
 facet normal -5.214352e-01 -8.532909e-01  0.000000e+00
   outer loop
     vertex -1.055000e+01 -1.827314e+01  0.000000e+00
     vertex -1.055000e+01 -1.827314e+01  4.000000e+01
     vertex -1.144773e+01 -1.772455e+01  4.000000e+01
   endloop
 endfacet
 facet normal -5.214352e-01 -8.532909e-01  0.000000e+00
   outer loop
     vertex -1.055000e+01 -1.827314e+01  0.000000e+00
     vertex -1.144773e+01 -1.772455e+01  4.000000e+01
     vertex -1.144773e+01 -1.772455e+01  0.000000e+00
   endloop
 endfacet
 facet normal -4.782540e-01 -8.782216e-01  0.000000e+00
   outer loop
     vertex -9.626045e+00 -1.877630e+01  0.000000e+00
     vertex -9.626045e+00 -1.877630e+01  4.000000e+01
     vertex -1.055000e+01 -1.827314e+01  4.000000e+01
   endloop
 endfacet
 facet normal -4.782540e-01 -8.782216e-01  0.000000e+00
   outer loop
     vertex -9.626045e+00 -1.877630e+01  0.000000e+00
     vertex -1.055000e+01 -1.827314e+01  4.000000e+01
     vertex -1.055000e+01 -1.827314e+01  0.000000e+00
   endloop
 endfacet
 facet normal -4.338837e-01 -9.009689e-01  0.000000e+00
   outer loop
     vertex -8.678158e+00 -1.923277e+01  0.000000e+00
     vertex -8.678158e+00 -1.923277e+01  4.000000e+01
     vertex -9.626045e+00 -1.877630e+01  4.000000e+01
   endloop
 endfacet
 facet normal -4.338837e-01 -9.009689e-01  0.000000e+00
   outer loop
     vertex -8.678158e+00 -1.923277e+01  0.000000e+00
     vertex -9.626045e+00 -1.877630e+01  4.000000e+01
     vertex -9.626045e+00 -1.877630e+01  0.000000e+00
   endloop
 endfacet
 facet normal -3.884348e-01 -9.214762e-01  0.000000e+00
   outer loop
     vertex -7.708696e+00 -1.964144e+01  0.000000e+00
     vertex -8.678158e+00 -1.923277e+01  4.000000e+01
     vertex -8.678158e+00 -1.923277e+01  0.000000e+00
   endloop
 endfacet
 facet normal -3.884348e-01 -9.214762e-01  0.000000e+00
   outer loop
     vertex -7.708696e+00 -1.964144e+01  0.000000e+00
     vertex -7.708696e+00 -1.964144e+01  4.000000e+01
     vertex -8.678158e+00 -1.923277e+01  4.000000e+01
   endloop
 endfacet
 facet normal -3.420201e-01 -9.396926e-01  0.000000e+00
   outer loop
     vertex -7.708696e+00 -1.964144e+01  0.000000e+00
     vertex -6.720068e+00 -2.000127e+01  4.000000e+01
     vertex -7.708696e+00 -1.964144e+01  4.000000e+01
   endloop
 endfacet
 facet normal -3.420201e-01 -9.396926e-01  0.000000e+00
   outer loop
     vertex -6.720068e+00 -2.000127e+01  0.000000e+00
     vertex -6.720068e+00 -2.000127e+01  4.000000e+01
     vertex -7.708696e+00 -1.964144e+01  0.000000e+00
   endloop
 endfacet
 facet normal -2.947552e-01 -9.555728e-01  0.000000e+00
   outer loop
     vertex -5.714734e+00 -2.031137e+01  0.000000e+00
     vertex -6.720068e+00 -2.000127e+01  4.000000e+01
     vertex -6.720068e+00 -2.000127e+01  0.000000e+00
   endloop
 endfacet
 facet normal -2.947552e-01 -9.555728e-01  0.000000e+00
   outer loop
     vertex -5.714734e+00 -2.031137e+01  0.000000e+00
     vertex -5.714734e+00 -2.031137e+01  4.000000e+01
     vertex -6.720068e+00 -2.000127e+01  4.000000e+01
   endloop
 endfacet
 facet normal -2.467574e-01 -9.690773e-01  0.000000e+00
   outer loop
     vertex -4.695192e+00 -2.057098e+01  0.000000e+00
     vertex -5.714734e+00 -2.031137e+01  4.000000e+01
     vertex -5.714734e+00 -2.031137e+01  0.000000e+00
   endloop
 endfacet
 facet normal -2.467574e-01 -9.690773e-01  0.000000e+00
   outer loop
     vertex -4.695192e+00 -2.057098e+01  0.000000e+00
     vertex -4.695192e+00 -2.057098e+01  4.000000e+01
     vertex -5.714734e+00 -2.031137e+01  4.000000e+01
   endloop
 endfacet
 facet normal -1.981461e-01 -9.801725e-01  0.000000e+00
   outer loop
     vertex -3.663977e+00 -2.077944e+01  0.000000e+00
     vertex -4.695192e+00 -2.057098e+01  4.000000e+01
     vertex -4.695192e+00 -2.057098e+01  0.000000e+00
   endloop
 endfacet
 facet normal -1.981461e-01 -9.801725e-01  0.000000e+00
   outer loop
     vertex -3.663977e+00 -2.077944e+01  0.000000e+00
     vertex -3.663977e+00 -2.077944e+01  4.000000e+01
     vertex -4.695192e+00 -2.057098e+01  4.000000e+01
   endloop
 endfacet
 facet normal -1.490423e-01 -9.888308e-01  0.000000e+00
   outer loop
     vertex -2.623652e+00 -2.093625e+01  0.000000e+00
     vertex -3.663977e+00 -2.077944e+01  4.000000e+01
     vertex -3.663977e+00 -2.077944e+01  0.000000e+00
   endloop
 endfacet
 facet normal -1.490423e-01 -9.888308e-01  0.000000e+00
   outer loop
     vertex -2.623652e+00 -2.093625e+01  0.000000e+00
     vertex -2.623652e+00 -2.093625e+01  4.000000e+01
     vertex -3.663977e+00 -2.077944e+01  4.000000e+01
   endloop
 endfacet
 facet normal -9.956785e-02 -9.950308e-01  0.000000e+00
   outer loop
     vertex -1.576805e+00 -2.104100e+01  0.000000e+00
     vertex -2.623652e+00 -2.093625e+01  4.000000e+01
     vertex -2.623652e+00 -2.093625e+01  0.000000e+00
   endloop
 endfacet
 facet normal -9.956785e-02 -9.950308e-01  0.000000e+00
   outer loop
     vertex -1.576805e+00 -2.104100e+01  0.000000e+00
     vertex -1.576805e+00 -2.104100e+01  4.000000e+01
     vertex -2.623652e+00 -2.093625e+01  4.000000e+01
   endloop
 endfacet
 facet normal -4.984589e-02 -9.987569e-01  0.000000e+00
   outer loop
     vertex -5.260376e-01 -2.109344e+01  0.000000e+00
     vertex -1.576805e+00 -2.104100e+01  4.000000e+01
     vertex -1.576805e+00 -2.104100e+01  0.000000e+00
   endloop
 endfacet
 facet normal -4.984589e-02 -9.987569e-01  0.000000e+00
   outer loop
     vertex -5.260376e-01 -2.109344e+01  0.000000e+00
     vertex -5.260376e-01 -2.109344e+01  4.000000e+01
     vertex -1.576805e+00 -2.104100e+01  4.000000e+01
   endloop
 endfacet
 facet normal  1.013059e-14 -1.000000e+00  0.000000e+00
   outer loop
     vertex -5.260376e-01 -2.109344e+01  0.000000e+00
     vertex  5.260376e-01 -2.109344e+01  4.000000e+01
     vertex -5.260376e-01 -2.109344e+01  4.000000e+01
   endloop
 endfacet
 facet normal  1.013059e-14 -1.000000e+00  0.000000e+00
   outer loop
     vertex  5.260376e-01 -2.109344e+01  0.000000e+00
     vertex  5.260376e-01 -2.109344e+01  4.000000e+01
     vertex -5.260376e-01 -2.109344e+01  0.000000e+00
   endloop
 endfacet
 facet normal  4.984589e-02 -9.987569e-01  0.000000e+00
   outer loop
     vertex  1.576805e+00 -2.104100e+01  0.000000e+00
     vertex  5.260376e-01 -2.109344e+01  4.000000e+01
     vertex  5.260376e-01 -2.109344e+01  0.000000e+00
   endloop
 endfacet
 facet normal  4.984589e-02 -9.987569e-01  0.000000e+00
   outer loop
     vertex  1.576805e+00 -2.104100e+01  0.000000e+00
     vertex  1.576805e+00 -2.104100e+01  4.000000e+01
     vertex  5.260376e-01 -2.109344e+01  4.000000e+01
   endloop
 endfacet
 facet normal  9.956785e-02 -9.950308e-01  0.000000e+00
   outer loop
     vertex  2.623652e+00 -2.093625e+01  0.000000e+00
     vertex  1.576805e+00 -2.104100e+01  4.000000e+01
     vertex  1.576805e+00 -2.104100e+01  0.000000e+00
   endloop
 endfacet
 facet normal  9.956785e-02 -9.950308e-01  0.000000e+00
   outer loop
     vertex  2.623652e+00 -2.093625e+01  0.000000e+00
     vertex  2.623652e+00 -2.093625e+01  4.000000e+01
     vertex  1.576805e+00 -2.104100e+01  4.000000e+01
   endloop
 endfacet
 facet normal  1.490423e-01 -9.888308e-01  0.000000e+00
   outer loop
     vertex  2.623652e+00 -2.093625e+01  0.000000e+00
     vertex  3.663977e+00 -2.077944e+01  4.000000e+01
     vertex  2.623652e+00 -2.093625e+01  4.000000e+01
   endloop
 endfacet
 facet normal  1.490423e-01 -9.888308e-01  0.000000e+00
   outer loop
     vertex  3.663977e+00 -2.077944e+01  0.000000e+00
     vertex  3.663977e+00 -2.077944e+01  4.000000e+01
     vertex  2.623652e+00 -2.093625e+01  0.000000e+00
   endloop
 endfacet
 facet normal  1.981461e-01 -9.801725e-01  0.000000e+00
   outer loop
     vertex  4.695192e+00 -2.057098e+01  0.000000e+00
     vertex  3.663977e+00 -2.077944e+01  4.000000e+01
     vertex  3.663977e+00 -2.077944e+01  0.000000e+00
   endloop
 endfacet
 facet normal  1.981461e-01 -9.801725e-01  0.000000e+00
   outer loop
     vertex  4.695192e+00 -2.057098e+01  0.000000e+00
     vertex  4.695192e+00 -2.057098e+01  4.000000e+01
     vertex  3.663977e+00 -2.077944e+01  4.000000e+01
   endloop
 endfacet
 facet normal  2.467574e-01 -9.690773e-01  0.000000e+00
   outer loop
     vertex  5.714734e+00 -2.031137e+01  0.000000e+00
     vertex  5.714734e+00 -2.031137e+01  4.000000e+01
     vertex  4.695192e+00 -2.057098e+01  4.000000e+01
   endloop
 endfacet
 facet normal  2.467574e-01 -9.690773e-01  0.000000e+00
   outer loop
     vertex  5.714734e+00 -2.031137e+01  0.000000e+00
     vertex  4.695192e+00 -2.057098e+01  4.000000e+01
     vertex  4.695192e+00 -2.057098e+01  0.000000e+00
   endloop
 endfacet
 facet normal  2.947552e-01 -9.555728e-01  0.000000e+00
   outer loop
     vertex  6.720068e+00 -2.000127e+01  0.000000e+00
     vertex  6.720068e+00 -2.000127e+01  4.000000e+01
     vertex  5.714734e+00 -2.031137e+01  4.000000e+01
   endloop
 endfacet
 facet normal  2.947552e-01 -9.555728e-01  0.000000e+00
   outer loop
     vertex  6.720068e+00 -2.000127e+01  0.000000e+00
     vertex  5.714734e+00 -2.031137e+01  4.000000e+01
     vertex  5.714734e+00 -2.031137e+01  0.000000e+00
   endloop
 endfacet
 facet normal  3.420201e-01 -9.396926e-01  0.000000e+00
   outer loop
     vertex  7.708696e+00 -1.964144e+01  0.000000e+00
     vertex  7.708696e+00 -1.964144e+01  4.000000e+01
     vertex  6.720068e+00 -2.000127e+01  4.000000e+01
   endloop
 endfacet
 facet normal  3.420201e-01 -9.396926e-01  0.000000e+00
   outer loop
     vertex  7.708696e+00 -1.964144e+01  0.000000e+00
     vertex  6.720068e+00 -2.000127e+01  4.000000e+01
     vertex  6.720068e+00 -2.000127e+01  0.000000e+00
   endloop
 endfacet
 facet normal  3.884348e-01 -9.214762e-01  0.000000e+00
   outer loop
     vertex  8.678158e+00 -1.923277e+01  0.000000e+00
     vertex  8.678158e+00 -1.923277e+01  4.000000e+01
     vertex  7.708696e+00 -1.964144e+01  4.000000e+01
   endloop
 endfacet
 facet normal  3.884348e-01 -9.214762e-01  0.000000e+00
   outer loop
     vertex  8.678158e+00 -1.923277e+01  0.000000e+00
     vertex  7.708696e+00 -1.964144e+01  4.000000e+01
     vertex  7.708696e+00 -1.964144e+01  0.000000e+00
   endloop
 endfacet
 facet normal  4.338837e-01 -9.009689e-01  0.000000e+00
   outer loop
     vertex  9.626045e+00 -1.877630e+01  0.000000e+00
     vertex  9.626045e+00 -1.877630e+01  4.000000e+01
     vertex  8.678158e+00 -1.923277e+01  4.000000e+01
   endloop
 endfacet
 facet normal  4.782540e-01 -8.782216e-01  0.000000e+00
   outer loop
     vertex  9.626045e+00 -1.877630e+01  0.000000e+00
     vertex  1.055000e+01 -1.827314e+01  4.000000e+01
     vertex  9.626045e+00 -1.877630e+01  4.000000e+01
   endloop
 endfacet
 facet normal  4.338837e-01 -9.009689e-01  0.000000e+00
   outer loop
     vertex  9.626045e+00 -1.877630e+01  0.000000e+00
     vertex  8.678158e+00 -1.923277e+01  4.000000e+01
     vertex  8.678158e+00 -1.923277e+01  0.000000e+00
   endloop
 endfacet
 facet normal  4.782540e-01 -8.782216e-01  0.000000e+00
   outer loop
     vertex  1.055000e+01 -1.827314e+01  0.000000e+00
     vertex  1.055000e+01 -1.827314e+01  4.000000e+01
     vertex  9.626045e+00 -1.877630e+01  0.000000e+00
   endloop
 endfacet
 facet normal  5.214352e-01 -8.532909e-01  0.000000e+00
   outer loop
     vertex  1.144773e+01 -1.772455e+01  0.000000e+00
     vertex  1.144773e+01 -1.772455e+01  4.000000e+01
     vertex  1.055000e+01 -1.827314e+01  4.000000e+01
   endloop
 endfacet
 facet normal  5.633201e-01 -8.262388e-01  0.000000e+00
   outer loop
     vertex  1.144773e+01 -1.772455e+01  0.000000e+00
     vertex  1.231699e+01 -1.713189e+01  4.000000e+01
     vertex  1.144773e+01 -1.772455e+01  4.000000e+01
   endloop
 endfacet
 facet normal  5.214352e-01 -8.532909e-01  0.000000e+00
   outer loop
     vertex  1.144773e+01 -1.772455e+01  0.000000e+00
     vertex  1.055000e+01 -1.827314e+01  4.000000e+01
     vertex  1.055000e+01 -1.827314e+01  0.000000e+00
   endloop
 endfacet
 facet normal  5.633201e-01 -8.262388e-01  0.000000e+00
   outer loop
     vertex  1.231699e+01 -1.713189e+01  0.000000e+00
     vertex  1.231699e+01 -1.713189e+01  4.000000e+01
     vertex  1.144773e+01 -1.772455e+01  0.000000e+00
   endloop
 endfacet
 facet normal  6.038044e-01 -7.971325e-01  0.000000e+00
   outer loop
     vertex  1.315563e+01 -1.649664e+01  0.000000e+00
     vertex  1.315563e+01 -1.649664e+01  4.000000e+01
     vertex  1.231699e+01 -1.713189e+01  4.000000e+01
   endloop
 endfacet
 facet normal  6.038044e-01 -7.971325e-01  0.000000e+00
   outer loop
     vertex  1.315563e+01 -1.649664e+01  0.000000e+00
     vertex  1.231699e+01 -1.713189e+01  4.000000e+01
     vertex  1.231699e+01 -1.713189e+01  0.000000e+00
   endloop
 endfacet
 facet normal  6.427876e-01 -7.660444e-01  0.000000e+00
   outer loop
     vertex  1.396157e+01 -1.582038e+01  0.000000e+00
     vertex  1.396157e+01 -1.582038e+01  4.000000e+01
     vertex  1.315563e+01 -1.649664e+01  4.000000e+01
   endloop
 endfacet
 facet normal  6.427876e-01 -7.660444e-01  0.000000e+00
   outer loop
     vertex  1.396157e+01 -1.582038e+01  0.000000e+00
     vertex  1.315563e+01 -1.649664e+01  4.000000e+01
     vertex  1.315563e+01 -1.649664e+01  0.000000e+00
   endloop
 endfacet
 facet normal  6.801727e-01 -7.330519e-01  0.000000e+00
   outer loop
     vertex  1.473280e+01 -1.510479e+01  0.000000e+00
     vertex  1.473280e+01 -1.510479e+01  4.000000e+01
     vertex  1.396157e+01 -1.582038e+01  4.000000e+01
   endloop
 endfacet
 facet normal  6.801727e-01 -7.330519e-01  0.000000e+00
   outer loop
     vertex  1.473280e+01 -1.510479e+01  0.000000e+00
     vertex  1.396157e+01 -1.582038e+01  4.000000e+01
     vertex  1.396157e+01 -1.582038e+01  0.000000e+00
   endloop
 endfacet
 facet normal  7.158668e-01 -6.982368e-01  0.000000e+00
   outer loop
     vertex  1.546739e+01 -1.435164e+01  0.000000e+00
     vertex  1.546739e+01 -1.435164e+01  4.000000e+01
     vertex  1.473280e+01 -1.510479e+01  4.000000e+01
   endloop
 endfacet
 facet normal  7.497812e-01 -6.616858e-01  0.000000e+00
   outer loop
     vertex  1.546739e+01 -1.435164e+01  0.000000e+00
     vertex  1.616354e+01 -1.356282e+01  4.000000e+01
     vertex  1.546739e+01 -1.435164e+01  4.000000e+01
   endloop
 endfacet
 facet normal  7.158668e-01 -6.982368e-01  0.000000e+00
   outer loop
     vertex  1.546739e+01 -1.435164e+01  0.000000e+00
     vertex  1.473280e+01 -1.510479e+01  4.000000e+01
     vertex  1.473280e+01 -1.510479e+01  0.000000e+00
   endloop
 endfacet
 facet normal  7.497812e-01 -6.616858e-01  0.000000e+00
   outer loop
     vertex  1.616354e+01 -1.356282e+01  0.000000e+00
     vertex  1.616354e+01 -1.356282e+01  4.000000e+01
     vertex  1.546739e+01 -1.435164e+01  0.000000e+00
   endloop
 endfacet
 facet normal  7.818315e-01 -6.234898e-01  0.000000e+00
   outer loop
     vertex  1.681950e+01 -1.274027e+01  0.000000e+00
     vertex  1.616354e+01 -1.356282e+01  4.000000e+01
     vertex  1.616354e+01 -1.356282e+01  0.000000e+00
   endloop
 endfacet
 facet normal  7.818315e-01 -6.234898e-01  0.000000e+00
   outer loop
     vertex  1.681950e+01 -1.274027e+01  0.000000e+00
     vertex  1.681950e+01 -1.274027e+01  4.000000e+01
     vertex  1.616354e+01 -1.356282e+01  4.000000e+01
   endloop
 endfacet
 facet normal  8.119380e-01 -5.837437e-01  0.000000e+00
   outer loop
     vertex  1.743364e+01 -1.188605e+01  0.000000e+00
     vertex  1.681950e+01 -1.274027e+01  4.000000e+01
     vertex  1.681950e+01 -1.274027e+01  0.000000e+00
   endloop
 endfacet
 facet normal  8.119380e-01 -5.837437e-01  0.000000e+00
   outer loop
     vertex  1.743364e+01 -1.188605e+01  0.000000e+00
     vertex  1.743364e+01 -1.188605e+01  4.000000e+01
     vertex  1.681950e+01 -1.274027e+01  4.000000e+01
   endloop
 endfacet
 facet normal  8.400259e-01 -5.425463e-01  0.000000e+00
   outer loop
     vertex  1.743364e+01 -1.188605e+01  0.000000e+00
     vertex  1.800444e+01 -1.100228e+01  4.000000e+01
     vertex  1.743364e+01 -1.188605e+01  4.000000e+01
   endloop
 endfacet
 facet normal  8.400259e-01 -5.425463e-01  0.000000e+00
   outer loop
     vertex  1.800444e+01 -1.100228e+01  0.000000e+00
     vertex  1.800444e+01 -1.100228e+01  4.000000e+01
     vertex  1.743364e+01 -1.188605e+01  0.000000e+00
   endloop
 endfacet
 facet normal  8.660254e-01 -5.000000e-01  0.000000e+00
   outer loop
     vertex  1.853048e+01 -1.009116e+01  0.000000e+00
     vertex  1.800444e+01 -1.100228e+01  4.000000e+01
     vertex  1.800444e+01 -1.100228e+01  0.000000e+00
   endloop
 endfacet
 facet normal  8.660254e-01 -5.000000e-01  0.000000e+00
   outer loop
     vertex  1.853048e+01 -1.009116e+01  0.000000e+00
     vertex  1.853048e+01 -1.009116e+01  4.000000e+01
     vertex  1.800444e+01 -1.100228e+01  4.000000e+01
   endloop
 endfacet
 facet normal  8.898718e-01 -4.562107e-01  0.000000e+00
   outer loop
     vertex  1.901044e+01 -9.154947e+00  0.000000e+00
     vertex  1.853048e+01 -1.009116e+01  4.000000e+01
     vertex  1.853048e+01 -1.009116e+01  0.000000e+00
   endloop
 endfacet
 facet normal  8.898718e-01 -4.562107e-01  0.000000e+00
   outer loop
     vertex  1.901044e+01 -9.154947e+00  0.000000e+00
     vertex  1.901044e+01 -9.154947e+00  4.000000e+01
     vertex  1.853048e+01 -1.009116e+01  4.000000e+01
   endloop
 endfacet
 facet normal  9.115059e-01 -4.112871e-01  0.000000e+00
   outer loop
     vertex  1.901044e+01 -9.154947e+00  0.000000e+00
     vertex  1.944315e+01 -8.195974e+00  4.000000e+01
     vertex  1.901044e+01 -9.154947e+00  4.000000e+01
   endloop
 endfacet
 facet normal  9.308737e-01 -3.653410e-01  0.000000e+00
   outer loop
     vertex  1.944315e+01 -8.195974e+00  0.000000e+00
     vertex  1.982751e+01 -7.216625e+00  4.000000e+01
     vertex  1.944315e+01 -8.195974e+00  4.000000e+01
   endloop
 endfacet
 facet normal  9.115059e-01 -4.112871e-01  0.000000e+00
   outer loop
     vertex  1.944315e+01 -8.195974e+00  0.000000e+00
     vertex  1.944315e+01 -8.195974e+00  4.000000e+01
     vertex  1.901044e+01 -9.154947e+00  0.000000e+00
   endloop
 endfacet
 facet normal  9.308737e-01 -3.653410e-01  0.000000e+00
   outer loop
     vertex  1.982751e+01 -7.216625e+00  0.000000e+00
     vertex  1.982751e+01 -7.216625e+00  4.000000e+01
     vertex  1.944315e+01 -8.195974e+00  0.000000e+00
   endloop
 endfacet
 facet normal  9.479273e-01 -3.184867e-01  0.000000e+00
   outer loop
     vertex  2.016259e+01 -6.219334e+00  0.000000e+00
     vertex  2.016259e+01 -6.219334e+00  4.000000e+01
     vertex  1.982751e+01 -7.216625e+00  4.000000e+01
   endloop
 endfacet
 facet normal  9.626242e-01 -2.708405e-01  0.000000e+00
   outer loop
     vertex  2.016259e+01 -6.219334e+00  0.000000e+00
     vertex  2.044753e+01 -5.206581e+00  4.000000e+01
     vertex  2.016259e+01 -6.219334e+00  4.000000e+01
   endloop
 endfacet
 facet normal  9.479273e-01 -3.184867e-01  0.000000e+00
   outer loop
     vertex  2.016259e+01 -6.219334e+00  0.000000e+00
     vertex  1.982751e+01 -7.216625e+00  4.000000e+01
     vertex  1.982751e+01 -7.216625e+00  0.000000e+00
   endloop
 endfacet
 facet normal  9.626242e-01 -2.708405e-01  0.000000e+00
   outer loop
     vertex  2.044753e+01 -5.206581e+00  0.000000e+00
     vertex  2.044753e+01 -5.206581e+00  4.000000e+01
     vertex  2.016259e+01 -6.219334e+00  0.000000e+00
   endloop
 endfacet
 facet normal  9.749279e-01 -2.225209e-01  0.000000e+00
   outer loop
     vertex  2.068164e+01 -4.180884e+00  0.000000e+00
     vertex  2.068164e+01 -4.180884e+00  4.000000e+01
     vertex  2.044753e+01 -5.206581e+00  4.000000e+01
   endloop
 endfacet
 facet normal  9.848078e-01 -1.736482e-01  0.000000e+00
   outer loop
     vertex  2.068164e+01 -4.180884e+00  0.000000e+00
     vertex  2.086433e+01 -3.144792e+00  4.000000e+01
     vertex  2.068164e+01 -4.180884e+00  4.000000e+01
   endloop
 endfacet
 facet normal  9.749279e-01 -2.225209e-01  0.000000e+00
   outer loop
     vertex  2.068164e+01 -4.180884e+00  0.000000e+00
     vertex  2.044753e+01 -5.206581e+00  4.000000e+01
     vertex  2.044753e+01 -5.206581e+00  0.000000e+00
   endloop
 endfacet
 facet normal  9.848078e-01 -1.736482e-01  0.000000e+00
   outer loop
     vertex  2.086433e+01 -3.144792e+00  0.000000e+00
     vertex  2.086433e+01 -3.144792e+00  4.000000e+01
     vertex  2.068164e+01 -4.180884e+00  0.000000e+00
   endloop
 endfacet
 facet normal  9.922392e-01 -1.243437e-01  0.000000e+00
   outer loop
     vertex  2.099515e+01 -2.100882e+00  0.000000e+00
     vertex  2.099515e+01 -2.100882e+00  4.000000e+01
     vertex  2.086433e+01 -3.144792e+00  4.000000e+01
   endloop
 endfacet
 facet normal  9.972038e-01 -7.473009e-02  0.000000e+00
   outer loop
     vertex  2.099515e+01 -2.100882e+00  0.000000e+00
     vertex  2.107377e+01 -1.051748e+00  4.000000e+01
     vertex  2.099515e+01 -2.100882e+00  4.000000e+01
   endloop
 endfacet
 facet normal  9.922392e-01 -1.243437e-01  0.000000e+00
   outer loop
     vertex  2.099515e+01 -2.100882e+00  0.000000e+00
     vertex  2.086433e+01 -3.144792e+00  4.000000e+01
     vertex  2.086433e+01 -3.144792e+00  0.000000e+00
   endloop
 endfacet
 facet normal  9.972038e-01 -7.473009e-02  0.000000e+00
   outer loop
     vertex  2.107377e+01 -1.051748e+00  0.000000e+00
     vertex  2.107377e+01 -1.051748e+00  4.000000e+01
     vertex  2.099515e+01 -2.100882e+00  0.000000e+00
   endloop
 endfacet
 facet normal  9.996892e-01 -2.493069e-02  0.000000e+00
   outer loop
     vertex  2.110000e+01  0.000000e+00  0.000000e+00
     vertex  2.110000e+01  0.000000e+00  4.000000e+01
     vertex  2.107377e+01 -1.051748e+00  4.000000e+01
   endloop
 endfacet
 facet normal  9.996892e-01 -2.493069e-02  0.000000e+00
   outer loop
     vertex  2.110000e+01  0.000000e+00  0.000000e+00
     vertex  2.107377e+01 -1.051748e+00  4.000000e+01
     vertex  2.107377e+01 -1.051748e+00  0.000000e+00
   endloop
 endfacet
 facet normal  0.000000e+00  0.000000e+00 -1.000000e+00
   outer loop
     vertex -1.166055e+01 -1.195498e+01  0.000000e+00
     vertex -1.473280e+01 -1.510479e+01  0.000000e+00
     vertex -1.546739e+01 -1.435164e+01  0.000000e+00
   endloop
 endfacet
 facet normal  0.000000e+00 -0.000000e+00 -1.000000e+00
   outer loop
     vertex -1.224197e+01 -1.135888e+01  0.000000e+00
     vertex -1.166055e+01 -1.195498e+01  0.000000e+00
     vertex -1.546739e+01 -1.435164e+01  0.000000e+00
   endloop
 endfacet
 facet normal  0.000000e+00  0.000000e+00 -1.000000e+00
   outer loop
     vertex -1.105015e+01 -1.252135e+01  0.000000e+00
     vertex -1.396157e+01 -1.582038e+01  0.000000e+00
     vertex -1.473280e+01 -1.510479e+01  0.000000e+00
   endloop
 endfacet
 facet normal -0.000000e+00  0.000000e+00 -1.000000e+00
   outer loop
     vertex -1.105015e+01 -1.252135e+01  0.000000e+00
     vertex -1.473280e+01 -1.510479e+01  0.000000e+00
     vertex -1.166055e+01 -1.195498e+01  0.000000e+00
   endloop
 endfacet
 facet normal  0.000000e+00 -0.000000e+00 -1.000000e+00
   outer loop
     vertex -1.279294e+01 -1.073455e+01  0.000000e+00
     vertex -1.224197e+01 -1.135888e+01  0.000000e+00
     vertex -1.546739e+01 -1.435164e+01  0.000000e+00
   endloop
 endfacet
 facet normal  0.000000e+00  0.000000e+00 -1.000000e+00
   outer loop
     vertex -1.279294e+01 -1.073455e+01  0.000000e+00
     vertex -1.616354e+01 -1.356282e+01  0.000000e+00
     vertex -1.681950e+01 -1.274027e+01  0.000000e+00
   endloop
 endfacet
 facet normal  0.000000e+00  0.000000e+00 -1.000000e+00
   outer loop
     vertex -1.279294e+01 -1.073455e+01  0.000000e+00
     vertex -1.546739e+01 -1.435164e+01  0.000000e+00
     vertex -1.616354e+01 -1.356282e+01  0.000000e+00
   endloop
 endfacet
 facet normal -0.000000e+00  0.000000e+00 -1.000000e+00
   outer loop
     vertex -1.041228e+01 -1.305659e+01  0.000000e+00
     vertex -1.396157e+01 -1.582038e+01  0.000000e+00
     vertex -1.105015e+01 -1.252135e+01  0.000000e+00
   endloop
 endfacet
 facet normal  0.000000e+00  0.000000e+00 -1.000000e+00
   outer loop
     vertex -1.041228e+01 -1.305659e+01  0.000000e+00
     vertex -1.315563e+01 -1.649664e+01  0.000000e+00
     vertex -1.396157e+01 -1.582038e+01  0.000000e+00
   endloop
 endfacet
 facet normal  0.000000e+00 -0.000000e+00 -1.000000e+00
   outer loop
     vertex -1.331211e+01 -1.008353e+01  0.000000e+00
     vertex -1.279294e+01 -1.073455e+01  0.000000e+00
     vertex -1.681950e+01 -1.274027e+01  0.000000e+00
   endloop
 endfacet
 facet normal -0.000000e+00  0.000000e+00 -1.000000e+00
   outer loop
     vertex -9.748519e+00 -1.355936e+01  0.000000e+00
     vertex -1.315563e+01 -1.649664e+01  0.000000e+00
     vertex -1.041228e+01 -1.305659e+01  0.000000e+00
   endloop
 endfacet
 facet normal  0.000000e+00  0.000000e+00 -1.000000e+00
   outer loop
     vertex -9.748519e+00 -1.355936e+01  0.000000e+00
     vertex -1.231699e+01 -1.713189e+01  0.000000e+00
     vertex -1.315563e+01 -1.649664e+01  0.000000e+00
   endloop
 endfacet
 facet normal  0.000000e+00 -0.000000e+00 -1.000000e+00
   outer loop
     vertex -1.379819e+01 -9.407445e+00  0.000000e+00
     vertex -1.331211e+01 -1.008353e+01  0.000000e+00
     vertex -1.681950e+01 -1.274027e+01  0.000000e+00
   endloop
 endfacet
 facet normal  0.000000e+00  0.000000e+00 -1.000000e+00
   outer loop
     vertex -1.379819e+01 -9.407445e+00  0.000000e+00
     vertex -1.743364e+01 -1.188605e+01  0.000000e+00
     vertex -1.800444e+01 -1.100228e+01  0.000000e+00
   endloop
 endfacet
 facet normal  0.000000e+00  0.000000e+00 -1.000000e+00
   outer loop
     vertex -1.379819e+01 -9.407445e+00  0.000000e+00
     vertex -1.681950e+01 -1.274027e+01  0.000000e+00
     vertex -1.743364e+01 -1.188605e+01  0.000000e+00
   endloop
 endfacet
 facet normal -0.000000e+00  0.000000e+00 -1.000000e+00
   outer loop
     vertex -9.060523e+00 -1.402843e+01  0.000000e+00
     vertex -1.231699e+01 -1.713189e+01  0.000000e+00
     vertex -9.748519e+00 -1.355936e+01  0.000000e+00
   endloop
 endfacet
 facet normal  0.000000e+00  0.000000e+00 -1.000000e+00
   outer loop
     vertex -9.060523e+00 -1.402843e+01  0.000000e+00
     vertex -1.144773e+01 -1.772455e+01  0.000000e+00
     vertex -1.231699e+01 -1.713189e+01  0.000000e+00
   endloop
 endfacet
 facet normal  0.000000e+00 -0.000000e+00 -1.000000e+00
   outer loop
     vertex -1.424996e+01 -8.707968e+00  0.000000e+00
     vertex -1.379819e+01 -9.407445e+00  0.000000e+00
     vertex -1.800444e+01 -1.100228e+01  0.000000e+00
   endloop
 endfacet
 facet normal -0.000000e+00  0.000000e+00 -1.000000e+00
   outer loop
     vertex -8.350000e+00 -1.446262e+01  0.000000e+00
     vertex -1.144773e+01 -1.772455e+01  0.000000e+00
     vertex -9.060523e+00 -1.402843e+01  0.000000e+00
   endloop
 endfacet
 facet normal  0.000000e+00  0.000000e+00 -1.000000e+00
   outer loop
     vertex -8.350000e+00 -1.446262e+01  0.000000e+00
     vertex -1.055000e+01 -1.827314e+01  0.000000e+00
     vertex -1.144773e+01 -1.772455e+01  0.000000e+00
   endloop
 endfacet
 facet normal  0.000000e+00  0.000000e+00 -1.000000e+00
   outer loop
     vertex -8.350000e+00 -1.446262e+01  0.000000e+00
     vertex -9.626045e+00 -1.877630e+01  0.000000e+00
     vertex -1.055000e+01 -1.827314e+01  0.000000e+00
   endloop
 endfacet
 facet normal  0.000000e+00  0.000000e+00 -1.000000e+00
   outer loop
     vertex -1.466630e+01 -7.986841e+00  0.000000e+00
     vertex -1.800444e+01 -1.100228e+01  0.000000e+00
     vertex -1.853048e+01 -1.009116e+01  0.000000e+00
   endloop
 endfacet
 facet normal  0.000000e+00 -0.000000e+00 -1.000000e+00
   outer loop
     vertex -1.466630e+01 -7.986841e+00  0.000000e+00
     vertex -1.424996e+01 -8.707968e+00  0.000000e+00
     vertex -1.800444e+01 -1.100228e+01  0.000000e+00
   endloop
 endfacet
 facet normal -0.000000e+00  0.000000e+00 -1.000000e+00
   outer loop
     vertex -7.618718e+00 -1.486086e+01  0.000000e+00
     vertex -9.626045e+00 -1.877630e+01  0.000000e+00
     vertex -8.350000e+00 -1.446262e+01  0.000000e+00
   endloop
 endfacet
 facet normal  0.000000e+00 -0.000000e+00 -1.000000e+00
   outer loop
     vertex -1.504618e+01 -7.245858e+00  0.000000e+00
     vertex -1.466630e+01 -7.986841e+00  0.000000e+00
     vertex -1.853048e+01 -1.009116e+01  0.000000e+00
   endloop
 endfacet
 facet normal  0.000000e+00  0.000000e+00 -1.000000e+00
   outer loop
     vertex -1.504618e+01 -7.245858e+00  0.000000e+00
     vertex -1.901044e+01 -9.154947e+00  0.000000e+00
     vertex -1.944315e+01 -8.195974e+00  0.000000e+00
   endloop
 endfacet
 facet normal  0.000000e+00  0.000000e+00 -1.000000e+00
   outer loop
     vertex -1.504618e+01 -7.245858e+00  0.000000e+00
     vertex -1.853048e+01 -1.009116e+01  0.000000e+00
     vertex -1.901044e+01 -9.154947e+00  0.000000e+00
   endloop
 endfacet
 facet normal -0.000000e+00  0.000000e+00 -1.000000e+00
   outer loop
     vertex -6.868495e+00 -1.522215e+01  0.000000e+00
     vertex -9.626045e+00 -1.877630e+01  0.000000e+00
     vertex -7.618718e+00 -1.486086e+01  0.000000e+00
   endloop
 endfacet
 facet normal  0.000000e+00  0.000000e+00 -1.000000e+00
   outer loop
     vertex -6.868495e+00 -1.522215e+01  0.000000e+00
     vertex -8.678158e+00 -1.923277e+01  0.000000e+00
     vertex -9.626045e+00 -1.877630e+01  0.000000e+00
   endloop
 endfacet
 facet normal  0.000000e+00 -0.000000e+00 -1.000000e+00
   outer loop
     vertex -1.538865e+01 -6.486861e+00  0.000000e+00
     vertex -1.504618e+01 -7.245858e+00  0.000000e+00
     vertex -1.944315e+01 -8.195974e+00  0.000000e+00
   endloop
 endfacet
 facet normal -0.000000e+00  0.000000e+00 -1.000000e+00
   outer loop
     vertex -6.101195e+00 -1.554559e+01  0.000000e+00
     vertex -8.678158e+00 -1.923277e+01  0.000000e+00
     vertex -6.868495e+00 -1.522215e+01  0.000000e+00
   endloop
 endfacet
 facet normal  0.000000e+00  0.000000e+00 -1.000000e+00
   outer loop
     vertex -6.101195e+00 -1.554559e+01  0.000000e+00
     vertex -7.708696e+00 -1.964144e+01  0.000000e+00
     vertex -8.678158e+00 -1.923277e+01  0.000000e+00
   endloop
 endfacet
 facet normal  0.000000e+00  0.000000e+00 -1.000000e+00
   outer loop
     vertex -6.101195e+00 -1.554559e+01  0.000000e+00
     vertex -6.720068e+00 -2.000127e+01  0.000000e+00
     vertex -7.708696e+00 -1.964144e+01  0.000000e+00
   endloop
 endfacet
 facet normal  0.000000e+00  0.000000e+00 -1.000000e+00
   outer loop
     vertex -1.569287e+01 -5.711736e+00  0.000000e+00
     vertex -1.982751e+01 -7.216625e+00  0.000000e+00
     vertex -2.016259e+01 -6.219334e+00  0.000000e+00
   endloop
 endfacet
 facet normal  0.000000e+00  0.000000e+00 -1.000000e+00
   outer loop
     vertex -1.569287e+01 -5.711736e+00  0.000000e+00
     vertex -1.944315e+01 -8.195974e+00  0.000000e+00
     vertex -1.982751e+01 -7.216625e+00  0.000000e+00
   endloop
 endfacet
 facet normal  0.000000e+00 -0.000000e+00 -1.000000e+00
   outer loop
     vertex -1.569287e+01 -5.711736e+00  0.000000e+00
     vertex -1.538865e+01 -6.486861e+00  0.000000e+00
     vertex -1.944315e+01 -8.195974e+00  0.000000e+00
   endloop
 endfacet
 facet normal -0.000000e+00  0.000000e+00 -1.000000e+00
   outer loop
     vertex -5.318727e+00 -1.583039e+01  0.000000e+00
     vertex -6.720068e+00 -2.000127e+01  0.000000e+00
     vertex -6.101195e+00 -1.554559e+01  0.000000e+00
   endloop
 endfacet
 facet normal  0.000000e+00 -0.000000e+00 -1.000000e+00
   outer loop
     vertex -1.595807e+01 -4.922411e+00  0.000000e+00
     vertex -1.569287e+01 -5.711736e+00  0.000000e+00
     vertex -2.016259e+01 -6.219334e+00  0.000000e+00
   endloop
 endfacet
 facet normal -0.000000e+00  0.000000e+00 -1.000000e+00
   outer loop
     vertex -4.523036e+00 -1.607582e+01  0.000000e+00
     vertex -6.720068e+00 -2.000127e+01  0.000000e+00
     vertex -5.318727e+00 -1.583039e+01  0.000000e+00
   endloop
 endfacet
 facet normal  0.000000e+00  0.000000e+00 -1.000000e+00
   outer loop
     vertex -4.523036e+00 -1.607582e+01  0.000000e+00
     vertex -5.714734e+00 -2.031137e+01  0.000000e+00
     vertex -6.720068e+00 -2.000127e+01  0.000000e+00
   endloop
 endfacet
 facet normal  0.000000e+00  0.000000e+00 -1.000000e+00
   outer loop
     vertex -4.523036e+00 -1.607582e+01  0.000000e+00
     vertex -4.695192e+00 -2.057098e+01  0.000000e+00
     vertex -5.714734e+00 -2.031137e+01  0.000000e+00
   endloop
 endfacet
 facet normal  0.000000e+00 -0.000000e+00 -1.000000e+00
   outer loop
     vertex -1.618359e+01 -4.120849e+00  0.000000e+00
     vertex -1.595807e+01 -4.922411e+00  0.000000e+00
     vertex -2.016259e+01 -6.219334e+00  0.000000e+00
   endloop
 endfacet
 facet normal  0.000000e+00  0.000000e+00 -1.000000e+00
   outer loop
     vertex -1.618359e+01 -4.120849e+00  0.000000e+00
     vertex -2.016259e+01 -6.219334e+00  0.000000e+00
     vertex -2.044753e+01 -5.206581e+00  0.000000e+00
   endloop
 endfacet
 facet normal -0.000000e+00  0.000000e+00 -1.000000e+00
   outer loop
     vertex -3.716100e+00 -1.628130e+01  0.000000e+00
     vertex -4.695192e+00 -2.057098e+01  0.000000e+00
     vertex -4.523036e+00 -1.607582e+01  0.000000e+00
   endloop
 endfacet
 facet normal  0.000000e+00 -0.000000e+00 -1.000000e+00
   outer loop
     vertex -1.636888e+01 -3.309041e+00  0.000000e+00
     vertex -1.618359e+01 -4.120849e+00  0.000000e+00
     vertex -2.044753e+01 -5.206581e+00  0.000000e+00
   endloop
 endfacet
 facet normal  0.000000e+00  0.000000e+00 -1.000000e+00
   outer loop
     vertex -1.636888e+01 -3.309041e+00  0.000000e+00
     vertex -2.044753e+01 -5.206581e+00  0.000000e+00
     vertex -2.068164e+01 -4.180884e+00  0.000000e+00
   endloop
 endfacet
 facet normal -0.000000e+00  0.000000e+00 -1.000000e+00
   outer loop
     vertex -2.899925e+00 -1.644629e+01  0.000000e+00
     vertex -4.695192e+00 -2.057098e+01  0.000000e+00
     vertex -3.716100e+00 -1.628130e+01  0.000000e+00
   endloop
 endfacet
 facet normal  0.000000e+00  0.000000e+00 -1.000000e+00
   outer loop
     vertex -2.899925e+00 -1.644629e+01  0.000000e+00
     vertex -3.663977e+00 -2.077944e+01  0.000000e+00
     vertex -4.695192e+00 -2.057098e+01  0.000000e+00
   endloop
 endfacet
 facet normal  0.000000e+00 -0.000000e+00 -1.000000e+00
   outer loop
     vertex -2.899925e+00 -1.644629e+01  0.000000e+00
     vertex -2.623652e+00 -2.093625e+01  0.000000e+00
     vertex -3.663977e+00 -2.077944e+01  0.000000e+00
   endloop
 endfacet
 facet normal  0.000000e+00 -0.000000e+00 -1.000000e+00
   outer loop
     vertex -1.651347e+01 -2.489006e+00  0.000000e+00
     vertex -1.636888e+01 -3.309041e+00  0.000000e+00
     vertex -2.068164e+01 -4.180884e+00  0.000000e+00
   endloop
 endfacet
 facet normal  0.000000e+00  0.000000e+00 -1.000000e+00
   outer loop
     vertex -1.651347e+01 -2.489006e+00  0.000000e+00
     vertex -2.068164e+01 -4.180884e+00  0.000000e+00
     vertex -2.086433e+01 -3.144792e+00  0.000000e+00
   endloop
 endfacet
 facet normal -0.000000e+00  0.000000e+00 -1.000000e+00
   outer loop
     vertex -2.076540e+00 -1.657039e+01  0.000000e+00
     vertex -2.623652e+00 -2.093625e+01  0.000000e+00
     vertex -2.899925e+00 -1.644629e+01  0.000000e+00
   endloop
 endfacet
 facet normal  0.000000e+00 -0.000000e+00 -1.000000e+00
   outer loop
     vertex -2.076540e+00 -1.657039e+01  0.000000e+00
     vertex -1.576805e+00 -2.104100e+01  0.000000e+00
     vertex -2.623652e+00 -2.093625e+01  0.000000e+00
   endloop
 endfacet
 facet normal  0.000000e+00  0.000000e+00 -1.000000e+00
   outer loop
     vertex -1.661701e+01 -1.662783e+00  0.000000e+00
     vertex -2.086433e+01 -3.144792e+00  0.000000e+00
     vertex -2.099515e+01 -2.100882e+00  0.000000e+00
   endloop
 endfacet
 facet normal  0.000000e+00 -0.000000e+00 -1.000000e+00
   outer loop
     vertex -1.661701e+01 -1.662783e+00  0.000000e+00
     vertex -1.651347e+01 -2.489006e+00  0.000000e+00
     vertex -2.086433e+01 -3.144792e+00  0.000000e+00
   endloop
 endfacet
 facet normal -0.000000e+00  0.000000e+00 -1.000000e+00
   outer loop
     vertex -1.247993e+00 -1.665330e+01  0.000000e+00
     vertex -1.576805e+00 -2.104100e+01  0.000000e+00
     vertex -2.076540e+00 -1.657039e+01  0.000000e+00
   endloop
 endfacet
 facet normal  0.000000e+00 -0.000000e+00 -1.000000e+00
   outer loop
     vertex -1.247993e+00 -1.665330e+01  0.000000e+00
     vertex -5.260376e-01 -2.109344e+01  0.000000e+00
     vertex -1.576805e+00 -2.104100e+01  0.000000e+00
   endloop
 endfacet
 facet normal  0.000000e+00  0.000000e+00 -1.000000e+00
   outer loop
     vertex -1.667924e+01 -8.324263e-01  0.000000e+00
     vertex -2.099515e+01 -2.100882e+00  0.000000e+00
     vertex -2.107377e+01 -1.051748e+00  0.000000e+00
   endloop
 endfacet
 facet normal  0.000000e+00 -0.000000e+00 -1.000000e+00
   outer loop
     vertex -1.667924e+01 -8.324263e-01  0.000000e+00
     vertex -1.661701e+01 -1.662783e+00  0.000000e+00
     vertex -2.099515e+01 -2.100882e+00  0.000000e+00
   endloop
 endfacet
 facet normal -0.000000e+00  0.000000e+00 -1.000000e+00
   outer loop
     vertex -4.163426e-01 -1.669481e+01  0.000000e+00
     vertex -5.260376e-01 -2.109344e+01  0.000000e+00
     vertex -1.247993e+00 -1.665330e+01  0.000000e+00
   endloop
 endfacet
 facet normal  0.000000e+00  0.000000e+00 -1.000000e+00
   outer loop
     vertex -1.670000e+01 -5.728516e-14  0.000000e+00
     vertex -2.107377e+01 -1.051748e+00  0.000000e+00
     vertex -2.110000e+01 -7.237825e-14  0.000000e+00
   endloop
 endfacet
 facet normal  0.000000e+00 -0.000000e+00 -1.000000e+00
   outer loop
     vertex -1.670000e+01 -5.728516e-14  0.000000e+00
     vertex -1.667924e+01 -8.324263e-01  0.000000e+00
     vertex -2.107377e+01 -1.051748e+00  0.000000e+00
   endloop
 endfacet
 facet normal  0.000000e+00  0.000000e+00 -1.000000e+00
   outer loop
     vertex  4.163426e-01 -1.669481e+01  0.000000e+00
     vertex -5.260376e-01 -2.109344e+01  0.000000e+00
     vertex -4.163426e-01 -1.669481e+01  0.000000e+00
   endloop
 endfacet
 facet normal  0.000000e+00 -0.000000e+00 -1.000000e+00
   outer loop
     vertex  4.163426e-01 -1.669481e+01  0.000000e+00
     vertex  5.260376e-01 -2.109344e+01  0.000000e+00
     vertex -5.260376e-01 -2.109344e+01  0.000000e+00
   endloop
 endfacet
 facet normal  0.000000e+00  0.000000e+00 -1.000000e+00
   outer loop
     vertex  4.163426e-01 -1.669481e+01  0.000000e+00
     vertex  1.576805e+00 -2.104100e+01  0.000000e+00
     vertex  5.260376e-01 -2.109344e+01  0.000000e+00
   endloop
 endfacet
 facet normal -0.000000e+00  0.000000e+00 -1.000000e+00
   outer loop
     vertex -1.667924e+01  8.324263e-01  0.000000e+00
     vertex -2.110000e+01 -7.237825e-14  0.000000e+00
     vertex -2.107377e+01  1.051748e+00  0.000000e+00
   endloop
 endfacet
 facet normal  0.000000e+00  0.000000e+00 -1.000000e+00
   outer loop
     vertex -1.667924e+01  8.324263e-01  0.000000e+00
     vertex -1.670000e+01 -5.728516e-14  0.000000e+00
     vertex -2.110000e+01 -7.237825e-14  0.000000e+00
   endloop
 endfacet
 facet normal  0.000000e+00  0.000000e+00 -1.000000e+00
   outer loop
     vertex  1.247993e+00 -1.665330e+01  0.000000e+00
     vertex  2.623652e+00 -2.093625e+01  0.000000e+00
     vertex  1.576805e+00 -2.104100e+01  0.000000e+00
   endloop
 endfacet
 facet normal  0.000000e+00 -0.000000e+00 -1.000000e+00
   outer loop
     vertex  1.247993e+00 -1.665330e+01  0.000000e+00
     vertex  1.576805e+00 -2.104100e+01  0.000000e+00
     vertex  4.163426e-01 -1.669481e+01  0.000000e+00
   endloop
 endfacet
 facet normal  0.000000e+00  0.000000e+00 -1.000000e+00
   outer loop
     vertex -1.661701e+01  1.662783e+00  0.000000e+00
     vertex -2.099515e+01  2.100882e+00  0.000000e+00
     vertex -2.086433e+01  3.144792e+00  0.000000e+00
   endloop
 endfacet
 facet normal -0.000000e+00  0.000000e+00 -1.000000e+00
   outer loop
     vertex -1.661701e+01  1.662783e+00  0.000000e+00
     vertex -2.107377e+01  1.051748e+00  0.000000e+00
     vertex -2.099515e+01  2.100882e+00  0.000000e+00
   endloop
 endfacet
 facet normal  0.000000e+00  0.000000e+00 -1.000000e+00
   outer loop
     vertex -1.661701e+01  1.662783e+00  0.000000e+00
     vertex -1.667924e+01  8.324263e-01  0.000000e+00
     vertex -2.107377e+01  1.051748e+00  0.000000e+00
   endloop
 endfacet
 facet normal  0.000000e+00 -0.000000e+00 -1.000000e+00
   outer loop
     vertex  2.076540e+00 -1.657039e+01  0.000000e+00
     vertex  2.623652e+00 -2.093625e+01  0.000000e+00
     vertex  1.247993e+00 -1.665330e+01  0.000000e+00
   endloop
 endfacet
 facet normal -0.000000e+00  0.000000e+00 -1.000000e+00
   outer loop
     vertex -1.651347e+01  2.489006e+00  0.000000e+00
     vertex -1.661701e+01  1.662783e+00  0.000000e+00
     vertex -2.086433e+01  3.144792e+00  0.000000e+00
   endloop
 endfacet
 facet normal  0.000000e+00  0.000000e+00 -1.000000e+00
   outer loop
     vertex  2.899925e+00 -1.644629e+01  0.000000e+00
     vertex  2.623652e+00 -2.093625e+01  0.000000e+00
     vertex  2.076540e+00 -1.657039e+01  0.000000e+00
   endloop
 endfacet
 facet normal  0.000000e+00 -0.000000e+00 -1.000000e+00
   outer loop
     vertex  2.899925e+00 -1.644629e+01  0.000000e+00
     vertex  3.663977e+00 -2.077944e+01  0.000000e+00
     vertex  2.623652e+00 -2.093625e+01  0.000000e+00
   endloop
 endfacet
 facet normal -0.000000e+00  0.000000e+00 -1.000000e+00
   outer loop
     vertex -1.636888e+01  3.309041e+00  0.000000e+00
     vertex -2.086433e+01  3.144792e+00  0.000000e+00
     vertex -2.068164e+01  4.180884e+00  0.000000e+00
   endloop
 endfacet
 facet normal  0.000000e+00  0.000000e+00 -1.000000e+00
   outer loop
     vertex -1.636888e+01  3.309041e+00  0.000000e+00
     vertex -1.651347e+01  2.489006e+00  0.000000e+00
     vertex -2.086433e+01  3.144792e+00  0.000000e+00
   endloop
 endfacet
 facet normal  0.000000e+00  0.000000e+00 -1.000000e+00
   outer loop
     vertex  3.716100e+00 -1.628130e+01  0.000000e+00
     vertex  3.663977e+00 -2.077944e+01  0.000000e+00
     vertex  2.899925e+00 -1.644629e+01  0.000000e+00
   endloop
 endfacet
 facet normal  0.000000e+00 -0.000000e+00 -1.000000e+00
   outer loop
     vertex  3.716100e+00 -1.628130e+01  0.000000e+00
     vertex  4.695192e+00 -2.057098e+01  0.000000e+00
     vertex  3.663977e+00 -2.077944e+01  0.000000e+00
   endloop
 endfacet
 facet normal -0.000000e+00  0.000000e+00 -1.000000e+00
   outer loop
     vertex -1.618359e+01  4.120849e+00  0.000000e+00
     vertex -1.636888e+01  3.309041e+00  0.000000e+00
     vertex -2.068164e+01  4.180884e+00  0.000000e+00
   endloop
 endfacet
 facet normal  0.000000e+00  0.000000e+00 -1.000000e+00
   outer loop
     vertex -1.618359e+01  4.120849e+00  0.000000e+00
     vertex -2.068164e+01  4.180884e+00  0.000000e+00
     vertex -2.044753e+01  5.206581e+00  0.000000e+00
   endloop
 endfacet
 facet normal  0.000000e+00 -0.000000e+00 -1.000000e+00
   outer loop
     vertex  4.523036e+00 -1.607582e+01  0.000000e+00
     vertex  4.695192e+00 -2.057098e+01  0.000000e+00
     vertex  3.716100e+00 -1.628130e+01  0.000000e+00
   endloop
 endfacet
 facet normal  0.000000e+00  0.000000e+00 -1.000000e+00
   outer loop
     vertex  4.523036e+00 -1.607582e+01  0.000000e+00
     vertex  5.714734e+00 -2.031137e+01  0.000000e+00
     vertex  4.695192e+00 -2.057098e+01  0.000000e+00
   endloop
 endfacet
 facet normal -0.000000e+00  0.000000e+00 -1.000000e+00
   outer loop
     vertex -1.595807e+01  4.922411e+00  0.000000e+00
     vertex -1.618359e+01  4.120849e+00  0.000000e+00
     vertex -2.044753e+01  5.206581e+00  0.000000e+00
   endloop
 endfacet
 facet normal  0.000000e+00  0.000000e+00 -1.000000e+00
   outer loop
     vertex -1.595807e+01  4.922411e+00  0.000000e+00
     vertex -2.044753e+01  5.206581e+00  0.000000e+00
     vertex -2.016259e+01  6.219334e+00  0.000000e+00
   endloop
 endfacet
 facet normal  0.000000e+00  0.000000e+00 -1.000000e+00
   outer loop
     vertex  5.318727e+00 -1.583039e+01  0.000000e+00
     vertex  6.720068e+00 -2.000127e+01  0.000000e+00
     vertex  5.714734e+00 -2.031137e+01  0.000000e+00
   endloop
 endfacet
 facet normal  0.000000e+00 -0.000000e+00 -1.000000e+00
   outer loop
     vertex  5.318727e+00 -1.583039e+01  0.000000e+00
     vertex  5.714734e+00 -2.031137e+01  0.000000e+00
     vertex  4.523036e+00 -1.607582e+01  0.000000e+00
   endloop
 endfacet
 facet normal -0.000000e+00  0.000000e+00 -1.000000e+00
   outer loop
     vertex -1.569287e+01  5.711736e+00  0.000000e+00
     vertex -1.595807e+01  4.922411e+00  0.000000e+00
     vertex -2.016259e+01  6.219334e+00  0.000000e+00
   endloop
 endfacet
 facet normal  0.000000e+00  0.000000e+00 -1.000000e+00
   outer loop
     vertex -1.569287e+01  5.711736e+00  0.000000e+00
     vertex -1.982751e+01  7.216625e+00  0.000000e+00
     vertex -1.944315e+01  8.195974e+00  0.000000e+00
   endloop
 endfacet
 facet normal  0.000000e+00  0.000000e+00 -1.000000e+00
   outer loop
     vertex -1.569287e+01  5.711736e+00  0.000000e+00
     vertex -2.016259e+01  6.219334e+00  0.000000e+00
     vertex -1.982751e+01  7.216625e+00  0.000000e+00
   endloop
 endfacet
 facet normal  0.000000e+00  0.000000e+00 -1.000000e+00
   outer loop
     vertex  6.101195e+00 -1.554559e+01  0.000000e+00
     vertex  7.708696e+00 -1.964144e+01  0.000000e+00
     vertex  6.720068e+00 -2.000127e+01  0.000000e+00
   endloop
 endfacet
 facet normal  0.000000e+00  0.000000e+00 -1.000000e+00
   outer loop
     vertex  6.101195e+00 -1.554559e+01  0.000000e+00
     vertex  8.678158e+00 -1.923277e+01  0.000000e+00
     vertex  7.708696e+00 -1.964144e+01  0.000000e+00
   endloop
 endfacet
 facet normal  0.000000e+00 -0.000000e+00 -1.000000e+00
   outer loop
     vertex  6.101195e+00 -1.554559e+01  0.000000e+00
     vertex  6.720068e+00 -2.000127e+01  0.000000e+00
     vertex  5.318727e+00 -1.583039e+01  0.000000e+00
   endloop
 endfacet
 facet normal -0.000000e+00  0.000000e+00 -1.000000e+00
   outer loop
     vertex -1.538865e+01  6.486861e+00  0.000000e+00
     vertex -1.569287e+01  5.711736e+00  0.000000e+00
     vertex -1.944315e+01  8.195974e+00  0.000000e+00
   endloop
 endfacet
 facet normal  0.000000e+00 -0.000000e+00 -1.000000e+00
   outer loop
     vertex  6.868495e+00 -1.522215e+01  0.000000e+00
     vertex  8.678158e+00 -1.923277e+01  0.000000e+00
     vertex  6.101195e+00 -1.554559e+01  0.000000e+00
   endloop
 endfacet
 facet normal -0.000000e+00  0.000000e+00 -1.000000e+00
   outer loop
     vertex -1.504618e+01  7.245858e+00  0.000000e+00
     vertex -1.538865e+01  6.486861e+00  0.000000e+00
     vertex -1.944315e+01  8.195974e+00  0.000000e+00
   endloop
 endfacet
 facet normal  0.000000e+00  0.000000e+00 -1.000000e+00
   outer loop
     vertex -1.504618e+01  7.245858e+00  0.000000e+00
     vertex -1.944315e+01  8.195974e+00  0.000000e+00
     vertex -1.901044e+01  9.154947e+00  0.000000e+00
   endloop
 endfacet
 facet normal  0.000000e+00  0.000000e+00 -1.000000e+00
   outer loop
     vertex  7.618718e+00 -1.486086e+01  0.000000e+00
     vertex  9.626045e+00 -1.877630e+01  0.000000e+00
     vertex  8.678158e+00 -1.923277e+01  0.000000e+00
   endloop
 endfacet
 facet normal  0.000000e+00 -0.000000e+00 -1.000000e+00
   outer loop
     vertex  7.618718e+00 -1.486086e+01  0.000000e+00
     vertex  8.678158e+00 -1.923277e+01  0.000000e+00
     vertex  6.868495e+00 -1.522215e+01  0.000000e+00
   endloop
 endfacet
 facet normal -0.000000e+00  0.000000e+00 -1.000000e+00
   outer loop
     vertex -1.466630e+01  7.986841e+00  0.000000e+00
     vertex -1.504618e+01  7.245858e+00  0.000000e+00
     vertex -1.901044e+01  9.154947e+00  0.000000e+00
   endloop
 endfacet
 facet normal  0.000000e+00  0.000000e+00 -1.000000e+00
   outer loop
     vertex -1.466630e+01  7.986841e+00  0.000000e+00
     vertex -1.901044e+01  9.154947e+00  0.000000e+00
     vertex -1.853048e+01  1.009116e+01  0.000000e+00
   endloop
 endfacet
 facet normal  0.000000e+00 -0.000000e+00 -1.000000e+00
   outer loop
     vertex  8.350000e+00 -1.446262e+01  0.000000e+00
     vertex  9.626045e+00 -1.877630e+01  0.000000e+00
     vertex  7.618718e+00 -1.486086e+01  0.000000e+00
   endloop
 endfacet
 facet normal  0.000000e+00  0.000000e+00 -1.000000e+00
   outer loop
     vertex  8.350000e+00 -1.446262e+01  0.000000e+00
     vertex  1.055000e+01 -1.827314e+01  0.000000e+00
     vertex  9.626045e+00 -1.877630e+01  0.000000e+00
   endloop
 endfacet
 facet normal  0.000000e+00  0.000000e+00 -1.000000e+00
   outer loop
     vertex  8.350000e+00 -1.446262e+01  0.000000e+00
     vertex  1.144773e+01 -1.772455e+01  0.000000e+00
     vertex  1.055000e+01 -1.827314e+01  0.000000e+00
   endloop
 endfacet
 facet normal  0.000000e+00  0.000000e+00 -1.000000e+00
   outer loop
     vertex -1.424996e+01  8.707968e+00  0.000000e+00
     vertex -1.853048e+01  1.009116e+01  0.000000e+00
     vertex -1.800444e+01  1.100228e+01  0.000000e+00
   endloop
 endfacet
 facet normal -0.000000e+00  0.000000e+00 -1.000000e+00
   outer loop
     vertex -1.424996e+01  8.707968e+00  0.000000e+00
     vertex -1.466630e+01  7.986841e+00  0.000000e+00
     vertex -1.853048e+01  1.009116e+01  0.000000e+00
   endloop
 endfacet
 facet normal  0.000000e+00 -0.000000e+00 -1.000000e+00
   outer loop
     vertex  9.060523e+00 -1.402843e+01  0.000000e+00
     vertex  1.144773e+01 -1.772455e+01  0.000000e+00
     vertex  8.350000e+00 -1.446262e+01  0.000000e+00
   endloop
 endfacet
 facet normal -0.000000e+00  0.000000e+00 -1.000000e+00
   outer loop
     vertex  1.231699e+01 -1.713189e+01  0.000000e+00
     vertex  1.144773e+01 -1.772455e+01  0.000000e+00
     vertex  9.060523e+00 -1.402843e+01  0.000000e+00
   endloop
 endfacet
 facet normal  0.000000e+00  0.000000e+00 -1.000000e+00
   outer loop
     vertex -1.379819e+01  9.407445e+00  0.000000e+00
     vertex -1.800444e+01  1.100228e+01  0.000000e+00
     vertex -1.743364e+01  1.188605e+01  0.000000e+00
   endloop
 endfacet
 facet normal -0.000000e+00  0.000000e+00 -1.000000e+00
   outer loop
     vertex -1.379819e+01  9.407445e+00  0.000000e+00
     vertex -1.424996e+01  8.707968e+00  0.000000e+00
     vertex -1.800444e+01  1.100228e+01  0.000000e+00
   endloop
 endfacet
 facet normal  0.000000e+00 -0.000000e+00 -1.000000e+00
   outer loop
     vertex -1.681950e+01  1.274027e+01  0.000000e+00
     vertex -1.379819e+01  9.407445e+00  0.000000e+00
     vertex -1.743364e+01  1.188605e+01  0.000000e+00
   endloop
 endfacet
 facet normal  0.000000e+00 -0.000000e+00 -1.000000e+00
   outer loop
     vertex  9.748519e+00 -1.355936e+01  0.000000e+00
     vertex  1.231699e+01 -1.713189e+01  0.000000e+00
     vertex  9.060523e+00 -1.402843e+01  0.000000e+00
   endloop
 endfacet
 facet normal -0.000000e+00  0.000000e+00 -1.000000e+00
   outer loop
     vertex -1.331211e+01  1.008353e+01  0.000000e+00
     vertex -1.379819e+01  9.407445e+00  0.000000e+00
     vertex -1.681950e+01  1.274027e+01  0.000000e+00
   endloop
 endfacet
 facet normal  0.000000e+00  0.000000e+00 -1.000000e+00
   outer loop
     vertex  1.041228e+01 -1.305659e+01  0.000000e+00
     vertex  1.315563e+01 -1.649664e+01  0.000000e+00
     vertex  1.231699e+01 -1.713189e+01  0.000000e+00
   endloop
 endfacet
 facet normal  0.000000e+00 -0.000000e+00 -1.000000e+00
   outer loop
     vertex  1.041228e+01 -1.305659e+01  0.000000e+00
     vertex  1.231699e+01 -1.713189e+01  0.000000e+00
     vertex  9.748519e+00 -1.355936e+01  0.000000e+00
   endloop
 endfacet
 facet normal  0.000000e+00  0.000000e+00 -1.000000e+00
   outer loop
     vertex -1.279294e+01  1.073455e+01  0.000000e+00
     vertex -1.681950e+01  1.274027e+01  0.000000e+00
     vertex -1.616354e+01  1.356282e+01  0.000000e+00
   endloop
 endfacet
 facet normal -0.000000e+00  0.000000e+00 -1.000000e+00
   outer loop
     vertex -1.279294e+01  1.073455e+01  0.000000e+00
     vertex -1.331211e+01  1.008353e+01  0.000000e+00
     vertex -1.681950e+01  1.274027e+01  0.000000e+00
   endloop
 endfacet
 facet normal  0.000000e+00  0.000000e+00 -1.000000e+00
   outer loop
     vertex  1.105015e+01 -1.252135e+01  0.000000e+00
     vertex  1.396157e+01 -1.582038e+01  0.000000e+00
     vertex  1.315563e+01 -1.649664e+01  0.000000e+00
   endloop
 endfacet
 facet normal  0.000000e+00 -0.000000e+00 -1.000000e+00
   outer loop
     vertex  1.105015e+01 -1.252135e+01  0.000000e+00
     vertex  1.315563e+01 -1.649664e+01  0.000000e+00
     vertex  1.041228e+01 -1.305659e+01  0.000000e+00
   endloop
 endfacet
 facet normal  0.000000e+00  0.000000e+00 -1.000000e+00
   outer loop
     vertex -1.224197e+01  1.135888e+01  0.000000e+00
     vertex -1.616354e+01  1.356282e+01  0.000000e+00
     vertex -1.546739e+01  1.435164e+01  0.000000e+00
   endloop
 endfacet
 facet normal -0.000000e+00  0.000000e+00 -1.000000e+00
   outer loop
     vertex -1.224197e+01  1.135888e+01  0.000000e+00
     vertex -1.279294e+01  1.073455e+01  0.000000e+00
     vertex -1.616354e+01  1.356282e+01  0.000000e+00
   endloop
 endfacet
 facet normal  0.000000e+00  0.000000e+00 -1.000000e+00
   outer loop
     vertex  1.166055e+01 -1.195498e+01  0.000000e+00
     vertex  1.473280e+01 -1.510479e+01  0.000000e+00
     vertex  1.396157e+01 -1.582038e+01  0.000000e+00
   endloop
 endfacet
 facet normal  0.000000e+00 -0.000000e+00 -1.000000e+00
   outer loop
     vertex  1.166055e+01 -1.195498e+01  0.000000e+00
     vertex  1.396157e+01 -1.582038e+01  0.000000e+00
     vertex  1.105015e+01 -1.252135e+01  0.000000e+00
   endloop
 endfacet
 facet normal  0.000000e+00  0.000000e+00 -1.000000e+00
   outer loop
     vertex -1.473280e+01  1.510479e+01  0.000000e+00
     vertex -1.166055e+01  1.195498e+01  0.000000e+00
     vertex -1.224197e+01  1.135888e+01  0.000000e+00
   endloop
 endfacet
 facet normal  0.000000e+00 -0.000000e+00 -1.000000e+00
   outer loop
     vertex -1.473280e+01  1.510479e+01  0.000000e+00
     vertex -1.224197e+01  1.135888e+01  0.000000e+00
     vertex -1.546739e+01  1.435164e+01  0.000000e+00
   endloop
 endfacet
 facet normal  0.000000e+00  0.000000e+00 -1.000000e+00
   outer loop
     vertex  1.546739e+01 -1.435164e+01  0.000000e+00
     vertex  1.166055e+01 -1.195498e+01  0.000000e+00
     vertex  1.224197e+01 -1.135888e+01  0.000000e+00
   endloop
 endfacet
 facet normal -0.000000e+00  0.000000e+00 -1.000000e+00
   outer loop
     vertex  1.546739e+01 -1.435164e+01  0.000000e+00
     vertex  1.473280e+01 -1.510479e+01  0.000000e+00
     vertex  1.166055e+01 -1.195498e+01  0.000000e+00
   endloop
 endfacet
 facet normal -0.000000e+00  0.000000e+00 -1.000000e+00
   outer loop
     vertex -1.105015e+01  1.252135e+01  0.000000e+00
     vertex -1.166055e+01  1.195498e+01  0.000000e+00
     vertex -1.473280e+01  1.510479e+01  0.000000e+00
   endloop
 endfacet
 facet normal  0.000000e+00 -0.000000e+00 -1.000000e+00
   outer loop
     vertex -1.396157e+01  1.582038e+01  0.000000e+00
     vertex -1.105015e+01  1.252135e+01  0.000000e+00
     vertex -1.473280e+01  1.510479e+01  0.000000e+00
   endloop
 endfacet
 facet normal -0.000000e+00  0.000000e+00 -1.000000e+00
   outer loop
     vertex  1.616354e+01 -1.356282e+01  0.000000e+00
     vertex  1.546739e+01 -1.435164e+01  0.000000e+00
     vertex  1.224197e+01 -1.135888e+01  0.000000e+00
   endloop
 endfacet
 facet normal  0.000000e+00  0.000000e+00 -1.000000e+00
   outer loop
     vertex  1.616354e+01 -1.356282e+01  0.000000e+00
     vertex  1.224197e+01 -1.135888e+01  0.000000e+00
     vertex  1.279294e+01 -1.073455e+01  0.000000e+00
   endloop
 endfacet
 facet normal  0.000000e+00 -0.000000e+00 -1.000000e+00
   outer loop
     vertex  1.331211e+01 -1.008353e+01  0.000000e+00
     vertex  1.616354e+01 -1.356282e+01  0.000000e+00
     vertex  1.279294e+01 -1.073455e+01  0.000000e+00
   endloop
 endfacet
 facet normal  0.000000e+00 -0.000000e+00 -1.000000e+00
   outer loop
     vertex -1.315563e+01  1.649664e+01  0.000000e+00
     vertex -1.105015e+01  1.252135e+01  0.000000e+00
     vertex -1.396157e+01  1.582038e+01  0.000000e+00
   endloop
 endfacet
 facet normal  0.000000e+00  0.000000e+00 -1.000000e+00
   outer loop
     vertex -1.315563e+01  1.649664e+01  0.000000e+00
     vertex -1.041228e+01  1.305659e+01  0.000000e+00
     vertex -1.105015e+01  1.252135e+01  0.000000e+00
   endloop
 endfacet
 facet normal -0.000000e+00  0.000000e+00 -1.000000e+00
   outer loop
     vertex  1.681950e+01 -1.274027e+01  0.000000e+00
     vertex  1.616354e+01 -1.356282e+01  0.000000e+00
     vertex  1.331211e+01 -1.008353e+01  0.000000e+00
   endloop
 endfacet
 facet normal  0.000000e+00 -0.000000e+00 -1.000000e+00
   outer loop
     vertex  1.379819e+01 -9.407445e+00  0.000000e+00
     vertex  1.681950e+01 -1.274027e+01  0.000000e+00
     vertex  1.331211e+01 -1.008353e+01  0.000000e+00
   endloop
 endfacet
 facet normal  0.000000e+00 -0.000000e+00 -1.000000e+00
   outer loop
     vertex -1.231699e+01  1.713189e+01  0.000000e+00
     vertex -1.041228e+01  1.305659e+01  0.000000e+00
     vertex -1.315563e+01  1.649664e+01  0.000000e+00
   endloop
 endfacet
 facet normal  0.000000e+00  0.000000e+00 -1.000000e+00
   outer loop
     vertex -1.231699e+01  1.713189e+01  0.000000e+00
     vertex -9.748519e+00  1.355936e+01  0.000000e+00
     vertex -1.041228e+01  1.305659e+01  0.000000e+00
   endloop
 endfacet
 facet normal -0.000000e+00  0.000000e+00 -1.000000e+00
   outer loop
     vertex  1.743364e+01 -1.188605e+01  0.000000e+00
     vertex  1.681950e+01 -1.274027e+01  0.000000e+00
     vertex  1.379819e+01 -9.407445e+00  0.000000e+00
   endloop
 endfacet
 facet normal  0.000000e+00 -0.000000e+00 -1.000000e+00
   outer loop
     vertex -1.144773e+01  1.772455e+01  0.000000e+00
     vertex -9.748519e+00  1.355936e+01  0.000000e+00
     vertex -1.231699e+01  1.713189e+01  0.000000e+00
   endloop
 endfacet
 facet normal  0.000000e+00  0.000000e+00 -1.000000e+00
   outer loop
     vertex -1.144773e+01  1.772455e+01  0.000000e+00
     vertex -9.060523e+00  1.402843e+01  0.000000e+00
     vertex -9.748519e+00  1.355936e+01  0.000000e+00
   endloop
 endfacet
 facet normal -0.000000e+00  0.000000e+00 -1.000000e+00
   outer loop
     vertex  1.800444e+01 -1.100228e+01  0.000000e+00
     vertex  1.743364e+01 -1.188605e+01  0.000000e+00
     vertex  1.379819e+01 -9.407445e+00  0.000000e+00
   endloop
 endfacet
 facet normal  0.000000e+00  0.000000e+00 -1.000000e+00
   outer loop
     vertex  1.800444e+01 -1.100228e+01  0.000000e+00
     vertex  1.379819e+01 -9.407445e+00  0.000000e+00
     vertex  1.424996e+01 -8.707968e+00  0.000000e+00
   endloop
 endfacet
 facet normal  0.000000e+00 -0.000000e+00 -1.000000e+00
   outer loop
     vertex -1.055000e+01  1.827314e+01  0.000000e+00
     vertex -9.060523e+00  1.402843e+01  0.000000e+00
     vertex -1.144773e+01  1.772455e+01  0.000000e+00
   endloop
 endfacet
 facet normal  0.000000e+00  0.000000e+00 -1.000000e+00
   outer loop
     vertex -1.055000e+01  1.827314e+01  0.000000e+00
     vertex -7.618718e+00  1.486086e+01  0.000000e+00
     vertex -8.350000e+00  1.446262e+01  0.000000e+00
   endloop
 endfacet
 facet normal  0.000000e+00  0.000000e+00 -1.000000e+00
   outer loop
     vertex -1.055000e+01  1.827314e+01  0.000000e+00
     vertex -8.350000e+00  1.446262e+01  0.000000e+00
     vertex -9.060523e+00  1.402843e+01  0.000000e+00
   endloop
 endfacet
 facet normal  0.000000e+00  0.000000e+00 -1.000000e+00
   outer loop
     vertex  1.853048e+01 -1.009116e+01  0.000000e+00
     vertex  1.424996e+01 -8.707968e+00  0.000000e+00
     vertex  1.466630e+01 -7.986841e+00  0.000000e+00
   endloop
 endfacet
 facet normal -0.000000e+00  0.000000e+00 -1.000000e+00
   outer loop
     vertex  1.853048e+01 -1.009116e+01  0.000000e+00
     vertex  1.800444e+01 -1.100228e+01  0.000000e+00
     vertex  1.424996e+01 -8.707968e+00  0.000000e+00
   endloop
 endfacet
 facet normal  0.000000e+00 -0.000000e+00 -1.000000e+00
   outer loop
     vertex -9.626045e+00  1.877630e+01  0.000000e+00
     vertex -7.618718e+00  1.486086e+01  0.000000e+00
     vertex -1.055000e+01  1.827314e+01  0.000000e+00
   endloop
 endfacet
 facet normal -0.000000e+00  0.000000e+00 -1.000000e+00
   outer loop
     vertex  1.901044e+01 -9.154947e+00  0.000000e+00
     vertex  1.853048e+01 -1.009116e+01  0.000000e+00
     vertex  1.466630e+01 -7.986841e+00  0.000000e+00
   endloop
 endfacet
 facet normal  0.000000e+00  0.000000e+00 -1.000000e+00
   outer loop
     vertex  1.901044e+01 -9.154947e+00  0.000000e+00
     vertex  1.466630e+01 -7.986841e+00  0.000000e+00
     vertex  1.504618e+01 -7.245858e+00  0.000000e+00
   endloop
 endfacet
 facet normal  0.000000e+00 -0.000000e+00 -1.000000e+00
   outer loop
     vertex -8.678158e+00  1.923277e+01  0.000000e+00
     vertex -7.618718e+00  1.486086e+01  0.000000e+00
     vertex -9.626045e+00  1.877630e+01  0.000000e+00
   endloop
 endfacet
 facet normal  0.000000e+00  0.000000e+00 -1.000000e+00
   outer loop
     vertex -8.678158e+00  1.923277e+01  0.000000e+00
     vertex -6.868495e+00  1.522215e+01  0.000000e+00
     vertex -7.618718e+00  1.486086e+01  0.000000e+00
   endloop
 endfacet
 facet normal  0.000000e+00  0.000000e+00 -1.000000e+00
   outer loop
     vertex  1.944315e+01 -8.195974e+00  0.000000e+00
     vertex  1.504618e+01 -7.245858e+00  0.000000e+00
     vertex  1.538865e+01 -6.486861e+00  0.000000e+00
   endloop
 endfacet
 facet normal  0.000000e+00  0.000000e+00 -1.000000e+00
   outer loop
     vertex  1.944315e+01 -8.195974e+00  0.000000e+00
     vertex  1.538865e+01 -6.486861e+00  0.000000e+00
     vertex  1.569287e+01 -5.711736e+00  0.000000e+00
   endloop
 endfacet
 facet normal -0.000000e+00  0.000000e+00 -1.000000e+00
   outer loop
     vertex  1.944315e+01 -8.195974e+00  0.000000e+00
     vertex  1.901044e+01 -9.154947e+00  0.000000e+00
     vertex  1.504618e+01 -7.245858e+00  0.000000e+00
   endloop
 endfacet
 facet normal  0.000000e+00  0.000000e+00 -1.000000e+00
   outer loop
     vertex -7.708696e+00  1.964144e+01  0.000000e+00
     vertex -6.101195e+00  1.554559e+01  0.000000e+00
     vertex -6.868495e+00  1.522215e+01  0.000000e+00
   endloop
 endfacet
 facet normal  0.000000e+00 -0.000000e+00 -1.000000e+00
   outer loop
     vertex -7.708696e+00  1.964144e+01  0.000000e+00
     vertex -6.868495e+00  1.522215e+01  0.000000e+00
     vertex -8.678158e+00  1.923277e+01  0.000000e+00
   endloop
 endfacet
 facet normal  0.000000e+00  0.000000e+00 -1.000000e+00
   outer loop
     vertex  1.982751e+01 -7.216625e+00  0.000000e+00
     vertex  1.569287e+01 -5.711736e+00  0.000000e+00
     vertex  1.595807e+01 -4.922411e+00  0.000000e+00
   endloop
 endfacet
 facet normal -0.000000e+00  0.000000e+00 -1.000000e+00
   outer loop
     vertex  1.982751e+01 -7.216625e+00  0.000000e+00
     vertex  1.944315e+01 -8.195974e+00  0.000000e+00
     vertex  1.569287e+01 -5.711736e+00  0.000000e+00
   endloop
 endfacet
 facet normal  0.000000e+00  0.000000e+00 -1.000000e+00
   outer loop
     vertex -6.720068e+00  2.000127e+01  0.000000e+00
     vertex -5.318727e+00  1.583039e+01  0.000000e+00
     vertex -6.101195e+00  1.554559e+01  0.000000e+00
   endloop
 endfacet
 facet normal  0.000000e+00 -0.000000e+00 -1.000000e+00
   outer loop
     vertex -6.720068e+00  2.000127e+01  0.000000e+00
     vertex -6.101195e+00  1.554559e+01  0.000000e+00
     vertex -7.708696e+00  1.964144e+01  0.000000e+00
   endloop
 endfacet
 facet normal -0.000000e+00  0.000000e+00 -1.000000e+00
   outer loop
     vertex  2.016259e+01 -6.219334e+00  0.000000e+00
     vertex  1.982751e+01 -7.216625e+00  0.000000e+00
     vertex  1.595807e+01 -4.922411e+00  0.000000e+00
   endloop
 endfacet
 facet normal  0.000000e+00 -0.000000e+00 -1.000000e+00
   outer loop
     vertex -5.714734e+00  2.031137e+01  0.000000e+00
     vertex -5.318727e+00  1.583039e+01  0.000000e+00
     vertex -6.720068e+00  2.000127e+01  0.000000e+00
   endloop
 endfacet
 facet normal  0.000000e+00  0.000000e+00 -1.000000e+00
   outer loop
     vertex -5.714734e+00  2.031137e+01  0.000000e+00
     vertex -4.523036e+00  1.607582e+01  0.000000e+00
     vertex -5.318727e+00  1.583039e+01  0.000000e+00
   endloop
 endfacet
 facet normal  0.000000e+00  0.000000e+00 -1.000000e+00
   outer loop
     vertex  2.044753e+01 -5.206581e+00  0.000000e+00
     vertex  1.595807e+01 -4.922411e+00  0.000000e+00
     vertex  1.618359e+01 -4.120849e+00  0.000000e+00
   endloop
 endfacet
 facet normal -0.000000e+00  0.000000e+00 -1.000000e+00
   outer loop
     vertex  2.044753e+01 -5.206581e+00  0.000000e+00
     vertex  2.016259e+01 -6.219334e+00  0.000000e+00
     vertex  1.595807e+01 -4.922411e+00  0.000000e+00
   endloop
 endfacet
 facet normal  0.000000e+00  0.000000e+00 -1.000000e+00
   outer loop
     vertex -4.695192e+00  2.057098e+01  0.000000e+00
     vertex -3.716100e+00  1.628130e+01  0.000000e+00
     vertex -4.523036e+00  1.607582e+01  0.000000e+00
   endloop
 endfacet
 facet normal  0.000000e+00 -0.000000e+00 -1.000000e+00
   outer loop
     vertex -4.695192e+00  2.057098e+01  0.000000e+00
     vertex -4.523036e+00  1.607582e+01  0.000000e+00
     vertex -5.714734e+00  2.031137e+01  0.000000e+00
   endloop
 endfacet
 facet normal  0.000000e+00  0.000000e+00 -1.000000e+00
   outer loop
     vertex  2.068164e+01 -4.180884e+00  0.000000e+00
     vertex  1.618359e+01 -4.120849e+00  0.000000e+00
     vertex  1.636888e+01 -3.309041e+00  0.000000e+00
   endloop
 endfacet
 facet normal -0.000000e+00  0.000000e+00 -1.000000e+00
   outer loop
     vertex  2.068164e+01 -4.180884e+00  0.000000e+00
     vertex  2.044753e+01 -5.206581e+00  0.000000e+00
     vertex  1.618359e+01 -4.120849e+00  0.000000e+00
   endloop
 endfacet
 facet normal  0.000000e+00 -0.000000e+00 -1.000000e+00
   outer loop
     vertex -3.663977e+00  2.077944e+01  0.000000e+00
     vertex -2.899925e+00  1.644629e+01  0.000000e+00
     vertex -3.716100e+00  1.628130e+01  0.000000e+00
   endloop
 endfacet
 facet normal  0.000000e+00  0.000000e+00 -1.000000e+00
   outer loop
     vertex -3.663977e+00  2.077944e+01  0.000000e+00
     vertex -3.716100e+00  1.628130e+01  0.000000e+00
     vertex -4.695192e+00  2.057098e+01  0.000000e+00
   endloop
 endfacet
 facet normal  0.000000e+00  0.000000e+00 -1.000000e+00
   outer loop
     vertex  2.086433e+01 -3.144792e+00  0.000000e+00
     vertex  2.068164e+01 -4.180884e+00  0.000000e+00
     vertex  1.636888e+01 -3.309041e+00  0.000000e+00
   endloop
 endfacet
 facet normal -0.000000e+00  0.000000e+00 -1.000000e+00
   outer loop
     vertex  2.086433e+01 -3.144792e+00  0.000000e+00
     vertex  1.636888e+01 -3.309041e+00  0.000000e+00
     vertex  1.651347e+01 -2.489006e+00  0.000000e+00
   endloop
 endfacet
 facet normal  0.000000e+00  0.000000e+00 -1.000000e+00
   outer loop
     vertex -2.623652e+00  2.093625e+01  0.000000e+00
     vertex -2.899925e+00  1.644629e+01  0.000000e+00
     vertex -3.663977e+00  2.077944e+01  0.000000e+00
   endloop
 endfacet
 facet normal  0.000000e+00 -0.000000e+00 -1.000000e+00
   outer loop
     vertex -2.623652e+00  2.093625e+01  0.000000e+00
     vertex -2.076540e+00  1.657039e+01  0.000000e+00
     vertex -2.899925e+00  1.644629e+01  0.000000e+00
   endloop
 endfacet
 facet normal  0.000000e+00  0.000000e+00 -1.000000e+00
   outer loop
     vertex  2.099515e+01 -2.100882e+00  0.000000e+00
     vertex  2.086433e+01 -3.144792e+00  0.000000e+00
     vertex  1.651347e+01 -2.489006e+00  0.000000e+00
   endloop
 endfacet
 facet normal -0.000000e+00  0.000000e+00 -1.000000e+00
   outer loop
     vertex  2.099515e+01 -2.100882e+00  0.000000e+00
     vertex  1.651347e+01 -2.489006e+00  0.000000e+00
     vertex  1.661701e+01 -1.662783e+00  0.000000e+00
   endloop
 endfacet
 facet normal  0.000000e+00  0.000000e+00 -1.000000e+00
   outer loop
     vertex  2.099515e+01 -2.100882e+00  0.000000e+00
     vertex  1.661701e+01 -1.662783e+00  0.000000e+00
     vertex  1.667924e+01 -8.324263e-01  0.000000e+00
   endloop
 endfacet
 facet normal  0.000000e+00  0.000000e+00 -1.000000e+00
   outer loop
     vertex -1.576805e+00  2.104100e+01  0.000000e+00
     vertex -2.076540e+00  1.657039e+01  0.000000e+00
     vertex -2.623652e+00  2.093625e+01  0.000000e+00
   endloop
 endfacet
 facet normal  0.000000e+00  0.000000e+00 -1.000000e+00
   outer loop
     vertex -1.576805e+00  2.104100e+01  0.000000e+00
     vertex -4.163426e-01  1.669481e+01  0.000000e+00
     vertex -1.247993e+00  1.665330e+01  0.000000e+00
   endloop
 endfacet
 facet normal  0.000000e+00 -0.000000e+00 -1.000000e+00
   outer loop
     vertex -1.576805e+00  2.104100e+01  0.000000e+00
     vertex -1.247993e+00  1.665330e+01  0.000000e+00
     vertex -2.076540e+00  1.657039e+01  0.000000e+00
   endloop
 endfacet
 facet normal -0.000000e+00  0.000000e+00 -1.000000e+00
   outer loop
     vertex  2.107377e+01 -1.051748e+00  0.000000e+00
     vertex  2.099515e+01 -2.100882e+00  0.000000e+00
     vertex  1.667924e+01 -8.324263e-01  0.000000e+00
   endloop
 endfacet
 facet normal  0.000000e+00 -0.000000e+00 -1.000000e+00
   outer loop
     vertex -5.260376e-01  2.109344e+01  0.000000e+00
     vertex -4.163426e-01  1.669481e+01  0.000000e+00
     vertex -1.576805e+00  2.104100e+01  0.000000e+00
   endloop
 endfacet
 facet normal  0.000000e+00  0.000000e+00 -1.000000e+00
   outer loop
     vertex  2.110000e+01  0.000000e+00  0.000000e+00
     vertex  2.107377e+01 -1.051748e+00  0.000000e+00
     vertex  1.667924e+01 -8.324263e-01  0.000000e+00
   endloop
 endfacet
 facet normal -0.000000e+00  0.000000e+00 -1.000000e+00
   outer loop
     vertex  2.110000e+01  0.000000e+00  0.000000e+00
     vertex  1.667924e+01 -8.324263e-01  0.000000e+00
     vertex  1.670000e+01  0.000000e+00  0.000000e+00
   endloop
 endfacet
 facet normal -0.000000e+00  0.000000e+00 -1.000000e+00
   outer loop
     vertex  5.260376e-01  2.109344e+01  0.000000e+00
     vertex -4.163426e-01  1.669481e+01  0.000000e+00
     vertex -5.260376e-01  2.109344e+01  0.000000e+00
   endloop
 endfacet
 facet normal  0.000000e+00  0.000000e+00 -1.000000e+00
   outer loop
     vertex  5.260376e-01  2.109344e+01  0.000000e+00
     vertex  4.163426e-01  1.669481e+01  0.000000e+00
     vertex -4.163426e-01  1.669481e+01  0.000000e+00
   endloop
 endfacet
 facet normal  0.000000e+00 -0.000000e+00 -1.000000e+00
   outer loop
     vertex  2.107377e+01  1.051748e+00  0.000000e+00
     vertex  2.110000e+01  0.000000e+00  0.000000e+00
     vertex  1.670000e+01  0.000000e+00  0.000000e+00
   endloop
 endfacet
 facet normal  0.000000e+00  0.000000e+00 -1.000000e+00
   outer loop
     vertex  2.107377e+01  1.051748e+00  0.000000e+00
     vertex  1.670000e+01  0.000000e+00  0.000000e+00
     vertex  1.667924e+01  8.324263e-01  0.000000e+00
   endloop
 endfacet
 facet normal  0.000000e+00  0.000000e+00 -1.000000e+00
   outer loop
     vertex  1.576805e+00  2.104100e+01  0.000000e+00
     vertex  1.247993e+00  1.665330e+01  0.000000e+00
     vertex  4.163426e-01  1.669481e+01  0.000000e+00
   endloop
 endfacet
 facet normal -0.000000e+00  0.000000e+00 -1.000000e+00
   outer loop
     vertex  1.576805e+00  2.104100e+01  0.000000e+00
     vertex  4.163426e-01  1.669481e+01  0.000000e+00
     vertex  5.260376e-01  2.109344e+01  0.000000e+00
   endloop
 endfacet
 facet normal  0.000000e+00  0.000000e+00 -1.000000e+00
   outer loop
     vertex  2.099515e+01  2.100882e+00  0.000000e+00
     vertex  1.667924e+01  8.324263e-01  0.000000e+00
     vertex  1.661701e+01  1.662783e+00  0.000000e+00
   endloop
 endfacet
 facet normal  0.000000e+00 -0.000000e+00 -1.000000e+00
   outer loop
     vertex  2.099515e+01  2.100882e+00  0.000000e+00
     vertex  2.107377e+01  1.051748e+00  0.000000e+00
     vertex  1.667924e+01  8.324263e-01  0.000000e+00
   endloop
 endfacet
 facet normal  0.000000e+00  0.000000e+00 -1.000000e+00
   outer loop
     vertex  2.623652e+00  2.093625e+01  0.000000e+00
     vertex  2.076540e+00  1.657039e+01  0.000000e+00
     vertex  1.247993e+00  1.665330e+01  0.000000e+00
   endloop
 endfacet
 facet normal -0.000000e+00  0.000000e+00 -1.000000e+00
   outer loop
     vertex  2.623652e+00  2.093625e+01  0.000000e+00
     vertex  1.247993e+00  1.665330e+01  0.000000e+00
     vertex  1.576805e+00  2.104100e+01  0.000000e+00
   endloop
 endfacet
 facet normal  0.000000e+00  0.000000e+00 -1.000000e+00
   outer loop
     vertex  2.086433e+01  3.144792e+00  0.000000e+00
     vertex  1.661701e+01  1.662783e+00  0.000000e+00
     vertex  1.651347e+01  2.489006e+00  0.000000e+00
   endloop
 endfacet
 facet normal -0.000000e+00  0.000000e+00 -1.000000e+00
   outer loop
     vertex  2.086433e+01  3.144792e+00  0.000000e+00
     vertex  1.651347e+01  2.489006e+00  0.000000e+00
     vertex  1.636888e+01  3.309041e+00  0.000000e+00
   endloop
 endfacet
 facet normal  0.000000e+00 -0.000000e+00 -1.000000e+00
   outer loop
     vertex  2.086433e+01  3.144792e+00  0.000000e+00
     vertex  2.099515e+01  2.100882e+00  0.000000e+00
     vertex  1.661701e+01  1.662783e+00  0.000000e+00
   endloop
 endfacet
 facet normal  0.000000e+00  0.000000e+00 -1.000000e+00
   outer loop
     vertex  3.663977e+00  2.077944e+01  0.000000e+00
     vertex  2.899925e+00  1.644629e+01  0.000000e+00
     vertex  2.076540e+00  1.657039e+01  0.000000e+00
   endloop
 endfacet
 facet normal -0.000000e+00  0.000000e+00 -1.000000e+00
   outer loop
     vertex  3.663977e+00  2.077944e+01  0.000000e+00
     vertex  2.076540e+00  1.657039e+01  0.000000e+00
     vertex  2.623652e+00  2.093625e+01  0.000000e+00
   endloop
 endfacet
 facet normal  0.000000e+00  0.000000e+00 -1.000000e+00
   outer loop
     vertex  2.068164e+01  4.180884e+00  0.000000e+00
     vertex  1.636888e+01  3.309041e+00  0.000000e+00
     vertex  1.618359e+01  4.120849e+00  0.000000e+00
   endloop
 endfacet
 facet normal  0.000000e+00 -0.000000e+00 -1.000000e+00
   outer loop
     vertex  2.068164e+01  4.180884e+00  0.000000e+00
     vertex  2.086433e+01  3.144792e+00  0.000000e+00
     vertex  1.636888e+01  3.309041e+00  0.000000e+00
   endloop
 endfacet
 facet normal  0.000000e+00  0.000000e+00 -1.000000e+00
   outer loop
     vertex  4.695192e+00  2.057098e+01  0.000000e+00
     vertex  3.716100e+00  1.628130e+01  0.000000e+00
     vertex  2.899925e+00  1.644629e+01  0.000000e+00
   endloop
 endfacet
 facet normal -0.000000e+00  0.000000e+00 -1.000000e+00
   outer loop
     vertex  4.695192e+00  2.057098e+01  0.000000e+00
     vertex  2.899925e+00  1.644629e+01  0.000000e+00
     vertex  3.663977e+00  2.077944e+01  0.000000e+00
   endloop
 endfacet
 facet normal  0.000000e+00  0.000000e+00 -1.000000e+00
   outer loop
     vertex  2.044753e+01  5.206581e+00  0.000000e+00
     vertex  1.618359e+01  4.120849e+00  0.000000e+00
     vertex  1.595807e+01  4.922411e+00  0.000000e+00
   endloop
 endfacet
 facet normal  0.000000e+00 -0.000000e+00 -1.000000e+00
   outer loop
     vertex  2.044753e+01  5.206581e+00  0.000000e+00
     vertex  2.068164e+01  4.180884e+00  0.000000e+00
     vertex  1.618359e+01  4.120849e+00  0.000000e+00
   endloop
 endfacet
 facet normal -0.000000e+00  0.000000e+00 -1.000000e+00
   outer loop
     vertex  5.714734e+00  2.031137e+01  0.000000e+00
     vertex  3.716100e+00  1.628130e+01  0.000000e+00
     vertex  4.695192e+00  2.057098e+01  0.000000e+00
   endloop
 endfacet
 facet normal  0.000000e+00  0.000000e+00 -1.000000e+00
   outer loop
     vertex  5.714734e+00  2.031137e+01  0.000000e+00
     vertex  4.523036e+00  1.607582e+01  0.000000e+00
     vertex  3.716100e+00  1.628130e+01  0.000000e+00
   endloop
 endfacet
 facet normal  0.000000e+00 -0.000000e+00 -1.000000e+00
   outer loop
     vertex  2.016259e+01  6.219334e+00  0.000000e+00
     vertex  2.044753e+01  5.206581e+00  0.000000e+00
     vertex  1.595807e+01  4.922411e+00  0.000000e+00
   endloop
 endfacet
 facet normal  0.000000e+00  0.000000e+00 -1.000000e+00
   outer loop
     vertex  2.016259e+01  6.219334e+00  0.000000e+00
     vertex  1.595807e+01  4.922411e+00  0.000000e+00
     vertex  1.569287e+01  5.711736e+00  0.000000e+00
   endloop
 endfacet
 facet normal -0.000000e+00  0.000000e+00 -1.000000e+00
   outer loop
     vertex  6.720068e+00  2.000127e+01  0.000000e+00
     vertex  4.523036e+00  1.607582e+01  0.000000e+00
     vertex  5.714734e+00  2.031137e+01  0.000000e+00
   endloop
 endfacet
 facet normal  0.000000e+00  0.000000e+00 -1.000000e+00
   outer loop
     vertex  6.720068e+00  2.000127e+01  0.000000e+00
     vertex  5.318727e+00  1.583039e+01  0.000000e+00
     vertex  4.523036e+00  1.607582e+01  0.000000e+00
   endloop
 endfacet
 facet normal  0.000000e+00  0.000000e+00 -1.000000e+00
   outer loop
     vertex  1.982751e+01  7.216625e+00  0.000000e+00
     vertex  1.569287e+01  5.711736e+00  0.000000e+00
     vertex  1.538865e+01  6.486861e+00  0.000000e+00
   endloop
 endfacet
 facet normal  0.000000e+00 -0.000000e+00 -1.000000e+00
   outer loop
     vertex  1.982751e+01  7.216625e+00  0.000000e+00
     vertex  2.016259e+01  6.219334e+00  0.000000e+00
     vertex  1.569287e+01  5.711736e+00  0.000000e+00
   endloop
 endfacet
 facet normal -0.000000e+00  0.000000e+00 -1.000000e+00
   outer loop
     vertex  7.708696e+00  1.964144e+01  0.000000e+00
     vertex  5.318727e+00  1.583039e+01  0.000000e+00
     vertex  6.720068e+00  2.000127e+01  0.000000e+00
   endloop
 endfacet
 facet normal  0.000000e+00  0.000000e+00 -1.000000e+00
   outer loop
     vertex  7.708696e+00  1.964144e+01  0.000000e+00
     vertex  6.868495e+00  1.522215e+01  0.000000e+00
     vertex  6.101195e+00  1.554559e+01  0.000000e+00
   endloop
 endfacet
 facet normal  0.000000e+00  0.000000e+00 -1.000000e+00
   outer loop
     vertex  7.708696e+00  1.964144e+01  0.000000e+00
     vertex  6.101195e+00  1.554559e+01  0.000000e+00
     vertex  5.318727e+00  1.583039e+01  0.000000e+00
   endloop
 endfacet
 facet normal  0.000000e+00 -0.000000e+00 -1.000000e+00
   outer loop
     vertex  1.944315e+01  8.195974e+00  0.000000e+00
     vertex  1.982751e+01  7.216625e+00  0.000000e+00
     vertex  1.538865e+01  6.486861e+00  0.000000e+00
   endloop
 endfacet
 facet normal -0.000000e+00  0.000000e+00 -1.000000e+00
   outer loop
     vertex  8.678158e+00  1.923277e+01  0.000000e+00
     vertex  6.868495e+00  1.522215e+01  0.000000e+00
     vertex  7.708696e+00  1.964144e+01  0.000000e+00
   endloop
 endfacet
 facet normal  0.000000e+00  0.000000e+00 -1.000000e+00
   outer loop
     vertex  8.678158e+00  1.923277e+01  0.000000e+00
     vertex  7.618718e+00  1.486086e+01  0.000000e+00
     vertex  6.868495e+00  1.522215e+01  0.000000e+00
   endloop
 endfacet
 facet normal  0.000000e+00  0.000000e+00 -1.000000e+00
   outer loop
     vertex  1.901044e+01  9.154947e+00  0.000000e+00
     vertex  1.538865e+01  6.486861e+00  0.000000e+00
     vertex  1.504618e+01  7.245858e+00  0.000000e+00
   endloop
 endfacet
 facet normal  0.000000e+00 -0.000000e+00 -1.000000e+00
   outer loop
     vertex  1.901044e+01  9.154947e+00  0.000000e+00
     vertex  1.944315e+01  8.195974e+00  0.000000e+00
     vertex  1.538865e+01  6.486861e+00  0.000000e+00
   endloop
 endfacet
 facet normal -0.000000e+00  0.000000e+00 -1.000000e+00
   outer loop
     vertex  9.626045e+00  1.877630e+01  0.000000e+00
     vertex  7.618718e+00  1.486086e+01  0.000000e+00
     vertex  8.678158e+00  1.923277e+01  0.000000e+00
   endloop
 endfacet
 facet normal  0.000000e+00  0.000000e+00 -1.000000e+00
   outer loop
     vertex  1.853048e+01  1.009116e+01  0.000000e+00
     vertex  1.504618e+01  7.245858e+00  0.000000e+00
     vertex  1.466630e+01  7.986841e+00  0.000000e+00
   endloop
 endfacet
 facet normal  0.000000e+00 -0.000000e+00 -1.000000e+00
   outer loop
     vertex  1.853048e+01  1.009116e+01  0.000000e+00
     vertex  1.901044e+01  9.154947e+00  0.000000e+00
     vertex  1.504618e+01  7.245858e+00  0.000000e+00
   endloop
 endfacet
 facet normal  0.000000e+00  0.000000e+00 -1.000000e+00
   outer loop
     vertex  1.055000e+01  1.827314e+01  0.000000e+00
     vertex  9.060523e+00  1.402843e+01  0.000000e+00
     vertex  8.350000e+00  1.446262e+01  0.000000e+00
   endloop
 endfacet
 facet normal  0.000000e+00  0.000000e+00 -1.000000e+00
   outer loop
     vertex  1.055000e+01  1.827314e+01  0.000000e+00
     vertex  8.350000e+00  1.446262e+01  0.000000e+00
     vertex  7.618718e+00  1.486086e+01  0.000000e+00
   endloop
 endfacet
 facet normal -0.000000e+00  0.000000e+00 -1.000000e+00
   outer loop
     vertex  1.055000e+01  1.827314e+01  0.000000e+00
     vertex  7.618718e+00  1.486086e+01  0.000000e+00
     vertex  9.626045e+00  1.877630e+01  0.000000e+00
   endloop
 endfacet
 facet normal  0.000000e+00 -0.000000e+00 -1.000000e+00
   outer loop
     vertex  1.800444e+01  1.100228e+01  0.000000e+00
     vertex  1.853048e+01  1.009116e+01  0.000000e+00
     vertex  1.466630e+01  7.986841e+00  0.000000e+00
   endloop
 endfacet
 facet normal  0.000000e+00  0.000000e+00 -1.000000e+00
   outer loop
     vertex  1.800444e+01  1.100228e+01  0.000000e+00
     vertex  1.466630e+01  7.986841e+00  0.000000e+00
     vertex  1.424996e+01  8.707968e+00  0.000000e+00
   endloop
 endfacet
 facet normal -0.000000e+00  0.000000e+00 -1.000000e+00
   outer loop
     vertex  1.144773e+01  1.772455e+01  0.000000e+00
     vertex  9.060523e+00  1.402843e+01  0.000000e+00
     vertex  1.055000e+01  1.827314e+01  0.000000e+00
   endloop
 endfacet
 facet normal  0.000000e+00  0.000000e+00 -1.000000e+00
   outer loop
     vertex  1.144773e+01  1.772455e+01  0.000000e+00
     vertex  9.748519e+00  1.355936e+01  0.000000e+00
     vertex  9.060523e+00  1.402843e+01  0.000000e+00
   endloop
 endfacet
 facet normal  0.000000e+00  0.000000e+00 -1.000000e+00
   outer loop
     vertex  1.743364e+01  1.188605e+01  0.000000e+00
     vertex  1.424996e+01  8.707968e+00  0.000000e+00
     vertex  1.379819e+01  9.407445e+00  0.000000e+00
   endloop
 endfacet
 facet normal  0.000000e+00 -0.000000e+00 -1.000000e+00
   outer loop
     vertex  1.743364e+01  1.188605e+01  0.000000e+00
     vertex  1.800444e+01  1.100228e+01  0.000000e+00
     vertex  1.424996e+01  8.707968e+00  0.000000e+00
   endloop
 endfacet
 facet normal -0.000000e+00  0.000000e+00 -1.000000e+00
   outer loop
     vertex  1.231699e+01  1.713189e+01  0.000000e+00
     vertex  9.748519e+00  1.355936e+01  0.000000e+00
     vertex  1.144773e+01  1.772455e+01  0.000000e+00
   endloop
 endfacet
 facet normal  0.000000e+00 -0.000000e+00 -1.000000e+00
   outer loop
     vertex  1.681950e+01  1.274027e+01  0.000000e+00
     vertex  1.743364e+01  1.188605e+01  0.000000e+00
     vertex  1.379819e+01  9.407445e+00  0.000000e+00
   endloop
 endfacet
 facet normal  0.000000e+00  0.000000e+00 -1.000000e+00
   outer loop
     vertex  1.681950e+01  1.274027e+01  0.000000e+00
     vertex  1.379819e+01  9.407445e+00  0.000000e+00
     vertex  1.331211e+01  1.008353e+01  0.000000e+00
   endloop
 endfacet
 facet normal -0.000000e+00  0.000000e+00 -1.000000e+00
   outer loop
     vertex  1.315563e+01  1.649664e+01  0.000000e+00
     vertex  9.748519e+00  1.355936e+01  0.000000e+00
     vertex  1.231699e+01  1.713189e+01  0.000000e+00
   endloop
 endfacet
 facet normal  0.000000e+00  0.000000e+00 -1.000000e+00
   outer loop
     vertex  1.315563e+01  1.649664e+01  0.000000e+00
     vertex  1.041228e+01  1.305659e+01  0.000000e+00
     vertex  9.748519e+00  1.355936e+01  0.000000e+00
   endloop
 endfacet
 facet normal  0.000000e+00 -0.000000e+00 -1.000000e+00
   outer loop
     vertex  1.616354e+01  1.356282e+01  0.000000e+00
     vertex  1.681950e+01  1.274027e+01  0.000000e+00
     vertex  1.331211e+01  1.008353e+01  0.000000e+00
   endloop
 endfacet
 facet normal  0.000000e+00  0.000000e+00 -1.000000e+00
   outer loop
     vertex  1.616354e+01  1.356282e+01  0.000000e+00
     vertex  1.331211e+01  1.008353e+01  0.000000e+00
     vertex  1.279294e+01  1.073455e+01  0.000000e+00
   endloop
 endfacet
 facet normal  0.000000e+00  0.000000e+00 -1.000000e+00
   outer loop
     vertex  1.396157e+01  1.582038e+01  0.000000e+00
     vertex  1.166055e+01  1.195498e+01  0.000000e+00
     vertex  1.105015e+01  1.252135e+01  0.000000e+00
   endloop
 endfacet
 facet normal  0.000000e+00  0.000000e+00 -1.000000e+00
   outer loop
     vertex  1.396157e+01  1.582038e+01  0.000000e+00
     vertex  1.105015e+01  1.252135e+01  0.000000e+00
     vertex  1.041228e+01  1.305659e+01  0.000000e+00
   endloop
 endfacet
 facet normal -0.000000e+00  0.000000e+00 -1.000000e+00
   outer loop
     vertex  1.396157e+01  1.582038e+01  0.000000e+00
     vertex  1.041228e+01  1.305659e+01  0.000000e+00
     vertex  1.315563e+01  1.649664e+01  0.000000e+00
   endloop
 endfacet
 facet normal  0.000000e+00  0.000000e+00 -1.000000e+00
   outer loop
     vertex  1.546739e+01  1.435164e+01  0.000000e+00
     vertex  1.279294e+01  1.073455e+01  0.000000e+00
     vertex  1.224197e+01  1.135888e+01  0.000000e+00
   endloop
 endfacet
 facet normal  0.000000e+00 -0.000000e+00 -1.000000e+00
   outer loop
     vertex  1.546739e+01  1.435164e+01  0.000000e+00
     vertex  1.616354e+01  1.356282e+01  0.000000e+00
     vertex  1.279294e+01  1.073455e+01  0.000000e+00
   endloop
 endfacet
 facet normal  0.000000e+00  0.000000e+00 -1.000000e+00
   outer loop
     vertex  1.473280e+01  1.510479e+01  0.000000e+00
     vertex  1.224197e+01  1.135888e+01  0.000000e+00
     vertex  1.166055e+01  1.195498e+01  0.000000e+00
   endloop
 endfacet
 facet normal  0.000000e+00 -0.000000e+00 -1.000000e+00
   outer loop
     vertex  1.473280e+01  1.510479e+01  0.000000e+00
     vertex  1.546739e+01  1.435164e+01  0.000000e+00
     vertex  1.224197e+01  1.135888e+01  0.000000e+00
   endloop
 endfacet
 facet normal -0.000000e+00  0.000000e+00 -1.000000e+00
   outer loop
     vertex  1.473280e+01  1.510479e+01  0.000000e+00
     vertex  1.166055e+01  1.195498e+01  0.000000e+00
     vertex  1.396157e+01  1.582038e+01  0.000000e+00
   endloop
 endfacet
 facet normal  0.000000e+00  0.000000e+00  1.000000e+00
   outer loop
     vertex -1.166055e+01 -1.195498e+01  4.000000e+01
     vertex -1.546739e+01 -1.435164e+01  4.000000e+01
     vertex -1.473280e+01 -1.510479e+01  4.000000e+01
   endloop
 endfacet
 facet normal  0.000000e+00  0.000000e+00  1.000000e+00
   outer loop
     vertex -1.224197e+01 -1.135888e+01  4.000000e+01
     vertex -1.546739e+01 -1.435164e+01  4.000000e+01
     vertex -1.166055e+01 -1.195498e+01  4.000000e+01
   endloop
 endfacet
 facet normal  0.000000e+00  0.000000e+00  1.000000e+00
   outer loop
     vertex -1.105015e+01 -1.252135e+01  4.000000e+01
     vertex -1.473280e+01 -1.510479e+01  4.000000e+01
     vertex -1.396157e+01 -1.582038e+01  4.000000e+01
   endloop
 endfacet
 facet normal  0.000000e+00  0.000000e+00  1.000000e+00
   outer loop
     vertex -1.105015e+01 -1.252135e+01  4.000000e+01
     vertex -1.166055e+01 -1.195498e+01  4.000000e+01
     vertex -1.473280e+01 -1.510479e+01  4.000000e+01
   endloop
 endfacet
 facet normal  0.000000e+00  0.000000e+00  1.000000e+00
   outer loop
     vertex -1.279294e+01 -1.073455e+01  4.000000e+01
     vertex -1.546739e+01 -1.435164e+01  4.000000e+01
     vertex -1.224197e+01 -1.135888e+01  4.000000e+01
   endloop
 endfacet
 facet normal  0.000000e+00  0.000000e+00  1.000000e+00
   outer loop
     vertex -1.279294e+01 -1.073455e+01  4.000000e+01
     vertex -1.681950e+01 -1.274027e+01  4.000000e+01
     vertex -1.616354e+01 -1.356282e+01  4.000000e+01
   endloop
 endfacet
 facet normal  0.000000e+00  0.000000e+00  1.000000e+00
   outer loop
     vertex -1.279294e+01 -1.073455e+01  4.000000e+01
     vertex -1.616354e+01 -1.356282e+01  4.000000e+01
     vertex -1.546739e+01 -1.435164e+01  4.000000e+01
   endloop
 endfacet
 facet normal  0.000000e+00  0.000000e+00  1.000000e+00
   outer loop
     vertex -1.041228e+01 -1.305659e+01  4.000000e+01
     vertex -1.105015e+01 -1.252135e+01  4.000000e+01
     vertex -1.396157e+01 -1.582038e+01  4.000000e+01
   endloop
 endfacet
 facet normal  0.000000e+00  0.000000e+00  1.000000e+00
   outer loop
     vertex -1.041228e+01 -1.305659e+01  4.000000e+01
     vertex -1.396157e+01 -1.582038e+01  4.000000e+01
     vertex -1.315563e+01 -1.649664e+01  4.000000e+01
   endloop
 endfacet
 facet normal  0.000000e+00  0.000000e+00  1.000000e+00
   outer loop
     vertex -1.331211e+01 -1.008353e+01  4.000000e+01
     vertex -1.681950e+01 -1.274027e+01  4.000000e+01
     vertex -1.279294e+01 -1.073455e+01  4.000000e+01
   endloop
 endfacet
 facet normal  0.000000e+00  0.000000e+00  1.000000e+00
   outer loop
     vertex -9.748519e+00 -1.355936e+01  4.000000e+01
     vertex -1.041228e+01 -1.305659e+01  4.000000e+01
     vertex -1.315563e+01 -1.649664e+01  4.000000e+01
   endloop
 endfacet
 facet normal  0.000000e+00  0.000000e+00  1.000000e+00
   outer loop
     vertex -9.748519e+00 -1.355936e+01  4.000000e+01
     vertex -1.315563e+01 -1.649664e+01  4.000000e+01
     vertex -1.231699e+01 -1.713189e+01  4.000000e+01
   endloop
 endfacet
 facet normal  0.000000e+00  0.000000e+00  1.000000e+00
   outer loop
     vertex -1.379819e+01 -9.407445e+00  4.000000e+01
     vertex -1.681950e+01 -1.274027e+01  4.000000e+01
     vertex -1.331211e+01 -1.008353e+01  4.000000e+01
   endloop
 endfacet
 facet normal  0.000000e+00  0.000000e+00  1.000000e+00
   outer loop
     vertex -1.379819e+01 -9.407445e+00  4.000000e+01
     vertex -1.800444e+01 -1.100228e+01  4.000000e+01
     vertex -1.743364e+01 -1.188605e+01  4.000000e+01
   endloop
 endfacet
 facet normal  0.000000e+00  0.000000e+00  1.000000e+00
   outer loop
     vertex -1.379819e+01 -9.407445e+00  4.000000e+01
     vertex -1.743364e+01 -1.188605e+01  4.000000e+01
     vertex -1.681950e+01 -1.274027e+01  4.000000e+01
   endloop
 endfacet
 facet normal  0.000000e+00  0.000000e+00  1.000000e+00
   outer loop
     vertex -9.060523e+00 -1.402843e+01  4.000000e+01
     vertex -9.748519e+00 -1.355936e+01  4.000000e+01
     vertex -1.231699e+01 -1.713189e+01  4.000000e+01
   endloop
 endfacet
 facet normal  0.000000e+00  0.000000e+00  1.000000e+00
   outer loop
     vertex -9.060523e+00 -1.402843e+01  4.000000e+01
     vertex -1.231699e+01 -1.713189e+01  4.000000e+01
     vertex -1.144773e+01 -1.772455e+01  4.000000e+01
   endloop
 endfacet
 facet normal  0.000000e+00  0.000000e+00  1.000000e+00
   outer loop
     vertex -1.424996e+01 -8.707968e+00  4.000000e+01
     vertex -1.800444e+01 -1.100228e+01  4.000000e+01
     vertex -1.379819e+01 -9.407445e+00  4.000000e+01
   endloop
 endfacet
 facet normal  0.000000e+00  0.000000e+00  1.000000e+00
   outer loop
     vertex -8.350000e+00 -1.446262e+01  4.000000e+01
     vertex -9.060523e+00 -1.402843e+01  4.000000e+01
     vertex -1.144773e+01 -1.772455e+01  4.000000e+01
   endloop
 endfacet
 facet normal  0.000000e+00  0.000000e+00  1.000000e+00
   outer loop
     vertex -8.350000e+00 -1.446262e+01  4.000000e+01
     vertex -1.144773e+01 -1.772455e+01  4.000000e+01
     vertex -1.055000e+01 -1.827314e+01  4.000000e+01
   endloop
 endfacet
 facet normal  0.000000e+00  0.000000e+00  1.000000e+00
   outer loop
     vertex -8.350000e+00 -1.446262e+01  4.000000e+01
     vertex -1.055000e+01 -1.827314e+01  4.000000e+01
     vertex -9.626045e+00 -1.877630e+01  4.000000e+01
   endloop
 endfacet
 facet normal  0.000000e+00  0.000000e+00  1.000000e+00
   outer loop
     vertex -1.466630e+01 -7.986841e+00  4.000000e+01
     vertex -1.853048e+01 -1.009116e+01  4.000000e+01
     vertex -1.800444e+01 -1.100228e+01  4.000000e+01
   endloop
 endfacet
 facet normal  0.000000e+00  0.000000e+00  1.000000e+00
   outer loop
     vertex -1.466630e+01 -7.986841e+00  4.000000e+01
     vertex -1.800444e+01 -1.100228e+01  4.000000e+01
     vertex -1.424996e+01 -8.707968e+00  4.000000e+01
   endloop
 endfacet
 facet normal  0.000000e+00  0.000000e+00  1.000000e+00
   outer loop
     vertex -7.618718e+00 -1.486086e+01  4.000000e+01
     vertex -8.350000e+00 -1.446262e+01  4.000000e+01
     vertex -9.626045e+00 -1.877630e+01  4.000000e+01
   endloop
 endfacet
 facet normal  0.000000e+00  0.000000e+00  1.000000e+00
   outer loop
     vertex -1.504618e+01 -7.245858e+00  4.000000e+01
     vertex -1.853048e+01 -1.009116e+01  4.000000e+01
     vertex -1.466630e+01 -7.986841e+00  4.000000e+01
   endloop
 endfacet
 facet normal  0.000000e+00  0.000000e+00  1.000000e+00
   outer loop
     vertex -1.504618e+01 -7.245858e+00  4.000000e+01
     vertex -1.944315e+01 -8.195974e+00  4.000000e+01
     vertex -1.901044e+01 -9.154947e+00  4.000000e+01
   endloop
 endfacet
 facet normal  0.000000e+00  0.000000e+00  1.000000e+00
   outer loop
     vertex -1.504618e+01 -7.245858e+00  4.000000e+01
     vertex -1.901044e+01 -9.154947e+00  4.000000e+01
     vertex -1.853048e+01 -1.009116e+01  4.000000e+01
   endloop
 endfacet
 facet normal  0.000000e+00  0.000000e+00  1.000000e+00
   outer loop
     vertex -6.868495e+00 -1.522215e+01  4.000000e+01
     vertex -7.618718e+00 -1.486086e+01  4.000000e+01
     vertex -9.626045e+00 -1.877630e+01  4.000000e+01
   endloop
 endfacet
 facet normal  0.000000e+00  0.000000e+00  1.000000e+00
   outer loop
     vertex -6.868495e+00 -1.522215e+01  4.000000e+01
     vertex -9.626045e+00 -1.877630e+01  4.000000e+01
     vertex -8.678158e+00 -1.923277e+01  4.000000e+01
   endloop
 endfacet
 facet normal  0.000000e+00  0.000000e+00  1.000000e+00
   outer loop
     vertex -1.538865e+01 -6.486861e+00  4.000000e+01
     vertex -1.944315e+01 -8.195974e+00  4.000000e+01
     vertex -1.504618e+01 -7.245858e+00  4.000000e+01
   endloop
 endfacet
 facet normal  0.000000e+00  0.000000e+00  1.000000e+00
   outer loop
     vertex -6.101195e+00 -1.554559e+01  4.000000e+01
     vertex -6.868495e+00 -1.522215e+01  4.000000e+01
     vertex -8.678158e+00 -1.923277e+01  4.000000e+01
   endloop
 endfacet
 facet normal  0.000000e+00  0.000000e+00  1.000000e+00
   outer loop
     vertex -6.101195e+00 -1.554559e+01  4.000000e+01
     vertex -8.678158e+00 -1.923277e+01  4.000000e+01
     vertex -7.708696e+00 -1.964144e+01  4.000000e+01
   endloop
 endfacet
 facet normal  0.000000e+00  0.000000e+00  1.000000e+00
   outer loop
     vertex -6.101195e+00 -1.554559e+01  4.000000e+01
     vertex -7.708696e+00 -1.964144e+01  4.000000e+01
     vertex -6.720068e+00 -2.000127e+01  4.000000e+01
   endloop
 endfacet
 facet normal  0.000000e+00  0.000000e+00  1.000000e+00
   outer loop
     vertex -1.569287e+01 -5.711736e+00  4.000000e+01
     vertex -2.016259e+01 -6.219334e+00  4.000000e+01
     vertex -1.982751e+01 -7.216625e+00  4.000000e+01
   endloop
 endfacet
 facet normal  0.000000e+00  0.000000e+00  1.000000e+00
   outer loop
     vertex -1.569287e+01 -5.711736e+00  4.000000e+01
     vertex -1.982751e+01 -7.216625e+00  4.000000e+01
     vertex -1.944315e+01 -8.195974e+00  4.000000e+01
   endloop
 endfacet
 facet normal  0.000000e+00  0.000000e+00  1.000000e+00
   outer loop
     vertex -1.569287e+01 -5.711736e+00  4.000000e+01
     vertex -1.944315e+01 -8.195974e+00  4.000000e+01
     vertex -1.538865e+01 -6.486861e+00  4.000000e+01
   endloop
 endfacet
 facet normal  0.000000e+00  0.000000e+00  1.000000e+00
   outer loop
     vertex -5.318727e+00 -1.583039e+01  4.000000e+01
     vertex -6.101195e+00 -1.554559e+01  4.000000e+01
     vertex -6.720068e+00 -2.000127e+01  4.000000e+01
   endloop
 endfacet
 facet normal  0.000000e+00  0.000000e+00  1.000000e+00
   outer loop
     vertex -1.595807e+01 -4.922411e+00  4.000000e+01
     vertex -2.016259e+01 -6.219334e+00  4.000000e+01
     vertex -1.569287e+01 -5.711736e+00  4.000000e+01
   endloop
 endfacet
 facet normal  0.000000e+00  0.000000e+00  1.000000e+00
   outer loop
     vertex -4.523036e+00 -1.607582e+01  4.000000e+01
     vertex -5.318727e+00 -1.583039e+01  4.000000e+01
     vertex -6.720068e+00 -2.000127e+01  4.000000e+01
   endloop
 endfacet
 facet normal  0.000000e+00  0.000000e+00  1.000000e+00
   outer loop
     vertex -4.523036e+00 -1.607582e+01  4.000000e+01
     vertex -6.720068e+00 -2.000127e+01  4.000000e+01
     vertex -5.714734e+00 -2.031137e+01  4.000000e+01
   endloop
 endfacet
 facet normal  0.000000e+00  0.000000e+00  1.000000e+00
   outer loop
     vertex -4.523036e+00 -1.607582e+01  4.000000e+01
     vertex -5.714734e+00 -2.031137e+01  4.000000e+01
     vertex -4.695192e+00 -2.057098e+01  4.000000e+01
   endloop
 endfacet
 facet normal  0.000000e+00  0.000000e+00  1.000000e+00
   outer loop
     vertex -1.618359e+01 -4.120849e+00  4.000000e+01
     vertex -2.016259e+01 -6.219334e+00  4.000000e+01
     vertex -1.595807e+01 -4.922411e+00  4.000000e+01
   endloop
 endfacet
 facet normal  0.000000e+00  0.000000e+00  1.000000e+00
   outer loop
     vertex -1.618359e+01 -4.120849e+00  4.000000e+01
     vertex -2.044753e+01 -5.206581e+00  4.000000e+01
     vertex -2.016259e+01 -6.219334e+00  4.000000e+01
   endloop
 endfacet
 facet normal  0.000000e+00  0.000000e+00  1.000000e+00
   outer loop
     vertex -3.716100e+00 -1.628130e+01  4.000000e+01
     vertex -4.523036e+00 -1.607582e+01  4.000000e+01
     vertex -4.695192e+00 -2.057098e+01  4.000000e+01
   endloop
 endfacet
 facet normal  0.000000e+00  0.000000e+00  1.000000e+00
   outer loop
     vertex -1.636888e+01 -3.309041e+00  4.000000e+01
     vertex -2.044753e+01 -5.206581e+00  4.000000e+01
     vertex -1.618359e+01 -4.120849e+00  4.000000e+01
   endloop
 endfacet
 facet normal  0.000000e+00  0.000000e+00  1.000000e+00
   outer loop
     vertex -1.636888e+01 -3.309041e+00  4.000000e+01
     vertex -2.068164e+01 -4.180884e+00  4.000000e+01
     vertex -2.044753e+01 -5.206581e+00  4.000000e+01
   endloop
 endfacet
 facet normal  0.000000e+00  0.000000e+00  1.000000e+00
   outer loop
     vertex -2.899925e+00 -1.644629e+01  4.000000e+01
     vertex -3.716100e+00 -1.628130e+01  4.000000e+01
     vertex -4.695192e+00 -2.057098e+01  4.000000e+01
   endloop
 endfacet
 facet normal  0.000000e+00  0.000000e+00  1.000000e+00
   outer loop
     vertex -2.899925e+00 -1.644629e+01  4.000000e+01
     vertex -4.695192e+00 -2.057098e+01  4.000000e+01
     vertex -3.663977e+00 -2.077944e+01  4.000000e+01
   endloop
 endfacet
 facet normal  0.000000e+00  0.000000e+00  1.000000e+00
   outer loop
     vertex -2.899925e+00 -1.644629e+01  4.000000e+01
     vertex -3.663977e+00 -2.077944e+01  4.000000e+01
     vertex -2.623652e+00 -2.093625e+01  4.000000e+01
   endloop
 endfacet
 facet normal  0.000000e+00  0.000000e+00  1.000000e+00
   outer loop
     vertex -1.651347e+01 -2.489006e+00  4.000000e+01
     vertex -2.068164e+01 -4.180884e+00  4.000000e+01
     vertex -1.636888e+01 -3.309041e+00  4.000000e+01
   endloop
 endfacet
 facet normal  0.000000e+00  0.000000e+00  1.000000e+00
   outer loop
     vertex -1.651347e+01 -2.489006e+00  4.000000e+01
     vertex -2.086433e+01 -3.144792e+00  4.000000e+01
     vertex -2.068164e+01 -4.180884e+00  4.000000e+01
   endloop
 endfacet
 facet normal  0.000000e+00  0.000000e+00  1.000000e+00
   outer loop
     vertex -2.076540e+00 -1.657039e+01  4.000000e+01
     vertex -2.899925e+00 -1.644629e+01  4.000000e+01
     vertex -2.623652e+00 -2.093625e+01  4.000000e+01
   endloop
 endfacet
 facet normal  0.000000e+00  0.000000e+00  1.000000e+00
   outer loop
     vertex -2.076540e+00 -1.657039e+01  4.000000e+01
     vertex -2.623652e+00 -2.093625e+01  4.000000e+01
     vertex -1.576805e+00 -2.104100e+01  4.000000e+01
   endloop
 endfacet
 facet normal  0.000000e+00  0.000000e+00  1.000000e+00
   outer loop
     vertex -1.661701e+01 -1.662783e+00  4.000000e+01
     vertex -2.099515e+01 -2.100882e+00  4.000000e+01
     vertex -2.086433e+01 -3.144792e+00  4.000000e+01
   endloop
 endfacet
 facet normal  0.000000e+00  0.000000e+00  1.000000e+00
   outer loop
     vertex -1.661701e+01 -1.662783e+00  4.000000e+01
     vertex -2.086433e+01 -3.144792e+00  4.000000e+01
     vertex -1.651347e+01 -2.489006e+00  4.000000e+01
   endloop
 endfacet
 facet normal  0.000000e+00  0.000000e+00  1.000000e+00
   outer loop
     vertex -1.247993e+00 -1.665330e+01  4.000000e+01
     vertex -2.076540e+00 -1.657039e+01  4.000000e+01
     vertex -1.576805e+00 -2.104100e+01  4.000000e+01
   endloop
 endfacet
 facet normal  0.000000e+00  0.000000e+00  1.000000e+00
   outer loop
     vertex -1.247993e+00 -1.665330e+01  4.000000e+01
     vertex -1.576805e+00 -2.104100e+01  4.000000e+01
     vertex -5.260376e-01 -2.109344e+01  4.000000e+01
   endloop
 endfacet
 facet normal  0.000000e+00  0.000000e+00  1.000000e+00
   outer loop
     vertex -1.667924e+01 -8.324263e-01  4.000000e+01
     vertex -2.107377e+01 -1.051748e+00  4.000000e+01
     vertex -2.099515e+01 -2.100882e+00  4.000000e+01
   endloop
 endfacet
 facet normal  0.000000e+00  0.000000e+00  1.000000e+00
   outer loop
     vertex -1.667924e+01 -8.324263e-01  4.000000e+01
     vertex -2.099515e+01 -2.100882e+00  4.000000e+01
     vertex -1.661701e+01 -1.662783e+00  4.000000e+01
   endloop
 endfacet
 facet normal  0.000000e+00  0.000000e+00  1.000000e+00
   outer loop
     vertex -4.163426e-01 -1.669481e+01  4.000000e+01
     vertex -1.247993e+00 -1.665330e+01  4.000000e+01
     vertex -5.260376e-01 -2.109344e+01  4.000000e+01
   endloop
 endfacet
 facet normal  0.000000e+00  0.000000e+00  1.000000e+00
   outer loop
     vertex -1.670000e+01 -5.728516e-14  4.000000e+01
     vertex -2.110000e+01 -7.237825e-14  4.000000e+01
     vertex -2.107377e+01 -1.051748e+00  4.000000e+01
   endloop
 endfacet
 facet normal  0.000000e+00  0.000000e+00  1.000000e+00
   outer loop
     vertex -1.670000e+01 -5.728516e-14  4.000000e+01
     vertex -2.107377e+01 -1.051748e+00  4.000000e+01
     vertex -1.667924e+01 -8.324263e-01  4.000000e+01
   endloop
 endfacet
 facet normal  0.000000e+00  0.000000e+00  1.000000e+00
   outer loop
     vertex  4.163426e-01 -1.669481e+01  4.000000e+01
     vertex -4.163426e-01 -1.669481e+01  4.000000e+01
     vertex -5.260376e-01 -2.109344e+01  4.000000e+01
   endloop
 endfacet
 facet normal  0.000000e+00  0.000000e+00  1.000000e+00
   outer loop
     vertex  4.163426e-01 -1.669481e+01  4.000000e+01
     vertex -5.260376e-01 -2.109344e+01  4.000000e+01
     vertex  5.260376e-01 -2.109344e+01  4.000000e+01
   endloop
 endfacet
 facet normal  0.000000e+00  0.000000e+00  1.000000e+00
   outer loop
     vertex  4.163426e-01 -1.669481e+01  4.000000e+01
     vertex  5.260376e-01 -2.109344e+01  4.000000e+01
     vertex  1.576805e+00 -2.104100e+01  4.000000e+01
   endloop
 endfacet
 facet normal  0.000000e+00  0.000000e+00  1.000000e+00
   outer loop
     vertex -1.667924e+01  8.324263e-01  4.000000e+01
     vertex -2.107377e+01  1.051748e+00  4.000000e+01
     vertex -2.110000e+01 -7.237825e-14  4.000000e+01
   endloop
 endfacet
 facet normal  0.000000e+00  0.000000e+00  1.000000e+00
   outer loop
     vertex -1.667924e+01  8.324263e-01  4.000000e+01
     vertex -2.110000e+01 -7.237825e-14  4.000000e+01
     vertex -1.670000e+01 -5.728516e-14  4.000000e+01
   endloop
 endfacet
 facet normal  0.000000e+00  0.000000e+00  1.000000e+00
   outer loop
     vertex  1.247993e+00 -1.665330e+01  4.000000e+01
     vertex  1.576805e+00 -2.104100e+01  4.000000e+01
     vertex  2.623652e+00 -2.093625e+01  4.000000e+01
   endloop
 endfacet
 facet normal  0.000000e+00  0.000000e+00  1.000000e+00
   outer loop
     vertex  1.247993e+00 -1.665330e+01  4.000000e+01
     vertex  4.163426e-01 -1.669481e+01  4.000000e+01
     vertex  1.576805e+00 -2.104100e+01  4.000000e+01
   endloop
 endfacet
 facet normal  0.000000e+00  0.000000e+00  1.000000e+00
   outer loop
     vertex -1.661701e+01  1.662783e+00  4.000000e+01
     vertex -2.086433e+01  3.144792e+00  4.000000e+01
     vertex -2.099515e+01  2.100882e+00  4.000000e+01
   endloop
 endfacet
 facet normal  0.000000e+00  0.000000e+00  1.000000e+00
   outer loop
     vertex -1.661701e+01  1.662783e+00  4.000000e+01
     vertex -2.099515e+01  2.100882e+00  4.000000e+01
     vertex -2.107377e+01  1.051748e+00  4.000000e+01
   endloop
 endfacet
 facet normal  0.000000e+00  0.000000e+00  1.000000e+00
   outer loop
     vertex -1.661701e+01  1.662783e+00  4.000000e+01
     vertex -2.107377e+01  1.051748e+00  4.000000e+01
     vertex -1.667924e+01  8.324263e-01  4.000000e+01
   endloop
 endfacet
 facet normal  0.000000e+00  0.000000e+00  1.000000e+00
   outer loop
     vertex  2.076540e+00 -1.657039e+01  4.000000e+01
     vertex  1.247993e+00 -1.665330e+01  4.000000e+01
     vertex  2.623652e+00 -2.093625e+01  4.000000e+01
   endloop
 endfacet
 facet normal  0.000000e+00  0.000000e+00  1.000000e+00
   outer loop
     vertex -1.651347e+01  2.489006e+00  4.000000e+01
     vertex -2.086433e+01  3.144792e+00  4.000000e+01
     vertex -1.661701e+01  1.662783e+00  4.000000e+01
   endloop
 endfacet
 facet normal  0.000000e+00  0.000000e+00  1.000000e+00
   outer loop
     vertex  2.899925e+00 -1.644629e+01  4.000000e+01
     vertex  2.076540e+00 -1.657039e+01  4.000000e+01
     vertex  2.623652e+00 -2.093625e+01  4.000000e+01
   endloop
 endfacet
 facet normal  0.000000e+00  0.000000e+00  1.000000e+00
   outer loop
     vertex  2.899925e+00 -1.644629e+01  4.000000e+01
     vertex  2.623652e+00 -2.093625e+01  4.000000e+01
     vertex  3.663977e+00 -2.077944e+01  4.000000e+01
   endloop
 endfacet
 facet normal  0.000000e+00  0.000000e+00  1.000000e+00
   outer loop
     vertex -1.636888e+01  3.309041e+00  4.000000e+01
     vertex -2.068164e+01  4.180884e+00  4.000000e+01
     vertex -2.086433e+01  3.144792e+00  4.000000e+01
   endloop
 endfacet
 facet normal  0.000000e+00  0.000000e+00  1.000000e+00
   outer loop
     vertex -1.636888e+01  3.309041e+00  4.000000e+01
     vertex -2.086433e+01  3.144792e+00  4.000000e+01
     vertex -1.651347e+01  2.489006e+00  4.000000e+01
   endloop
 endfacet
 facet normal  0.000000e+00  0.000000e+00  1.000000e+00
   outer loop
     vertex  3.716100e+00 -1.628130e+01  4.000000e+01
     vertex  2.899925e+00 -1.644629e+01  4.000000e+01
     vertex  3.663977e+00 -2.077944e+01  4.000000e+01
   endloop
 endfacet
 facet normal  0.000000e+00  0.000000e+00  1.000000e+00
   outer loop
     vertex  3.716100e+00 -1.628130e+01  4.000000e+01
     vertex  3.663977e+00 -2.077944e+01  4.000000e+01
     vertex  4.695192e+00 -2.057098e+01  4.000000e+01
   endloop
 endfacet
 facet normal  0.000000e+00  0.000000e+00  1.000000e+00
   outer loop
     vertex -1.618359e+01  4.120849e+00  4.000000e+01
     vertex -2.068164e+01  4.180884e+00  4.000000e+01
     vertex -1.636888e+01  3.309041e+00  4.000000e+01
   endloop
 endfacet
 facet normal  0.000000e+00  0.000000e+00  1.000000e+00
   outer loop
     vertex -1.618359e+01  4.120849e+00  4.000000e+01
     vertex -2.044753e+01  5.206581e+00  4.000000e+01
     vertex -2.068164e+01  4.180884e+00  4.000000e+01
   endloop
 endfacet
 facet normal  0.000000e+00  0.000000e+00  1.000000e+00
   outer loop
     vertex  4.523036e+00 -1.607582e+01  4.000000e+01
     vertex  3.716100e+00 -1.628130e+01  4.000000e+01
     vertex  4.695192e+00 -2.057098e+01  4.000000e+01
   endloop
 endfacet
 facet normal  0.000000e+00  0.000000e+00  1.000000e+00
   outer loop
     vertex  4.523036e+00 -1.607582e+01  4.000000e+01
     vertex  4.695192e+00 -2.057098e+01  4.000000e+01
     vertex  5.714734e+00 -2.031137e+01  4.000000e+01
   endloop
 endfacet
 facet normal  0.000000e+00  0.000000e+00  1.000000e+00
   outer loop
     vertex -1.595807e+01  4.922411e+00  4.000000e+01
     vertex -2.044753e+01  5.206581e+00  4.000000e+01
     vertex -1.618359e+01  4.120849e+00  4.000000e+01
   endloop
 endfacet
 facet normal  0.000000e+00  0.000000e+00  1.000000e+00
   outer loop
     vertex -1.595807e+01  4.922411e+00  4.000000e+01
     vertex -2.016259e+01  6.219334e+00  4.000000e+01
     vertex -2.044753e+01  5.206581e+00  4.000000e+01
   endloop
 endfacet
 facet normal  0.000000e+00  0.000000e+00  1.000000e+00
   outer loop
     vertex  5.318727e+00 -1.583039e+01  4.000000e+01
     vertex  5.714734e+00 -2.031137e+01  4.000000e+01
     vertex  6.720068e+00 -2.000127e+01  4.000000e+01
   endloop
 endfacet
 facet normal  0.000000e+00  0.000000e+00  1.000000e+00
   outer loop
     vertex  5.318727e+00 -1.583039e+01  4.000000e+01
     vertex  4.523036e+00 -1.607582e+01  4.000000e+01
     vertex  5.714734e+00 -2.031137e+01  4.000000e+01
   endloop
 endfacet
 facet normal  0.000000e+00  0.000000e+00  1.000000e+00
   outer loop
     vertex -1.569287e+01  5.711736e+00  4.000000e+01
     vertex -2.016259e+01  6.219334e+00  4.000000e+01
     vertex -1.595807e+01  4.922411e+00  4.000000e+01
   endloop
 endfacet
 facet normal  0.000000e+00  0.000000e+00  1.000000e+00
   outer loop
     vertex -1.569287e+01  5.711736e+00  4.000000e+01
     vertex -1.944315e+01  8.195974e+00  4.000000e+01
     vertex -1.982751e+01  7.216625e+00  4.000000e+01
   endloop
 endfacet
 facet normal  0.000000e+00  0.000000e+00  1.000000e+00
   outer loop
     vertex -1.569287e+01  5.711736e+00  4.000000e+01
     vertex -1.982751e+01  7.216625e+00  4.000000e+01
     vertex -2.016259e+01  6.219334e+00  4.000000e+01
   endloop
 endfacet
 facet normal  0.000000e+00  0.000000e+00  1.000000e+00
   outer loop
     vertex  6.101195e+00 -1.554559e+01  4.000000e+01
     vertex  6.720068e+00 -2.000127e+01  4.000000e+01
     vertex  7.708696e+00 -1.964144e+01  4.000000e+01
   endloop
 endfacet
 facet normal  0.000000e+00  0.000000e+00  1.000000e+00
   outer loop
     vertex  6.101195e+00 -1.554559e+01  4.000000e+01
     vertex  7.708696e+00 -1.964144e+01  4.000000e+01
     vertex  8.678158e+00 -1.923277e+01  4.000000e+01
   endloop
 endfacet
 facet normal  0.000000e+00  0.000000e+00  1.000000e+00
   outer loop
     vertex  6.101195e+00 -1.554559e+01  4.000000e+01
     vertex  5.318727e+00 -1.583039e+01  4.000000e+01
     vertex  6.720068e+00 -2.000127e+01  4.000000e+01
   endloop
 endfacet
 facet normal  0.000000e+00  0.000000e+00  1.000000e+00
   outer loop
     vertex -1.538865e+01  6.486861e+00  4.000000e+01
     vertex -1.944315e+01  8.195974e+00  4.000000e+01
     vertex -1.569287e+01  5.711736e+00  4.000000e+01
   endloop
 endfacet
 facet normal  0.000000e+00  0.000000e+00  1.000000e+00
   outer loop
     vertex  6.868495e+00 -1.522215e+01  4.000000e+01
     vertex  6.101195e+00 -1.554559e+01  4.000000e+01
     vertex  8.678158e+00 -1.923277e+01  4.000000e+01
   endloop
 endfacet
 facet normal  0.000000e+00  0.000000e+00  1.000000e+00
   outer loop
     vertex -1.504618e+01  7.245858e+00  4.000000e+01
     vertex -1.944315e+01  8.195974e+00  4.000000e+01
     vertex -1.538865e+01  6.486861e+00  4.000000e+01
   endloop
 endfacet
 facet normal  0.000000e+00  0.000000e+00  1.000000e+00
   outer loop
     vertex -1.504618e+01  7.245858e+00  4.000000e+01
     vertex -1.901044e+01  9.154947e+00  4.000000e+01
     vertex -1.944315e+01  8.195974e+00  4.000000e+01
   endloop
 endfacet
 facet normal  0.000000e+00  0.000000e+00  1.000000e+00
   outer loop
     vertex  7.618718e+00 -1.486086e+01  4.000000e+01
     vertex  8.678158e+00 -1.923277e+01  4.000000e+01
     vertex  9.626045e+00 -1.877630e+01  4.000000e+01
   endloop
 endfacet
 facet normal  0.000000e+00  0.000000e+00  1.000000e+00
   outer loop
     vertex  7.618718e+00 -1.486086e+01  4.000000e+01
     vertex  6.868495e+00 -1.522215e+01  4.000000e+01
     vertex  8.678158e+00 -1.923277e+01  4.000000e+01
   endloop
 endfacet
 facet normal  0.000000e+00  0.000000e+00  1.000000e+00
   outer loop
     vertex -1.466630e+01  7.986841e+00  4.000000e+01
     vertex -1.901044e+01  9.154947e+00  4.000000e+01
     vertex -1.504618e+01  7.245858e+00  4.000000e+01
   endloop
 endfacet
 facet normal  0.000000e+00  0.000000e+00  1.000000e+00
   outer loop
     vertex -1.466630e+01  7.986841e+00  4.000000e+01
     vertex -1.853048e+01  1.009116e+01  4.000000e+01
     vertex -1.901044e+01  9.154947e+00  4.000000e+01
   endloop
 endfacet
 facet normal  0.000000e+00  0.000000e+00  1.000000e+00
   outer loop
     vertex  8.350000e+00 -1.446262e+01  4.000000e+01
     vertex  7.618718e+00 -1.486086e+01  4.000000e+01
     vertex  9.626045e+00 -1.877630e+01  4.000000e+01
   endloop
 endfacet
 facet normal  0.000000e+00  0.000000e+00  1.000000e+00
   outer loop
     vertex  8.350000e+00 -1.446262e+01  4.000000e+01
     vertex  9.626045e+00 -1.877630e+01  4.000000e+01
     vertex  1.055000e+01 -1.827314e+01  4.000000e+01
   endloop
 endfacet
 facet normal  0.000000e+00  0.000000e+00  1.000000e+00
   outer loop
     vertex  8.350000e+00 -1.446262e+01  4.000000e+01
     vertex  1.055000e+01 -1.827314e+01  4.000000e+01
     vertex  1.144773e+01 -1.772455e+01  4.000000e+01
   endloop
 endfacet
 facet normal  0.000000e+00  0.000000e+00  1.000000e+00
   outer loop
     vertex -1.424996e+01  8.707968e+00  4.000000e+01
     vertex -1.800444e+01  1.100228e+01  4.000000e+01
     vertex -1.853048e+01  1.009116e+01  4.000000e+01
   endloop
 endfacet
 facet normal  0.000000e+00  0.000000e+00  1.000000e+00
   outer loop
     vertex -1.424996e+01  8.707968e+00  4.000000e+01
     vertex -1.853048e+01  1.009116e+01  4.000000e+01
     vertex -1.466630e+01  7.986841e+00  4.000000e+01
   endloop
 endfacet
 facet normal  0.000000e+00  0.000000e+00  1.000000e+00
   outer loop
     vertex  9.060523e+00 -1.402843e+01  4.000000e+01
     vertex  8.350000e+00 -1.446262e+01  4.000000e+01
     vertex  1.144773e+01 -1.772455e+01  4.000000e+01
   endloop
 endfacet
 facet normal  0.000000e+00  0.000000e+00  1.000000e+00
   outer loop
     vertex  1.231699e+01 -1.713189e+01  4.000000e+01
     vertex  9.060523e+00 -1.402843e+01  4.000000e+01
     vertex  1.144773e+01 -1.772455e+01  4.000000e+01
   endloop
 endfacet
 facet normal  0.000000e+00  0.000000e+00  1.000000e+00
   outer loop
     vertex -1.379819e+01  9.407445e+00  4.000000e+01
     vertex -1.743364e+01  1.188605e+01  4.000000e+01
     vertex -1.800444e+01  1.100228e+01  4.000000e+01
   endloop
 endfacet
 facet normal  0.000000e+00  0.000000e+00  1.000000e+00
   outer loop
     vertex -1.379819e+01  9.407445e+00  4.000000e+01
     vertex -1.800444e+01  1.100228e+01  4.000000e+01
     vertex -1.424996e+01  8.707968e+00  4.000000e+01
   endloop
 endfacet
 facet normal  0.000000e+00  0.000000e+00  1.000000e+00
   outer loop
     vertex -1.681950e+01  1.274027e+01  4.000000e+01
     vertex -1.743364e+01  1.188605e+01  4.000000e+01
     vertex -1.379819e+01  9.407445e+00  4.000000e+01
   endloop
 endfacet
 facet normal  0.000000e+00  0.000000e+00  1.000000e+00
   outer loop
     vertex  9.748519e+00 -1.355936e+01  4.000000e+01
     vertex  9.060523e+00 -1.402843e+01  4.000000e+01
     vertex  1.231699e+01 -1.713189e+01  4.000000e+01
   endloop
 endfacet
 facet normal  0.000000e+00  0.000000e+00  1.000000e+00
   outer loop
     vertex -1.331211e+01  1.008353e+01  4.000000e+01
     vertex -1.681950e+01  1.274027e+01  4.000000e+01
     vertex -1.379819e+01  9.407445e+00  4.000000e+01
   endloop
 endfacet
 facet normal  0.000000e+00  0.000000e+00  1.000000e+00
   outer loop
     vertex  1.041228e+01 -1.305659e+01  4.000000e+01
     vertex  1.231699e+01 -1.713189e+01  4.000000e+01
     vertex  1.315563e+01 -1.649664e+01  4.000000e+01
   endloop
 endfacet
 facet normal  0.000000e+00  0.000000e+00  1.000000e+00
   outer loop
     vertex  1.041228e+01 -1.305659e+01  4.000000e+01
     vertex  9.748519e+00 -1.355936e+01  4.000000e+01
     vertex  1.231699e+01 -1.713189e+01  4.000000e+01
   endloop
 endfacet
 facet normal  0.000000e+00  0.000000e+00  1.000000e+00
   outer loop
     vertex -1.279294e+01  1.073455e+01  4.000000e+01
     vertex -1.616354e+01  1.356282e+01  4.000000e+01
     vertex -1.681950e+01  1.274027e+01  4.000000e+01
   endloop
 endfacet
 facet normal  0.000000e+00  0.000000e+00  1.000000e+00
   outer loop
     vertex -1.279294e+01  1.073455e+01  4.000000e+01
     vertex -1.681950e+01  1.274027e+01  4.000000e+01
     vertex -1.331211e+01  1.008353e+01  4.000000e+01
   endloop
 endfacet
 facet normal  0.000000e+00  0.000000e+00  1.000000e+00
   outer loop
     vertex  1.105015e+01 -1.252135e+01  4.000000e+01
     vertex  1.315563e+01 -1.649664e+01  4.000000e+01
     vertex  1.396157e+01 -1.582038e+01  4.000000e+01
   endloop
 endfacet
 facet normal  0.000000e+00  0.000000e+00  1.000000e+00
   outer loop
     vertex  1.105015e+01 -1.252135e+01  4.000000e+01
     vertex  1.041228e+01 -1.305659e+01  4.000000e+01
     vertex  1.315563e+01 -1.649664e+01  4.000000e+01
   endloop
 endfacet
 facet normal  0.000000e+00  0.000000e+00  1.000000e+00
   outer loop
     vertex -1.224197e+01  1.135888e+01  4.000000e+01
     vertex -1.546739e+01  1.435164e+01  4.000000e+01
     vertex -1.616354e+01  1.356282e+01  4.000000e+01
   endloop
 endfacet
 facet normal  0.000000e+00  0.000000e+00  1.000000e+00
   outer loop
     vertex -1.224197e+01  1.135888e+01  4.000000e+01
     vertex -1.616354e+01  1.356282e+01  4.000000e+01
     vertex -1.279294e+01  1.073455e+01  4.000000e+01
   endloop
 endfacet
 facet normal  0.000000e+00  0.000000e+00  1.000000e+00
   outer loop
     vertex  1.166055e+01 -1.195498e+01  4.000000e+01
     vertex  1.396157e+01 -1.582038e+01  4.000000e+01
     vertex  1.473280e+01 -1.510479e+01  4.000000e+01
   endloop
 endfacet
 facet normal  0.000000e+00  0.000000e+00  1.000000e+00
   outer loop
     vertex  1.166055e+01 -1.195498e+01  4.000000e+01
     vertex  1.105015e+01 -1.252135e+01  4.000000e+01
     vertex  1.396157e+01 -1.582038e+01  4.000000e+01
   endloop
 endfacet
 facet normal  0.000000e+00  0.000000e+00  1.000000e+00
   outer loop
     vertex -1.473280e+01  1.510479e+01  4.000000e+01
     vertex -1.224197e+01  1.135888e+01  4.000000e+01
     vertex -1.166055e+01  1.195498e+01  4.000000e+01
   endloop
 endfacet
 facet normal  0.000000e+00  0.000000e+00  1.000000e+00
   outer loop
     vertex -1.473280e+01  1.510479e+01  4.000000e+01
     vertex -1.546739e+01  1.435164e+01  4.000000e+01
     vertex -1.224197e+01  1.135888e+01  4.000000e+01
   endloop
 endfacet
 facet normal  0.000000e+00  0.000000e+00  1.000000e+00
   outer loop
     vertex  1.546739e+01 -1.435164e+01  4.000000e+01
     vertex  1.224197e+01 -1.135888e+01  4.000000e+01
     vertex  1.166055e+01 -1.195498e+01  4.000000e+01
   endloop
 endfacet
 facet normal  0.000000e+00  0.000000e+00  1.000000e+00
   outer loop
     vertex  1.546739e+01 -1.435164e+01  4.000000e+01
     vertex  1.166055e+01 -1.195498e+01  4.000000e+01
     vertex  1.473280e+01 -1.510479e+01  4.000000e+01
   endloop
 endfacet
 facet normal  0.000000e+00  0.000000e+00  1.000000e+00
   outer loop
     vertex -1.105015e+01  1.252135e+01  4.000000e+01
     vertex -1.473280e+01  1.510479e+01  4.000000e+01
     vertex -1.166055e+01  1.195498e+01  4.000000e+01
   endloop
 endfacet
 facet normal  0.000000e+00  0.000000e+00  1.000000e+00
   outer loop
     vertex -1.396157e+01  1.582038e+01  4.000000e+01
     vertex -1.473280e+01  1.510479e+01  4.000000e+01
     vertex -1.105015e+01  1.252135e+01  4.000000e+01
   endloop
 endfacet
 facet normal  0.000000e+00  0.000000e+00  1.000000e+00
   outer loop
     vertex  1.616354e+01 -1.356282e+01  4.000000e+01
     vertex  1.224197e+01 -1.135888e+01  4.000000e+01
     vertex  1.546739e+01 -1.435164e+01  4.000000e+01
   endloop
 endfacet
 facet normal  0.000000e+00  0.000000e+00  1.000000e+00
   outer loop
     vertex  1.616354e+01 -1.356282e+01  4.000000e+01
     vertex  1.279294e+01 -1.073455e+01  4.000000e+01
     vertex  1.224197e+01 -1.135888e+01  4.000000e+01
   endloop
 endfacet
 facet normal  0.000000e+00  0.000000e+00  1.000000e+00
   outer loop
     vertex  1.331211e+01 -1.008353e+01  4.000000e+01
     vertex  1.279294e+01 -1.073455e+01  4.000000e+01
     vertex  1.616354e+01 -1.356282e+01  4.000000e+01
   endloop
 endfacet
 facet normal  0.000000e+00  0.000000e+00  1.000000e+00
   outer loop
     vertex -1.315563e+01  1.649664e+01  4.000000e+01
     vertex -1.396157e+01  1.582038e+01  4.000000e+01
     vertex -1.105015e+01  1.252135e+01  4.000000e+01
   endloop
 endfacet
 facet normal  0.000000e+00  0.000000e+00  1.000000e+00
   outer loop
     vertex -1.315563e+01  1.649664e+01  4.000000e+01
     vertex -1.105015e+01  1.252135e+01  4.000000e+01
     vertex -1.041228e+01  1.305659e+01  4.000000e+01
   endloop
 endfacet
 facet normal  0.000000e+00  0.000000e+00  1.000000e+00
   outer loop
     vertex  1.681950e+01 -1.274027e+01  4.000000e+01
     vertex  1.331211e+01 -1.008353e+01  4.000000e+01
     vertex  1.616354e+01 -1.356282e+01  4.000000e+01
   endloop
 endfacet
 facet normal  0.000000e+00  0.000000e+00  1.000000e+00
   outer loop
     vertex  1.379819e+01 -9.407445e+00  4.000000e+01
     vertex  1.331211e+01 -1.008353e+01  4.000000e+01
     vertex  1.681950e+01 -1.274027e+01  4.000000e+01
   endloop
 endfacet
 facet normal  0.000000e+00  0.000000e+00  1.000000e+00
   outer loop
     vertex -1.231699e+01  1.713189e+01  4.000000e+01
     vertex -1.315563e+01  1.649664e+01  4.000000e+01
     vertex -1.041228e+01  1.305659e+01  4.000000e+01
   endloop
 endfacet
 facet normal  0.000000e+00  0.000000e+00  1.000000e+00
   outer loop
     vertex -1.231699e+01  1.713189e+01  4.000000e+01
     vertex -1.041228e+01  1.305659e+01  4.000000e+01
     vertex -9.748519e+00  1.355936e+01  4.000000e+01
   endloop
 endfacet
 facet normal  0.000000e+00  0.000000e+00  1.000000e+00
   outer loop
     vertex  1.743364e+01 -1.188605e+01  4.000000e+01
     vertex  1.379819e+01 -9.407445e+00  4.000000e+01
     vertex  1.681950e+01 -1.274027e+01  4.000000e+01
   endloop
 endfacet
 facet normal  0.000000e+00  0.000000e+00  1.000000e+00
   outer loop
     vertex -1.144773e+01  1.772455e+01  4.000000e+01
     vertex -1.231699e+01  1.713189e+01  4.000000e+01
     vertex -9.748519e+00  1.355936e+01  4.000000e+01
   endloop
 endfacet
 facet normal  0.000000e+00  0.000000e+00  1.000000e+00
   outer loop
     vertex -1.144773e+01  1.772455e+01  4.000000e+01
     vertex -9.748519e+00  1.355936e+01  4.000000e+01
     vertex -9.060523e+00  1.402843e+01  4.000000e+01
   endloop
 endfacet
 facet normal  0.000000e+00  0.000000e+00  1.000000e+00
   outer loop
     vertex  1.800444e+01 -1.100228e+01  4.000000e+01
     vertex  1.379819e+01 -9.407445e+00  4.000000e+01
     vertex  1.743364e+01 -1.188605e+01  4.000000e+01
   endloop
 endfacet
 facet normal  0.000000e+00  0.000000e+00  1.000000e+00
   outer loop
     vertex  1.800444e+01 -1.100228e+01  4.000000e+01
     vertex  1.424996e+01 -8.707968e+00  4.000000e+01
     vertex  1.379819e+01 -9.407445e+00  4.000000e+01
   endloop
 endfacet
 facet normal  0.000000e+00  0.000000e+00  1.000000e+00
   outer loop
     vertex -1.055000e+01  1.827314e+01  4.000000e+01
     vertex -1.144773e+01  1.772455e+01  4.000000e+01
     vertex -9.060523e+00  1.402843e+01  4.000000e+01
   endloop
 endfacet
 facet normal  0.000000e+00  0.000000e+00  1.000000e+00
   outer loop
     vertex -1.055000e+01  1.827314e+01  4.000000e+01
     vertex -8.350000e+00  1.446262e+01  4.000000e+01
     vertex -7.618718e+00  1.486086e+01  4.000000e+01
   endloop
 endfacet
 facet normal  0.000000e+00  0.000000e+00  1.000000e+00
   outer loop
     vertex -1.055000e+01  1.827314e+01  4.000000e+01
     vertex -9.060523e+00  1.402843e+01  4.000000e+01
     vertex -8.350000e+00  1.446262e+01  4.000000e+01
   endloop
 endfacet
 facet normal  0.000000e+00  0.000000e+00  1.000000e+00
   outer loop
     vertex  1.853048e+01 -1.009116e+01  4.000000e+01
     vertex  1.466630e+01 -7.986841e+00  4.000000e+01
     vertex  1.424996e+01 -8.707968e+00  4.000000e+01
   endloop
 endfacet
 facet normal  0.000000e+00  0.000000e+00  1.000000e+00
   outer loop
     vertex  1.853048e+01 -1.009116e+01  4.000000e+01
     vertex  1.424996e+01 -8.707968e+00  4.000000e+01
     vertex  1.800444e+01 -1.100228e+01  4.000000e+01
   endloop
 endfacet
 facet normal  0.000000e+00  0.000000e+00  1.000000e+00
   outer loop
     vertex -9.626045e+00  1.877630e+01  4.000000e+01
     vertex -1.055000e+01  1.827314e+01  4.000000e+01
     vertex -7.618718e+00  1.486086e+01  4.000000e+01
   endloop
 endfacet
 facet normal  0.000000e+00  0.000000e+00  1.000000e+00
   outer loop
     vertex  1.901044e+01 -9.154947e+00  4.000000e+01
     vertex  1.466630e+01 -7.986841e+00  4.000000e+01
     vertex  1.853048e+01 -1.009116e+01  4.000000e+01
   endloop
 endfacet
 facet normal  0.000000e+00  0.000000e+00  1.000000e+00
   outer loop
     vertex  1.901044e+01 -9.154947e+00  4.000000e+01
     vertex  1.504618e+01 -7.245858e+00  4.000000e+01
     vertex  1.466630e+01 -7.986841e+00  4.000000e+01
   endloop
 endfacet
 facet normal  0.000000e+00  0.000000e+00  1.000000e+00
   outer loop
     vertex -8.678158e+00  1.923277e+01  4.000000e+01
     vertex -9.626045e+00  1.877630e+01  4.000000e+01
     vertex -7.618718e+00  1.486086e+01  4.000000e+01
   endloop
 endfacet
 facet normal  0.000000e+00  0.000000e+00  1.000000e+00
   outer loop
     vertex -8.678158e+00  1.923277e+01  4.000000e+01
     vertex -7.618718e+00  1.486086e+01  4.000000e+01
     vertex -6.868495e+00  1.522215e+01  4.000000e+01
   endloop
 endfacet
 facet normal  0.000000e+00  0.000000e+00  1.000000e+00
   outer loop
     vertex  1.944315e+01 -8.195974e+00  4.000000e+01
     vertex  1.538865e+01 -6.486861e+00  4.000000e+01
     vertex  1.504618e+01 -7.245858e+00  4.000000e+01
   endloop
 endfacet
 facet normal  0.000000e+00  0.000000e+00  1.000000e+00
   outer loop
     vertex  1.944315e+01 -8.195974e+00  4.000000e+01
     vertex  1.569287e+01 -5.711736e+00  4.000000e+01
     vertex  1.538865e+01 -6.486861e+00  4.000000e+01
   endloop
 endfacet
 facet normal  0.000000e+00  0.000000e+00  1.000000e+00
   outer loop
     vertex  1.944315e+01 -8.195974e+00  4.000000e+01
     vertex  1.504618e+01 -7.245858e+00  4.000000e+01
     vertex  1.901044e+01 -9.154947e+00  4.000000e+01
   endloop
 endfacet
 facet normal  0.000000e+00  0.000000e+00  1.000000e+00
   outer loop
     vertex -7.708696e+00  1.964144e+01  4.000000e+01
     vertex -6.868495e+00  1.522215e+01  4.000000e+01
     vertex -6.101195e+00  1.554559e+01  4.000000e+01
   endloop
 endfacet
 facet normal  0.000000e+00  0.000000e+00  1.000000e+00
   outer loop
     vertex -7.708696e+00  1.964144e+01  4.000000e+01
     vertex -8.678158e+00  1.923277e+01  4.000000e+01
     vertex -6.868495e+00  1.522215e+01  4.000000e+01
   endloop
 endfacet
 facet normal  0.000000e+00  0.000000e+00  1.000000e+00
   outer loop
     vertex  1.982751e+01 -7.216625e+00  4.000000e+01
     vertex  1.595807e+01 -4.922411e+00  4.000000e+01
     vertex  1.569287e+01 -5.711736e+00  4.000000e+01
   endloop
 endfacet
 facet normal  0.000000e+00  0.000000e+00  1.000000e+00
   outer loop
     vertex  1.982751e+01 -7.216625e+00  4.000000e+01
     vertex  1.569287e+01 -5.711736e+00  4.000000e+01
     vertex  1.944315e+01 -8.195974e+00  4.000000e+01
   endloop
 endfacet
 facet normal  0.000000e+00  0.000000e+00  1.000000e+00
   outer loop
     vertex -6.720068e+00  2.000127e+01  4.000000e+01
     vertex -6.101195e+00  1.554559e+01  4.000000e+01
     vertex -5.318727e+00  1.583039e+01  4.000000e+01
   endloop
 endfacet
 facet normal  0.000000e+00  0.000000e+00  1.000000e+00
   outer loop
     vertex -6.720068e+00  2.000127e+01  4.000000e+01
     vertex -7.708696e+00  1.964144e+01  4.000000e+01
     vertex -6.101195e+00  1.554559e+01  4.000000e+01
   endloop
 endfacet
 facet normal  0.000000e+00  0.000000e+00  1.000000e+00
   outer loop
     vertex  2.016259e+01 -6.219334e+00  4.000000e+01
     vertex  1.595807e+01 -4.922411e+00  4.000000e+01
     vertex  1.982751e+01 -7.216625e+00  4.000000e+01
   endloop
 endfacet
 facet normal  0.000000e+00  0.000000e+00  1.000000e+00
   outer loop
     vertex -5.714734e+00  2.031137e+01  4.000000e+01
     vertex -6.720068e+00  2.000127e+01  4.000000e+01
     vertex -5.318727e+00  1.583039e+01  4.000000e+01
   endloop
 endfacet
 facet normal  0.000000e+00  0.000000e+00  1.000000e+00
   outer loop
     vertex -5.714734e+00  2.031137e+01  4.000000e+01
     vertex -5.318727e+00  1.583039e+01  4.000000e+01
     vertex -4.523036e+00  1.607582e+01  4.000000e+01
   endloop
 endfacet
 facet normal  0.000000e+00  0.000000e+00  1.000000e+00
   outer loop
     vertex  2.044753e+01 -5.206581e+00  4.000000e+01
     vertex  1.618359e+01 -4.120849e+00  4.000000e+01
     vertex  1.595807e+01 -4.922411e+00  4.000000e+01
   endloop
 endfacet
 facet normal  0.000000e+00  0.000000e+00  1.000000e+00
   outer loop
     vertex  2.044753e+01 -5.206581e+00  4.000000e+01
     vertex  1.595807e+01 -4.922411e+00  4.000000e+01
     vertex  2.016259e+01 -6.219334e+00  4.000000e+01
   endloop
 endfacet
 facet normal  0.000000e+00  0.000000e+00  1.000000e+00
   outer loop
     vertex -4.695192e+00  2.057098e+01  4.000000e+01
     vertex -4.523036e+00  1.607582e+01  4.000000e+01
     vertex -3.716100e+00  1.628130e+01  4.000000e+01
   endloop
 endfacet
 facet normal  0.000000e+00  0.000000e+00  1.000000e+00
   outer loop
     vertex -4.695192e+00  2.057098e+01  4.000000e+01
     vertex -5.714734e+00  2.031137e+01  4.000000e+01
     vertex -4.523036e+00  1.607582e+01  4.000000e+01
   endloop
 endfacet
 facet normal  0.000000e+00  0.000000e+00  1.000000e+00
   outer loop
     vertex  2.068164e+01 -4.180884e+00  4.000000e+01
     vertex  1.636888e+01 -3.309041e+00  4.000000e+01
     vertex  1.618359e+01 -4.120849e+00  4.000000e+01
   endloop
 endfacet
 facet normal  0.000000e+00  0.000000e+00  1.000000e+00
   outer loop
     vertex  2.068164e+01 -4.180884e+00  4.000000e+01
     vertex  1.618359e+01 -4.120849e+00  4.000000e+01
     vertex  2.044753e+01 -5.206581e+00  4.000000e+01
   endloop
 endfacet
 facet normal  0.000000e+00  0.000000e+00  1.000000e+00
   outer loop
     vertex -3.663977e+00  2.077944e+01  4.000000e+01
     vertex -3.716100e+00  1.628130e+01  4.000000e+01
     vertex -2.899925e+00  1.644629e+01  4.000000e+01
   endloop
 endfacet
 facet normal  0.000000e+00  0.000000e+00  1.000000e+00
   outer loop
     vertex -3.663977e+00  2.077944e+01  4.000000e+01
     vertex -4.695192e+00  2.057098e+01  4.000000e+01
     vertex -3.716100e+00  1.628130e+01  4.000000e+01
   endloop
 endfacet
 facet normal  0.000000e+00  0.000000e+00  1.000000e+00
   outer loop
     vertex  2.086433e+01 -3.144792e+00  4.000000e+01
     vertex  1.636888e+01 -3.309041e+00  4.000000e+01
     vertex  2.068164e+01 -4.180884e+00  4.000000e+01
   endloop
 endfacet
 facet normal  0.000000e+00  0.000000e+00  1.000000e+00
   outer loop
     vertex  2.086433e+01 -3.144792e+00  4.000000e+01
     vertex  1.651347e+01 -2.489006e+00  4.000000e+01
     vertex  1.636888e+01 -3.309041e+00  4.000000e+01
   endloop
 endfacet
 facet normal  0.000000e+00  0.000000e+00  1.000000e+00
   outer loop
     vertex -2.623652e+00  2.093625e+01  4.000000e+01
     vertex -3.663977e+00  2.077944e+01  4.000000e+01
     vertex -2.899925e+00  1.644629e+01  4.000000e+01
   endloop
 endfacet
 facet normal  0.000000e+00  0.000000e+00  1.000000e+00
   outer loop
     vertex -2.623652e+00  2.093625e+01  4.000000e+01
     vertex -2.899925e+00  1.644629e+01  4.000000e+01
     vertex -2.076540e+00  1.657039e+01  4.000000e+01
   endloop
 endfacet
 facet normal  0.000000e+00  0.000000e+00  1.000000e+00
   outer loop
     vertex  2.099515e+01 -2.100882e+00  4.000000e+01
     vertex  1.651347e+01 -2.489006e+00  4.000000e+01
     vertex  2.086433e+01 -3.144792e+00  4.000000e+01
   endloop
 endfacet
 facet normal  0.000000e+00  0.000000e+00  1.000000e+00
   outer loop
     vertex  2.099515e+01 -2.100882e+00  4.000000e+01
     vertex  1.661701e+01 -1.662783e+00  4.000000e+01
     vertex  1.651347e+01 -2.489006e+00  4.000000e+01
   endloop
 endfacet
 facet normal  0.000000e+00  0.000000e+00  1.000000e+00
   outer loop
     vertex  2.099515e+01 -2.100882e+00  4.000000e+01
     vertex  1.667924e+01 -8.324263e-01  4.000000e+01
     vertex  1.661701e+01 -1.662783e+00  4.000000e+01
   endloop
 endfacet
 facet normal  0.000000e+00  0.000000e+00  1.000000e+00
   outer loop
     vertex -1.576805e+00  2.104100e+01  4.000000e+01
     vertex -2.623652e+00  2.093625e+01  4.000000e+01
     vertex -2.076540e+00  1.657039e+01  4.000000e+01
   endloop
 endfacet
 facet normal  0.000000e+00  0.000000e+00  1.000000e+00
   outer loop
     vertex -1.576805e+00  2.104100e+01  4.000000e+01
     vertex -1.247993e+00  1.665330e+01  4.000000e+01
     vertex -4.163426e-01  1.669481e+01  4.000000e+01
   endloop
 endfacet
 facet normal  0.000000e+00  0.000000e+00  1.000000e+00
   outer loop
     vertex -1.576805e+00  2.104100e+01  4.000000e+01
     vertex -2.076540e+00  1.657039e+01  4.000000e+01
     vertex -1.247993e+00  1.665330e+01  4.000000e+01
   endloop
 endfacet
 facet normal  0.000000e+00  0.000000e+00  1.000000e+00
   outer loop
     vertex  2.107377e+01 -1.051748e+00  4.000000e+01
     vertex  1.667924e+01 -8.324263e-01  4.000000e+01
     vertex  2.099515e+01 -2.100882e+00  4.000000e+01
   endloop
 endfacet
 facet normal  0.000000e+00  0.000000e+00  1.000000e+00
   outer loop
     vertex -5.260376e-01  2.109344e+01  4.000000e+01
     vertex -1.576805e+00  2.104100e+01  4.000000e+01
     vertex -4.163426e-01  1.669481e+01  4.000000e+01
   endloop
 endfacet
 facet normal  0.000000e+00  0.000000e+00  1.000000e+00
   outer loop
     vertex  2.110000e+01  0.000000e+00  4.000000e+01
     vertex  1.667924e+01 -8.324263e-01  4.000000e+01
     vertex  2.107377e+01 -1.051748e+00  4.000000e+01
   endloop
 endfacet
 facet normal  0.000000e+00  0.000000e+00  1.000000e+00
   outer loop
     vertex  2.110000e+01  0.000000e+00  4.000000e+01
     vertex  1.670000e+01  0.000000e+00  4.000000e+01
     vertex  1.667924e+01 -8.324263e-01  4.000000e+01
   endloop
 endfacet
 facet normal  0.000000e+00  0.000000e+00  1.000000e+00
   outer loop
     vertex  5.260376e-01  2.109344e+01  4.000000e+01
     vertex -5.260376e-01  2.109344e+01  4.000000e+01
     vertex -4.163426e-01  1.669481e+01  4.000000e+01
   endloop
 endfacet
 facet normal  0.000000e+00  0.000000e+00  1.000000e+00
   outer loop
     vertex  5.260376e-01  2.109344e+01  4.000000e+01
     vertex -4.163426e-01  1.669481e+01  4.000000e+01
     vertex  4.163426e-01  1.669481e+01  4.000000e+01
   endloop
 endfacet
 facet normal  0.000000e+00  0.000000e+00  1.000000e+00
   outer loop
     vertex  2.107377e+01  1.051748e+00  4.000000e+01
     vertex  1.670000e+01  0.000000e+00  4.000000e+01
     vertex  2.110000e+01  0.000000e+00  4.000000e+01
   endloop
 endfacet
 facet normal  0.000000e+00  0.000000e+00  1.000000e+00
   outer loop
     vertex  2.107377e+01  1.051748e+00  4.000000e+01
     vertex  1.667924e+01  8.324263e-01  4.000000e+01
     vertex  1.670000e+01  0.000000e+00  4.000000e+01
   endloop
 endfacet
 facet normal  0.000000e+00  0.000000e+00  1.000000e+00
   outer loop
     vertex  1.576805e+00  2.104100e+01  4.000000e+01
     vertex  4.163426e-01  1.669481e+01  4.000000e+01
     vertex  1.247993e+00  1.665330e+01  4.000000e+01
   endloop
 endfacet
 facet normal  0.000000e+00  0.000000e+00  1.000000e+00
   outer loop
     vertex  1.576805e+00  2.104100e+01  4.000000e+01
     vertex  5.260376e-01  2.109344e+01  4.000000e+01
     vertex  4.163426e-01  1.669481e+01  4.000000e+01
   endloop
 endfacet
 facet normal  0.000000e+00  0.000000e+00  1.000000e+00
   outer loop
     vertex  2.099515e+01  2.100882e+00  4.000000e+01
     vertex  1.661701e+01  1.662783e+00  4.000000e+01
     vertex  1.667924e+01  8.324263e-01  4.000000e+01
   endloop
 endfacet
 facet normal  0.000000e+00  0.000000e+00  1.000000e+00
   outer loop
     vertex  2.099515e+01  2.100882e+00  4.000000e+01
     vertex  1.667924e+01  8.324263e-01  4.000000e+01
     vertex  2.107377e+01  1.051748e+00  4.000000e+01
   endloop
 endfacet
 facet normal  0.000000e+00  0.000000e+00  1.000000e+00
   outer loop
     vertex  2.623652e+00  2.093625e+01  4.000000e+01
     vertex  1.247993e+00  1.665330e+01  4.000000e+01
     vertex  2.076540e+00  1.657039e+01  4.000000e+01
   endloop
 endfacet
 facet normal  0.000000e+00  0.000000e+00  1.000000e+00
   outer loop
     vertex  2.623652e+00  2.093625e+01  4.000000e+01
     vertex  1.576805e+00  2.104100e+01  4.000000e+01
     vertex  1.247993e+00  1.665330e+01  4.000000e+01
   endloop
 endfacet
 facet normal  0.000000e+00  0.000000e+00  1.000000e+00
   outer loop
     vertex  2.086433e+01  3.144792e+00  4.000000e+01
     vertex  1.651347e+01  2.489006e+00  4.000000e+01
     vertex  1.661701e+01  1.662783e+00  4.000000e+01
   endloop
 endfacet
 facet normal  0.000000e+00  0.000000e+00  1.000000e+00
   outer loop
     vertex  2.086433e+01  3.144792e+00  4.000000e+01
     vertex  1.636888e+01  3.309041e+00  4.000000e+01
     vertex  1.651347e+01  2.489006e+00  4.000000e+01
   endloop
 endfacet
 facet normal  0.000000e+00  0.000000e+00  1.000000e+00
   outer loop
     vertex  2.086433e+01  3.144792e+00  4.000000e+01
     vertex  1.661701e+01  1.662783e+00  4.000000e+01
     vertex  2.099515e+01  2.100882e+00  4.000000e+01
   endloop
 endfacet
 facet normal  0.000000e+00  0.000000e+00  1.000000e+00
   outer loop
     vertex  3.663977e+00  2.077944e+01  4.000000e+01
     vertex  2.076540e+00  1.657039e+01  4.000000e+01
     vertex  2.899925e+00  1.644629e+01  4.000000e+01
   endloop
 endfacet
 facet normal  0.000000e+00  0.000000e+00  1.000000e+00
   outer loop
     vertex  3.663977e+00  2.077944e+01  4.000000e+01
     vertex  2.623652e+00  2.093625e+01  4.000000e+01
     vertex  2.076540e+00  1.657039e+01  4.000000e+01
   endloop
 endfacet
 facet normal  0.000000e+00  0.000000e+00  1.000000e+00
   outer loop
     vertex  2.068164e+01  4.180884e+00  4.000000e+01
     vertex  1.618359e+01  4.120849e+00  4.000000e+01
     vertex  1.636888e+01  3.309041e+00  4.000000e+01
   endloop
 endfacet
 facet normal  0.000000e+00  0.000000e+00  1.000000e+00
   outer loop
     vertex  2.068164e+01  4.180884e+00  4.000000e+01
     vertex  1.636888e+01  3.309041e+00  4.000000e+01
     vertex  2.086433e+01  3.144792e+00  4.000000e+01
   endloop
 endfacet
 facet normal  0.000000e+00  0.000000e+00  1.000000e+00
   outer loop
     vertex  4.695192e+00  2.057098e+01  4.000000e+01
     vertex  2.899925e+00  1.644629e+01  4.000000e+01
     vertex  3.716100e+00  1.628130e+01  4.000000e+01
   endloop
 endfacet
 facet normal  0.000000e+00  0.000000e+00  1.000000e+00
   outer loop
     vertex  4.695192e+00  2.057098e+01  4.000000e+01
     vertex  3.663977e+00  2.077944e+01  4.000000e+01
     vertex  2.899925e+00  1.644629e+01  4.000000e+01
   endloop
 endfacet
 facet normal  0.000000e+00  0.000000e+00  1.000000e+00
   outer loop
     vertex  2.044753e+01  5.206581e+00  4.000000e+01
     vertex  1.595807e+01  4.922411e+00  4.000000e+01
     vertex  1.618359e+01  4.120849e+00  4.000000e+01
   endloop
 endfacet
 facet normal  0.000000e+00  0.000000e+00  1.000000e+00
   outer loop
     vertex  2.044753e+01  5.206581e+00  4.000000e+01
     vertex  1.618359e+01  4.120849e+00  4.000000e+01
     vertex  2.068164e+01  4.180884e+00  4.000000e+01
   endloop
 endfacet
 facet normal  0.000000e+00  0.000000e+00  1.000000e+00
   outer loop
     vertex  5.714734e+00  2.031137e+01  4.000000e+01
     vertex  4.695192e+00  2.057098e+01  4.000000e+01
     vertex  3.716100e+00  1.628130e+01  4.000000e+01
   endloop
 endfacet
 facet normal  0.000000e+00  0.000000e+00  1.000000e+00
   outer loop
     vertex  5.714734e+00  2.031137e+01  4.000000e+01
     vertex  3.716100e+00  1.628130e+01  4.000000e+01
     vertex  4.523036e+00  1.607582e+01  4.000000e+01
   endloop
 endfacet
 facet normal  0.000000e+00  0.000000e+00  1.000000e+00
   outer loop
     vertex  2.016259e+01  6.219334e+00  4.000000e+01
     vertex  1.595807e+01  4.922411e+00  4.000000e+01
     vertex  2.044753e+01  5.206581e+00  4.000000e+01
   endloop
 endfacet
 facet normal  0.000000e+00  0.000000e+00  1.000000e+00
   outer loop
     vertex  2.016259e+01  6.219334e+00  4.000000e+01
     vertex  1.569287e+01  5.711736e+00  4.000000e+01
     vertex  1.595807e+01  4.922411e+00  4.000000e+01
   endloop
 endfacet
 facet normal  0.000000e+00  0.000000e+00  1.000000e+00
   outer loop
     vertex  6.720068e+00  2.000127e+01  4.000000e+01
     vertex  5.714734e+00  2.031137e+01  4.000000e+01
     vertex  4.523036e+00  1.607582e+01  4.000000e+01
   endloop
 endfacet
 facet normal  0.000000e+00  0.000000e+00  1.000000e+00
   outer loop
     vertex  6.720068e+00  2.000127e+01  4.000000e+01
     vertex  4.523036e+00  1.607582e+01  4.000000e+01
     vertex  5.318727e+00  1.583039e+01  4.000000e+01
   endloop
 endfacet
 facet normal  0.000000e+00  0.000000e+00  1.000000e+00
   outer loop
     vertex  1.982751e+01  7.216625e+00  4.000000e+01
     vertex  1.538865e+01  6.486861e+00  4.000000e+01
     vertex  1.569287e+01  5.711736e+00  4.000000e+01
   endloop
 endfacet
 facet normal  0.000000e+00  0.000000e+00  1.000000e+00
   outer loop
     vertex  1.982751e+01  7.216625e+00  4.000000e+01
     vertex  1.569287e+01  5.711736e+00  4.000000e+01
     vertex  2.016259e+01  6.219334e+00  4.000000e+01
   endloop
 endfacet
 facet normal  0.000000e+00  0.000000e+00  1.000000e+00
   outer loop
     vertex  7.708696e+00  1.964144e+01  4.000000e+01
     vertex  6.720068e+00  2.000127e+01  4.000000e+01
     vertex  5.318727e+00  1.583039e+01  4.000000e+01
   endloop
 endfacet
 facet normal  0.000000e+00  0.000000e+00  1.000000e+00
   outer loop
     vertex  7.708696e+00  1.964144e+01  4.000000e+01
     vertex  6.101195e+00  1.554559e+01  4.000000e+01
     vertex  6.868495e+00  1.522215e+01  4.000000e+01
   endloop
 endfacet
 facet normal  0.000000e+00  0.000000e+00  1.000000e+00
   outer loop
     vertex  7.708696e+00  1.964144e+01  4.000000e+01
     vertex  5.318727e+00  1.583039e+01  4.000000e+01
     vertex  6.101195e+00  1.554559e+01  4.000000e+01
   endloop
 endfacet
 facet normal  0.000000e+00  0.000000e+00  1.000000e+00
   outer loop
     vertex  1.944315e+01  8.195974e+00  4.000000e+01
     vertex  1.538865e+01  6.486861e+00  4.000000e+01
     vertex  1.982751e+01  7.216625e+00  4.000000e+01
   endloop
 endfacet
 facet normal  0.000000e+00  0.000000e+00  1.000000e+00
   outer loop
     vertex  8.678158e+00  1.923277e+01  4.000000e+01
     vertex  7.708696e+00  1.964144e+01  4.000000e+01
     vertex  6.868495e+00  1.522215e+01  4.000000e+01
   endloop
 endfacet
 facet normal  0.000000e+00  0.000000e+00  1.000000e+00
   outer loop
     vertex  8.678158e+00  1.923277e+01  4.000000e+01
     vertex  6.868495e+00  1.522215e+01  4.000000e+01
     vertex  7.618718e+00  1.486086e+01  4.000000e+01
   endloop
 endfacet
 facet normal  0.000000e+00  0.000000e+00  1.000000e+00
   outer loop
     vertex  1.901044e+01  9.154947e+00  4.000000e+01
     vertex  1.504618e+01  7.245858e+00  4.000000e+01
     vertex  1.538865e+01  6.486861e+00  4.000000e+01
   endloop
 endfacet
 facet normal  0.000000e+00  0.000000e+00  1.000000e+00
   outer loop
     vertex  1.901044e+01  9.154947e+00  4.000000e+01
     vertex  1.538865e+01  6.486861e+00  4.000000e+01
     vertex  1.944315e+01  8.195974e+00  4.000000e+01
   endloop
 endfacet
 facet normal  0.000000e+00  0.000000e+00  1.000000e+00
   outer loop
     vertex  9.626045e+00  1.877630e+01  4.000000e+01
     vertex  8.678158e+00  1.923277e+01  4.000000e+01
     vertex  7.618718e+00  1.486086e+01  4.000000e+01
   endloop
 endfacet
 facet normal  0.000000e+00  0.000000e+00  1.000000e+00
   outer loop
     vertex  1.853048e+01  1.009116e+01  4.000000e+01
     vertex  1.466630e+01  7.986841e+00  4.000000e+01
     vertex  1.504618e+01  7.245858e+00  4.000000e+01
   endloop
 endfacet
 facet normal  0.000000e+00  0.000000e+00  1.000000e+00
   outer loop
     vertex  1.853048e+01  1.009116e+01  4.000000e+01
     vertex  1.504618e+01  7.245858e+00  4.000000e+01
     vertex  1.901044e+01  9.154947e+00  4.000000e+01
   endloop
 endfacet
 facet normal  0.000000e+00  0.000000e+00  1.000000e+00
   outer loop
     vertex  1.055000e+01  1.827314e+01  4.000000e+01
     vertex  8.350000e+00  1.446262e+01  4.000000e+01
     vertex  9.060523e+00  1.402843e+01  4.000000e+01
   endloop
 endfacet
 facet normal  0.000000e+00  0.000000e+00  1.000000e+00
   outer loop
     vertex  1.055000e+01  1.827314e+01  4.000000e+01
     vertex  7.618718e+00  1.486086e+01  4.000000e+01
     vertex  8.350000e+00  1.446262e+01  4.000000e+01
   endloop
 endfacet
 facet normal  0.000000e+00  0.000000e+00  1.000000e+00
   outer loop
     vertex  1.055000e+01  1.827314e+01  4.000000e+01
     vertex  9.626045e+00  1.877630e+01  4.000000e+01
     vertex  7.618718e+00  1.486086e+01  4.000000e+01
   endloop
 endfacet
 facet normal  0.000000e+00  0.000000e+00  1.000000e+00
   outer loop
     vertex  1.800444e+01  1.100228e+01  4.000000e+01
     vertex  1.466630e+01  7.986841e+00  4.000000e+01
     vertex  1.853048e+01  1.009116e+01  4.000000e+01
   endloop
 endfacet
 facet normal  0.000000e+00  0.000000e+00  1.000000e+00
   outer loop
     vertex  1.800444e+01  1.100228e+01  4.000000e+01
     vertex  1.424996e+01  8.707968e+00  4.000000e+01
     vertex  1.466630e+01  7.986841e+00  4.000000e+01
   endloop
 endfacet
 facet normal  0.000000e+00  0.000000e+00  1.000000e+00
   outer loop
     vertex  1.144773e+01  1.772455e+01  4.000000e+01
     vertex  1.055000e+01  1.827314e+01  4.000000e+01
     vertex  9.060523e+00  1.402843e+01  4.000000e+01
   endloop
 endfacet
 facet normal  0.000000e+00  0.000000e+00  1.000000e+00
   outer loop
     vertex  1.144773e+01  1.772455e+01  4.000000e+01
     vertex  9.060523e+00  1.402843e+01  4.000000e+01
     vertex  9.748519e+00  1.355936e+01  4.000000e+01
   endloop
 endfacet
 facet normal  0.000000e+00  0.000000e+00  1.000000e+00
   outer loop
     vertex  1.743364e+01  1.188605e+01  4.000000e+01
     vertex  1.379819e+01  9.407445e+00  4.000000e+01
     vertex  1.424996e+01  8.707968e+00  4.000000e+01
   endloop
 endfacet
 facet normal  0.000000e+00  0.000000e+00  1.000000e+00
   outer loop
     vertex  1.743364e+01  1.188605e+01  4.000000e+01
     vertex  1.424996e+01  8.707968e+00  4.000000e+01
     vertex  1.800444e+01  1.100228e+01  4.000000e+01
   endloop
 endfacet
 facet normal  0.000000e+00  0.000000e+00  1.000000e+00
   outer loop
     vertex  1.231699e+01  1.713189e+01  4.000000e+01
     vertex  1.144773e+01  1.772455e+01  4.000000e+01
     vertex  9.748519e+00  1.355936e+01  4.000000e+01
   endloop
 endfacet
 facet normal  0.000000e+00  0.000000e+00  1.000000e+00
   outer loop
     vertex  1.681950e+01  1.274027e+01  4.000000e+01
     vertex  1.379819e+01  9.407445e+00  4.000000e+01
     vertex  1.743364e+01  1.188605e+01  4.000000e+01
   endloop
 endfacet
 facet normal  0.000000e+00  0.000000e+00  1.000000e+00
   outer loop
     vertex  1.681950e+01  1.274027e+01  4.000000e+01
     vertex  1.331211e+01  1.008353e+01  4.000000e+01
     vertex  1.379819e+01  9.407445e+00  4.000000e+01
   endloop
 endfacet
 facet normal  0.000000e+00  0.000000e+00  1.000000e+00
   outer loop
     vertex  1.315563e+01  1.649664e+01  4.000000e+01
     vertex  1.231699e+01  1.713189e+01  4.000000e+01
     vertex  9.748519e+00  1.355936e+01  4.000000e+01
   endloop
 endfacet
 facet normal  0.000000e+00  0.000000e+00  1.000000e+00
   outer loop
     vertex  1.315563e+01  1.649664e+01  4.000000e+01
     vertex  9.748519e+00  1.355936e+01  4.000000e+01
     vertex  1.041228e+01  1.305659e+01  4.000000e+01
   endloop
 endfacet
 facet normal  0.000000e+00  0.000000e+00  1.000000e+00
   outer loop
     vertex  1.616354e+01  1.356282e+01  4.000000e+01
     vertex  1.331211e+01  1.008353e+01  4.000000e+01
     vertex  1.681950e+01  1.274027e+01  4.000000e+01
   endloop
 endfacet
 facet normal  0.000000e+00  0.000000e+00  1.000000e+00
   outer loop
     vertex  1.616354e+01  1.356282e+01  4.000000e+01
     vertex  1.279294e+01  1.073455e+01  4.000000e+01
     vertex  1.331211e+01  1.008353e+01  4.000000e+01
   endloop
 endfacet
 facet normal  0.000000e+00  0.000000e+00  1.000000e+00
   outer loop
     vertex  1.396157e+01  1.582038e+01  4.000000e+01
     vertex  1.105015e+01  1.252135e+01  4.000000e+01
     vertex  1.166055e+01  1.195498e+01  4.000000e+01
   endloop
 endfacet
 facet normal  0.000000e+00  0.000000e+00  1.000000e+00
   outer loop
     vertex  1.396157e+01  1.582038e+01  4.000000e+01
     vertex  1.041228e+01  1.305659e+01  4.000000e+01
     vertex  1.105015e+01  1.252135e+01  4.000000e+01
   endloop
 endfacet
 facet normal  0.000000e+00  0.000000e+00  1.000000e+00
   outer loop
     vertex  1.396157e+01  1.582038e+01  4.000000e+01
     vertex  1.315563e+01  1.649664e+01  4.000000e+01
     vertex  1.041228e+01  1.305659e+01  4.000000e+01
   endloop
 endfacet
 facet normal  0.000000e+00  0.000000e+00  1.000000e+00
   outer loop
     vertex  1.546739e+01  1.435164e+01  4.000000e+01
     vertex  1.224197e+01  1.135888e+01  4.000000e+01
     vertex  1.279294e+01  1.073455e+01  4.000000e+01
   endloop
 endfacet
 facet normal  0.000000e+00  0.000000e+00  1.000000e+00
   outer loop
     vertex  1.546739e+01  1.435164e+01  4.000000e+01
     vertex  1.279294e+01  1.073455e+01  4.000000e+01
     vertex  1.616354e+01  1.356282e+01  4.000000e+01
   endloop
 endfacet
 facet normal  0.000000e+00  0.000000e+00  1.000000e+00
   outer loop
     vertex  1.473280e+01  1.510479e+01  4.000000e+01
     vertex  1.166055e+01  1.195498e+01  4.000000e+01
     vertex  1.224197e+01  1.135888e+01  4.000000e+01
   endloop
 endfacet
 facet normal  0.000000e+00  0.000000e+00  1.000000e+00
   outer loop
     vertex  1.473280e+01  1.510479e+01  4.000000e+01
     vertex  1.224197e+01  1.135888e+01  4.000000e+01
     vertex  1.546739e+01  1.435164e+01  4.000000e+01
   endloop
 endfacet
 facet normal  0.000000e+00  0.000000e+00  1.000000e+00
   outer loop
     vertex  1.473280e+01  1.510479e+01  4.000000e+01
     vertex  1.396157e+01  1.582038e+01  4.000000e+01
     vertex  1.166055e+01  1.195498e+01  4.000000e+01
   endloop
 endfacet
 facet normal -9.996892e-01 -2.493069e-02  0.000000e+00
   outer loop
     vertex  1.667924e+01  8.324263e-01  0.000000e+00
     vertex  1.670000e+01  0.000000e+00  0.000000e+00
     vertex  1.670000e+01  0.000000e+00  4.000000e+01
   endloop
 endfacet
 facet normal -9.996892e-01 -2.493069e-02  0.000000e+00
   outer loop
     vertex  1.667924e+01  8.324263e-01  0.000000e+00
     vertex  1.670000e+01  0.000000e+00  4.000000e+01
     vertex  1.667924e+01  8.324263e-01  4.000000e+01
   endloop
 endfacet
 facet normal -9.972038e-01 -7.473009e-02  0.000000e+00
   outer loop
     vertex  1.667924e+01  8.324263e-01  0.000000e+00
     vertex  1.667924e+01  8.324263e-01  4.000000e+01
     vertex  1.661701e+01  1.662783e+00  4.000000e+01
   endloop
 endfacet
 facet normal -9.922392e-01 -1.243437e-01  0.000000e+00
   outer loop
     vertex  1.661701e+01  1.662783e+00  0.000000e+00
     vertex  1.661701e+01  1.662783e+00  4.000000e+01
     vertex  1.651347e+01  2.489006e+00  4.000000e+01
   endloop
 endfacet
 facet normal -9.972038e-01 -7.473009e-02  0.000000e+00
   outer loop
     vertex  1.661701e+01  1.662783e+00  0.000000e+00
     vertex  1.667924e+01  8.324263e-01  0.000000e+00
     vertex  1.661701e+01  1.662783e+00  4.000000e+01
   endloop
 endfacet
 facet normal -9.922392e-01 -1.243437e-01  0.000000e+00
   outer loop
     vertex  1.651347e+01  2.489006e+00  0.000000e+00
     vertex  1.661701e+01  1.662783e+00  0.000000e+00
     vertex  1.651347e+01  2.489006e+00  4.000000e+01
   endloop
 endfacet
 facet normal -9.848078e-01 -1.736482e-01  0.000000e+00
   outer loop
     vertex  1.636888e+01  3.309041e+00  0.000000e+00
     vertex  1.651347e+01  2.489006e+00  4.000000e+01
     vertex  1.636888e+01  3.309041e+00  4.000000e+01
   endloop
 endfacet
 facet normal -9.749279e-01 -2.225209e-01  0.000000e+00
   outer loop
     vertex  1.636888e+01  3.309041e+00  0.000000e+00
     vertex  1.636888e+01  3.309041e+00  4.000000e+01
     vertex  1.618359e+01  4.120849e+00  4.000000e+01
   endloop
 endfacet
 facet normal -9.848078e-01 -1.736482e-01  0.000000e+00
   outer loop
     vertex  1.636888e+01  3.309041e+00  0.000000e+00
     vertex  1.651347e+01  2.489006e+00  0.000000e+00
     vertex  1.651347e+01  2.489006e+00  4.000000e+01
   endloop
 endfacet
 facet normal -9.749279e-01 -2.225209e-01  0.000000e+00
   outer loop
     vertex  1.618359e+01  4.120849e+00  0.000000e+00
     vertex  1.636888e+01  3.309041e+00  0.000000e+00
     vertex  1.618359e+01  4.120849e+00  4.000000e+01
   endloop
 endfacet
 facet normal -9.626242e-01 -2.708405e-01  0.000000e+00
   outer loop
     vertex  1.595807e+01  4.922411e+00  0.000000e+00
     vertex  1.618359e+01  4.120849e+00  4.000000e+01
     vertex  1.595807e+01  4.922411e+00  4.000000e+01
   endloop
 endfacet
 facet normal -9.626242e-01 -2.708405e-01  0.000000e+00
   outer loop
     vertex  1.595807e+01  4.922411e+00  0.000000e+00
     vertex  1.618359e+01  4.120849e+00  0.000000e+00
     vertex  1.618359e+01  4.120849e+00  4.000000e+01
   endloop
 endfacet
 facet normal -9.479273e-01 -3.184867e-01  0.000000e+00
   outer loop
     vertex  1.569287e+01  5.711736e+00  0.000000e+00
     vertex  1.595807e+01  4.922411e+00  4.000000e+01
     vertex  1.569287e+01  5.711736e+00  4.000000e+01
   endloop
 endfacet
 facet normal -9.308737e-01 -3.653410e-01  0.000000e+00
   outer loop
     vertex  1.569287e+01  5.711736e+00  0.000000e+00
     vertex  1.569287e+01  5.711736e+00  4.000000e+01
     vertex  1.538865e+01  6.486861e+00  4.000000e+01
   endloop
 endfacet
 facet normal -9.479273e-01 -3.184867e-01  0.000000e+00
   outer loop
     vertex  1.569287e+01  5.711736e+00  0.000000e+00
     vertex  1.595807e+01  4.922411e+00  0.000000e+00
     vertex  1.595807e+01  4.922411e+00  4.000000e+01
   endloop
 endfacet
 facet normal -9.308737e-01 -3.653410e-01  0.000000e+00
   outer loop
     vertex  1.538865e+01  6.486861e+00  0.000000e+00
     vertex  1.569287e+01  5.711736e+00  0.000000e+00
     vertex  1.538865e+01  6.486861e+00  4.000000e+01
   endloop
 endfacet
 facet normal -9.115059e-01 -4.112871e-01  0.000000e+00
   outer loop
     vertex  1.504618e+01  7.245858e+00  0.000000e+00
     vertex  1.538865e+01  6.486861e+00  4.000000e+01
     vertex  1.504618e+01  7.245858e+00  4.000000e+01
   endloop
 endfacet
 facet normal -9.115059e-01 -4.112871e-01  0.000000e+00
   outer loop
     vertex  1.504618e+01  7.245858e+00  0.000000e+00
     vertex  1.538865e+01  6.486861e+00  0.000000e+00
     vertex  1.538865e+01  6.486861e+00  4.000000e+01
   endloop
 endfacet
 facet normal -8.898718e-01 -4.562107e-01  0.000000e+00
   outer loop
     vertex  1.466630e+01  7.986841e+00  0.000000e+00
     vertex  1.504618e+01  7.245858e+00  4.000000e+01
     vertex  1.466630e+01  7.986841e+00  4.000000e+01
   endloop
 endfacet
 facet normal -8.898718e-01 -4.562107e-01  0.000000e+00
   outer loop
     vertex  1.466630e+01  7.986841e+00  0.000000e+00
     vertex  1.504618e+01  7.245858e+00  0.000000e+00
     vertex  1.504618e+01  7.245858e+00  4.000000e+01
   endloop
 endfacet
 facet normal -8.660254e-01 -5.000000e-01  0.000000e+00
   outer loop
     vertex  1.424996e+01  8.707968e+00  0.000000e+00
     vertex  1.466630e+01  7.986841e+00  0.000000e+00
     vertex  1.466630e+01  7.986841e+00  4.000000e+01
   endloop
 endfacet
 facet normal -8.660254e-01 -5.000000e-01  0.000000e+00
   outer loop
     vertex  1.424996e+01  8.707968e+00  0.000000e+00
     vertex  1.466630e+01  7.986841e+00  4.000000e+01
     vertex  1.424996e+01  8.707968e+00  4.000000e+01
   endloop
 endfacet
 facet normal -8.400259e-01 -5.425463e-01  0.000000e+00
   outer loop
     vertex  1.424996e+01  8.707968e+00  0.000000e+00
     vertex  1.424996e+01  8.707968e+00  4.000000e+01
     vertex  1.379819e+01  9.407445e+00  4.000000e+01
   endloop
 endfacet
 facet normal -8.400259e-01 -5.425463e-01  0.000000e+00
   outer loop
     vertex  1.379819e+01  9.407445e+00  0.000000e+00
     vertex  1.424996e+01  8.707968e+00  0.000000e+00
     vertex  1.379819e+01  9.407445e+00  4.000000e+01
   endloop
 endfacet
 facet normal -8.119380e-01 -5.837437e-01  0.000000e+00
   outer loop
     vertex  1.331211e+01  1.008353e+01  0.000000e+00
     vertex  1.379819e+01  9.407445e+00  0.000000e+00
     vertex  1.379819e+01  9.407445e+00  4.000000e+01
   endloop
 endfacet
 facet normal -8.119380e-01 -5.837437e-01  0.000000e+00
   outer loop
     vertex  1.331211e+01  1.008353e+01  0.000000e+00
     vertex  1.379819e+01  9.407445e+00  4.000000e+01
     vertex  1.331211e+01  1.008353e+01  4.000000e+01
   endloop
 endfacet
 facet normal -7.818315e-01 -6.234898e-01  0.000000e+00
   outer loop
     vertex  1.279294e+01  1.073455e+01  0.000000e+00
     vertex  1.331211e+01  1.008353e+01  0.000000e+00
     vertex  1.331211e+01  1.008353e+01  4.000000e+01
   endloop
 endfacet
 facet normal -7.818315e-01 -6.234898e-01  0.000000e+00
   outer loop
     vertex  1.279294e+01  1.073455e+01  0.000000e+00
     vertex  1.331211e+01  1.008353e+01  4.000000e+01
     vertex  1.279294e+01  1.073455e+01  4.000000e+01
   endloop
 endfacet
 facet normal -7.497812e-01 -6.616858e-01  0.000000e+00
   outer loop
     vertex  1.224197e+01  1.135888e+01  0.000000e+00
     vertex  1.279294e+01  1.073455e+01  4.000000e+01
     vertex  1.224197e+01  1.135888e+01  4.000000e+01
   endloop
 endfacet
 facet normal -7.158668e-01 -6.982368e-01  0.000000e+00
   outer loop
     vertex  1.224197e+01  1.135888e+01  0.000000e+00
     vertex  1.224197e+01  1.135888e+01  4.000000e+01
     vertex  1.166055e+01  1.195498e+01  4.000000e+01
   endloop
 endfacet
 facet normal -7.497812e-01 -6.616858e-01  0.000000e+00
   outer loop
     vertex  1.224197e+01  1.135888e+01  0.000000e+00
     vertex  1.279294e+01  1.073455e+01  0.000000e+00
     vertex  1.279294e+01  1.073455e+01  4.000000e+01
   endloop
 endfacet
 facet normal -7.158668e-01 -6.982368e-01  0.000000e+00
   outer loop
     vertex  1.166055e+01  1.195498e+01  0.000000e+00
     vertex  1.224197e+01  1.135888e+01  0.000000e+00
     vertex  1.166055e+01  1.195498e+01  4.000000e+01
   endloop
 endfacet
 facet normal -6.801727e-01 -7.330519e-01  0.000000e+00
   outer loop
     vertex  1.105015e+01  1.252135e+01  0.000000e+00
     vertex  1.166055e+01  1.195498e+01  4.000000e+01
     vertex  1.105015e+01  1.252135e+01  4.000000e+01
   endloop
 endfacet
 facet normal -6.801727e-01 -7.330519e-01  0.000000e+00
   outer loop
     vertex  1.105015e+01  1.252135e+01  0.000000e+00
     vertex  1.166055e+01  1.195498e+01  0.000000e+00
     vertex  1.166055e+01  1.195498e+01  4.000000e+01
   endloop
 endfacet
 facet normal -6.427876e-01 -7.660444e-01  0.000000e+00
   outer loop
     vertex  1.041228e+01  1.305659e+01  0.000000e+00
     vertex  1.105015e+01  1.252135e+01  4.000000e+01
     vertex  1.041228e+01  1.305659e+01  4.000000e+01
   endloop
 endfacet
 facet normal -6.038044e-01 -7.971325e-01  0.000000e+00
   outer loop
     vertex  1.041228e+01  1.305659e+01  0.000000e+00
     vertex  1.041228e+01  1.305659e+01  4.000000e+01
     vertex  9.748519e+00  1.355936e+01  4.000000e+01
   endloop
 endfacet
 facet normal -6.427876e-01 -7.660444e-01  0.000000e+00
   outer loop
     vertex  1.041228e+01  1.305659e+01  0.000000e+00
     vertex  1.105015e+01  1.252135e+01  0.000000e+00
     vertex  1.105015e+01  1.252135e+01  4.000000e+01
   endloop
 endfacet
 facet normal -6.038044e-01 -7.971325e-01  0.000000e+00
   outer loop
     vertex  9.748519e+00  1.355936e+01  0.000000e+00
     vertex  1.041228e+01  1.305659e+01  0.000000e+00
     vertex  9.748519e+00  1.355936e+01  4.000000e+01
   endloop
 endfacet
 facet normal -5.633201e-01 -8.262388e-01  0.000000e+00
   outer loop
     vertex  9.060523e+00  1.402843e+01  0.000000e+00
     vertex  9.748519e+00  1.355936e+01  4.000000e+01
     vertex  9.060523e+00  1.402843e+01  4.000000e+01
   endloop
 endfacet
 facet normal -5.633201e-01 -8.262388e-01  0.000000e+00
   outer loop
     vertex  9.060523e+00  1.402843e+01  0.000000e+00
     vertex  9.748519e+00  1.355936e+01  0.000000e+00
     vertex  9.748519e+00  1.355936e+01  4.000000e+01
   endloop
 endfacet
 facet normal -5.214352e-01 -8.532909e-01  0.000000e+00
   outer loop
     vertex  8.350000e+00  1.446262e+01  0.000000e+00
     vertex  9.060523e+00  1.402843e+01  4.000000e+01
     vertex  8.350000e+00  1.446262e+01  4.000000e+01
   endloop
 endfacet
 facet normal -5.214352e-01 -8.532909e-01  0.000000e+00
   outer loop
     vertex  8.350000e+00  1.446262e+01  0.000000e+00
     vertex  9.060523e+00  1.402843e+01  0.000000e+00
     vertex  9.060523e+00  1.402843e+01  4.000000e+01
   endloop
 endfacet
 facet normal -4.782540e-01 -8.782216e-01  0.000000e+00
   outer loop
     vertex  7.618718e+00  1.486086e+01  0.000000e+00
     vertex  8.350000e+00  1.446262e+01  4.000000e+01
     vertex  7.618718e+00  1.486086e+01  4.000000e+01
   endloop
 endfacet
 facet normal -4.782540e-01 -8.782216e-01  0.000000e+00
   outer loop
     vertex  7.618718e+00  1.486086e+01  0.000000e+00
     vertex  8.350000e+00  1.446262e+01  0.000000e+00
     vertex  8.350000e+00  1.446262e+01  4.000000e+01
   endloop
 endfacet
 facet normal -4.338837e-01 -9.009689e-01  0.000000e+00
   outer loop
     vertex  6.868495e+00  1.522215e+01  0.000000e+00
     vertex  7.618718e+00  1.486086e+01  4.000000e+01
     vertex  6.868495e+00  1.522215e+01  4.000000e+01
   endloop
 endfacet
 facet normal -4.338837e-01 -9.009689e-01  0.000000e+00
   outer loop
     vertex  6.868495e+00  1.522215e+01  0.000000e+00
     vertex  7.618718e+00  1.486086e+01  0.000000e+00
     vertex  7.618718e+00  1.486086e+01  4.000000e+01
   endloop
 endfacet
 facet normal -3.884348e-01 -9.214762e-01  0.000000e+00
   outer loop
     vertex  6.101195e+00  1.554559e+01  0.000000e+00
     vertex  6.868495e+00  1.522215e+01  4.000000e+01
     vertex  6.101195e+00  1.554559e+01  4.000000e+01
   endloop
 endfacet
 facet normal -3.884348e-01 -9.214762e-01  0.000000e+00
   outer loop
     vertex  6.101195e+00  1.554559e+01  0.000000e+00
     vertex  6.868495e+00  1.522215e+01  0.000000e+00
     vertex  6.868495e+00  1.522215e+01  4.000000e+01
   endloop
 endfacet
 facet normal -3.420201e-01 -9.396926e-01  0.000000e+00
   outer loop
     vertex  5.318727e+00  1.583039e+01  0.000000e+00
     vertex  6.101195e+00  1.554559e+01  4.000000e+01
     vertex  5.318727e+00  1.583039e+01  4.000000e+01
   endloop
 endfacet
 facet normal -3.420201e-01 -9.396926e-01  0.000000e+00
   outer loop
     vertex  5.318727e+00  1.583039e+01  0.000000e+00
     vertex  6.101195e+00  1.554559e+01  0.000000e+00
     vertex  6.101195e+00  1.554559e+01  4.000000e+01
   endloop
 endfacet
 facet normal -2.947552e-01 -9.555728e-01  0.000000e+00
   outer loop
     vertex  4.523036e+00  1.607582e+01  0.000000e+00
     vertex  5.318727e+00  1.583039e+01  4.000000e+01
     vertex  4.523036e+00  1.607582e+01  4.000000e+01
   endloop
 endfacet
 facet normal -2.947552e-01 -9.555728e-01  0.000000e+00
   outer loop
     vertex  4.523036e+00  1.607582e+01  0.000000e+00
     vertex  5.318727e+00  1.583039e+01  0.000000e+00
     vertex  5.318727e+00  1.583039e+01  4.000000e+01
   endloop
 endfacet
 facet normal -2.467574e-01 -9.690773e-01  0.000000e+00
   outer loop
     vertex  3.716100e+00  1.628130e+01  0.000000e+00
     vertex  4.523036e+00  1.607582e+01  4.000000e+01
     vertex  3.716100e+00  1.628130e+01  4.000000e+01
   endloop
 endfacet
 facet normal -2.467574e-01 -9.690773e-01  0.000000e+00
   outer loop
     vertex  3.716100e+00  1.628130e+01  0.000000e+00
     vertex  4.523036e+00  1.607582e+01  0.000000e+00
     vertex  4.523036e+00  1.607582e+01  4.000000e+01
   endloop
 endfacet
 facet normal -1.981461e-01 -9.801725e-01  0.000000e+00
   outer loop
     vertex  2.899925e+00  1.644629e+01  0.000000e+00
     vertex  3.716100e+00  1.628130e+01  4.000000e+01
     vertex  2.899925e+00  1.644629e+01  4.000000e+01
   endloop
 endfacet
 facet normal -1.490423e-01 -9.888308e-01  0.000000e+00
   outer loop
     vertex  2.899925e+00  1.644629e+01  0.000000e+00
     vertex  2.899925e+00  1.644629e+01  4.000000e+01
     vertex  2.076540e+00  1.657039e+01  4.000000e+01
   endloop
 endfacet
 facet normal -1.981461e-01 -9.801725e-01  0.000000e+00
   outer loop
     vertex  2.899925e+00  1.644629e+01  0.000000e+00
     vertex  3.716100e+00  1.628130e+01  0.000000e+00
     vertex  3.716100e+00  1.628130e+01  4.000000e+01
   endloop
 endfacet
 facet normal -1.490423e-01 -9.888308e-01  0.000000e+00
   outer loop
     vertex  2.076540e+00  1.657039e+01  0.000000e+00
     vertex  2.899925e+00  1.644629e+01  0.000000e+00
     vertex  2.076540e+00  1.657039e+01  4.000000e+01
   endloop
 endfacet
 facet normal -9.956785e-02 -9.950308e-01  0.000000e+00
   outer loop
     vertex  1.247993e+00  1.665330e+01  0.000000e+00
     vertex  2.076540e+00  1.657039e+01  4.000000e+01
     vertex  1.247993e+00  1.665330e+01  4.000000e+01
   endloop
 endfacet
 facet normal -9.956785e-02 -9.950308e-01  0.000000e+00
   outer loop
     vertex  1.247993e+00  1.665330e+01  0.000000e+00
     vertex  2.076540e+00  1.657039e+01  0.000000e+00
     vertex  2.076540e+00  1.657039e+01  4.000000e+01
   endloop
 endfacet
 facet normal -4.984589e-02 -9.987569e-01  0.000000e+00
   outer loop
     vertex  4.163426e-01  1.669481e+01  0.000000e+00
     vertex  1.247993e+00  1.665330e+01  4.000000e+01
     vertex  4.163426e-01  1.669481e+01  4.000000e+01
   endloop
 endfacet
 facet normal -4.984589e-02 -9.987569e-01  0.000000e+00
   outer loop
     vertex  4.163426e-01  1.669481e+01  0.000000e+00
     vertex  1.247993e+00  1.665330e+01  0.000000e+00
     vertex  1.247993e+00  1.665330e+01  4.000000e+01
   endloop
 endfacet
 facet normal  0.000000e+00 -1.000000e+00  0.000000e+00
   outer loop
     vertex -4.163426e-01  1.669481e+01  0.000000e+00
     vertex  4.163426e-01  1.669481e+01  4.000000e+01
     vertex -4.163426e-01  1.669481e+01  4.000000e+01
   endloop
 endfacet
 facet normal  0.000000e+00 -1.000000e+00  0.000000e+00
   outer loop
     vertex -4.163426e-01  1.669481e+01  0.000000e+00
     vertex  4.163426e-01  1.669481e+01  0.000000e+00
     vertex  4.163426e-01  1.669481e+01  4.000000e+01
   endloop
 endfacet
 facet normal  4.984589e-02 -9.987569e-01  0.000000e+00
   outer loop
     vertex -1.247993e+00  1.665330e+01  0.000000e+00
     vertex -4.163426e-01  1.669481e+01  4.000000e+01
     vertex -1.247993e+00  1.665330e+01  4.000000e+01
   endloop
 endfacet
 facet normal  4.984589e-02 -9.987569e-01  0.000000e+00
   outer loop
     vertex -1.247993e+00  1.665330e+01  0.000000e+00
     vertex -4.163426e-01  1.669481e+01  0.000000e+00
     vertex -4.163426e-01  1.669481e+01  4.000000e+01
   endloop
 endfacet
 facet normal  9.956785e-02 -9.950308e-01  0.000000e+00
   outer loop
     vertex -2.076540e+00  1.657039e+01  0.000000e+00
     vertex -1.247993e+00  1.665330e+01  4.000000e+01
     vertex -2.076540e+00  1.657039e+01  4.000000e+01
   endloop
 endfacet
 facet normal  9.956785e-02 -9.950308e-01  0.000000e+00
   outer loop
     vertex -2.076540e+00  1.657039e+01  0.000000e+00
     vertex -1.247993e+00  1.665330e+01  0.000000e+00
     vertex -1.247993e+00  1.665330e+01  4.000000e+01
   endloop
 endfacet
 facet normal  1.490423e-01 -9.888308e-01  0.000000e+00
   outer loop
     vertex -2.899925e+00  1.644629e+01  0.000000e+00
     vertex -2.076540e+00  1.657039e+01  4.000000e+01
     vertex -2.899925e+00  1.644629e+01  4.000000e+01
   endloop
 endfacet
 facet normal  1.490423e-01 -9.888308e-01  0.000000e+00
   outer loop
     vertex -2.899925e+00  1.644629e+01  0.000000e+00
     vertex -2.076540e+00  1.657039e+01  0.000000e+00
     vertex -2.076540e+00  1.657039e+01  4.000000e+01
   endloop
 endfacet
 facet normal  1.981461e-01 -9.801725e-01  0.000000e+00
   outer loop
     vertex -3.716100e+00  1.628130e+01  0.000000e+00
     vertex -2.899925e+00  1.644629e+01  4.000000e+01
     vertex -3.716100e+00  1.628130e+01  4.000000e+01
   endloop
 endfacet
 facet normal  1.981461e-01 -9.801725e-01  0.000000e+00
   outer loop
     vertex -3.716100e+00  1.628130e+01  0.000000e+00
     vertex -2.899925e+00  1.644629e+01  0.000000e+00
     vertex -2.899925e+00  1.644629e+01  4.000000e+01
   endloop
 endfacet
 facet normal  2.467574e-01 -9.690773e-01  0.000000e+00
   outer loop
     vertex -4.523036e+00  1.607582e+01  0.000000e+00
     vertex -3.716100e+00  1.628130e+01  4.000000e+01
     vertex -4.523036e+00  1.607582e+01  4.000000e+01
   endloop
 endfacet
 facet normal  2.947552e-01 -9.555728e-01  0.000000e+00
   outer loop
     vertex -4.523036e+00  1.607582e+01  0.000000e+00
     vertex -4.523036e+00  1.607582e+01  4.000000e+01
     vertex -5.318727e+00  1.583039e+01  4.000000e+01
   endloop
 endfacet
 facet normal  2.467574e-01 -9.690773e-01  0.000000e+00
   outer loop
     vertex -4.523036e+00  1.607582e+01  0.000000e+00
     vertex -3.716100e+00  1.628130e+01  0.000000e+00
     vertex -3.716100e+00  1.628130e+01  4.000000e+01
   endloop
 endfacet
 facet normal  2.947552e-01 -9.555728e-01  0.000000e+00
   outer loop
     vertex -5.318727e+00  1.583039e+01  0.000000e+00
     vertex -4.523036e+00  1.607582e+01  0.000000e+00
     vertex -5.318727e+00  1.583039e+01  4.000000e+01
   endloop
 endfacet
 facet normal  3.420201e-01 -9.396926e-01  0.000000e+00
   outer loop
     vertex -5.318727e+00  1.583039e+01  0.000000e+00
     vertex -5.318727e+00  1.583039e+01  4.000000e+01
     vertex -6.101195e+00  1.554559e+01  4.000000e+01
   endloop
 endfacet
 facet normal  3.420201e-01 -9.396926e-01  0.000000e+00
   outer loop
     vertex -6.101195e+00  1.554559e+01  0.000000e+00
     vertex -5.318727e+00  1.583039e+01  0.000000e+00
     vertex -6.101195e+00  1.554559e+01  4.000000e+01
   endloop
 endfacet
 facet normal  3.884348e-01 -9.214762e-01  0.000000e+00
   outer loop
     vertex -6.868495e+00  1.522215e+01  0.000000e+00
     vertex -6.101195e+00  1.554559e+01  0.000000e+00
     vertex -6.101195e+00  1.554559e+01  4.000000e+01
   endloop
 endfacet
 facet normal  3.884348e-01 -9.214762e-01  0.000000e+00
   outer loop
     vertex -6.868495e+00  1.522215e+01  0.000000e+00
     vertex -6.101195e+00  1.554559e+01  4.000000e+01
     vertex -6.868495e+00  1.522215e+01  4.000000e+01
   endloop
 endfacet
 facet normal  4.338837e-01 -9.009689e-01  0.000000e+00
   outer loop
     vertex -7.618718e+00  1.486086e+01  0.000000e+00
     vertex -6.868495e+00  1.522215e+01  0.000000e+00
     vertex -6.868495e+00  1.522215e+01  4.000000e+01
   endloop
 endfacet
 facet normal  4.338837e-01 -9.009689e-01  0.000000e+00
   outer loop
     vertex -7.618718e+00  1.486086e+01  0.000000e+00
     vertex -6.868495e+00  1.522215e+01  4.000000e+01
     vertex -7.618718e+00  1.486086e+01  4.000000e+01
   endloop
 endfacet
 facet normal  4.782540e-01 -8.782216e-01  0.000000e+00
   outer loop
     vertex -8.350000e+00  1.446262e+01  0.000000e+00
     vertex -7.618718e+00  1.486086e+01  0.000000e+00
     vertex -7.618718e+00  1.486086e+01  4.000000e+01
   endloop
 endfacet
 facet normal  4.782540e-01 -8.782216e-01  0.000000e+00
   outer loop
     vertex -8.350000e+00  1.446262e+01  0.000000e+00
     vertex -7.618718e+00  1.486086e+01  4.000000e+01
     vertex -8.350000e+00  1.446262e+01  4.000000e+01
   endloop
 endfacet
 facet normal  5.214352e-01 -8.532909e-01  0.000000e+00
   outer loop
     vertex -9.060523e+00  1.402843e+01  0.000000e+00
     vertex -8.350000e+00  1.446262e+01  0.000000e+00
     vertex -8.350000e+00  1.446262e+01  4.000000e+01
   endloop
 endfacet
 facet normal  5.214352e-01 -8.532909e-01  0.000000e+00
   outer loop
     vertex -9.060523e+00  1.402843e+01  0.000000e+00
     vertex -8.350000e+00  1.446262e+01  4.000000e+01
     vertex -9.060523e+00  1.402843e+01  4.000000e+01
   endloop
 endfacet
 facet normal  5.633201e-01 -8.262388e-01  0.000000e+00
   outer loop
     vertex -9.748519e+00  1.355936e+01  0.000000e+00
     vertex -9.060523e+00  1.402843e+01  0.000000e+00
     vertex -9.060523e+00  1.402843e+01  4.000000e+01
   endloop
 endfacet
 facet normal  5.633201e-01 -8.262388e-01  0.000000e+00
   outer loop
     vertex -9.748519e+00  1.355936e+01  0.000000e+00
     vertex -9.060523e+00  1.402843e+01  4.000000e+01
     vertex -9.748519e+00  1.355936e+01  4.000000e+01
   endloop
 endfacet
 facet normal  6.038044e-01 -7.971325e-01  0.000000e+00
   outer loop
     vertex -1.041228e+01  1.305659e+01  0.000000e+00
     vertex -9.748519e+00  1.355936e+01  0.000000e+00
     vertex -9.748519e+00  1.355936e+01  4.000000e+01
   endloop
 endfacet
 facet normal  6.038044e-01 -7.971325e-01  0.000000e+00
   outer loop
     vertex -1.041228e+01  1.305659e+01  0.000000e+00
     vertex -9.748519e+00  1.355936e+01  4.000000e+01
     vertex -1.041228e+01  1.305659e+01  4.000000e+01
   endloop
 endfacet
 facet normal  6.427876e-01 -7.660444e-01  0.000000e+00
   outer loop
     vertex -1.105015e+01  1.252135e+01  0.000000e+00
     vertex -1.041228e+01  1.305659e+01  0.000000e+00
     vertex -1.041228e+01  1.305659e+01  4.000000e+01
   endloop
 endfacet
 facet normal  6.427876e-01 -7.660444e-01  0.000000e+00
   outer loop
     vertex -1.105015e+01  1.252135e+01  0.000000e+00
     vertex -1.041228e+01  1.305659e+01  4.000000e+01
     vertex -1.105015e+01  1.252135e+01  4.000000e+01
   endloop
 endfacet
 facet normal  6.801727e-01 -7.330519e-01  0.000000e+00
   outer loop
     vertex -1.105015e+01  1.252135e+01  0.000000e+00
     vertex -1.105015e+01  1.252135e+01  4.000000e+01
     vertex -1.166055e+01  1.195498e+01  4.000000e+01
   endloop
 endfacet
 facet normal  6.801727e-01 -7.330519e-01  0.000000e+00
   outer loop
     vertex -1.166055e+01  1.195498e+01  0.000000e+00
     vertex -1.105015e+01  1.252135e+01  0.000000e+00
     vertex -1.166055e+01  1.195498e+01  4.000000e+01
   endloop
 endfacet
 facet normal  7.158668e-01 -6.982368e-01  0.000000e+00
   outer loop
     vertex -1.224197e+01  1.135888e+01  0.000000e+00
     vertex -1.166055e+01  1.195498e+01  4.000000e+01
     vertex -1.224197e+01  1.135888e+01  4.000000e+01
   endloop
 endfacet
 facet normal  7.158668e-01 -6.982368e-01  0.000000e+00
   outer loop
     vertex -1.224197e+01  1.135888e+01  0.000000e+00
     vertex -1.166055e+01  1.195498e+01  0.000000e+00
     vertex -1.166055e+01  1.195498e+01  4.000000e+01
   endloop
 endfacet
 facet normal  7.497812e-01 -6.616858e-01  0.000000e+00
   outer loop
     vertex -1.279294e+01  1.073455e+01  0.000000e+00
     vertex -1.224197e+01  1.135888e+01  4.000000e+01
     vertex -1.279294e+01  1.073455e+01  4.000000e+01
   endloop
 endfacet
 facet normal  7.497812e-01 -6.616858e-01  0.000000e+00
   outer loop
     vertex -1.279294e+01  1.073455e+01  0.000000e+00
     vertex -1.224197e+01  1.135888e+01  0.000000e+00
     vertex -1.224197e+01  1.135888e+01  4.000000e+01
   endloop
 endfacet
 facet normal  7.818315e-01 -6.234898e-01  0.000000e+00
   outer loop
     vertex -1.331211e+01  1.008353e+01  0.000000e+00
     vertex -1.279294e+01  1.073455e+01  4.000000e+01
     vertex -1.331211e+01  1.008353e+01  4.000000e+01
   endloop
 endfacet
 facet normal  8.119380e-01 -5.837437e-01  0.000000e+00
   outer loop
     vertex -1.331211e+01  1.008353e+01  0.000000e+00
     vertex -1.331211e+01  1.008353e+01  4.000000e+01
     vertex -1.379819e+01  9.407445e+00  4.000000e+01
   endloop
 endfacet
 facet normal  7.818315e-01 -6.234898e-01  0.000000e+00
   outer loop
     vertex -1.331211e+01  1.008353e+01  0.000000e+00
     vertex -1.279294e+01  1.073455e+01  0.000000e+00
     vertex -1.279294e+01  1.073455e+01  4.000000e+01
   endloop
 endfacet
 facet normal  8.119380e-01 -5.837437e-01  0.000000e+00
   outer loop
     vertex -1.379819e+01  9.407445e+00  0.000000e+00
     vertex -1.331211e+01  1.008353e+01  0.000000e+00
     vertex -1.379819e+01  9.407445e+00  4.000000e+01
   endloop
 endfacet
 facet normal  8.400259e-01 -5.425463e-01  0.000000e+00
   outer loop
     vertex -1.424996e+01  8.707968e+00  0.000000e+00
     vertex -1.379819e+01  9.407445e+00  4.000000e+01
     vertex -1.424996e+01  8.707968e+00  4.000000e+01
   endloop
 endfacet
 facet normal  8.660254e-01 -5.000000e-01  0.000000e+00
   outer loop
     vertex -1.424996e+01  8.707968e+00  0.000000e+00
     vertex -1.424996e+01  8.707968e+00  4.000000e+01
     vertex -1.466630e+01  7.986841e+00  4.000000e+01
   endloop
 endfacet
 facet normal  8.400259e-01 -5.425463e-01  0.000000e+00
   outer loop
     vertex -1.424996e+01  8.707968e+00  0.000000e+00
     vertex -1.379819e+01  9.407445e+00  0.000000e+00
     vertex -1.379819e+01  9.407445e+00  4.000000e+01
   endloop
 endfacet
 facet normal  8.660254e-01 -5.000000e-01  0.000000e+00
   outer loop
     vertex -1.466630e+01  7.986841e+00  0.000000e+00
     vertex -1.424996e+01  8.707968e+00  0.000000e+00
     vertex -1.466630e+01  7.986841e+00  4.000000e+01
   endloop
 endfacet
 facet normal  8.898718e-01 -4.562107e-01  0.000000e+00
   outer loop
     vertex -1.504618e+01  7.245858e+00  0.000000e+00
     vertex -1.466630e+01  7.986841e+00  4.000000e+01
     vertex -1.504618e+01  7.245858e+00  4.000000e+01
   endloop
 endfacet
 facet normal  9.115059e-01 -4.112871e-01  0.000000e+00
   outer loop
     vertex -1.504618e+01  7.245858e+00  0.000000e+00
     vertex -1.504618e+01  7.245858e+00  4.000000e+01
     vertex -1.538865e+01  6.486861e+00  4.000000e+01
   endloop
 endfacet
 facet normal  8.898718e-01 -4.562107e-01  0.000000e+00
   outer loop
     vertex -1.504618e+01  7.245858e+00  0.000000e+00
     vertex -1.466630e+01  7.986841e+00  0.000000e+00
     vertex -1.466630e+01  7.986841e+00  4.000000e+01
   endloop
 endfacet
 facet normal  9.115059e-01 -4.112871e-01  0.000000e+00
   outer loop
     vertex -1.538865e+01  6.486861e+00  0.000000e+00
     vertex -1.504618e+01  7.245858e+00  0.000000e+00
     vertex -1.538865e+01  6.486861e+00  4.000000e+01
   endloop
 endfacet
 facet normal  9.308737e-01 -3.653410e-01  0.000000e+00
   outer loop
     vertex -1.569287e+01  5.711736e+00  0.000000e+00
     vertex -1.538865e+01  6.486861e+00  4.000000e+01
     vertex -1.569287e+01  5.711736e+00  4.000000e+01
   endloop
 endfacet
 facet normal  9.308737e-01 -3.653410e-01  0.000000e+00
   outer loop
     vertex -1.569287e+01  5.711736e+00  0.000000e+00
     vertex -1.538865e+01  6.486861e+00  0.000000e+00
     vertex -1.538865e+01  6.486861e+00  4.000000e+01
   endloop
 endfacet
 facet normal  9.479273e-01 -3.184867e-01  0.000000e+00
   outer loop
     vertex -1.595807e+01  4.922411e+00  0.000000e+00
     vertex -1.569287e+01  5.711736e+00  4.000000e+01
     vertex -1.595807e+01  4.922411e+00  4.000000e+01
   endloop
 endfacet
 facet normal  9.626242e-01 -2.708405e-01  0.000000e+00
   outer loop
     vertex -1.595807e+01  4.922411e+00  0.000000e+00
     vertex -1.595807e+01  4.922411e+00  4.000000e+01
     vertex -1.618359e+01  4.120849e+00  4.000000e+01
   endloop
 endfacet
 facet normal  9.479273e-01 -3.184867e-01  0.000000e+00
   outer loop
     vertex -1.595807e+01  4.922411e+00  0.000000e+00
     vertex -1.569287e+01  5.711736e+00  0.000000e+00
     vertex -1.569287e+01  5.711736e+00  4.000000e+01
   endloop
 endfacet
 facet normal  9.626242e-01 -2.708405e-01  0.000000e+00
   outer loop
     vertex -1.618359e+01  4.120849e+00  0.000000e+00
     vertex -1.595807e+01  4.922411e+00  0.000000e+00
     vertex -1.618359e+01  4.120849e+00  4.000000e+01
   endloop
 endfacet
 facet normal  9.749279e-01 -2.225209e-01  0.000000e+00
   outer loop
     vertex -1.636888e+01  3.309041e+00  0.000000e+00
     vertex -1.618359e+01  4.120849e+00  4.000000e+01
     vertex -1.636888e+01  3.309041e+00  4.000000e+01
   endloop
 endfacet
 facet normal  9.749279e-01 -2.225209e-01  0.000000e+00
   outer loop
     vertex -1.636888e+01  3.309041e+00  0.000000e+00
     vertex -1.618359e+01  4.120849e+00  0.000000e+00
     vertex -1.618359e+01  4.120849e+00  4.000000e+01
   endloop
 endfacet
 facet normal  9.848078e-01 -1.736482e-01  0.000000e+00
   outer loop
     vertex -1.651347e+01  2.489006e+00  0.000000e+00
     vertex -1.636888e+01  3.309041e+00  4.000000e+01
     vertex -1.651347e+01  2.489006e+00  4.000000e+01
   endloop
 endfacet
 facet normal  9.848078e-01 -1.736482e-01  0.000000e+00
   outer loop
     vertex -1.651347e+01  2.489006e+00  0.000000e+00
     vertex -1.636888e+01  3.309041e+00  0.000000e+00
     vertex -1.636888e+01  3.309041e+00  4.000000e+01
   endloop
 endfacet
 facet normal  9.922392e-01 -1.243437e-01  0.000000e+00
   outer loop
     vertex -1.661701e+01  1.662783e+00  0.000000e+00
     vertex -1.651347e+01  2.489006e+00  4.000000e+01
     vertex -1.661701e+01  1.662783e+00  4.000000e+01
   endloop
 endfacet
 facet normal  9.922392e-01 -1.243437e-01  0.000000e+00
   outer loop
     vertex -1.661701e+01  1.662783e+00  0.000000e+00
     vertex -1.651347e+01  2.489006e+00  0.000000e+00
     vertex -1.651347e+01  2.489006e+00  4.000000e+01
   endloop
 endfacet
 facet normal  9.972038e-01 -7.473009e-02  0.000000e+00
   outer loop
     vertex -1.667924e+01  8.324263e-01  0.000000e+00
     vertex -1.661701e+01  1.662783e+00  0.000000e+00
     vertex -1.661701e+01  1.662783e+00  4.000000e+01
   endloop
 endfacet
 facet normal  9.972038e-01 -7.473009e-02  0.000000e+00
   outer loop
     vertex -1.667924e+01  8.324263e-01  0.000000e+00
     vertex -1.661701e+01  1.662783e+00  4.000000e+01
     vertex -1.667924e+01  8.324263e-01  4.000000e+01
   endloop
 endfacet
 facet normal  9.996892e-01 -2.493069e-02  0.000000e+00
   outer loop
     vertex -1.667924e+01  8.324263e-01  0.000000e+00
     vertex -1.667924e+01  8.324263e-01  4.000000e+01
     vertex -1.670000e+01 -5.728516e-14  4.000000e+01
   endloop
 endfacet
 facet normal  9.996892e-01 -2.493069e-02  0.000000e+00
   outer loop
     vertex -1.670000e+01 -5.728516e-14  0.000000e+00
     vertex -1.667924e+01  8.324263e-01  0.000000e+00
     vertex -1.670000e+01 -5.728516e-14  4.000000e+01
   endloop
 endfacet
 facet normal  9.996892e-01  2.493069e-02 -0.000000e+00
   outer loop
     vertex -1.670000e+01 -5.728516e-14  0.000000e+00
     vertex -1.670000e+01 -5.728516e-14  4.000000e+01
     vertex -1.667924e+01 -8.324263e-01  4.000000e+01
   endloop
 endfacet
 facet normal  9.996892e-01  2.493069e-02 -0.000000e+00
   outer loop
     vertex -1.667924e+01 -8.324263e-01  0.000000e+00
     vertex -1.670000e+01 -5.728516e-14  0.000000e+00
     vertex -1.667924e+01 -8.324263e-01  4.000000e+01
   endloop
 endfacet
 facet normal  9.972038e-01  7.473009e-02  0.000000e+00
   outer loop
     vertex -1.661701e+01 -1.662783e+00  0.000000e+00
     vertex -1.667924e+01 -8.324263e-01  0.000000e+00
     vertex -1.667924e+01 -8.324263e-01  4.000000e+01
   endloop
 endfacet
 facet normal  9.972038e-01  7.473009e-02 -0.000000e+00
   outer loop
     vertex -1.661701e+01 -1.662783e+00  0.000000e+00
     vertex -1.667924e+01 -8.324263e-01  4.000000e+01
     vertex -1.661701e+01 -1.662783e+00  4.000000e+01
   endloop
 endfacet
 facet normal  9.922392e-01  1.243437e-01 -0.000000e+00
   outer loop
     vertex -1.661701e+01 -1.662783e+00  0.000000e+00
     vertex -1.661701e+01 -1.662783e+00  4.000000e+01
     vertex -1.651347e+01 -2.489006e+00  4.000000e+01
   endloop
 endfacet
 facet normal  9.922392e-01  1.243437e-01 -0.000000e+00
   outer loop
     vertex -1.651347e+01 -2.489006e+00  0.000000e+00
     vertex -1.661701e+01 -1.662783e+00  0.000000e+00
     vertex -1.651347e+01 -2.489006e+00  4.000000e+01
   endloop
 endfacet
 facet normal  9.848078e-01  1.736482e-01 -0.000000e+00
   outer loop
     vertex -1.651347e+01 -2.489006e+00  0.000000e+00
     vertex -1.651347e+01 -2.489006e+00  4.000000e+01
     vertex -1.636888e+01 -3.309041e+00  4.000000e+01
   endloop
 endfacet
 facet normal  9.848078e-01  1.736482e-01 -0.000000e+00
   outer loop
     vertex -1.636888e+01 -3.309041e+00  0.000000e+00
     vertex -1.651347e+01 -2.489006e+00  0.000000e+00
     vertex -1.636888e+01 -3.309041e+00  4.000000e+01
   endloop
 endfacet
 facet normal  9.749279e-01  2.225209e-01 -0.000000e+00
   outer loop
     vertex -1.636888e+01 -3.309041e+00  0.000000e+00
     vertex -1.636888e+01 -3.309041e+00  4.000000e+01
     vertex -1.618359e+01 -4.120849e+00  4.000000e+01
   endloop
 endfacet
 facet normal  9.749279e-01  2.225209e-01 -0.000000e+00
   outer loop
     vertex -1.618359e+01 -4.120849e+00  0.000000e+00
     vertex -1.636888e+01 -3.309041e+00  0.000000e+00
     vertex -1.618359e+01 -4.120849e+00  4.000000e+01
   endloop
 endfacet
 facet normal  9.626242e-01  2.708405e-01  0.000000e+00
   outer loop
     vertex -1.595807e+01 -4.922411e+00  0.000000e+00
     vertex -1.618359e+01 -4.120849e+00  0.000000e+00
     vertex -1.618359e+01 -4.120849e+00  4.000000e+01
   endloop
 endfacet
 facet normal  9.626242e-01  2.708405e-01 -0.000000e+00
   outer loop
     vertex -1.595807e+01 -4.922411e+00  0.000000e+00
     vertex -1.618359e+01 -4.120849e+00  4.000000e+01
     vertex -1.595807e+01 -4.922411e+00  4.000000e+01
   endloop
 endfacet
 facet normal  9.479273e-01  3.184867e-01 -0.000000e+00
   outer loop
     vertex -1.595807e+01 -4.922411e+00  0.000000e+00
     vertex -1.595807e+01 -4.922411e+00  4.000000e+01
     vertex -1.569287e+01 -5.711736e+00  4.000000e+01
   endloop
 endfacet
 facet normal  9.479273e-01  3.184867e-01 -0.000000e+00
   outer loop
     vertex -1.569287e+01 -5.711736e+00  0.000000e+00
     vertex -1.595807e+01 -4.922411e+00  0.000000e+00
     vertex -1.569287e+01 -5.711736e+00  4.000000e+01
   endloop
 endfacet
 facet normal  9.308737e-01  3.653410e-01 -0.000000e+00
   outer loop
     vertex -1.569287e+01 -5.711736e+00  0.000000e+00
     vertex -1.569287e+01 -5.711736e+00  4.000000e+01
     vertex -1.538865e+01 -6.486861e+00  4.000000e+01
   endloop
 endfacet
 facet normal  9.308737e-01  3.653410e-01 -0.000000e+00
   outer loop
     vertex -1.538865e+01 -6.486861e+00  0.000000e+00
     vertex -1.569287e+01 -5.711736e+00  0.000000e+00
     vertex -1.538865e+01 -6.486861e+00  4.000000e+01
   endloop
 endfacet
 facet normal  9.115059e-01  4.112871e-01  0.000000e+00
   outer loop
     vertex -1.504618e+01 -7.245858e+00  0.000000e+00
     vertex -1.538865e+01 -6.486861e+00  0.000000e+00
     vertex -1.538865e+01 -6.486861e+00  4.000000e+01
   endloop
 endfacet
 facet normal  9.115059e-01  4.112871e-01 -0.000000e+00
   outer loop
     vertex -1.504618e+01 -7.245858e+00  0.000000e+00
     vertex -1.538865e+01 -6.486861e+00  4.000000e+01
     vertex -1.504618e+01 -7.245858e+00  4.000000e+01
   endloop
 endfacet
 facet normal  8.898718e-01  4.562107e-01 -0.000000e+00
   outer loop
     vertex -1.504618e+01 -7.245858e+00  0.000000e+00
     vertex -1.504618e+01 -7.245858e+00  4.000000e+01
     vertex -1.466630e+01 -7.986841e+00  4.000000e+01
   endloop
 endfacet
 facet normal  8.898718e-01  4.562107e-01 -0.000000e+00
   outer loop
     vertex -1.466630e+01 -7.986841e+00  0.000000e+00
     vertex -1.504618e+01 -7.245858e+00  0.000000e+00
     vertex -1.466630e+01 -7.986841e+00  4.000000e+01
   endloop
 endfacet
 facet normal  8.660254e-01  5.000000e-01  0.000000e+00
   outer loop
     vertex -1.424996e+01 -8.707968e+00  0.000000e+00
     vertex -1.466630e+01 -7.986841e+00  0.000000e+00
     vertex -1.466630e+01 -7.986841e+00  4.000000e+01
   endloop
 endfacet
 facet normal  8.660254e-01  5.000000e-01 -0.000000e+00
   outer loop
     vertex -1.424996e+01 -8.707968e+00  0.000000e+00
     vertex -1.466630e+01 -7.986841e+00  4.000000e+01
     vertex -1.424996e+01 -8.707968e+00  4.000000e+01
   endloop
 endfacet
 facet normal  8.400259e-01  5.425463e-01  0.000000e+00
   outer loop
     vertex -1.379819e+01 -9.407445e+00  0.000000e+00
     vertex -1.424996e+01 -8.707968e+00  0.000000e+00
     vertex -1.424996e+01 -8.707968e+00  4.000000e+01
   endloop
 endfacet
 facet normal  8.400259e-01  5.425463e-01 -0.000000e+00
   outer loop
     vertex -1.379819e+01 -9.407445e+00  0.000000e+00
     vertex -1.424996e+01 -8.707968e+00  4.000000e+01
     vertex -1.379819e+01 -9.407445e+00  4.000000e+01
   endloop
 endfacet
 facet normal  8.119380e-01  5.837437e-01  0.000000e+00
   outer loop
     vertex -1.331211e+01 -1.008353e+01  0.000000e+00
     vertex -1.379819e+01 -9.407445e+00  0.000000e+00
     vertex -1.379819e+01 -9.407445e+00  4.000000e+01
   endloop
 endfacet
 facet normal  8.119380e-01  5.837437e-01 -0.000000e+00
   outer loop
     vertex -1.331211e+01 -1.008353e+01  0.000000e+00
     vertex -1.379819e+01 -9.407445e+00  4.000000e+01
     vertex -1.331211e+01 -1.008353e+01  4.000000e+01
   endloop
 endfacet
 facet normal  7.818315e-01  6.234898e-01 -0.000000e+00
   outer loop
     vertex -1.331211e+01 -1.008353e+01  0.000000e+00
     vertex -1.331211e+01 -1.008353e+01  4.000000e+01
     vertex -1.279294e+01 -1.073455e+01  4.000000e+01
   endloop
 endfacet
 facet normal  7.818315e-01  6.234898e-01 -0.000000e+00
   outer loop
     vertex -1.279294e+01 -1.073455e+01  0.000000e+00
     vertex -1.331211e+01 -1.008353e+01  0.000000e+00
     vertex -1.279294e+01 -1.073455e+01  4.000000e+01
   endloop
 endfacet
 facet normal  7.497812e-01  6.616858e-01  0.000000e+00
   outer loop
     vertex -1.224197e+01 -1.135888e+01  0.000000e+00
     vertex -1.279294e+01 -1.073455e+01  0.000000e+00
     vertex -1.279294e+01 -1.073455e+01  4.000000e+01
   endloop
 endfacet
 facet normal  7.497812e-01  6.616858e-01 -0.000000e+00
   outer loop
     vertex -1.224197e+01 -1.135888e+01  0.000000e+00
     vertex -1.279294e+01 -1.073455e+01  4.000000e+01
     vertex -1.224197e+01 -1.135888e+01  4.000000e+01
   endloop
 endfacet
 facet normal  7.158668e-01  6.982368e-01  0.000000e+00
   outer loop
     vertex -1.166055e+01 -1.195498e+01  0.000000e+00
     vertex -1.224197e+01 -1.135888e+01  0.000000e+00
     vertex -1.224197e+01 -1.135888e+01  4.000000e+01
   endloop
 endfacet
 facet normal  7.158668e-01  6.982368e-01 -0.000000e+00
   outer loop
     vertex -1.166055e+01 -1.195498e+01  0.000000e+00
     vertex -1.224197e+01 -1.135888e+01  4.000000e+01
     vertex -1.166055e+01 -1.195498e+01  4.000000e+01
   endloop
 endfacet
 facet normal  6.801727e-01  7.330519e-01 -0.000000e+00
   outer loop
     vertex -1.166055e+01 -1.195498e+01  0.000000e+00
     vertex -1.166055e+01 -1.195498e+01  4.000000e+01
     vertex -1.105015e+01 -1.252135e+01  4.000000e+01
   endloop
 endfacet
 facet normal  6.801727e-01  7.330519e-01 -0.000000e+00
   outer loop
     vertex -1.105015e+01 -1.252135e+01  0.000000e+00
     vertex -1.166055e+01 -1.195498e+01  0.000000e+00
     vertex -1.105015e+01 -1.252135e+01  4.000000e+01
   endloop
 endfacet
 facet normal  6.427876e-01  7.660444e-01  0.000000e+00
   outer loop
     vertex -1.041228e+01 -1.305659e+01  0.000000e+00
     vertex -1.105015e+01 -1.252135e+01  0.000000e+00
     vertex -1.105015e+01 -1.252135e+01  4.000000e+01
   endloop
 endfacet
 facet normal  6.427876e-01  7.660444e-01 -0.000000e+00
   outer loop
     vertex -1.041228e+01 -1.305659e+01  0.000000e+00
     vertex -1.105015e+01 -1.252135e+01  4.000000e+01
     vertex -1.041228e+01 -1.305659e+01  4.000000e+01
   endloop
 endfacet
 facet normal  6.038044e-01  7.971325e-01  0.000000e+00
   outer loop
     vertex -9.748519e+00 -1.355936e+01  0.000000e+00
     vertex -1.041228e+01 -1.305659e+01  0.000000e+00
     vertex -1.041228e+01 -1.305659e+01  4.000000e+01
   endloop
 endfacet
 facet normal  6.038044e-01  7.971325e-01 -0.000000e+00
   outer loop
     vertex -9.748519e+00 -1.355936e+01  0.000000e+00
     vertex -1.041228e+01 -1.305659e+01  4.000000e+01
     vertex -9.748519e+00 -1.355936e+01  4.000000e+01
   endloop
 endfacet
 facet normal  5.633201e-01  8.262388e-01 -0.000000e+00
   outer loop
     vertex -9.060523e+00 -1.402843e+01  0.000000e+00
     vertex -9.748519e+00 -1.355936e+01  4.000000e+01
     vertex -9.060523e+00 -1.402843e+01  4.000000e+01
   endloop
 endfacet
 facet normal  5.633201e-01  8.262388e-01  0.000000e+00
   outer loop
     vertex -9.060523e+00 -1.402843e+01  0.000000e+00
     vertex -9.748519e+00 -1.355936e+01  0.000000e+00
     vertex -9.748519e+00 -1.355936e+01  4.000000e+01
   endloop
 endfacet
 facet normal  5.214352e-01  8.532909e-01 -0.000000e+00
   outer loop
     vertex -9.060523e+00 -1.402843e+01  0.000000e+00
     vertex -9.060523e+00 -1.402843e+01  4.000000e+01
     vertex -8.350000e+00 -1.446262e+01  4.000000e+01
   endloop
 endfacet
 facet normal  5.214352e-01  8.532909e-01 -0.000000e+00
   outer loop
     vertex -8.350000e+00 -1.446262e+01  0.000000e+00
     vertex -9.060523e+00 -1.402843e+01  0.000000e+00
     vertex -8.350000e+00 -1.446262e+01  4.000000e+01
   endloop
 endfacet
 facet normal  4.782540e-01  8.782216e-01 -0.000000e+00
   outer loop
     vertex -7.618718e+00 -1.486086e+01  0.000000e+00
     vertex -8.350000e+00 -1.446262e+01  4.000000e+01
     vertex -7.618718e+00 -1.486086e+01  4.000000e+01
   endloop
 endfacet
 facet normal  4.782540e-01  8.782216e-01  0.000000e+00
   outer loop
     vertex -7.618718e+00 -1.486086e+01  0.000000e+00
     vertex -8.350000e+00 -1.446262e+01  0.000000e+00
     vertex -8.350000e+00 -1.446262e+01  4.000000e+01
   endloop
 endfacet
 facet normal  4.338837e-01  9.009689e-01 -0.000000e+00
   outer loop
     vertex -6.868495e+00 -1.522215e+01  0.000000e+00
     vertex -7.618718e+00 -1.486086e+01  4.000000e+01
     vertex -6.868495e+00 -1.522215e+01  4.000000e+01
   endloop
 endfacet
 facet normal  4.338837e-01  9.009689e-01  0.000000e+00
   outer loop
     vertex -6.868495e+00 -1.522215e+01  0.000000e+00
     vertex -7.618718e+00 -1.486086e+01  0.000000e+00
     vertex -7.618718e+00 -1.486086e+01  4.000000e+01
   endloop
 endfacet
 facet normal  3.884348e-01  9.214762e-01 -0.000000e+00
   outer loop
     vertex -6.101195e+00 -1.554559e+01  0.000000e+00
     vertex -6.868495e+00 -1.522215e+01  4.000000e+01
     vertex -6.101195e+00 -1.554559e+01  4.000000e+01
   endloop
 endfacet
 facet normal  3.884348e-01  9.214762e-01  0.000000e+00
   outer loop
     vertex -6.101195e+00 -1.554559e+01  0.000000e+00
     vertex -6.868495e+00 -1.522215e+01  0.000000e+00
     vertex -6.868495e+00 -1.522215e+01  4.000000e+01
   endloop
 endfacet
 facet normal  3.420201e-01  9.396926e-01  0.000000e+00
   outer loop
     vertex -5.318727e+00 -1.583039e+01  0.000000e+00
     vertex -6.101195e+00 -1.554559e+01  0.000000e+00
     vertex -6.101195e+00 -1.554559e+01  4.000000e+01
   endloop
 endfacet
 facet normal  3.420201e-01  9.396926e-01 -0.000000e+00
   outer loop
     vertex -5.318727e+00 -1.583039e+01  0.000000e+00
     vertex -6.101195e+00 -1.554559e+01  4.000000e+01
     vertex -5.318727e+00 -1.583039e+01  4.000000e+01
   endloop
 endfacet
 facet normal  2.947552e-01  9.555728e-01  0.000000e+00
   outer loop
     vertex -4.523036e+00 -1.607582e+01  0.000000e+00
     vertex -5.318727e+00 -1.583039e+01  0.000000e+00
     vertex -5.318727e+00 -1.583039e+01  4.000000e+01
   endloop
 endfacet
 facet normal  2.947552e-01  9.555728e-01 -0.000000e+00
   outer loop
     vertex -4.523036e+00 -1.607582e+01  0.000000e+00
     vertex -5.318727e+00 -1.583039e+01  4.000000e+01
     vertex -4.523036e+00 -1.607582e+01  4.000000e+01
   endloop
 endfacet
 facet normal  2.467574e-01  9.690773e-01  0.000000e+00
   outer loop
     vertex -3.716100e+00 -1.628130e+01  0.000000e+00
     vertex -4.523036e+00 -1.607582e+01  0.000000e+00
     vertex -4.523036e+00 -1.607582e+01  4.000000e+01
   endloop
 endfacet
 facet normal  2.467574e-01  9.690773e-01 -0.000000e+00
   outer loop
     vertex -3.716100e+00 -1.628130e+01  0.000000e+00
     vertex -4.523036e+00 -1.607582e+01  4.000000e+01
     vertex -3.716100e+00 -1.628130e+01  4.000000e+01
   endloop
 endfacet
 facet normal  1.981461e-01  9.801725e-01  0.000000e+00
   outer loop
     vertex -2.899925e+00 -1.644629e+01  0.000000e+00
     vertex -3.716100e+00 -1.628130e+01  0.000000e+00
     vertex -3.716100e+00 -1.628130e+01  4.000000e+01
   endloop
 endfacet
 facet normal  1.981461e-01  9.801725e-01 -0.000000e+00
   outer loop
     vertex -2.899925e+00 -1.644629e+01  0.000000e+00
     vertex -3.716100e+00 -1.628130e+01  4.000000e+01
     vertex -2.899925e+00 -1.644629e+01  4.000000e+01
   endloop
 endfacet
 facet normal  1.490423e-01  9.888308e-01 -0.000000e+00
   outer loop
     vertex -2.899925e+00 -1.644629e+01  0.000000e+00
     vertex -2.899925e+00 -1.644629e+01  4.000000e+01
     vertex -2.076540e+00 -1.657039e+01  4.000000e+01
   endloop
 endfacet
 facet normal  1.490423e-01  9.888308e-01 -0.000000e+00
   outer loop
     vertex -2.076540e+00 -1.657039e+01  0.000000e+00
     vertex -2.899925e+00 -1.644629e+01  0.000000e+00
     vertex -2.076540e+00 -1.657039e+01  4.000000e+01
   endloop
 endfacet
 facet normal  9.956785e-02  9.950308e-01  0.000000e+00
   outer loop
     vertex -1.247993e+00 -1.665330e+01  0.000000e+00
     vertex -2.076540e+00 -1.657039e+01  0.000000e+00
     vertex -2.076540e+00 -1.657039e+01  4.000000e+01
   endloop
 endfacet
 facet normal  9.956785e-02  9.950308e-01 -0.000000e+00
   outer loop
     vertex -1.247993e+00 -1.665330e+01  0.000000e+00
     vertex -2.076540e+00 -1.657039e+01  4.000000e+01
     vertex -1.247993e+00 -1.665330e+01  4.000000e+01
   endloop
 endfacet
 facet normal  4.984589e-02  9.987569e-01  0.000000e+00
   outer loop
     vertex -4.163426e-01 -1.669481e+01  0.000000e+00
     vertex -1.247993e+00 -1.665330e+01  0.000000e+00
     vertex -1.247993e+00 -1.665330e+01  4.000000e+01
   endloop
 endfacet
 facet normal  4.984589e-02  9.987569e-01 -0.000000e+00
   outer loop
     vertex -4.163426e-01 -1.669481e+01  0.000000e+00
     vertex -1.247993e+00 -1.665330e+01  4.000000e+01
     vertex -4.163426e-01 -1.669481e+01  4.000000e+01
   endloop
 endfacet
 facet normal -8.533151e-15  1.000000e+00  0.000000e+00
   outer loop
     vertex  4.163426e-01 -1.669481e+01  0.000000e+00
     vertex -4.163426e-01 -1.669481e+01  0.000000e+00
     vertex -4.163426e-01 -1.669481e+01  4.000000e+01
   endloop
 endfacet
 facet normal -8.533151e-15  1.000000e+00  0.000000e+00
   outer loop
     vertex  4.163426e-01 -1.669481e+01  0.000000e+00
     vertex -4.163426e-01 -1.669481e+01  4.000000e+01
     vertex  4.163426e-01 -1.669481e+01  4.000000e+01
   endloop
 endfacet
 facet normal -4.984589e-02  9.987569e-01  0.000000e+00
   outer loop
     vertex  1.247993e+00 -1.665330e+01  0.000000e+00
     vertex  4.163426e-01 -1.669481e+01  0.000000e+00
     vertex  4.163426e-01 -1.669481e+01  4.000000e+01
   endloop
 endfacet
 facet normal -4.984589e-02  9.987569e-01  0.000000e+00
   outer loop
     vertex  1.247993e+00 -1.665330e+01  0.000000e+00
     vertex  4.163426e-01 -1.669481e+01  4.000000e+01
     vertex  1.247993e+00 -1.665330e+01  4.000000e+01
   endloop
 endfacet
 facet normal -9.956785e-02  9.950308e-01  0.000000e+00
   outer loop
     vertex  2.076540e+00 -1.657039e+01  0.000000e+00
     vertex  1.247993e+00 -1.665330e+01  0.000000e+00
     vertex  1.247993e+00 -1.665330e+01  4.000000e+01
   endloop
 endfacet
 facet normal -9.956785e-02  9.950308e-01  0.000000e+00
   outer loop
     vertex  2.076540e+00 -1.657039e+01  0.000000e+00
     vertex  1.247993e+00 -1.665330e+01  4.000000e+01
     vertex  2.076540e+00 -1.657039e+01  4.000000e+01
   endloop
 endfacet
 facet normal -1.490423e-01  9.888308e-01  0.000000e+00
   outer loop
     vertex  2.899925e+00 -1.644629e+01  0.000000e+00
     vertex  2.076540e+00 -1.657039e+01  0.000000e+00
     vertex  2.076540e+00 -1.657039e+01  4.000000e+01
   endloop
 endfacet
 facet normal -1.490423e-01  9.888308e-01  0.000000e+00
   outer loop
     vertex  2.899925e+00 -1.644629e+01  0.000000e+00
     vertex  2.076540e+00 -1.657039e+01  4.000000e+01
     vertex  2.899925e+00 -1.644629e+01  4.000000e+01
   endloop
 endfacet
 facet normal -1.981461e-01  9.801725e-01  0.000000e+00
   outer loop
     vertex  3.716100e+00 -1.628130e+01  0.000000e+00
     vertex  2.899925e+00 -1.644629e+01  0.000000e+00
     vertex  2.899925e+00 -1.644629e+01  4.000000e+01
   endloop
 endfacet
 facet normal -1.981461e-01  9.801725e-01  0.000000e+00
   outer loop
     vertex  3.716100e+00 -1.628130e+01  0.000000e+00
     vertex  2.899925e+00 -1.644629e+01  4.000000e+01
     vertex  3.716100e+00 -1.628130e+01  4.000000e+01
   endloop
 endfacet
 facet normal -2.467574e-01  9.690773e-01  0.000000e+00
   outer loop
     vertex  4.523036e+00 -1.607582e+01  0.000000e+00
     vertex  3.716100e+00 -1.628130e+01  4.000000e+01
     vertex  4.523036e+00 -1.607582e+01  4.000000e+01
   endloop
 endfacet
 facet normal -2.467574e-01  9.690773e-01  0.000000e+00
   outer loop
     vertex  4.523036e+00 -1.607582e+01  0.000000e+00
     vertex  3.716100e+00 -1.628130e+01  0.000000e+00
     vertex  3.716100e+00 -1.628130e+01  4.000000e+01
   endloop
 endfacet
 facet normal -2.947552e-01  9.555728e-01  0.000000e+00
   outer loop
     vertex  5.318727e+00 -1.583039e+01  0.000000e+00
     vertex  4.523036e+00 -1.607582e+01  4.000000e+01
     vertex  5.318727e+00 -1.583039e+01  4.000000e+01
   endloop
 endfacet
 facet normal -2.947552e-01  9.555728e-01  0.000000e+00
   outer loop
     vertex  5.318727e+00 -1.583039e+01  0.000000e+00
     vertex  4.523036e+00 -1.607582e+01  0.000000e+00
     vertex  4.523036e+00 -1.607582e+01  4.000000e+01
   endloop
 endfacet
 facet normal -3.420201e-01  9.396926e-01  0.000000e+00
   outer loop
     vertex  6.101195e+00 -1.554559e+01  0.000000e+00
     vertex  5.318727e+00 -1.583039e+01  4.000000e+01
     vertex  6.101195e+00 -1.554559e+01  4.000000e+01
   endloop
 endfacet
 facet normal -3.420201e-01  9.396926e-01  0.000000e+00
   outer loop
     vertex  6.101195e+00 -1.554559e+01  0.000000e+00
     vertex  5.318727e+00 -1.583039e+01  0.000000e+00
     vertex  5.318727e+00 -1.583039e+01  4.000000e+01
   endloop
 endfacet
 facet normal -3.884348e-01  9.214762e-01  0.000000e+00
   outer loop
     vertex  6.868495e+00 -1.522215e+01  0.000000e+00
     vertex  6.101195e+00 -1.554559e+01  4.000000e+01
     vertex  6.868495e+00 -1.522215e+01  4.000000e+01
   endloop
 endfacet
 facet normal -3.884348e-01  9.214762e-01  0.000000e+00
   outer loop
     vertex  6.868495e+00 -1.522215e+01  0.000000e+00
     vertex  6.101195e+00 -1.554559e+01  0.000000e+00
     vertex  6.101195e+00 -1.554559e+01  4.000000e+01
   endloop
 endfacet
 facet normal -4.338837e-01  9.009689e-01  0.000000e+00
   outer loop
     vertex  7.618718e+00 -1.486086e+01  0.000000e+00
     vertex  6.868495e+00 -1.522215e+01  4.000000e+01
     vertex  7.618718e+00 -1.486086e+01  4.000000e+01
   endloop
 endfacet
 facet normal -4.782540e-01  8.782216e-01  0.000000e+00
   outer loop
     vertex  7.618718e+00 -1.486086e+01  0.000000e+00
     vertex  7.618718e+00 -1.486086e+01  4.000000e+01
     vertex  8.350000e+00 -1.446262e+01  4.000000e+01
   endloop
 endfacet
 facet normal -4.338837e-01  9.009689e-01  0.000000e+00
   outer loop
     vertex  7.618718e+00 -1.486086e+01  0.000000e+00
     vertex  6.868495e+00 -1.522215e+01  0.000000e+00
     vertex  6.868495e+00 -1.522215e+01  4.000000e+01
   endloop
 endfacet
 facet normal -4.782540e-01  8.782216e-01  0.000000e+00
   outer loop
     vertex  8.350000e+00 -1.446262e+01  0.000000e+00
     vertex  7.618718e+00 -1.486086e+01  0.000000e+00
     vertex  8.350000e+00 -1.446262e+01  4.000000e+01
   endloop
 endfacet
 facet normal -5.214352e-01  8.532909e-01  0.000000e+00
   outer loop
     vertex  9.060523e+00 -1.402843e+01  0.000000e+00
     vertex  8.350000e+00 -1.446262e+01  4.000000e+01
     vertex  9.060523e+00 -1.402843e+01  4.000000e+01
   endloop
 endfacet
 facet normal -5.214352e-01  8.532909e-01  0.000000e+00
   outer loop
     vertex  9.060523e+00 -1.402843e+01  0.000000e+00
     vertex  8.350000e+00 -1.446262e+01  0.000000e+00
     vertex  8.350000e+00 -1.446262e+01  4.000000e+01
   endloop
 endfacet
 facet normal -5.633201e-01  8.262388e-01  0.000000e+00
   outer loop
     vertex  9.748519e+00 -1.355936e+01  0.000000e+00
     vertex  9.060523e+00 -1.402843e+01  4.000000e+01
     vertex  9.748519e+00 -1.355936e+01  4.000000e+01
   endloop
 endfacet
 facet normal -5.633201e-01  8.262388e-01  0.000000e+00
   outer loop
     vertex  9.748519e+00 -1.355936e+01  0.000000e+00
     vertex  9.060523e+00 -1.402843e+01  0.000000e+00
     vertex  9.060523e+00 -1.402843e+01  4.000000e+01
   endloop
 endfacet
 facet normal -6.038044e-01  7.971325e-01  0.000000e+00
   outer loop
     vertex  1.041228e+01 -1.305659e+01  0.000000e+00
     vertex  9.748519e+00 -1.355936e+01  4.000000e+01
     vertex  1.041228e+01 -1.305659e+01  4.000000e+01
   endloop
 endfacet
 facet normal -6.038044e-01  7.971325e-01  0.000000e+00
   outer loop
     vertex  1.041228e+01 -1.305659e+01  0.000000e+00
     vertex  9.748519e+00 -1.355936e+01  0.000000e+00
     vertex  9.748519e+00 -1.355936e+01  4.000000e+01
   endloop
 endfacet
 facet normal -6.427876e-01  7.660444e-01  0.000000e+00
   outer loop
     vertex  1.105015e+01 -1.252135e+01  0.000000e+00
     vertex  1.041228e+01 -1.305659e+01  4.000000e+01
     vertex  1.105015e+01 -1.252135e+01  4.000000e+01
   endloop
 endfacet
 facet normal -6.427876e-01  7.660444e-01  0.000000e+00
   outer loop
     vertex  1.105015e+01 -1.252135e+01  0.000000e+00
     vertex  1.041228e+01 -1.305659e+01  0.000000e+00
     vertex  1.041228e+01 -1.305659e+01  4.000000e+01
   endloop
 endfacet
 facet normal -6.801727e-01  7.330519e-01  0.000000e+00
   outer loop
     vertex  1.166055e+01 -1.195498e+01  0.000000e+00
     vertex  1.105015e+01 -1.252135e+01  4.000000e+01
     vertex  1.166055e+01 -1.195498e+01  4.000000e+01
   endloop
 endfacet
 facet normal -6.801727e-01  7.330519e-01  0.000000e+00
   outer loop
     vertex  1.166055e+01 -1.195498e+01  0.000000e+00
     vertex  1.105015e+01 -1.252135e+01  0.000000e+00
     vertex  1.105015e+01 -1.252135e+01  4.000000e+01
   endloop
 endfacet
 facet normal -7.158668e-01  6.982368e-01  0.000000e+00
   outer loop
     vertex  1.224197e+01 -1.135888e+01  0.000000e+00
     vertex  1.166055e+01 -1.195498e+01  4.000000e+01
     vertex  1.224197e+01 -1.135888e+01  4.000000e+01
   endloop
 endfacet
 facet normal -7.158668e-01  6.982368e-01  0.000000e+00
   outer loop
     vertex  1.224197e+01 -1.135888e+01  0.000000e+00
     vertex  1.166055e+01 -1.195498e+01  0.000000e+00
     vertex  1.166055e+01 -1.195498e+01  4.000000e+01
   endloop
 endfacet
 facet normal -7.497812e-01  6.616858e-01  0.000000e+00
   outer loop
     vertex  1.279294e+01 -1.073455e+01  0.000000e+00
     vertex  1.224197e+01 -1.135888e+01  0.000000e+00
     vertex  1.224197e+01 -1.135888e+01  4.000000e+01
   endloop
 endfacet
 facet normal -7.497812e-01  6.616858e-01  0.000000e+00
   outer loop
     vertex  1.279294e+01 -1.073455e+01  0.000000e+00
     vertex  1.224197e+01 -1.135888e+01  4.000000e+01
     vertex  1.279294e+01 -1.073455e+01  4.000000e+01
   endloop
 endfacet
 facet normal -7.818315e-01  6.234898e-01  0.000000e+00
   outer loop
     vertex  1.331211e+01 -1.008353e+01  0.000000e+00
     vertex  1.279294e+01 -1.073455e+01  0.000000e+00
     vertex  1.279294e+01 -1.073455e+01  4.000000e+01
   endloop
 endfacet
 facet normal -7.818315e-01  6.234898e-01  0.000000e+00
   outer loop
     vertex  1.331211e+01 -1.008353e+01  0.000000e+00
     vertex  1.279294e+01 -1.073455e+01  4.000000e+01
     vertex  1.331211e+01 -1.008353e+01  4.000000e+01
   endloop
 endfacet
 facet normal -8.119380e-01  5.837437e-01  0.000000e+00
   outer loop
     vertex  1.379819e+01 -9.407445e+00  0.000000e+00
     vertex  1.331211e+01 -1.008353e+01  0.000000e+00
     vertex  1.331211e+01 -1.008353e+01  4.000000e+01
   endloop
 endfacet
 facet normal -8.119380e-01  5.837437e-01  0.000000e+00
   outer loop
     vertex  1.379819e+01 -9.407445e+00  0.000000e+00
     vertex  1.331211e+01 -1.008353e+01  4.000000e+01
     vertex  1.379819e+01 -9.407445e+00  4.000000e+01
   endloop
 endfacet
 facet normal -8.400259e-01  5.425463e-01  0.000000e+00
   outer loop
     vertex  1.424996e+01 -8.707968e+00  0.000000e+00
     vertex  1.379819e+01 -9.407445e+00  0.000000e+00
     vertex  1.379819e+01 -9.407445e+00  4.000000e+01
   endloop
 endfacet
 facet normal -8.400259e-01  5.425463e-01  0.000000e+00
   outer loop
     vertex  1.424996e+01 -8.707968e+00  0.000000e+00
     vertex  1.379819e+01 -9.407445e+00  4.000000e+01
     vertex  1.424996e+01 -8.707968e+00  4.000000e+01
   endloop
 endfacet
 facet normal -8.660254e-01  5.000000e-01  0.000000e+00
   outer loop
     vertex  1.466630e+01 -7.986841e+00  0.000000e+00
     vertex  1.424996e+01 -8.707968e+00  0.000000e+00
     vertex  1.424996e+01 -8.707968e+00  4.000000e+01
   endloop
 endfacet
 facet normal -8.660254e-01  5.000000e-01  0.000000e+00
   outer loop
     vertex  1.466630e+01 -7.986841e+00  0.000000e+00
     vertex  1.424996e+01 -8.707968e+00  4.000000e+01
     vertex  1.466630e+01 -7.986841e+00  4.000000e+01
   endloop
 endfacet
 facet normal -8.898718e-01  4.562107e-01  0.000000e+00
   outer loop
     vertex  1.504618e+01 -7.245858e+00  0.000000e+00
     vertex  1.466630e+01 -7.986841e+00  4.000000e+01
     vertex  1.504618e+01 -7.245858e+00  4.000000e+01
   endloop
 endfacet
 facet normal -8.898718e-01  4.562107e-01  0.000000e+00
   outer loop
     vertex  1.504618e+01 -7.245858e+00  0.000000e+00
     vertex  1.466630e+01 -7.986841e+00  0.000000e+00
     vertex  1.466630e+01 -7.986841e+00  4.000000e+01
   endloop
 endfacet
 facet normal -9.115059e-01  4.112871e-01  0.000000e+00
   outer loop
     vertex  1.538865e+01 -6.486861e+00  0.000000e+00
     vertex  1.504618e+01 -7.245858e+00  4.000000e+01
     vertex  1.538865e+01 -6.486861e+00  4.000000e+01
   endloop
 endfacet
 facet normal -9.115059e-01  4.112871e-01  0.000000e+00
   outer loop
     vertex  1.538865e+01 -6.486861e+00  0.000000e+00
     vertex  1.504618e+01 -7.245858e+00  0.000000e+00
     vertex  1.504618e+01 -7.245858e+00  4.000000e+01
   endloop
 endfacet
 facet normal -9.308737e-01  3.653410e-01  0.000000e+00
   outer loop
     vertex  1.569287e+01 -5.711736e+00  0.000000e+00
     vertex  1.538865e+01 -6.486861e+00  4.000000e+01
     vertex  1.569287e+01 -5.711736e+00  4.000000e+01
   endloop
 endfacet
 facet normal -9.479273e-01  3.184867e-01  0.000000e+00
   outer loop
     vertex  1.569287e+01 -5.711736e+00  0.000000e+00
     vertex  1.569287e+01 -5.711736e+00  4.000000e+01
     vertex  1.595807e+01 -4.922411e+00  4.000000e+01
   endloop
 endfacet
 facet normal -9.308737e-01  3.653410e-01  0.000000e+00
   outer loop
     vertex  1.569287e+01 -5.711736e+00  0.000000e+00
     vertex  1.538865e+01 -6.486861e+00  0.000000e+00
     vertex  1.538865e+01 -6.486861e+00  4.000000e+01
   endloop
 endfacet
 facet normal -9.479273e-01  3.184867e-01  0.000000e+00
   outer loop
     vertex  1.595807e+01 -4.922411e+00  0.000000e+00
     vertex  1.569287e+01 -5.711736e+00  0.000000e+00
     vertex  1.595807e+01 -4.922411e+00  4.000000e+01
   endloop
 endfacet
 facet normal -9.626242e-01  2.708405e-01  0.000000e+00
   outer loop
     vertex  1.618359e+01 -4.120849e+00  0.000000e+00
     vertex  1.595807e+01 -4.922411e+00  4.000000e+01
     vertex  1.618359e+01 -4.120849e+00  4.000000e+01
   endloop
 endfacet
 facet normal -9.626242e-01  2.708405e-01  0.000000e+00
   outer loop
     vertex  1.618359e+01 -4.120849e+00  0.000000e+00
     vertex  1.595807e+01 -4.922411e+00  0.000000e+00
     vertex  1.595807e+01 -4.922411e+00  4.000000e+01
   endloop
 endfacet
 facet normal -9.749279e-01  2.225209e-01  0.000000e+00
   outer loop
     vertex  1.636888e+01 -3.309041e+00  0.000000e+00
     vertex  1.618359e+01 -4.120849e+00  4.000000e+01
     vertex  1.636888e+01 -3.309041e+00  4.000000e+01
   endloop
 endfacet
 facet normal -9.749279e-01  2.225209e-01  0.000000e+00
   outer loop
     vertex  1.636888e+01 -3.309041e+00  0.000000e+00
     vertex  1.618359e+01 -4.120849e+00  0.000000e+00
     vertex  1.618359e+01 -4.120849e+00  4.000000e+01
   endloop
 endfacet
 facet normal -9.848078e-01  1.736482e-01  0.000000e+00
   outer loop
     vertex  1.651347e+01 -2.489006e+00  0.000000e+00
     vertex  1.636888e+01 -3.309041e+00  4.000000e+01
     vertex  1.651347e+01 -2.489006e+00  4.000000e+01
   endloop
 endfacet
 facet normal -9.848078e-01  1.736482e-01  0.000000e+00
   outer loop
     vertex  1.651347e+01 -2.489006e+00  0.000000e+00
     vertex  1.636888e+01 -3.309041e+00  0.000000e+00
     vertex  1.636888e+01 -3.309041e+00  4.000000e+01
   endloop
 endfacet
 facet normal -9.922392e-01  1.243437e-01  0.000000e+00
   outer loop
     vertex  1.661701e+01 -1.662783e+00  0.000000e+00
     vertex  1.651347e+01 -2.489006e+00  4.000000e+01
     vertex  1.661701e+01 -1.662783e+00  4.000000e+01
   endloop
 endfacet
 facet normal -9.922392e-01  1.243437e-01  0.000000e+00
   outer loop
     vertex  1.661701e+01 -1.662783e+00  0.000000e+00
     vertex  1.651347e+01 -2.489006e+00  0.000000e+00
     vertex  1.651347e+01 -2.489006e+00  4.000000e+01
   endloop
 endfacet
 facet normal -9.972038e-01  7.473009e-02  0.000000e+00
   outer loop
     vertex  1.667924e+01 -8.324263e-01  0.000000e+00
     vertex  1.661701e+01 -1.662783e+00  4.000000e+01
     vertex  1.667924e+01 -8.324263e-01  4.000000e+01
   endloop
 endfacet
 facet normal -9.996892e-01  2.493069e-02  0.000000e+00
   outer loop
     vertex  1.667924e+01 -8.324263e-01  0.000000e+00
     vertex  1.667924e+01 -8.324263e-01  4.000000e+01
     vertex  1.670000e+01  0.000000e+00  4.000000e+01
   endloop
 endfacet
 facet normal -9.972038e-01  7.473009e-02  0.000000e+00
   outer loop
     vertex  1.667924e+01 -8.324263e-01  0.000000e+00
     vertex  1.661701e+01 -1.662783e+00  0.000000e+00
     vertex  1.661701e+01 -1.662783e+00  4.000000e+01
   endloop
 endfacet
 facet normal -9.996892e-01  2.493069e-02  0.000000e+00
   outer loop
     vertex  1.670000e+01  0.000000e+00  0.000000e+00
     vertex  1.667924e+01 -8.324263e-01  0.000000e+00
     vertex  1.670000e+01  0.000000e+00  4.000000e+01
   endloop
 endfacet
endsolid
