solid 
 facet normal  9.999401e-01  1.094191e-02  0.000000e+00
   outer loop
     vertex  1.334680e+01  2.921315e-01  1.334680e+01
     vertex  1.335000e+01  0.000000e+00  3.000000e+01
     vertex  1.335000e+01  0.000000e+00  1.335000e+01
   endloop
 endfacet
 facet normal  9.996892e-01  2.493069e-02  2.454403e-04
   outer loop
     vertex  1.334680e+01  2.921315e-01  1.334680e+01
     vertex  1.333340e+01  6.654426e-01  3.000000e+01
     vertex  1.335000e+01  0.000000e+00  3.000000e+01
   endloop
 endfacet
 facet normal  9.994612e-01  3.282273e-02  6.834281e-05
   outer loop
     vertex  1.333721e+01  5.841231e-01  1.333721e+01
     vertex  1.333340e+01  6.654426e-01  3.000000e+01
     vertex  1.334680e+01  2.921315e-01  1.334680e+01
   endloop
 endfacet
 facet normal  9.972038e-01  7.473009e-02  2.432469e-04
   outer loop
     vertex  1.330893e+01  1.046352e+00  1.330893e+01
     vertex  1.328366e+01  1.329231e+00  3.000000e+01
     vertex  1.333340e+01  6.654426e-01  3.000000e+01
   endloop
 endfacet
 facet normal  9.981334e-01  6.107141e-02 -6.982301e-05
   outer loop
     vertex  1.330893e+01  1.046352e+00  1.330893e+01
     vertex  1.333340e+01  6.654426e-01  3.000000e+01
     vertex  1.333721e+01  5.841231e-01  1.333721e+01
   endloop
 endfacet
 facet normal  9.922392e-01  1.243437e-01  1.950379e-04
   outer loop
     vertex  1.326463e+01  1.507321e+00  1.326463e+01
     vertex  1.320089e+01  1.989714e+00  3.000000e+01
     vertex  1.328366e+01  1.329231e+00  3.000000e+01
   endloop
 endfacet
 facet normal  9.954153e-01  9.564673e-02 -1.139544e-04
   outer loop
     vertex  1.326463e+01  1.507321e+00  1.326463e+01
     vertex  1.328366e+01  1.329231e+00  3.000000e+01
     vertex  1.330893e+01  1.046352e+00  1.330893e+01
   endloop
 endfacet
 facet normal  9.914972e-01  1.301277e-01  2.549005e-05
   outer loop
     vertex  1.320437e+01  1.966477e+00  1.320437e+01
     vertex  1.320089e+01  1.989714e+00  3.000000e+01
     vertex  1.326463e+01  1.507321e+00  1.326463e+01
   endloop
 endfacet
 facet normal  9.848077e-01  1.736482e-01  2.206368e-04
   outer loop
     vertex  1.312822e+01  2.423267e+00  1.312822e+01
     vertex  1.308530e+01  2.645251e+00  3.000000e+01
     vertex  1.320089e+01  1.989714e+00  3.000000e+01
   endloop
 endfacet
 facet normal  9.863886e-01  1.644309e-01 -2.302759e-05
   outer loop
     vertex  1.312822e+01  2.423267e+00  1.312822e+01
     vertex  1.320089e+01  1.989714e+00  3.000000e+01
     vertex  1.320437e+01  1.966477e+00  1.320437e+01
   endloop
 endfacet
 facet normal  9.749279e-01  2.225209e-01  2.243256e-04
   outer loop
     vertex  1.303628e+01  2.877141e+00  1.303628e+01
     vertex  1.293718e+01  3.294211e+00  3.000000e+01
     vertex  1.308530e+01  2.645251e+00  3.000000e+01
   endloop
 endfacet
 facet normal  9.800960e-01  1.985239e-01 -1.186430e-04
   outer loop
     vertex  1.303628e+01  2.877141e+00  1.303628e+01
     vertex  1.308530e+01  2.645251e+00  3.000000e+01
     vertex  1.312822e+01  2.423267e+00  1.312822e+01
   endloop
 endfacet
 facet normal  9.726172e-01  2.324132e-01 -3.238357e-05
   outer loop
     vertex  1.292865e+01  3.327552e+00  1.292865e+01
     vertex  1.293718e+01  3.294211e+00  3.000000e+01
     vertex  1.303628e+01  2.877141e+00  1.303628e+01
   endloop
 endfacet
 facet normal  9.626242e-01  2.708405e-01  1.822554e-04
   outer loop
     vertex  1.280546e+01  3.773960e+00  1.280546e+01
     vertex  1.275690e+01  3.934982e+00  3.000000e+01
     vertex  1.293718e+01  3.294211e+00  3.000000e+01
   endloop
 endfacet
 facet normal  9.639664e-01  2.660239e-01  3.758512e-05
   outer loop
     vertex  1.280546e+01  3.773960e+00  1.280546e+01
     vertex  1.293718e+01  3.294211e+00  3.000000e+01
     vertex  1.292865e+01  3.327552e+00  1.292865e+01
   endloop
 endfacet
 facet normal  9.541725e-01  2.992572e-01 -1.077273e-04
   outer loop
     vertex  1.266686e+01  4.215826e+00  1.266686e+01
     vertex  1.275690e+01  3.934982e+00  3.000000e+01
     vertex  1.280546e+01  3.773960e+00  1.280546e+01
   endloop
 endfacet
 facet normal  9.479273e-01  3.184866e-01  2.362839e-04
   outer loop
     vertex  1.266686e+01  4.215826e+00  1.266686e+01
     vertex  1.254490e+01  4.565969e+00  3.000000e+01
     vertex  1.275690e+01  3.934982e+00  3.000000e+01
   endloop
 endfacet
 facet normal  9.432165e-01  3.321785e-01 -7.344881e-05
   outer loop
     vertex  1.251302e+01  4.652620e+00  1.251302e+01
     vertex  1.254490e+01  4.565969e+00  3.000000e+01
     vertex  1.266686e+01  4.215826e+00  1.266686e+01
   endloop
 endfacet
 facet normal  9.311044e-01  3.647527e-01  1.100420e-04
   outer loop
     vertex  1.234412e+01  5.083815e+00  1.234412e+01
     vertex  1.254490e+01  4.565969e+00  3.000000e+01
     vertex  1.251302e+01  4.652620e+00  1.251302e+01
   endloop
 endfacet
 facet normal  9.308737e-01  3.653410e-01  1.299203e-04
   outer loop
     vertex  1.234412e+01  5.083815e+00  1.234412e+01
     vertex  1.230171e+01  5.185605e+00  3.000000e+01
     vertex  1.254490e+01  4.565969e+00  3.000000e+01
   endloop
 endfacet
 facet normal  9.179222e-01  3.967603e-01 -8.233068e-05
   outer loop
     vertex  1.216037e+01  5.508893e+00  1.216037e+01
     vertex  1.230171e+01  5.185605e+00  3.000000e+01
     vertex  1.234412e+01  5.083815e+00  1.234412e+01
   endloop
 endfacet
 facet normal  9.115058e-01  4.112871e-01  2.317572e-04
   outer loop
     vertex  1.216037e+01  5.508893e+00  1.216037e+01
     vertex  1.202793e+01  5.792348e+00  3.000000e+01
     vertex  1.230171e+01  5.185605e+00  3.000000e+01
   endloop
 endfacet
 facet normal  9.036130e-01  4.283499e-01 -9.794925e-05
   outer loop
     vertex  1.196199e+01  5.927341e+00  1.196199e+01
     vertex  1.202793e+01  5.792348e+00  3.000000e+01
     vertex  1.216037e+01  5.508893e+00  1.216037e+01
   endloop
 endfacet
 facet normal  8.898718e-01  4.562107e-01  1.607942e-04
   outer loop
     vertex  1.196199e+01  5.927341e+00  1.196199e+01
     vertex  1.172426e+01  6.384691e+00  3.000000e+01
     vertex  1.202793e+01  5.792348e+00  3.000000e+01
   endloop
 endfacet
 facet normal  8.873060e-01  4.611811e-01  9.537378e-07
   outer loop
     vertex  1.172469e+01  6.383898e+00  1.172469e+01
     vertex  1.172426e+01  6.384691e+00  3.000000e+01
     vertex  1.196199e+01  5.927341e+00  1.196199e+01
   endloop
 endfacet
 facet normal  8.678136e-01  4.968898e-01 -1.056165e-06
   outer loop
     vertex  1.144062e+01  6.880031e+00  1.144062e+01
     vertex  1.172426e+01  6.384691e+00  3.000000e+01
     vertex  1.172469e+01  6.383898e+00  1.172469e+01
   endloop
 endfacet
 facet normal  8.660254e-01  5.000000e-01  1.092825e-04
   outer loop
     vertex  1.144062e+01  6.880031e+00  1.144062e+01
     vertex  1.139143e+01  6.961160e+00  3.000000e+01
     vertex  1.172426e+01  6.384691e+00  3.000000e+01
   endloop
 endfacet
 facet normal  8.457694e-01  5.335486e-01 -9.104679e-05
   outer loop
     vertex  1.113556e+01  7.363547e+00  1.113556e+01
     vertex  1.139143e+01  6.961160e+00  3.000000e+01
     vertex  1.144062e+01  6.880031e+00  1.144062e+01
   endloop
 endfacet
 facet normal  8.400259e-01  5.425463e-01  1.787816e-04
   outer loop
     vertex  1.113556e+01  7.363547e+00  1.113556e+01
     vertex  1.103029e+01  7.520323e+00  3.000000e+01
     vertex  1.139143e+01  6.961160e+00  3.000000e+01
   endloop
 endfacet
 facet normal  8.221688e-01  5.692437e-01 -1.427416e-04
   outer loop
     vertex  1.081008e+01  7.833558e+00  1.081008e+01
     vertex  1.103029e+01  7.520323e+00  3.000000e+01
     vertex  1.113556e+01  7.363547e+00  1.113556e+01
   endloop
 endfacet
 facet normal  8.119380e-01  5.837437e-01  2.113407e-04
   outer loop
     vertex  1.081008e+01  7.833558e+00  1.081008e+01
     vertex  1.064172e+01  8.060789e+00  3.000000e+01
     vertex  1.103029e+01  7.520323e+00  3.000000e+01
   endloop
 endfacet
 facet normal  7.970516e-01  6.039112e-01 -1.580707e-04
   outer loop
     vertex  1.046478e+01  8.289204e+00  1.046478e+01
     vertex  1.064172e+01  8.060789e+00  3.000000e+01
     vertex  1.081008e+01  7.833558e+00  1.081008e+01
   endloop
 endfacet
 facet normal  7.818315e-01  6.234898e-01  2.087085e-04
   outer loop
     vertex  1.046478e+01  8.289204e+00  1.046478e+01
     vertex  1.022669e+01  8.581215e+00  3.000000e+01
     vertex  1.064172e+01  8.060789e+00  3.000000e+01
   endloop
 endfacet
 facet normal  7.704603e-01  6.374880e-01 -1.391220e-04
   outer loop
     vertex  1.010028e+01  8.729648e+00  1.010028e+01
     vertex  1.022669e+01  8.581215e+00  3.000000e+01
     vertex  1.046478e+01  8.289204e+00  1.046478e+01
   endloop
 endfacet
 facet normal  7.497812e-01  6.616858e-01  1.727303e-04
   outer loop
     vertex  1.010028e+01  8.729648e+00  1.010028e+01
     vertex  9.786242e+00  9.080306e+00  3.000000e+01
     vertex  1.022669e+01  8.581215e+00  3.000000e+01
   endloop
 endfacet
 facet normal  7.424402e-01  6.699124e-01 -8.808297e-05
   outer loop
     vertex  9.717267e+00  9.154082e+00  9.717267e+00
     vertex  9.786242e+00  9.080306e+00  3.000000e+01
     vertex  1.010028e+01  8.729648e+00  1.010028e+01
   endloop
 endfacet
 facet normal  7.158668e-01  6.982368e-01  1.053109e-04
   outer loop
     vertex  9.717267e+00  9.154082e+00  9.717267e+00
     vertex  9.321462e+00  9.556822e+00  3.000000e+01
     vertex  9.786242e+00  9.080306e+00  3.000000e+01
   endloop
 endfacet
 facet normal  7.114014e-01  7.027859e-01 -7.215699e-05
   outer loop
     vertex  9.270823e+00  9.605953e+00  9.270823e+00
     vertex  9.321462e+00  9.556822e+00  3.000000e+01
     vertex  9.717267e+00  9.154082e+00  9.717267e+00
   endloop
 endfacet
 facet normal  6.801727e-01  7.330519e-01  7.586420e-05
   outer loop
     vertex  9.270823e+00  9.605953e+00  9.270823e+00
     vertex  8.833506e+00  1.000958e+01  3.000000e+01
     vertex  9.321462e+00  9.556822e+00  3.000000e+01
   endloop
 endfacet
 facet normal  6.752441e-01  7.375943e-01 -1.165604e-04
   outer loop
     vertex  8.750203e+00  1.008248e+01  8.750203e+00
     vertex  8.833506e+00  1.000958e+01  3.000000e+01
     vertex  9.270823e+00  9.605953e+00  9.270823e+00
   endloop
 endfacet
 facet normal  6.427876e-01  7.660444e-01  1.082818e-04
   outer loop
     vertex  8.750203e+00  1.008248e+01  8.750203e+00
     vertex  8.323589e+00  1.043745e+01  3.000000e+01
     vertex  8.833506e+00  1.000958e+01  3.000000e+01
   endloop
 endfacet
 facet normal  6.038044e-01  7.971325e-01  1.334549e-04
   outer loop
     vertex  8.205125e+00  1.053083e+01  8.205125e+00
     vertex  7.792978e+00  1.083937e+01  3.000000e+01
     vertex  8.323589e+00  1.043745e+01  3.000000e+01
   endloop
 endfacet
 facet normal  6.353392e-01  7.722331e-01 -1.446317e-04
   outer loop
     vertex  8.205125e+00  1.053083e+01  8.205125e+00
     vertex  8.323589e+00  1.043745e+01  3.000000e+01
     vertex  8.750203e+00  1.008248e+01  8.750203e+00
   endloop
 endfacet
 facet normal  5.633201e-01  8.262388e-01  1.518405e-04
   outer loop
     vertex  7.637115e+00  1.094975e+01  7.637115e+00
     vertex  7.242993e+00  1.121435e+01  3.000000e+01
     vertex  7.792978e+00  1.083937e+01  3.000000e+01
   endloop
 endfacet
 facet normal  5.936571e-01  8.047181e-01 -1.658185e-04
   outer loop
     vertex  7.637115e+00  1.094975e+01  7.637115e+00
     vertex  7.792978e+00  1.083937e+01  3.000000e+01
     vertex  8.205125e+00  1.053083e+01  8.205125e+00
   endloop
 endfacet
 facet normal  5.214352e-01  8.532909e-01  1.638988e-04
   outer loop
     vertex  7.047760e+00  1.133806e+01  7.047760e+00
     vertex  6.675000e+00  1.156144e+01  3.000000e+01
     vertex  7.242993e+00  1.121435e+01  3.000000e+01
   endloop
 endfacet
 facet normal  5.503135e-01  8.349581e-01 -1.805552e-04
   outer loop
     vertex  7.047760e+00  1.133806e+01  7.047760e+00
     vertex  7.242993e+00  1.121435e+01  3.000000e+01
     vertex  7.637115e+00  1.094975e+01  7.637115e+00
   endloop
 endfacet
 facet normal  4.782540e-01  8.782216e-01  1.700833e-04
   outer loop
     vertex  6.438706e+00  1.169468e+01  6.438706e+00
     vertex  6.090412e+00  1.187979e+01  3.000000e+01
     vertex  6.675000e+00  1.156144e+01  3.000000e+01
   endloop
 endfacet
 facet normal  5.054286e-01  8.628684e-01 -1.892723e-04
   outer loop
     vertex  6.438706e+00  1.169468e+01  6.438706e+00
     vertex  6.675000e+00  1.156144e+01  3.000000e+01
     vertex  7.047760e+00  1.133806e+01  7.047760e+00
   endloop
 endfacet
 facet normal  4.338837e-01  9.009689e-01  1.708346e-04
   outer loop
     vertex  5.811656e+00  1.201862e+01  5.811656e+00
     vertex  5.490683e+00  1.216860e+01  3.000000e+01
     vertex  6.090412e+00  1.187979e+01  3.000000e+01
   endloop
 endfacet
 facet normal  4.591273e-01  8.883705e-01 -1.923904e-04
   outer loop
     vertex  5.811656e+00  1.201862e+01  5.811656e+00
     vertex  6.090412e+00  1.187979e+01  3.000000e+01
     vertex  6.438706e+00  1.169468e+01  6.438706e+00
   endloop
 endfacet
 facet normal  3.884348e-01  9.214762e-01  1.524268e-04
   outer loop
     vertex  5.095960e+00  1.233911e+01  5.095960e+00
     vertex  4.877303e+00  1.242716e+01  3.000000e+01
     vertex  5.490683e+00  1.216860e+01  3.000000e+01
   endloop
 endfacet
 facet normal  4.088951e-01  9.125814e-01 -2.327638e-04
   outer loop
     vertex  5.095960e+00  1.233911e+01  5.095960e+00
     vertex  5.490683e+00  1.216860e+01  3.000000e+01
     vertex  5.811656e+00  1.201862e+01  5.811656e+00
   endloop
 endfacet
 facet normal  3.420201e-01  9.396926e-01  2.777572e-05
   outer loop
     vertex  4.280231e+00  1.264524e+01  4.280231e+00
     vertex  4.251797e+00  1.265483e+01  3.000000e+01
     vertex  4.877303e+00  1.242716e+01  3.000000e+01
   endloop
 endfacet
 facet normal  2.947552e-01  9.555728e-01 -3.039731e-05
   outer loop
     vertex  4.280231e+00  1.264524e+01  4.280231e+00
     vertex  3.615720e+00  1.285103e+01  3.000000e+01
     vertex  4.251797e+00  1.265483e+01  3.000000e+01
   endloop
 endfacet
 facet normal  3.515511e-01  9.361687e-01 -2.233601e-04
   outer loop
     vertex  4.280231e+00  1.264524e+01  4.280231e+00
     vertex  4.877303e+00  1.242716e+01  3.000000e+01
     vertex  5.095960e+00  1.233911e+01  5.095960e+00
   endloop
 endfacet
 facet normal  2.467574e-01  9.690773e-01  1.214326e-04
   outer loop
     vertex  3.446269e+00  1.289751e+01  3.446269e+00
     vertex  2.970654e+00  1.301529e+01  3.000000e+01
     vertex  3.615720e+00  1.285103e+01  3.000000e+01
   endloop
 endfacet
 facet normal  2.896952e-01  9.571189e-01 -1.735016e-04
   outer loop
     vertex  3.446269e+00  1.289751e+01  3.446269e+00
     vertex  3.615720e+00  1.285103e+01  3.000000e+01
     vertex  4.280231e+00  1.264524e+01  4.280231e+00
   endloop
 endfacet
 facet normal  1.981461e-01  9.801725e-01  1.482016e-04
   outer loop
     vertex  2.597629e+00  1.309484e+01  2.597629e+00
     vertex  2.318203e+00  1.314718e+01  3.000000e+01
     vertex  2.970654e+00  1.301529e+01  3.000000e+01
   endloop
 endfacet
 facet normal  2.267295e-01  9.739577e-01 -2.589426e-04
   outer loop
     vertex  2.597629e+00  1.309484e+01  2.597629e+00
     vertex  2.970654e+00  1.301529e+01  3.000000e+01
     vertex  3.446269e+00  1.289751e+01  3.446269e+00
   endloop
 endfacet
 facet normal  1.490423e-01  9.888308e-01  6.113308e-05
   outer loop
     vertex  1.737924e+00  1.323639e+01  1.737924e+00
     vertex  1.659988e+00  1.324639e+01  3.000000e+01
     vertex  2.318203e+00  1.314718e+01  3.000000e+01
   endloop
 endfacet
 facet normal  9.956785e-02  9.950308e-01 -7.749159e-05
   outer loop
     vertex  1.737924e+00  1.323639e+01  1.737924e+00
     vertex  9.976467e-01  1.331267e+01  3.000000e+01
     vertex  1.659988e+00  1.324639e+01  3.000000e+01
   endloop
 endfacet
 facet normal  1.626866e-01  9.866778e-01 -2.258104e-04
   outer loop
     vertex  1.737924e+00  1.323639e+01  1.737924e+00
     vertex  2.318203e+00  1.314718e+01  3.000000e+01
     vertex  2.597629e+00  1.309484e+01  2.597629e+00
   endloop
 endfacet
 facet normal  4.984589e-02  9.987569e-01  8.803724e-05
   outer loop
     vertex  8.708167e-01  1.332157e+01  8.708167e-01
     vertex  3.328247e-01  1.334585e+01  3.000000e+01
     vertex  9.976467e-01  1.331267e+01  3.000000e+01
   endloop
 endfacet
 facet normal  9.787873e-02  9.951983e-01 -1.221874e-04
   outer loop
     vertex  8.708167e-01  1.332157e+01  8.708167e-01
     vertex  9.976467e-01  1.331267e+01  3.000000e+01
     vertex  1.737924e+00  1.323639e+01  1.737924e+00
   endloop
 endfacet
 facet normal  3.285829e-02  9.994600e-01 -2.262957e-04
   outer loop
     vertex -4.442356e-13  1.335000e+01 -4.087259e-16
     vertex  3.328247e-01  1.334585e+01  3.000000e+01
     vertex  8.708167e-01  1.332157e+01  8.708167e-01
   endloop
 endfacet
 facet normal  0.000000e+00  1.000000e+00  1.383140e-04
   outer loop
     vertex -4.442356e-13  1.335000e+01 -4.087259e-16
     vertex -3.328247e-01  1.334585e+01  3.000000e+01
     vertex  3.328247e-01  1.334585e+01  3.000000e+01
   endloop
 endfacet
 facet normal -2.493069e-02  9.996892e-01 -1.383140e-04
   outer loop
     vertex -6.654426e-01  1.333340e+01  0.000000e+00
     vertex -3.328247e-01  1.334585e+01  3.000000e+01
     vertex -4.442356e-13  1.335000e+01 -4.087259e-16
   endloop
 endfacet
 facet normal -4.984589e-02  9.987569e-01  1.383140e-04
   outer loop
     vertex -6.654426e-01  1.333340e+01  0.000000e+00
     vertex -9.976467e-01  1.331267e+01  3.000000e+01
     vertex -3.328247e-01  1.334585e+01  3.000000e+01
   endloop
 endfacet
 facet normal -7.473009e-02  9.972038e-01 -1.383140e-04
   outer loop
     vertex -1.329231e+00  1.328366e+01  0.000000e+00
     vertex -9.976467e-01  1.331267e+01  3.000000e+01
     vertex -6.654426e-01  1.333340e+01  0.000000e+00
   endloop
 endfacet
 facet normal -9.956785e-02  9.950308e-01  1.383140e-04
   outer loop
     vertex -1.329231e+00  1.328366e+01  0.000000e+00
     vertex -1.659988e+00  1.324639e+01  3.000000e+01
     vertex -9.976467e-01  1.331267e+01  3.000000e+01
   endloop
 endfacet
 facet normal -1.243437e-01  9.922392e-01 -1.383140e-04
   outer loop
     vertex -1.989714e+00  1.320089e+01  0.000000e+00
     vertex -1.659988e+00  1.324639e+01  3.000000e+01
     vertex -1.329231e+00  1.328366e+01  0.000000e+00
   endloop
 endfacet
 facet normal -1.490423e-01  9.888308e-01  1.383140e-04
   outer loop
     vertex -1.989714e+00  1.320089e+01  0.000000e+00
     vertex -2.318203e+00  1.314718e+01  3.000000e+01
     vertex -1.659988e+00  1.324639e+01  3.000000e+01
   endloop
 endfacet
 facet normal -1.736482e-01  9.848077e-01 -1.383140e-04
   outer loop
     vertex -2.645251e+00  1.308530e+01  0.000000e+00
     vertex -2.318203e+00  1.314718e+01  3.000000e+01
     vertex -1.989714e+00  1.320089e+01  0.000000e+00
   endloop
 endfacet
 facet normal -1.981461e-01  9.801725e-01  1.383140e-04
   outer loop
     vertex -2.645251e+00  1.308530e+01  0.000000e+00
     vertex -2.970654e+00  1.301529e+01  3.000000e+01
     vertex -2.318203e+00  1.314718e+01  3.000000e+01
   endloop
 endfacet
 facet normal -2.225209e-01  9.749279e-01 -1.383140e-04
   outer loop
     vertex -3.294211e+00  1.293718e+01  0.000000e+00
     vertex -2.970654e+00  1.301529e+01  3.000000e+01
     vertex -2.645251e+00  1.308530e+01  0.000000e+00
   endloop
 endfacet
 facet normal -2.467574e-01  9.690773e-01  1.383140e-04
   outer loop
     vertex -3.294211e+00  1.293718e+01  0.000000e+00
     vertex -3.615720e+00  1.285103e+01  3.000000e+01
     vertex -2.970654e+00  1.301529e+01  3.000000e+01
   endloop
 endfacet
 facet normal -2.708405e-01  9.626242e-01 -1.383140e-04
   outer loop
     vertex -3.934982e+00  1.275690e+01  0.000000e+00
     vertex -3.615720e+00  1.285103e+01  3.000000e+01
     vertex -3.294211e+00  1.293718e+01  0.000000e+00
   endloop
 endfacet
 facet normal -2.947552e-01  9.555728e-01  1.383140e-04
   outer loop
     vertex -3.934982e+00  1.275690e+01  0.000000e+00
     vertex -4.251797e+00  1.265483e+01  3.000000e+01
     vertex -3.615720e+00  1.285103e+01  3.000000e+01
   endloop
 endfacet
 facet normal -3.184866e-01  9.479273e-01 -1.383140e-04
   outer loop
     vertex -4.565969e+00  1.254490e+01  0.000000e+00
     vertex -4.251797e+00  1.265483e+01  3.000000e+01
     vertex -3.934982e+00  1.275690e+01  0.000000e+00
   endloop
 endfacet
 facet normal -3.420201e-01  9.396926e-01  1.383140e-04
   outer loop
     vertex -4.565969e+00  1.254490e+01  0.000000e+00
     vertex -4.877303e+00  1.242716e+01  3.000000e+01
     vertex -4.251797e+00  1.265483e+01  3.000000e+01
   endloop
 endfacet
 facet normal -3.653410e-01  9.308737e-01 -1.383140e-04
   outer loop
     vertex -5.185605e+00  1.230171e+01  0.000000e+00
     vertex -4.877303e+00  1.242716e+01  3.000000e+01
     vertex -4.565969e+00  1.254490e+01  0.000000e+00
   endloop
 endfacet
 facet normal -3.884348e-01  9.214762e-01  1.383140e-04
   outer loop
     vertex -5.185605e+00  1.230171e+01  0.000000e+00
     vertex -5.490683e+00  1.216860e+01  3.000000e+01
     vertex -4.877303e+00  1.242716e+01  3.000000e+01
   endloop
 endfacet
 facet normal -4.112871e-01  9.115058e-01 -1.383140e-04
   outer loop
     vertex -5.792348e+00  1.202793e+01  0.000000e+00
     vertex -5.490683e+00  1.216860e+01  3.000000e+01
     vertex -5.185605e+00  1.230171e+01  0.000000e+00
   endloop
 endfacet
 facet normal -4.338837e-01  9.009689e-01  1.383140e-04
   outer loop
     vertex -5.792348e+00  1.202793e+01  0.000000e+00
     vertex -6.090412e+00  1.187979e+01  3.000000e+01
     vertex -5.490683e+00  1.216860e+01  3.000000e+01
   endloop
 endfacet
 facet normal -4.562107e-01  8.898718e-01 -1.383140e-04
   outer loop
     vertex -6.384691e+00  1.172426e+01  0.000000e+00
     vertex -6.090412e+00  1.187979e+01  3.000000e+01
     vertex -5.792348e+00  1.202793e+01  0.000000e+00
   endloop
 endfacet
 facet normal -4.782540e-01  8.782216e-01  1.383140e-04
   outer loop
     vertex -6.384691e+00  1.172426e+01  0.000000e+00
     vertex -6.675000e+00  1.156144e+01  3.000000e+01
     vertex -6.090412e+00  1.187979e+01  3.000000e+01
   endloop
 endfacet
 facet normal -5.000000e-01  8.660254e-01 -1.383140e-04
   outer loop
     vertex -6.961160e+00  1.139143e+01  0.000000e+00
     vertex -6.675000e+00  1.156144e+01  3.000000e+01
     vertex -6.384691e+00  1.172426e+01  0.000000e+00
   endloop
 endfacet
 facet normal -5.214352e-01  8.532909e-01  1.383140e-04
   outer loop
     vertex -6.961160e+00  1.139143e+01  0.000000e+00
     vertex -7.242993e+00  1.121435e+01  3.000000e+01
     vertex -6.675000e+00  1.156144e+01  3.000000e+01
   endloop
 endfacet
 facet normal -5.425463e-01  8.400259e-01 -1.383140e-04
   outer loop
     vertex -7.520323e+00  1.103029e+01  0.000000e+00
     vertex -7.242993e+00  1.121435e+01  3.000000e+01
     vertex -6.961160e+00  1.139143e+01  0.000000e+00
   endloop
 endfacet
 facet normal -5.633201e-01  8.262388e-01  1.383140e-04
   outer loop
     vertex -7.520323e+00  1.103029e+01  0.000000e+00
     vertex -7.792978e+00  1.083937e+01  3.000000e+01
     vertex -7.242993e+00  1.121435e+01  3.000000e+01
   endloop
 endfacet
 facet normal -5.837437e-01  8.119380e-01 -1.383140e-04
   outer loop
     vertex -8.060789e+00  1.064172e+01  0.000000e+00
     vertex -7.792978e+00  1.083937e+01  3.000000e+01
     vertex -7.520323e+00  1.103029e+01  0.000000e+00
   endloop
 endfacet
 facet normal -6.038044e-01  7.971325e-01  1.383140e-04
   outer loop
     vertex -8.060789e+00  1.064172e+01  0.000000e+00
     vertex -8.323589e+00  1.043745e+01  3.000000e+01
     vertex -7.792978e+00  1.083937e+01  3.000000e+01
   endloop
 endfacet
 facet normal -6.234898e-01  7.818315e-01 -1.383140e-04
   outer loop
     vertex -8.581215e+00  1.022669e+01  0.000000e+00
     vertex -8.323589e+00  1.043745e+01  3.000000e+01
     vertex -8.060789e+00  1.064172e+01  0.000000e+00
   endloop
 endfacet
 facet normal -6.427876e-01  7.660444e-01  1.383140e-04
   outer loop
     vertex -8.581215e+00  1.022669e+01  0.000000e+00
     vertex -8.833506e+00  1.000958e+01  3.000000e+01
     vertex -8.323589e+00  1.043745e+01  3.000000e+01
   endloop
 endfacet
 facet normal -6.616858e-01  7.497812e-01 -1.383140e-04
   outer loop
     vertex -9.080306e+00  9.786242e+00  0.000000e+00
     vertex -8.833506e+00  1.000958e+01  3.000000e+01
     vertex -8.581215e+00  1.022669e+01  0.000000e+00
   endloop
 endfacet
 facet normal -6.801727e-01  7.330519e-01  1.383140e-04
   outer loop
     vertex -9.080306e+00  9.786242e+00  0.000000e+00
     vertex -9.321462e+00  9.556822e+00  3.000000e+01
     vertex -8.833506e+00  1.000958e+01  3.000000e+01
   endloop
 endfacet
 facet normal -6.982368e-01  7.158668e-01 -1.383140e-04
   outer loop
     vertex -9.556822e+00  9.321462e+00  0.000000e+00
     vertex -9.321462e+00  9.556822e+00  3.000000e+01
     vertex -9.080306e+00  9.786242e+00  0.000000e+00
   endloop
 endfacet
 facet normal -7.158668e-01  6.982368e-01  1.383140e-04
   outer loop
     vertex -9.556822e+00  9.321462e+00  0.000000e+00
     vertex -9.786242e+00  9.080306e+00  3.000000e+01
     vertex -9.321462e+00  9.556822e+00  3.000000e+01
   endloop
 endfacet
 facet normal -7.330519e-01  6.801727e-01 -1.383140e-04
   outer loop
     vertex -1.000958e+01  8.833506e+00  0.000000e+00
     vertex -9.786242e+00  9.080306e+00  3.000000e+01
     vertex -9.556822e+00  9.321462e+00  0.000000e+00
   endloop
 endfacet
 facet normal -7.497812e-01  6.616858e-01  1.383140e-04
   outer loop
     vertex -1.000958e+01  8.833506e+00  0.000000e+00
     vertex -1.022669e+01  8.581215e+00  3.000000e+01
     vertex -9.786242e+00  9.080306e+00  3.000000e+01
   endloop
 endfacet
 facet normal -7.660444e-01  6.427876e-01 -1.383140e-04
   outer loop
     vertex -1.043745e+01  8.323589e+00  0.000000e+00
     vertex -1.022669e+01  8.581215e+00  3.000000e+01
     vertex -1.000958e+01  8.833506e+00  0.000000e+00
   endloop
 endfacet
 facet normal -7.818315e-01  6.234898e-01  1.383140e-04
   outer loop
     vertex -1.043745e+01  8.323589e+00  0.000000e+00
     vertex -1.064172e+01  8.060789e+00  3.000000e+01
     vertex -1.022669e+01  8.581215e+00  3.000000e+01
   endloop
 endfacet
 facet normal -7.971325e-01  6.038044e-01 -1.383140e-04
   outer loop
     vertex -1.083937e+01  7.792978e+00  0.000000e+00
     vertex -1.064172e+01  8.060789e+00  3.000000e+01
     vertex -1.043745e+01  8.323589e+00  0.000000e+00
   endloop
 endfacet
 facet normal -8.119380e-01  5.837437e-01  1.383140e-04
   outer loop
     vertex -1.083937e+01  7.792978e+00  0.000000e+00
     vertex -1.103029e+01  7.520323e+00  3.000000e+01
     vertex -1.064172e+01  8.060789e+00  3.000000e+01
   endloop
 endfacet
 facet normal -8.262388e-01  5.633201e-01 -1.383140e-04
   outer loop
     vertex -1.121435e+01  7.242993e+00  0.000000e+00
     vertex -1.103029e+01  7.520323e+00  3.000000e+01
     vertex -1.083937e+01  7.792978e+00  0.000000e+00
   endloop
 endfacet
 facet normal -8.400259e-01  5.425463e-01  1.383140e-04
   outer loop
     vertex -1.121435e+01  7.242993e+00  0.000000e+00
     vertex -1.139143e+01  6.961160e+00  3.000000e+01
     vertex -1.103029e+01  7.520323e+00  3.000000e+01
   endloop
 endfacet
 facet normal -8.532909e-01  5.214352e-01 -1.383140e-04
   outer loop
     vertex -1.156144e+01  6.675000e+00  0.000000e+00
     vertex -1.139143e+01  6.961160e+00  3.000000e+01
     vertex -1.121435e+01  7.242993e+00  0.000000e+00
   endloop
 endfacet
 facet normal -8.660254e-01  5.000000e-01  1.383140e-04
   outer loop
     vertex -1.156144e+01  6.675000e+00  0.000000e+00
     vertex -1.172426e+01  6.384691e+00  3.000000e+01
     vertex -1.139143e+01  6.961160e+00  3.000000e+01
   endloop
 endfacet
 facet normal -8.898718e-01  4.562107e-01  1.383140e-04
   outer loop
     vertex -1.187979e+01  6.090412e+00  0.000000e+00
     vertex -1.202793e+01  5.792348e+00  3.000000e+01
     vertex -1.172426e+01  6.384691e+00  3.000000e+01
   endloop
 endfacet
 facet normal -8.782216e-01  4.782540e-01 -1.383140e-04
   outer loop
     vertex -1.187979e+01  6.090412e+00  0.000000e+00
     vertex -1.172426e+01  6.384691e+00  3.000000e+01
     vertex -1.156144e+01  6.675000e+00  0.000000e+00
   endloop
 endfacet
 facet normal -9.115058e-01  4.112871e-01  1.383140e-04
   outer loop
     vertex -1.216860e+01  5.490683e+00  0.000000e+00
     vertex -1.230171e+01  5.185605e+00  3.000000e+01
     vertex -1.202793e+01  5.792348e+00  3.000000e+01
   endloop
 endfacet
 facet normal -9.009689e-01  4.338837e-01 -1.383140e-04
   outer loop
     vertex -1.216860e+01  5.490683e+00  0.000000e+00
     vertex -1.202793e+01  5.792348e+00  3.000000e+01
     vertex -1.187979e+01  6.090412e+00  0.000000e+00
   endloop
 endfacet
 facet normal -9.308737e-01  3.653410e-01  1.383140e-04
   outer loop
     vertex -1.242716e+01  4.877303e+00  0.000000e+00
     vertex -1.254490e+01  4.565969e+00  3.000000e+01
     vertex -1.230171e+01  5.185605e+00  3.000000e+01
   endloop
 endfacet
 facet normal -9.214762e-01  3.884348e-01 -1.383140e-04
   outer loop
     vertex -1.242716e+01  4.877303e+00  0.000000e+00
     vertex -1.230171e+01  5.185605e+00  3.000000e+01
     vertex -1.216860e+01  5.490683e+00  0.000000e+00
   endloop
 endfacet
 facet normal -9.396926e-01  3.420201e-01 -1.383140e-04
   outer loop
     vertex -1.265483e+01  4.251797e+00  0.000000e+00
     vertex -1.254490e+01  4.565969e+00  3.000000e+01
     vertex -1.242716e+01  4.877303e+00  0.000000e+00
   endloop
 endfacet
 facet normal -9.479273e-01  3.184866e-01  1.383140e-04
   outer loop
     vertex -1.265483e+01  4.251797e+00  0.000000e+00
     vertex -1.275690e+01  3.934982e+00  3.000000e+01
     vertex -1.254490e+01  4.565969e+00  3.000000e+01
   endloop
 endfacet
 facet normal -9.555728e-01  2.947552e-01 -1.383140e-04
   outer loop
     vertex -1.285103e+01  3.615720e+00  0.000000e+00
     vertex -1.275690e+01  3.934982e+00  3.000000e+01
     vertex -1.265483e+01  4.251797e+00  0.000000e+00
   endloop
 endfacet
 facet normal -9.626242e-01  2.708405e-01  1.383140e-04
   outer loop
     vertex -1.285103e+01  3.615720e+00  0.000000e+00
     vertex -1.293718e+01  3.294211e+00  3.000000e+01
     vertex -1.275690e+01  3.934982e+00  3.000000e+01
   endloop
 endfacet
 facet normal -9.690773e-01  2.467574e-01 -1.383140e-04
   outer loop
     vertex -1.301529e+01  2.970654e+00  0.000000e+00
     vertex -1.293718e+01  3.294211e+00  3.000000e+01
     vertex -1.285103e+01  3.615720e+00  0.000000e+00
   endloop
 endfacet
 facet normal -9.749279e-01  2.225209e-01  1.383140e-04
   outer loop
     vertex -1.301529e+01  2.970654e+00  0.000000e+00
     vertex -1.308530e+01  2.645251e+00  3.000000e+01
     vertex -1.293718e+01  3.294211e+00  3.000000e+01
   endloop
 endfacet
 facet normal -9.801725e-01  1.981461e-01 -1.383140e-04
   outer loop
     vertex -1.314718e+01  2.318203e+00  0.000000e+00
     vertex -1.308530e+01  2.645251e+00  3.000000e+01
     vertex -1.301529e+01  2.970654e+00  0.000000e+00
   endloop
 endfacet
 facet normal -9.848077e-01  1.736482e-01  1.383140e-04
   outer loop
     vertex -1.314718e+01  2.318203e+00  0.000000e+00
     vertex -1.320089e+01  1.989714e+00  3.000000e+01
     vertex -1.308530e+01  2.645251e+00  3.000000e+01
   endloop
 endfacet
 facet normal -9.888308e-01  1.490423e-01 -1.383140e-04
   outer loop
     vertex -1.324639e+01  1.659988e+00  0.000000e+00
     vertex -1.320089e+01  1.989714e+00  3.000000e+01
     vertex -1.314718e+01  2.318203e+00  0.000000e+00
   endloop
 endfacet
 facet normal -9.922392e-01  1.243437e-01  1.383140e-04
   outer loop
     vertex -1.324639e+01  1.659988e+00  0.000000e+00
     vertex -1.328366e+01  1.329231e+00  3.000000e+01
     vertex -1.320089e+01  1.989714e+00  3.000000e+01
   endloop
 endfacet
 facet normal -9.950308e-01  9.956785e-02 -1.383140e-04
   outer loop
     vertex -1.331267e+01  9.976467e-01  0.000000e+00
     vertex -1.328366e+01  1.329231e+00  3.000000e+01
     vertex -1.324639e+01  1.659988e+00  0.000000e+00
   endloop
 endfacet
 facet normal -9.972038e-01  7.473009e-02  1.383140e-04
   outer loop
     vertex -1.331267e+01  9.976467e-01  0.000000e+00
     vertex -1.333340e+01  6.654426e-01  3.000000e+01
     vertex -1.328366e+01  1.329231e+00  3.000000e+01
   endloop
 endfacet
 facet normal -9.987569e-01  4.984589e-02 -1.383140e-04
   outer loop
     vertex -1.334585e+01  3.328247e-01  0.000000e+00
     vertex -1.333340e+01  6.654426e-01  3.000000e+01
     vertex -1.331267e+01  9.976467e-01  0.000000e+00
   endloop
 endfacet
 facet normal -9.996892e-01  2.493069e-02  1.383140e-04
   outer loop
     vertex -1.334585e+01  3.328247e-01  0.000000e+00
     vertex -1.335000e+01 -4.579382e-14  3.000000e+01
     vertex -1.333340e+01  6.654426e-01  3.000000e+01
   endloop
 endfacet
 facet normal -1.000000e+00  2.668607e-15 -1.383140e-04
   outer loop
     vertex -1.334585e+01 -3.328247e-01  0.000000e+00
     vertex -1.335000e+01 -4.579382e-14  3.000000e+01
     vertex -1.334585e+01  3.328247e-01  0.000000e+00
   endloop
 endfacet
 facet normal -9.996892e-01 -2.493069e-02  1.383140e-04
   outer loop
     vertex -1.334585e+01 -3.328247e-01  0.000000e+00
     vertex -1.333340e+01 -6.654426e-01  3.000000e+01
     vertex -1.335000e+01 -4.579382e-14  3.000000e+01
   endloop
 endfacet
 facet normal -9.972038e-01 -7.473009e-02  1.383140e-04
   outer loop
     vertex -1.331267e+01 -9.976467e-01  0.000000e+00
     vertex -1.328366e+01 -1.329231e+00  3.000000e+01
     vertex -1.333340e+01 -6.654426e-01  3.000000e+01
   endloop
 endfacet
 facet normal -9.987569e-01 -4.984589e-02 -1.383140e-04
   outer loop
     vertex -1.331267e+01 -9.976467e-01  0.000000e+00
     vertex -1.333340e+01 -6.654426e-01  3.000000e+01
     vertex -1.334585e+01 -3.328247e-01  0.000000e+00
   endloop
 endfacet
 facet normal -9.922392e-01 -1.243437e-01  1.383140e-04
   outer loop
     vertex -1.324639e+01 -1.659988e+00  0.000000e+00
     vertex -1.320089e+01 -1.989714e+00  3.000000e+01
     vertex -1.328366e+01 -1.329231e+00  3.000000e+01
   endloop
 endfacet
 facet normal -9.950308e-01 -9.956785e-02 -1.383140e-04
   outer loop
     vertex -1.324639e+01 -1.659988e+00  0.000000e+00
     vertex -1.328366e+01 -1.329231e+00  3.000000e+01
     vertex -1.331267e+01 -9.976467e-01  0.000000e+00
   endloop
 endfacet
 facet normal -9.848077e-01 -1.736482e-01  1.383140e-04
   outer loop
     vertex -1.314718e+01 -2.318203e+00  0.000000e+00
     vertex -1.308530e+01 -2.645251e+00  3.000000e+01
     vertex -1.320089e+01 -1.989714e+00  3.000000e+01
   endloop
 endfacet
 facet normal -9.888308e-01 -1.490423e-01 -1.383140e-04
   outer loop
     vertex -1.314718e+01 -2.318203e+00  0.000000e+00
     vertex -1.320089e+01 -1.989714e+00  3.000000e+01
     vertex -1.324639e+01 -1.659988e+00  0.000000e+00
   endloop
 endfacet
 facet normal -9.749279e-01 -2.225209e-01  1.383140e-04
   outer loop
     vertex -1.301529e+01 -2.970654e+00  0.000000e+00
     vertex -1.293718e+01 -3.294211e+00  3.000000e+01
     vertex -1.308530e+01 -2.645251e+00  3.000000e+01
   endloop
 endfacet
 facet normal -9.801725e-01 -1.981461e-01 -1.383140e-04
   outer loop
     vertex -1.301529e+01 -2.970654e+00  0.000000e+00
     vertex -1.308530e+01 -2.645251e+00  3.000000e+01
     vertex -1.314718e+01 -2.318203e+00  0.000000e+00
   endloop
 endfacet
 facet normal -9.626242e-01 -2.708405e-01  1.383140e-04
   outer loop
     vertex -1.285103e+01 -3.615720e+00  0.000000e+00
     vertex -1.275690e+01 -3.934982e+00  3.000000e+01
     vertex -1.293718e+01 -3.294211e+00  3.000000e+01
   endloop
 endfacet
 facet normal -9.690773e-01 -2.467574e-01 -1.383140e-04
   outer loop
     vertex -1.285103e+01 -3.615720e+00  0.000000e+00
     vertex -1.293718e+01 -3.294211e+00  3.000000e+01
     vertex -1.301529e+01 -2.970654e+00  0.000000e+00
   endloop
 endfacet
 facet normal -9.479273e-01 -3.184866e-01  1.383140e-04
   outer loop
     vertex -1.265483e+01 -4.251797e+00  0.000000e+00
     vertex -1.254490e+01 -4.565969e+00  3.000000e+01
     vertex -1.275690e+01 -3.934982e+00  3.000000e+01
   endloop
 endfacet
 facet normal -9.555728e-01 -2.947552e-01 -1.383140e-04
   outer loop
     vertex -1.265483e+01 -4.251797e+00  0.000000e+00
     vertex -1.275690e+01 -3.934982e+00  3.000000e+01
     vertex -1.285103e+01 -3.615720e+00  0.000000e+00
   endloop
 endfacet
 facet normal -9.308737e-01 -3.653410e-01  1.383140e-04
   outer loop
     vertex -1.242716e+01 -4.877303e+00  0.000000e+00
     vertex -1.230171e+01 -5.185605e+00  3.000000e+01
     vertex -1.254490e+01 -4.565969e+00  3.000000e+01
   endloop
 endfacet
 facet normal -9.396926e-01 -3.420201e-01 -1.383140e-04
   outer loop
     vertex -1.242716e+01 -4.877303e+00  0.000000e+00
     vertex -1.254490e+01 -4.565969e+00  3.000000e+01
     vertex -1.265483e+01 -4.251797e+00  0.000000e+00
   endloop
 endfacet
 facet normal -9.115058e-01 -4.112871e-01  1.383140e-04
   outer loop
     vertex -1.216860e+01 -5.490683e+00  0.000000e+00
     vertex -1.202793e+01 -5.792348e+00  3.000000e+01
     vertex -1.230171e+01 -5.185605e+00  3.000000e+01
   endloop
 endfacet
 facet normal -9.214762e-01 -3.884348e-01 -1.383140e-04
   outer loop
     vertex -1.216860e+01 -5.490683e+00  0.000000e+00
     vertex -1.230171e+01 -5.185605e+00  3.000000e+01
     vertex -1.242716e+01 -4.877303e+00  0.000000e+00
   endloop
 endfacet
 facet normal -8.898718e-01 -4.562107e-01  1.383140e-04
   outer loop
     vertex -1.187979e+01 -6.090412e+00  0.000000e+00
     vertex -1.172426e+01 -6.384691e+00  3.000000e+01
     vertex -1.202793e+01 -5.792348e+00  3.000000e+01
   endloop
 endfacet
 facet normal -9.009689e-01 -4.338837e-01 -1.383140e-04
   outer loop
     vertex -1.187979e+01 -6.090412e+00  0.000000e+00
     vertex -1.202793e+01 -5.792348e+00  3.000000e+01
     vertex -1.216860e+01 -5.490683e+00  0.000000e+00
   endloop
 endfacet
 facet normal -8.660254e-01 -5.000000e-01  1.383140e-04
   outer loop
     vertex -1.156144e+01 -6.675000e+00  0.000000e+00
     vertex -1.139143e+01 -6.961160e+00  3.000000e+01
     vertex -1.172426e+01 -6.384691e+00  3.000000e+01
   endloop
 endfacet
 facet normal -8.782216e-01 -4.782540e-01 -1.383140e-04
   outer loop
     vertex -1.156144e+01 -6.675000e+00  0.000000e+00
     vertex -1.172426e+01 -6.384691e+00  3.000000e+01
     vertex -1.187979e+01 -6.090412e+00  0.000000e+00
   endloop
 endfacet
 facet normal -8.400259e-01 -5.425463e-01  1.383140e-04
   outer loop
     vertex -1.121435e+01 -7.242993e+00  0.000000e+00
     vertex -1.103029e+01 -7.520323e+00  3.000000e+01
     vertex -1.139143e+01 -6.961160e+00  3.000000e+01
   endloop
 endfacet
 facet normal -8.532909e-01 -5.214352e-01 -1.383140e-04
   outer loop
     vertex -1.121435e+01 -7.242993e+00  0.000000e+00
     vertex -1.139143e+01 -6.961160e+00  3.000000e+01
     vertex -1.156144e+01 -6.675000e+00  0.000000e+00
   endloop
 endfacet
 facet normal -8.119380e-01 -5.837437e-01  1.383140e-04
   outer loop
     vertex -1.083937e+01 -7.792978e+00  0.000000e+00
     vertex -1.064172e+01 -8.060789e+00  3.000000e+01
     vertex -1.103029e+01 -7.520323e+00  3.000000e+01
   endloop
 endfacet
 facet normal -8.262388e-01 -5.633201e-01 -1.383140e-04
   outer loop
     vertex -1.083937e+01 -7.792978e+00  0.000000e+00
     vertex -1.103029e+01 -7.520323e+00  3.000000e+01
     vertex -1.121435e+01 -7.242993e+00  0.000000e+00
   endloop
 endfacet
 facet normal -7.818315e-01 -6.234898e-01  1.383140e-04
   outer loop
     vertex -1.043745e+01 -8.323589e+00  0.000000e+00
     vertex -1.022669e+01 -8.581215e+00  3.000000e+01
     vertex -1.064172e+01 -8.060789e+00  3.000000e+01
   endloop
 endfacet
 facet normal -7.971325e-01 -6.038044e-01 -1.383140e-04
   outer loop
     vertex -1.043745e+01 -8.323589e+00  0.000000e+00
     vertex -1.064172e+01 -8.060789e+00  3.000000e+01
     vertex -1.083937e+01 -7.792978e+00  0.000000e+00
   endloop
 endfacet
 facet normal -7.497812e-01 -6.616858e-01  1.383140e-04
   outer loop
     vertex -1.000958e+01 -8.833506e+00  0.000000e+00
     vertex -9.786242e+00 -9.080306e+00  3.000000e+01
     vertex -1.022669e+01 -8.581215e+00  3.000000e+01
   endloop
 endfacet
 facet normal -7.660444e-01 -6.427876e-01 -1.383140e-04
   outer loop
     vertex -1.000958e+01 -8.833506e+00  0.000000e+00
     vertex -1.022669e+01 -8.581215e+00  3.000000e+01
     vertex -1.043745e+01 -8.323589e+00  0.000000e+00
   endloop
 endfacet
 facet normal -7.158668e-01 -6.982368e-01  1.383140e-04
   outer loop
     vertex -9.556822e+00 -9.321462e+00  0.000000e+00
     vertex -9.321462e+00 -9.556822e+00  3.000000e+01
     vertex -9.786242e+00 -9.080306e+00  3.000000e+01
   endloop
 endfacet
 facet normal -7.330519e-01 -6.801727e-01 -1.383140e-04
   outer loop
     vertex -9.556822e+00 -9.321462e+00  0.000000e+00
     vertex -9.786242e+00 -9.080306e+00  3.000000e+01
     vertex -1.000958e+01 -8.833506e+00  0.000000e+00
   endloop
 endfacet
 facet normal -6.801727e-01 -7.330519e-01  1.383140e-04
   outer loop
     vertex -9.080306e+00 -9.786242e+00  0.000000e+00
     vertex -8.833506e+00 -1.000958e+01  3.000000e+01
     vertex -9.321462e+00 -9.556822e+00  3.000000e+01
   endloop
 endfacet
 facet normal -6.982368e-01 -7.158668e-01 -1.383140e-04
   outer loop
     vertex -9.080306e+00 -9.786242e+00  0.000000e+00
     vertex -9.321462e+00 -9.556822e+00  3.000000e+01
     vertex -9.556822e+00 -9.321462e+00  0.000000e+00
   endloop
 endfacet
 facet normal -6.427876e-01 -7.660444e-01  1.383140e-04
   outer loop
     vertex -8.581215e+00 -1.022669e+01  0.000000e+00
     vertex -8.323589e+00 -1.043745e+01  3.000000e+01
     vertex -8.833506e+00 -1.000958e+01  3.000000e+01
   endloop
 endfacet
 facet normal -6.616858e-01 -7.497812e-01 -1.383140e-04
   outer loop
     vertex -8.581215e+00 -1.022669e+01  0.000000e+00
     vertex -8.833506e+00 -1.000958e+01  3.000000e+01
     vertex -9.080306e+00 -9.786242e+00  0.000000e+00
   endloop
 endfacet
 facet normal -6.038044e-01 -7.971325e-01  1.383140e-04
   outer loop
     vertex -8.060789e+00 -1.064172e+01  0.000000e+00
     vertex -7.792978e+00 -1.083937e+01  3.000000e+01
     vertex -8.323589e+00 -1.043745e+01  3.000000e+01
   endloop
 endfacet
 facet normal -6.234898e-01 -7.818315e-01 -1.383140e-04
   outer loop
     vertex -8.060789e+00 -1.064172e+01  0.000000e+00
     vertex -8.323589e+00 -1.043745e+01  3.000000e+01
     vertex -8.581215e+00 -1.022669e+01  0.000000e+00
   endloop
 endfacet
 facet normal -5.837437e-01 -8.119380e-01 -1.383140e-04
   outer loop
     vertex -7.520323e+00 -1.103029e+01  0.000000e+00
     vertex -7.792978e+00 -1.083937e+01  3.000000e+01
     vertex -8.060789e+00 -1.064172e+01  0.000000e+00
   endloop
 endfacet
 facet normal -5.633201e-01 -8.262388e-01  1.383140e-04
   outer loop
     vertex -7.520323e+00 -1.103029e+01  0.000000e+00
     vertex -7.242993e+00 -1.121435e+01  3.000000e+01
     vertex -7.792978e+00 -1.083937e+01  3.000000e+01
   endloop
 endfacet
 facet normal -5.425463e-01 -8.400259e-01 -1.383140e-04
   outer loop
     vertex -6.961160e+00 -1.139143e+01  0.000000e+00
     vertex -7.242993e+00 -1.121435e+01  3.000000e+01
     vertex -7.520323e+00 -1.103029e+01  0.000000e+00
   endloop
 endfacet
 facet normal -5.214352e-01 -8.532909e-01  1.383140e-04
   outer loop
     vertex -6.961160e+00 -1.139143e+01  0.000000e+00
     vertex -6.675000e+00 -1.156144e+01  3.000000e+01
     vertex -7.242993e+00 -1.121435e+01  3.000000e+01
   endloop
 endfacet
 facet normal -5.000000e-01 -8.660254e-01 -1.383140e-04
   outer loop
     vertex -6.384691e+00 -1.172426e+01  0.000000e+00
     vertex -6.675000e+00 -1.156144e+01  3.000000e+01
     vertex -6.961160e+00 -1.139143e+01  0.000000e+00
   endloop
 endfacet
 facet normal -4.782540e-01 -8.782216e-01  1.383140e-04
   outer loop
     vertex -6.384691e+00 -1.172426e+01  0.000000e+00
     vertex -6.090412e+00 -1.187979e+01  3.000000e+01
     vertex -6.675000e+00 -1.156144e+01  3.000000e+01
   endloop
 endfacet
 facet normal -4.562107e-01 -8.898718e-01 -1.383140e-04
   outer loop
     vertex -5.792348e+00 -1.202793e+01  0.000000e+00
     vertex -6.090412e+00 -1.187979e+01  3.000000e+01
     vertex -6.384691e+00 -1.172426e+01  0.000000e+00
   endloop
 endfacet
 facet normal -4.338837e-01 -9.009689e-01  1.383140e-04
   outer loop
     vertex -5.792348e+00 -1.202793e+01  0.000000e+00
     vertex -5.490683e+00 -1.216860e+01  3.000000e+01
     vertex -6.090412e+00 -1.187979e+01  3.000000e+01
   endloop
 endfacet
 facet normal -3.884348e-01 -9.214762e-01  1.383140e-04
   outer loop
     vertex -5.185605e+00 -1.230171e+01  0.000000e+00
     vertex -4.877303e+00 -1.242716e+01  3.000000e+01
     vertex -5.490683e+00 -1.216860e+01  3.000000e+01
   endloop
 endfacet
 facet normal -4.112871e-01 -9.115058e-01 -1.383140e-04
   outer loop
     vertex -5.185605e+00 -1.230171e+01  0.000000e+00
     vertex -5.490683e+00 -1.216860e+01  3.000000e+01
     vertex -5.792348e+00 -1.202793e+01  0.000000e+00
   endloop
 endfacet
 facet normal -3.653410e-01 -9.308737e-01 -1.383140e-04
   outer loop
     vertex -4.565969e+00 -1.254490e+01  0.000000e+00
     vertex -4.877303e+00 -1.242716e+01  3.000000e+01
     vertex -5.185605e+00 -1.230171e+01  0.000000e+00
   endloop
 endfacet
 facet normal -3.420201e-01 -9.396926e-01  1.383140e-04
   outer loop
     vertex -4.565969e+00 -1.254490e+01  0.000000e+00
     vertex -4.251797e+00 -1.265483e+01  3.000000e+01
     vertex -4.877303e+00 -1.242716e+01  3.000000e+01
   endloop
 endfacet
 facet normal -2.947552e-01 -9.555728e-01  1.383140e-04
   outer loop
     vertex -3.934982e+00 -1.275690e+01  0.000000e+00
     vertex -3.615720e+00 -1.285103e+01  3.000000e+01
     vertex -4.251797e+00 -1.265483e+01  3.000000e+01
   endloop
 endfacet
 facet normal -3.184866e-01 -9.479273e-01 -1.383140e-04
   outer loop
     vertex -3.934982e+00 -1.275690e+01  0.000000e+00
     vertex -4.251797e+00 -1.265483e+01  3.000000e+01
     vertex -4.565969e+00 -1.254490e+01  0.000000e+00
   endloop
 endfacet
 facet normal -2.467574e-01 -9.690773e-01  1.383140e-04
   outer loop
     vertex -3.294211e+00 -1.293718e+01  0.000000e+00
     vertex -2.970654e+00 -1.301529e+01  3.000000e+01
     vertex -3.615720e+00 -1.285103e+01  3.000000e+01
   endloop
 endfacet
 facet normal -2.708405e-01 -9.626242e-01 -1.383140e-04
   outer loop
     vertex -3.294211e+00 -1.293718e+01  0.000000e+00
     vertex -3.615720e+00 -1.285103e+01  3.000000e+01
     vertex -3.934982e+00 -1.275690e+01  0.000000e+00
   endloop
 endfacet
 facet normal -1.981461e-01 -9.801725e-01  1.383140e-04
   outer loop
     vertex -2.645251e+00 -1.308530e+01  0.000000e+00
     vertex -2.318203e+00 -1.314718e+01  3.000000e+01
     vertex -2.970654e+00 -1.301529e+01  3.000000e+01
   endloop
 endfacet
 facet normal -2.225209e-01 -9.749279e-01 -1.383140e-04
   outer loop
     vertex -2.645251e+00 -1.308530e+01  0.000000e+00
     vertex -2.970654e+00 -1.301529e+01  3.000000e+01
     vertex -3.294211e+00 -1.293718e+01  0.000000e+00
   endloop
 endfacet
 facet normal -1.490423e-01 -9.888308e-01  1.383140e-04
   outer loop
     vertex -1.989714e+00 -1.320089e+01  0.000000e+00
     vertex -1.659988e+00 -1.324639e+01  3.000000e+01
     vertex -2.318203e+00 -1.314718e+01  3.000000e+01
   endloop
 endfacet
 facet normal -1.736482e-01 -9.848077e-01 -1.383140e-04
   outer loop
     vertex -1.989714e+00 -1.320089e+01  0.000000e+00
     vertex -2.318203e+00 -1.314718e+01  3.000000e+01
     vertex -2.645251e+00 -1.308530e+01  0.000000e+00
   endloop
 endfacet
 facet normal -9.956785e-02 -9.950308e-01  1.383140e-04
   outer loop
     vertex -1.329231e+00 -1.328366e+01  0.000000e+00
     vertex -9.976467e-01 -1.331267e+01  3.000000e+01
     vertex -1.659988e+00 -1.324639e+01  3.000000e+01
   endloop
 endfacet
 facet normal -1.243437e-01 -9.922392e-01 -1.383140e-04
   outer loop
     vertex -1.329231e+00 -1.328366e+01  0.000000e+00
     vertex -1.659988e+00 -1.324639e+01  3.000000e+01
     vertex -1.989714e+00 -1.320089e+01  0.000000e+00
   endloop
 endfacet
 facet normal -4.984589e-02 -9.987569e-01  1.383140e-04
   outer loop
     vertex -6.654426e-01 -1.333340e+01  0.000000e+00
     vertex -3.328247e-01 -1.334585e+01  3.000000e+01
     vertex -9.976467e-01 -1.331267e+01  3.000000e+01
   endloop
 endfacet
 facet normal -7.473009e-02 -9.972038e-01 -1.383140e-04
   outer loop
     vertex -6.654426e-01 -1.333340e+01  0.000000e+00
     vertex -9.976467e-01 -1.331267e+01  3.000000e+01
     vertex -1.329231e+00 -1.328366e+01  0.000000e+00
   endloop
 endfacet
 facet normal  1.067443e-14 -1.000000e+00  1.383140e-04
   outer loop
     vertex -4.517991e-13 -1.335000e+01  7.154769e-15
     vertex  3.328247e-01 -1.334585e+01  3.000000e+01
     vertex -3.328247e-01 -1.334585e+01  3.000000e+01
   endloop
 endfacet
 facet normal -2.493069e-02 -9.996892e-01 -1.383140e-04
   outer loop
     vertex -4.517991e-13 -1.335000e+01  7.154769e-15
     vertex -3.328247e-01 -1.334585e+01  3.000000e+01
     vertex -6.654426e-01 -1.333340e+01  0.000000e+00
   endloop
 endfacet
 facet normal  1.721470e-02 -9.998518e-01 -5.268913e-05
   outer loop
     vertex  4.581587e-01 -1.334214e+01  4.581587e-01
     vertex  3.328247e-01 -1.334585e+01  3.000000e+01
     vertex -4.517991e-13 -1.335000e+01  7.154769e-15
   endloop
 endfacet
 facet normal  4.984589e-02 -9.987569e-01  6.168482e-05
   outer loop
     vertex  9.157777e-01 -1.331855e+01  9.157777e-01
     vertex  9.976467e-01 -1.331267e+01  3.000000e+01
     vertex  3.328247e-01 -1.334585e+01  3.000000e+01
   endloop
 endfacet
 facet normal  5.137374e-02 -9.986795e-01  9.238113e-05
   outer loop
     vertex  9.157777e-01 -1.331855e+01  9.157777e-01
     vertex  3.328247e-01 -1.334585e+01  3.000000e+01
     vertex  4.581587e-01 -1.334214e+01  4.581587e-01
   endloop
 endfacet
 facet normal  9.398772e-02 -9.955734e-01 -6.321373e-05
   outer loop
     vertex  1.591212e+00 -1.325483e+01  1.591212e+00
     vertex  9.976467e-01 -1.331267e+01  3.000000e+01
     vertex  9.157777e-01 -1.331855e+01  9.157777e-01
   endloop
 endfacet
 facet normal  9.956785e-02 -9.950308e-01  5.448049e-05
   outer loop
     vertex  1.591212e+00 -1.325483e+01  1.591212e+00
     vertex  1.659988e+00 -1.324639e+01  3.000000e+01
     vertex  9.976467e-01 -1.331267e+01  3.000000e+01
   endloop
 endfacet
 facet normal  1.490423e-01 -9.888308e-01  4.647674e-05
   outer loop
     vertex  2.262537e+00 -1.315688e+01  2.262537e+00
     vertex  2.318203e+00 -1.314718e+01  3.000000e+01
     vertex  1.659988e+00 -1.324639e+01  3.000000e+01
   endloop
 endfacet
 facet normal  1.444364e-01 -9.895141e-01 -5.578300e-05
   outer loop
     vertex  2.262537e+00 -1.315688e+01  2.262537e+00
     vertex  1.659988e+00 -1.324639e+01  3.000000e+01
     vertex  1.591212e+00 -1.325483e+01  1.591212e+00
   endloop
 endfacet
 facet normal  1.981461e-01 -9.801725e-01  3.761536e-05
   outer loop
     vertex  2.928018e+00 -1.302495e+01  2.928018e+00
     vertex  2.970654e+00 -1.301529e+01  3.000000e+01
     vertex  2.318203e+00 -1.314718e+01  3.000000e+01
   endloop
 endfacet
 facet normal  1.945113e-01 -9.809003e-01 -4.754714e-05
   outer loop
     vertex  2.928018e+00 -1.302495e+01  2.928018e+00
     vertex  2.318203e+00 -1.314718e+01  3.000000e+01
     vertex  2.262537e+00 -1.315688e+01  2.262537e+00
   endloop
 endfacet
 facet normal  2.467574e-01 -9.690773e-01  2.783558e-05
   outer loop
     vertex  3.585938e+00 -1.285938e+01  3.585938e+00
     vertex  3.615720e+00 -1.285103e+01  3.000000e+01
     vertex  2.970654e+00 -1.301529e+01  3.000000e+01
   endloop
 endfacet
 facet normal  2.440834e-01 -9.697543e-01 -3.844875e-05
   outer loop
     vertex  3.585938e+00 -1.285938e+01  3.585938e+00
     vertex  2.970654e+00 -1.301529e+01  3.000000e+01
     vertex  2.928018e+00 -1.302495e+01  2.928018e+00
   endloop
 endfacet
 facet normal  2.947552e-01 -9.555728e-01  1.707456e-05
   outer loop
     vertex  4.234597e+00 -1.266060e+01  4.234597e+00
     vertex  4.251797e+00 -1.265483e+01  3.000000e+01
     vertex  3.615720e+00 -1.285103e+01  3.000000e+01
   endloop
 endfacet
 facet normal  2.930245e-01 -9.561049e-01 -2.842804e-05
   outer loop
     vertex  4.234597e+00 -1.266060e+01  4.234597e+00
     vertex  3.615720e+00 -1.285103e+01  3.000000e+01
     vertex  3.585938e+00 -1.285938e+01  3.585938e+00
   endloop
 endfacet
 facet normal  3.420201e-01 -9.396926e-01  5.267859e-06
   outer loop
     vertex  4.872320e+00 -1.242912e+01  4.872320e+00
     vertex  4.877303e+00 -1.242716e+01  3.000000e+01
     vertex  4.251797e+00 -1.265483e+01  3.000000e+01
   endloop
 endfacet
 facet normal  3.412086e-01 -9.399876e-01 -1.742320e-05
   outer loop
     vertex  4.872320e+00 -1.242912e+01  4.872320e+00
     vertex  4.251797e+00 -1.265483e+01  3.000000e+01
     vertex  4.234597e+00 -1.266060e+01  4.234597e+00
   endloop
 endfacet
 facet normal  3.884348e-01 -9.214762e-01 -7.649850e-06
   outer loop
     vertex  5.497459e+00 -1.216554e+01  5.497459e+00
     vertex  5.490683e+00 -1.216860e+01  3.000000e+01
     vertex  4.877303e+00 -1.242716e+01  3.000000e+01
   endloop
 endfacet
 facet normal  3.885112e-01 -9.214440e-01 -5.370903e-06
   outer loop
     vertex  5.497459e+00 -1.216554e+01  5.497459e+00
     vertex  4.877303e+00 -1.242716e+01  3.000000e+01
     vertex  4.872320e+00 -1.242912e+01  4.872320e+00
   endloop
 endfacet
 facet normal  4.338837e-01 -9.009689e-01 -2.174389e-05
   outer loop
     vertex  6.108402e+00 -1.187055e+01  6.108402e+00
     vertex  6.090412e+00 -1.187979e+01  3.000000e+01
     vertex  5.490683e+00 -1.216860e+01  3.000000e+01
   endloop
 endfacet
 facet normal  4.348105e-01 -9.005220e-01  7.793015e-06
   outer loop
     vertex  6.108402e+00 -1.187055e+01  6.108402e+00
     vertex  5.490683e+00 -1.216860e+01  3.000000e+01
     vertex  5.497459e+00 -1.216554e+01  5.497459e+00
   endloop
 endfacet
 facet normal  4.782540e-01 -8.782216e-01  4.234597e-05
   outer loop
     vertex  6.638266e+00 -1.158257e+01  6.638266e+00
     vertex  6.675000e+00 -1.156144e+01  3.000000e+01
     vertex  6.090412e+00 -1.187979e+01  3.000000e+01
   endloop
 endfacet
 facet normal  4.775098e-01 -8.786264e-01  1.974516e-05
   outer loop
     vertex  6.638266e+00 -1.158257e+01  6.638266e+00
     vertex  6.090412e+00 -1.187979e+01  3.000000e+01
     vertex  6.108402e+00 -1.187055e+01  6.108402e+00
   endloop
 endfacet
 facet normal  5.214352e-01 -8.532909e-01  1.709291e-04
   outer loop
     vertex  7.026832e+00 -1.135104e+01  7.026832e+00
     vertex  7.242993e+00 -1.121435e+01  3.000000e+01
     vertex  6.675000e+00 -1.156144e+01  3.000000e+01
   endloop
 endfacet
 facet normal  5.118955e-01 -8.590477e-01 -2.789507e-05
   outer loop
     vertex  7.026832e+00 -1.135104e+01  7.026832e+00
     vertex  6.675000e+00 -1.156144e+01  3.000000e+01
     vertex  6.638266e+00 -1.158257e+01  6.638266e+00
   endloop
 endfacet
 facet normal  5.407416e-01 -8.411888e-01 -8.273908e-05
   outer loop
     vertex  7.407332e+00 -1.110648e+01  7.407332e+00
     vertex  7.242993e+00 -1.121435e+01  3.000000e+01
     vertex  7.026832e+00 -1.135104e+01  7.026832e+00
   endloop
 endfacet
 facet normal  5.633201e-01 -8.262388e-01  1.528739e-04
   outer loop
     vertex  7.407332e+00 -1.110648e+01  7.407332e+00
     vertex  7.792978e+00 -1.083937e+01  3.000000e+01
     vertex  7.242993e+00 -1.121435e+01  3.000000e+01
   endloop
 endfacet
 facet normal  5.688615e-01 -8.224334e-01  1.329387e-05
   outer loop
     vertex  7.779329e+00 -1.084917e+01  7.779329e+00
     vertex  7.792978e+00 -1.083937e+01  3.000000e+01
     vertex  7.407332e+00 -1.110648e+01  7.407332e+00
   endloop
 endfacet
 facet normal  5.964128e-01 -8.026778e-01 -1.234153e-05
   outer loop
     vertex  8.142396e+00 -1.057941e+01  8.142396e+00
     vertex  7.792978e+00 -1.083937e+01  3.000000e+01
     vertex  7.779329e+00 -1.084917e+01  7.779329e+00
   endloop
 endfacet
 facet normal  6.038044e-01 -7.971325e-01  1.717744e-04
   outer loop
     vertex  8.142396e+00 -1.057941e+01  8.142396e+00
     vertex  8.323589e+00 -1.043745e+01  3.000000e+01
     vertex  7.792978e+00 -1.083937e+01  3.000000e+01
   endloop
 endfacet
 facet normal  6.233087e-01 -7.819759e-01 -8.834777e-05
   outer loop
     vertex  8.496116e+00 -1.029750e+01  8.496116e+00
     vertex  8.323589e+00 -1.043745e+01  3.000000e+01
     vertex  8.142396e+00 -1.057941e+01  8.142396e+00
   endloop
 endfacet
 facet normal  6.427876e-01 -7.660444e-01  1.716161e-04
   outer loop
     vertex  8.496116e+00 -1.029750e+01  8.496116e+00
     vertex  8.833506e+00 -1.000958e+01  3.000000e+01
     vertex  8.323589e+00 -1.043745e+01  3.000000e+01
   endloop
 endfacet
 facet normal  6.493930e-01 -7.604530e-01 -6.885741e-06
   outer loop
     vertex  8.840082e+00 -1.000377e+01  8.840082e+00
     vertex  8.833506e+00 -1.000958e+01  3.000000e+01
     vertex  8.496116e+00 -1.029750e+01  8.496116e+00
   endloop
 endfacet
 facet normal  6.747740e-01 -7.380245e-01  7.158177e-06
   outer loop
     vertex  9.173901e+00 -9.698559e+00  9.173901e+00
     vertex  8.833506e+00 -1.000958e+01  3.000000e+01
     vertex  8.840082e+00 -1.000377e+01  8.840082e+00
   endloop
 endfacet
 facet normal  6.801727e-01 -7.330519e-01  1.696609e-04
   outer loop
     vertex  9.173901e+00 -9.698559e+00  9.173901e+00
     vertex  9.321462e+00 -9.556822e+00  3.000000e+01
     vertex  8.833506e+00 -1.000958e+01  3.000000e+01
   endloop
 endfacet
 facet normal  6.994390e-01 -7.146923e-01 -9.179748e-05
   outer loop
     vertex  9.497188e+00 -9.382213e+00  9.497188e+00
     vertex  9.321462e+00 -9.556822e+00  3.000000e+01
     vertex  9.173901e+00 -9.698559e+00  9.173901e+00
   endloop
 endfacet
 facet normal  7.158668e-01 -6.982368e-01  1.891448e-04
   outer loop
     vertex  9.497188e+00 -9.382213e+00  9.497188e+00
     vertex  9.786242e+00 -9.080306e+00  3.000000e+01
     vertex  9.321462e+00 -9.556822e+00  3.000000e+01
   endloop
 endfacet
 facet normal  7.232162e-01 -6.906217e-01 -2.660110e-05
   outer loop
     vertex  9.809574e+00 -9.055096e+00  9.809574e+00
     vertex  9.786242e+00 -9.080306e+00  3.000000e+01
     vertex  9.497188e+00 -9.382213e+00  9.497188e+00
   endloop
 endfacet
 facet normal  7.461709e-01 -6.657544e-01  3.097402e-05
   outer loop
     vertex  1.011070e+01 -8.717585e+00  1.011070e+01
     vertex  9.786242e+00 -9.080306e+00  3.000000e+01
     vertex  9.809574e+00 -9.055096e+00  9.809574e+00
   endloop
 endfacet
 facet normal  7.497812e-01 -6.616858e-01  1.640668e-04
   outer loop
     vertex  1.011070e+01 -8.717585e+00  1.011070e+01
     vertex  1.022669e+01 -8.581215e+00  3.000000e+01
     vertex  9.786242e+00 -9.080306e+00  3.000000e+01
   endloop
 endfacet
 facet normal  7.683472e-01 -6.400332e-01 -9.267153e-05
   outer loop
     vertex  1.040022e+01 -8.370066e+00  1.040022e+01
     vertex  1.022669e+01 -8.581215e+00  3.000000e+01
     vertex  1.011070e+01 -8.717585e+00  1.011070e+01
   endloop
 endfacet
 facet normal  7.818315e-01 -6.234898e-01  2.049303e-04
   outer loop
     vertex  1.040022e+01 -8.370066e+00  1.040022e+01
     vertex  1.064172e+01 -8.060789e+00  3.000000e+01
     vertex  1.022669e+01 -8.581215e+00  3.000000e+01
   endloop
 endfacet
 facet normal  7.895690e-01 -6.136617e-01 -4.549291e-05
   outer loop
     vertex  1.067779e+01 -8.012939e+00  1.067779e+01
     vertex  1.064172e+01 -8.060789e+00  3.000000e+01
     vertex  1.040022e+01 -8.370066e+00  1.040022e+01
   endloop
 endfacet
 facet normal  8.098677e-01 -5.866125e-01  5.939087e-05
   outer loop
     vertex  1.094312e+01 -7.646614e+00  1.094312e+01
     vertex  1.064172e+01 -8.060789e+00  3.000000e+01
     vertex  1.067779e+01 -8.012939e+00  1.067779e+01
   endloop
 endfacet
 facet normal  8.119380e-01 -5.837437e-01  1.544839e-04
   outer loop
     vertex  1.094312e+01 -7.646614e+00  1.094312e+01
     vertex  1.103029e+01 -7.520323e+00  3.000000e+01
     vertex  1.064172e+01 -8.060789e+00  3.000000e+01
   endloop
 endfacet
 facet normal  8.293230e-01 -5.587695e-01 -9.054536e-05
   outer loop
     vertex  1.119588e+01 -7.271511e+00  1.119588e+01
     vertex  1.103029e+01 -7.520323e+00  3.000000e+01
     vertex  1.094312e+01 -7.646614e+00  1.094312e+01
   endloop
 endfacet
 facet normal  8.400259e-01 -5.425463e-01  2.183661e-04
   outer loop
     vertex  1.119588e+01 -7.271511e+00  1.119588e+01
     vertex  1.139143e+01 -6.961160e+00  3.000000e+01
     vertex  1.103029e+01 -7.520323e+00  3.000000e+01
   endloop
 endfacet
 facet normal  8.477671e-01 -5.303687e-01 -6.312235e-05
   outer loop
     vertex  1.143578e+01 -6.888060e+00  1.143578e+01
     vertex  1.139143e+01 -6.961160e+00  3.000000e+01
     vertex  1.119588e+01 -7.271511e+00  1.119588e+01
   endloop
 endfacet
 facet normal  8.652074e-01 -5.014141e-01  9.255618e-05
   outer loop
     vertex  1.166256e+01 -6.496703e+00  1.166256e+01
     vertex  1.139143e+01 -6.961160e+00  3.000000e+01
     vertex  1.143578e+01 -6.888060e+00  1.143578e+01
   endloop
 endfacet
 facet normal  8.660254e-01 -5.000000e-01  1.404664e-04
   outer loop
     vertex  1.166256e+01 -6.496703e+00  1.166256e+01
     vertex  1.172426e+01 -6.384691e+00  3.000000e+01
     vertex  1.139143e+01 -6.961160e+00  3.000000e+01
   endloop
 endfacet
 facet normal  8.817378e-01 -4.717398e-01 -8.502144e-05
   outer loop
     vertex  1.187595e+01 -6.097887e+00  1.187595e+01
     vertex  1.172426e+01 -6.384691e+00  3.000000e+01
     vertex  1.166256e+01 -6.496703e+00  1.166256e+01
   endloop
 endfacet
 facet normal  8.898718e-01 -4.562106e-01  2.287997e-04
   outer loop
     vertex  1.187595e+01 -6.097887e+00  1.187595e+01
     vertex  1.202793e+01 -5.792348e+00  3.000000e+01
     vertex  1.172426e+01 -6.384691e+00  3.000000e+01
   endloop
 endfacet
 facet normal  8.972103e-01 -4.416036e-01 -7.898738e-05
   outer loop
     vertex  1.207571e+01 -5.692071e+00  1.207571e+01
     vertex  1.202793e+01 -5.792348e+00  3.000000e+01
     vertex  1.187595e+01 -6.097887e+00  1.187595e+01
   endloop
 endfacet
 facet normal  9.115058e-01 -4.112871e-01  1.216916e-04
   outer loop
     vertex  1.226161e+01 -5.279722e+00  1.226161e+01
     vertex  1.230171e+01 -5.185605e+00  3.000000e+01
     vertex  1.202793e+01 -5.792348e+00  3.000000e+01
   endloop
 endfacet
 facet normal  9.116189e-01 -4.110364e-01  1.304254e-04
   outer loop
     vertex  1.226161e+01 -5.279722e+00  1.226161e+01
     vertex  1.202793e+01 -5.792348e+00  3.000000e+01
     vertex  1.207571e+01 -5.692071e+00  1.207571e+01
   endloop
 endfacet
 facet normal  9.308737e-01 -3.653410e-01  2.355823e-04
   outer loop
     vertex  1.243343e+01 -4.861311e+00  1.243343e+01
     vertex  1.254490e+01 -4.565969e+00  3.000000e+01
     vertex  1.230171e+01 -5.185605e+00  3.000000e+01
   endloop
 endfacet
 facet normal  9.250514e-01 -3.798418e-01 -7.577303e-05
   outer loop
     vertex  1.243343e+01 -4.861311e+00  1.243343e+01
     vertex  1.230171e+01 -5.185605e+00  3.000000e+01
     vertex  1.226161e+01 -5.279722e+00  1.226161e+01
   endloop
 endfacet
 facet normal  9.479273e-01 -3.184866e-01  1.555295e-04
   outer loop
     vertex  1.259098e+01 -4.437320e+00  1.259098e+01
     vertex  1.275690e+01 -3.934982e+00  3.000000e+01
     vertex  1.254490e+01 -4.565969e+00  3.000000e+01
   endloop
 endfacet
 facet normal  9.373894e-01 -3.482831e-01 -9.255276e-05
   outer loop
     vertex  1.259098e+01 -4.437320e+00  1.259098e+01
     vertex  1.254490e+01 -4.565969e+00  3.000000e+01
     vertex  1.243343e+01 -4.861311e+00  1.243343e+01
   endloop
 endfacet
 facet normal  9.486309e-01 -3.163848e-01  8.817435e-05
   outer loop
     vertex  1.273407e+01 -4.008235e+00  1.273407e+01
     vertex  1.275690e+01 -3.934982e+00  3.000000e+01
     vertex  1.259098e+01 -4.437320e+00  1.259098e+01
   endloop
 endfacet
 facet normal  9.626242e-01 -2.708405e-01  2.381317e-04
   outer loop
     vertex  1.286255e+01 -3.574549e+00  1.286255e+01
     vertex  1.293718e+01 -3.294211e+00  3.000000e+01
     vertex  1.275690e+01 -3.934982e+00  3.000000e+01
   endloop
 endfacet
 facet normal  9.588174e-01 -2.840231e-01 -6.259241e-05
   outer loop
     vertex  1.286255e+01 -3.574549e+00  1.286255e+01
     vertex  1.275690e+01 -3.934982e+00  3.000000e+01
     vertex  1.273407e+01 -4.008235e+00  1.273407e+01
   endloop
 endfacet
 facet normal  9.749279e-01 -2.225209e-01  1.796901e-04
   outer loop
     vertex  1.297626e+01 -3.136759e+00  1.297626e+01
     vertex  1.308530e+01 -2.645251e+00  3.000000e+01
     vertex  1.293718e+01 -3.294211e+00  3.000000e+01
   endloop
 endfacet
 facet normal  9.678909e-01 -2.513708e-01 -1.032934e-04
   outer loop
     vertex  1.297626e+01 -3.136759e+00  1.297626e+01
     vertex  1.293718e+01 -3.294211e+00  3.000000e+01
     vertex  1.286255e+01 -3.574549e+00  1.286255e+01
   endloop
 endfacet
 facet normal  9.758425e-01 -2.184753e-01  5.702616e-05
   outer loop
     vertex  1.307507e+01 -2.695369e+00  1.307507e+01
     vertex  1.308530e+01 -2.645251e+00  3.000000e+01
     vertex  1.297626e+01 -3.136759e+00  1.297626e+01
   endloop
 endfacet
 facet normal  9.848077e-01 -1.736482e-01  2.360038e-04
   outer loop
     vertex  1.315888e+01 -2.250885e+00  1.315888e+01
     vertex  1.320089e+01 -1.989714e+00  3.000000e+01
     vertex  1.308530e+01 -2.645251e+00  3.000000e+01
   endloop
 endfacet
 facet normal  9.826874e-01 -1.852713e-01 -4.543548e-05
   outer loop
     vertex  1.315888e+01 -2.250885e+00  1.315888e+01
     vertex  1.308530e+01 -2.645251e+00  3.000000e+01
     vertex  1.307507e+01 -2.695369e+00  1.307507e+01
   endloop
 endfacet
 facet normal  9.922392e-01 -1.243437e-01  2.004114e-04
   outer loop
     vertex  1.322758e+01 -1.803816e+00  1.322758e+01
     vertex  1.328366e+01 -1.329231e+00  3.000000e+01
     vertex  1.320089e+01 -1.989714e+00  3.000000e+01
   endloop
 endfacet
 facet normal  9.884010e-01 -1.518666e-01 -1.107466e-04
   outer loop
     vertex  1.322758e+01 -1.803816e+00  1.322758e+01
     vertex  1.320089e+01 -1.989714e+00  3.000000e+01
     vertex  1.315888e+01 -2.250885e+00  1.315888e+01
   endloop
 endfacet
 facet normal  9.929760e-01 -1.183158e-01  2.738524e-05
   outer loop
     vertex  1.328109e+01 -1.354677e+00  1.328109e+01
     vertex  1.328366e+01 -1.329231e+00  3.000000e+01
     vertex  1.322758e+01 -1.803816e+00  1.322758e+01
   endloop
 endfacet
 facet normal  9.972038e-01 -7.473009e-02  2.289583e-04
   outer loop
     vertex  1.331936e+01 -9.039829e-01  1.331936e+01
     vertex  1.333340e+01 -6.654426e-01  3.000000e+01
     vertex  1.328366e+01 -1.329231e+00  3.000000e+01
   endloop
 endfacet
 facet normal  9.964146e-01 -8.460409e-02 -2.445316e-05
   outer loop
     vertex  1.331936e+01 -9.039829e-01  1.331936e+01
     vertex  1.328366e+01 -1.329231e+00  3.000000e+01
     vertex  1.328109e+01 -1.354677e+00  1.328109e+01
   endloop
 endfacet
 facet normal  9.996892e-01 -2.493069e-02  2.170038e-04
   outer loop
     vertex  1.334234e+01 -4.522511e-01  1.334234e+01
     vertex  1.335000e+01  0.000000e+00  3.000000e+01
     vertex  1.333340e+01 -6.654426e-01  3.000000e+01
   endloop
 endfacet
 facet normal  9.987090e-01 -5.079676e-02 -1.145662e-04
   outer loop
     vertex  1.334234e+01 -4.522511e-01  1.334234e+01
     vertex  1.333340e+01 -6.654426e-01  3.000000e+01
     vertex  1.331936e+01 -9.039829e-01  1.331936e+01
   endloop
 endfacet
 facet normal  9.998565e-01 -1.694067e-02  0.000000e+00
   outer loop
     vertex  1.335000e+01  0.000000e+00  1.335000e+01
     vertex  1.335000e+01  0.000000e+00  3.000000e+01
     vertex  1.334234e+01 -4.522511e-01  1.334234e+01
   endloop
 endfacet
 facet normal  0.000000e+00  2.454123e-02 -9.996988e-01
   outer loop
     vertex  0.000000e+00  6.550535e-01 -1.333392e+01
     vertex  3.000000e+01  0.000000e+00 -1.335000e+01
     vertex  4.087259e-16 -1.001090e-31 -1.335000e+01
   endloop
 endfacet
 facet normal  8.509140e-06  2.493069e-02 -9.996892e-01
   outer loop
     vertex  0.000000e+00  6.550535e-01 -1.333392e+01
     vertex  3.000000e+01  6.654426e-01 -1.333340e+01
     vertex  3.000000e+01  0.000000e+00 -1.335000e+01
   endloop
 endfacet
 facet normal  1.674820e-05  7.473009e-02 -9.972038e-01
   outer loop
     vertex  0.000000e+00  1.308529e+00 -1.328572e+01
     vertex  3.000000e+01  1.329231e+00 -1.328366e+01
     vertex  3.000000e+01  6.654426e-01 -1.333340e+01
   endloop
 endfacet
 facet normal -8.374100e-06  7.356456e-02 -9.972905e-01
   outer loop
     vertex  0.000000e+00  1.308529e+00 -1.328572e+01
     vertex  3.000000e+01  6.654426e-01 -1.333340e+01
     vertex  0.000000e+00  6.550535e-01 -1.333392e+01
   endloop
 endfacet
 facet normal  2.471717e-05  1.243437e-01 -9.922392e-01
   outer loop
     vertex  0.000000e+00  1.958852e+00 -1.320551e+01
     vertex  3.000000e+01  1.989714e+00 -1.320089e+01
     vertex  3.000000e+01  1.329231e+00 -1.328366e+01
   endloop
 endfacet
 facet normal -1.647812e-05  1.224107e-01 -9.924795e-01
   outer loop
     vertex  0.000000e+00  1.958852e+00 -1.320551e+01
     vertex  3.000000e+01  1.329231e+00 -1.328366e+01
     vertex  0.000000e+00  1.308529e+00 -1.328572e+01
   endloop
 endfacet
 facet normal  3.241606e-05  1.736482e-01 -9.848078e-01
   outer loop
     vertex  0.000000e+00  2.604456e+00 -1.309348e+01
     vertex  3.000000e+01  2.645251e+00 -1.308530e+01
     vertex  3.000000e+01  1.989714e+00 -1.320089e+01
   endloop
 endfacet
 facet normal -2.431205e-05  1.709619e-01 -9.852776e-01
   outer loop
     vertex  0.000000e+00  2.604456e+00 -1.309348e+01
     vertex  3.000000e+01  1.989714e+00 -1.320089e+01
     vertex  0.000000e+00  1.958852e+00 -1.320551e+01
   endloop
 endfacet
 facet normal  3.984485e-05  2.225209e-01 -9.749279e-01
   outer loop
     vertex  0.000000e+00  3.243785e+00 -1.294992e+01
     vertex  3.000000e+01  3.294211e+00 -1.293718e+01
     vertex  3.000000e+01  2.645251e+00 -1.308530e+01
   endloop
 endfacet
 facet normal -3.187589e-05  2.191012e-01 -9.757021e-01
   outer loop
     vertex  0.000000e+00  3.243785e+00 -1.294992e+01
     vertex  3.000000e+01  2.645251e+00 -1.308530e+01
     vertex  0.000000e+00  2.604456e+00 -1.309348e+01
   endloop
 endfacet
 facet normal  4.700354e-05  2.708405e-01 -9.626242e-01
   outer loop
     vertex  0.000000e+00  3.875300e+00 -1.277515e+01
     vertex  3.000000e+01  3.934982e+00 -1.275690e+01
     vertex  3.000000e+01  3.294211e+00 -1.293718e+01
   endloop
 endfacet
 facet normal -3.916963e-05  2.667128e-01 -9.637761e-01
   outer loop
     vertex  0.000000e+00  3.875300e+00 -1.277515e+01
     vertex  3.000000e+01  3.294211e+00 -1.293718e+01
     vertex  0.000000e+00  3.243785e+00 -1.294992e+01
   endloop
 endfacet
 facet normal  5.389213e-05  3.184866e-01 -9.479273e-01
   outer loop
     vertex  0.000000e+00  4.497480e+00 -1.256961e+01
     vertex  3.000000e+01  4.565969e+00 -1.254490e+01
     vertex  3.000000e+01  3.934982e+00 -1.275690e+01
   endloop
 endfacet
 facet normal -4.619327e-05  3.136817e-01 -9.495282e-01
   outer loop
     vertex  0.000000e+00  4.497480e+00 -1.256961e+01
     vertex  3.000000e+01  3.934982e+00 -1.275690e+01
     vertex  0.000000e+00  3.875300e+00 -1.277515e+01
   endloop
 endfacet
 facet normal -5.294681e-05  3.598950e-01 -9.329928e-01
   outer loop
     vertex  0.000000e+00  5.108824e+00 -1.233379e+01
     vertex  3.000000e+01  4.565969e+00 -1.254490e+01
     vertex  0.000000e+00  4.497480e+00 -1.256961e+01
   endloop
 endfacet
 facet normal  6.051062e-05  3.653410e-01 -9.308737e-01
   outer loop
     vertex  0.000000e+00  5.108824e+00 -1.233379e+01
     vertex  3.000000e+01  5.185605e+00 -1.230171e+01
     vertex  3.000000e+01  4.565969e+00 -1.254490e+01
   endloop
 endfacet
 facet normal -5.943024e-05  4.052413e-01 -9.142098e-01
   outer loop
     vertex  0.000000e+00  5.707860e+00 -1.206826e+01
     vertex  3.000000e+01  5.185605e+00 -1.230171e+01
     vertex  0.000000e+00  5.108824e+00 -1.233379e+01
   endloop
 endfacet
 facet normal  6.685899e-05  4.112871e-01 -9.115059e-01
   outer loop
     vertex  0.000000e+00  5.707860e+00 -1.206826e+01
     vertex  3.000000e+01  5.792348e+00 -1.202793e+01
     vertex  3.000000e+01  5.185605e+00 -1.230171e+01
   endloop
 endfacet
 facet normal -6.564355e-05  4.496113e-01 -8.932243e-01
   outer loop
     vertex  0.000000e+00  6.293146e+00 -1.177365e+01
     vertex  3.000000e+01  5.792348e+00 -1.202793e+01
     vertex  0.000000e+00  5.707860e+00 -1.206826e+01
   endloop
 endfacet
 facet normal  7.293724e-05  4.562107e-01 -8.898718e-01
   outer loop
     vertex  0.000000e+00  6.293146e+00 -1.177365e+01
     vertex  3.000000e+01  6.384691e+00 -1.172426e+01
     vertex  3.000000e+01  5.792348e+00 -1.202793e+01
   endloop
 endfacet
 facet normal -7.158675e-05  4.928982e-01 -8.700870e-01
   outer loop
     vertex  0.000000e+00  6.863272e+00 -1.145068e+01
     vertex  3.000000e+01  6.384691e+00 -1.172426e+01
     vertex  0.000000e+00  6.293146e+00 -1.177365e+01
   endloop
 endfacet
 facet normal  7.874538e-05  5.000000e-01 -8.660254e-01
   outer loop
     vertex  0.000000e+00  6.863272e+00 -1.145068e+01
     vertex  3.000000e+01  6.961160e+00 -1.139143e+01
     vertex  3.000000e+01  6.384691e+00 -1.172426e+01
   endloop
 endfacet
 facet normal -7.725982e-05  5.349976e-01 -8.448536e-01
   outer loop
     vertex  0.000000e+00  7.416863e+00 -1.110012e+01
     vertex  3.000000e+01  6.961160e+00 -1.139143e+01
     vertex  0.000000e+00  6.863272e+00 -1.145068e+01
   endloop
 endfacet
 facet normal  8.428339e-05  5.425463e-01 -8.400259e-01
   outer loop
     vertex  0.000000e+00  7.416863e+00 -1.110012e+01
     vertex  3.000000e+01  7.520323e+00 -1.103029e+01
     vertex  3.000000e+01  6.961160e+00 -1.139143e+01
   endloop
 endfacet
 facet normal -8.266277e-05  5.758082e-01 -8.175848e-01
   outer loop
     vertex  0.000000e+00  7.952586e+00 -1.072282e+01
     vertex  3.000000e+01  7.520323e+00 -1.103029e+01
     vertex  0.000000e+00  7.416863e+00 -1.110012e+01
   endloop
 endfacet
 facet normal  8.955128e-05  5.837437e-01 -8.119380e-01
   outer loop
     vertex  0.000000e+00  7.952586e+00 -1.072282e+01
     vertex  3.000000e+01  8.060789e+00 -1.064172e+01
     vertex  3.000000e+01  7.520323e+00 -1.103029e+01
   endloop
 endfacet
 facet normal -8.779560e-05  6.152316e-01 -7.883464e-01
   outer loop
     vertex  0.000000e+00  8.469150e+00 -1.031969e+01
     vertex  3.000000e+01  8.060789e+00 -1.064172e+01
     vertex  0.000000e+00  7.952586e+00 -1.072282e+01
   endloop
 endfacet
 facet normal  9.454904e-05  6.234898e-01 -7.818315e-01
   outer loop
     vertex  0.000000e+00  8.469150e+00 -1.031969e+01
     vertex  3.000000e+01  8.581215e+00 -1.022669e+01
     vertex  3.000000e+01  8.060789e+00 -1.064172e+01
   endloop
 endfacet
 facet normal -9.265829e-05  6.531728e-01 -7.572088e-01
   outer loop
     vertex  0.000000e+00  8.965312e+00 -9.891698e+00
     vertex  3.000000e+01  8.581215e+00 -1.022669e+01
     vertex  0.000000e+00  8.469150e+00 -1.031969e+01
   endloop
 endfacet
 facet normal  9.927667e-05  6.616858e-01 -7.497812e-01
   outer loop
     vertex  0.000000e+00  8.965312e+00 -9.891698e+00
     vertex  3.000000e+01  9.080306e+00 -9.786242e+00
     vertex  3.000000e+01  8.581215e+00 -1.022669e+01
   endloop
 endfacet
 facet normal -9.725085e-05  6.895405e-01 -7.242471e-01
   outer loop
     vertex  0.000000e+00  9.439876e+00 -9.439876e+00
     vertex  3.000000e+01  9.080306e+00 -9.786242e+00
     vertex  0.000000e+00  8.965312e+00 -9.891698e+00
   endloop
 endfacet
 facet normal  1.037342e-04  6.982368e-01 -7.158668e-01
   outer loop
     vertex  0.000000e+00  9.439876e+00 -9.439876e+00
     vertex  3.000000e+01  9.556822e+00 -9.321462e+00
     vertex  3.000000e+01  9.080306e+00 -9.786242e+00
   endloop
 endfacet
 facet normal -1.015733e-04  7.242471e-01 -6.895405e-01
   outer loop
     vertex  0.000000e+00  9.891698e+00 -8.965312e+00
     vertex  3.000000e+01  9.556822e+00 -9.321462e+00
     vertex  0.000000e+00  9.439876e+00 -9.439876e+00
   endloop
 endfacet
 facet normal  1.079215e-04  7.330519e-01 -6.801727e-01
   outer loop
     vertex  0.000000e+00  9.891698e+00 -8.965312e+00
     vertex  3.000000e+01  1.000958e+01 -8.833506e+00
     vertex  3.000000e+01  9.556822e+00 -9.321462e+00
   endloop
 endfacet
 facet normal -1.056256e-04  7.572088e-01 -6.531728e-01
   outer loop
     vertex  0.000000e+00  1.031969e+01 -8.469150e+00
     vertex  3.000000e+01  1.000958e+01 -8.833506e+00
     vertex  0.000000e+00  9.891698e+00 -8.965312e+00
   endloop
 endfacet
 facet normal  1.118387e-04  7.660444e-01 -6.427876e-01
   outer loop
     vertex  0.000000e+00  1.031969e+01 -8.469150e+00
     vertex  3.000000e+01  1.043745e+01 -8.323589e+00
     vertex  3.000000e+01  1.000958e+01 -8.833506e+00
   endloop
 endfacet
 facet normal -1.094077e-04  7.883464e-01 -6.152316e-01
   outer loop
     vertex  0.000000e+00  1.072282e+01 -7.952586e+00
     vertex  3.000000e+01  1.043745e+01 -8.323589e+00
     vertex  0.000000e+00  1.031969e+01 -8.469150e+00
   endloop
 endfacet
 facet normal  1.154858e-04  7.971325e-01 -6.038044e-01
   outer loop
     vertex  0.000000e+00  1.072282e+01 -7.952586e+00
     vertex  3.000000e+01  1.083937e+01 -7.792978e+00
     vertex  3.000000e+01  1.043745e+01 -8.323589e+00
   endloop
 endfacet
 facet normal -1.129197e-04  8.175848e-01 -5.758082e-01
   outer loop
     vertex  0.000000e+00  1.110012e+01 -7.416863e+00
     vertex  3.000000e+01  1.083937e+01 -7.792978e+00
     vertex  0.000000e+00  1.072282e+01 -7.952586e+00
   endloop
 endfacet
 facet normal  1.188627e-04  8.262388e-01 -5.633201e-01
   outer loop
     vertex  0.000000e+00  1.110012e+01 -7.416863e+00
     vertex  3.000000e+01  1.121435e+01 -7.242993e+00
     vertex  3.000000e+01  1.083937e+01 -7.792978e+00
   endloop
 endfacet
 facet normal -1.161616e-04  8.448536e-01 -5.349976e-01
   outer loop
     vertex  0.000000e+00  1.145068e+01 -6.863272e+00
     vertex  3.000000e+01  1.121435e+01 -7.242993e+00
     vertex  0.000000e+00  1.110012e+01 -7.416863e+00
   endloop
 endfacet
 facet normal  1.219695e-04  8.532909e-01 -5.214352e-01
   outer loop
     vertex  0.000000e+00  1.145068e+01 -6.863272e+00
     vertex  3.000000e+01  1.156144e+01 -6.675000e+00
     vertex  3.000000e+01  1.121435e+01 -7.242993e+00
   endloop
 endfacet
 facet normal -1.191333e-04  8.700870e-01 -4.928982e-01
   outer loop
     vertex  0.000000e+00  1.177365e+01 -6.293146e+00
     vertex  3.000000e+01  1.156144e+01 -6.675000e+00
     vertex  0.000000e+00  1.145068e+01 -6.863272e+00
   endloop
 endfacet
 facet normal  1.248061e-04  8.782216e-01 -4.782540e-01
   outer loop
     vertex  0.000000e+00  1.177365e+01 -6.293146e+00
     vertex  3.000000e+01  1.187979e+01 -6.090412e+00
     vertex  3.000000e+01  1.156144e+01 -6.675000e+00
   endloop
 endfacet
 facet normal -1.218348e-04  8.932243e-01 -4.496113e-01
   outer loop
     vertex  0.000000e+00  1.206826e+01 -5.707860e+00
     vertex  3.000000e+01  1.187979e+01 -6.090412e+00
     vertex  0.000000e+00  1.177365e+01 -6.293146e+00
   endloop
 endfacet
 facet normal  1.273726e-04  9.009689e-01 -4.338837e-01
   outer loop
     vertex  0.000000e+00  1.206826e+01 -5.707860e+00
     vertex  3.000000e+01  1.216860e+01 -5.490683e+00
     vertex  3.000000e+01  1.187979e+01 -6.090412e+00
   endloop
 endfacet
 facet normal  1.296690e-04  9.214762e-01 -3.884348e-01
   outer loop
     vertex  0.000000e+00  1.233379e+01 -5.108824e+00
     vertex  3.000000e+01  1.242716e+01 -4.877303e+00
     vertex  3.000000e+01  1.216860e+01 -5.490683e+00
   endloop
 endfacet
 facet normal -1.242662e-04  9.142097e-01 -4.052413e-01
   outer loop
     vertex  0.000000e+00  1.233379e+01 -5.108824e+00
     vertex  3.000000e+01  1.216860e+01 -5.490683e+00
     vertex  0.000000e+00  1.206826e+01 -5.707860e+00
   endloop
 endfacet
 facet normal  1.316951e-04  9.396926e-01 -3.420201e-01
   outer loop
     vertex  0.000000e+00  1.256961e+01 -4.497480e+00
     vertex  3.000000e+01  1.265483e+01 -4.251797e+00
     vertex  3.000000e+01  1.242716e+01 -4.877303e+00
   endloop
 endfacet
 facet normal -1.264275e-04  9.329928e-01 -3.598950e-01
   outer loop
     vertex  0.000000e+00  1.256961e+01 -4.497480e+00
     vertex  3.000000e+01  1.242716e+01 -4.877303e+00
     vertex  0.000000e+00  1.233379e+01 -5.108824e+00
   endloop
 endfacet
 facet normal  1.334512e-04  9.555728e-01 -2.947552e-01
   outer loop
     vertex  0.000000e+00  1.277515e+01 -3.875300e+00
     vertex  3.000000e+01  1.285103e+01 -3.615720e+00
     vertex  3.000000e+01  1.265483e+01 -4.251797e+00
   endloop
 endfacet
 facet normal -1.283186e-04  9.495282e-01 -3.136817e-01
   outer loop
     vertex  0.000000e+00  1.277515e+01 -3.875300e+00
     vertex  3.000000e+01  1.265483e+01 -4.251797e+00
     vertex  0.000000e+00  1.256961e+01 -4.497480e+00
   endloop
 endfacet
 facet normal  1.349370e-04  9.690773e-01 -2.467574e-01
   outer loop
     vertex  0.000000e+00  1.294992e+01 -3.243785e+00
     vertex  3.000000e+01  1.301529e+01 -2.970654e+00
     vertex  3.000000e+01  1.285103e+01 -3.615720e+00
   endloop
 endfacet
 facet normal -1.299395e-04  9.637761e-01 -2.667128e-01
   outer loop
     vertex  0.000000e+00  1.294992e+01 -3.243785e+00
     vertex  3.000000e+01  1.285103e+01 -3.615720e+00
     vertex  0.000000e+00  1.277515e+01 -3.875300e+00
   endloop
 endfacet
 facet normal  1.361527e-04  9.801725e-01 -1.981461e-01
   outer loop
     vertex  0.000000e+00  1.309348e+01 -2.604456e+00
     vertex  3.000000e+01  1.314718e+01 -2.318203e+00
     vertex  3.000000e+01  1.301529e+01 -2.970654e+00
   endloop
 endfacet
 facet normal -1.312903e-04  9.757021e-01 -2.191012e-01
   outer loop
     vertex  0.000000e+00  1.309348e+01 -2.604456e+00
     vertex  3.000000e+01  1.301529e+01 -2.970654e+00
     vertex  0.000000e+00  1.294992e+01 -3.243785e+00
   endloop
 endfacet
 facet normal  1.370983e-04  9.888308e-01 -1.490423e-01
   outer loop
     vertex  0.000000e+00  1.320551e+01 -1.958852e+00
     vertex  3.000000e+01  1.324639e+01 -1.659988e+00
     vertex  3.000000e+01  1.314718e+01 -2.318203e+00
   endloop
 endfacet
 facet normal -1.323710e-04  9.852776e-01 -1.709619e-01
   outer loop
     vertex  0.000000e+00  1.320551e+01 -1.958852e+00
     vertex  3.000000e+01  1.314718e+01 -2.318203e+00
     vertex  0.000000e+00  1.309348e+01 -2.604456e+00
   endloop
 endfacet
 facet normal  1.377737e-04  9.950308e-01 -9.956785e-02
   outer loop
     vertex  0.000000e+00  1.328572e+01 -1.308529e+00
     vertex  3.000000e+01  1.331267e+01 -9.976467e-01
     vertex  3.000000e+01  1.324639e+01 -1.659988e+00
   endloop
 endfacet
 facet normal -1.331814e-04  9.924795e-01 -1.224107e-01
   outer loop
     vertex  0.000000e+00  1.328572e+01 -1.308529e+00
     vertex  3.000000e+01  1.324639e+01 -1.659988e+00
     vertex  0.000000e+00  1.320551e+01 -1.958852e+00
   endloop
 endfacet
 facet normal  1.381789e-04  9.987569e-01 -4.984589e-02
   outer loop
     vertex  0.000000e+00  1.333392e+01 -6.550535e-01
     vertex  3.000000e+01  1.334585e+01 -3.328247e-01
     vertex  3.000000e+01  1.331267e+01 -9.976467e-01
   endloop
 endfacet
 facet normal -1.337218e-04  9.972904e-01 -7.356456e-02
   outer loop
     vertex  0.000000e+00  1.333392e+01 -6.550535e-01
     vertex  3.000000e+01  1.331267e+01 -9.976467e-01
     vertex  0.000000e+00  1.328572e+01 -1.308529e+00
   endloop
 endfacet
 facet normal  1.383140e-04  1.000000e+00  0.000000e+00
   outer loop
     vertex -4.442356e-13  1.335000e+01 -4.087259e-16
     vertex  3.000000e+01  1.334585e+01  3.328247e-01
     vertex  3.000000e+01  1.334585e+01 -3.328247e-01
   endloop
 endfacet
 facet normal -1.339919e-04  9.996988e-01 -2.454123e-02
   outer loop
     vertex -4.442356e-13  1.335000e+01 -4.087259e-16
     vertex  3.000000e+01  1.334585e+01 -3.328247e-01
     vertex  0.000000e+00  1.333392e+01 -6.550535e-01
   endloop
 endfacet
 facet normal -2.262957e-04  9.994600e-01  3.285829e-02
   outer loop
     vertex  8.708167e-01  1.332157e+01  8.708167e-01
     vertex  3.000000e+01  1.334585e+01  3.328247e-01
     vertex -4.442356e-13  1.335000e+01 -4.087259e-16
   endloop
 endfacet
 facet normal  8.803724e-05  9.987569e-01  4.984589e-02
   outer loop
     vertex  8.708167e-01  1.332157e+01  8.708167e-01
     vertex  3.000000e+01  1.331267e+01  9.976467e-01
     vertex  3.000000e+01  1.334585e+01  3.328247e-01
   endloop
 endfacet
 facet normal -1.221874e-04  9.951983e-01  9.787873e-02
   outer loop
     vertex  1.737924e+00  1.323639e+01  1.737924e+00
     vertex  3.000000e+01  1.331267e+01  9.976467e-01
     vertex  8.708167e-01  1.332157e+01  8.708167e-01
   endloop
 endfacet
 facet normal -7.749159e-05  9.950308e-01  9.956785e-02
   outer loop
     vertex  1.737924e+00  1.323639e+01  1.737924e+00
     vertex  3.000000e+01  1.324639e+01  1.659988e+00
     vertex  3.000000e+01  1.331267e+01  9.976467e-01
   endloop
 endfacet
 facet normal  6.113308e-05  9.888308e-01  1.490423e-01
   outer loop
     vertex  1.737924e+00  1.323639e+01  1.737924e+00
     vertex  3.000000e+01  1.314718e+01  2.318203e+00
     vertex  3.000000e+01  1.324639e+01  1.659988e+00
   endloop
 endfacet
 facet normal -2.258104e-04  9.866778e-01  1.626866e-01
   outer loop
     vertex  2.597629e+00  1.309484e+01  2.597629e+00
     vertex  3.000000e+01  1.314718e+01  2.318203e+00
     vertex  1.737924e+00  1.323639e+01  1.737924e+00
   endloop
 endfacet
 facet normal  1.482016e-04  9.801725e-01  1.981461e-01
   outer loop
     vertex  2.597629e+00  1.309484e+01  2.597629e+00
     vertex  3.000000e+01  1.301529e+01  2.970654e+00
     vertex  3.000000e+01  1.314718e+01  2.318203e+00
   endloop
 endfacet
 facet normal -2.589426e-04  9.739577e-01  2.267295e-01
   outer loop
     vertex  3.446269e+00  1.289751e+01  3.446269e+00
     vertex  3.000000e+01  1.301529e+01  2.970654e+00
     vertex  2.597629e+00  1.309484e+01  2.597629e+00
   endloop
 endfacet
 facet normal  1.214326e-04  9.690773e-01  2.467574e-01
   outer loop
     vertex  3.446269e+00  1.289751e+01  3.446269e+00
     vertex  3.000000e+01  1.285103e+01  3.615720e+00
     vertex  3.000000e+01  1.301529e+01  2.970654e+00
   endloop
 endfacet
 facet normal -1.735016e-04  9.571189e-01  2.896952e-01
   outer loop
     vertex  4.280231e+00  1.264524e+01  4.280231e+00
     vertex  3.000000e+01  1.285103e+01  3.615720e+00
     vertex  3.446269e+00  1.289751e+01  3.446269e+00
   endloop
 endfacet
 facet normal -3.039731e-05  9.555728e-01  2.947552e-01
   outer loop
     vertex  4.280231e+00  1.264524e+01  4.280231e+00
     vertex  3.000000e+01  1.265483e+01  4.251797e+00
     vertex  3.000000e+01  1.285103e+01  3.615720e+00
   endloop
 endfacet
 facet normal  2.777572e-05  9.396926e-01  3.420201e-01
   outer loop
     vertex  4.280231e+00  1.264524e+01  4.280231e+00
     vertex  3.000000e+01  1.242716e+01  4.877303e+00
     vertex  3.000000e+01  1.265483e+01  4.251797e+00
   endloop
 endfacet
 facet normal -2.233601e-04  9.361687e-01  3.515511e-01
   outer loop
     vertex  5.095960e+00  1.233911e+01  5.095960e+00
     vertex  3.000000e+01  1.242716e+01  4.877303e+00
     vertex  4.280231e+00  1.264524e+01  4.280231e+00
   endloop
 endfacet
 facet normal  1.524268e-04  9.214762e-01  3.884348e-01
   outer loop
     vertex  5.095960e+00  1.233911e+01  5.095960e+00
     vertex  3.000000e+01  1.216860e+01  5.490683e+00
     vertex  3.000000e+01  1.242716e+01  4.877303e+00
   endloop
 endfacet
 facet normal -2.327638e-04  9.125814e-01  4.088951e-01
   outer loop
     vertex  5.811656e+00  1.201862e+01  5.811656e+00
     vertex  3.000000e+01  1.216860e+01  5.490683e+00
     vertex  5.095960e+00  1.233911e+01  5.095960e+00
   endloop
 endfacet
 facet normal  1.708346e-04  9.009689e-01  4.338837e-01
   outer loop
     vertex  5.811656e+00  1.201862e+01  5.811656e+00
     vertex  3.000000e+01  1.187979e+01  6.090412e+00
     vertex  3.000000e+01  1.216860e+01  5.490683e+00
   endloop
 endfacet
 facet normal -1.923904e-04  8.883705e-01  4.591273e-01
   outer loop
     vertex  6.438706e+00  1.169468e+01  6.438706e+00
     vertex  3.000000e+01  1.187979e+01  6.090412e+00
     vertex  5.811656e+00  1.201862e+01  5.811656e+00
   endloop
 endfacet
 facet normal  1.700833e-04  8.782216e-01  4.782540e-01
   outer loop
     vertex  6.438706e+00  1.169468e+01  6.438706e+00
     vertex  3.000000e+01  1.156144e+01  6.675000e+00
     vertex  3.000000e+01  1.187979e+01  6.090412e+00
   endloop
 endfacet
 facet normal -1.892723e-04  8.628684e-01  5.054286e-01
   outer loop
     vertex  7.047760e+00  1.133806e+01  7.047760e+00
     vertex  3.000000e+01  1.156144e+01  6.675000e+00
     vertex  6.438706e+00  1.169468e+01  6.438706e+00
   endloop
 endfacet
 facet normal  1.638988e-04  8.532909e-01  5.214352e-01
   outer loop
     vertex  7.047760e+00  1.133806e+01  7.047760e+00
     vertex  3.000000e+01  1.121435e+01  7.242993e+00
     vertex  3.000000e+01  1.156144e+01  6.675000e+00
   endloop
 endfacet
 facet normal -1.805552e-04  8.349581e-01  5.503135e-01
   outer loop
     vertex  7.637115e+00  1.094975e+01  7.637115e+00
     vertex  3.000000e+01  1.121435e+01  7.242993e+00
     vertex  7.047760e+00  1.133806e+01  7.047760e+00
   endloop
 endfacet
 facet normal  1.518405e-04  8.262388e-01  5.633201e-01
   outer loop
     vertex  7.637115e+00  1.094975e+01  7.637115e+00
     vertex  3.000000e+01  1.083937e+01  7.792978e+00
     vertex  3.000000e+01  1.121435e+01  7.242993e+00
   endloop
 endfacet
 facet normal -1.658185e-04  8.047181e-01  5.936571e-01
   outer loop
     vertex  8.205125e+00  1.053083e+01  8.205125e+00
     vertex  3.000000e+01  1.083937e+01  7.792978e+00
     vertex  7.637115e+00  1.094975e+01  7.637115e+00
   endloop
 endfacet
 facet normal  1.334549e-04  7.971325e-01  6.038044e-01
   outer loop
     vertex  8.205125e+00  1.053083e+01  8.205125e+00
     vertex  3.000000e+01  1.043745e+01  8.323589e+00
     vertex  3.000000e+01  1.083937e+01  7.792978e+00
   endloop
 endfacet
 facet normal -1.446317e-04  7.722331e-01  6.353392e-01
   outer loop
     vertex  8.750203e+00  1.008248e+01  8.750203e+00
     vertex  3.000000e+01  1.043745e+01  8.323589e+00
     vertex  8.205125e+00  1.053083e+01  8.205125e+00
   endloop
 endfacet
 facet normal  1.082818e-04  7.660444e-01  6.427876e-01
   outer loop
     vertex  8.750203e+00  1.008248e+01  8.750203e+00
     vertex  3.000000e+01  1.000958e+01  8.833506e+00
     vertex  3.000000e+01  1.043745e+01  8.323589e+00
   endloop
 endfacet
 facet normal -1.165604e-04  7.375943e-01  6.752441e-01
   outer loop
     vertex  9.270823e+00  9.605953e+00  9.270823e+00
     vertex  3.000000e+01  1.000958e+01  8.833506e+00
     vertex  8.750203e+00  1.008248e+01  8.750203e+00
   endloop
 endfacet
 facet normal  7.586420e-05  7.330519e-01  6.801727e-01
   outer loop
     vertex  9.270823e+00  9.605953e+00  9.270823e+00
     vertex  3.000000e+01  9.556822e+00  9.321462e+00
     vertex  3.000000e+01  1.000958e+01  8.833506e+00
   endloop
 endfacet
 facet normal -7.215699e-05  7.027859e-01  7.114014e-01
   outer loop
     vertex  9.717267e+00  9.154082e+00  9.717267e+00
     vertex  3.000000e+01  9.556822e+00  9.321462e+00
     vertex  9.270823e+00  9.605953e+00  9.270823e+00
   endloop
 endfacet
 facet normal  1.053109e-04  6.982368e-01  7.158668e-01
   outer loop
     vertex  9.717267e+00  9.154082e+00  9.717267e+00
     vertex  3.000000e+01  9.080306e+00  9.786242e+00
     vertex  3.000000e+01  9.556822e+00  9.321462e+00
   endloop
 endfacet
 facet normal -8.808297e-05  6.699124e-01  7.424402e-01
   outer loop
     vertex  1.010028e+01  8.729648e+00  1.010028e+01
     vertex  3.000000e+01  9.080306e+00  9.786242e+00
     vertex  9.717267e+00  9.154082e+00  9.717267e+00
   endloop
 endfacet
 facet normal  1.727303e-04  6.616858e-01  7.497812e-01
   outer loop
     vertex  1.010028e+01  8.729648e+00  1.010028e+01
     vertex  3.000000e+01  8.581215e+00  1.022669e+01
     vertex  3.000000e+01  9.080306e+00  9.786242e+00
   endloop
 endfacet
 facet normal -1.391220e-04  6.374880e-01  7.704603e-01
   outer loop
     vertex  1.046478e+01  8.289204e+00  1.046478e+01
     vertex  3.000000e+01  8.581215e+00  1.022669e+01
     vertex  1.010028e+01  8.729648e+00  1.010028e+01
   endloop
 endfacet
 facet normal  2.087085e-04  6.234898e-01  7.818315e-01
   outer loop
     vertex  1.046478e+01  8.289204e+00  1.046478e+01
     vertex  3.000000e+01  8.060789e+00  1.064172e+01
     vertex  3.000000e+01  8.581215e+00  1.022669e+01
   endloop
 endfacet
 facet normal -1.580707e-04  6.039112e-01  7.970516e-01
   outer loop
     vertex  1.081008e+01  7.833558e+00  1.081008e+01
     vertex  3.000000e+01  8.060789e+00  1.064172e+01
     vertex  1.046478e+01  8.289204e+00  1.046478e+01
   endloop
 endfacet
 facet normal  2.113407e-04  5.837437e-01  8.119380e-01
   outer loop
     vertex  1.081008e+01  7.833558e+00  1.081008e+01
     vertex  3.000000e+01  7.520323e+00  1.103029e+01
     vertex  3.000000e+01  8.060789e+00  1.064172e+01
   endloop
 endfacet
 facet normal -1.427416e-04  5.692437e-01  8.221688e-01
   outer loop
     vertex  1.113556e+01  7.363547e+00  1.113556e+01
     vertex  3.000000e+01  7.520323e+00  1.103029e+01
     vertex  1.081008e+01  7.833558e+00  1.081008e+01
   endloop
 endfacet
 facet normal  1.787816e-04  5.425463e-01  8.400259e-01
   outer loop
     vertex  1.113556e+01  7.363547e+00  1.113556e+01
     vertex  3.000000e+01  6.961160e+00  1.139143e+01
     vertex  3.000000e+01  7.520323e+00  1.103029e+01
   endloop
 endfacet
 facet normal -9.104679e-05  5.335486e-01  8.457694e-01
   outer loop
     vertex  1.144062e+01  6.880031e+00  1.144062e+01
     vertex  3.000000e+01  6.961160e+00  1.139143e+01
     vertex  1.113556e+01  7.363547e+00  1.113556e+01
   endloop
 endfacet
 facet normal  1.092825e-04  5.000000e-01  8.660254e-01
   outer loop
     vertex  1.144062e+01  6.880031e+00  1.144062e+01
     vertex  3.000000e+01  6.384691e+00  1.172426e+01
     vertex  3.000000e+01  6.961160e+00  1.139143e+01
   endloop
 endfacet
 facet normal -1.056165e-06  4.968898e-01  8.678136e-01
   outer loop
     vertex  1.172469e+01  6.383898e+00  1.172469e+01
     vertex  3.000000e+01  6.384691e+00  1.172426e+01
     vertex  1.144062e+01  6.880031e+00  1.144062e+01
   endloop
 endfacet
 facet normal  9.537378e-07  4.611811e-01  8.873060e-01
   outer loop
     vertex  1.196199e+01  5.927341e+00  1.196199e+01
     vertex  3.000000e+01  6.384691e+00  1.172426e+01
     vertex  1.172469e+01  6.383898e+00  1.172469e+01
   endloop
 endfacet
 facet normal  1.607942e-04  4.562107e-01  8.898718e-01
   outer loop
     vertex  1.196199e+01  5.927341e+00  1.196199e+01
     vertex  3.000000e+01  5.792348e+00  1.202793e+01
     vertex  3.000000e+01  6.384691e+00  1.172426e+01
   endloop
 endfacet
 facet normal -9.794925e-05  4.283499e-01  9.036130e-01
   outer loop
     vertex  1.216037e+01  5.508893e+00  1.216037e+01
     vertex  3.000000e+01  5.792348e+00  1.202793e+01
     vertex  1.196199e+01  5.927341e+00  1.196199e+01
   endloop
 endfacet
 facet normal  2.317572e-04  4.112871e-01  9.115058e-01
   outer loop
     vertex  1.216037e+01  5.508893e+00  1.216037e+01
     vertex  3.000000e+01  5.185605e+00  1.230171e+01
     vertex  3.000000e+01  5.792348e+00  1.202793e+01
   endloop
 endfacet
 facet normal -8.233068e-05  3.967603e-01  9.179222e-01
   outer loop
     vertex  1.234412e+01  5.083815e+00  1.234412e+01
     vertex  3.000000e+01  5.185605e+00  1.230171e+01
     vertex  1.216037e+01  5.508893e+00  1.216037e+01
   endloop
 endfacet
 facet normal  1.299203e-04  3.653410e-01  9.308737e-01
   outer loop
     vertex  1.234412e+01  5.083815e+00  1.234412e+01
     vertex  3.000000e+01  4.565969e+00  1.254490e+01
     vertex  3.000000e+01  5.185605e+00  1.230171e+01
   endloop
 endfacet
 facet normal  1.100420e-04  3.647527e-01  9.311044e-01
   outer loop
     vertex  1.251302e+01  4.652620e+00  1.251302e+01
     vertex  3.000000e+01  4.565969e+00  1.254490e+01
     vertex  1.234412e+01  5.083815e+00  1.234412e+01
   endloop
 endfacet
 facet normal -7.344881e-05  3.321785e-01  9.432165e-01
   outer loop
     vertex  1.266686e+01  4.215826e+00  1.266686e+01
     vertex  3.000000e+01  4.565969e+00  1.254490e+01
     vertex  1.251302e+01  4.652620e+00  1.251302e+01
   endloop
 endfacet
 facet normal  2.362839e-04  3.184866e-01  9.479273e-01
   outer loop
     vertex  1.266686e+01  4.215826e+00  1.266686e+01
     vertex  3.000000e+01  3.934982e+00  1.275690e+01
     vertex  3.000000e+01  4.565969e+00  1.254490e+01
   endloop
 endfacet
 facet normal  1.822554e-04  2.708405e-01  9.626242e-01
   outer loop
     vertex  1.280546e+01  3.773960e+00  1.280546e+01
     vertex  3.000000e+01  3.294211e+00  1.293718e+01
     vertex  3.000000e+01  3.934982e+00  1.275690e+01
   endloop
 endfacet
 facet normal -1.077273e-04  2.992572e-01  9.541725e-01
   outer loop
     vertex  1.280546e+01  3.773960e+00  1.280546e+01
     vertex  3.000000e+01  3.934982e+00  1.275690e+01
     vertex  1.266686e+01  4.215826e+00  1.266686e+01
   endloop
 endfacet
 facet normal  3.758512e-05  2.660239e-01  9.639664e-01
   outer loop
     vertex  1.292865e+01  3.327552e+00  1.292865e+01
     vertex  3.000000e+01  3.294211e+00  1.293718e+01
     vertex  1.280546e+01  3.773960e+00  1.280546e+01
   endloop
 endfacet
 facet normal  2.243256e-04  2.225209e-01  9.749279e-01
   outer loop
     vertex  1.303628e+01  2.877141e+00  1.303628e+01
     vertex  3.000000e+01  2.645251e+00  1.308530e+01
     vertex  3.000000e+01  3.294211e+00  1.293718e+01
   endloop
 endfacet
 facet normal -3.238357e-05  2.324132e-01  9.726172e-01
   outer loop
     vertex  1.303628e+01  2.877141e+00  1.303628e+01
     vertex  3.000000e+01  3.294211e+00  1.293718e+01
     vertex  1.292865e+01  3.327552e+00  1.292865e+01
   endloop
 endfacet
 facet normal  2.206368e-04  1.736482e-01  9.848077e-01
   outer loop
     vertex  1.312822e+01  2.423267e+00  1.312822e+01
     vertex  3.000000e+01  1.989714e+00  1.320089e+01
     vertex  3.000000e+01  2.645251e+00  1.308530e+01
   endloop
 endfacet
 facet normal -1.186430e-04  1.985239e-01  9.800960e-01
   outer loop
     vertex  1.312822e+01  2.423267e+00  1.312822e+01
     vertex  3.000000e+01  2.645251e+00  1.308530e+01
     vertex  1.303628e+01  2.877141e+00  1.303628e+01
   endloop
 endfacet
 facet normal -2.302759e-05  1.644309e-01  9.863886e-01
   outer loop
     vertex  1.320437e+01  1.966477e+00  1.320437e+01
     vertex  3.000000e+01  1.989714e+00  1.320089e+01
     vertex  1.312822e+01  2.423267e+00  1.312822e+01
   endloop
 endfacet
 facet normal  1.950379e-04  1.243437e-01  9.922392e-01
   outer loop
     vertex  1.326463e+01  1.507321e+00  1.326463e+01
     vertex  3.000000e+01  1.329231e+00  1.328366e+01
     vertex  3.000000e+01  1.989714e+00  1.320089e+01
   endloop
 endfacet
 facet normal  2.549005e-05  1.301277e-01  9.914972e-01
   outer loop
     vertex  1.326463e+01  1.507321e+00  1.326463e+01
     vertex  3.000000e+01  1.989714e+00  1.320089e+01
     vertex  1.320437e+01  1.966477e+00  1.320437e+01
   endloop
 endfacet
 facet normal  2.432469e-04  7.473009e-02  9.972038e-01
   outer loop
     vertex  1.330893e+01  1.046352e+00  1.330893e+01
     vertex  3.000000e+01  6.654426e-01  1.333340e+01
     vertex  3.000000e+01  1.329231e+00  1.328366e+01
   endloop
 endfacet
 facet normal -1.139544e-04  9.564673e-02  9.954153e-01
   outer loop
     vertex  1.330893e+01  1.046352e+00  1.330893e+01
     vertex  3.000000e+01  1.329231e+00  1.328366e+01
     vertex  1.326463e+01  1.507321e+00  1.326463e+01
   endloop
 endfacet
 facet normal -6.982301e-05  6.107141e-02  9.981334e-01
   outer loop
     vertex  1.333721e+01  5.841231e-01  1.333721e+01
     vertex  3.000000e+01  6.654426e-01  1.333340e+01
     vertex  1.330893e+01  1.046352e+00  1.330893e+01
   endloop
 endfacet
 facet normal  2.454403e-04  2.493069e-02  9.996892e-01
   outer loop
     vertex  1.334680e+01  2.921315e-01  1.334680e+01
     vertex  3.000000e+01 -4.579382e-14  1.335000e+01
     vertex  3.000000e+01  6.654426e-01  1.333340e+01
   endloop
 endfacet
 facet normal  6.834281e-05  3.282273e-02  9.994612e-01
   outer loop
     vertex  1.334680e+01  2.921315e-01  1.334680e+01
     vertex  3.000000e+01  6.654426e-01  1.333340e+01
     vertex  1.333721e+01  5.841231e-01  1.333721e+01
   endloop
 endfacet
 facet normal  3.009441e-17  1.094191e-02  9.999401e-01
   outer loop
     vertex  1.335000e+01  0.000000e+00  1.335000e+01
     vertex  3.000000e+01 -4.579382e-14  1.335000e+01
     vertex  1.334680e+01  2.921315e-01  1.334680e+01
   endloop
 endfacet
 facet normal  2.170038e-04 -2.493069e-02  9.996892e-01
   outer loop
     vertex  1.334234e+01 -4.522511e-01  1.334234e+01
     vertex  3.000000e+01 -6.654426e-01  1.333340e+01
     vertex  3.000000e+01 -4.579382e-14  1.335000e+01
   endloop
 endfacet
 facet normal -4.658677e-17 -1.694067e-02  9.998565e-01
   outer loop
     vertex  1.334234e+01 -4.522511e-01  1.334234e+01
     vertex  3.000000e+01 -4.579382e-14  1.335000e+01
     vertex  1.335000e+01  0.000000e+00  1.335000e+01
   endloop
 endfacet
 facet normal  2.289583e-04 -7.473009e-02  9.972038e-01
   outer loop
     vertex  1.331936e+01 -9.039829e-01  1.331936e+01
     vertex  3.000000e+01 -1.329231e+00  1.328366e+01
     vertex  3.000000e+01 -6.654426e-01  1.333340e+01
   endloop
 endfacet
 facet normal -1.145662e-04 -5.079676e-02  9.987090e-01
   outer loop
     vertex  1.331936e+01 -9.039829e-01  1.331936e+01
     vertex  3.000000e+01 -6.654426e-01  1.333340e+01
     vertex  1.334234e+01 -4.522511e-01  1.334234e+01
   endloop
 endfacet
 facet normal -2.445316e-05 -8.460409e-02  9.964146e-01
   outer loop
     vertex  1.328109e+01 -1.354677e+00  1.328109e+01
     vertex  3.000000e+01 -1.329231e+00  1.328366e+01
     vertex  1.331936e+01 -9.039829e-01  1.331936e+01
   endloop
 endfacet
 facet normal  2.004114e-04 -1.243437e-01  9.922392e-01
   outer loop
     vertex  1.322758e+01 -1.803816e+00  1.322758e+01
     vertex  3.000000e+01 -1.989714e+00  1.320089e+01
     vertex  3.000000e+01 -1.329231e+00  1.328366e+01
   endloop
 endfacet
 facet normal  2.738524e-05 -1.183158e-01  9.929760e-01
   outer loop
     vertex  1.322758e+01 -1.803816e+00  1.322758e+01
     vertex  3.000000e+01 -1.329231e+00  1.328366e+01
     vertex  1.328109e+01 -1.354677e+00  1.328109e+01
   endloop
 endfacet
 facet normal  2.360038e-04 -1.736482e-01  9.848077e-01
   outer loop
     vertex  1.315888e+01 -2.250885e+00  1.315888e+01
     vertex  3.000000e+01 -2.645251e+00  1.308530e+01
     vertex  3.000000e+01 -1.989714e+00  1.320089e+01
   endloop
 endfacet
 facet normal -1.107466e-04 -1.518666e-01  9.884010e-01
   outer loop
     vertex  1.315888e+01 -2.250885e+00  1.315888e+01
     vertex  3.000000e+01 -1.989714e+00  1.320089e+01
     vertex  1.322758e+01 -1.803816e+00  1.322758e+01
   endloop
 endfacet
 facet normal -4.543548e-05 -1.852713e-01  9.826874e-01
   outer loop
     vertex  1.307507e+01 -2.695369e+00  1.307507e+01
     vertex  3.000000e+01 -2.645251e+00  1.308530e+01
     vertex  1.315888e+01 -2.250885e+00  1.315888e+01
   endloop
 endfacet
 facet normal  1.796901e-04 -2.225209e-01  9.749279e-01
   outer loop
     vertex  1.297626e+01 -3.136759e+00  1.297626e+01
     vertex  3.000000e+01 -3.294211e+00  1.293718e+01
     vertex  3.000000e+01 -2.645251e+00  1.308530e+01
   endloop
 endfacet
 facet normal  5.702616e-05 -2.184753e-01  9.758425e-01
   outer loop
     vertex  1.297626e+01 -3.136759e+00  1.297626e+01
     vertex  3.000000e+01 -2.645251e+00  1.308530e+01
     vertex  1.307507e+01 -2.695369e+00  1.307507e+01
   endloop
 endfacet
 facet normal  2.381317e-04 -2.708405e-01  9.626242e-01
   outer loop
     vertex  1.286255e+01 -3.574549e+00  1.286255e+01
     vertex  3.000000e+01 -3.934982e+00  1.275690e+01
     vertex  3.000000e+01 -3.294211e+00  1.293718e+01
   endloop
 endfacet
 facet normal -1.032934e-04 -2.513708e-01  9.678909e-01
   outer loop
     vertex  1.286255e+01 -3.574549e+00  1.286255e+01
     vertex  3.000000e+01 -3.294211e+00  1.293718e+01
     vertex  1.297626e+01 -3.136759e+00  1.297626e+01
   endloop
 endfacet
 facet normal -6.259241e-05 -2.840231e-01  9.588174e-01
   outer loop
     vertex  1.273407e+01 -4.008235e+00  1.273407e+01
     vertex  3.000000e+01 -3.934982e+00  1.275690e+01
     vertex  1.286255e+01 -3.574549e+00  1.286255e+01
   endloop
 endfacet
 facet normal  1.555295e-04 -3.184866e-01  9.479273e-01
   outer loop
     vertex  1.259098e+01 -4.437320e+00  1.259098e+01
     vertex  3.000000e+01 -4.565969e+00  1.254490e+01
     vertex  3.000000e+01 -3.934982e+00  1.275690e+01
   endloop
 endfacet
 facet normal  8.817435e-05 -3.163848e-01  9.486309e-01
   outer loop
     vertex  1.259098e+01 -4.437320e+00  1.259098e+01
     vertex  3.000000e+01 -3.934982e+00  1.275690e+01
     vertex  1.273407e+01 -4.008235e+00  1.273407e+01
   endloop
 endfacet
 facet normal  2.355823e-04 -3.653410e-01  9.308737e-01
   outer loop
     vertex  1.243343e+01 -4.861311e+00  1.243343e+01
     vertex  3.000000e+01 -5.185605e+00  1.230171e+01
     vertex  3.000000e+01 -4.565969e+00  1.254490e+01
   endloop
 endfacet
 facet normal -9.255276e-05 -3.482831e-01  9.373894e-01
   outer loop
     vertex  1.243343e+01 -4.861311e+00  1.243343e+01
     vertex  3.000000e+01 -4.565969e+00  1.254490e+01
     vertex  1.259098e+01 -4.437320e+00  1.259098e+01
   endloop
 endfacet
 facet normal  1.216916e-04 -4.112871e-01  9.115058e-01
   outer loop
     vertex  1.226161e+01 -5.279722e+00  1.226161e+01
     vertex  3.000000e+01 -5.792348e+00  1.202793e+01
     vertex  3.000000e+01 -5.185605e+00  1.230171e+01
   endloop
 endfacet
 facet normal -7.577303e-05 -3.798418e-01  9.250514e-01
   outer loop
     vertex  1.226161e+01 -5.279722e+00  1.226161e+01
     vertex  3.000000e+01 -5.185605e+00  1.230171e+01
     vertex  1.243343e+01 -4.861311e+00  1.243343e+01
   endloop
 endfacet
 facet normal  1.304254e-04 -4.110364e-01  9.116189e-01
   outer loop
     vertex  1.207571e+01 -5.692071e+00  1.207571e+01
     vertex  3.000000e+01 -5.792348e+00  1.202793e+01
     vertex  1.226161e+01 -5.279722e+00  1.226161e+01
   endloop
 endfacet
 facet normal  2.287997e-04 -4.562106e-01  8.898718e-01
   outer loop
     vertex  1.187595e+01 -6.097887e+00  1.187595e+01
     vertex  3.000000e+01 -6.384691e+00  1.172426e+01
     vertex  3.000000e+01 -5.792348e+00  1.202793e+01
   endloop
 endfacet
 facet normal -7.898738e-05 -4.416036e-01  8.972103e-01
   outer loop
     vertex  1.187595e+01 -6.097887e+00  1.187595e+01
     vertex  3.000000e+01 -5.792348e+00  1.202793e+01
     vertex  1.207571e+01 -5.692071e+00  1.207571e+01
   endloop
 endfacet
 facet normal  1.404664e-04 -5.000000e-01  8.660254e-01
   outer loop
     vertex  1.166256e+01 -6.496703e+00  1.166256e+01
     vertex  3.000000e+01 -6.961160e+00  1.139143e+01
     vertex  3.000000e+01 -6.384691e+00  1.172426e+01
   endloop
 endfacet
 facet normal -8.502144e-05 -4.717398e-01  8.817378e-01
   outer loop
     vertex  1.166256e+01 -6.496703e+00  1.166256e+01
     vertex  3.000000e+01 -6.384691e+00  1.172426e+01
     vertex  1.187595e+01 -6.097887e+00  1.187595e+01
   endloop
 endfacet
 facet normal  9.255618e-05 -5.014141e-01  8.652074e-01
   outer loop
     vertex  1.143578e+01 -6.888060e+00  1.143578e+01
     vertex  3.000000e+01 -6.961160e+00  1.139143e+01
     vertex  1.166256e+01 -6.496703e+00  1.166256e+01
   endloop
 endfacet
 facet normal  2.183661e-04 -5.425463e-01  8.400259e-01
   outer loop
     vertex  1.119588e+01 -7.271511e+00  1.119588e+01
     vertex  3.000000e+01 -7.520323e+00  1.103029e+01
     vertex  3.000000e+01 -6.961160e+00  1.139143e+01
   endloop
 endfacet
 facet normal -6.312235e-05 -5.303687e-01  8.477671e-01
   outer loop
     vertex  1.119588e+01 -7.271511e+00  1.119588e+01
     vertex  3.000000e+01 -6.961160e+00  1.139143e+01
     vertex  1.143578e+01 -6.888060e+00  1.143578e+01
   endloop
 endfacet
 facet normal  1.544839e-04 -5.837437e-01  8.119380e-01
   outer loop
     vertex  1.094312e+01 -7.646614e+00  1.094312e+01
     vertex  3.000000e+01 -8.060789e+00  1.064172e+01
     vertex  3.000000e+01 -7.520323e+00  1.103029e+01
   endloop
 endfacet
 facet normal -9.054536e-05 -5.587695e-01  8.293230e-01
   outer loop
     vertex  1.094312e+01 -7.646614e+00  1.094312e+01
     vertex  3.000000e+01 -7.520323e+00  1.103029e+01
     vertex  1.119588e+01 -7.271511e+00  1.119588e+01
   endloop
 endfacet
 facet normal  5.939087e-05 -5.866125e-01  8.098677e-01
   outer loop
     vertex  1.067779e+01 -8.012939e+00  1.067779e+01
     vertex  3.000000e+01 -8.060789e+00  1.064172e+01
     vertex  1.094312e+01 -7.646614e+00  1.094312e+01
   endloop
 endfacet
 facet normal  2.049303e-04 -6.234898e-01  7.818315e-01
   outer loop
     vertex  1.040022e+01 -8.370066e+00  1.040022e+01
     vertex  3.000000e+01 -8.581215e+00  1.022669e+01
     vertex  3.000000e+01 -8.060789e+00  1.064172e+01
   endloop
 endfacet
 facet normal -4.549291e-05 -6.136617e-01  7.895690e-01
   outer loop
     vertex  1.040022e+01 -8.370066e+00  1.040022e+01
     vertex  3.000000e+01 -8.060789e+00  1.064172e+01
     vertex  1.067779e+01 -8.012939e+00  1.067779e+01
   endloop
 endfacet
 facet normal  1.640668e-04 -6.616858e-01  7.497812e-01
   outer loop
     vertex  1.011070e+01 -8.717585e+00  1.011070e+01
     vertex  3.000000e+01 -9.080306e+00  9.786242e+00
     vertex  3.000000e+01 -8.581215e+00  1.022669e+01
   endloop
 endfacet
 facet normal -9.267153e-05 -6.400332e-01  7.683472e-01
   outer loop
     vertex  1.011070e+01 -8.717585e+00  1.011070e+01
     vertex  3.000000e+01 -8.581215e+00  1.022669e+01
     vertex  1.040022e+01 -8.370066e+00  1.040022e+01
   endloop
 endfacet
 facet normal  3.097402e-05 -6.657544e-01  7.461709e-01
   outer loop
     vertex  9.809574e+00 -9.055096e+00  9.809574e+00
     vertex  3.000000e+01 -9.080306e+00  9.786242e+00
     vertex  1.011070e+01 -8.717585e+00  1.011070e+01
   endloop
 endfacet
 facet normal -2.660110e-05 -6.906217e-01  7.232162e-01
   outer loop
     vertex  9.497188e+00 -9.382213e+00  9.497188e+00
     vertex  3.000000e+01 -9.080306e+00  9.786242e+00
     vertex  9.809574e+00 -9.055096e+00  9.809574e+00
   endloop
 endfacet
 facet normal  1.891448e-04 -6.982368e-01  7.158668e-01
   outer loop
     vertex  9.497188e+00 -9.382213e+00  9.497188e+00
     vertex  3.000000e+01 -9.556822e+00  9.321462e+00
     vertex  3.000000e+01 -9.080306e+00  9.786242e+00
   endloop
 endfacet
 facet normal -9.179748e-05 -7.146923e-01  6.994390e-01
   outer loop
     vertex  9.173901e+00 -9.698559e+00  9.173901e+00
     vertex  3.000000e+01 -9.556822e+00  9.321462e+00
     vertex  9.497188e+00 -9.382213e+00  9.497188e+00
   endloop
 endfacet
 facet normal  1.696609e-04 -7.330519e-01  6.801727e-01
   outer loop
     vertex  9.173901e+00 -9.698559e+00  9.173901e+00
     vertex  3.000000e+01 -1.000958e+01  8.833506e+00
     vertex  3.000000e+01 -9.556822e+00  9.321462e+00
   endloop
 endfacet
 facet normal  7.158177e-06 -7.380245e-01  6.747740e-01
   outer loop
     vertex  8.840082e+00 -1.000377e+01  8.840082e+00
     vertex  3.000000e+01 -1.000958e+01  8.833506e+00
     vertex  9.173901e+00 -9.698559e+00  9.173901e+00
   endloop
 endfacet
 facet normal -6.885741e-06 -7.604530e-01  6.493930e-01
   outer loop
     vertex  8.496116e+00 -1.029750e+01  8.496116e+00
     vertex  3.000000e+01 -1.000958e+01  8.833506e+00
     vertex  8.840082e+00 -1.000377e+01  8.840082e+00
   endloop
 endfacet
 facet normal  1.716161e-04 -7.660444e-01  6.427876e-01
   outer loop
     vertex  8.496116e+00 -1.029750e+01  8.496116e+00
     vertex  3.000000e+01 -1.043745e+01  8.323589e+00
     vertex  3.000000e+01 -1.000958e+01  8.833506e+00
   endloop
 endfacet
 facet normal -8.834777e-05 -7.819759e-01  6.233087e-01
   outer loop
     vertex  8.142396e+00 -1.057941e+01  8.142396e+00
     vertex  3.000000e+01 -1.043745e+01  8.323589e+00
     vertex  8.496116e+00 -1.029750e+01  8.496116e+00
   endloop
 endfacet
 facet normal  1.717744e-04 -7.971325e-01  6.038044e-01
   outer loop
     vertex  8.142396e+00 -1.057941e+01  8.142396e+00
     vertex  3.000000e+01 -1.083937e+01  7.792978e+00
     vertex  3.000000e+01 -1.043745e+01  8.323589e+00
   endloop
 endfacet
 facet normal -1.234153e-05 -8.026778e-01  5.964128e-01
   outer loop
     vertex  7.779329e+00 -1.084917e+01  7.779329e+00
     vertex  3.000000e+01 -1.083937e+01  7.792978e+00
     vertex  8.142396e+00 -1.057941e+01  8.142396e+00
   endloop
 endfacet
 facet normal  1.528739e-04 -8.262388e-01  5.633201e-01
   outer loop
     vertex  7.407332e+00 -1.110648e+01  7.407332e+00
     vertex  3.000000e+01 -1.121435e+01  7.242993e+00
     vertex  3.000000e+01 -1.083937e+01  7.792978e+00
   endloop
 endfacet
 facet normal  1.329387e-05 -8.224334e-01  5.688615e-01
   outer loop
     vertex  7.407332e+00 -1.110648e+01  7.407332e+00
     vertex  3.000000e+01 -1.083937e+01  7.792978e+00
     vertex  7.779329e+00 -1.084917e+01  7.779329e+00
   endloop
 endfacet
 facet normal  1.709291e-04 -8.532909e-01  5.214352e-01
   outer loop
     vertex  7.026832e+00 -1.135104e+01  7.026832e+00
     vertex  3.000000e+01 -1.156144e+01  6.675000e+00
     vertex  3.000000e+01 -1.121435e+01  7.242993e+00
   endloop
 endfacet
 facet normal -8.273908e-05 -8.411888e-01  5.407416e-01
   outer loop
     vertex  7.026832e+00 -1.135104e+01  7.026832e+00
     vertex  3.000000e+01 -1.121435e+01  7.242993e+00
     vertex  7.407332e+00 -1.110648e+01  7.407332e+00
   endloop
 endfacet
 facet normal  4.234597e-05 -8.782216e-01  4.782540e-01
   outer loop
     vertex  6.638266e+00 -1.158257e+01  6.638266e+00
     vertex  3.000000e+01 -1.187979e+01  6.090412e+00
     vertex  3.000000e+01 -1.156144e+01  6.675000e+00
   endloop
 endfacet
 facet normal -2.789507e-05 -8.590477e-01  5.118955e-01
   outer loop
     vertex  6.638266e+00 -1.158257e+01  6.638266e+00
     vertex  3.000000e+01 -1.156144e+01  6.675000e+00
     vertex  7.026832e+00 -1.135104e+01  7.026832e+00
   endloop
 endfacet
 facet normal -2.174389e-05 -9.009689e-01  4.338837e-01
   outer loop
     vertex  6.108402e+00 -1.187055e+01  6.108402e+00
     vertex  3.000000e+01 -1.216860e+01  5.490683e+00
     vertex  3.000000e+01 -1.187979e+01  6.090412e+00
   endloop
 endfacet
 facet normal  1.974516e-05 -8.786264e-01  4.775098e-01
   outer loop
     vertex  6.108402e+00 -1.187055e+01  6.108402e+00
     vertex  3.000000e+01 -1.187979e+01  6.090412e+00
     vertex  6.638266e+00 -1.158257e+01  6.638266e+00
   endloop
 endfacet
 facet normal -7.649850e-06 -9.214762e-01  3.884348e-01
   outer loop
     vertex  5.497459e+00 -1.216554e+01  5.497459e+00
     vertex  3.000000e+01 -1.242716e+01  4.877303e+00
     vertex  3.000000e+01 -1.216860e+01  5.490683e+00
   endloop
 endfacet
 facet normal  7.793015e-06 -9.005220e-01  4.348105e-01
   outer loop
     vertex  5.497459e+00 -1.216554e+01  5.497459e+00
     vertex  3.000000e+01 -1.216860e+01  5.490683e+00
     vertex  6.108402e+00 -1.187055e+01  6.108402e+00
   endloop
 endfacet
 facet normal  5.267859e-06 -9.396926e-01  3.420201e-01
   outer loop
     vertex  4.872320e+00 -1.242912e+01  4.872320e+00
     vertex  3.000000e+01 -1.265483e+01  4.251797e+00
     vertex  3.000000e+01 -1.242716e+01  4.877303e+00
   endloop
 endfacet
 facet normal -5.370903e-06 -9.214440e-01  3.885112e-01
   outer loop
     vertex  4.872320e+00 -1.242912e+01  4.872320e+00
     vertex  3.000000e+01 -1.242716e+01  4.877303e+00
     vertex  5.497459e+00 -1.216554e+01  5.497459e+00
   endloop
 endfacet
 facet normal  1.707456e-05 -9.555728e-01  2.947552e-01
   outer loop
     vertex  4.234597e+00 -1.266060e+01  4.234597e+00
     vertex  3.000000e+01 -1.285103e+01  3.615720e+00
     vertex  3.000000e+01 -1.265483e+01  4.251797e+00
   endloop
 endfacet
 facet normal -1.742320e-05 -9.399876e-01  3.412086e-01
   outer loop
     vertex  4.234597e+00 -1.266060e+01  4.234597e+00
     vertex  3.000000e+01 -1.265483e+01  4.251797e+00
     vertex  4.872320e+00 -1.242912e+01  4.872320e+00
   endloop
 endfacet
 facet normal  2.783558e-05 -9.690773e-01  2.467574e-01
   outer loop
     vertex  3.585938e+00 -1.285938e+01  3.585938e+00
     vertex  3.000000e+01 -1.301529e+01  2.970654e+00
     vertex  3.000000e+01 -1.285103e+01  3.615720e+00
   endloop
 endfacet
 facet normal -2.842804e-05 -9.561049e-01  2.930245e-01
   outer loop
     vertex  3.585938e+00 -1.285938e+01  3.585938e+00
     vertex  3.000000e+01 -1.285103e+01  3.615720e+00
     vertex  4.234597e+00 -1.266060e+01  4.234597e+00
   endloop
 endfacet
 facet normal  3.761536e-05 -9.801725e-01  1.981461e-01
   outer loop
     vertex  2.928018e+00 -1.302495e+01  2.928018e+00
     vertex  3.000000e+01 -1.314718e+01  2.318203e+00
     vertex  3.000000e+01 -1.301529e+01  2.970654e+00
   endloop
 endfacet
 facet normal -3.844875e-05 -9.697543e-01  2.440834e-01
   outer loop
     vertex  2.928018e+00 -1.302495e+01  2.928018e+00
     vertex  3.000000e+01 -1.301529e+01  2.970654e+00
     vertex  3.585938e+00 -1.285938e+01  3.585938e+00
   endloop
 endfacet
 facet normal  4.647674e-05 -9.888308e-01  1.490423e-01
   outer loop
     vertex  2.262537e+00 -1.315688e+01  2.262537e+00
     vertex  3.000000e+01 -1.324639e+01  1.659988e+00
     vertex  3.000000e+01 -1.314718e+01  2.318203e+00
   endloop
 endfacet
 facet normal -4.754714e-05 -9.809003e-01  1.945113e-01
   outer loop
     vertex  2.262537e+00 -1.315688e+01  2.262537e+00
     vertex  3.000000e+01 -1.314718e+01  2.318203e+00
     vertex  2.928018e+00 -1.302495e+01  2.928018e+00
   endloop
 endfacet
 facet normal  5.448049e-05 -9.950308e-01  9.956785e-02
   outer loop
     vertex  1.591212e+00 -1.325483e+01  1.591212e+00
     vertex  3.000000e+01 -1.331267e+01  9.976467e-01
     vertex  3.000000e+01 -1.324639e+01  1.659988e+00
   endloop
 endfacet
 facet normal -5.578300e-05 -9.895141e-01  1.444364e-01
   outer loop
     vertex  1.591212e+00 -1.325483e+01  1.591212e+00
     vertex  3.000000e+01 -1.324639e+01  1.659988e+00
     vertex  2.262537e+00 -1.315688e+01  2.262537e+00
   endloop
 endfacet
 facet normal  6.168482e-05 -9.987569e-01  4.984589e-02
   outer loop
     vertex  9.157777e-01 -1.331855e+01  9.157777e-01
     vertex  3.000000e+01 -1.334585e+01  3.328247e-01
     vertex  3.000000e+01 -1.331267e+01  9.976467e-01
   endloop
 endfacet
 facet normal -6.321373e-05 -9.955734e-01  9.398772e-02
   outer loop
     vertex  9.157777e-01 -1.331855e+01  9.157777e-01
     vertex  3.000000e+01 -1.331267e+01  9.976467e-01
     vertex  1.591212e+00 -1.325483e+01  1.591212e+00
   endloop
 endfacet
 facet normal  9.238113e-05 -9.986795e-01  5.137374e-02
   outer loop
     vertex  4.581587e-01 -1.334214e+01  4.581587e-01
     vertex  3.000000e+01 -1.334585e+01  3.328247e-01
     vertex  9.157777e-01 -1.331855e+01  9.157777e-01
   endloop
 endfacet
 facet normal  1.383140e-04 -1.000000e+00 -1.067443e-14
   outer loop
     vertex -4.517991e-13 -1.335000e+01  7.154769e-15
     vertex  3.000000e+01 -1.334585e+01 -3.328247e-01
     vertex  3.000000e+01 -1.334585e+01  3.328247e-01
   endloop
 endfacet
 facet normal -5.268913e-05 -9.998518e-01  1.721470e-02
   outer loop
     vertex -4.517991e-13 -1.335000e+01  7.154769e-15
     vertex  3.000000e+01 -1.334585e+01  3.328247e-01
     vertex  4.581587e-01 -1.334214e+01  4.581587e-01
   endloop
 endfacet
 facet normal  1.381789e-04 -9.987569e-01 -4.984589e-02
   outer loop
     vertex  0.000000e+00 -1.333392e+01 -6.550535e-01
     vertex  3.000000e+01 -1.331267e+01 -9.976467e-01
     vertex  3.000000e+01 -1.334585e+01 -3.328247e-01
   endloop
 endfacet
 facet normal -1.339919e-04 -9.996988e-01 -2.454123e-02
   outer loop
     vertex  0.000000e+00 -1.333392e+01 -6.550535e-01
     vertex  3.000000e+01 -1.334585e+01 -3.328247e-01
     vertex -4.517991e-13 -1.335000e+01  7.154769e-15
   endloop
 endfacet
 facet normal  1.377737e-04 -9.950308e-01 -9.956785e-02
   outer loop
     vertex  0.000000e+00 -1.328572e+01 -1.308529e+00
     vertex  3.000000e+01 -1.324639e+01 -1.659988e+00
     vertex  3.000000e+01 -1.331267e+01 -9.976467e-01
   endloop
 endfacet
 facet normal -1.337218e-04 -9.972904e-01 -7.356456e-02
   outer loop
     vertex  0.000000e+00 -1.328572e+01 -1.308529e+00
     vertex  3.000000e+01 -1.331267e+01 -9.976467e-01
     vertex  0.000000e+00 -1.333392e+01 -6.550535e-01
   endloop
 endfacet
 facet normal  1.370983e-04 -9.888308e-01 -1.490423e-01
   outer loop
     vertex  0.000000e+00 -1.320551e+01 -1.958852e+00
     vertex  3.000000e+01 -1.314718e+01 -2.318203e+00
     vertex  3.000000e+01 -1.324639e+01 -1.659988e+00
   endloop
 endfacet
 facet normal -1.331814e-04 -9.924795e-01 -1.224107e-01
   outer loop
     vertex  0.000000e+00 -1.320551e+01 -1.958852e+00
     vertex  3.000000e+01 -1.324639e+01 -1.659988e+00
     vertex  0.000000e+00 -1.328572e+01 -1.308529e+00
   endloop
 endfacet
 facet normal  1.361527e-04 -9.801725e-01 -1.981461e-01
   outer loop
     vertex  0.000000e+00 -1.309348e+01 -2.604456e+00
     vertex  3.000000e+01 -1.301529e+01 -2.970654e+00
     vertex  3.000000e+01 -1.314718e+01 -2.318203e+00
   endloop
 endfacet
 facet normal -1.323710e-04 -9.852776e-01 -1.709619e-01
   outer loop
     vertex  0.000000e+00 -1.309348e+01 -2.604456e+00
     vertex  3.000000e+01 -1.314718e+01 -2.318203e+00
     vertex  0.000000e+00 -1.320551e+01 -1.958852e+00
   endloop
 endfacet
 facet normal  1.349370e-04 -9.690773e-01 -2.467574e-01
   outer loop
     vertex  0.000000e+00 -1.294992e+01 -3.243785e+00
     vertex  3.000000e+01 -1.285103e+01 -3.615720e+00
     vertex  3.000000e+01 -1.301529e+01 -2.970654e+00
   endloop
 endfacet
 facet normal -1.312903e-04 -9.757021e-01 -2.191012e-01
   outer loop
     vertex  0.000000e+00 -1.294992e+01 -3.243785e+00
     vertex  3.000000e+01 -1.301529e+01 -2.970654e+00
     vertex  0.000000e+00 -1.309348e+01 -2.604456e+00
   endloop
 endfacet
 facet normal  1.334512e-04 -9.555728e-01 -2.947552e-01
   outer loop
     vertex  0.000000e+00 -1.277515e+01 -3.875300e+00
     vertex  3.000000e+01 -1.265483e+01 -4.251797e+00
     vertex  3.000000e+01 -1.285103e+01 -3.615720e+00
   endloop
 endfacet
 facet normal -1.299395e-04 -9.637761e-01 -2.667128e-01
   outer loop
     vertex  0.000000e+00 -1.277515e+01 -3.875300e+00
     vertex  3.000000e+01 -1.285103e+01 -3.615720e+00
     vertex  0.000000e+00 -1.294992e+01 -3.243785e+00
   endloop
 endfacet
 facet normal -1.283186e-04 -9.495282e-01 -3.136817e-01
   outer loop
     vertex  0.000000e+00 -1.256961e+01 -4.497480e+00
     vertex  3.000000e+01 -1.265483e+01 -4.251797e+00
     vertex  0.000000e+00 -1.277515e+01 -3.875300e+00
   endloop
 endfacet
 facet normal  1.316951e-04 -9.396926e-01 -3.420201e-01
   outer loop
     vertex  0.000000e+00 -1.256961e+01 -4.497480e+00
     vertex  3.000000e+01 -1.242716e+01 -4.877303e+00
     vertex  3.000000e+01 -1.265483e+01 -4.251797e+00
   endloop
 endfacet
 facet normal -1.264275e-04 -9.329928e-01 -3.598950e-01
   outer loop
     vertex  0.000000e+00 -1.233379e+01 -5.108824e+00
     vertex  3.000000e+01 -1.242716e+01 -4.877303e+00
     vertex  0.000000e+00 -1.256961e+01 -4.497480e+00
   endloop
 endfacet
 facet normal  1.296690e-04 -9.214762e-01 -3.884348e-01
   outer loop
     vertex  0.000000e+00 -1.233379e+01 -5.108824e+00
     vertex  3.000000e+01 -1.216860e+01 -5.490683e+00
     vertex  3.000000e+01 -1.242716e+01 -4.877303e+00
   endloop
 endfacet
 facet normal -1.242662e-04 -9.142097e-01 -4.052413e-01
   outer loop
     vertex  0.000000e+00 -1.206826e+01 -5.707860e+00
     vertex  3.000000e+01 -1.216860e+01 -5.490683e+00
     vertex  0.000000e+00 -1.233379e+01 -5.108824e+00
   endloop
 endfacet
 facet normal  1.273726e-04 -9.009689e-01 -4.338837e-01
   outer loop
     vertex  0.000000e+00 -1.206826e+01 -5.707860e+00
     vertex  3.000000e+01 -1.187979e+01 -6.090412e+00
     vertex  3.000000e+01 -1.216860e+01 -5.490683e+00
   endloop
 endfacet
 facet normal -1.218348e-04 -8.932243e-01 -4.496113e-01
   outer loop
     vertex  0.000000e+00 -1.177365e+01 -6.293146e+00
     vertex  3.000000e+01 -1.187979e+01 -6.090412e+00
     vertex  0.000000e+00 -1.206826e+01 -5.707860e+00
   endloop
 endfacet
 facet normal  1.248061e-04 -8.782216e-01 -4.782540e-01
   outer loop
     vertex  0.000000e+00 -1.177365e+01 -6.293146e+00
     vertex  3.000000e+01 -1.156144e+01 -6.675000e+00
     vertex  3.000000e+01 -1.187979e+01 -6.090412e+00
   endloop
 endfacet
 facet normal -1.191333e-04 -8.700870e-01 -4.928982e-01
   outer loop
     vertex  0.000000e+00 -1.145068e+01 -6.863272e+00
     vertex  3.000000e+01 -1.156144e+01 -6.675000e+00
     vertex  0.000000e+00 -1.177365e+01 -6.293146e+00
   endloop
 endfacet
 facet normal  1.219695e-04 -8.532909e-01 -5.214352e-01
   outer loop
     vertex  0.000000e+00 -1.145068e+01 -6.863272e+00
     vertex  3.000000e+01 -1.121435e+01 -7.242993e+00
     vertex  3.000000e+01 -1.156144e+01 -6.675000e+00
   endloop
 endfacet
 facet normal -1.161616e-04 -8.448536e-01 -5.349976e-01
   outer loop
     vertex  0.000000e+00 -1.110012e+01 -7.416863e+00
     vertex  3.000000e+01 -1.121435e+01 -7.242993e+00
     vertex  0.000000e+00 -1.145068e+01 -6.863272e+00
   endloop
 endfacet
 facet normal  1.188627e-04 -8.262388e-01 -5.633201e-01
   outer loop
     vertex  0.000000e+00 -1.110012e+01 -7.416863e+00
     vertex  3.000000e+01 -1.083937e+01 -7.792978e+00
     vertex  3.000000e+01 -1.121435e+01 -7.242993e+00
   endloop
 endfacet
 facet normal -1.129197e-04 -8.175848e-01 -5.758082e-01
   outer loop
     vertex  0.000000e+00 -1.072282e+01 -7.952586e+00
     vertex  3.000000e+01 -1.083937e+01 -7.792978e+00
     vertex  0.000000e+00 -1.110012e+01 -7.416863e+00
   endloop
 endfacet
 facet normal  1.154858e-04 -7.971325e-01 -6.038044e-01
   outer loop
     vertex  0.000000e+00 -1.072282e+01 -7.952586e+00
     vertex  3.000000e+01 -1.043745e+01 -8.323589e+00
     vertex  3.000000e+01 -1.083937e+01 -7.792978e+00
   endloop
 endfacet
 facet normal -1.094077e-04 -7.883464e-01 -6.152316e-01
   outer loop
     vertex  0.000000e+00 -1.031969e+01 -8.469150e+00
     vertex  3.000000e+01 -1.043745e+01 -8.323589e+00
     vertex  0.000000e+00 -1.072282e+01 -7.952586e+00
   endloop
 endfacet
 facet normal  1.118387e-04 -7.660444e-01 -6.427876e-01
   outer loop
     vertex  0.000000e+00 -1.031969e+01 -8.469150e+00
     vertex  3.000000e+01 -1.000958e+01 -8.833506e+00
     vertex  3.000000e+01 -1.043745e+01 -8.323589e+00
   endloop
 endfacet
 facet normal -1.056256e-04 -7.572088e-01 -6.531728e-01
   outer loop
     vertex  0.000000e+00 -9.891698e+00 -8.965312e+00
     vertex  3.000000e+01 -1.000958e+01 -8.833506e+00
     vertex  0.000000e+00 -1.031969e+01 -8.469150e+00
   endloop
 endfacet
 facet normal  1.079215e-04 -7.330519e-01 -6.801727e-01
   outer loop
     vertex  0.000000e+00 -9.891698e+00 -8.965312e+00
     vertex  3.000000e+01 -9.556822e+00 -9.321462e+00
     vertex  3.000000e+01 -1.000958e+01 -8.833506e+00
   endloop
 endfacet
 facet normal -1.015733e-04 -7.242471e-01 -6.895405e-01
   outer loop
     vertex  0.000000e+00 -9.439876e+00 -9.439876e+00
     vertex  3.000000e+01 -9.556822e+00 -9.321462e+00
     vertex  0.000000e+00 -9.891698e+00 -8.965312e+00
   endloop
 endfacet
 facet normal  1.037342e-04 -6.982368e-01 -7.158668e-01
   outer loop
     vertex  0.000000e+00 -9.439876e+00 -9.439876e+00
     vertex  3.000000e+01 -9.080306e+00 -9.786242e+00
     vertex  3.000000e+01 -9.556822e+00 -9.321462e+00
   endloop
 endfacet
 facet normal -9.725085e-05 -6.895405e-01 -7.242471e-01
   outer loop
     vertex  0.000000e+00 -8.965312e+00 -9.891698e+00
     vertex  3.000000e+01 -9.080306e+00 -9.786242e+00
     vertex  0.000000e+00 -9.439876e+00 -9.439876e+00
   endloop
 endfacet
 facet normal  9.927667e-05 -6.616858e-01 -7.497812e-01
   outer loop
     vertex  0.000000e+00 -8.965312e+00 -9.891698e+00
     vertex  3.000000e+01 -8.581215e+00 -1.022669e+01
     vertex  3.000000e+01 -9.080306e+00 -9.786242e+00
   endloop
 endfacet
 facet normal -9.265829e-05 -6.531728e-01 -7.572088e-01
   outer loop
     vertex  0.000000e+00 -8.469150e+00 -1.031969e+01
     vertex  3.000000e+01 -8.581215e+00 -1.022669e+01
     vertex  0.000000e+00 -8.965312e+00 -9.891698e+00
   endloop
 endfacet
 facet normal  9.454904e-05 -6.234898e-01 -7.818315e-01
   outer loop
     vertex  0.000000e+00 -8.469150e+00 -1.031969e+01
     vertex  3.000000e+01 -8.060789e+00 -1.064172e+01
     vertex  3.000000e+01 -8.581215e+00 -1.022669e+01
   endloop
 endfacet
 facet normal -8.779560e-05 -6.152316e-01 -7.883464e-01
   outer loop
     vertex  0.000000e+00 -7.952586e+00 -1.072282e+01
     vertex  3.000000e+01 -8.060789e+00 -1.064172e+01
     vertex  0.000000e+00 -8.469150e+00 -1.031969e+01
   endloop
 endfacet
 facet normal  8.955128e-05 -5.837437e-01 -8.119380e-01
   outer loop
     vertex  0.000000e+00 -7.952586e+00 -1.072282e+01
     vertex  3.000000e+01 -7.520323e+00 -1.103029e+01
     vertex  3.000000e+01 -8.060789e+00 -1.064172e+01
   endloop
 endfacet
 facet normal  8.428339e-05 -5.425463e-01 -8.400259e-01
   outer loop
     vertex  0.000000e+00 -7.416863e+00 -1.110012e+01
     vertex  3.000000e+01 -6.961160e+00 -1.139143e+01
     vertex  3.000000e+01 -7.520323e+00 -1.103029e+01
   endloop
 endfacet
 facet normal -8.266277e-05 -5.758082e-01 -8.175848e-01
   outer loop
     vertex  0.000000e+00 -7.416863e+00 -1.110012e+01
     vertex  3.000000e+01 -7.520323e+00 -1.103029e+01
     vertex  0.000000e+00 -7.952586e+00 -1.072282e+01
   endloop
 endfacet
 facet normal -7.725982e-05 -5.349976e-01 -8.448536e-01
   outer loop
     vertex  0.000000e+00 -6.863272e+00 -1.145068e+01
     vertex  3.000000e+01 -6.961160e+00 -1.139143e+01
     vertex  0.000000e+00 -7.416863e+00 -1.110012e+01
   endloop
 endfacet
 facet normal  7.874538e-05 -5.000000e-01 -8.660254e-01
   outer loop
     vertex  0.000000e+00 -6.863272e+00 -1.145068e+01
     vertex  3.000000e+01 -6.384691e+00 -1.172426e+01
     vertex  3.000000e+01 -6.961160e+00 -1.139143e+01
   endloop
 endfacet
 facet normal  7.293724e-05 -4.562107e-01 -8.898718e-01
   outer loop
     vertex  0.000000e+00 -6.293146e+00 -1.177365e+01
     vertex  3.000000e+01 -5.792348e+00 -1.202793e+01
     vertex  3.000000e+01 -6.384691e+00 -1.172426e+01
   endloop
 endfacet
 facet normal -7.158675e-05 -4.928982e-01 -8.700870e-01
   outer loop
     vertex  0.000000e+00 -6.293146e+00 -1.177365e+01
     vertex  3.000000e+01 -6.384691e+00 -1.172426e+01
     vertex  0.000000e+00 -6.863272e+00 -1.145068e+01
   endloop
 endfacet
 facet normal  6.685899e-05 -4.112871e-01 -9.115059e-01
   outer loop
     vertex  0.000000e+00 -5.707860e+00 -1.206826e+01
     vertex  3.000000e+01 -5.185605e+00 -1.230171e+01
     vertex  3.000000e+01 -5.792348e+00 -1.202793e+01
   endloop
 endfacet
 facet normal -6.564355e-05 -4.496113e-01 -8.932243e-01
   outer loop
     vertex  0.000000e+00 -5.707860e+00 -1.206826e+01
     vertex  3.000000e+01 -5.792348e+00 -1.202793e+01
     vertex  0.000000e+00 -6.293146e+00 -1.177365e+01
   endloop
 endfacet
 facet normal  6.051062e-05 -3.653410e-01 -9.308737e-01
   outer loop
     vertex  0.000000e+00 -5.108824e+00 -1.233379e+01
     vertex  3.000000e+01 -4.565969e+00 -1.254490e+01
     vertex  3.000000e+01 -5.185605e+00 -1.230171e+01
   endloop
 endfacet
 facet normal -5.943024e-05 -4.052413e-01 -9.142098e-01
   outer loop
     vertex  0.000000e+00 -5.108824e+00 -1.233379e+01
     vertex  3.000000e+01 -5.185605e+00 -1.230171e+01
     vertex  0.000000e+00 -5.707860e+00 -1.206826e+01
   endloop
 endfacet
 facet normal  5.389213e-05 -3.184866e-01 -9.479273e-01
   outer loop
     vertex  0.000000e+00 -4.497480e+00 -1.256961e+01
     vertex  3.000000e+01 -3.934982e+00 -1.275690e+01
     vertex  3.000000e+01 -4.565969e+00 -1.254490e+01
   endloop
 endfacet
 facet normal -5.294681e-05 -3.598950e-01 -9.329928e-01
   outer loop
     vertex  0.000000e+00 -4.497480e+00 -1.256961e+01
     vertex  3.000000e+01 -4.565969e+00 -1.254490e+01
     vertex  0.000000e+00 -5.108824e+00 -1.233379e+01
   endloop
 endfacet
 facet normal  4.700354e-05 -2.708405e-01 -9.626242e-01
   outer loop
     vertex  0.000000e+00 -3.875300e+00 -1.277515e+01
     vertex  3.000000e+01 -3.294211e+00 -1.293718e+01
     vertex  3.000000e+01 -3.934982e+00 -1.275690e+01
   endloop
 endfacet
 facet normal -4.619327e-05 -3.136817e-01 -9.495282e-01
   outer loop
     vertex  0.000000e+00 -3.875300e+00 -1.277515e+01
     vertex  3.000000e+01 -3.934982e+00 -1.275690e+01
     vertex  0.000000e+00 -4.497480e+00 -1.256961e+01
   endloop
 endfacet
 facet normal  3.984485e-05 -2.225209e-01 -9.749279e-01
   outer loop
     vertex  0.000000e+00 -3.243785e+00 -1.294992e+01
     vertex  3.000000e+01 -2.645251e+00 -1.308530e+01
     vertex  3.000000e+01 -3.294211e+00 -1.293718e+01
   endloop
 endfacet
 facet normal -3.916963e-05 -2.667128e-01 -9.637761e-01
   outer loop
     vertex  0.000000e+00 -3.243785e+00 -1.294992e+01
     vertex  3.000000e+01 -3.294211e+00 -1.293718e+01
     vertex  0.000000e+00 -3.875300e+00 -1.277515e+01
   endloop
 endfacet
 facet normal  3.241606e-05 -1.736482e-01 -9.848078e-01
   outer loop
     vertex  0.000000e+00 -2.604456e+00 -1.309348e+01
     vertex  3.000000e+01 -1.989714e+00 -1.320089e+01
     vertex  3.000000e+01 -2.645251e+00 -1.308530e+01
   endloop
 endfacet
 facet normal -3.187589e-05 -2.191012e-01 -9.757021e-01
   outer loop
     vertex  0.000000e+00 -2.604456e+00 -1.309348e+01
     vertex  3.000000e+01 -2.645251e+00 -1.308530e+01
     vertex  0.000000e+00 -3.243785e+00 -1.294992e+01
   endloop
 endfacet
 facet normal  2.471717e-05 -1.243437e-01 -9.922392e-01
   outer loop
     vertex  0.000000e+00 -1.958852e+00 -1.320551e+01
     vertex  3.000000e+01 -1.329231e+00 -1.328366e+01
     vertex  3.000000e+01 -1.989714e+00 -1.320089e+01
   endloop
 endfacet
 facet normal -2.431205e-05 -1.709619e-01 -9.852776e-01
   outer loop
     vertex  0.000000e+00 -1.958852e+00 -1.320551e+01
     vertex  3.000000e+01 -1.989714e+00 -1.320089e+01
     vertex  0.000000e+00 -2.604456e+00 -1.309348e+01
   endloop
 endfacet
 facet normal  1.674820e-05 -7.473009e-02 -9.972038e-01
   outer loop
     vertex  0.000000e+00 -1.308529e+00 -1.328572e+01
     vertex  3.000000e+01 -6.654426e-01 -1.333340e+01
     vertex  3.000000e+01 -1.329231e+00 -1.328366e+01
   endloop
 endfacet
 facet normal -1.647812e-05 -1.224107e-01 -9.924795e-01
   outer loop
     vertex  0.000000e+00 -1.308529e+00 -1.328572e+01
     vertex  3.000000e+01 -1.329231e+00 -1.328366e+01
     vertex  0.000000e+00 -1.958852e+00 -1.320551e+01
   endloop
 endfacet
 facet normal  8.509140e-06 -2.493069e-02 -9.996892e-01
   outer loop
     vertex  0.000000e+00 -6.550535e-01 -1.333392e+01
     vertex  3.000000e+01  0.000000e+00 -1.335000e+01
     vertex  3.000000e+01 -6.654426e-01 -1.333340e+01
   endloop
 endfacet
 facet normal -8.374100e-06 -7.356456e-02 -9.972905e-01
   outer loop
     vertex  0.000000e+00 -6.550535e-01 -1.333392e+01
     vertex  3.000000e+01 -6.654426e-01 -1.333340e+01
     vertex  0.000000e+00 -1.308529e+00 -1.328572e+01
   endloop
 endfacet
 facet normal  8.189323e-35 -2.454123e-02 -9.996988e-01
   outer loop
     vertex  4.087259e-16 -1.001090e-31 -1.335000e+01
     vertex  3.000000e+01  0.000000e+00 -1.335000e+01
     vertex  0.000000e+00 -6.550535e-01 -1.333392e+01
   endloop
 endfacet
 facet normal -2.492319e-02  9.993883e-01 -2.453361e-02
   outer loop
     vertex -6.654426e-01  1.333340e+01  0.000000e+00
     vertex -4.442356e-13  1.335000e+01 -4.087259e-16
     vertex  0.000000e+00  1.333392e+01 -6.550535e-01
   endloop
 endfacet
 facet normal -2.492319e-02 -9.993883e-01 -2.453361e-02
   outer loop
     vertex -4.517991e-13 -1.335000e+01  7.154769e-15
     vertex -6.654426e-01 -1.333340e+01  0.000000e+00
     vertex  0.000000e+00 -1.333392e+01 -6.550535e-01
   endloop
 endfacet
 facet normal  1.210081e-01  7.302398e-02 -9.899619e-01
   outer loop
     vertex -3.110379e-02  9.105051e-01 -1.331888e+01
     vertex  0.000000e+00  1.308529e+00 -1.328572e+01
     vertex  0.000000e+00  6.550535e-01 -1.333392e+01
   endloop
 endfacet
 facet normal -9.479682e-02  2.443071e-02 -9.951968e-01
   outer loop
     vertex -9.316634e-02  9.062599e-01 -1.331888e+01
     vertex  0.000000e+00  6.550535e-01 -1.333392e+01
     vertex  4.087259e-16 -1.001090e-31 -1.335000e+01
   endloop
 endfacet
 facet normal -3.987485e-03  5.829497e-02 -9.982914e-01
   outer loop
     vertex -9.316634e-02  9.062599e-01 -1.331888e+01
     vertex -3.110379e-02  9.105051e-01 -1.331888e+01
     vertex  0.000000e+00  6.550535e-01 -1.333392e+01
   endloop
 endfacet
 facet normal -4.651589e-03  3.384282e-02 -9.994163e-01
   outer loop
     vertex -1.547945e-01  8.977893e-01 -1.331888e+01
     vertex -9.316634e-02  9.062599e-01 -1.331888e+01
     vertex  4.087259e-16 -1.001090e-31 -1.335000e+01
   endloop
 endfacet
 facet normal  1.787228e-02  1.223911e-01 -9.923210e-01
   outer loop
     vertex -1.240527e-01  1.813587e+00 -1.322566e+01
     vertex  0.000000e+00  1.958852e+00 -1.320551e+01
     vertex  0.000000e+00  1.308529e+00 -1.328572e+01
   endloop
 endfacet
 facet normal -1.088375e-01  9.097919e-02 -9.898875e-01
   outer loop
     vertex -1.240527e-01  1.813587e+00 -1.322566e+01
     vertex  0.000000e+00  1.308529e+00 -1.328572e+01
     vertex -3.110379e-02  9.105051e-01 -1.331888e+01
   endloop
 endfacet
 facet normal -6.974710e-03  1.019666e-01 -9.947634e-01
   outer loop
     vertex -1.240527e-01  1.813587e+00 -1.322566e+01
     vertex -3.110379e-02  9.105051e-01 -1.331888e+01
     vertex -9.316634e-02  9.062599e-01 -1.331888e+01
   endloop
 endfacet
 facet normal -6.950261e-03  3.344649e-02 -9.994163e-01
   outer loop
     vertex -2.157010e-01  8.851328e-01 -1.331888e+01
     vertex -1.547945e-01  8.977893e-01 -1.331888e+01
     vertex  4.087259e-16 -1.001090e-31 -1.335000e+01
   endloop
 endfacet
 facet normal -1.047006e-02  1.018458e-01 -9.947451e-01
   outer loop
     vertex -2.475271e-01  1.800893e+00 -1.322566e+01
     vertex -1.240527e-01  1.813587e+00 -1.322566e+01
     vertex -9.316634e-02  9.062599e-01 -1.331888e+01
   endloop
 endfacet
 facet normal -1.391690e-02  1.012530e-01 -9.947634e-01
   outer loop
     vertex -2.475271e-01  1.800893e+00 -1.322566e+01
     vertex -9.316634e-02  9.062599e-01 -1.331888e+01
     vertex -1.547945e-01  8.977893e-01 -1.331888e+01
   endloop
 endfacet
 facet normal -3.829645e-02  1.708365e-01 -9.845549e-01
   outer loop
     vertex -9.273196e-02  2.714554e+00 -1.307077e+01
     vertex  0.000000e+00  2.604456e+00 -1.309348e+01
     vertex  0.000000e+00  1.958852e+00 -1.320551e+01
   endloop
 endfacet
 facet normal  2.117057e-02  2.190521e-01 -9.754835e-01
   outer loop
     vertex -9.273196e-02  2.714554e+00 -1.307077e+01
     vertex  0.000000e+00  3.243785e+00 -1.294992e+01
     vertex  0.000000e+00  2.604456e+00 -1.309348e+01
   endloop
 endfacet
 facet normal -3.988833e-02  1.706361e-01 -9.845264e-01
   outer loop
     vertex -9.273196e-02  2.714554e+00 -1.307077e+01
     vertex  0.000000e+00  1.958852e+00 -1.320551e+01
     vertex -1.240527e-01  1.813587e+00 -1.322566e+01
   endloop
 endfacet
 facet normal -9.216528e-03  3.289422e-02 -9.994163e-01
   outer loop
     vertex -2.756017e-01  8.683494e-01 -1.331888e+01
     vertex -2.157010e-01  8.851328e-01 -1.331888e+01
     vertex  4.087259e-16 -1.001090e-31 -1.335000e+01
   endloop
 endfacet
 facet normal -2.079420e-02  1.000672e-01 -9.947634e-01
   outer loop
     vertex -3.698474e-01  1.779803e+00 -1.322566e+01
     vertex -1.547945e-01  8.977893e-01 -1.331888e+01
     vertex -2.157010e-01  8.851328e-01 -1.331888e+01
   endloop
 endfacet
 facet normal -1.739586e-02  1.008939e-01 -9.947451e-01
   outer loop
     vertex -3.698474e-01  1.779803e+00 -1.322566e+01
     vertex -2.475271e-01  1.800893e+00 -1.322566e+01
     vertex -1.547945e-01  8.977893e-01 -1.331888e+01
   endloop
 endfacet
 facet normal -1.735586e-02  1.688262e-01 -9.854930e-01
   outer loop
     vertex -2.777635e-01  2.701898e+00 -1.307077e+01
     vertex -1.240527e-01  1.813587e+00 -1.322566e+01
     vertex -2.475271e-01  1.800893e+00 -1.322566e+01
   endloop
 endfacet
 facet normal -1.161498e-02  1.698049e-01 -9.854092e-01
   outer loop
     vertex -2.777635e-01  2.701898e+00 -1.307077e+01
     vertex -9.273196e-02  2.714554e+00 -1.307077e+01
     vertex -1.240527e-01  1.813587e+00 -1.322566e+01
   endloop
 endfacet
 facet normal -1.143982e-02  3.218858e-02 -9.994163e-01
   outer loop
     vertex -3.342175e-01  8.475174e-01 -1.331888e+01
     vertex -2.756017e-01  8.683494e-01 -1.331888e+01
     vertex  4.087259e-16 -1.001090e-31 -1.335000e+01
   endloop
 endfacet
 facet normal -2.424055e-02  9.947152e-02 -9.947451e-01
   outer loop
     vertex -4.904433e-01  1.750415e+00 -1.322566e+01
     vertex -3.698474e-01  1.779803e+00 -1.322566e+01
     vertex -2.157010e-01  8.851328e-01 -1.331888e+01
   endloop
 endfacet
 facet normal -2.757456e-02  9.841488e-02 -9.947634e-01
   outer loop
     vertex -4.904433e-01  1.750415e+00 -1.322566e+01
     vertex -2.157010e-01  8.851328e-01 -1.331888e+01
     vertex -2.756017e-01  8.683494e-01 -1.331888e+01
   endloop
 endfacet
 facet normal -2.883650e-02  1.672482e-01 -9.854930e-01
   outer loop
     vertex -4.615000e-01  2.676644e+00 -1.307077e+01
     vertex -2.475271e-01  1.800893e+00 -1.322566e+01
     vertex -3.698474e-01  1.779803e+00 -1.322566e+01
   endloop
 endfacet
 facet normal -2.317580e-02  1.686165e-01 -9.854092e-01
   outer loop
     vertex -4.615000e-01  2.676644e+00 -1.307077e+01
     vertex -2.777635e-01  2.701898e+00 -1.307077e+01
     vertex -2.475271e-01  1.800893e+00 -1.322566e+01
   endloop
 endfacet
 facet normal  6.968581e-03  2.667063e-01 -9.637527e-01
   outer loop
     vertex -2.457946e-01  3.593390e+00 -1.285495e+01
     vertex  0.000000e+00  3.875300e+00 -1.277515e+01
     vertex  0.000000e+00  3.243785e+00 -1.294992e+01
   endloop
 endfacet
 facet normal -1.613015e-02  2.358145e-01 -9.716642e-01
   outer loop
     vertex -2.457946e-01  3.593390e+00 -1.285495e+01
     vertex -9.273196e-02  2.714554e+00 -1.307077e+01
     vertex -2.777635e-01  2.701898e+00 -1.307077e+01
   endloop
 endfacet
 facet normal -4.790944e-02  2.303447e-01 -9.719290e-01
   outer loop
     vertex -2.457946e-01  3.593390e+00 -1.285495e+01
     vertex  0.000000e+00  3.243785e+00 -1.294992e+01
     vertex -9.273196e-02  2.714554e+00 -1.307077e+01
   endloop
 endfacet
 facet normal -1.360978e-02  3.133286e-02 -9.994163e-01
   outer loop
     vertex -3.912750e-01  8.227338e-01 -1.331888e+01
     vertex -3.342175e-01  8.475174e-01 -1.331888e+01
     vertex  4.087259e-16 -1.001090e-31 -1.335000e+01
   endloop
 endfacet
 facet normal -3.422634e-02  9.630370e-02 -9.947634e-01
   outer loop
     vertex -6.087525e-01  1.712865e+00 -1.322566e+01
     vertex -2.756017e-01  8.683494e-01 -1.331888e+01
     vertex -3.342175e-01  8.475174e-01 -1.331888e+01
   endloop
 endfacet
 facet normal -3.097221e-02  9.758539e-02 -9.947451e-01
   outer loop
     vertex -6.087525e-01  1.712865e+00 -1.322566e+01
     vertex -4.904433e-01  1.750415e+00 -1.322566e+01
     vertex -2.756017e-01  8.683494e-01 -1.331888e+01
   endloop
 endfacet
 facet normal -3.462857e-02  1.666418e-01 -9.854092e-01
   outer loop
     vertex -6.430848e-01  2.638910e+00 -1.307077e+01
     vertex -4.615000e-01  2.676644e+00 -1.307077e+01
     vertex -3.698474e-01  1.779803e+00 -1.322566e+01
   endloop
 endfacet
 facet normal -4.018270e-02  1.648904e-01 -9.854930e-01
   outer loop
     vertex -6.430848e-01  2.638910e+00 -1.307077e+01
     vertex -3.698474e-01  1.779803e+00 -1.322566e+01
     vertex -4.904433e-01  1.750415e+00 -1.322566e+01
   endloop
 endfacet
 facet normal -3.218510e-02  2.341640e-01 -9.716642e-01
   outer loop
     vertex -4.904433e-01  3.568240e+00 -1.285495e+01
     vertex -2.777635e-01  2.701898e+00 -1.307077e+01
     vertex -4.615000e-01  2.676644e+00 -1.307077e+01
   endloop
 endfacet
 facet normal -2.426682e-02  2.360514e-01 -9.714375e-01
   outer loop
     vertex -4.904433e-01  3.568240e+00 -1.285495e+01
     vertex -2.457946e-01  3.593390e+00 -1.285495e+01
     vertex -2.777635e-01  2.701898e+00 -1.307077e+01
   endloop
 endfacet
 facet normal -1.571628e-02  3.033105e-02 -9.994163e-01
   outer loop
     vertex -4.465082e-01  7.941143e-01 -1.331888e+01
     vertex -3.912750e-01  8.227338e-01 -1.331888e+01
     vertex  4.087259e-16 -1.001090e-31 -1.335000e+01
   endloop
 endfacet
 facet normal -9.743013e-04  3.136816e-01 -9.495277e-01
   outer loop
     vertex -1.526327e-01  4.468037e+00 -1.257918e+01
     vertex  0.000000e+00  4.497480e+00 -1.256961e+01
     vertex  0.000000e+00  3.875300e+00 -1.277515e+01
   endloop
 endfacet
 facet normal -1.092501e-02  3.598736e-01 -9.329371e-01
   outer loop
     vertex -1.526327e-01  4.468037e+00 -1.257918e+01
     vertex  0.000000e+00  5.108824e+00 -1.233379e+01
     vertex  0.000000e+00  4.497480e+00 -1.256961e+01
   endloop
 endfacet
 facet normal -4.009312e-02  3.043336e-01 -9.517214e-01
   outer loop
     vertex -1.526327e-01  4.468037e+00 -1.257918e+01
     vertex  0.000000e+00  3.875300e+00 -1.277515e+01
     vertex -2.457946e-01  3.593390e+00 -1.285495e+01
   endloop
 endfacet
 facet normal -3.755947e-02  9.524428e-02 -9.947451e-01
   outer loop
     vertex -7.242234e-01  1.667329e+00 -1.322566e+01
     vertex -6.087525e-01  1.712865e+00 -1.322566e+01
     vertex -3.342175e-01  8.475174e-01 -1.331888e+01
   endloop
 endfacet
 facet normal -4.071855e-02  9.374350e-02 -9.947634e-01
   outer loop
     vertex -7.242234e-01  1.667329e+00 -1.322566e+01
     vertex -3.342175e-01  8.475174e-01 -1.331888e+01
     vertex -3.912750e-01  8.227338e-01 -1.331888e+01
   endloop
 endfacet
 facet normal -5.134154e-02  1.617639e-01 -9.854930e-01
   outer loop
     vertex -8.216712e-01  2.588873e+00 -1.307077e+01
     vertex -4.904433e-01  1.750415e+00 -1.322566e+01
     vertex -6.087525e-01  1.712865e+00 -1.322566e+01
   endloop
 endfacet
 facet normal -4.591988e-02  1.638902e-01 -9.854092e-01
   outer loop
     vertex -8.216712e-01  2.588873e+00 -1.307077e+01
     vertex -6.430848e-01  2.638910e+00 -1.307077e+01
     vertex -4.904433e-01  1.750415e+00 -1.322566e+01
   endloop
 endfacet
 facet normal -4.031896e-02  2.338451e-01 -9.714375e-01
   outer loop
     vertex -7.328052e-01  3.526452e+00 -1.285495e+01
     vertex -4.904433e-01  3.568240e+00 -1.285495e+01
     vertex -4.615000e-01  2.676644e+00 -1.307077e+01
   endloop
 endfacet
 facet normal -4.808998e-02  2.314217e-01 -9.716642e-01
   outer loop
     vertex -7.328052e-01  3.526452e+00 -1.285495e+01
     vertex -4.615000e-01  2.676644e+00 -1.307077e+01
     vertex -6.430848e-01  2.638910e+00 -1.307077e+01
   endloop
 endfacet
 facet normal -1.774951e-02  2.918782e-02 -9.994163e-01
   outer loop
     vertex -4.996595e-01  7.617922e-01 -1.331888e+01
     vertex -4.465082e-01  7.941143e-01 -1.331888e+01
     vertex  4.087259e-16 -1.001090e-31 -1.335000e+01
   endloop
 endfacet
 facet normal -2.070073e-02  3.026339e-01 -9.528820e-01
   outer loop
     vertex -4.571865e-01  4.447204e+00 -1.257918e+01
     vertex -1.526327e-01  4.468037e+00 -1.257918e+01
     vertex -2.457946e-01  3.593390e+00 -1.285495e+01
   endloop
 endfacet
 facet normal -3.086861e-02  3.002692e-01 -9.533549e-01
   outer loop
     vertex -4.571865e-01  4.447204e+00 -1.257918e+01
     vertex -2.457946e-01  3.593390e+00 -1.285495e+01
     vertex -4.904433e-01  3.568240e+00 -1.285495e+01
   endloop
 endfacet
 facet normal -4.702091e-02  9.074623e-02 -9.947634e-01
   outer loop
     vertex -8.363176e-01  1.614020e+00 -1.322566e+01
     vertex -3.912750e-01  8.227338e-01 -1.331888e+01
     vertex -4.465082e-01  7.941143e-01 -1.331888e+01
   endloop
 endfacet
 facet normal -4.397161e-02  9.245909e-02 -9.947451e-01
   outer loop
     vertex -8.363176e-01  1.614020e+00 -1.322566e+01
     vertex -7.242234e-01  1.667329e+00 -1.322566e+01
     vertex -3.912750e-01  8.227338e-01 -1.331888e+01
   endloop
 endfacet
 facet normal -6.226101e-02  1.578831e-01 -9.854930e-01
   outer loop
     vertex -9.964266e-01  2.526764e+00 -1.307077e+01
     vertex -6.087525e-01  1.712865e+00 -1.322566e+01
     vertex -7.242234e-01  1.667329e+00 -1.322566e+01
   endloop
 endfacet
 facet normal -5.699709e-02  1.603744e-01 -9.854092e-01
   outer loop
     vertex -9.964266e-01  2.526764e+00 -1.307077e+01
     vertex -8.216712e-01  2.588873e+00 -1.307077e+01
     vertex -6.087525e-01  1.712865e+00 -1.322566e+01
   endloop
 endfacet
 facet normal -5.618312e-02  2.305484e-01 -9.714375e-01
   outer loop
     vertex -9.717505e-01  3.468223e+00 -1.285495e+01
     vertex -7.328052e-01  3.526452e+00 -1.285495e+01
     vertex -6.430848e-01  2.638910e+00 -1.307077e+01
   endloop
 endfacet
 facet normal -6.377065e-02  2.276004e-01 -9.716642e-01
   outer loop
     vertex -9.717505e-01  3.468223e+00 -1.285495e+01
     vertex -6.430848e-01  2.638910e+00 -1.307077e+01
     vertex -8.216712e-01  2.588873e+00 -1.307077e+01
   endloop
 endfacet
 facet normal -1.969998e-02  2.790851e-02 -9.994163e-01
   outer loop
     vertex -5.504812e-01  7.259183e-01 -1.331888e+01
     vertex -4.996595e-01  7.617922e-01 -1.331888e+01
     vertex  4.087259e-16 -1.001090e-31 -1.335000e+01
   endloop
 endfacet
 facet normal -4.130494e-02  3.005158e-01 -9.528820e-01
   outer loop
     vertex -7.596086e-01  4.405638e+00 -1.257918e+01
     vertex -4.571865e-01  4.447204e+00 -1.257918e+01
     vertex -4.904433e-01  3.568240e+00 -1.285495e+01
   endloop
 endfacet
 facet normal -5.128775e-02  2.974627e-01 -9.533549e-01
   outer loop
     vertex -7.596086e-01  4.405638e+00 -1.257918e+01
     vertex -4.904433e-01  3.568240e+00 -1.285495e+01
     vertex -7.328052e-01  3.526452e+00 -1.285495e+01
   endloop
 endfacet
 facet normal -5.310403e-02  8.732586e-02 -9.947634e-01
   outer loop
     vertex -9.445126e-01  1.553185e+00 -1.322566e+01
     vertex -4.465082e-01  7.941143e-01 -1.331888e+01
     vertex -4.996595e-01  7.617922e-01 -1.331888e+01
   endloop
 endfacet
 facet normal -5.017873e-02  8.924282e-02 -9.947451e-01
   outer loop
     vertex -9.445126e-01  1.553185e+00 -1.322566e+01
     vertex -8.363176e-01  1.614020e+00 -1.322566e+01
     vertex -4.465082e-01  7.941143e-01 -1.331888e+01
   endloop
 endfacet
 facet normal -3.791798e-03  4.052384e-01 -9.142032e-01
   outer loop
     vertex -3.629578e-01  5.306256e+00 -1.224477e+01
     vertex  0.000000e+00  5.707860e+00 -1.206826e+01
     vertex  0.000000e+00  5.108824e+00 -1.233379e+01
   endloop
 endfacet
 facet normal -2.496859e-02  3.650279e-01 -9.306617e-01
   outer loop
     vertex -3.629578e-01  5.306256e+00 -1.224477e+01
     vertex -1.526327e-01  4.468037e+00 -1.257918e+01
     vertex -4.571865e-01  4.447204e+00 -1.257918e+01
   endloop
 endfacet
 facet normal -3.045975e-02  3.637798e-01 -9.309868e-01
   outer loop
     vertex -3.629578e-01  5.306256e+00 -1.224477e+01
     vertex  0.000000e+00  5.108824e+00 -1.233379e+01
     vertex -1.526327e-01  4.468037e+00 -1.257918e+01
   endloop
 endfacet
 facet normal -6.780855e-02  1.561109e-01 -9.854092e-01
   outer loop
     vertex -1.166536e+00  2.452875e+00 -1.307077e+01
     vertex -9.964266e-01  2.526764e+00 -1.307077e+01
     vertex -7.242234e-01  1.667329e+00 -1.322566e+01
   endloop
 endfacet
 facet normal -7.289019e-02  1.532662e-01 -9.854930e-01
   outer loop
     vertex -1.166536e+00  2.452875e+00 -1.307077e+01
     vertex -7.242234e-01  1.667329e+00 -1.322566e+01
     vertex -8.363176e-01  1.614020e+00 -1.322566e+01
   endloop
 endfacet
 facet normal -7.915398e-02  2.227180e-01 -9.716642e-01
   outer loop
     vertex -1.206165e+00  3.393823e+00 -1.285495e+01
     vertex -8.216712e-01  2.588873e+00 -1.307077e+01
     vertex -9.964266e-01  2.526764e+00 -1.307077e+01
   endloop
 endfacet
 facet normal -7.178532e-02  2.261769e-01 -9.714375e-01
   outer loop
     vertex -1.206165e+00  3.393823e+00 -1.285495e+01
     vertex -9.717505e-01  3.468223e+00 -1.285495e+01
     vertex -8.216712e-01  2.588873e+00 -1.307077e+01
   endloop
 endfacet
 facet normal -2.155860e-02  2.649908e-02 -9.994163e-01
   outer loop
     vertex -5.987364e-01  6.866599e-01 -1.331888e+01
     vertex -5.504812e-01  7.259183e-01 -1.331888e+01
     vertex  4.087259e-16 -1.001090e-31 -1.335000e+01
   endloop
 endfacet
 facet normal -7.146776e-02  2.932692e-01 -9.533549e-01
   outer loop
     vertex -1.058489e+00  4.343529e+00 -1.257918e+01
     vertex -7.328052e-01  3.526452e+00 -1.285495e+01
     vertex -9.717505e-01  3.468223e+00 -1.285495e+01
   endloop
 endfacet
 facet normal -6.171657e-02  2.969964e-01 -9.528820e-01
   outer loop
     vertex -1.058489e+00  4.343529e+00 -1.257918e+01
     vertex -7.596086e-01  4.405638e+00 -1.257918e+01
     vertex -7.328052e-01  3.526452e+00 -1.285495e+01
   endloop
 endfacet
 facet normal -5.615190e-02  8.561046e-02 -9.947451e-01
   outer loop
     vertex -1.048304e+00  1.485108e+00 -1.322566e+01
     vertex -9.445126e-01  1.553185e+00 -1.322566e+01
     vertex -4.996595e-01  7.617922e-01 -1.331888e+01
   endloop
 endfacet
 facet normal -5.893956e-02  8.349834e-02 -9.947634e-01
   outer loop
     vertex -1.048304e+00  1.485108e+00 -1.322566e+01
     vertex -4.996595e-01  7.617922e-01 -1.331888e+01
     vertex -5.504812e-01  7.259183e-01 -1.331888e+01
   endloop
 endfacet
 facet normal -4.982077e-02  3.624730e-01 -9.306617e-01
   outer loop
     vertex -7.242234e-01  5.269116e+00 -1.224477e+01
     vertex -4.571865e-01  4.447204e+00 -1.257918e+01
     vertex -7.596086e-01  4.405638e+00 -1.257918e+01
   endloop
 endfacet
 facet normal -3.763509e-02  3.660890e-01 -9.298185e-01
   outer loop
     vertex -7.242234e-01  5.269116e+00 -1.224477e+01
     vertex -3.629578e-01  5.306256e+00 -1.224477e+01
     vertex -4.571865e-01  4.447204e+00 -1.257918e+01
   endloop
 endfacet
 facet normal -8.317952e-02  1.479347e-01 -9.854930e-01
   outer loop
     vertex -1.331207e+00  2.367550e+00 -1.307077e+01
     vertex -8.363176e-01  1.614020e+00 -1.322566e+01
     vertex -9.445126e-01  1.553185e+00 -1.322566e+01
   endloop
 endfacet
 facet normal -7.830387e-02  1.511196e-01 -9.854092e-01
   outer loop
     vertex -1.331207e+00  2.367550e+00 -1.307077e+01
     vertex -1.166536e+00  2.452875e+00 -1.307077e+01
     vertex -8.363176e-01  1.614020e+00 -1.322566e+01
   endloop
 endfacet
 facet normal  7.111189e-03  4.496000e-01 -8.932017e-01
   outer loop
     vertex -2.096902e-01  6.138288e+00 -1.185327e+01
     vertex  0.000000e+00  6.293146e+00 -1.177365e+01
     vertex  0.000000e+00  5.707860e+00 -1.206826e+01
   endloop
 endfacet
 facet normal -3.885502e-02  4.312898e-01 -9.013764e-01
   outer loop
     vertex -2.096902e-01  6.138288e+00 -1.185327e+01
     vertex  0.000000e+00  5.707860e+00 -1.206826e+01
     vertex -3.629578e-01  5.306256e+00 -1.224477e+01
   endloop
 endfacet
 facet normal -9.416827e-02  2.167971e-01 -9.716642e-01
   outer loop
     vertex -1.434956e+00  3.303600e+00 -1.285495e+01
     vertex -9.964266e-01  2.526764e+00 -1.307077e+01
     vertex -1.166536e+00  2.452875e+00 -1.307077e+01
   endloop
 endfacet
 facet normal -8.705283e-02  2.207508e-01 -9.714375e-01
   outer loop
     vertex -1.434956e+00  3.303600e+00 -1.285495e+01
     vertex -1.206165e+00  3.393823e+00 -1.285495e+01
     vertex -9.964266e-01  2.526764e+00 -1.307077e+01
   endloop
 endfacet
 facet normal -2.331670e-02  2.496609e-02 -9.994163e-01
   outer loop
     vertex -6.441999e-01  6.441999e-01 -1.331888e+01
     vertex -5.987364e-01  6.866599e-01 -1.331888e+01
     vertex  4.087259e-16 -1.001090e-31 -1.335000e+01
   endloop
 endfacet
 facet normal -9.131455e-02  2.877084e-01 -9.533549e-01
   outer loop
     vertex -1.352435e+00  4.261170e+00 -1.257918e+01
     vertex -9.717505e-01  3.468223e+00 -1.285495e+01
     vertex -1.206165e+00  3.393823e+00 -1.285495e+01
   endloop
 endfacet
 facet normal -8.184045e-02  2.920924e-01 -9.528820e-01
   outer loop
     vertex -1.352435e+00  4.261170e+00 -1.257918e+01
     vertex -1.058489e+00  4.343529e+00 -1.257918e+01
     vertex -9.717505e-01  3.468223e+00 -1.285495e+01
   endloop
 endfacet
 facet normal -6.186326e-02  8.157894e-02 -9.947451e-01
   outer loop
     vertex -1.147207e+00  1.410107e+00 -1.322566e+01
     vertex -1.048304e+00  1.485108e+00 -1.322566e+01
     vertex -5.504812e-01  7.259183e-01 -1.331888e+01
   endloop
 endfacet
 facet normal -6.450029e-02  7.928150e-02 -9.947634e-01
   outer loop
     vertex -1.147207e+00  1.410107e+00 -1.322566e+01
     vertex -5.504812e-01  7.259183e-01 -1.331888e+01
     vertex -5.987364e-01  6.866599e-01 -1.331888e+01
   endloop
 endfacet
 facet normal -7.444066e-02  3.582281e-01 -9.306617e-01
   outer loop
     vertex -1.082112e+00  5.207410e+00 -1.224477e+01
     vertex -7.596086e-01  4.405638e+00 -1.257918e+01
     vertex -1.058489e+00  4.343529e+00 -1.257918e+01
   endloop
 endfacet
 facet normal -6.253016e-02  3.626673e-01 -9.298185e-01
   outer loop
     vertex -1.082112e+00  5.207410e+00 -1.224477e+01
     vertex -7.242234e-01  5.269116e+00 -1.224477e+01
     vertex -7.596086e-01  4.405638e+00 -1.257918e+01
   endloop
 endfacet
 facet normal -9.308103e-02  1.419134e-01 -9.854930e-01
   outer loop
     vertex -1.489671e+00  2.271186e+00 -1.307077e+01
     vertex -9.445126e-01  1.553185e+00 -1.322566e+01
     vertex -1.048304e+00  1.485108e+00 -1.322566e+01
   endloop
 endfacet
 facet normal -8.843409e-02  1.454237e-01 -9.854092e-01
   outer loop
     vertex -1.489671e+00  2.271186e+00 -1.307077e+01
     vertex -1.331207e+00  2.367550e+00 -1.307077e+01
     vertex -9.445126e-01  1.553185e+00 -1.322566e+01
   endloop
 endfacet
 facet normal -4.378621e-02  4.259230e-01 -9.036993e-01
   outer loop
     vertex -6.280929e-01  6.109668e+00 -1.185327e+01
     vertex -3.629578e-01  5.306256e+00 -1.224477e+01
     vertex -7.242234e-01  5.269116e+00 -1.224477e+01
   endloop
 endfacet
 facet normal -2.941328e-02  4.300069e-01 -9.023463e-01
   outer loop
     vertex -6.280929e-01  6.109668e+00 -1.185327e+01
     vertex -2.096902e-01  6.138288e+00 -1.185327e+01
     vertex -3.629578e-01  5.306256e+00 -1.224477e+01
   endloop
 endfacet
 facet normal -1.019145e-01  2.142955e-01 -9.714375e-01
   outer loop
     vertex -1.657056e+00  3.197973e+00 -1.285495e+01
     vertex -1.434956e+00  3.303600e+00 -1.285495e+01
     vertex -1.166536e+00  2.452875e+00 -1.307077e+01
   endloop
 endfacet
 facet normal -1.087435e-01  2.098654e-01 -9.716642e-01
   outer loop
     vertex -1.657056e+00  3.197973e+00 -1.285495e+01
     vertex -1.166536e+00  2.452875e+00 -1.307077e+01
     vertex -1.331207e+00  2.367550e+00 -1.307077e+01
   endloop
 endfacet
 facet normal -2.496609e-02  2.331670e-02 -9.994163e-01
   outer loop
     vertex -6.866599e-01  5.987364e-01 -1.331888e+01
     vertex -6.441999e-01  6.441999e-01 -1.331888e+01
     vertex  4.087259e-16 -1.001090e-31 -1.335000e+01
   endloop
 endfacet
 facet normal -1.015827e-01  2.858265e-01 -9.528820e-01
   outer loop
     vertex -1.640074e+00  4.158943e+00 -1.257918e+01
     vertex -1.352435e+00  4.261170e+00 -1.257918e+01
     vertex -1.206165e+00  3.393823e+00 -1.285495e+01
   endloop
 endfacet
 facet normal -1.107356e-01  2.808062e-01 -9.533549e-01
   outer loop
     vertex -1.640074e+00  4.158943e+00 -1.257918e+01
     vertex -1.206165e+00  3.393823e+00 -1.285495e+01
     vertex -1.434956e+00  3.303600e+00 -1.285495e+01
   endloop
 endfacet
 facet normal -6.728619e-02  7.716706e-02 -9.947451e-01
   outer loop
     vertex -1.240762e+00  1.328532e+00 -1.322566e+01
     vertex -1.147207e+00  1.410107e+00 -1.322566e+01
     vertex -5.987364e-01  6.866599e-01 -1.331888e+01
   endloop
 endfacet
 facet normal -6.976028e-02  7.469503e-02 -9.947634e-01
   outer loop
     vertex -1.240762e+00  1.328532e+00 -1.322566e+01
     vertex -5.987364e-01  6.866599e-01 -1.331888e+01
     vertex -6.441999e-01  6.441999e-01 -1.331888e+01
   endloop
 endfacet
 facet normal -8.713368e-02  3.575546e-01 -9.298185e-01
   outer loop
     vertex -1.434956e+00  5.121424e+00 -1.224477e+01
     vertex -1.082112e+00  5.207410e+00 -1.224477e+01
     vertex -1.058489e+00  4.343529e+00 -1.257918e+01
   endloop
 endfacet
 facet normal -9.871347e-02  3.523130e-01 -9.306617e-01
   outer loop
     vertex -1.434956e+00  5.121424e+00 -1.224477e+01
     vertex -1.058489e+00  4.343529e+00 -1.257918e+01
     vertex -1.352435e+00  4.261170e+00 -1.257918e+01
   endloop
 endfacet
 facet normal -9.815199e-02  1.390497e-01 -9.854092e-01
   outer loop
     vertex -1.641189e+00  2.164232e+00 -1.307077e+01
     vertex -1.489671e+00  2.271186e+00 -1.307077e+01
     vertex -1.048304e+00  1.485108e+00 -1.322566e+01
   endloop
 endfacet
 facet normal -1.025486e-01  1.352305e-01 -9.854930e-01
   outer loop
     vertex -1.641189e+00  2.164232e+00 -1.307077e+01
     vertex -1.048304e+00  1.485108e+00 -1.322566e+01
     vertex -1.147207e+00  1.410107e+00 -1.322566e+01
   endloop
 endfacet
 facet normal -5.868942e-02  4.269973e-01 -9.023463e-01
   outer loop
     vertex -1.043567e+00  6.052563e+00 -1.185327e+01
     vertex -6.280929e-01  6.109668e+00 -1.185327e+01
     vertex -7.242234e-01  5.269116e+00 -1.224477e+01
   endloop
 endfacet
 facet normal -7.275015e-02  4.219420e-01 -9.036993e-01
   outer loop
     vertex -1.043567e+00  6.052563e+00 -1.185327e+01
     vertex -7.242234e-01  5.269116e+00 -1.224477e+01
     vertex -1.082112e+00  5.207410e+00 -1.224477e+01
   endloop
 endfacet
 facet normal -1.228117e-01  2.019553e-01 -9.716642e-01
   outer loop
     vertex -1.871431e+00  3.077437e+00 -1.285495e+01
     vertex -1.331207e+00  2.367550e+00 -1.307077e+01
     vertex -1.489671e+00  2.271186e+00 -1.307077e+01
   endloop
 endfacet
 facet normal -1.163009e-01  2.068411e-01 -9.714375e-01
   outer loop
     vertex -1.871431e+00  3.077437e+00 -1.285495e+01
     vertex -1.657056e+00  3.197973e+00 -1.285495e+01
     vertex -1.331207e+00  2.367550e+00 -1.307077e+01
   endloop
 endfacet
 facet normal -2.184205e-02  4.927806e-01 -8.698794e-01
   outer loop
     vertex -4.733598e-01  6.920275e+00 -1.140650e+01
     vertex  0.000000e+00  6.863272e+00 -1.145068e+01
     vertex  0.000000e+00  6.293146e+00 -1.177365e+01
   endloop
 endfacet
 facet normal -1.442101e-02  5.349420e-01 -8.447657e-01
   outer loop
     vertex -4.733598e-01  6.920275e+00 -1.140650e+01
     vertex  0.000000e+00  7.416863e+00 -1.110012e+01
     vertex  0.000000e+00  6.863272e+00 -1.145068e+01
   endloop
 endfacet
 facet normal -2.949018e-02  4.883400e-01 -8.721550e-01
   outer loop
     vertex -4.733598e-01  6.920275e+00 -1.140650e+01
     vertex  0.000000e+00  6.293146e+00 -1.177365e+01
     vertex -2.096902e-01  6.138288e+00 -1.185327e+01
   endloop
 endfacet
 facet normal -3.333212e-02  4.872983e-01 -8.725992e-01
   outer loop
     vertex -4.733598e-01  6.920275e+00 -1.140650e+01
     vertex -2.096902e-01  6.138288e+00 -1.185327e+01
     vertex -6.280929e-01  6.109668e+00 -1.185327e+01
   endloop
 endfacet
 facet normal -2.649908e-02  2.155860e-02 -9.994163e-01
   outer loop
     vertex -7.259183e-01  5.504812e-01 -1.331888e+01
     vertex -6.866599e-01  5.987364e-01 -1.331888e+01
     vertex  4.087259e-16 -1.001090e-31 -1.335000e+01
   endloop
 endfacet
 facet normal -1.296403e-01  2.725947e-01 -9.533549e-01
   outer loop
     vertex -1.920067e+00  4.037325e+00 -1.257918e+01
     vertex -1.434956e+00  3.303600e+00 -1.285495e+01
     vertex -1.657056e+00  3.197973e+00 -1.285495e+01
   endloop
 endfacet
 facet normal -1.208514e-01  2.782279e-01 -9.528820e-01
   outer loop
     vertex -1.920067e+00  4.037325e+00 -1.257918e+01
     vertex -1.640074e+00  4.158943e+00 -1.257918e+01
     vertex -1.434956e+00  3.303600e+00 -1.285495e+01
   endloop
 endfacet
 facet normal -7.239540e-02  7.239540e-02 -9.947451e-01
   outer loop
     vertex -1.328532e+00  1.240762e+00 -1.322566e+01
     vertex -1.240762e+00  1.328532e+00 -1.322566e+01
     vertex -6.441999e-01  6.441999e-01 -1.331888e+01
   endloop
 endfacet
 facet normal -7.469503e-02  6.976028e-02 -9.947634e-01
   outer loop
     vertex -1.328532e+00  1.240762e+00 -1.322566e+01
     vertex -6.441999e-01  6.441999e-01 -1.331888e+01
     vertex -6.866599e-01  5.987364e-01 -1.331888e+01
   endloop
 endfacet
 facet normal -1.113309e-01  3.507749e-01 -9.298185e-01
   outer loop
     vertex -1.781109e+00  5.011560e+00 -1.224477e+01
     vertex -1.434956e+00  5.121424e+00 -1.224477e+01
     vertex -1.352435e+00  4.261170e+00 -1.257918e+01
   endloop
 endfacet
 facet normal -1.225260e-01  3.447552e-01 -9.306617e-01
   outer loop
     vertex -1.781109e+00  5.011560e+00 -1.224477e+01
     vertex -1.352435e+00  4.261170e+00 -1.257918e+01
     vertex -1.640074e+00  4.158943e+00 -1.257918e+01
   endloop
 endfacet
 facet normal -1.115379e-01  1.279171e-01 -9.854930e-01
   outer loop
     vertex -1.785056e+00  2.047188e+00 -1.307077e+01
     vertex -1.147207e+00  1.410107e+00 -1.322566e+01
     vertex -1.240762e+00  1.328532e+00 -1.322566e+01
   endloop
 endfacet
 facet normal -1.074123e-01  1.320274e-01 -9.854092e-01
   outer loop
     vertex -1.785056e+00  2.047188e+00 -1.307077e+01
     vertex -1.641189e+00  2.164232e+00 -1.307077e+01
     vertex -1.147207e+00  1.410107e+00 -1.322566e+01
   endloop
 endfacet
 facet normal -1.013749e-01  4.159937e-01 -9.036993e-01
   outer loop
     vertex -1.454176e+00  5.967237e+00 -1.185327e+01
     vertex -1.082112e+00  5.207410e+00 -1.224477e+01
     vertex -1.434956e+00  5.121424e+00 -1.224477e+01
   endloop
 endfacet
 facet normal -8.769193e-02  4.219967e-01 -9.023463e-01
   outer loop
     vertex -1.454176e+00  5.967237e+00 -1.185327e+01
     vertex -1.043567e+00  6.052563e+00 -1.185327e+01
     vertex -1.082112e+00  5.207410e+00 -1.224477e+01
   endloop
 endfacet
 facet normal -1.301451e-01  1.984222e-01 -9.714375e-01
   outer loop
     vertex -2.077080e+00  2.942551e+00 -1.285495e+01
     vertex -1.871431e+00  3.077437e+00 -1.285495e+01
     vertex -1.489671e+00  2.271186e+00 -1.307077e+01
   endloop
 endfacet
 facet normal -1.363073e-01  1.931035e-01 -9.716642e-01
   outer loop
     vertex -2.077080e+00  2.942551e+00 -1.285495e+01
     vertex -1.489671e+00  2.271186e+00 -1.307077e+01
     vertex -1.641189e+00  2.164232e+00 -1.307077e+01
   endloop
 endfacet
 facet normal -6.650883e-02  4.838877e-01 -8.725992e-01
   outer loop
     vertex -9.445126e-01  6.871839e+00 -1.140650e+01
     vertex -6.280929e-01  6.109668e+00 -1.185327e+01
     vertex -1.043567e+00  6.052563e+00 -1.185327e+01
   endloop
 endfacet
 facet normal -5.031514e-02  4.894321e-01 -8.705887e-01
   outer loop
     vertex -9.445126e-01  6.871839e+00 -1.140650e+01
     vertex -4.733598e-01  6.920275e+00 -1.140650e+01
     vertex -6.280929e-01  6.109668e+00 -1.185327e+01
   endloop
 endfacet
 facet normal -2.790851e-02  1.969998e-02 -9.994163e-01
   outer loop
     vertex -7.617922e-01  4.996595e-01 -1.331888e+01
     vertex -7.259183e-01  5.504812e-01 -1.331888e+01
     vertex  4.087259e-16 -1.001090e-31 -1.335000e+01
   endloop
 endfacet
 facet normal -1.479406e-01  2.631122e-01 -9.533549e-01
   outer loop
     vertex -2.191108e+00  3.896883e+00 -1.257918e+01
     vertex -1.657056e+00  3.197973e+00 -1.285495e+01
     vertex -1.871431e+00  3.077437e+00 -1.285495e+01
   endloop
 endfacet
 facet normal -1.395566e-01  2.693321e-01 -9.528820e-01
   outer loop
     vertex -2.191108e+00  3.896883e+00 -1.257918e+01
     vertex -1.920067e+00  4.037325e+00 -1.257918e+01
     vertex -1.657056e+00  3.197973e+00 -1.285495e+01
   endloop
 endfacet
 facet normal  5.436085e-03  5.757997e-01 -8.175727e-01
   outer loop
     vertex -2.628416e-01  7.694194e+00 -1.090655e+01
     vertex  0.000000e+00  7.952586e+00 -1.072282e+01
     vertex  0.000000e+00  7.416863e+00 -1.110012e+01
   endloop
 endfacet
 facet normal -3.558247e-02  5.490913e-01 -8.350046e-01
   outer loop
     vertex -2.628416e-01  7.694194e+00 -1.090655e+01
     vertex  0.000000e+00  7.416863e+00 -1.110012e+01
     vertex -4.733598e-01  6.920275e+00 -1.140650e+01
   endloop
 endfacet
 facet normal -7.928150e-02  6.450029e-02 -9.947634e-01
   outer loop
     vertex -1.410107e+00  1.147207e+00 -1.322566e+01
     vertex -6.866599e-01  5.987364e-01 -1.331888e+01
     vertex -7.259183e-01  5.504812e-01 -1.331888e+01
   endloop
 endfacet
 facet normal -7.716706e-02  6.728619e-02 -9.947451e-01
   outer loop
     vertex -1.410107e+00  1.147207e+00 -1.322566e+01
     vertex -1.328532e+00  1.240762e+00 -1.322566e+01
     vertex -6.866599e-01  5.987364e-01 -1.331888e+01
   endloop
 endfacet
 facet normal -1.457673e-01  3.355901e-01 -9.306617e-01
   outer loop
     vertex -2.118958e+00  4.878330e+00 -1.224477e+01
     vertex -1.640074e+00  4.158943e+00 -1.257918e+01
     vertex -1.920067e+00  4.037325e+00 -1.257918e+01
   endloop
 endfacet
 facet normal -1.350091e-01  3.423596e-01 -9.298185e-01
   outer loop
     vertex -2.118958e+00  4.878330e+00 -1.224477e+01
     vertex -1.781109e+00  5.011560e+00 -1.224477e+01
     vertex -1.640074e+00  4.158943e+00 -1.257918e+01
   endloop
 endfacet
 facet normal -1.200073e-01  1.200073e-01 -9.854930e-01
   outer loop
     vertex -1.920599e+00  1.920599e+00 -1.307077e+01
     vertex -1.240762e+00  1.328532e+00 -1.322566e+01
     vertex -1.328532e+00  1.240762e+00 -1.322566e+01
   endloop
 endfacet
 facet normal -1.161717e-01  1.243895e-01 -9.854092e-01
   outer loop
     vertex -1.920599e+00  1.920599e+00 -1.307077e+01
     vertex -1.785056e+00  2.047188e+00 -1.307077e+01
     vertex -1.240762e+00  1.328532e+00 -1.322566e+01
   endloop
 endfacet
 facet normal -1.162856e-01  4.150286e-01 -9.023463e-01
   outer loop
     vertex -1.858005e+00  5.854090e+00 -1.185327e+01
     vertex -1.454176e+00  5.967237e+00 -1.185327e+01
     vertex -1.434956e+00  5.121424e+00 -1.224477e+01
   endloop
 endfacet
 facet normal -1.295270e-01  4.081059e-01 -9.036993e-01
   outer loop
     vertex -1.858005e+00  5.854090e+00 -1.185327e+01
     vertex -1.434956e+00  5.121424e+00 -1.224477e+01
     vertex -1.781109e+00  5.011560e+00 -1.224477e+01
   endloop
 endfacet
 facet normal -1.433825e-01  1.890782e-01 -9.714375e-01
   outer loop
     vertex -2.273044e+00  2.793947e+00 -1.285495e+01
     vertex -2.077080e+00  2.942551e+00 -1.285495e+01
     vertex -1.641189e+00  2.164232e+00 -1.307077e+01
   endloop
 endfacet
 facet normal -1.491674e-01  1.833514e-01 -9.716642e-01
   outer loop
     vertex -2.273044e+00  2.793947e+00 -1.285495e+01
     vertex -1.641189e+00  2.164232e+00 -1.307077e+01
     vertex -1.785056e+00  2.047188e+00 -1.307077e+01
   endloop
 endfacet
 facet normal -9.937544e-02  4.782209e-01 -8.725992e-01
   outer loop
     vertex -1.411262e+00  6.791364e+00 -1.140650e+01
     vertex -1.043567e+00  6.052563e+00 -1.185327e+01
     vertex -1.454176e+00  5.967237e+00 -1.185327e+01
   endloop
 endfacet
 facet normal -8.359787e-02  4.848575e-01 -8.705887e-01
   outer loop
     vertex -1.411262e+00  6.791364e+00 -1.140650e+01
     vertex -9.445126e-01  6.871839e+00 -1.140650e+01
     vertex -1.043567e+00  6.052563e+00 -1.185327e+01
   endloop
 endfacet
 facet normal -2.918782e-02  1.774951e-02 -9.994163e-01
   outer loop
     vertex -7.941143e-01  4.465082e-01 -1.331888e+01
     vertex -7.617922e-01  4.996595e-01 -1.331888e+01
     vertex  4.087259e-16 -1.001090e-31 -1.335000e+01
   endloop
 endfacet
 facet normal -1.655512e-01  2.524030e-01 -9.533549e-01
   outer loop
     vertex -2.451932e+00  3.738272e+00 -1.257918e+01
     vertex -1.871431e+00  3.077437e+00 -1.285495e+01
     vertex -2.077080e+00  2.942551e+00 -1.285495e+01
   endloop
 endfacet
 facet normal -1.576112e-01  2.591805e-01 -9.528820e-01
   outer loop
     vertex -2.451932e+00  3.738272e+00 -1.257918e+01
     vertex -2.191108e+00  3.896883e+00 -1.257918e+01
     vertex -1.871431e+00  3.077437e+00 -1.285495e+01
   endloop
 endfacet
 facet normal -5.587952e-02  5.435586e-01 -8.375091e-01
   outer loop
     vertex -7.872992e-01  7.658320e+00 -1.090655e+01
     vertex -4.733598e-01  6.920275e+00 -1.140650e+01
     vertex -9.445126e-01  6.871839e+00 -1.140650e+01
   endloop
 endfacet
 facet normal -3.758227e-02  5.494333e-01 -8.346919e-01
   outer loop
     vertex -7.872992e-01  7.658320e+00 -1.090655e+01
     vertex -2.628416e-01  7.694194e+00 -1.090655e+01
     vertex -4.733598e-01  6.920275e+00 -1.140650e+01
   endloop
 endfacet
 facet normal -8.349834e-02  5.893956e-02 -9.947634e-01
   outer loop
     vertex -1.485108e+00  1.048304e+00 -1.322566e+01
     vertex -7.259183e-01  5.504812e-01 -1.331888e+01
     vertex -7.617922e-01  4.996595e-01 -1.331888e+01
   endloop
 endfacet
 facet normal -8.157894e-02  6.186326e-02 -9.947451e-01
   outer loop
     vertex -1.485108e+00  1.048304e+00 -1.322566e+01
     vertex -1.410107e+00  1.147207e+00 -1.322566e+01
     vertex -7.259183e-01  5.504812e-01 -1.331888e+01
   endloop
 endfacet
 facet normal -1.683290e-01  3.248602e-01 -9.306617e-01
   outer loop
     vertex -2.446927e+00  4.722355e+00 -1.224477e+01
     vertex -1.920067e+00  4.037325e+00 -1.257918e+01
     vertex -2.191108e+00  3.896883e+00 -1.257918e+01
   endloop
 endfacet
 facet normal -1.580578e-01  3.323482e-01 -9.298185e-01
   outer loop
     vertex -2.446927e+00  4.722355e+00 -1.224477e+01
     vertex -2.118958e+00  4.878330e+00 -1.224477e+01
     vertex -1.920067e+00  4.037325e+00 -1.257918e+01
   endloop
 endfacet
 facet normal -1.243895e-01  1.161717e-01 -9.854092e-01
   outer loop
     vertex -2.047188e+00  1.785056e+00 -1.307077e+01
     vertex -1.920599e+00  1.920599e+00 -1.307077e+01
     vertex -1.328532e+00  1.240762e+00 -1.322566e+01
   endloop
 endfacet
 facet normal -1.279171e-01  1.115379e-01 -9.854930e-01
   outer loop
     vertex -2.047188e+00  1.785056e+00 -1.307077e+01
     vertex -1.328532e+00  1.240762e+00 -1.322566e+01
     vertex -1.410107e+00  1.147207e+00 -1.322566e+01
   endloop
 endfacet
 facet normal -1.443370e-01  4.061255e-01 -9.023463e-01
   outer loop
     vertex -2.253170e+00  5.713648e+00 -1.185327e+01
     vertex -1.858005e+00  5.854090e+00 -1.185327e+01
     vertex -1.781109e+00  5.011560e+00 -1.224477e+01
   endloop
 endfacet
 facet normal -1.570751e-01  3.983152e-01 -9.036993e-01
   outer loop
     vertex -2.253170e+00  5.713648e+00 -1.185327e+01
     vertex -1.781109e+00  5.011560e+00 -1.224477e+01
     vertex -2.118958e+00  4.878330e+00 -1.224477e+01
   endloop
 endfacet
 facet normal -1.613320e-01  1.727444e-01 -9.716642e-01
   outer loop
     vertex -2.458411e+00  2.632315e+00 -1.285495e+01
     vertex -1.785056e+00  2.047188e+00 -1.307077e+01
     vertex -1.920599e+00  1.920599e+00 -1.307077e+01
   endloop
 endfacet
 facet normal -1.559514e-01  1.788527e-01 -9.714375e-01
   outer loop
     vertex -2.458411e+00  2.632315e+00 -1.285495e+01
     vertex -2.273044e+00  2.793947e+00 -1.285495e+01
     vertex -1.785056e+00  2.047188e+00 -1.307077e+01
   endloop
 endfacet
 facet normal -1.164908e-01  4.780222e-01 -8.705887e-01
   outer loop
     vertex -1.871431e+00  6.679224e+00 -1.140650e+01
     vertex -1.411262e+00  6.791364e+00 -1.140650e+01
     vertex -1.454176e+00  5.967237e+00 -1.185327e+01
   endloop
 endfacet
 facet normal -1.317787e-01  4.703244e-01 -8.725992e-01
   outer loop
     vertex -1.871431e+00  6.679224e+00 -1.140650e+01
     vertex -1.454176e+00  5.967237e+00 -1.185327e+01
     vertex -1.858005e+00  5.854090e+00 -1.185327e+01
   endloop
 endfacet
 facet normal -3.033105e-02  1.571628e-02 -9.994163e-01
   outer loop
     vertex -8.227338e-01  3.912750e-01 -1.331888e+01
     vertex -7.941143e-01  4.465082e-01 -1.331888e+01
     vertex  4.087259e-16 -1.001090e-31 -1.335000e+01
   endloop
 endfacet
 facet normal -1.823898e-01  2.405170e-01 -9.533549e-01
   outer loop
     vertex -2.701325e+00  3.562231e+00 -1.257918e+01
     vertex -2.077080e+00  2.942551e+00 -1.285495e+01
     vertex -2.273044e+00  2.793947e+00 -1.285495e+01
   endloop
 endfacet
 facet normal -1.749308e-01  2.478205e-01 -9.528820e-01
   outer loop
     vertex -2.701325e+00  3.562231e+00 -1.257918e+01
     vertex -2.451932e+00  3.738272e+00 -1.257918e+01
     vertex -2.077080e+00  2.942551e+00 -1.285495e+01
   endloop
 endfacet
 facet normal -9.284301e-02  5.384781e-01 -8.375091e-01
   outer loop
     vertex -1.308086e+00  7.586740e+00 -1.090655e+01
     vertex -9.445126e-01  6.871839e+00 -1.140650e+01
     vertex -1.411262e+00  6.791364e+00 -1.140650e+01
   endloop
 endfacet
 facet normal -7.498931e-02  5.455877e-01 -8.346919e-01
   outer loop
     vertex -1.308086e+00  7.586740e+00 -1.090655e+01
     vertex -7.872992e-01  7.658320e+00 -1.090655e+01
     vertex -9.445126e-01  6.871839e+00 -1.140650e+01
   endloop
 endfacet
 facet normal -8.732586e-02  5.310403e-02 -9.947634e-01
   outer loop
     vertex -1.553185e+00  9.445126e-01 -1.322566e+01
     vertex -7.617922e-01  4.996595e-01 -1.331888e+01
     vertex -7.941143e-01  4.465082e-01 -1.331888e+01
   endloop
 endfacet
 facet normal -8.561046e-02  5.615190e-02 -9.947451e-01
   outer loop
     vertex -1.553185e+00  9.445126e-01 -1.322566e+01
     vertex -1.485108e+00  1.048304e+00 -1.322566e+01
     vertex -7.617922e-01  4.996595e-01 -1.331888e+01
   endloop
 endfacet
 facet normal -1.803696e-01  3.207871e-01 -9.298185e-01
   outer loop
     vertex -2.763488e+00  4.544362e+00 -1.224477e+01
     vertex -2.446927e+00  4.722355e+00 -1.224477e+01
     vertex -2.191108e+00  3.896883e+00 -1.257918e+01
   endloop
 endfacet
 facet normal -1.901058e-01  3.126157e-01 -9.306617e-01
   outer loop
     vertex -2.763488e+00  4.544362e+00 -1.224477e+01
     vertex -2.191108e+00  3.896883e+00 -1.257918e+01
     vertex -2.451932e+00  3.738272e+00 -1.257918e+01
   endloop
 endfacet
 facet normal -1.879276e-02  6.151229e-01 -7.882072e-01
   outer loop
     vertex -5.749440e-01  8.405383e+00 -1.035575e+01
     vertex  0.000000e+00  8.469150e+00 -1.031969e+01
     vertex  0.000000e+00  7.952586e+00 -1.072282e+01
   endloop
 endfacet
 facet normal -2.494908e-02  6.529695e-01 -7.569731e-01
   outer loop
     vertex -5.749440e-01  8.405383e+00 -1.035575e+01
     vertex  0.000000e+00  8.965312e+00 -9.891698e+00
     vertex  0.000000e+00  8.469150e+00 -1.031969e+01
   endloop
 endfacet
 facet normal -3.474359e-02  6.023704e-01 -7.974602e-01
   outer loop
     vertex -5.749440e-01  8.405383e+00 -1.035575e+01
     vertex  0.000000e+00  7.952586e+00 -1.072282e+01
     vertex -2.628416e-01  7.694194e+00 -1.090655e+01
   endloop
 endfacet
 facet normal -4.107323e-02  6.004694e-01 -7.985922e-01
   outer loop
     vertex -5.749440e-01  8.405383e+00 -1.035575e+01
     vertex -2.628416e-01  7.694194e+00 -1.090655e+01
     vertex -7.872992e-01  7.658320e+00 -1.090655e+01
   endloop
 endfacet
 facet normal -1.320274e-01  1.074123e-01 -9.854092e-01
   outer loop
     vertex -2.164232e+00  1.641189e+00 -1.307077e+01
     vertex -2.047188e+00  1.785056e+00 -1.307077e+01
     vertex -1.410107e+00  1.147207e+00 -1.322566e+01
   endloop
 endfacet
 facet normal -1.352305e-01  1.025486e-01 -9.854930e-01
   outer loop
     vertex -2.164232e+00  1.641189e+00 -1.307077e+01
     vertex -1.410107e+00  1.147207e+00 -1.322566e+01
     vertex -1.485108e+00  1.048304e+00 -1.322566e+01
   endloop
 endfacet
 facet normal -1.717155e-01  3.953288e-01 -9.023463e-01
   outer loop
     vertex -2.637831e+00  5.546566e+00 -1.185327e+01
     vertex -2.253170e+00  5.713648e+00 -1.185327e+01
     vertex -2.118958e+00  4.878330e+00 -1.224477e+01
   endloop
 endfacet
 facet normal -1.838910e-01  3.866675e-01 -9.036993e-01
   outer loop
     vertex -2.637831e+00  5.546566e+00 -1.185327e+01
     vertex -2.118958e+00  4.878330e+00 -1.224477e+01
     vertex -2.446927e+00  4.722355e+00 -1.224477e+01
   endloop
 endfacet
 facet normal -1.677932e-01  1.677932e-01 -9.714375e-01
   outer loop
     vertex -2.632315e+00  2.458411e+00 -1.285495e+01
     vertex -2.458411e+00  2.632315e+00 -1.285495e+01
     vertex -1.920599e+00  1.920599e+00 -1.307077e+01
   endloop
 endfacet
 facet normal -1.727444e-01  1.613320e-01 -9.716642e-01
   outer loop
     vertex -2.632315e+00  2.458411e+00 -1.285495e+01
     vertex -1.920599e+00  1.920599e+00 -1.307077e+01
     vertex -2.047188e+00  1.785056e+00 -1.307077e+01
   endloop
 endfacet
 facet normal -1.635676e-01  4.602351e-01 -8.725992e-01
   outer loop
     vertex -2.322874e+00  6.535942e+00 -1.140650e+01
     vertex -1.858005e+00  5.854090e+00 -1.185327e+01
     vertex -2.253170e+00  5.713648e+00 -1.185327e+01
   endloop
 endfacet
 facet normal -1.488407e-01  4.689582e-01 -8.705887e-01
   outer loop
     vertex -2.322874e+00  6.535942e+00 -1.140650e+01
     vertex -1.871431e+00  6.679224e+00 -1.140650e+01
     vertex -1.858005e+00  5.854090e+00 -1.185327e+01
   endloop
 endfacet
 facet normal -3.133286e-02  1.360978e-02 -9.994163e-01
   outer loop
     vertex -8.475174e-01  3.342175e-01 -1.331888e+01
     vertex -8.227338e-01  3.912750e-01 -1.331888e+01
     vertex  4.087259e-16 -1.001090e-31 -1.335000e+01
   endloop
 endfacet
 facet normal -1.914349e-01  2.353051e-01 -9.528820e-01
   outer loop
     vertex -2.938123e+00  3.369582e+00 -1.257918e+01
     vertex -2.701325e+00  3.562231e+00 -1.257918e+01
     vertex -2.273044e+00  2.793947e+00 -1.285495e+01
   endloop
 endfacet
 facet normal -1.983781e-01  2.275096e-01 -9.533549e-01
   outer loop
     vertex -2.938123e+00  3.369582e+00 -1.257918e+01
     vertex -2.273044e+00  2.793947e+00 -1.285495e+01
     vertex -2.458411e+00  2.632315e+00 -1.285495e+01
   endloop
 endfacet
 facet normal -1.293736e-01  5.308870e-01 -8.375091e-01
   outer loop
     vertex -1.822774e+00  7.479786e+00 -1.090655e+01
     vertex -1.411262e+00  6.791364e+00 -1.140650e+01
     vertex -1.871431e+00  6.679224e+00 -1.140650e+01
   endloop
 endfacet
 facet normal -1.120467e-01  5.391984e-01 -8.346919e-01
   outer loop
     vertex -1.822774e+00  7.479786e+00 -1.090655e+01
     vertex -1.308086e+00  7.586740e+00 -1.090655e+01
     vertex -1.411262e+00  6.791364e+00 -1.140650e+01
   endloop
 endfacet
 facet normal -8.924282e-02  5.017873e-02 -9.947451e-01
   outer loop
     vertex -1.614020e+00  8.363176e-01 -1.322566e+01
     vertex -1.553185e+00  9.445126e-01 -1.322566e+01
     vertex -7.941143e-01  4.465082e-01 -1.331888e+01
   endloop
 endfacet
 facet normal -9.074623e-02  4.702091e-02 -9.947634e-01
   outer loop
     vertex -1.614020e+00  8.363176e-01 -1.322566e+01
     vertex -7.941143e-01  4.465082e-01 -1.331888e+01
     vertex -8.227338e-01  3.912750e-01 -1.331888e+01
   endloop
 endfacet
 facet normal -2.018404e-01  3.077305e-01 -9.298185e-01
   outer loop
     vertex -3.067163e+00  4.345181e+00 -1.224477e+01
     vertex -2.763488e+00  4.544362e+00 -1.224477e+01
     vertex -2.451932e+00  3.738272e+00 -1.257918e+01
   endloop
 endfacet
 facet normal -2.109963e-01  2.989136e-01 -9.306617e-01
   outer loop
     vertex -3.067163e+00  4.345181e+00 -1.224477e+01
     vertex -2.451932e+00  3.738272e+00 -1.257918e+01
     vertex -2.701325e+00  3.562231e+00 -1.257918e+01
   endloop
 endfacet
 facet normal -8.195496e-02  5.962666e-01 -7.985922e-01
   outer loop
     vertex -1.147207e+00  8.346553e+00 -1.035575e+01
     vertex -7.872992e-01  7.658320e+00 -1.090655e+01
     vertex -1.308086e+00  7.586740e+00 -1.090655e+01
   endloop
 endfacet
 facet normal -6.205782e-02  6.036570e-01 -7.948252e-01
   outer loop
     vertex -1.147207e+00  8.346553e+00 -1.035575e+01
     vertex -5.749440e-01  8.405383e+00 -1.035575e+01
     vertex -7.872992e-01  7.658320e+00 -1.090655e+01
   endloop
 endfacet
 facet normal -1.419134e-01  9.308103e-02 -9.854930e-01
   outer loop
     vertex -2.271186e+00  1.489671e+00 -1.307077e+01
     vertex -1.485108e+00  1.048304e+00 -1.322566e+01
     vertex -1.553185e+00  9.445126e-01 -1.322566e+01
   endloop
 endfacet
 facet normal -1.390497e-01  9.815199e-02 -9.854092e-01
   outer loop
     vertex -2.271186e+00  1.489671e+00 -1.307077e+01
     vertex -2.164232e+00  1.641189e+00 -1.307077e+01
     vertex -1.485108e+00  1.048304e+00 -1.322566e+01
   endloop
 endfacet
 facet normal -1.982934e-01  3.826889e-01 -9.023463e-01
   outer loop
     vertex -3.010192e+00  5.353624e+00 -1.185327e+01
     vertex -2.637831e+00  5.546566e+00 -1.185327e+01
     vertex -2.446927e+00  4.722355e+00 -1.224477e+01
   endloop
 endfacet
 facet normal -2.098494e-01  3.732169e-01 -9.036993e-01
   outer loop
     vertex -3.010192e+00  5.353624e+00 -1.185327e+01
     vertex -2.446927e+00  4.722355e+00 -1.224477e+01
     vertex -2.763488e+00  4.544362e+00 -1.224477e+01
   endloop
 endfacet
 facet normal -2.943223e-02  6.555720e-01 -7.545589e-01
   outer loop
     vertex -3.110967e-01  9.106772e+00 -9.756660e+00
     vertex  0.000000e+00  8.965312e+00 -9.891698e+00
     vertex -5.749440e-01  8.405383e+00 -1.035575e+01
   endloop
 endfacet
 facet normal -8.288398e-04  6.895403e-01 -7.242468e-01
   outer loop
     vertex -3.110967e-01  9.106772e+00 -9.756660e+00
     vertex  0.000000e+00  9.439876e+00 -9.439876e+00
     vertex  0.000000e+00  8.965312e+00 -9.891698e+00
   endloop
 endfacet
 facet normal -1.833514e-01  1.491674e-01 -9.716642e-01
   outer loop
     vertex -2.793947e+00  2.273044e+00 -1.285495e+01
     vertex -2.047188e+00  1.785056e+00 -1.307077e+01
     vertex -2.164232e+00  1.641189e+00 -1.307077e+01
   endloop
 endfacet
 facet normal -1.788527e-01  1.559514e-01 -9.714375e-01
   outer loop
     vertex -2.793947e+00  2.273044e+00 -1.285495e+01
     vertex -2.632315e+00  2.458411e+00 -1.285495e+01
     vertex -2.047188e+00  1.785056e+00 -1.307077e+01
   endloop
 endfacet
 facet normal -1.804965e-01  4.577077e-01 -8.705887e-01
   outer loop
     vertex -2.763488e+00  6.362186e+00 -1.140650e+01
     vertex -2.322874e+00  6.535942e+00 -1.140650e+01
     vertex -2.253170e+00  5.713648e+00 -1.185327e+01
   endloop
 endfacet
 facet normal -1.945938e-01  4.479999e-01 -8.725992e-01
   outer loop
     vertex -2.763488e+00  6.362186e+00 -1.140650e+01
     vertex -2.253170e+00  5.713648e+00 -1.185327e+01
     vertex -2.637831e+00  5.546566e+00 -1.185327e+01
   endloop
 endfacet
 facet normal -3.218858e-02  1.143982e-02 -9.994163e-01
   outer loop
     vertex -8.683494e-01  2.756017e-01 -1.331888e+01
     vertex -8.475174e-01  3.342175e-01 -1.331888e+01
     vertex  4.087259e-16 -1.001090e-31 -1.335000e+01
   endloop
 endfacet
 facet normal -2.134414e-01  2.134414e-01 -9.533549e-01
   outer loop
     vertex -3.161222e+00  3.161222e+00 -1.257918e+01
     vertex -2.458411e+00  2.632315e+00 -1.285495e+01
     vertex -2.632315e+00  2.458411e+00 -1.285495e+01
   endloop
 endfacet
 facet normal -2.070464e-01  2.216926e-01 -9.528820e-01
   outer loop
     vertex -3.161222e+00  3.161222e+00 -1.257918e+01
     vertex -2.938123e+00  3.369582e+00 -1.257918e+01
     vertex -2.458411e+00  2.632315e+00 -1.285495e+01
   endloop
 endfacet
 facet normal -1.485817e-01  5.302951e-01 -8.346919e-01
   outer loop
     vertex -2.328963e+00  7.337959e+00 -1.090655e+01
     vertex -1.822774e+00  7.479786e+00 -1.090655e+01
     vertex -1.871431e+00  6.679224e+00 -1.140650e+01
   endloop
 endfacet
 facet normal -1.653010e-01  5.208206e-01 -8.375091e-01
   outer loop
     vertex -2.328963e+00  7.337959e+00 -1.090655e+01
     vertex -1.871431e+00  6.679224e+00 -1.140650e+01
     vertex -2.322874e+00  6.535942e+00 -1.140650e+01
   endloop
 endfacet
 facet normal -9.245909e-02  4.397161e-02 -9.947451e-01
   outer loop
     vertex -1.667329e+00  7.242234e-01 -1.322566e+01
     vertex -1.614020e+00  8.363176e-01 -1.322566e+01
     vertex -8.227338e-01  3.912750e-01 -1.331888e+01
   endloop
 endfacet
 facet normal -9.374350e-02  4.071855e-02 -9.947634e-01
   outer loop
     vertex -1.667329e+00  7.242234e-01 -1.322566e+01
     vertex -8.227338e-01  3.912750e-01 -1.331888e+01
     vertex -8.475174e-01  3.342175e-01 -1.331888e+01
   endloop
 endfacet
 facet normal -2.223701e-01  2.932390e-01 -9.298185e-01
   outer loop
     vertex -3.356539e+00  4.125740e+00 -1.224477e+01
     vertex -3.067163e+00  4.345181e+00 -1.224477e+01
     vertex -2.701325e+00  3.562231e+00 -1.257918e+01
   endloop
 endfacet
 facet normal -2.309030e-01  2.838179e-01 -9.306617e-01
   outer loop
     vertex -3.356539e+00  4.125740e+00 -1.224477e+01
     vertex -2.701325e+00  3.562231e+00 -1.257918e+01
     vertex -2.938123e+00  3.369582e+00 -1.257918e+01
   endloop
 endfacet
 facet normal -1.224546e-01  5.892838e-01 -7.985922e-01
   outer loop
     vertex -1.714122e+00  8.248807e+00 -1.035575e+01
     vertex -1.308086e+00  7.586740e+00 -1.090655e+01
     vertex -1.822774e+00  7.479786e+00 -1.090655e+01
   endloop
 endfacet
 facet normal -1.031082e-01  5.980147e-01 -7.948252e-01
   outer loop
     vertex -1.714122e+00  8.248807e+00 -1.035575e+01
     vertex -1.147207e+00  8.346553e+00 -1.035575e+01
     vertex -1.308086e+00  7.586740e+00 -1.090655e+01
   endloop
 endfacet
 facet normal -1.454237e-01  8.843409e-02 -9.854092e-01
   outer loop
     vertex -2.367550e+00  1.331207e+00 -1.307077e+01
     vertex -2.271186e+00  1.489671e+00 -1.307077e+01
     vertex -1.553185e+00  9.445126e-01 -1.322566e+01
   endloop
 endfacet
 facet normal -1.479347e-01  8.317952e-02 -9.854930e-01
   outer loop
     vertex -2.367550e+00  1.331207e+00 -1.307077e+01
     vertex -1.553185e+00  9.445126e-01 -1.322566e+01
     vertex -1.614020e+00  8.363176e-01 -1.322566e+01
   endloop
 endfacet
 facet normal -2.348294e-01  3.580262e-01 -9.036993e-01
   outer loop
     vertex -3.368519e+00  5.135720e+00 -1.185327e+01
     vertex -2.763488e+00  4.544362e+00 -1.224477e+01
     vertex -3.067163e+00  4.345181e+00 -1.224477e+01
   endloop
 endfacet
 facet normal -2.239468e-01  3.682648e-01 -9.023463e-01
   outer loop
     vertex -3.368519e+00  5.135720e+00 -1.185327e+01
     vertex -3.010192e+00  5.353624e+00 -1.185327e+01
     vertex -2.763488e+00  4.544362e+00 -1.224477e+01
   endloop
 endfacet
 facet normal -4.504669e-02  6.585593e-01 -7.511794e-01
   outer loop
     vertex -9.318396e-01  9.064312e+00 -9.756660e+00
     vertex -3.110967e-01  9.106772e+00 -9.756660e+00
     vertex -5.749440e-01  8.405383e+00 -1.035575e+01
   endloop
 endfacet
 facet normal -6.693612e-02  6.511099e-01 -7.560261e-01
   outer loop
     vertex -9.318396e-01  9.064312e+00 -9.756660e+00
     vertex -5.749440e-01  8.405383e+00 -1.035575e+01
     vertex -1.147207e+00  8.346553e+00 -1.035575e+01
   endloop
 endfacet
 facet normal -1.890782e-01  1.433825e-01 -9.714375e-01
   outer loop
     vertex -2.942551e+00  2.077080e+00 -1.285495e+01
     vertex -2.793947e+00  2.273044e+00 -1.285495e+01
     vertex -2.164232e+00  1.641189e+00 -1.307077e+01
   endloop
 endfacet
 facet normal -1.931035e-01  1.363073e-01 -9.716642e-01
   outer loop
     vertex -2.942551e+00  2.077080e+00 -1.285495e+01
     vertex -2.164232e+00  1.641189e+00 -1.307077e+01
     vertex -2.271186e+00  1.489671e+00 -1.307077e+01
   endloop
 endfacet
 facet normal -2.247128e-01  4.336760e-01 -8.725992e-01
   outer loop
     vertex -3.191216e+00  6.158768e+00 -1.140650e+01
     vertex -2.637831e+00  5.546566e+00 -1.185327e+01
     vertex -3.010192e+00  5.353624e+00 -1.185327e+01
   endloop
 endfacet
 facet normal -2.113108e-01  4.443232e-01 -8.705887e-01
   outer loop
     vertex -3.191216e+00  6.158768e+00 -1.140650e+01
     vertex -2.763488e+00  6.362186e+00 -1.140650e+01
     vertex -2.637831e+00  5.546566e+00 -1.185327e+01
   endloop
 endfacet
 facet normal -3.289422e-02  9.216528e-03 -9.994163e-01
   outer loop
     vertex -8.851328e-01  2.157010e-01 -1.331888e+01
     vertex -8.683494e-01  2.756017e-01 -1.331888e+01
     vertex  4.087259e-16 -1.001090e-31 -1.335000e+01
   endloop
 endfacet
 facet normal -2.216926e-01  2.070464e-01 -9.528820e-01
   outer loop
     vertex -3.369582e+00  2.938123e+00 -1.257918e+01
     vertex -3.161222e+00  3.161222e+00 -1.257918e+01
     vertex -2.632315e+00  2.458411e+00 -1.285495e+01
   endloop
 endfacet
 facet normal -2.275096e-01  1.983781e-01 -9.533549e-01
   outer loop
     vertex -3.369582e+00  2.938123e+00 -1.257918e+01
     vertex -2.632315e+00  2.458411e+00 -1.285495e+01
     vertex -2.793947e+00  2.273044e+00 -1.285495e+01
   endloop
 endfacet
 facet normal -2.004577e-01  5.083259e-01 -8.375091e-01
   outer loop
     vertex -2.824294e+00  7.161918e+00 -1.090655e+01
     vertex -2.322874e+00  6.535942e+00 -1.140650e+01
     vertex -2.763488e+00  6.362186e+00 -1.140650e+01
   endloop
 endfacet
 facet normal -1.844239e-01  5.189193e-01 -8.346919e-01
   outer loop
     vertex -2.824294e+00  7.161918e+00 -1.090655e+01
     vertex -2.328963e+00  7.337959e+00 -1.090655e+01
     vertex -2.322874e+00  6.535942e+00 -1.140650e+01
   endloop
 endfacet
 facet normal -9.630370e-02  3.422634e-02 -9.947634e-01
   outer loop
     vertex -1.712865e+00  6.087525e-01 -1.322566e+01
     vertex -8.475174e-01  3.342175e-01 -1.331888e+01
     vertex -8.683494e-01  2.756017e-01 -1.331888e+01
   endloop
 endfacet
 facet normal -9.524428e-02  3.755947e-02 -9.947451e-01
   outer loop
     vertex -1.712865e+00  6.087525e-01 -1.322566e+01
     vertex -1.667329e+00  7.242234e-01 -1.322566e+01
     vertex -8.475174e-01  3.342175e-01 -1.331888e+01
   endloop
 endfacet
 facet normal -2.418631e-01  2.773803e-01 -9.298185e-01
   outer loop
     vertex -3.630264e+00  3.887064e+00 -1.224477e+01
     vertex -3.356539e+00  4.125740e+00 -1.224477e+01
     vertex -2.938123e+00  3.369582e+00 -1.257918e+01
   endloop
 endfacet
 facet normal -2.497331e-01  2.673989e-01 -9.306617e-01
   outer loop
     vertex -3.630264e+00  3.887064e+00 -1.224477e+01
     vertex -2.938123e+00  3.369582e+00 -1.257918e+01
     vertex -3.161222e+00  3.161222e+00 -1.257918e+01
   endloop
 endfacet
 facet normal -1.623833e-01  5.795535e-01 -7.985922e-01
   outer loop
     vertex -2.273044e+00  8.112601e+00 -1.035575e+01
     vertex -1.822774e+00  7.479786e+00 -1.090655e+01
     vertex -2.328963e+00  7.337959e+00 -1.090655e+01
   endloop
 endfacet
 facet normal -1.436778e-01  5.895843e-01 -7.948252e-01
   outer loop
     vertex -2.273044e+00  8.112601e+00 -1.035575e+01
     vertex -1.714122e+00  8.248807e+00 -1.035575e+01
     vertex -1.822774e+00  7.479786e+00 -1.090655e+01
   endloop
 endfacet
 facet normal -1.532662e-01  7.289019e-02 -9.854930e-01
   outer loop
     vertex -2.452875e+00  1.166536e+00 -1.307077e+01
     vertex -1.614020e+00  8.363176e-01 -1.322566e+01
     vertex -1.667329e+00  7.242234e-01 -1.322566e+01
   endloop
 endfacet
 facet normal -1.511196e-01  7.830387e-02 -9.854092e-01
   outer loop
     vertex -2.452875e+00  1.166536e+00 -1.307077e+01
     vertex -2.367550e+00  1.331207e+00 -1.307077e+01
     vertex -1.614020e+00  8.363176e-01 -1.322566e+01
   endloop
 endfacet
 facet normal -2.587145e-01  3.411663e-01 -9.036993e-01
   outer loop
     vertex -3.711140e+00  4.893872e+00 -1.185327e+01
     vertex -3.067163e+00  4.345181e+00 -1.224477e+01
     vertex -3.356539e+00  4.125740e+00 -1.224477e+01
   endloop
 endfacet
 facet normal -2.485560e-01  3.521236e-01 -9.023463e-01
   outer loop
     vertex -3.711140e+00  4.893872e+00 -1.185327e+01
     vertex -3.368519e+00  5.135720e+00 -1.185327e+01
     vertex -3.067163e+00  4.345181e+00 -1.224477e+01
   endloop
 endfacet
 facet normal -1.112134e-01  6.450241e-01 -7.560261e-01
   outer loop
     vertex -1.548238e+00  8.979590e+00 -9.756660e+00
     vertex -1.147207e+00  8.346553e+00 -1.035575e+01
     vertex -1.714122e+00  8.248807e+00 -1.035575e+01
   endloop
 endfacet
 facet normal -8.988335e-02  6.539499e-01 -7.511794e-01
   outer loop
     vertex -1.548238e+00  8.979590e+00 -9.756660e+00
     vertex -9.318396e-01  9.064312e+00 -9.756660e+00
     vertex -1.147207e+00  8.346553e+00 -1.035575e+01
   endloop
 endfacet
 facet normal -2.019553e-01  1.228117e-01 -9.716642e-01
   outer loop
     vertex -3.077437e+00  1.871431e+00 -1.285495e+01
     vertex -2.271186e+00  1.489671e+00 -1.307077e+01
     vertex -2.367550e+00  1.331207e+00 -1.307077e+01
   endloop
 endfacet
 facet normal -1.984222e-01  1.301451e-01 -9.714375e-01
   outer loop
     vertex -3.077437e+00  1.871431e+00 -1.285495e+01
     vertex -2.942551e+00  2.077080e+00 -1.285495e+01
     vertex -2.271186e+00  1.489671e+00 -1.307077e+01
   endloop
 endfacet
 facet normal -2.537840e-01  4.173300e-01 -8.725992e-01
   outer loop
     vertex -3.604066e+00  5.926634e+00 -1.140650e+01
     vertex -3.010192e+00  5.353624e+00 -1.185327e+01
     vertex -3.368519e+00  5.135720e+00 -1.185327e+01
   endloop
 endfacet
 facet normal -2.411399e-01  4.288670e-01 -8.705887e-01
   outer loop
     vertex -3.604066e+00  5.926634e+00 -1.140650e+01
     vertex -3.191216e+00  6.158768e+00 -1.140650e+01
     vertex -3.010192e+00  5.353624e+00 -1.185327e+01
   endloop
 endfacet
 facet normal -1.962310e-02  7.241076e-01 -6.894078e-01
   outer loop
     vertex -6.658180e-01  9.733915e+00 -9.112084e+00
     vertex  0.000000e+00  9.891698e+00 -8.965312e+00
     vertex  0.000000e+00  9.439876e+00 -9.439876e+00
   endloop
 endfacet
 facet normal -3.620596e-02  7.062308e-01 -7.070552e-01
   outer loop
     vertex -6.658180e-01  9.733915e+00 -9.112084e+00
     vertex  0.000000e+00  9.439876e+00 -9.439876e+00
     vertex -3.110967e-01  9.106772e+00 -9.756660e+00
   endloop
 endfacet
 facet normal -4.805624e-02  7.025574e-01 -7.100026e-01
   outer loop
     vertex -6.658180e-01  9.733915e+00 -9.112084e+00
     vertex -3.110967e-01  9.106772e+00 -9.756660e+00
     vertex -9.318396e-01  9.064312e+00 -9.756660e+00
   endloop
 endfacet
 facet normal -3.344649e-02  6.950261e-03 -9.994163e-01
   outer loop
     vertex -8.977893e-01  1.547945e-01 -1.331888e+01
     vertex -8.851328e-01  2.157010e-01 -1.331888e+01
     vertex  4.087259e-16 -1.001090e-31 -1.335000e+01
   endloop
 endfacet
 facet normal -2.353051e-01  1.914349e-01 -9.528820e-01
   outer loop
     vertex -3.562231e+00  2.701325e+00 -1.257918e+01
     vertex -3.369582e+00  2.938123e+00 -1.257918e+01
     vertex -2.793947e+00  2.273044e+00 -1.285495e+01
   endloop
 endfacet
 facet normal -2.405170e-01  1.823898e-01 -9.533549e-01
   outer loop
     vertex -3.562231e+00  2.701325e+00 -1.257918e+01
     vertex -2.793947e+00  2.273044e+00 -1.285495e+01
     vertex -2.942551e+00  2.077080e+00 -1.285495e+01
   endloop
 endfacet
 facet normal -2.346798e-01  4.934611e-01 -8.375091e-01
   outer loop
     vertex -3.306457e+00  6.952485e+00 -1.090655e+01
     vertex -2.763488e+00  6.362186e+00 -1.140650e+01
     vertex -3.191216e+00  6.158768e+00 -1.140650e+01
   endloop
 endfacet
 facet normal -2.194063e-01  5.051240e-01 -8.346919e-01
   outer loop
     vertex -3.306457e+00  6.952485e+00 -1.090655e+01
     vertex -2.824294e+00  7.161918e+00 -1.090655e+01
     vertex -2.763488e+00  6.362186e+00 -1.140650e+01
   endloop
 endfacet
 facet normal -9.841488e-02  2.757456e-02 -9.947634e-01
   outer loop
     vertex -1.750415e+00  4.904433e-01 -1.322566e+01
     vertex -8.683494e-01  2.756017e-01 -1.331888e+01
     vertex -8.851328e-01  2.157010e-01 -1.331888e+01
   endloop
 endfacet
 facet normal -9.758539e-02  3.097221e-02 -9.947451e-01
   outer loop
     vertex -1.750415e+00  4.904433e-01 -1.322566e+01
     vertex -1.712865e+00  6.087525e-01 -1.322566e+01
     vertex -8.683494e-01  2.756017e-01 -1.331888e+01
   endloop
 endfacet
 facet normal -2.673989e-01  2.497331e-01 -9.306617e-01
   outer loop
     vertex -3.887064e+00  3.630264e+00 -1.224477e+01
     vertex -3.161222e+00  3.161222e+00 -1.257918e+01
     vertex -3.369582e+00  2.938123e+00 -1.257918e+01
   endloop
 endfacet
 facet normal -2.602283e-01  2.602283e-01 -9.298185e-01
   outer loop
     vertex -3.887064e+00  3.630264e+00 -1.224477e+01
     vertex -3.630264e+00  3.887064e+00 -1.224477e+01
     vertex -3.161222e+00  3.161222e+00 -1.257918e+01
   endloop
 endfacet
 facet normal -1.835775e-01  5.784049e-01 -7.948252e-01
   outer loop
     vertex -2.821369e+00  7.938571e+00 -1.035575e+01
     vertex -2.273044e+00  8.112601e+00 -1.035575e+01
     vertex -2.328963e+00  7.337959e+00 -1.090655e+01
   endloop
 endfacet
 facet normal -2.015548e-01  5.671210e-01 -7.985922e-01
   outer loop
     vertex -2.821369e+00  7.938571e+00 -1.035575e+01
     vertex -2.328963e+00  7.337959e+00 -1.090655e+01
     vertex -2.824294e+00  7.161918e+00 -1.090655e+01
   endloop
 endfacet
 facet normal -1.561109e-01  6.780855e-02 -9.854092e-01
   outer loop
     vertex -2.526764e+00  9.964266e-01 -1.307077e+01
     vertex -2.452875e+00  1.166536e+00 -1.307077e+01
     vertex -1.667329e+00  7.242234e-01 -1.322566e+01
   endloop
 endfacet
 facet normal -1.578831e-01  6.226101e-02 -9.854930e-01
   outer loop
     vertex -2.526764e+00  9.964266e-01 -1.307077e+01
     vertex -1.667329e+00  7.242234e-01 -1.322566e+01
     vertex -1.712865e+00  6.087525e-01 -1.322566e+01
   endloop
 endfacet
 facet normal -2.813934e-01  3.227156e-01 -9.036993e-01
   outer loop
     vertex -4.036458e+00  4.629206e+00 -1.185327e+01
     vertex -3.356539e+00  4.125740e+00 -1.224477e+01
     vertex -3.630264e+00  3.887064e+00 -1.224477e+01
   endloop
 endfacet
 facet normal -2.720063e-01  3.343407e-01 -9.023463e-01
   outer loop
     vertex -4.036458e+00  4.629206e+00 -1.185327e+01
     vertex -3.711140e+00  4.893872e+00 -1.185327e+01
     vertex -3.356539e+00  4.125740e+00 -1.224477e+01
   endloop
 endfacet
 facet normal -1.343009e-01  6.462916e-01 -7.511794e-01
   outer loop
     vertex -2.157417e+00  8.853001e+00 -9.756660e+00
     vertex -1.548238e+00  8.979590e+00 -9.756660e+00
     vertex -1.714122e+00  8.248807e+00 -1.035575e+01
   endloop
 endfacet
 facet normal -1.549721e-01  6.359309e-01 -7.560261e-01
   outer loop
     vertex -2.157417e+00  8.853001e+00 -9.756660e+00
     vertex -1.714122e+00  8.248807e+00 -1.035575e+01
     vertex -2.273044e+00  8.112601e+00 -1.035575e+01
   endloop
 endfacet
 facet normal -2.098654e-01  1.087435e-01 -9.716642e-01
   outer loop
     vertex -3.197973e+00  1.657056e+00 -1.285495e+01
     vertex -2.367550e+00  1.331207e+00 -1.307077e+01
     vertex -2.452875e+00  1.166536e+00 -1.307077e+01
   endloop
 endfacet
 facet normal -2.068411e-01  1.163009e-01 -9.714375e-01
   outer loop
     vertex -3.197973e+00  1.657056e+00 -1.285495e+01
     vertex -3.077437e+00  1.871431e+00 -1.285495e+01
     vertex -2.367550e+00  1.331207e+00 -1.307077e+01
   endloop
 endfacet
 facet normal -2.816720e-01  3.990383e-01 -8.725992e-01
   outer loop
     vertex -4.000112e+00  5.666867e+00 -1.140650e+01
     vertex -3.368519e+00  5.135720e+00 -1.185327e+01
     vertex -3.711140e+00  4.893872e+00 -1.185327e+01
   endloop
 endfacet
 facet normal -2.698447e-01  4.114113e-01 -8.705887e-01
   outer loop
     vertex -4.000112e+00  5.666867e+00 -1.140650e+01
     vertex -3.604066e+00  5.926634e+00 -1.140650e+01
     vertex -3.368519e+00  5.135720e+00 -1.185327e+01
   endloop
 endfacet
 facet normal -7.263142e-02  7.065099e-01 -7.039662e-01
   outer loop
     vertex -1.328532e+00  9.665786e+00 -9.112084e+00
     vertex -6.658180e-01  9.733915e+00 -9.112084e+00
     vertex -9.318396e-01  9.064312e+00 -9.756660e+00
   endloop
 endfacet
 facet normal -9.588843e-02  6.976401e-01 -7.100026e-01
   outer loop
     vertex -1.328532e+00  9.665786e+00 -9.112084e+00
     vertex -9.318396e-01  9.064312e+00 -9.756660e+00
     vertex -1.548238e+00  8.979590e+00 -9.756660e+00
   endloop
 endfacet
 facet normal -3.384282e-02  4.651589e-03 -9.994163e-01
   outer loop
     vertex -9.062599e-01  9.316634e-02 -1.331888e+01
     vertex -8.977893e-01  1.547945e-01 -1.331888e+01
     vertex  4.087259e-16 -1.001090e-31 -1.335000e+01
   endloop
 endfacet
 facet normal -2.478205e-01  1.749308e-01 -9.528820e-01
   outer loop
     vertex -3.738272e+00  2.451932e+00 -1.257918e+01
     vertex -3.562231e+00  2.701325e+00 -1.257918e+01
     vertex -2.942551e+00  2.077080e+00 -1.285495e+01
   endloop
 endfacet
 facet normal -2.524030e-01  1.655512e-01 -9.533549e-01
   outer loop
     vertex -3.738272e+00  2.451932e+00 -1.257918e+01
     vertex -2.942551e+00  2.077080e+00 -1.285495e+01
     vertex -3.077437e+00  1.871431e+00 -1.285495e+01
   endloop
 endfacet
 facet normal -2.533657e-01  4.889736e-01 -8.346919e-01
   outer loop
     vertex -3.773203e+00  6.710637e+00 -1.090655e+01
     vertex -3.306457e+00  6.952485e+00 -1.090655e+01
     vertex -3.191216e+00  6.158768e+00 -1.140650e+01
   endloop
 endfacet
 facet normal -2.678077e-01  4.762957e-01 -8.375091e-01
   outer loop
     vertex -3.773203e+00  6.710637e+00 -1.090655e+01
     vertex -3.191216e+00  6.158768e+00 -1.140650e+01
     vertex -3.604066e+00  5.926634e+00 -1.140650e+01
   endloop
 endfacet
 facet normal -1.722646e-02  7.570965e-01 -6.530759e-01
   outer loop
     vertex -3.535567e-01  1.034971e+01 -8.425024e+00
     vertex  0.000000e+00  1.031969e+01 -8.469150e+00
     vertex  0.000000e+00  9.891698e+00 -8.965312e+00
   endloop
 endfacet
 facet normal -9.849446e-03  7.883082e-01 -6.152017e-01
   outer loop
     vertex -3.535567e-01  1.034971e+01 -8.425024e+00
     vertex  0.000000e+00  1.072282e+01 -7.952586e+00
     vertex  0.000000e+00  1.031969e+01 -8.469150e+00
   endloop
 endfacet
 facet normal -3.291413e-02  7.516579e-01 -6.587314e-01
   outer loop
     vertex -3.535567e-01  1.034971e+01 -8.425024e+00
     vertex  0.000000e+00  9.891698e+00 -8.965312e+00
     vertex -6.658180e-01  9.733915e+00 -9.112084e+00
   endloop
 endfacet
 facet normal -9.947152e-02  2.424055e-02 -9.947451e-01
   outer loop
     vertex -1.779803e+00  3.698474e-01 -1.322566e+01
     vertex -1.750415e+00  4.904433e-01 -1.322566e+01
     vertex -8.851328e-01  2.157010e-01 -1.331888e+01
   endloop
 endfacet
 facet normal -1.000672e-01  2.079420e-02 -9.947634e-01
   outer loop
     vertex -1.779803e+00  3.698474e-01 -1.322566e+01
     vertex -8.851328e-01  2.157010e-01 -1.331888e+01
     vertex -8.977893e-01  1.547945e-01 -1.331888e+01
   endloop
 endfacet
 facet normal -2.773803e-01  2.418631e-01 -9.298185e-01
   outer loop
     vertex -4.125740e+00  3.356539e+00 -1.224477e+01
     vertex -3.887064e+00  3.630264e+00 -1.224477e+01
     vertex -3.369582e+00  2.938123e+00 -1.257918e+01
   endloop
 endfacet
 facet normal -2.838179e-01  2.309030e-01 -9.306617e-01
   outer loop
     vertex -4.125740e+00  3.356539e+00 -1.224477e+01
     vertex -3.369582e+00  2.938123e+00 -1.257918e+01
     vertex -3.562231e+00  2.701325e+00 -1.257918e+01
   endloop
 endfacet
 facet normal -2.226213e-01  5.645287e-01 -7.948252e-01
   outer loop
     vertex -3.356539e+00  7.727527e+00 -1.035575e+01
     vertex -2.821369e+00  7.938571e+00 -1.035575e+01
     vertex -2.824294e+00  7.161918e+00 -1.090655e+01
   endloop
 endfacet
 facet normal -2.397867e-01  5.520443e-01 -7.985922e-01
   outer loop
     vertex -3.356539e+00  7.727527e+00 -1.035575e+01
     vertex -2.824294e+00  7.161918e+00 -1.090655e+01
     vertex -3.306457e+00  6.952485e+00 -1.090655e+01
   endloop
 endfacet
 facet normal -1.603744e-01  5.699709e-02 -9.854092e-01
   outer loop
     vertex -2.588873e+00  8.216712e-01 -1.307077e+01
     vertex -2.526764e+00  9.964266e-01 -1.307077e+01
     vertex -1.712865e+00  6.087525e-01 -1.322566e+01
   endloop
 endfacet
 facet normal -1.617639e-01  5.134154e-02 -9.854930e-01
   outer loop
     vertex -2.588873e+00  8.216712e-01 -1.307077e+01
     vertex -1.712865e+00  6.087525e-01 -1.322566e+01
     vertex -1.750415e+00  4.904433e-01 -1.322566e+01
   endloop
 endfacet
 facet normal -3.027603e-01  3.027603e-01 -9.036993e-01
   outer loop
     vertex -4.342957e+00  4.342957e+00 -1.185327e+01
     vertex -3.630264e+00  3.887064e+00 -1.224477e+01
     vertex -3.887064e+00  3.630264e+00 -1.224477e+01
   endloop
 endfacet
 facet normal -2.941884e-01  3.149989e-01 -9.023463e-01
   outer loop
     vertex -4.342957e+00  4.342957e+00 -1.185327e+01
     vertex -4.036458e+00  4.629206e+00 -1.185327e+01
     vertex -3.630264e+00  3.887064e+00 -1.224477e+01
   endloop
 endfacet
 facet normal -1.980083e-01  6.238728e-01 -7.560261e-01
   outer loop
     vertex -2.756538e+00  8.685136e+00 -9.756660e+00
     vertex -2.273044e+00  8.112601e+00 -1.035575e+01
     vertex -2.821369e+00  7.938571e+00 -1.035575e+01
   endloop
 endfacet
 facet normal -1.780923e-01  6.356199e-01 -7.511794e-01
   outer loop
     vertex -2.756538e+00  8.685136e+00 -9.756660e+00
     vertex -2.157417e+00  8.853001e+00 -9.756660e+00
     vertex -2.273044e+00  8.112601e+00 -1.035575e+01
   endloop
 endfacet
 facet normal -2.142955e-01  1.019145e-01 -9.714375e-01
   outer loop
     vertex -3.303600e+00  1.434956e+00 -1.285495e+01
     vertex -3.197973e+00  1.657056e+00 -1.285495e+01
     vertex -2.452875e+00  1.166536e+00 -1.307077e+01
   endloop
 endfacet
 facet normal -2.167971e-01  9.416827e-02 -9.716642e-01
   outer loop
     vertex -3.303600e+00  1.434956e+00 -1.285495e+01
     vertex -2.452875e+00  1.166536e+00 -1.307077e+01
     vertex -2.526764e+00  9.964266e-01 -1.307077e+01
   endloop
 endfacet
 facet normal -3.082467e-01  3.788861e-01 -8.725992e-01
   outer loop
     vertex -4.377507e+00  5.380679e+00 -1.140650e+01
     vertex -3.711140e+00  4.893872e+00 -1.185327e+01
     vertex -4.036458e+00  4.629206e+00 -1.185327e+01
   endloop
 endfacet
 facet normal -2.972913e-01  3.920373e-01 -8.705887e-01
   outer loop
     vertex -4.377507e+00  5.380679e+00 -1.140650e+01
     vertex -4.000112e+00  5.666867e+00 -1.140650e+01
     vertex -3.711140e+00  4.893872e+00 -1.185327e+01
   endloop
 endfacet
 facet normal -1.206760e-01  6.999063e-01 -7.039662e-01
   outer loop
     vertex -1.985051e+00  9.552591e+00 -9.112084e+00
     vertex -1.328532e+00  9.665786e+00 -9.112084e+00
     vertex -1.548238e+00  8.979590e+00 -9.756660e+00
   endloop
 endfacet
 facet normal -1.432735e-01  6.894701e-01 -7.100026e-01
   outer loop
     vertex -1.985051e+00  9.552591e+00 -9.112084e+00
     vertex -1.548238e+00  8.979590e+00 -9.756660e+00
     vertex -2.157417e+00  8.853001e+00 -9.756660e+00
   endloop
 endfacet
 facet normal -3.408136e-02  2.331229e-03 -9.994163e-01
   outer loop
     vertex -9.105051e-01  3.110379e-02 -1.331888e+01
     vertex -9.062599e-01  9.316634e-02 -1.331888e+01
     vertex  4.087259e-16 -1.001090e-31 -1.335000e+01
   endloop
 endfacet
 facet normal  0.000000e+00  0.000000e+00  0.000000e+00
   outer loop
     vertex -9.105051e-01  3.110379e-02 -1.331888e+01
     vertex  4.087259e-16 -1.001090e-31 -1.335000e+01
     vertex  4.087259e-16 -1.001090e-31 -1.335000e+01
   endloop
 endfacet
 facet normal -2.591805e-01  1.576112e-01 -9.528820e-01
   outer loop
     vertex -3.896883e+00  2.191108e+00 -1.257918e+01
     vertex -3.738272e+00  2.451932e+00 -1.257918e+01
     vertex -3.077437e+00  1.871431e+00 -1.285495e+01
   endloop
 endfacet
 facet normal -2.631122e-01  1.479406e-01 -9.533549e-01
   outer loop
     vertex -3.896883e+00  2.191108e+00 -1.257918e+01
     vertex -3.077437e+00  1.871431e+00 -1.285495e+01
     vertex -3.197973e+00  1.657056e+00 -1.285495e+01
   endloop
 endfacet
 facet normal -2.861438e-01  4.705434e-01 -8.346919e-01
   outer loop
     vertex -4.222357e+00  6.437501e+00 -1.090655e+01
     vertex -3.773203e+00  6.710637e+00 -1.090655e+01
     vertex -3.604066e+00  5.926634e+00 -1.140650e+01
   endloop
 endfacet
 facet normal -2.996869e-01  4.569095e-01 -8.375091e-01
   outer loop
     vertex -4.222357e+00  6.437501e+00 -1.090655e+01
     vertex -3.604066e+00  5.926634e+00 -1.140650e+01
     vertex -4.000112e+00  5.666867e+00 -1.140650e+01
   endloop
 endfacet
 facet normal -7.676219e-02  7.466913e-01 -6.607266e-01
   outer loop
     vertex -1.059022e+00  1.030145e+01 -8.425024e+00
     vertex -6.658180e-01  9.733915e+00 -9.112084e+00
     vertex -1.328532e+00  9.665786e+00 -9.112084e+00
   endloop
 endfacet
 facet normal -5.165940e-02  7.552337e-01 -6.534167e-01
   outer loop
     vertex -1.059022e+00  1.030145e+01 -8.425024e+00
     vertex -3.535567e-01  1.034971e+01 -8.425024e+00
     vertex -6.658180e-01  9.733915e+00 -9.112084e+00
   endloop
 endfacet
 facet normal -1.008939e-01  1.739586e-02 -9.947451e-01
   outer loop
     vertex -1.800893e+00  2.475271e-01 -1.322566e+01
     vertex -1.779803e+00  3.698474e-01 -1.322566e+01
     vertex -8.977893e-01  1.547945e-01 -1.331888e+01
   endloop
 endfacet
 facet normal -1.012530e-01  1.391690e-02 -9.947634e-01
   outer loop
     vertex -1.800893e+00  2.475271e-01 -1.322566e+01
     vertex -8.977893e-01  1.547945e-01 -1.331888e+01
     vertex -9.062599e-01  9.316634e-02 -1.331888e+01
   endloop
 endfacet
 facet normal -2.989136e-01  2.109963e-01 -9.306617e-01
   outer loop
     vertex -4.345181e+00  3.067163e+00 -1.224477e+01
     vertex -3.562231e+00  2.701325e+00 -1.257918e+01
     vertex -3.738272e+00  2.451932e+00 -1.257918e+01
   endloop
 endfacet
 facet normal -2.932390e-01  2.223701e-01 -9.298185e-01
   outer loop
     vertex -4.345181e+00  3.067163e+00 -1.224477e+01
     vertex -4.125740e+00  3.356539e+00 -1.224477e+01
     vertex -3.562231e+00  2.701325e+00 -1.257918e+01
   endloop
 endfacet
 facet normal -2.606271e-01  5.480205e-01 -7.948252e-01
   outer loop
     vertex -3.876059e+00  7.480454e+00 -1.035575e+01
     vertex -3.356539e+00  7.727527e+00 -1.035575e+01
     vertex -3.306457e+00  6.952485e+00 -1.090655e+01
   endloop
 endfacet
 facet normal -2.769005e-01  5.343937e-01 -7.985922e-01
   outer loop
     vertex -3.876059e+00  7.480454e+00 -1.035575e+01
     vertex -3.306457e+00  6.952485e+00 -1.090655e+01
     vertex -3.773203e+00  6.710637e+00 -1.090655e+01
   endloop
 endfacet
 facet normal -1.648904e-01  4.018270e-02 -9.854930e-01
   outer loop
     vertex -2.638910e+00  6.430848e-01 -1.307077e+01
     vertex -1.750415e+00  4.904433e-01 -1.322566e+01
     vertex -1.779803e+00  3.698474e-01 -1.322566e+01
   endloop
 endfacet
 facet normal -1.638902e-01  4.591988e-02 -9.854092e-01
   outer loop
     vertex -2.638910e+00  6.430848e-01 -1.307077e+01
     vertex -2.588873e+00  8.216712e-01 -1.307077e+01
     vertex -1.750415e+00  4.904433e-01 -1.322566e+01
   endloop
 endfacet
 facet normal -3.227156e-01  2.813934e-01 -9.036993e-01
   outer loop
     vertex -4.629206e+00  4.036458e+00 -1.185327e+01
     vertex -3.887064e+00  3.630264e+00 -1.224477e+01
     vertex -4.125740e+00  3.356539e+00 -1.224477e+01
   endloop
 endfacet
 facet normal -3.149989e-01  2.941884e-01 -9.023463e-01
   outer loop
     vertex -4.629206e+00  4.036458e+00 -1.185327e+01
     vertex -4.342957e+00  4.342957e+00 -1.185327e+01
     vertex -3.887064e+00  3.630264e+00 -1.224477e+01
   endloop
 endfacet
 facet normal -2.401213e-01  6.089058e-01 -7.560261e-01
   outer loop
     vertex -3.342807e+00  8.476776e+00 -9.756660e+00
     vertex -2.821369e+00  7.938571e+00 -1.035575e+01
     vertex -3.356539e+00  7.727527e+00 -1.035575e+01
   endloop
 endfacet
 facet normal -2.210534e-01  6.219847e-01 -7.511794e-01
   outer loop
     vertex -3.342807e+00  8.476776e+00 -9.756660e+00
     vertex -2.756538e+00  8.685136e+00 -9.756660e+00
     vertex -2.821369e+00  7.938571e+00 -1.035575e+01
   endloop
 endfacet
 facet normal -2.227180e-01  7.915398e-02 -9.716642e-01
   outer loop
     vertex -3.393823e+00  1.206165e+00 -1.285495e+01
     vertex -2.526764e+00  9.964266e-01 -1.307077e+01
     vertex -2.588873e+00  8.216712e-01 -1.307077e+01
   endloop
 endfacet
 facet normal -2.207508e-01  8.705283e-02 -9.714375e-01
   outer loop
     vertex -3.393823e+00  1.206165e+00 -1.285495e+01
     vertex -3.303600e+00  1.434956e+00 -1.285495e+01
     vertex -2.526764e+00  9.964266e-01 -1.307077e+01
   endloop
 endfacet
 facet normal -3.233518e-01  3.708355e-01 -8.705887e-01
   outer loop
     vertex -4.734493e+00  5.069404e+00 -1.140650e+01
     vertex -4.377507e+00  5.380679e+00 -1.140650e+01
     vertex -4.036458e+00  4.629206e+00 -1.185327e+01
   endloop
 endfacet
 facet normal -3.333842e-01  3.569673e-01 -8.725992e-01
   outer loop
     vertex -4.734493e+00  5.069404e+00 -1.140650e+01
     vertex -4.036458e+00  4.629206e+00 -1.185327e+01
     vertex -4.342957e+00  4.342957e+00 -1.185327e+01
   endloop
 endfacet
 facet normal -1.899906e-01  6.780855e-01 -7.100026e-01
   outer loop
     vertex -2.632315e+00  9.394857e+00 -9.112084e+00
     vertex -2.157417e+00  8.853001e+00 -9.756660e+00
     vertex -2.756538e+00  8.685136e+00 -9.756660e+00
   endloop
 endfacet
 facet normal -1.681580e-01  6.900395e-01 -7.039662e-01
   outer loop
     vertex -2.632315e+00  9.394857e+00 -9.112084e+00
     vertex -1.985051e+00  9.552591e+00 -9.112084e+00
     vertex -2.157417e+00  8.853001e+00 -9.756660e+00
   endloop
 endfacet
 facet normal -3.416100e-02 -1.219348e-16 -9.994163e-01
   outer loop
     vertex -9.105051e-01 -3.110379e-02 -1.331888e+01
     vertex -9.105051e-01  3.110379e-02 -1.331888e+01
     vertex  4.087259e-16 -1.001090e-31 -1.335000e+01
   endloop
 endfacet
 facet normal -2.693321e-01  1.395566e-01 -9.528820e-01
   outer loop
     vertex -4.037325e+00  1.920067e+00 -1.257918e+01
     vertex -3.896883e+00  2.191108e+00 -1.257918e+01
     vertex -3.197973e+00  1.657056e+00 -1.285495e+01
   endloop
 endfacet
 facet normal -2.725947e-01  1.296403e-01 -9.533549e-01
   outer loop
     vertex -4.037325e+00  1.920067e+00 -1.257918e+01
     vertex -3.197973e+00  1.657056e+00 -1.285495e+01
     vertex -3.303600e+00  1.434956e+00 -1.285495e+01
   endloop
 endfacet
 facet normal -3.175877e-01  4.499193e-01 -8.346919e-01
   outer loop
     vertex -4.651824e+00  6.134349e+00 -1.090655e+01
     vertex -4.222357e+00  6.437501e+00 -1.090655e+01
     vertex -4.000112e+00  5.666867e+00 -1.140650e+01
   endloop
 endfacet
 facet normal -3.301689e-01  4.353929e-01 -8.375091e-01
   outer loop
     vertex -4.651824e+00  6.134349e+00 -1.090655e+01
     vertex -4.000112e+00  5.666867e+00 -1.140650e+01
     vertex -4.377507e+00  5.380679e+00 -1.140650e+01
   endloop
 endfacet
 facet normal -1.030779e-01  7.499477e-01 -6.534167e-01
   outer loop
     vertex -1.759549e+00  1.020517e+01 -8.425024e+00
     vertex -1.059022e+00  1.030145e+01 -8.425024e+00
     vertex -1.328532e+00  9.665786e+00 -9.112084e+00
   endloop
 endfacet
 facet normal -1.275393e-01  7.397121e-01 -6.607266e-01
   outer loop
     vertex -1.759549e+00  1.020517e+01 -8.425024e+00
     vertex -1.328532e+00  9.665786e+00 -9.112084e+00
     vertex -1.985051e+00  9.552591e+00 -9.112084e+00
   endloop
 endfacet
 facet normal -1.019666e-01  6.974710e-03 -9.947634e-01
   outer loop
     vertex -1.813587e+00  1.240527e-01 -1.322566e+01
     vertex -9.062599e-01  9.316634e-02 -1.331888e+01
     vertex -9.105051e-01  3.110379e-02 -1.331888e+01
   endloop
 endfacet
 facet normal -1.018458e-01  1.047006e-02 -9.947451e-01
   outer loop
     vertex -1.813587e+00  1.240527e-01 -1.322566e+01
     vertex -1.800893e+00  2.475271e-01 -1.322566e+01
     vertex -9.062599e-01  9.316634e-02 -1.331888e+01
   endloop
 endfacet
 facet normal -3.077305e-01  2.018404e-01 -9.298185e-01
   outer loop
     vertex -4.544362e+00  2.763488e+00 -1.224477e+01
     vertex -4.345181e+00  3.067163e+00 -1.224477e+01
     vertex -3.738272e+00  2.451932e+00 -1.257918e+01
   endloop
 endfacet
 facet normal -3.126157e-01  1.901058e-01 -9.306617e-01
   outer loop
     vertex -4.544362e+00  2.763488e+00 -1.224477e+01
     vertex -3.738272e+00  2.451932e+00 -1.257918e+01
     vertex -3.896883e+00  2.191108e+00 -1.257918e+01
   endloop
 endfacet
 facet normal -2.974177e-01  5.289571e-01 -7.948252e-01
   outer loop
     vertex -4.377507e+00  7.198504e+00 -1.035575e+01
     vertex -3.876059e+00  7.480454e+00 -1.035575e+01
     vertex -3.773203e+00  6.710637e+00 -1.090655e+01
   endloop
 endfacet
 facet normal -3.127233e-01  5.142516e-01 -7.985922e-01
   outer loop
     vertex -4.377507e+00  7.198504e+00 -1.035575e+01
     vertex -3.773203e+00  6.710637e+00 -1.090655e+01
     vertex -4.222357e+00  6.437501e+00 -1.090655e+01
   endloop
 endfacet
 facet normal -5.415842e-02  7.917681e-01 -6.084161e-01
   outer loop
     vertex -7.442892e-01  1.088112e+01 -7.698682e+00
     vertex -3.535567e-01  1.034971e+01 -8.425024e+00
     vertex -1.059022e+00  1.030145e+01 -8.425024e+00
   endloop
 endfacet
 facet normal -2.253186e-02  8.173772e-01 -5.756620e-01
   outer loop
     vertex -7.442892e-01  1.088112e+01 -7.698682e+00
     vertex  0.000000e+00  1.110012e+01 -7.416863e+00
     vertex  0.000000e+00  1.072282e+01 -7.952586e+00
   endloop
 endfacet
 facet normal -3.602498e-02  7.972020e-01 -6.026368e-01
   outer loop
     vertex -7.442892e-01  1.088112e+01 -7.698682e+00
     vertex  0.000000e+00  1.072282e+01 -7.952586e+00
     vertex -3.535567e-01  1.034971e+01 -8.425024e+00
   endloop
 endfacet
 facet normal -1.672482e-01  2.883650e-02 -9.854930e-01
   outer loop
     vertex -2.676644e+00  4.615000e-01 -1.307077e+01
     vertex -1.779803e+00  3.698474e-01 -1.322566e+01
     vertex -1.800893e+00  2.475271e-01 -1.322566e+01
   endloop
 endfacet
 facet normal -1.666418e-01  3.462857e-02 -9.854092e-01
   outer loop
     vertex -2.676644e+00  4.615000e-01 -1.307077e+01
     vertex -2.638910e+00  6.430848e-01 -1.307077e+01
     vertex -1.779803e+00  3.698474e-01 -1.322566e+01
   endloop
 endfacet
 facet normal -3.343407e-01  2.720063e-01 -9.023463e-01
   outer loop
     vertex -4.893872e+00  3.711140e+00 -1.185327e+01
     vertex -4.629206e+00  4.036458e+00 -1.185327e+01
     vertex -4.125740e+00  3.356539e+00 -1.224477e+01
   endloop
 endfacet
 facet normal -3.411663e-01  2.587145e-01 -9.036993e-01
   outer loop
     vertex -4.893872e+00  3.711140e+00 -1.185327e+01
     vertex -4.125740e+00  3.356539e+00 -1.224477e+01
     vertex -4.345181e+00  3.067163e+00 -1.224477e+01
   endloop
 endfacet
 facet normal -2.629838e-01  6.054495e-01 -7.511794e-01
   outer loop
     vertex -3.913489e+00  8.228893e+00 -9.756660e+00
     vertex -3.342807e+00  8.476776e+00 -9.756660e+00
     vertex -3.356539e+00  7.727527e+00 -1.035575e+01
   endloop
 endfacet
 facet normal -2.811147e-01  5.910998e-01 -7.560261e-01
   outer loop
     vertex -3.913489e+00  8.228893e+00 -9.756660e+00
     vertex -3.356539e+00  7.727527e+00 -1.035575e+01
     vertex -3.876059e+00  7.480454e+00 -1.035575e+01
   endloop
 endfacet
 facet normal -2.276004e-01  6.377065e-02 -9.716642e-01
   outer loop
     vertex -3.468223e+00  9.717505e-01 -1.285495e+01
     vertex -2.588873e+00  8.216712e-01 -1.307077e+01
     vertex -2.638910e+00  6.430848e-01 -1.307077e+01
   endloop
 endfacet
 facet normal -2.261769e-01  7.178532e-02 -9.714375e-01
   outer loop
     vertex -3.468223e+00  9.717505e-01 -1.285495e+01
     vertex -3.393823e+00  1.206165e+00 -1.285495e+01
     vertex -2.588873e+00  8.216712e-01 -1.307077e+01
   endloop
 endfacet
 facet normal -3.479047e-01  3.479047e-01 -8.705887e-01
   outer loop
     vertex -5.069404e+00  4.734493e+00 -1.140650e+01
     vertex -4.734493e+00  5.069404e+00 -1.140650e+01
     vertex -4.342957e+00  4.342957e+00 -1.185327e+01
   endloop
 endfacet
 facet normal -3.569673e-01  3.333842e-01 -8.725992e-01
   outer loop
     vertex -5.069404e+00  4.734493e+00 -1.140650e+01
     vertex -4.342957e+00  4.342957e+00 -1.185327e+01
     vertex -4.629206e+00  4.036458e+00 -1.185327e+01
   endloop
 endfacet
 facet normal -2.148560e-01  6.769553e-01 -7.039662e-01
   outer loop
     vertex -3.267307e+00  9.193320e+00 -9.112084e+00
     vertex -2.632315e+00  9.394857e+00 -9.112084e+00
     vertex -2.756538e+00  8.685136e+00 -9.756660e+00
   endloop
 endfacet
 facet normal -2.358219e-01  6.635393e-01 -7.100026e-01
   outer loop
     vertex -3.267307e+00  9.193320e+00 -9.112084e+00
     vertex -2.756538e+00  8.685136e+00 -9.756660e+00
     vertex -3.342807e+00  8.476776e+00 -9.756660e+00
   endloop
 endfacet
 facet normal -3.408136e-02 -2.331229e-03 -9.994163e-01
   outer loop
     vertex -9.062599e-01 -9.316634e-02 -1.331888e+01
     vertex -9.105051e-01 -3.110379e-02 -1.331888e+01
     vertex  4.087259e-16 -1.001090e-31 -1.335000e+01
   endloop
 endfacet
 facet normal -2.782279e-01  1.208514e-01 -9.528820e-01
   outer loop
     vertex -4.158943e+00  1.640074e+00 -1.257918e+01
     vertex -4.037325e+00  1.920067e+00 -1.257918e+01
     vertex -3.303600e+00  1.434956e+00 -1.285495e+01
   endloop
 endfacet
 facet normal -2.808062e-01  1.107356e-01 -9.533549e-01
   outer loop
     vertex -4.158943e+00  1.640074e+00 -1.257918e+01
     vertex -3.303600e+00  1.434956e+00 -1.285495e+01
     vertex -3.393823e+00  1.206165e+00 -1.285495e+01
   endloop
 endfacet
 facet normal -3.475510e-01  4.271975e-01 -8.346919e-01
   outer loop
     vertex -5.059602e+00  5.802597e+00 -1.090655e+01
     vertex -4.651824e+00  6.134349e+00 -1.090655e+01
     vertex -4.377507e+00  5.380679e+00 -1.140650e+01
   endloop
 endfacet
 facet normal -3.591114e-01  4.118464e-01 -8.375091e-01
   outer loop
     vertex -5.059602e+00  5.802597e+00 -1.090655e+01
     vertex -4.377507e+00  5.380679e+00 -1.140650e+01
     vertex -4.734493e+00  5.069404e+00 -1.140650e+01
   endloop
 endfacet
 facet normal -1.777217e-01  7.292841e-01 -6.607266e-01
   outer loop
     vertex -2.451872e+00  1.006130e+01 -8.425024e+00
     vertex -1.985051e+00  9.552591e+00 -9.112084e+00
     vertex -2.632315e+00  9.394857e+00 -9.112084e+00
   endloop
 endfacet
 facet normal -1.540159e-01  7.411651e-01 -6.534167e-01
   outer loop
     vertex -2.451872e+00  1.006130e+01 -8.425024e+00
     vertex -1.759549e+00  1.020517e+01 -8.425024e+00
     vertex -1.985051e+00  9.552591e+00 -9.112084e+00
   endloop
 endfacet
 facet normal -1.022049e-01 -4.891774e-16 -9.947634e-01
   outer loop
     vertex -1.817825e+00 -5.428315e-15 -1.322566e+01
     vertex -9.105051e-01  3.110379e-02 -1.331888e+01
     vertex -9.105051e-01 -3.110379e-02 -1.331888e+01
   endloop
 endfacet
 facet normal -1.023229e-01  3.495454e-03 -9.947451e-01
   outer loop
     vertex -1.817825e+00 -5.428315e-15 -1.322566e+01
     vertex -1.813587e+00  1.240527e-01 -1.322566e+01
     vertex -9.105051e-01  3.110379e-02 -1.331888e+01
   endloop
 endfacet
 facet normal -3.248602e-01  1.683290e-01 -9.306617e-01
   outer loop
     vertex -4.722355e+00  2.446927e+00 -1.224477e+01
     vertex -3.896883e+00  2.191108e+00 -1.257918e+01
     vertex -4.037325e+00  1.920067e+00 -1.257918e+01
   endloop
 endfacet
 facet normal -3.207871e-01  1.803696e-01 -9.298185e-01
   outer loop
     vertex -4.722355e+00  2.446927e+00 -1.224477e+01
     vertex -4.544362e+00  2.763488e+00 -1.224477e+01
     vertex -3.896883e+00  2.191108e+00 -1.257918e+01
   endloop
 endfacet
 facet normal -3.470880e-01  4.917117e-01 -7.985922e-01
   outer loop
     vertex -4.858546e+00  6.882991e+00 -1.035575e+01
     vertex -4.222357e+00  6.437501e+00 -1.090655e+01
     vertex -4.651824e+00  6.134349e+00 -1.090655e+01
   endloop
 endfacet
 facet normal -3.328217e-01  5.074275e-01 -7.948252e-01
   outer loop
     vertex -4.858546e+00  6.882991e+00 -1.035575e+01
     vertex -4.377507e+00  7.198504e+00 -1.035575e+01
     vertex -4.222357e+00  6.437501e+00 -1.090655e+01
   endloop
 endfacet
 facet normal -8.182820e-02  7.959700e-01 -5.997798e-01
   outer loop
     vertex -1.485108e+00  1.080496e+01 -7.698682e+00
     vertex -7.442892e-01  1.088112e+01 -7.698682e+00
     vertex -1.059022e+00  1.030145e+01 -8.425024e+00
   endloop
 endfacet
 facet normal -1.080643e-01  7.862264e-01 -6.084161e-01
   outer loop
     vertex -1.485108e+00  1.080496e+01 -7.698682e+00
     vertex -1.059022e+00  1.030145e+01 -8.425024e+00
     vertex -1.759549e+00  1.020517e+01 -8.425024e+00
   endloop
 endfacet
 facet normal -1.686165e-01  2.317580e-02 -9.854092e-01
   outer loop
     vertex -2.701898e+00  2.777635e-01 -1.307077e+01
     vertex -2.676644e+00  4.615000e-01 -1.307077e+01
     vertex -1.800893e+00  2.475271e-01 -1.322566e+01
   endloop
 endfacet
 facet normal -1.688262e-01  1.735586e-02 -9.854930e-01
   outer loop
     vertex -2.701898e+00  2.777635e-01 -1.307077e+01
     vertex -1.800893e+00  2.475271e-01 -1.322566e+01
     vertex -1.813587e+00  1.240527e-01 -1.322566e+01
   endloop
 endfacet
 facet normal -3.521236e-01  2.485560e-01 -9.023463e-01
   outer loop
     vertex -5.135720e+00  3.368519e+00 -1.185327e+01
     vertex -4.893872e+00  3.711140e+00 -1.185327e+01
     vertex -4.345181e+00  3.067163e+00 -1.224477e+01
   endloop
 endfacet
 facet normal -3.580262e-01  2.348294e-01 -9.036993e-01
   outer loop
     vertex -5.135720e+00  3.368519e+00 -1.185327e+01
     vertex -4.345181e+00  3.067163e+00 -1.224477e+01
     vertex -4.544362e+00  2.763488e+00 -1.224477e+01
   endloop
 endfacet
 facet normal -3.036881e-01  5.860914e-01 -7.511794e-01
   outer loop
     vertex -4.465926e+00  7.942644e+00 -9.756660e+00
     vertex -3.913489e+00  8.228893e+00 -9.756660e+00
     vertex -3.876059e+00  7.480454e+00 -1.035575e+01
   endloop
 endfacet
 facet normal -3.207975e-01  5.705379e-01 -7.560261e-01
   outer loop
     vertex -4.465926e+00  7.942644e+00 -9.756660e+00
     vertex -3.876059e+00  7.480454e+00 -1.035575e+01
     vertex -4.377507e+00  7.198504e+00 -1.035575e+01
   endloop
 endfacet
 facet normal -9.741797e-03  8.448135e-01 -5.349722e-01
   outer loop
     vertex -3.894305e-01  1.139985e+01 -6.936446e+00
     vertex  0.000000e+00  1.145068e+01 -6.863272e+00
     vertex  0.000000e+00  1.110012e+01 -7.416863e+00
   endloop
 endfacet
 facet normal -2.094157e-02  8.698962e-01 -4.927901e-01
   outer loop
     vertex -3.894305e-01  1.139985e+01 -6.936446e+00
     vertex  0.000000e+00  1.177365e+01 -6.293146e+00
     vertex  0.000000e+00  1.145068e+01 -6.863272e+00
   endloop
 endfacet
 facet normal -3.701753e-02  8.340868e-01 -5.503898e-01
   outer loop
     vertex -3.894305e-01  1.139985e+01 -6.936446e+00
     vertex  0.000000e+00  1.110012e+01 -7.416863e+00
     vertex -7.442892e-01  1.088112e+01 -7.698682e+00
   endloop
 endfacet
 facet normal -2.305484e-01  5.618312e-02 -9.714375e-01
   outer loop
     vertex -3.526452e+00  7.328052e-01 -1.285495e+01
     vertex -3.468223e+00  9.717505e-01 -1.285495e+01
     vertex -2.638910e+00  6.430848e-01 -1.307077e+01
   endloop
 endfacet
 facet normal -2.314217e-01  4.808998e-02 -9.716642e-01
   outer loop
     vertex -3.526452e+00  7.328052e-01 -1.285495e+01
     vertex -2.638910e+00  6.430848e-01 -1.307077e+01
     vertex -2.676644e+00  4.615000e-01 -1.307077e+01
   endloop
 endfacet
 facet normal -3.788861e-01  3.082467e-01 -8.725992e-01
   outer loop
     vertex -5.380679e+00  4.377507e+00 -1.140650e+01
     vertex -4.629206e+00  4.036458e+00 -1.185327e+01
     vertex -4.893872e+00  3.711140e+00 -1.185327e+01
   endloop
 endfacet
 facet normal -3.708355e-01  3.233518e-01 -8.705887e-01
   outer loop
     vertex -5.380679e+00  4.377507e+00 -1.140650e+01
     vertex -5.069404e+00  4.734493e+00 -1.140650e+01
     vertex -4.629206e+00  4.036458e+00 -1.185327e+01
   endloop
 endfacet
 facet normal -2.805537e-01  6.458993e-01 -7.100026e-01
   outer loop
     vertex -3.887064e+00  8.948919e+00 -9.112084e+00
     vertex -3.342807e+00  8.476776e+00 -9.756660e+00
     vertex -3.913489e+00  8.228893e+00 -9.756660e+00
   endloop
 endfacet
 facet normal -2.605522e-01  6.607149e-01 -7.039662e-01
   outer loop
     vertex -3.887064e+00  8.948919e+00 -9.112084e+00
     vertex -3.267307e+00  9.193320e+00 -9.112084e+00
     vertex -3.342807e+00  8.476776e+00 -9.756660e+00
   endloop
 endfacet
 facet normal -3.384282e-02 -4.651589e-03 -9.994163e-01
   outer loop
     vertex -8.977893e-01 -1.547945e-01 -1.331888e+01
     vertex -9.062599e-01 -9.316634e-02 -1.331888e+01
     vertex  4.087259e-16 -1.001090e-31 -1.335000e+01
   endloop
 endfacet
 facet normal -2.877084e-01  9.131455e-02 -9.533549e-01
   outer loop
     vertex -4.261170e+00  1.352435e+00 -1.257918e+01
     vertex -3.393823e+00  1.206165e+00 -1.285495e+01
     vertex -3.468223e+00  9.717505e-01 -1.285495e+01
   endloop
 endfacet
 facet normal -2.858265e-01  1.015827e-01 -9.528820e-01
   outer loop
     vertex -4.261170e+00  1.352435e+00 -1.257918e+01
     vertex -4.158943e+00  1.640074e+00 -1.257918e+01
     vertex -3.393823e+00  1.206165e+00 -1.285495e+01
   endloop
 endfacet
 facet normal -3.758937e-01  4.024839e-01 -8.346919e-01
   outer loop
     vertex -5.443790e+00  5.443790e+00 -1.090655e+01
     vertex -5.059602e+00  5.802597e+00 -1.090655e+01
     vertex -4.734493e+00  5.069404e+00 -1.140650e+01
   endloop
 endfacet
 facet normal -3.863797e-01  3.863797e-01 -8.375091e-01
   outer loop
     vertex -5.443790e+00  5.443790e+00 -1.090655e+01
     vertex -4.734493e+00  5.069404e+00 -1.140650e+01
     vertex -5.069404e+00  4.734493e+00 -1.140650e+01
   endloop
 endfacet
 facet normal -2.270755e-01  7.154558e-01 -6.607266e-01
   outer loop
     vertex -3.132764e+00  9.870525e+00 -8.425024e+00
     vertex -2.632315e+00  9.394857e+00 -9.112084e+00
     vertex -3.267307e+00  9.193320e+00 -9.112084e+00
   endloop
 endfacet
 facet normal -2.042357e-01  7.289269e-01 -6.534167e-01
   outer loop
     vertex -3.132764e+00  9.870525e+00 -8.425024e+00
     vertex -2.451872e+00  1.006130e+01 -8.425024e+00
     vertex -2.632315e+00  9.394857e+00 -9.112084e+00
   endloop
 endfacet
 facet normal -1.019666e-01 -6.974710e-03 -9.947634e-01
   outer loop
     vertex -1.813587e+00 -1.240527e-01 -1.322566e+01
     vertex -9.105051e-01 -3.110379e-02 -1.331888e+01
     vertex -9.062599e-01 -9.316634e-02 -1.331888e+01
   endloop
 endfacet
 facet normal -1.023229e-01 -3.495454e-03 -9.947451e-01
   outer loop
     vertex -1.813587e+00 -1.240527e-01 -1.322566e+01
     vertex -1.817825e+00 -5.428315e-15 -1.322566e+01
     vertex -9.105051e-01 -3.110379e-02 -1.331888e+01
   endloop
 endfacet
 facet normal -3.323482e-01  1.580578e-01 -9.298185e-01
   outer loop
     vertex -4.878330e+00  2.118958e+00 -1.224477e+01
     vertex -4.722355e+00  2.446927e+00 -1.224477e+01
     vertex -4.037325e+00  1.920067e+00 -1.257918e+01
   endloop
 endfacet
 facet normal -3.355901e-01  1.457673e-01 -9.306617e-01
   outer loop
     vertex -4.878330e+00  2.118958e+00 -1.224477e+01
     vertex -4.037325e+00  1.920067e+00 -1.257918e+01
     vertex -4.158943e+00  1.640074e+00 -1.257918e+01
   endloop
 endfacet
 facet normal -3.798345e-01  4.668793e-01 -7.985922e-01
   outer loop
     vertex -5.316931e+00  6.535386e+00 -1.035575e+01
     vertex -4.651824e+00  6.134349e+00 -1.090655e+01
     vertex -5.059602e+00  5.802597e+00 -1.090655e+01
   endloop
 endfacet
 facet normal -3.666739e-01  4.835320e-01 -7.948252e-01
   outer loop
     vertex -5.316931e+00  6.535386e+00 -1.035575e+01
     vertex -4.858546e+00  6.882991e+00 -1.035575e+01
     vertex -4.651824e+00  6.134349e+00 -1.090655e+01
   endloop
 endfacet
 facet normal -1.614664e-01  7.770190e-01 -6.084161e-01
   outer loop
     vertex -2.219003e+00  1.067843e+01 -7.698682e+00
     vertex -1.759549e+00  1.020517e+01 -8.425024e+00
     vertex -2.451872e+00  1.006130e+01 -8.425024e+00
   endloop
 endfacet
 facet normal -1.359564e-01  7.885303e-01 -5.997798e-01
   outer loop
     vertex -2.219003e+00  1.067843e+01 -7.698682e+00
     vertex -1.485108e+00  1.080496e+01 -7.698682e+00
     vertex -1.759549e+00  1.020517e+01 -8.425024e+00
   endloop
 endfacet
 facet normal -1.696170e-01  5.794291e-03 -9.854930e-01
   outer loop
     vertex -2.714554e+00  9.273196e-02 -1.307077e+01
     vertex -1.813587e+00  1.240527e-01 -1.322566e+01
     vertex -1.817825e+00 -5.428315e-15 -1.322566e+01
   endloop
 endfacet
 facet normal -1.698049e-01  1.161498e-02 -9.854092e-01
   outer loop
     vertex -2.714554e+00  9.273196e-02 -1.307077e+01
     vertex -2.701898e+00  2.777635e-01 -1.307077e+01
     vertex -1.813587e+00  1.240527e-01 -1.322566e+01
   endloop
 endfacet
 facet normal -3.682648e-01  2.239468e-01 -9.023463e-01
   outer loop
     vertex -5.353624e+00  3.010192e+00 -1.185327e+01
     vertex -5.135720e+00  3.368519e+00 -1.185327e+01
     vertex -4.544362e+00  2.763488e+00 -1.224477e+01
   endloop
 endfacet
 facet normal -3.732169e-01  2.098494e-01 -9.036993e-01
   outer loop
     vertex -5.353624e+00  3.010192e+00 -1.185327e+01
     vertex -4.544362e+00  2.763488e+00 -1.224477e+01
     vertex -4.722355e+00  2.446927e+00 -1.224477e+01
   endloop
 endfacet
 facet normal -3.589845e-01  5.473159e-01 -7.560261e-01
   outer loop
     vertex -4.997540e+00  7.619362e+00 -9.756660e+00
     vertex -4.377507e+00  7.198504e+00 -1.035575e+01
     vertex -4.858546e+00  6.882991e+00 -1.035575e+01
   endloop
 endfacet
 facet normal -3.429764e-01  5.640007e-01 -7.511794e-01
   outer loop
     vertex -4.997540e+00  7.619362e+00 -9.756660e+00
     vertex -4.465926e+00  7.942644e+00 -9.756660e+00
     vertex -4.377507e+00  7.198504e+00 -1.035575e+01
   endloop
 endfacet
 facet normal -8.518414e-02  8.286143e-01 -5.533009e-01
   outer loop
     vertex -1.166476e+00  1.134670e+01 -6.936446e+00
     vertex -7.442892e-01  1.088112e+01 -7.698682e+00
     vertex -1.485108e+00  1.080496e+01 -7.698682e+00
   endloop
 endfacet
 facet normal -5.729123e-02  8.375681e-01 -5.433206e-01
   outer loop
     vertex -1.166476e+00  1.134670e+01 -6.936446e+00
     vertex -3.894305e-01  1.139985e+01 -6.936446e+00
     vertex -7.442892e-01  1.088112e+01 -7.698682e+00
   endloop
 endfacet
 facet normal -2.338451e-01  4.031896e-02 -9.714375e-01
   outer loop
     vertex -3.568240e+00  4.904433e-01 -1.285495e+01
     vertex -3.526452e+00  7.328052e-01 -1.285495e+01
     vertex -2.676644e+00  4.615000e-01 -1.307077e+01
   endloop
 endfacet
 facet normal -2.341640e-01  3.218510e-02 -9.716642e-01
   outer loop
     vertex -3.568240e+00  4.904433e-01 -1.285495e+01
     vertex -2.676644e+00  4.615000e-01 -1.307077e+01
     vertex -2.701898e+00  2.777635e-01 -1.307077e+01
   endloop
 endfacet
 facet normal -3.990383e-01  2.816720e-01 -8.725992e-01
   outer loop
     vertex -5.666867e+00  4.000112e+00 -1.140650e+01
     vertex -4.893872e+00  3.711140e+00 -1.185327e+01
     vertex -5.135720e+00  3.368519e+00 -1.185327e+01
   endloop
 endfacet
 facet normal -3.920373e-01  2.972913e-01 -8.705887e-01
   outer loop
     vertex -5.666867e+00  4.000112e+00 -1.140650e+01
     vertex -5.380679e+00  4.377507e+00 -1.140650e+01
     vertex -4.893872e+00  3.711140e+00 -1.185327e+01
   endloop
 endfacet
 facet normal -3.239774e-01  6.252479e-01 -7.100026e-01
   outer loop
     vertex -4.488698e+00  8.662794e+00 -9.112084e+00
     vertex -3.913489e+00  8.228893e+00 -9.756660e+00
     vertex -4.465926e+00  7.942644e+00 -9.756660e+00
   endloop
 endfacet
 facet normal -3.050335e-01  6.413939e-01 -7.039662e-01
   outer loop
     vertex -4.488698e+00  8.662794e+00 -9.112084e+00
     vertex -3.887064e+00  8.948919e+00 -9.112084e+00
     vertex -3.913489e+00  8.228893e+00 -9.756660e+00
   endloop
 endfacet
 facet normal -3.344649e-02 -6.950261e-03 -9.994163e-01
   outer loop
     vertex -8.851328e-01 -2.157010e-01 -1.331888e+01
     vertex -8.977893e-01 -1.547945e-01 -1.331888e+01
     vertex  4.087259e-16 -1.001090e-31 -1.335000e+01
   endloop
 endfacet
 facet normal -2.920924e-01  8.184045e-02 -9.528820e-01
   outer loop
     vertex -4.343529e+00  1.058489e+00 -1.257918e+01
     vertex -4.261170e+00  1.352435e+00 -1.257918e+01
     vertex -3.468223e+00  9.717505e-01 -1.285495e+01
   endloop
 endfacet
 facet normal -2.932692e-01  7.146776e-02 -9.533549e-01
   outer loop
     vertex -4.343529e+00  1.058489e+00 -1.257918e+01
     vertex -3.468223e+00  9.717505e-01 -1.285495e+01
     vertex -3.526452e+00  7.328052e-01 -1.285495e+01
   endloop
 endfacet
 facet normal -4.118464e-01  3.591114e-01 -8.375091e-01
   outer loop
     vertex -5.802597e+00  5.059602e+00 -1.090655e+01
     vertex -5.069404e+00  4.734493e+00 -1.140650e+01
     vertex -5.380679e+00  4.377507e+00 -1.140650e+01
   endloop
 endfacet
 facet normal -4.024839e-01  3.758937e-01 -8.346919e-01
   outer loop
     vertex -5.802597e+00  5.059602e+00 -1.090655e+01
     vertex -5.443790e+00  5.443790e+00 -1.090655e+01
     vertex -5.069404e+00  4.734493e+00 -1.140650e+01
   endloop
 endfacet
 facet normal -2.535033e-01  7.132900e-01 -6.534167e-01
   outer loop
     vertex -3.799049e+00  9.633727e+00 -8.425024e+00
     vertex -3.132764e+00  9.870525e+00 -8.425024e+00
     vertex -3.267307e+00  9.193320e+00 -9.112084e+00
   endloop
 endfacet
 facet normal -2.753705e-01  6.982918e-01 -6.607266e-01
   outer loop
     vertex -3.799049e+00  9.633727e+00 -8.425024e+00
     vertex -3.267307e+00  9.193320e+00 -9.112084e+00
     vertex -3.887064e+00  8.948919e+00 -9.112084e+00
   endloop
 endfacet
 facet normal -1.018458e-01 -1.047006e-02 -9.947451e-01
   outer loop
     vertex -1.800893e+00 -2.475271e-01 -1.322566e+01
     vertex -1.813587e+00 -1.240527e-01 -1.322566e+01
     vertex -9.062599e-01 -9.316634e-02 -1.331888e+01
   endloop
 endfacet
 facet normal -1.012530e-01 -1.391690e-02 -9.947634e-01
   outer loop
     vertex -1.800893e+00 -2.475271e-01 -1.322566e+01
     vertex -9.062599e-01 -9.316634e-02 -1.331888e+01
     vertex -8.977893e-01 -1.547945e-01 -1.331888e+01
   endloop
 endfacet
 facet normal -3.447552e-01  1.225260e-01 -9.306617e-01
   outer loop
     vertex -5.011560e+00  1.781109e+00 -1.224477e+01
     vertex -4.158943e+00  1.640074e+00 -1.257918e+01
     vertex -4.261170e+00  1.352435e+00 -1.257918e+01
   endloop
 endfacet
 facet normal -3.423596e-01  1.350091e-01 -9.298185e-01
   outer loop
     vertex -5.011560e+00  1.781109e+00 -1.224477e+01
     vertex -4.878330e+00  2.118958e+00 -1.224477e+01
     vertex -4.158943e+00  1.640074e+00 -1.257918e+01
   endloop
 endfacet
 facet normal -3.988165e-01  4.573821e-01 -7.948252e-01
   outer loop
     vertex -5.750527e+00  6.157311e+00 -1.035575e+01
     vertex -5.316931e+00  6.535386e+00 -1.035575e+01
     vertex -5.059602e+00  5.802597e+00 -1.090655e+01
   endloop
 endfacet
 facet normal -4.108100e-01  4.398701e-01 -7.985922e-01
   outer loop
     vertex -5.750527e+00  6.157311e+00 -1.035575e+01
     vertex -5.059602e+00  5.802597e+00 -1.090655e+01
     vertex -5.443790e+00  5.443790e+00 -1.090655e+01
   endloop
 endfacet
 facet normal -1.894506e-01  7.774141e-01 -5.997798e-01
   outer loop
     vertex -2.942551e+00  1.050210e+01 -7.698682e+00
     vertex -2.219003e+00  1.067843e+01 -7.698682e+00
     vertex -2.451872e+00  1.006130e+01 -8.425024e+00
   endloop
 endfacet
 facet normal -2.141156e-01  7.641887e-01 -6.084161e-01
   outer loop
     vertex -2.942551e+00  1.050210e+01 -7.698682e+00
     vertex -2.451872e+00  1.006130e+01 -8.425024e+00
     vertex -3.132764e+00  9.870525e+00 -8.425024e+00
   endloop
 endfacet
 facet normal -1.702017e-01 -4.075442e-16 -9.854092e-01
   outer loop
     vertex -2.714554e+00 -9.273196e-02 -1.307077e+01
     vertex -2.714554e+00  9.273196e-02 -1.307077e+01
     vertex -1.817825e+00 -5.428315e-15 -1.322566e+01
   endloop
 endfacet
 facet normal -1.696170e-01 -5.794291e-03 -9.854930e-01
   outer loop
     vertex -2.714554e+00 -9.273196e-02 -1.307077e+01
     vertex -1.817825e+00 -5.428315e-15 -1.322566e+01
     vertex -1.813587e+00 -1.240527e-01 -1.322566e+01
   endloop
 endfacet
 facet normal -3.826889e-01  1.982934e-01 -9.023463e-01
   outer loop
     vertex -5.546566e+00  2.637831e+00 -1.185327e+01
     vertex -5.353624e+00  3.010192e+00 -1.185327e+01
     vertex -4.722355e+00  2.446927e+00 -1.224477e+01
   endloop
 endfacet
 facet normal -3.866675e-01  1.838910e-01 -9.036993e-01
   outer loop
     vertex -5.546566e+00  2.637831e+00 -1.185327e+01
     vertex -4.722355e+00  2.446927e+00 -1.224477e+01
     vertex -4.878330e+00  2.118958e+00 -1.224477e+01
   endloop
 endfacet
 facet normal -3.806656e-01  5.392803e-01 -7.511794e-01
   outer loop
     vertex -5.505853e+00  7.260555e+00 -9.756660e+00
     vertex -4.997540e+00  7.619362e+00 -9.756660e+00
     vertex -4.858546e+00  6.882991e+00 -1.035575e+01
   endloop
 endfacet
 facet normal -3.954978e-01  5.215420e-01 -7.560261e-01
   outer loop
     vertex -5.505853e+00  7.260555e+00 -9.756660e+00
     vertex -4.858546e+00  6.882991e+00 -1.035575e+01
     vertex -5.316931e+00  6.535386e+00 -1.035575e+01
   endloop
 endfacet
 facet normal -1.415322e-01  8.208695e-01 -5.533009e-01
   outer loop
     vertex -1.938083e+00  1.124064e+01 -6.936446e+00
     vertex -1.485108e+00  1.080496e+01 -7.698682e+00
     vertex -2.219003e+00  1.067843e+01 -7.698682e+00
   endloop
 endfacet
 facet normal -1.143153e-01  8.317059e-01 -5.433206e-01
   outer loop
     vertex -1.938083e+00  1.124064e+01 -6.936446e+00
     vertex -1.166476e+00  1.134670e+01 -6.936446e+00
     vertex -1.485108e+00  1.080496e+01 -7.698682e+00
   endloop
 endfacet
 facet normal -2.360514e-01  2.426682e-02 -9.714375e-01
   outer loop
     vertex -3.593390e+00  2.457946e-01 -1.285495e+01
     vertex -3.568240e+00  4.904433e-01 -1.285495e+01
     vertex -2.701898e+00  2.777635e-01 -1.307077e+01
   endloop
 endfacet
 facet normal -2.358145e-01  1.613015e-02 -9.716642e-01
   outer loop
     vertex -3.593390e+00  2.457946e-01 -1.285495e+01
     vertex -2.701898e+00  2.777635e-01 -1.307077e+01
     vertex -2.714554e+00  9.273196e-02 -1.307077e+01
   endloop
 endfacet
 facet normal -4.114113e-01  2.698447e-01 -8.705887e-01
   outer loop
     vertex -5.926634e+00  3.604066e+00 -1.140650e+01
     vertex -5.666867e+00  4.000112e+00 -1.140650e+01
     vertex -5.135720e+00  3.368519e+00 -1.185327e+01
   endloop
 endfacet
 facet normal -4.173300e-01  2.537840e-01 -8.725992e-01
   outer loop
     vertex -5.926634e+00  3.604066e+00 -1.140650e+01
     vertex -5.135720e+00  3.368519e+00 -1.185327e+01
     vertex -5.353624e+00  3.010192e+00 -1.185327e+01
   endloop
 endfacet
 facet normal -3.658905e-01  6.016813e-01 -7.100026e-01
   outer loop
     vertex -5.069404e+00  8.336280e+00 -9.112084e+00
     vertex -4.465926e+00  7.942644e+00 -9.756660e+00
     vertex -4.997540e+00  7.619362e+00 -9.756660e+00
   endloop
 endfacet
 facet normal -3.480927e-01  6.190825e-01 -7.039662e-01
   outer loop
     vertex -5.069404e+00  8.336280e+00 -9.112084e+00
     vertex -4.488698e+00  8.662794e+00 -9.112084e+00
     vertex -4.465926e+00  7.942644e+00 -9.756660e+00
   endloop
 endfacet
 facet normal -5.927111e-02  8.665130e-01 -4.956231e-01
   outer loop
     vertex -8.088956e-01  1.182563e+01 -6.141868e+00
     vertex -3.894305e-01  1.139985e+01 -6.936446e+00
     vertex -1.166476e+00  1.134670e+01 -6.936446e+00
   endloop
 endfacet
 facet normal -3.482555e-02  8.731206e-01 -4.862588e-01
   outer loop
     vertex -8.088956e-01  1.182563e+01 -6.141868e+00
     vertex  0.000000e+00  1.177365e+01 -6.293146e+00
     vertex -3.894305e-01  1.139985e+01 -6.936446e+00
   endloop
 endfacet
 facet normal -2.667028e-02  8.929066e-01 -4.494514e-01
   outer loop
     vertex -8.088956e-01  1.182563e+01 -6.141868e+00
     vertex  0.000000e+00  1.206826e+01 -5.707860e+00
     vertex  0.000000e+00  1.177365e+01 -6.293146e+00
   endloop
 endfacet
 facet normal -3.289422e-02 -9.216528e-03 -9.994163e-01
   outer loop
     vertex -8.683494e-01 -2.756017e-01 -1.331888e+01
     vertex -8.851328e-01 -2.157010e-01 -1.331888e+01
     vertex  4.087259e-16 -1.001090e-31 -1.335000e+01
   endloop
 endfacet
 facet normal -2.969964e-01  6.171657e-02 -9.528820e-01
   outer loop
     vertex -4.405638e+00  7.596086e-01 -1.257918e+01
     vertex -4.343529e+00  1.058489e+00 -1.257918e+01
     vertex -3.526452e+00  7.328052e-01 -1.285495e+01
   endloop
 endfacet
 facet normal -2.974627e-01  5.128775e-02 -9.533549e-01
   outer loop
     vertex -4.405638e+00  7.596086e-01 -1.257918e+01
     vertex -3.526452e+00  7.328052e-01 -1.285495e+01
     vertex -3.568240e+00  4.904433e-01 -1.285495e+01
   endloop
 endfacet
 facet normal -4.271975e-01  3.475510e-01 -8.346919e-01
   outer loop
     vertex -6.134349e+00  4.651824e+00 -1.090655e+01
     vertex -5.802597e+00  5.059602e+00 -1.090655e+01
     vertex -5.380679e+00  4.377507e+00 -1.140650e+01
   endloop
 endfacet
 facet normal -4.353929e-01  3.301689e-01 -8.375091e-01
   outer loop
     vertex -6.134349e+00  4.651824e+00 -1.090655e+01
     vertex -5.380679e+00  4.377507e+00 -1.140650e+01
     vertex -5.666867e+00  4.000112e+00 -1.140650e+01
   endloop
 endfacet
 facet normal -3.015890e-01  6.943275e-01 -6.534167e-01
   outer loop
     vertex -4.447621e+00  9.352012e+00 -8.425024e+00
     vertex -3.799049e+00  9.633727e+00 -8.425024e+00
     vertex -3.887064e+00  8.948919e+00 -9.112084e+00
   endloop
 endfacet
 facet normal -3.223817e-01  6.778719e-01 -6.607266e-01
   outer loop
     vertex -4.447621e+00  9.352012e+00 -8.425024e+00
     vertex -3.887064e+00  8.948919e+00 -9.112084e+00
     vertex -4.488698e+00  8.662794e+00 -9.112084e+00
   endloop
 endfacet
 facet normal -1.000672e-01 -2.079420e-02 -9.947634e-01
   outer loop
     vertex -1.779803e+00 -3.698474e-01 -1.322566e+01
     vertex -8.977893e-01 -1.547945e-01 -1.331888e+01
     vertex -8.851328e-01 -2.157010e-01 -1.331888e+01
   endloop
 endfacet
 facet normal -1.008939e-01 -1.739586e-02 -9.947451e-01
   outer loop
     vertex -1.779803e+00 -3.698474e-01 -1.322566e+01
     vertex -1.800893e+00 -2.475271e-01 -1.322566e+01
     vertex -8.977893e-01 -1.547945e-01 -1.331888e+01
   endloop
 endfacet
 facet normal -3.507749e-01  1.113309e-01 -9.298185e-01
   outer loop
     vertex -5.121424e+00  1.434956e+00 -1.224477e+01
     vertex -5.011560e+00  1.781109e+00 -1.224477e+01
     vertex -4.261170e+00  1.352435e+00 -1.257918e+01
   endloop
 endfacet
 facet normal -3.523130e-01  9.871347e-02 -9.306617e-01
   outer loop
     vertex -5.121424e+00  1.434956e+00 -1.224477e+01
     vertex -4.261170e+00  1.352435e+00 -1.257918e+01
     vertex -4.343529e+00  1.058489e+00 -1.257918e+01
   endloop
 endfacet
 facet normal -4.290996e-01  4.290996e-01 -7.948252e-01
   outer loop
     vertex -6.157311e+00  5.750527e+00 -1.035575e+01
     vertex -5.750527e+00  6.157311e+00 -1.035575e+01
     vertex -5.443790e+00  5.443790e+00 -1.090655e+01
   endloop
 endfacet
 facet normal -4.398701e-01  4.108100e-01 -7.985922e-01
   outer loop
     vertex -6.157311e+00  5.750527e+00 -1.035575e+01
     vertex -5.443790e+00  5.443790e+00 -1.090655e+01
     vertex -5.802597e+00  5.059602e+00 -1.090655e+01
   endloop
 endfacet
 facet normal -2.657666e-01  7.477954e-01 -6.084161e-01
   outer loop
     vertex -3.652381e+00  1.027681e+01 -7.698682e+00
     vertex -3.132764e+00  9.870525e+00 -8.425024e+00
     vertex -3.799049e+00  9.633727e+00 -8.425024e+00
   endloop
 endfacet
 facet normal -2.420616e-01  7.626732e-01 -5.997798e-01
   outer loop
     vertex -3.652381e+00  1.027681e+01 -7.698682e+00
     vertex -2.942551e+00  1.050210e+01 -7.698682e+00
     vertex -3.132764e+00  9.870525e+00 -8.425024e+00
   endloop
 endfacet
 facet normal -1.688262e-01 -1.735586e-02 -9.854930e-01
   outer loop
     vertex -2.701898e+00 -2.777635e-01 -1.307077e+01
     vertex -1.813587e+00 -1.240527e-01 -1.322566e+01
     vertex -1.800893e+00 -2.475271e-01 -1.322566e+01
   endloop
 endfacet
 facet normal -1.698049e-01 -1.161498e-02 -9.854092e-01
   outer loop
     vertex -2.701898e+00 -2.777635e-01 -1.307077e+01
     vertex -2.714554e+00 -9.273196e-02 -1.307077e+01
     vertex -1.813587e+00 -1.240527e-01 -1.322566e+01
   endloop
 endfacet
 facet normal -3.953288e-01  1.717155e-01 -9.023463e-01
   outer loop
     vertex -5.713648e+00  2.253170e+00 -1.185327e+01
     vertex -5.546566e+00  2.637831e+00 -1.185327e+01
     vertex -4.878330e+00  2.118958e+00 -1.224477e+01
   endloop
 endfacet
 facet normal -3.983152e-01  1.570751e-01 -9.036993e-01
   outer loop
     vertex -5.713648e+00  2.253170e+00 -1.185327e+01
     vertex -4.878330e+00  2.118958e+00 -1.224477e+01
     vertex -5.011560e+00  1.781109e+00 -1.224477e+01
   endloop
 endfacet
 facet normal -4.165800e-01  5.120456e-01 -7.511794e-01
   outer loop
     vertex -5.988495e+00  6.867897e+00 -9.756660e+00
     vertex -5.505853e+00  7.260555e+00 -9.756660e+00
     vertex -5.316931e+00  6.535386e+00 -1.035575e+01
   endloop
 endfacet
 facet normal -4.301671e-01  4.933364e-01 -7.560261e-01
   outer loop
     vertex -5.988495e+00  6.867897e+00 -9.756660e+00
     vertex -5.316931e+00  6.535386e+00 -1.035575e+01
     vertex -5.750527e+00  6.157311e+00 -1.035575e+01
   endloop
 endfacet
 facet normal -1.708065e-01  8.219658e-01 -5.433206e-01
   outer loop
     vertex -2.700653e+00  1.108218e+01 -6.936446e+00
     vertex -1.938083e+00  1.124064e+01 -6.936446e+00
     vertex -2.219003e+00  1.067843e+01 -7.698682e+00
   endloop
 endfacet
 facet normal -1.972204e-01  8.092973e-01 -5.533009e-01
   outer loop
     vertex -2.700653e+00  1.108218e+01 -6.936446e+00
     vertex -2.219003e+00  1.067843e+01 -7.698682e+00
     vertex -2.942551e+00  1.050210e+01 -7.698682e+00
   endloop
 endfacet
 facet normal -2.363655e-01 -4.916893e-16 -9.716642e-01
   outer loop
     vertex -3.601787e+00 -1.075551e-14 -1.285495e+01
     vertex -2.714554e+00  9.273196e-02 -1.307077e+01
     vertex -2.714554e+00 -9.273196e-02 -1.307077e+01
   endloop
 endfacet
 facet normal -2.371571e-01  8.101530e-03 -9.714375e-01
   outer loop
     vertex -3.601787e+00 -1.075551e-14 -1.285495e+01
     vertex -3.593390e+00  2.457946e-01 -1.285495e+01
     vertex -2.714554e+00  9.273196e-02 -1.307077e+01
   endloop
 endfacet
 facet normal -4.336760e-01  2.247128e-01 -8.725992e-01
   outer loop
     vertex -6.158768e+00  3.191216e+00 -1.140650e+01
     vertex -5.353624e+00  3.010192e+00 -1.185327e+01
     vertex -5.546566e+00  2.637831e+00 -1.185327e+01
   endloop
 endfacet
 facet normal -4.288670e-01  2.411399e-01 -8.705887e-01
   outer loop
     vertex -6.158768e+00  3.191216e+00 -1.140650e+01
     vertex -5.926634e+00  3.604066e+00 -1.140650e+01
     vertex -5.353624e+00  3.010192e+00 -1.185327e+01
   endloop
 endfacet
 facet normal -3.895289e-01  5.938845e-01 -7.039662e-01
   outer loop
     vertex -5.626474e+00  7.970898e+00 -9.112084e+00
     vertex -5.069404e+00  8.336280e+00 -9.112084e+00
     vertex -4.997540e+00  7.619362e+00 -9.756660e+00
   endloop
 endfacet
 facet normal -4.060977e-01  5.753094e-01 -7.100026e-01
   outer loop
     vertex -5.626474e+00  7.970898e+00 -9.112084e+00
     vertex -4.997540e+00  7.619362e+00 -9.756660e+00
     vertex -5.505853e+00  7.260555e+00 -9.756660e+00
   endloop
 endfacet
 facet normal -8.947006e-02  8.703050e-01 -4.843184e-01
   outer loop
     vertex -1.614020e+00  1.174287e+01 -6.141868e+00
     vertex -8.088956e-01  1.182563e+01 -6.141868e+00
     vertex -1.166476e+00  1.134670e+01 -6.936446e+00
   endloop
 endfacet
 facet normal -1.182659e-01  8.604481e-01 -4.956231e-01
   outer loop
     vertex -1.614020e+00  1.174287e+01 -6.141868e+00
     vertex -1.166476e+00  1.134670e+01 -6.936446e+00
     vertex -1.938083e+00  1.124064e+01 -6.936446e+00
   endloop
 endfacet
 facet normal -3.218858e-02 -1.143982e-02 -9.994163e-01
   outer loop
     vertex -8.475174e-01 -3.342175e-01 -1.331888e+01
     vertex -8.683494e-01 -2.756017e-01 -1.331888e+01
     vertex  4.087259e-16 -1.001090e-31 -1.335000e+01
   endloop
 endfacet
 facet normal -3.002692e-01  3.086861e-02 -9.533549e-01
   outer loop
     vertex -4.447204e+00  4.571865e-01 -1.257918e+01
     vertex -3.568240e+00  4.904433e-01 -1.285495e+01
     vertex -3.593390e+00  2.457946e-01 -1.285495e+01
   endloop
 endfacet
 facet normal -3.005158e-01  4.130494e-02 -9.528820e-01
   outer loop
     vertex -4.447204e+00  4.571865e-01 -1.257918e+01
     vertex -4.405638e+00  7.596086e-01 -1.257918e+01
     vertex -3.568240e+00  4.904433e-01 -1.285495e+01
   endloop
 endfacet
 facet normal -4.569095e-01  2.996869e-01 -8.375091e-01
   outer loop
     vertex -6.437501e+00  4.222357e+00 -1.090655e+01
     vertex -5.666867e+00  4.000112e+00 -1.140650e+01
     vertex -5.926634e+00  3.604066e+00 -1.140650e+01
   endloop
 endfacet
 facet normal -4.499193e-01  3.175877e-01 -8.346919e-01
   outer loop
     vertex -6.437501e+00  4.222357e+00 -1.090655e+01
     vertex -6.134349e+00  4.651824e+00 -1.090655e+01
     vertex -5.666867e+00  4.000112e+00 -1.140650e+01
   endloop
 endfacet
 facet normal -3.678898e-01  6.542916e-01 -6.607266e-01
   outer loop
     vertex -5.075457e+00  9.026694e+00 -8.425024e+00
     vertex -4.488698e+00  8.662794e+00 -9.112084e+00
     vertex -5.069404e+00  8.336280e+00 -9.112084e+00
   endloop
 endfacet
 facet normal -3.482685e-01  6.721277e-01 -6.534167e-01
   outer loop
     vertex -5.075457e+00  9.026694e+00 -8.425024e+00
     vertex -4.447621e+00  9.352012e+00 -8.425024e+00
     vertex -4.488698e+00  8.662794e+00 -9.112084e+00
   endloop
 endfacet
 facet normal -6.883464e-03  9.141881e-01 -4.052317e-01
   outer loop
     vertex -4.180501e-01  1.223763e+01 -5.318655e+00
     vertex  0.000000e+00  1.233379e+01 -5.108824e+00
     vertex  0.000000e+00  1.206826e+01 -5.707860e+00
   endloop
 endfacet
 facet normal -3.796898e-02  9.007111e-01 -4.327561e-01
   outer loop
     vertex -4.180501e-01  1.223763e+01 -5.318655e+00
     vertex  0.000000e+00  1.206826e+01 -5.707860e+00
     vertex -8.088956e-01  1.182563e+01 -6.141868e+00
   endloop
 endfacet
 facet normal -9.947152e-02 -2.424055e-02 -9.947451e-01
   outer loop
     vertex -1.750415e+00 -4.904433e-01 -1.322566e+01
     vertex -1.779803e+00 -3.698474e-01 -1.322566e+01
     vertex -8.851328e-01 -2.157010e-01 -1.331888e+01
   endloop
 endfacet
 facet normal -9.841488e-02 -2.757456e-02 -9.947634e-01
   outer loop
     vertex -1.750415e+00 -4.904433e-01 -1.322566e+01
     vertex -8.851328e-01 -2.157010e-01 -1.331888e+01
     vertex -8.683494e-01 -2.756017e-01 -1.331888e+01
   endloop
 endfacet
 facet normal -3.582281e-01  7.444066e-02 -9.306617e-01
   outer loop
     vertex -5.207410e+00  1.082112e+00 -1.224477e+01
     vertex -4.343529e+00  1.058489e+00 -1.257918e+01
     vertex -4.405638e+00  7.596086e-01 -1.257918e+01
   endloop
 endfacet
 facet normal -3.575546e-01  8.713368e-02 -9.298185e-01
   outer loop
     vertex -5.207410e+00  1.082112e+00 -1.224477e+01
     vertex -5.121424e+00  1.434956e+00 -1.224477e+01
     vertex -4.343529e+00  1.058489e+00 -1.257918e+01
   endloop
 endfacet
 facet normal -4.668793e-01  3.798345e-01 -7.985922e-01
   outer loop
     vertex -6.535386e+00  5.316931e+00 -1.035575e+01
     vertex -5.802597e+00  5.059602e+00 -1.090655e+01
     vertex -6.134349e+00  4.651824e+00 -1.090655e+01
   endloop
 endfacet
 facet normal -4.573821e-01  3.988165e-01 -7.948252e-01
   outer loop
     vertex -6.535386e+00  5.316931e+00 -1.035575e+01
     vertex -6.157311e+00  5.750527e+00 -1.035575e+01
     vertex -5.802597e+00  5.059602e+00 -1.090655e+01
   endloop
 endfacet
 facet normal -3.161784e-01  7.279156e-01 -6.084161e-01
   outer loop
     vertex -4.345181e+00  1.000361e+01 -7.698682e+00
     vertex -3.799049e+00  9.633727e+00 -8.425024e+00
     vertex -4.447621e+00  9.352012e+00 -8.425024e+00
   endloop
 endfacet
 facet normal -2.935439e-01  7.443763e-01 -5.997798e-01
   outer loop
     vertex -4.345181e+00  1.000361e+01 -7.698682e+00
     vertex -3.652381e+00  1.027681e+01 -7.698682e+00
     vertex -3.799049e+00  9.633727e+00 -8.425024e+00
   endloop
 endfacet
 facet normal -1.672482e-01 -2.883650e-02 -9.854930e-01
   outer loop
     vertex -2.676644e+00 -4.615000e-01 -1.307077e+01
     vertex -1.800893e+00 -2.475271e-01 -1.322566e+01
     vertex -1.779803e+00 -3.698474e-01 -1.322566e+01
   endloop
 endfacet
 facet normal -1.686165e-01 -2.317580e-02 -9.854092e-01
   outer loop
     vertex -2.676644e+00 -4.615000e-01 -1.307077e+01
     vertex -2.701898e+00 -2.777635e-01 -1.307077e+01
     vertex -1.800893e+00 -2.475271e-01 -1.322566e+01
   endloop
 endfacet
 facet normal -4.061255e-01  1.443370e-01 -9.023463e-01
   outer loop
     vertex -5.854090e+00  1.858005e+00 -1.185327e+01
     vertex -5.713648e+00  2.253170e+00 -1.185327e+01
     vertex -5.011560e+00  1.781109e+00 -1.224477e+01
   endloop
 endfacet
 facet normal -4.081059e-01  1.295270e-01 -9.036993e-01
   outer loop
     vertex -5.854090e+00  1.858005e+00 -1.185327e+01
     vertex -5.011560e+00  1.781109e+00 -1.224477e+01
     vertex -5.121424e+00  1.434956e+00 -1.224477e+01
   endloop
 endfacet
 facet normal -4.505521e-01  4.824235e-01 -7.511794e-01
   outer loop
     vertex -6.443217e+00  6.443217e+00 -9.756660e+00
     vertex -5.988495e+00  6.867897e+00 -9.756660e+00
     vertex -5.750527e+00  6.157311e+00 -1.035575e+01
   endloop
 endfacet
 facet normal -4.628307e-01  4.628307e-01 -7.560261e-01
   outer loop
     vertex -6.443217e+00  6.443217e+00 -9.756660e+00
     vertex -5.750527e+00  6.157311e+00 -1.035575e+01
     vertex -6.157311e+00  5.750527e+00 -1.035575e+01
   endloop
 endfacet
 facet normal -2.519890e-01  7.939519e-01 -5.533009e-01
   outer loop
     vertex -3.450632e+00  1.087204e+01 -6.936446e+00
     vertex -2.942551e+00  1.050210e+01 -7.698682e+00
     vertex -3.652381e+00  1.027681e+01 -7.698682e+00
   endloop
 endfacet
 facet normal -2.265012e-01  8.083934e-01 -5.433206e-01
   outer loop
     vertex -3.450632e+00  1.087204e+01 -6.936446e+00
     vertex -2.700653e+00  1.108218e+01 -6.936446e+00
     vertex -2.942551e+00  1.050210e+01 -7.698682e+00
   endloop
 endfacet
 facet normal -2.371571e-01 -8.101530e-03 -9.714375e-01
   outer loop
     vertex -3.593390e+00 -2.457946e-01 -1.285495e+01
     vertex -3.601787e+00 -1.075551e-14 -1.285495e+01
     vertex -2.714554e+00 -9.273196e-02 -1.307077e+01
   endloop
 endfacet
 facet normal -2.358145e-01 -1.613015e-02 -9.716642e-01
   outer loop
     vertex -3.593390e+00 -2.457946e-01 -1.285495e+01
     vertex -2.714554e+00 -9.273196e-02 -1.307077e+01
     vertex -2.701898e+00 -2.777635e-01 -1.307077e+01
   endloop
 endfacet
 facet normal -4.479999e-01  1.945938e-01 -8.725992e-01
   outer loop
     vertex -6.362186e+00  2.763488e+00 -1.140650e+01
     vertex -5.546566e+00  2.637831e+00 -1.185327e+01
     vertex -5.713648e+00  2.253170e+00 -1.185327e+01
   endloop
 endfacet
 facet normal -4.443232e-01  2.113108e-01 -8.705887e-01
   outer loop
     vertex -6.362186e+00  2.763488e+00 -1.140650e+01
     vertex -6.158768e+00  3.191216e+00 -1.140650e+01
     vertex -5.546566e+00  2.637831e+00 -1.185327e+01
   endloop
 endfacet
 facet normal -4.444115e-01  5.462552e-01 -7.100026e-01
   outer loop
     vertex -6.157311e+00  7.568351e+00 -9.112084e+00
     vertex -5.505853e+00  7.260555e+00 -9.756660e+00
     vertex -5.988495e+00  6.867897e+00 -9.756660e+00
   endloop
 endfacet
 facet normal -4.291489e-01  5.659177e-01 -7.039662e-01
   outer loop
     vertex -6.157311e+00  7.568351e+00 -9.112084e+00
     vertex -5.626474e+00  7.970898e+00 -9.112084e+00
     vertex -5.505853e+00  7.260555e+00 -9.756660e+00
   endloop
 endfacet
 facet normal -1.767092e-01  8.503715e-01 -4.956231e-01
   outer loop
     vertex -2.411619e+00  1.160535e+01 -6.141868e+00
     vertex -1.938083e+00  1.124064e+01 -6.936446e+00
     vertex -2.700653e+00  1.108218e+01 -6.936446e+00
   endloop
 endfacet
 facet normal -1.486532e-01  8.621704e-01 -4.843184e-01
   outer loop
     vertex -2.411619e+00  1.160535e+01 -6.141868e+00
     vertex -1.614020e+00  1.174287e+01 -6.141868e+00
     vertex -1.938083e+00  1.124064e+01 -6.936446e+00
   endloop
 endfacet
 facet normal -3.133286e-02 -1.360978e-02 -9.994163e-01
   outer loop
     vertex -8.227338e-01 -3.912750e-01 -1.331888e+01
     vertex -8.475174e-01 -3.342175e-01 -1.331888e+01
     vertex  4.087259e-16 -1.001090e-31 -1.335000e+01
   endloop
 endfacet
 facet normal -3.016758e-01  1.030555e-02 -9.533549e-01
   outer loop
     vertex -4.468037e+00  1.526327e-01 -1.257918e+01
     vertex -3.593390e+00  2.457946e-01 -1.285495e+01
     vertex -3.601787e+00 -1.075551e-14 -1.285495e+01
   endloop
 endfacet
 facet normal -3.026339e-01  2.070073e-02 -9.528820e-01
   outer loop
     vertex -4.468037e+00  1.526327e-01 -1.257918e+01
     vertex -4.447204e+00  4.571865e-01 -1.257918e+01
     vertex -3.593390e+00  2.457946e-01 -1.285495e+01
   endloop
 endfacet
 facet normal -4.705434e-01  2.861438e-01 -8.346919e-01
   outer loop
     vertex -6.710637e+00  3.773203e+00 -1.090655e+01
     vertex -6.437501e+00  4.222357e+00 -1.090655e+01
     vertex -5.926634e+00  3.604066e+00 -1.140650e+01
   endloop
 endfacet
 facet normal -4.762957e-01  2.678077e-01 -8.375091e-01
   outer loop
     vertex -6.710637e+00  3.773203e+00 -1.090655e+01
     vertex -5.926634e+00  3.604066e+00 -1.140650e+01
     vertex -6.158768e+00  3.191216e+00 -1.140650e+01
   endloop
 endfacet
 facet normal -3.933242e-01  6.467941e-01 -6.534167e-01
   outer loop
     vertex -5.679628e+00  8.659289e+00 -8.425024e+00
     vertex -5.075457e+00  9.026694e+00 -8.425024e+00
     vertex -5.069404e+00  8.336280e+00 -9.112084e+00
   endloop
 endfacet
 facet normal -4.116826e-01  6.276606e-01 -6.607266e-01
   outer loop
     vertex -5.679628e+00  8.659289e+00 -8.425024e+00
     vertex -5.069404e+00  8.336280e+00 -9.112084e+00
     vertex -5.626474e+00  7.970898e+00 -9.112084e+00
   endloop
 endfacet
 facet normal -9.205033e-02  8.954041e-01 -4.356355e-01
   outer loop
     vertex -1.252201e+00  1.218057e+01 -5.318655e+00
     vertex -8.088956e-01  1.182563e+01 -6.141868e+00
     vertex -1.614020e+00  1.174287e+01 -6.141868e+00
   endloop
 endfacet
 facet normal -6.183441e-02  9.039871e-01 -4.230648e-01
   outer loop
     vertex -1.252201e+00  1.218057e+01 -5.318655e+00
     vertex -4.180501e-01  1.223763e+01 -5.318655e+00
     vertex -8.088956e-01  1.182563e+01 -6.141868e+00
   endloop
 endfacet
 facet normal -9.630370e-02 -3.422634e-02 -9.947634e-01
   outer loop
     vertex -1.712865e+00 -6.087525e-01 -1.322566e+01
     vertex -8.683494e-01 -2.756017e-01 -1.331888e+01
     vertex -8.475174e-01 -3.342175e-01 -1.331888e+01
   endloop
 endfacet
 facet normal -9.758539e-02 -3.097221e-02 -9.947451e-01
   outer loop
     vertex -1.712865e+00 -6.087525e-01 -1.322566e+01
     vertex -1.750415e+00 -4.904433e-01 -1.322566e+01
     vertex -8.683494e-01 -2.756017e-01 -1.331888e+01
   endloop
 endfacet
 facet normal -3.626673e-01  6.253016e-02 -9.298185e-01
   outer loop
     vertex -5.269116e+00  7.242234e-01 -1.224477e+01
     vertex -5.207410e+00  1.082112e+00 -1.224477e+01
     vertex -4.405638e+00  7.596086e-01 -1.257918e+01
   endloop
 endfacet
 facet normal -3.624730e-01  4.982077e-02 -9.306617e-01
   outer loop
     vertex -5.269116e+00  7.242234e-01 -1.224477e+01
     vertex -4.405638e+00  7.596086e-01 -1.257918e+01
     vertex -4.447204e+00  4.571865e-01 -1.257918e+01
   endloop
 endfacet
 facet normal -4.917117e-01  3.470880e-01 -7.985922e-01
   outer loop
     vertex -6.882991e+00  4.858546e+00 -1.035575e+01
     vertex -6.134349e+00  4.651824e+00 -1.090655e+01
     vertex -6.437501e+00  4.222357e+00 -1.090655e+01
   endloop
 endfacet
 facet normal -4.835320e-01  3.666739e-01 -7.948252e-01
   outer loop
     vertex -6.882991e+00  4.858546e+00 -1.035575e+01
     vertex -6.535386e+00  5.316931e+00 -1.035575e+01
     vertex -6.134349e+00  4.651824e+00 -1.090655e+01
   endloop
 endfacet
 facet normal -3.651160e-01  7.046419e-01 -6.084161e-01
   outer loop
     vertex -5.017721e+00  9.683763e+00 -7.698682e+00
     vertex -4.447621e+00  9.352012e+00 -8.425024e+00
     vertex -5.075457e+00  9.026694e+00 -8.425024e+00
   endloop
 endfacet
 facet normal -3.436577e-01  7.226089e-01 -5.997798e-01
   outer loop
     vertex -5.017721e+00  9.683763e+00 -7.698682e+00
     vertex -4.345181e+00  1.000361e+01 -7.698682e+00
     vertex -4.447621e+00  9.352012e+00 -8.425024e+00
   endloop
 endfacet
 facet normal -1.666418e-01 -3.462857e-02 -9.854092e-01
   outer loop
     vertex -2.638910e+00 -6.430848e-01 -1.307077e+01
     vertex -2.676644e+00 -4.615000e-01 -1.307077e+01
     vertex -1.779803e+00 -3.698474e-01 -1.322566e+01
   endloop
 endfacet
 facet normal -1.648904e-01 -4.018270e-02 -9.854930e-01
   outer loop
     vertex -2.638910e+00 -6.430848e-01 -1.307077e+01
     vertex -1.779803e+00 -3.698474e-01 -1.322566e+01
     vertex -1.750415e+00 -4.904433e-01 -1.322566e+01
   endloop
 endfacet
 facet normal -4.159937e-01  1.013749e-01 -9.036993e-01
   outer loop
     vertex -5.967237e+00  1.454176e+00 -1.185327e+01
     vertex -5.121424e+00  1.434956e+00 -1.224477e+01
     vertex -5.207410e+00  1.082112e+00 -1.224477e+01
   endloop
 endfacet
 facet normal -4.150286e-01  1.162856e-01 -9.023463e-01
   outer loop
     vertex -5.967237e+00  1.454176e+00 -1.185327e+01
     vertex -5.854090e+00  1.858005e+00 -1.185327e+01
     vertex -5.121424e+00  1.434956e+00 -1.224477e+01
   endloop
 endfacet
 facet normal -4.933364e-01  4.301671e-01 -7.560261e-01
   outer loop
     vertex -6.867897e+00  5.988495e+00 -9.756660e+00
     vertex -6.157311e+00  5.750527e+00 -1.035575e+01
     vertex -6.535386e+00  5.316931e+00 -1.035575e+01
   endloop
 endfacet
 facet normal -4.824235e-01  4.505521e-01 -7.511794e-01
   outer loop
     vertex -6.867897e+00  5.988495e+00 -9.756660e+00
     vertex -6.443217e+00  6.443217e+00 -9.756660e+00
     vertex -6.157311e+00  5.750527e+00 -1.035575e+01
   endloop
 endfacet
 facet normal -3.055828e-01  7.749047e-01 -5.533009e-01
   outer loop
     vertex -4.184522e+00  1.061122e+01 -6.936446e+00
     vertex -3.652381e+00  1.027681e+01 -7.698682e+00
     vertex -4.345181e+00  1.000361e+01 -7.698682e+00
   endloop
 endfacet
 facet normal -2.811399e-01  7.910519e-01 -5.433206e-01
   outer loop
     vertex -4.184522e+00  1.061122e+01 -6.936446e+00
     vertex -3.450632e+00  1.087204e+01 -6.936446e+00
     vertex -3.652381e+00  1.027681e+01 -7.698682e+00
   endloop
 endfacet
 facet normal -2.360514e-01 -2.426682e-02 -9.714375e-01
   outer loop
     vertex -3.568240e+00 -4.904433e-01 -1.285495e+01
     vertex -3.593390e+00 -2.457946e-01 -1.285495e+01
     vertex -2.701898e+00 -2.777635e-01 -1.307077e+01
   endloop
 endfacet
 facet normal -2.341640e-01 -3.218510e-02 -9.716642e-01
   outer loop
     vertex -3.568240e+00 -4.904433e-01 -1.285495e+01
     vertex -2.701898e+00 -2.777635e-01 -1.307077e+01
     vertex -2.676644e+00 -4.615000e-01 -1.307077e+01
   endloop
 endfacet
 facet normal -4.602351e-01  1.635676e-01 -8.725992e-01
   outer loop
     vertex -6.535942e+00  2.322874e+00 -1.140650e+01
     vertex -5.713648e+00  2.253170e+00 -1.185327e+01
     vertex -5.854090e+00  1.858005e+00 -1.185327e+01
   endloop
 endfacet
 facet normal -4.577077e-01  1.804965e-01 -8.705887e-01
   outer loop
     vertex -6.535942e+00  2.322874e+00 -1.140650e+01
     vertex -6.362186e+00  2.763488e+00 -1.140650e+01
     vertex -5.713648e+00  2.253170e+00 -1.185327e+01
   endloop
 endfacet
 facet normal -4.806533e-01  5.146540e-01 -7.100026e-01
   outer loop
     vertex -6.659439e+00  7.130518e+00 -9.112084e+00
     vertex -5.988495e+00  6.867897e+00 -9.756660e+00
     vertex -6.443217e+00  6.443217e+00 -9.756660e+00
   endloop
 endfacet
 facet normal -4.667681e-01  5.353122e-01 -7.039662e-01
   outer loop
     vertex -6.659439e+00  7.130518e+00 -9.112084e+00
     vertex -6.157311e+00  7.568351e+00 -9.112084e+00
     vertex -5.988495e+00  6.867897e+00 -9.756660e+00
   endloop
 endfacet
 facet normal -2.071432e-01  8.500161e-01 -4.843184e-01
   outer loop
     vertex -3.197973e+00  1.141372e+01 -6.141868e+00
     vertex -2.411619e+00  1.160535e+01 -6.141868e+00
     vertex -2.700653e+00  1.108218e+01 -6.936446e+00
   endloop
 endfacet
 facet normal -2.343287e-01  8.363300e-01 -4.956231e-01
   outer loop
     vertex -3.197973e+00  1.141372e+01 -6.141868e+00
     vertex -2.700653e+00  1.108218e+01 -6.936446e+00
     vertex -3.450632e+00  1.087204e+01 -6.936446e+00
   endloop
 endfacet
 facet normal -3.033105e-02 -1.571628e-02 -9.994163e-01
   outer loop
     vertex -7.941143e-01 -4.465082e-01 -1.331888e+01
     vertex -8.227338e-01 -3.912750e-01 -1.331888e+01
     vertex  4.087259e-16 -1.001090e-31 -1.335000e+01
   endloop
 endfacet
 facet normal -3.016758e-01 -1.030555e-02 -9.533549e-01
   outer loop
     vertex -4.468037e+00 -1.526327e-01 -1.257918e+01
     vertex -3.601787e+00 -1.075551e-14 -1.285495e+01
     vertex -3.593390e+00 -2.457946e-01 -1.285495e+01
   endloop
 endfacet
 facet normal -3.033411e-01 -8.825795e-16 -9.528820e-01
   outer loop
     vertex -4.468037e+00 -1.526327e-01 -1.257918e+01
     vertex -4.468037e+00  1.526327e-01 -1.257918e+01
     vertex -3.601787e+00 -1.075551e-14 -1.285495e+01
   endloop
 endfacet
 facet normal -4.934611e-01  2.346798e-01 -8.375091e-01
   outer loop
     vertex -6.952485e+00  3.306457e+00 -1.090655e+01
     vertex -6.158768e+00  3.191216e+00 -1.140650e+01
     vertex -6.362186e+00  2.763488e+00 -1.140650e+01
   endloop
 endfacet
 facet normal -4.889736e-01  2.533657e-01 -8.346919e-01
   outer loop
     vertex -6.952485e+00  3.306457e+00 -1.090655e+01
     vertex -6.710637e+00  3.773203e+00 -1.090655e+01
     vertex -6.158768e+00  3.191216e+00 -1.140650e+01
   endloop
 endfacet
 facet normal -4.365461e-01  6.184449e-01 -6.534167e-01
   outer loop
     vertex -6.257318e+00  8.251511e+00 -8.425024e+00
     vertex -5.679628e+00  8.659289e+00 -8.425024e+00
     vertex -5.626474e+00  7.970898e+00 -9.112084e+00
   endloop
 endfacet
 facet normal -4.535559e-01  5.981031e-01 -6.607266e-01
   outer loop
     vertex -6.257318e+00  8.251511e+00 -8.425024e+00
     vertex -5.626474e+00  7.970898e+00 -9.112084e+00
     vertex -6.157311e+00  7.568351e+00 -9.112084e+00
   endloop
 endfacet
 facet normal -1.233805e-01  8.976600e-01 -4.230648e-01
   outer loop
     vertex -2.080514e+00  1.206673e+01 -5.318655e+00
     vertex -1.252201e+00  1.218057e+01 -5.318655e+00
     vertex -1.614020e+00  1.174287e+01 -6.141868e+00
   endloop
 endfacet
 facet normal -1.529403e-01  8.870349e-01 -4.356355e-01
   outer loop
     vertex -2.080514e+00  1.206673e+01 -5.318655e+00
     vertex -1.614020e+00  1.174287e+01 -6.141868e+00
     vertex -2.411619e+00  1.160535e+01 -6.141868e+00
   endloop
 endfacet
 facet normal -9.374350e-02 -4.071855e-02 -9.947634e-01
   outer loop
     vertex -1.667329e+00 -7.242234e-01 -1.322566e+01
     vertex -8.475174e-01 -3.342175e-01 -1.331888e+01
     vertex -8.227338e-01 -3.912750e-01 -1.331888e+01
   endloop
 endfacet
 facet normal -9.524428e-02 -3.755947e-02 -9.947451e-01
   outer loop
     vertex -1.667329e+00 -7.242234e-01 -1.322566e+01
     vertex -1.712865e+00 -6.087525e-01 -1.322566e+01
     vertex -8.475174e-01 -3.342175e-01 -1.331888e+01
   endloop
 endfacet
 facet normal -3.650279e-01  2.496859e-02 -9.306617e-01
   outer loop
     vertex -5.306256e+00  3.629578e-01 -1.224477e+01
     vertex -4.447204e+00  4.571865e-01 -1.257918e+01
     vertex -4.468037e+00  1.526327e-01 -1.257918e+01
   endloop
 endfacet
 facet normal -3.660890e-01  3.763509e-02 -9.298185e-01
   outer loop
     vertex -5.306256e+00  3.629578e-01 -1.224477e+01
     vertex -5.269116e+00  7.242234e-01 -1.224477e+01
     vertex -4.447204e+00  4.571865e-01 -1.257918e+01
   endloop
 endfacet
 facet normal -5.074275e-01  3.328217e-01 -7.948252e-01
   outer loop
     vertex -7.198504e+00  4.377507e+00 -1.035575e+01
     vertex -6.882991e+00  4.858546e+00 -1.035575e+01
     vertex -6.437501e+00  4.222357e+00 -1.090655e+01
   endloop
 endfacet
 facet normal -5.142516e-01  3.127233e-01 -7.985922e-01
   outer loop
     vertex -7.198504e+00  4.377507e+00 -1.035575e+01
     vertex -6.437501e+00  4.222357e+00 -1.090655e+01
     vertex -6.710637e+00  3.773203e+00 -1.090655e+01
   endloop
 endfacet
 facet normal -3.921691e-01  6.974723e-01 -5.997798e-01
   outer loop
     vertex -5.666867e+00  9.318766e+00 -7.698682e+00
     vertex -5.017721e+00  9.683763e+00 -7.698682e+00
     vertex -5.075457e+00  9.026694e+00 -8.425024e+00
   endloop
 endfacet
 facet normal -4.123513e-01  6.780828e-01 -6.084161e-01
   outer loop
     vertex -5.666867e+00  9.318766e+00 -7.698682e+00
     vertex -5.075457e+00  9.026694e+00 -8.425024e+00
     vertex -5.679628e+00  8.659289e+00 -8.425024e+00
   endloop
 endfacet
 facet normal -3.270443e-02  9.324937e-01 -3.597025e-01
   outer loop
     vertex -8.584338e-01  1.254986e+01 -4.470643e+00
     vertex  0.000000e+00  1.256961e+01 -4.497480e+00
     vertex  0.000000e+00  1.233379e+01 -5.108824e+00
   endloop
 endfacet
 facet normal -3.164187e-02  9.490527e-01 -3.135247e-01
   outer loop
     vertex -8.584338e-01  1.254986e+01 -4.470643e+00
     vertex  0.000000e+00  1.277515e+01 -3.875300e+00
     vertex  0.000000e+00  1.256961e+01 -4.497480e+00
   endloop
 endfacet
 facet normal -6.330092e-02  9.254267e-01 -3.736020e-01
   outer loop
     vertex -8.584338e-01  1.254986e+01 -4.470643e+00
     vertex -4.180501e-01  1.223763e+01 -5.318655e+00
     vertex -1.252201e+00  1.218057e+01 -5.318655e+00
   endloop
 endfacet
 facet normal -3.343303e-02  9.321361e-01 -3.605615e-01
   outer loop
     vertex -8.584338e-01  1.254986e+01 -4.470643e+00
     vertex  0.000000e+00  1.233379e+01 -5.108824e+00
     vertex -4.180501e-01  1.223763e+01 -5.318655e+00
   endloop
 endfacet
 facet normal -1.638902e-01 -4.591988e-02 -9.854092e-01
   outer loop
     vertex -2.588873e+00 -8.216712e-01 -1.307077e+01
     vertex -2.638910e+00 -6.430848e-01 -1.307077e+01
     vertex -1.750415e+00 -4.904433e-01 -1.322566e+01
   endloop
 endfacet
 facet normal -1.617639e-01 -5.134154e-02 -9.854930e-01
   outer loop
     vertex -2.588873e+00 -8.216712e-01 -1.307077e+01
     vertex -1.750415e+00 -4.904433e-01 -1.322566e+01
     vertex -1.712865e+00 -6.087525e-01 -1.322566e+01
   endloop
 endfacet
 facet normal -4.219967e-01  8.769193e-02 -9.023463e-01
   outer loop
     vertex -6.052563e+00  1.043567e+00 -1.185327e+01
     vertex -5.967237e+00  1.454176e+00 -1.185327e+01
     vertex -5.207410e+00  1.082112e+00 -1.224477e+01
   endloop
 endfacet
 facet normal -4.219420e-01  7.275015e-02 -9.036993e-01
   outer loop
     vertex -6.052563e+00  1.043567e+00 -1.185327e+01
     vertex -5.207410e+00  1.082112e+00 -1.224477e+01
     vertex -5.269116e+00  7.242234e-01 -1.224477e+01
   endloop
 endfacet
 facet normal -5.215420e-01  3.954978e-01 -7.560261e-01
   outer loop
     vertex -7.260555e+00  5.505853e+00 -9.756660e+00
     vertex -6.535386e+00  5.316931e+00 -1.035575e+01
     vertex -6.882991e+00  4.858546e+00 -1.035575e+01
   endloop
 endfacet
 facet normal -5.120456e-01  4.165800e-01 -7.511794e-01
   outer loop
     vertex -7.260555e+00  5.505853e+00 -9.756660e+00
     vertex -6.867897e+00  5.988495e+00 -9.756660e+00
     vertex -6.535386e+00  5.316931e+00 -1.035575e+01
   endloop
 endfacet
 facet normal -3.577517e-01  7.522445e-01 -5.533009e-01
   outer loop
     vertex -4.898902e+00  1.030092e+01 -6.936446e+00
     vertex -4.345181e+00  1.000361e+01 -7.698682e+00
     vertex -5.017721e+00  9.683763e+00 -7.698682e+00
   endloop
 endfacet
 facet normal -3.344678e-01  7.700221e-01 -5.433206e-01
   outer loop
     vertex -4.898902e+00  1.030092e+01 -6.936446e+00
     vertex -4.184522e+00  1.061122e+01 -6.936446e+00
     vertex -4.345181e+00  1.000361e+01 -7.698682e+00
   endloop
 endfacet
 facet normal -2.314217e-01 -4.808998e-02 -9.716642e-01
   outer loop
     vertex -3.526452e+00 -7.328052e-01 -1.285495e+01
     vertex -2.676644e+00 -4.615000e-01 -1.307077e+01
     vertex -2.638910e+00 -6.430848e-01 -1.307077e+01
   endloop
 endfacet
 facet normal -2.338451e-01 -4.031896e-02 -9.714375e-01
   outer loop
     vertex -3.526452e+00 -7.328052e-01 -1.285495e+01
     vertex -3.568240e+00 -4.904433e-01 -1.285495e+01
     vertex -2.676644e+00 -4.615000e-01 -1.307077e+01
   endloop
 endfacet
 facet normal -4.689582e-01  1.488407e-01 -8.705887e-01
   outer loop
     vertex -6.679224e+00  1.871431e+00 -1.140650e+01
     vertex -6.535942e+00  2.322874e+00 -1.140650e+01
     vertex -5.854090e+00  1.858005e+00 -1.185327e+01
   endloop
 endfacet
 facet normal -4.703244e-01  1.317787e-01 -8.725992e-01
   outer loop
     vertex -6.679224e+00  1.871431e+00 -1.140650e+01
     vertex -5.854090e+00  1.858005e+00 -1.185327e+01
     vertex -5.967237e+00  1.454176e+00 -1.185327e+01
   endloop
 endfacet
 facet normal -5.022109e-01  5.022109e-01 -7.039662e-01
   outer loop
     vertex -7.130518e+00  6.659439e+00 -9.112084e+00
     vertex -6.659439e+00  7.130518e+00 -9.112084e+00
     vertex -6.443217e+00  6.443217e+00 -9.756660e+00
   endloop
 endfacet
 facet normal -5.146540e-01  4.806533e-01 -7.100026e-01
   outer loop
     vertex -7.130518e+00  6.659439e+00 -9.112084e+00
     vertex -6.443217e+00  6.443217e+00 -9.756660e+00
     vertex -6.867897e+00  5.988495e+00 -9.756660e+00
   endloop
 endfacet
 facet normal -2.646675e-01  8.338985e-01 -4.843184e-01
   outer loop
     vertex -3.969418e+00  1.116887e+01 -6.141868e+00
     vertex -3.197973e+00  1.141372e+01 -6.141868e+00
     vertex -3.450632e+00  1.087204e+01 -6.936446e+00
   endloop
 endfacet
 facet normal -2.908556e-01  8.183891e-01 -4.956231e-01
   outer loop
     vertex -3.969418e+00  1.116887e+01 -6.141868e+00
     vertex -3.450632e+00  1.087204e+01 -6.936446e+00
     vertex -4.184522e+00  1.061122e+01 -6.936446e+00
   endloop
 endfacet
 facet normal -2.918782e-02 -1.774951e-02 -9.994163e-01
   outer loop
     vertex -7.617922e-01 -4.996595e-01 -1.331888e+01
     vertex -7.941143e-01 -4.465082e-01 -1.331888e+01
     vertex  4.087259e-16 -1.001090e-31 -1.335000e+01
   endloop
 endfacet
 facet normal -3.002692e-01 -3.086861e-02 -9.533549e-01
   outer loop
     vertex -4.447204e+00 -4.571865e-01 -1.257918e+01
     vertex -3.593390e+00 -2.457946e-01 -1.285495e+01
     vertex -3.568240e+00 -4.904433e-01 -1.285495e+01
   endloop
 endfacet
 facet normal -3.026339e-01 -2.070073e-02 -9.528820e-01
   outer loop
     vertex -4.447204e+00 -4.571865e-01 -1.257918e+01
     vertex -4.468037e+00 -1.526327e-01 -1.257918e+01
     vertex -3.593390e+00 -2.457946e-01 -1.285495e+01
   endloop
 endfacet
 facet normal -5.083259e-01  2.004577e-01 -8.375091e-01
   outer loop
     vertex -7.161918e+00  2.824294e+00 -1.090655e+01
     vertex -6.362186e+00  2.763488e+00 -1.140650e+01
     vertex -6.535942e+00  2.322874e+00 -1.140650e+01
   endloop
 endfacet
 facet normal -5.051240e-01  2.194063e-01 -8.346919e-01
   outer loop
     vertex -7.161918e+00  2.824294e+00 -1.090655e+01
     vertex -6.952485e+00  3.306457e+00 -1.090655e+01
     vertex -6.362186e+00  2.763488e+00 -1.140650e+01
   endloop
 endfacet
 facet normal -4.933146e-01  5.657571e-01 -6.607266e-01
   outer loop
     vertex -6.805834e+00  7.805260e+00 -8.425024e+00
     vertex -6.157311e+00  7.568351e+00 -9.112084e+00
     vertex -6.659439e+00  7.130518e+00 -9.112084e+00
   endloop
 endfacet
 facet normal -4.777326e-01  5.872122e-01 -6.534167e-01
   outer loop
     vertex -6.805834e+00  7.805260e+00 -8.425024e+00
     vertex -6.257318e+00  8.251511e+00 -8.425024e+00
     vertex -6.157311e+00  7.568351e+00 -9.112084e+00
   endloop
 endfacet
 facet normal -1.843514e-01  8.871475e-01 -4.230648e-01
   outer loop
     vertex -2.899126e+00  1.189662e+01 -5.318655e+00
     vertex -2.080514e+00  1.206673e+01 -5.318655e+00
     vertex -2.411619e+00  1.160535e+01 -6.141868e+00
   endloop
 endfacet
 facet normal -2.131171e-01  8.745300e-01 -4.356355e-01
   outer loop
     vertex -2.899126e+00  1.189662e+01 -5.318655e+00
     vertex -2.411619e+00  1.160535e+01 -6.141868e+00
     vertex -3.197973e+00  1.141372e+01 -6.141868e+00
   endloop
 endfacet
 facet normal -9.074623e-02 -4.702091e-02 -9.947634e-01
   outer loop
     vertex -1.614020e+00 -8.363176e-01 -1.322566e+01
     vertex -8.227338e-01 -3.912750e-01 -1.331888e+01
     vertex -7.941143e-01 -4.465082e-01 -1.331888e+01
   endloop
 endfacet
 facet normal -9.245909e-02 -4.397161e-02 -9.947451e-01
   outer loop
     vertex -1.614020e+00 -8.363176e-01 -1.322566e+01
     vertex -1.667329e+00 -7.242234e-01 -1.322566e+01
     vertex -8.227338e-01 -3.912750e-01 -1.331888e+01
   endloop
 endfacet
 facet normal -3.678039e-01  1.256456e-02 -9.298185e-01
   outer loop
     vertex -5.318655e+00 -1.588235e-14 -1.224477e+01
     vertex -5.306256e+00  3.629578e-01 -1.224477e+01
     vertex -4.468037e+00  1.526327e-01 -1.257918e+01
   endloop
 endfacet
 facet normal -3.658809e-01 -9.947865e-16 -9.306617e-01
   outer loop
     vertex -5.318655e+00 -1.588235e-14 -1.224477e+01
     vertex -4.468037e+00  1.526327e-01 -1.257918e+01
     vertex -4.468037e+00 -1.526327e-01 -1.257918e+01
   endloop
 endfacet
 facet normal -5.343937e-01  2.769005e-01 -7.985922e-01
   outer loop
     vertex -7.480454e+00  3.876059e+00 -1.035575e+01
     vertex -6.710637e+00  3.773203e+00 -1.090655e+01
     vertex -6.952485e+00  3.306457e+00 -1.090655e+01
   endloop
 endfacet
 facet normal -5.289571e-01  2.974177e-01 -7.948252e-01
   outer loop
     vertex -7.480454e+00  3.876059e+00 -1.035575e+01
     vertex -7.198504e+00  4.377507e+00 -1.035575e+01
     vertex -6.710637e+00  3.773203e+00 -1.090655e+01
   endloop
 endfacet
 facet normal -4.388520e-01  6.690837e-01 -5.997798e-01
   outer loop
     vertex -6.289592e+00  8.910321e+00 -7.698682e+00
     vertex -5.666867e+00  9.318766e+00 -7.698682e+00
     vertex -5.679628e+00  8.659289e+00 -8.425024e+00
   endloop
 endfacet
 facet normal -4.576640e-01  6.483622e-01 -6.084161e-01
   outer loop
     vertex -6.289592e+00  8.910321e+00 -7.698682e+00
     vertex -5.679628e+00  8.659289e+00 -8.425024e+00
     vertex -6.257318e+00  8.251511e+00 -8.425024e+00
   endloop
 endfacet
 facet normal -1.263067e-01  9.189495e-01 -3.736020e-01
   outer loop
     vertex -1.712865e+00  1.246202e+01 -4.470643e+00
     vertex -1.252201e+00  1.218057e+01 -5.318655e+00
     vertex -2.080514e+00  1.206673e+01 -5.318655e+00
   endloop
 endfacet
 facet normal -9.541304e-02  9.281143e-01 -3.598614e-01
   outer loop
     vertex -1.712865e+00  1.246202e+01 -4.470643e+00
     vertex -8.584338e-01  1.254986e+01 -4.470643e+00
     vertex -1.252201e+00  1.218057e+01 -5.318655e+00
   endloop
 endfacet
 facet normal -1.603744e-01 -5.699709e-02 -9.854092e-01
   outer loop
     vertex -2.526764e+00 -9.964266e-01 -1.307077e+01
     vertex -2.588873e+00 -8.216712e-01 -1.307077e+01
     vertex -1.712865e+00 -6.087525e-01 -1.322566e+01
   endloop
 endfacet
 facet normal -1.578831e-01 -6.226101e-02 -9.854930e-01
   outer loop
     vertex -2.526764e+00 -9.964266e-01 -1.307077e+01
     vertex -1.712865e+00 -6.087525e-01 -1.322566e+01
     vertex -1.667329e+00 -7.242234e-01 -1.322566e+01
   endloop
 endfacet
 facet normal -4.269973e-01  5.868942e-02 -9.023463e-01
   outer loop
     vertex -6.109668e+00  6.280929e-01 -1.185327e+01
     vertex -6.052563e+00  1.043567e+00 -1.185327e+01
     vertex -5.269116e+00  7.242234e-01 -1.224477e+01
   endloop
 endfacet
 facet normal -4.259230e-01  4.378621e-02 -9.036993e-01
   outer loop
     vertex -6.109668e+00  6.280929e-01 -1.185327e+01
     vertex -5.269116e+00  7.242234e-01 -1.224477e+01
     vertex -5.306256e+00  3.629578e-01 -1.224477e+01
   endloop
 endfacet
 facet normal -5.473159e-01  3.589845e-01 -7.560261e-01
   outer loop
     vertex -7.619362e+00  4.997540e+00 -9.756660e+00
     vertex -6.882991e+00  4.858546e+00 -1.035575e+01
     vertex -7.198504e+00  4.377507e+00 -1.035575e+01
   endloop
 endfacet
 facet normal -5.392803e-01  3.806656e-01 -7.511794e-01
   outer loop
     vertex -7.619362e+00  4.997540e+00 -9.756660e+00
     vertex -7.260555e+00  5.505853e+00 -9.756660e+00
     vertex -6.882991e+00  4.858546e+00 -1.035575e+01
   endloop
 endfacet
 facet normal -4.082527e-01  7.260770e-01 -5.533009e-01
   outer loop
     vertex -5.590442e+00  9.942594e+00 -6.936446e+00
     vertex -5.017721e+00  9.683763e+00 -7.698682e+00
     vertex -5.666867e+00  9.318766e+00 -7.698682e+00
   endloop
 endfacet
 facet normal -3.862362e-01  7.454021e-01 -5.433206e-01
   outer loop
     vertex -5.590442e+00  9.942594e+00 -6.936446e+00
     vertex -4.898902e+00  1.030092e+01 -6.936446e+00
     vertex -5.017721e+00  9.683763e+00 -7.698682e+00
   endloop
 endfacet
 facet normal -7.451265e-03  9.637493e-01 -2.667054e-01
   outer loop
     vertex -4.388821e-01  1.284745e+01 -3.601787e+00
     vertex  0.000000e+00  1.294992e+01 -3.243785e+00
     vertex  0.000000e+00  1.277515e+01 -3.875300e+00
   endloop
 endfacet
 facet normal -3.560152e-02  9.505912e-01 -3.083974e-01
   outer loop
     vertex -4.388821e-01  1.284745e+01 -3.601787e+00
     vertex  0.000000e+00  1.277515e+01 -3.875300e+00
     vertex -8.584338e-01  1.254986e+01 -4.470643e+00
   endloop
 endfacet
 facet normal -2.305484e-01 -5.618312e-02 -9.714375e-01
   outer loop
     vertex -3.468223e+00 -9.717505e-01 -1.285495e+01
     vertex -3.526452e+00 -7.328052e-01 -1.285495e+01
     vertex -2.638910e+00 -6.430848e-01 -1.307077e+01
   endloop
 endfacet
 facet normal -2.276004e-01 -6.377065e-02 -9.716642e-01
   outer loop
     vertex -3.468223e+00 -9.717505e-01 -1.285495e+01
     vertex -2.638910e+00 -6.430848e-01 -1.307077e+01
     vertex -2.588873e+00 -8.216712e-01 -1.307077e+01
   endloop
 endfacet
 facet normal -4.782209e-01  9.937544e-02 -8.725992e-01
   outer loop
     vertex -6.791364e+00  1.411262e+00 -1.140650e+01
     vertex -5.967237e+00  1.454176e+00 -1.185327e+01
     vertex -6.052563e+00  1.043567e+00 -1.185327e+01
   endloop
 endfacet
 facet normal -4.780222e-01  1.164908e-01 -8.705887e-01
   outer loop
     vertex -6.791364e+00  1.411262e+00 -1.140650e+01
     vertex -6.679224e+00  1.871431e+00 -1.140650e+01
     vertex -5.967237e+00  1.454176e+00 -1.185327e+01
   endloop
 endfacet
 facet normal -5.462552e-01  4.444115e-01 -7.100026e-01
   outer loop
     vertex -7.568351e+00  6.157311e+00 -9.112084e+00
     vertex -6.867897e+00  5.988495e+00 -9.756660e+00
     vertex -7.260555e+00  5.505853e+00 -9.756660e+00
   endloop
 endfacet
 facet normal -5.353122e-01  4.667681e-01 -7.039662e-01
   outer loop
     vertex -7.568351e+00  6.157311e+00 -9.112084e+00
     vertex -7.130518e+00  6.659439e+00 -9.112084e+00
     vertex -6.867897e+00  5.988495e+00 -9.756660e+00
   endloop
 endfacet
 facet normal -3.460264e-01  7.966326e-01 -4.956231e-01
   outer loop
     vertex -4.722355e+00  1.087195e+01 -6.141868e+00
     vertex -4.184522e+00  1.061122e+01 -6.936446e+00
     vertex -4.898902e+00  1.030092e+01 -6.936446e+00
   endloop
 endfacet
 facet normal -3.209577e-01  8.138930e-01 -4.843184e-01
   outer loop
     vertex -4.722355e+00  1.087195e+01 -6.141868e+00
     vertex -3.969418e+00  1.116887e+01 -6.141868e+00
     vertex -4.184522e+00  1.061122e+01 -6.936446e+00
   endloop
 endfacet
 facet normal -2.790851e-02 -1.969998e-02 -9.994163e-01
   outer loop
     vertex -7.259183e-01 -5.504812e-01 -1.331888e+01
     vertex -7.617922e-01 -4.996595e-01 -1.331888e+01
     vertex  4.087259e-16 -1.001090e-31 -1.335000e+01
   endloop
 endfacet
 facet normal -2.974627e-01 -5.128775e-02 -9.533549e-01
   outer loop
     vertex -4.405638e+00 -7.596086e-01 -1.257918e+01
     vertex -3.568240e+00 -4.904433e-01 -1.285495e+01
     vertex -3.526452e+00 -7.328052e-01 -1.285495e+01
   endloop
 endfacet
 facet normal -3.005158e-01 -4.130494e-02 -9.528820e-01
   outer loop
     vertex -4.405638e+00 -7.596086e-01 -1.257918e+01
     vertex -4.447204e+00 -4.571865e-01 -1.257918e+01
     vertex -3.568240e+00 -4.904433e-01 -1.285495e+01
   endloop
 endfacet
 facet normal -5.208206e-01  1.653010e-01 -8.375091e-01
   outer loop
     vertex -7.337959e+00  2.328963e+00 -1.090655e+01
     vertex -6.535942e+00  2.322874e+00 -1.140650e+01
     vertex -6.679224e+00  1.871431e+00 -1.140650e+01
   endloop
 endfacet
 facet normal -5.189193e-01  1.844239e-01 -8.346919e-01
   outer loop
     vertex -7.337959e+00  2.328963e+00 -1.090655e+01
     vertex -7.161918e+00  2.824294e+00 -1.090655e+01
     vertex -6.535942e+00  2.322874e+00 -1.140650e+01
   endloop
 endfacet
 facet normal -5.166917e-01  5.532417e-01 -6.534167e-01
   outer loop
     vertex -7.322618e+00  7.322618e+00 -8.425024e+00
     vertex -6.805834e+00  7.805260e+00 -8.425024e+00
     vertex -6.659439e+00  7.130518e+00 -9.112084e+00
   endloop
 endfacet
 facet normal -5.307732e-01  5.307732e-01 -6.607266e-01
   outer loop
     vertex -7.322618e+00  7.322618e+00 -8.425024e+00
     vertex -6.659439e+00  7.130518e+00 -9.112084e+00
     vertex -7.130518e+00  6.659439e+00 -9.112084e+00
   endloop
 endfacet
 facet normal -2.444627e-01  8.724988e-01 -4.230648e-01
   outer loop
     vertex -3.704221e+00  1.167104e+01 -5.318655e+00
     vertex -2.899126e+00  1.189662e+01 -5.318655e+00
     vertex -3.197973e+00  1.141372e+01 -6.141868e+00
   endloop
 endfacet
 facet normal -2.723004e-01  8.579477e-01 -4.356355e-01
   outer loop
     vertex -3.704221e+00  1.167104e+01 -5.318655e+00
     vertex -3.197973e+00  1.141372e+01 -6.141868e+00
     vertex -3.969418e+00  1.116887e+01 -6.141868e+00
   endloop
 endfacet
 facet normal -8.732586e-02 -5.310403e-02 -9.947634e-01
   outer loop
     vertex -1.553185e+00 -9.445126e-01 -1.322566e+01
     vertex -7.941143e-01 -4.465082e-01 -1.331888e+01
     vertex -7.617922e-01 -4.996595e-01 -1.331888e+01
   endloop
 endfacet
 facet normal -8.924282e-02 -5.017873e-02 -9.947451e-01
   outer loop
     vertex -1.553185e+00 -9.445126e-01 -1.322566e+01
     vertex -1.614020e+00 -8.363176e-01 -1.322566e+01
     vertex -7.941143e-01 -4.465082e-01 -1.331888e+01
   endloop
 endfacet
 facet normal -3.678039e-01 -1.256456e-02 -9.298185e-01
   outer loop
     vertex -5.306256e+00 -3.629578e-01 -1.224477e+01
     vertex -5.318655e+00 -1.588235e-14 -1.224477e+01
     vertex -4.468037e+00 -1.526327e-01 -1.257918e+01
   endloop
 endfacet
 facet normal -3.650279e-01 -2.496859e-02 -9.306617e-01
   outer loop
     vertex -5.306256e+00 -3.629578e-01 -1.224477e+01
     vertex -4.468037e+00 -1.526327e-01 -1.257918e+01
     vertex -4.447204e+00 -4.571865e-01 -1.257918e+01
   endloop
 endfacet
 facet normal -5.480205e-01  2.606271e-01 -7.948252e-01
   outer loop
     vertex -7.727527e+00  3.356539e+00 -1.035575e+01
     vertex -7.480454e+00  3.876059e+00 -1.035575e+01
     vertex -6.952485e+00  3.306457e+00 -1.090655e+01
   endloop
 endfacet
 facet normal -5.520443e-01  2.397867e-01 -7.985922e-01
   outer loop
     vertex -7.727527e+00  3.356539e+00 -1.035575e+01
     vertex -6.952485e+00  3.306457e+00 -1.090655e+01
     vertex -7.161918e+00  2.824294e+00 -1.090655e+01
   endloop
 endfacet
 facet normal -5.008429e-01  6.156186e-01 -6.084161e-01
   outer loop
     vertex -6.882991e+00  8.460332e+00 -7.698682e+00
     vertex -6.257318e+00  8.251511e+00 -8.425024e+00
     vertex -6.805834e+00  7.805260e+00 -8.425024e+00
   endloop
 endfacet
 facet normal -4.834889e-01  6.375756e-01 -5.997798e-01
   outer loop
     vertex -6.882991e+00  8.460332e+00 -7.698682e+00
     vertex -6.289592e+00  8.910321e+00 -7.698682e+00
     vertex -6.257318e+00  8.251511e+00 -8.425024e+00
   endloop
 endfacet
 facet normal -1.887236e-01  9.081877e-01 -3.736020e-01
   outer loop
     vertex -2.559310e+00  1.231608e+01 -4.470643e+00
     vertex -2.080514e+00  1.206673e+01 -5.318655e+00
     vertex -2.899126e+00  1.189662e+01 -5.318655e+00
   endloop
 endfacet
 facet normal -1.585274e-01  9.194394e-01 -3.598614e-01
   outer loop
     vertex -2.559310e+00  1.231608e+01 -4.470643e+00
     vertex -1.712865e+00  1.246202e+01 -4.470643e+00
     vertex -2.080514e+00  1.206673e+01 -5.318655e+00
   endloop
 endfacet
 facet normal -1.532662e-01 -7.289019e-02 -9.854930e-01
   outer loop
     vertex -2.452875e+00 -1.166536e+00 -1.307077e+01
     vertex -1.667329e+00 -7.242234e-01 -1.322566e+01
     vertex -1.614020e+00 -8.363176e-01 -1.322566e+01
   endloop
 endfacet
 facet normal -1.561109e-01 -6.780855e-02 -9.854092e-01
   outer loop
     vertex -2.452875e+00 -1.166536e+00 -1.307077e+01
     vertex -2.526764e+00 -9.964266e-01 -1.307077e+01
     vertex -1.667329e+00 -7.242234e-01 -1.322566e+01
   endloop
 endfacet
 facet normal -4.300069e-01  2.941328e-02 -9.023463e-01
   outer loop
     vertex -6.138288e+00  2.096902e-01 -1.185327e+01
     vertex -6.109668e+00  6.280929e-01 -1.185327e+01
     vertex -5.306256e+00  3.629578e-01 -1.224477e+01
   endloop
 endfacet
 facet normal -4.279181e-01  1.461812e-02 -9.036993e-01
   outer loop
     vertex -6.138288e+00  2.096902e-01 -1.185327e+01
     vertex -5.306256e+00  3.629578e-01 -1.224477e+01
     vertex -5.318655e+00 -1.588235e-14 -1.224477e+01
   endloop
 endfacet
 facet normal -5.640007e-01  3.429764e-01 -7.511794e-01
   outer loop
     vertex -7.942644e+00  4.465926e+00 -9.756660e+00
     vertex -7.619362e+00  4.997540e+00 -9.756660e+00
     vertex -7.198504e+00  4.377507e+00 -1.035575e+01
   endloop
 endfacet
 facet normal -5.705379e-01  3.207975e-01 -7.560261e-01
   outer loop
     vertex -7.942644e+00  4.465926e+00 -9.756660e+00
     vertex -7.198504e+00  4.377507e+00 -1.035575e+01
     vertex -7.480454e+00  3.876059e+00 -1.035575e+01
   endloop
 endfacet
 facet normal -4.362039e-01  7.173067e-01 -5.433206e-01
   outer loop
     vertex -6.255916e+00  9.537911e+00 -6.936446e+00
     vertex -5.590442e+00  9.942594e+00 -6.936446e+00
     vertex -5.666867e+00  9.318766e+00 -7.698682e+00
   endloop
 endfacet
 facet normal -4.568502e-01  6.965242e-01 -5.533009e-01
   outer loop
     vertex -6.255916e+00  9.537911e+00 -6.936446e+00
     vertex -5.666867e+00  9.318766e+00 -7.698682e+00
     vertex -6.289592e+00  8.910321e+00 -7.698682e+00
   endloop
 endfacet
 facet normal -9.723305e-02  9.458181e-01 -3.097963e-01
   outer loop
     vertex -1.314600e+00  1.278755e+01 -3.601787e+00
     vertex -8.584338e-01  1.254986e+01 -4.470643e+00
     vertex -1.712865e+00  1.246202e+01 -4.470643e+00
   endloop
 endfacet
 facet normal -6.520506e-02  9.532642e-01 -2.950180e-01
   outer loop
     vertex -1.314600e+00  1.278755e+01 -3.601787e+00
     vertex -4.388821e-01  1.284745e+01 -3.601787e+00
     vertex -8.584338e-01  1.254986e+01 -4.470643e+00
   endloop
 endfacet
 facet normal -2.227180e-01 -7.915398e-02 -9.716642e-01
   outer loop
     vertex -3.393823e+00 -1.206165e+00 -1.285495e+01
     vertex -2.588873e+00 -8.216712e-01 -1.307077e+01
     vertex -2.526764e+00 -9.964266e-01 -1.307077e+01
   endloop
 endfacet
 facet normal -2.261769e-01 -7.178532e-02 -9.714375e-01
   outer loop
     vertex -3.393823e+00 -1.206165e+00 -1.285495e+01
     vertex -3.468223e+00 -9.717505e-01 -1.285495e+01
     vertex -2.588873e+00 -8.216712e-01 -1.307077e+01
   endloop
 endfacet
 facet normal -4.838877e-01  6.650883e-02 -8.725992e-01
   outer loop
     vertex -6.871839e+00  9.445126e-01 -1.140650e+01
     vertex -6.052563e+00  1.043567e+00 -1.185327e+01
     vertex -6.109668e+00  6.280929e-01 -1.185327e+01
   endloop
 endfacet
 facet normal -4.848575e-01  8.359787e-02 -8.705887e-01
   outer loop
     vertex -6.871839e+00  9.445126e-01 -1.140650e+01
     vertex -6.791364e+00  1.411262e+00 -1.140650e+01
     vertex -6.052563e+00  1.043567e+00 -1.185327e+01
   endloop
 endfacet
 facet normal -5.659177e-01  4.291489e-01 -7.039662e-01
   outer loop
     vertex -7.970898e+00  5.626474e+00 -9.112084e+00
     vertex -7.568351e+00  6.157311e+00 -9.112084e+00
     vertex -7.260555e+00  5.505853e+00 -9.756660e+00
   endloop
 endfacet
 facet normal -5.753094e-01  4.060977e-01 -7.100026e-01
   outer loop
     vertex -7.970898e+00  5.626474e+00 -9.112084e+00
     vertex -7.260555e+00  5.505853e+00 -9.756660e+00
     vertex -7.619362e+00  4.997540e+00 -9.756660e+00
   endloop
 endfacet
 facet normal -3.757515e-01  7.900927e-01 -4.843184e-01
   outer loop
     vertex -5.453274e+00  1.052434e+01 -6.141868e+00
     vertex -4.722355e+00  1.087195e+01 -6.141868e+00
     vertex -4.898902e+00  1.030092e+01 -6.936446e+00
   endloop
 endfacet
 facet normal -3.995838e-01  7.711618e-01 -4.956231e-01
   outer loop
     vertex -5.453274e+00  1.052434e+01 -6.141868e+00
     vertex -4.898902e+00  1.030092e+01 -6.936446e+00
     vertex -5.590442e+00  9.942594e+00 -6.936446e+00
   endloop
 endfacet
 facet normal -2.649908e-02 -2.155860e-02 -9.994163e-01
   outer loop
     vertex -6.866599e-01 -5.987364e-01 -1.331888e+01
     vertex -7.259183e-01 -5.504812e-01 -1.331888e+01
     vertex  4.087259e-16 -1.001090e-31 -1.335000e+01
   endloop
 endfacet
 facet normal -2.969964e-01 -6.171657e-02 -9.528820e-01
   outer loop
     vertex -4.343529e+00 -1.058489e+00 -1.257918e+01
     vertex -4.405638e+00 -7.596086e-01 -1.257918e+01
     vertex -3.526452e+00 -7.328052e-01 -1.285495e+01
   endloop
 endfacet
 facet normal -2.932692e-01 -7.146776e-02 -9.533549e-01
   outer loop
     vertex -4.343529e+00 -1.058489e+00 -1.257918e+01
     vertex -3.526452e+00 -7.328052e-01 -1.285495e+01
     vertex -3.468223e+00 -9.717505e-01 -1.285495e+01
   endloop
 endfacet
 facet normal -5.302951e-01  1.485817e-01 -8.346919e-01
   outer loop
     vertex -7.479786e+00  1.822774e+00 -1.090655e+01
     vertex -7.337959e+00  2.328963e+00 -1.090655e+01
     vertex -6.679224e+00  1.871431e+00 -1.140650e+01
   endloop
 endfacet
 facet normal -5.308870e-01  1.293736e-01 -8.375091e-01
   outer loop
     vertex -7.479786e+00  1.822774e+00 -1.090655e+01
     vertex -6.679224e+00  1.871431e+00 -1.140650e+01
     vertex -6.791364e+00  1.411262e+00 -1.140650e+01
   endloop
 endfacet
 facet normal -5.657571e-01  4.933146e-01 -6.607266e-01
   outer loop
     vertex -7.805260e+00  6.805834e+00 -8.425024e+00
     vertex -7.130518e+00  6.659439e+00 -9.112084e+00
     vertex -7.568351e+00  6.157311e+00 -9.112084e+00
   endloop
 endfacet
 facet normal -5.532417e-01  5.166917e-01 -6.534167e-01
   outer loop
     vertex -7.805260e+00  6.805834e+00 -8.425024e+00
     vertex -7.322618e+00  7.322618e+00 -8.425024e+00
     vertex -7.130518e+00  6.659439e+00 -9.112084e+00
   endloop
 endfacet
 facet normal -3.302140e-01  8.373652e-01 -4.356355e-01
   outer loop
     vertex -4.492046e+00  1.139105e+01 -5.318655e+00
     vertex -3.969418e+00  1.116887e+01 -6.141868e+00
     vertex -4.722355e+00  1.087195e+01 -6.141868e+00
   endloop
 endfacet
 facet normal -3.034342e-01  8.537821e-01 -4.230648e-01
   outer loop
     vertex -4.492046e+00  1.139105e+01 -5.318655e+00
     vertex -3.704221e+00  1.167104e+01 -5.318655e+00
     vertex -3.969418e+00  1.116887e+01 -6.141868e+00
   endloop
 endfacet
 facet normal -8.349834e-02 -5.893956e-02 -9.947634e-01
   outer loop
     vertex -1.485108e+00 -1.048304e+00 -1.322566e+01
     vertex -7.617922e-01 -4.996595e-01 -1.331888e+01
     vertex -7.259183e-01 -5.504812e-01 -1.331888e+01
   endloop
 endfacet
 facet normal -8.561046e-02 -5.615190e-02 -9.947451e-01
   outer loop
     vertex -1.485108e+00 -1.048304e+00 -1.322566e+01
     vertex -1.553185e+00 -9.445126e-01 -1.322566e+01
     vertex -7.617922e-01 -4.996595e-01 -1.331888e+01
   endloop
 endfacet
 facet normal -3.660890e-01 -3.763509e-02 -9.298185e-01
   outer loop
     vertex -5.269116e+00 -7.242234e-01 -1.224477e+01
     vertex -5.306256e+00 -3.629578e-01 -1.224477e+01
     vertex -4.447204e+00 -4.571865e-01 -1.257918e+01
   endloop
 endfacet
 facet normal -3.624730e-01 -4.982077e-02 -9.306617e-01
   outer loop
     vertex -5.269116e+00 -7.242234e-01 -1.224477e+01
     vertex -4.447204e+00 -4.571865e-01 -1.257918e+01
     vertex -4.405638e+00 -7.596086e-01 -1.257918e+01
   endloop
 endfacet
 facet normal -5.671210e-01  2.015548e-01 -7.985922e-01
   outer loop
     vertex -7.938571e+00  2.821369e+00 -1.035575e+01
     vertex -7.161918e+00  2.824294e+00 -1.090655e+01
     vertex -7.337959e+00  2.328963e+00 -1.090655e+01
   endloop
 endfacet
 facet normal -5.645287e-01  2.226213e-01 -7.948252e-01
   outer loop
     vertex -7.938571e+00  2.821369e+00 -1.035575e+01
     vertex -7.727527e+00  3.356539e+00 -1.035575e+01
     vertex -7.161918e+00  2.824294e+00 -1.090655e+01
   endloop
 endfacet
 facet normal -5.416866e-01  5.800047e-01 -6.084161e-01
   outer loop
     vertex -7.444299e+00  7.970898e+00 -7.698682e+00
     vertex -6.805834e+00  7.805260e+00 -8.425024e+00
     vertex -7.322618e+00  7.322618e+00 -8.425024e+00
   endloop
 endfacet
 facet normal -5.258714e-01  6.030948e-01 -5.997798e-01
   outer loop
     vertex -7.444299e+00  7.970898e+00 -7.698682e+00
     vertex -6.882991e+00  8.460332e+00 -7.698682e+00
     vertex -6.805834e+00  7.805260e+00 -8.425024e+00
   endloop
 endfacet
 facet normal -2.502605e-01  8.931916e-01 -3.736020e-01
   outer loop
     vertex -3.393823e+00  1.211271e+01 -4.470643e+00
     vertex -2.899126e+00  1.189662e+01 -5.318655e+00
     vertex -3.704221e+00  1.167104e+01 -5.318655e+00
   endloop
 endfacet
 facet normal -2.209026e-01  9.064777e-01 -3.598614e-01
   outer loop
     vertex -3.393823e+00  1.211271e+01 -4.470643e+00
     vertex -2.559310e+00  1.231608e+01 -4.470643e+00
     vertex -2.899126e+00  1.189662e+01 -5.318655e+00
   endloop
 endfacet
 facet normal -1.511196e-01 -7.830387e-02 -9.854092e-01
   outer loop
     vertex -2.367550e+00 -1.331207e+00 -1.307077e+01
     vertex -2.452875e+00 -1.166536e+00 -1.307077e+01
     vertex -1.614020e+00 -8.363176e-01 -1.322566e+01
   endloop
 endfacet
 facet normal -1.479347e-01 -8.317952e-02 -9.854930e-01
   outer loop
     vertex -2.367550e+00 -1.331207e+00 -1.307077e+01
     vertex -1.614020e+00 -8.363176e-01 -1.322566e+01
     vertex -1.553185e+00 -9.445126e-01 -1.322566e+01
   endloop
 endfacet
 facet normal -4.310117e-01 -9.128116e-16 -9.023463e-01
   outer loop
     vertex -6.138288e+00 -2.096902e-01 -1.185327e+01
     vertex -6.138288e+00  2.096902e-01 -1.185327e+01
     vertex -5.318655e+00 -1.588235e-14 -1.224477e+01
   endloop
 endfacet
 facet normal -4.279181e-01 -1.461812e-02 -9.036993e-01
   outer loop
     vertex -6.138288e+00 -2.096902e-01 -1.185327e+01
     vertex -5.318655e+00 -1.588235e-14 -1.224477e+01
     vertex -5.306256e+00 -3.629578e-01 -1.224477e+01
   endloop
 endfacet
 facet normal -5.860914e-01  3.036881e-01 -7.511794e-01
   outer loop
     vertex -8.228893e+00  3.913489e+00 -9.756660e+00
     vertex -7.942644e+00  4.465926e+00 -9.756660e+00
     vertex -7.480454e+00  3.876059e+00 -1.035575e+01
   endloop
 endfacet
 facet normal -5.910998e-01  2.811147e-01 -7.560261e-01
   outer loop
     vertex -8.228893e+00  3.913489e+00 -9.756660e+00
     vertex -7.480454e+00  3.876059e+00 -1.035575e+01
     vertex -7.727527e+00  3.356539e+00 -1.035575e+01
   endloop
 endfacet
 facet normal -5.033177e-01  6.637239e-01 -5.533009e-01
   outer loop
     vertex -6.892222e+00  9.088757e+00 -6.936446e+00
     vertex -6.289592e+00  8.910321e+00 -7.698682e+00
     vertex -6.882991e+00  8.460332e+00 -7.698682e+00
   endloop
 endfacet
 facet normal -4.841377e-01  6.858669e-01 -5.433206e-01
   outer loop
     vertex -6.892222e+00  9.088757e+00 -6.936446e+00
     vertex -6.255916e+00  9.537911e+00 -6.936446e+00
     vertex -6.289592e+00  8.910321e+00 -7.698682e+00
   endloop
 endfacet
 facet normal -1.301061e-01  9.465922e-01 -2.950180e-01
   outer loop
     vertex -2.184189e+00  1.266803e+01 -3.601787e+00
     vertex -1.314600e+00  1.278755e+01 -3.601787e+00
     vertex -1.712865e+00  1.246202e+01 -4.470643e+00
   endloop
 endfacet
 facet normal -1.615513e-01  9.369778e-01 -3.097963e-01
   outer loop
     vertex -2.184189e+00  1.266803e+01 -3.601787e+00
     vertex -1.712865e+00  1.246202e+01 -4.470643e+00
     vertex -2.559310e+00  1.231608e+01 -4.470643e+00
   endloop
 endfacet
 facet normal -2.167971e-01 -9.416827e-02 -9.716642e-01
   outer loop
     vertex -3.303600e+00 -1.434956e+00 -1.285495e+01
     vertex -2.526764e+00 -9.964266e-01 -1.307077e+01
     vertex -2.452875e+00 -1.166536e+00 -1.307077e+01
   endloop
 endfacet
 facet normal -2.207508e-01 -8.705283e-02 -9.714375e-01
   outer loop
     vertex -3.303600e+00 -1.434956e+00 -1.285495e+01
     vertex -3.393823e+00 -1.206165e+00 -1.285495e+01
     vertex -2.526764e+00 -9.964266e-01 -1.307077e+01
   endloop
 endfacet
 facet normal -4.894321e-01  5.031514e-02 -8.705887e-01
   outer loop
     vertex -6.920275e+00  4.733598e-01 -1.140650e+01
     vertex -6.871839e+00  9.445126e-01 -1.140650e+01
     vertex -6.109668e+00  6.280929e-01 -1.185327e+01
   endloop
 endfacet
 facet normal -4.872983e-01  3.333212e-02 -8.725992e-01
   outer loop
     vertex -6.920275e+00  4.733598e-01 -1.140650e+01
     vertex -6.109668e+00  6.280929e-01 -1.185327e+01
     vertex -6.138288e+00  2.096902e-01 -1.185327e+01
   endloop
 endfacet
 facet normal -6.016813e-01  3.658905e-01 -7.100026e-01
   outer loop
     vertex -8.336280e+00  5.069404e+00 -9.112084e+00
     vertex -7.619362e+00  4.997540e+00 -9.756660e+00
     vertex -7.942644e+00  4.465926e+00 -9.756660e+00
   endloop
 endfacet
 facet normal -5.938845e-01  3.895289e-01 -7.039662e-01
   outer loop
     vertex -8.336280e+00  5.069404e+00 -9.112084e+00
     vertex -7.970898e+00  5.626474e+00 -9.112084e+00
     vertex -7.619362e+00  4.997540e+00 -9.756660e+00
   endloop
 endfacet
 facet normal -4.512783e-01  7.420955e-01 -4.956231e-01
   outer loop
     vertex -6.158768e+00  1.012766e+01 -6.141868e+00
     vertex -5.590442e+00  9.942594e+00 -6.936446e+00
     vertex -6.255916e+00  9.537911e+00 -6.936446e+00
   endloop
 endfacet
 facet normal -4.287934e-01  7.626086e-01 -4.843184e-01
   outer loop
     vertex -6.158768e+00  1.012766e+01 -6.141868e+00
     vertex -5.453274e+00  1.052434e+01 -6.141868e+00
     vertex -5.590442e+00  9.942594e+00 -6.936446e+00
   endloop
 endfacet
 facet normal -3.072610e-02  9.752414e-01 -2.189978e-01
   outer loop
     vertex -8.919811e-01  1.304030e+01 -2.716138e+00
     vertex  0.000000e+00  1.309348e+01 -2.604456e+00
     vertex  0.000000e+00  1.294992e+01 -3.243785e+00
   endloop
 endfacet
 facet normal -3.731289e-02  9.845915e-01 -1.708428e-01
   outer loop
     vertex -8.919811e-01  1.304030e+01 -2.716138e+00
     vertex  0.000000e+00  1.320551e+01 -1.958852e+00
     vertex  0.000000e+00  1.309348e+01 -2.604456e+00
   endloop
 endfacet
 facet normal -3.830611e-02  9.721330e-01 -2.312792e-01
   outer loop
     vertex -8.919811e-01  1.304030e+01 -2.716138e+00
     vertex  0.000000e+00  1.294992e+01 -3.243785e+00
     vertex -4.388821e-01  1.284745e+01 -3.601787e+00
   endloop
 endfacet
 facet normal -6.617118e-02  9.673883e-01 -2.445019e-01
   outer loop
     vertex -8.919811e-01  1.304030e+01 -2.716138e+00
     vertex -4.388821e-01  1.284745e+01 -3.601787e+00
     vertex -1.314600e+00  1.278755e+01 -3.601787e+00
   endloop
 endfacet
 facet normal -2.496609e-02 -2.331670e-02 -9.994163e-01
   outer loop
     vertex -6.441999e-01 -6.441999e-01 -1.331888e+01
     vertex -6.866599e-01 -5.987364e-01 -1.331888e+01
     vertex  4.087259e-16 -1.001090e-31 -1.335000e+01
   endloop
 endfacet
 facet normal -2.877084e-01 -9.131455e-02 -9.533549e-01
   outer loop
     vertex -4.261170e+00 -1.352435e+00 -1.257918e+01
     vertex -3.468223e+00 -9.717505e-01 -1.285495e+01
     vertex -3.393823e+00 -1.206165e+00 -1.285495e+01
   endloop
 endfacet
 facet normal -2.920924e-01 -8.184045e-02 -9.528820e-01
   outer loop
     vertex -4.261170e+00 -1.352435e+00 -1.257918e+01
     vertex -4.343529e+00 -1.058489e+00 -1.257918e+01
     vertex -3.468223e+00 -9.717505e-01 -1.285495e+01
   endloop
 endfacet
 facet normal -5.384781e-01  9.284301e-02 -8.375091e-01
   outer loop
     vertex -7.586740e+00  1.308086e+00 -1.090655e+01
     vertex -6.791364e+00  1.411262e+00 -1.140650e+01
     vertex -6.871839e+00  9.445126e-01 -1.140650e+01
   endloop
 endfacet
 facet normal -5.391984e-01  1.120467e-01 -8.346919e-01
   outer loop
     vertex -7.586740e+00  1.308086e+00 -1.090655e+01
     vertex -7.479786e+00  1.822774e+00 -1.090655e+01
     vertex -6.791364e+00  1.411262e+00 -1.140650e+01
   endloop
 endfacet
 facet normal -5.981031e-01  4.535559e-01 -6.607266e-01
   outer loop
     vertex -8.251511e+00  6.257318e+00 -8.425024e+00
     vertex -7.568351e+00  6.157311e+00 -9.112084e+00
     vertex -7.970898e+00  5.626474e+00 -9.112084e+00
   endloop
 endfacet
 facet normal -5.872122e-01  4.777326e-01 -6.534167e-01
   outer loop
     vertex -8.251511e+00  6.257318e+00 -8.425024e+00
     vertex -7.805260e+00  6.805834e+00 -8.425024e+00
     vertex -7.568351e+00  6.157311e+00 -9.112084e+00
   endloop
 endfacet
 facet normal -3.865880e-01  8.128785e-01 -4.356355e-01
   outer loop
     vertex -5.258926e+00  1.105794e+01 -5.318655e+00
     vertex -4.722355e+00  1.087195e+01 -6.141868e+00
     vertex -5.453274e+00  1.052434e+01 -6.141868e+00
   endloop
 endfacet
 facet normal -3.609910e-01  8.310847e-01 -4.230648e-01
   outer loop
     vertex -5.258926e+00  1.105794e+01 -5.318655e+00
     vertex -4.492046e+00  1.139105e+01 -5.318655e+00
     vertex -4.722355e+00  1.087195e+01 -6.141868e+00
   endloop
 endfacet
 facet normal -8.157894e-02 -6.186326e-02 -9.947451e-01
   outer loop
     vertex -1.410107e+00 -1.147207e+00 -1.322566e+01
     vertex -1.485108e+00 -1.048304e+00 -1.322566e+01
     vertex -7.259183e-01 -5.504812e-01 -1.331888e+01
   endloop
 endfacet
 facet normal -7.928150e-02 -6.450029e-02 -9.947634e-01
   outer loop
     vertex -1.410107e+00 -1.147207e+00 -1.322566e+01
     vertex -7.259183e-01 -5.504812e-01 -1.331888e+01
     vertex -6.866599e-01 -5.987364e-01 -1.331888e+01
   endloop
 endfacet
 facet normal -3.582281e-01 -7.444066e-02 -9.306617e-01
   outer loop
     vertex -5.207410e+00 -1.082112e+00 -1.224477e+01
     vertex -4.405638e+00 -7.596086e-01 -1.257918e+01
     vertex -4.343529e+00 -1.058489e+00 -1.257918e+01
   endloop
 endfacet
 facet normal -3.626673e-01 -6.253016e-02 -9.298185e-01
   outer loop
     vertex -5.207410e+00 -1.082112e+00 -1.224477e+01
     vertex -5.269116e+00 -7.242234e-01 -1.224477e+01
     vertex -4.405638e+00 -7.596086e-01 -1.257918e+01
   endloop
 endfacet
 facet normal -5.784049e-01  1.835775e-01 -7.948252e-01
   outer loop
     vertex -8.112601e+00  2.273044e+00 -1.035575e+01
     vertex -7.938571e+00  2.821369e+00 -1.035575e+01
     vertex -7.337959e+00  2.328963e+00 -1.090655e+01
   endloop
 endfacet
 facet normal -5.795535e-01  1.623833e-01 -7.985922e-01
   outer loop
     vertex -8.112601e+00  2.273044e+00 -1.035575e+01
     vertex -7.337959e+00  2.328963e+00 -1.090655e+01
     vertex -7.479786e+00  1.822774e+00 -1.090655e+01
   endloop
 endfacet
 facet normal -5.658022e-01  5.658022e-01 -5.997798e-01
   outer loop
     vertex -7.970898e+00  7.444299e+00 -7.698682e+00
     vertex -7.444299e+00  7.970898e+00 -7.698682e+00
     vertex -7.322618e+00  7.322618e+00 -8.425024e+00
   endloop
 endfacet
 facet normal -5.800047e-01  5.416866e-01 -6.084161e-01
   outer loop
     vertex -7.970898e+00  7.444299e+00 -7.698682e+00
     vertex -7.322618e+00  7.322618e+00 -8.425024e+00
     vertex -7.805260e+00  6.805834e+00 -8.425024e+00
   endloop
 endfacet
 facet normal -2.822478e-01  8.892896e-01 -3.598614e-01
   outer loop
     vertex -4.212512e+00  1.185287e+01 -4.470643e+00
     vertex -3.393823e+00  1.211271e+01 -4.470643e+00
     vertex -3.704221e+00  1.167104e+01 -5.318655e+00
   endloop
 endfacet
 facet normal -3.106307e-01  8.740310e-01 -3.736020e-01
   outer loop
     vertex -4.212512e+00  1.185287e+01 -4.470643e+00
     vertex -3.704221e+00  1.167104e+01 -5.318655e+00
     vertex -4.492046e+00  1.139105e+01 -5.318655e+00
   endloop
 endfacet
 facet normal -1.454237e-01 -8.843409e-02 -9.854092e-01
   outer loop
     vertex -2.271186e+00 -1.489671e+00 -1.307077e+01
     vertex -2.367550e+00 -1.331207e+00 -1.307077e+01
     vertex -1.553185e+00 -9.445126e-01 -1.322566e+01
   endloop
 endfacet
 facet normal -1.419134e-01 -9.308103e-02 -9.854930e-01
   outer loop
     vertex -2.271186e+00 -1.489671e+00 -1.307077e+01
     vertex -1.553185e+00 -9.445126e-01 -1.322566e+01
     vertex -1.485108e+00 -1.048304e+00 -1.322566e+01
   endloop
 endfacet
 facet normal -4.300069e-01 -2.941328e-02 -9.023463e-01
   outer loop
     vertex -6.109668e+00 -6.280929e-01 -1.185327e+01
     vertex -6.138288e+00 -2.096902e-01 -1.185327e+01
     vertex -5.306256e+00 -3.629578e-01 -1.224477e+01
   endloop
 endfacet
 facet normal -4.259230e-01 -4.378621e-02 -9.036993e-01
   outer loop
     vertex -6.109668e+00 -6.280929e-01 -1.185327e+01
     vertex -5.306256e+00 -3.629578e-01 -1.224477e+01
     vertex -5.269116e+00 -7.242234e-01 -1.224477e+01
   endloop
 endfacet
 facet normal -6.054495e-01  2.629838e-01 -7.511794e-01
   outer loop
     vertex -8.476776e+00  3.342807e+00 -9.756660e+00
     vertex -8.228893e+00  3.913489e+00 -9.756660e+00
     vertex -7.727527e+00  3.356539e+00 -1.035575e+01
   endloop
 endfacet
 facet normal -6.089058e-01  2.401213e-01 -7.560261e-01
   outer loop
     vertex -8.476776e+00  3.342807e+00 -9.756660e+00
     vertex -7.727527e+00  3.356539e+00 -1.035575e+01
     vertex -7.938571e+00  2.821369e+00 -1.035575e+01
   endloop
 endfacet
 facet normal -5.298143e-01  6.512292e-01 -5.433206e-01
   outer loop
     vertex -7.496393e+00  8.597227e+00 -6.936446e+00
     vertex -6.892222e+00  9.088757e+00 -6.936446e+00
     vertex -6.882991e+00  8.460332e+00 -7.698682e+00
   endloop
 endfacet
 facet normal -5.474385e-01  6.278290e-01 -5.533009e-01
   outer loop
     vertex -7.496393e+00  8.597227e+00 -6.936446e+00
     vertex -6.882991e+00  8.460332e+00 -7.698682e+00
     vertex -7.444299e+00  7.970898e+00 -7.698682e+00
   endloop
 endfacet
 facet normal -2.251163e-01  9.237688e-01 -3.097963e-01
   outer loop
     vertex -3.043594e+00  1.248944e+01 -3.601787e+00
     vertex -2.559310e+00  1.231608e+01 -4.470643e+00
     vertex -3.393823e+00  1.211271e+01 -4.470643e+00
   endloop
 endfacet
 facet normal -1.944005e-01  9.355067e-01 -2.950180e-01
   outer loop
     vertex -3.043594e+00  1.248944e+01 -3.601787e+00
     vertex -2.184189e+00  1.266803e+01 -3.601787e+00
     vertex -2.559310e+00  1.231608e+01 -4.470643e+00
   endloop
 endfacet
 facet normal -2.098654e-01 -1.087435e-01 -9.716642e-01
   outer loop
     vertex -3.197973e+00 -1.657056e+00 -1.285495e+01
     vertex -2.452875e+00 -1.166536e+00 -1.307077e+01
     vertex -2.367550e+00 -1.331207e+00 -1.307077e+01
   endloop
 endfacet
 facet normal -2.142955e-01 -1.019145e-01 -9.714375e-01
   outer loop
     vertex -3.197973e+00 -1.657056e+00 -1.285495e+01
     vertex -3.303600e+00 -1.434956e+00 -1.285495e+01
     vertex -2.452875e+00 -1.166536e+00 -1.307077e+01
   endloop
 endfacet
 facet normal -4.917247e-01  1.679782e-02 -8.705887e-01
   outer loop
     vertex -6.936446e+00 -2.071334e-14 -1.140650e+01
     vertex -6.920275e+00  4.733598e-01 -1.140650e+01
     vertex -6.138288e+00  2.096902e-01 -1.185327e+01
   endloop
 endfacet
 facet normal -4.884370e-01 -1.012969e-15 -8.725992e-01
   outer loop
     vertex -6.936446e+00 -2.071334e-14 -1.140650e+01
     vertex -6.138288e+00  2.096902e-01 -1.185327e+01
     vertex -6.138288e+00 -2.096902e-01 -1.185327e+01
   endloop
 endfacet
 facet normal -6.252479e-01  3.239774e-01 -7.100026e-01
   outer loop
     vertex -8.662794e+00  4.488698e+00 -9.112084e+00
     vertex -7.942644e+00  4.465926e+00 -9.756660e+00
     vertex -8.228893e+00  3.913489e+00 -9.756660e+00
   endloop
 endfacet
 facet normal -6.190825e-01  3.480927e-01 -7.039662e-01
   outer loop
     vertex -8.662794e+00  4.488698e+00 -9.112084e+00
     vertex -8.336280e+00  5.069404e+00 -9.112084e+00
     vertex -7.942644e+00  4.465926e+00 -9.756660e+00
   endloop
 endfacet
 facet normal -4.798360e-01  7.315689e-01 -4.843184e-01
   outer loop
     vertex -6.835546e+00  9.683763e+00 -6.141868e+00
     vertex -6.158768e+00  1.012766e+01 -6.141868e+00
     vertex -6.255916e+00  9.537911e+00 -6.936446e+00
   endloop
 endfacet
 facet normal -5.008686e-01  7.095692e-01 -4.956231e-01
   outer loop
     vertex -6.835546e+00  9.683763e+00 -6.141868e+00
     vertex -6.255916e+00  9.537911e+00 -6.936446e+00
     vertex -6.892222e+00  9.088757e+00 -6.936446e+00
   endloop
 endfacet
 facet normal -1.320338e-01  9.606175e-01 -2.445019e-01
   outer loop
     vertex -1.779803e+00  1.294903e+01 -2.716138e+00
     vertex -1.314600e+00  1.278755e+01 -3.601787e+00
     vertex -2.184189e+00  1.266803e+01 -3.601787e+00
   endloop
 endfacet
 facet normal -9.955022e-02  9.683580e-01 -2.288506e-01
   outer loop
     vertex -1.779803e+00  1.294903e+01 -2.716138e+00
     vertex -8.919811e-01  1.304030e+01 -2.716138e+00
     vertex -1.314600e+00  1.278755e+01 -3.601787e+00
   endloop
 endfacet
 facet normal -2.331670e-02 -2.496609e-02 -9.994163e-01
   outer loop
     vertex -5.987364e-01 -6.866599e-01 -1.331888e+01
     vertex -6.441999e-01 -6.441999e-01 -1.331888e+01
     vertex  4.087259e-16 -1.001090e-31 -1.335000e+01
   endloop
 endfacet
 facet normal -2.858265e-01 -1.015827e-01 -9.528820e-01
   outer loop
     vertex -4.158943e+00 -1.640074e+00 -1.257918e+01
     vertex -4.261170e+00 -1.352435e+00 -1.257918e+01
     vertex -3.393823e+00 -1.206165e+00 -1.285495e+01
   endloop
 endfacet
 facet normal -2.808062e-01 -1.107356e-01 -9.533549e-01
   outer loop
     vertex -4.158943e+00 -1.640074e+00 -1.257918e+01
     vertex -3.393823e+00 -1.206165e+00 -1.285495e+01
     vertex -3.303600e+00 -1.434956e+00 -1.285495e+01
   endloop
 endfacet
 facet normal -5.435586e-01  5.587952e-02 -8.375091e-01
   outer loop
     vertex -7.658320e+00  7.872992e-01 -1.090655e+01
     vertex -6.871839e+00  9.445126e-01 -1.140650e+01
     vertex -6.920275e+00  4.733598e-01 -1.140650e+01
   endloop
 endfacet
 facet normal -5.455877e-01  7.498931e-02 -8.346919e-01
   outer loop
     vertex -7.658320e+00  7.872992e-01 -1.090655e+01
     vertex -7.586740e+00  1.308086e+00 -1.090655e+01
     vertex -6.871839e+00  9.445126e-01 -1.140650e+01
   endloop
 endfacet
 facet normal -6.184449e-01  4.365461e-01 -6.534167e-01
   outer loop
     vertex -8.659289e+00  5.679628e+00 -8.425024e+00
     vertex -8.251511e+00  6.257318e+00 -8.425024e+00
     vertex -7.970898e+00  5.626474e+00 -9.112084e+00
   endloop
 endfacet
 facet normal -6.276606e-01  4.116826e-01 -6.607266e-01
   outer loop
     vertex -8.659289e+00  5.679628e+00 -8.425024e+00
     vertex -7.970898e+00  5.626474e+00 -9.112084e+00
     vertex -8.336280e+00  5.069404e+00 -9.112084e+00
   endloop
 endfacet
 facet normal -4.411596e-01  7.846018e-01 -4.356355e-01
   outer loop
     vertex -6.001287e+00  1.067328e+01 -5.318655e+00
     vertex -5.453274e+00  1.052434e+01 -6.141868e+00
     vertex -6.158768e+00  1.012766e+01 -6.141868e+00
   endloop
 endfacet
 facet normal -4.168647e-01  8.045123e-01 -4.230648e-01
   outer loop
     vertex -6.001287e+00  1.067328e+01 -5.318655e+00
     vertex -5.258926e+00  1.105794e+01 -5.318655e+00
     vertex -5.453274e+00  1.052434e+01 -6.141868e+00
   endloop
 endfacet
 facet normal -1.088673e-02  9.924207e-01 -1.224034e-01
   outer loop
     vertex -4.515386e-01  1.321795e+01 -1.817825e+00
     vertex  0.000000e+00  1.328572e+01 -1.308529e+00
     vertex  0.000000e+00  1.320551e+01 -1.958852e+00
   endloop
 endfacet
 facet normal -2.917060e-02  9.832098e-01 -1.801319e-01
   outer loop
     vertex -4.515386e-01  1.321795e+01 -1.817825e+00
     vertex  0.000000e+00  1.320551e+01 -1.958852e+00
     vertex -8.919811e-01  1.304030e+01 -2.716138e+00
   endloop
 endfacet
 facet normal -7.469503e-02 -6.976028e-02 -9.947634e-01
   outer loop
     vertex -1.328532e+00 -1.240762e+00 -1.322566e+01
     vertex -6.866599e-01 -5.987364e-01 -1.331888e+01
     vertex -6.441999e-01 -6.441999e-01 -1.331888e+01
   endloop
 endfacet
 facet normal -7.716706e-02 -6.728619e-02 -9.947451e-01
   outer loop
     vertex -1.328532e+00 -1.240762e+00 -1.322566e+01
     vertex -1.410107e+00 -1.147207e+00 -1.322566e+01
     vertex -6.866599e-01 -5.987364e-01 -1.331888e+01
   endloop
 endfacet
 facet normal -3.575546e-01 -8.713368e-02 -9.298185e-01
   outer loop
     vertex -5.121424e+00 -1.434956e+00 -1.224477e+01
     vertex -5.207410e+00 -1.082112e+00 -1.224477e+01
     vertex -4.343529e+00 -1.058489e+00 -1.257918e+01
   endloop
 endfacet
 facet normal -3.523130e-01 -9.871347e-02 -9.306617e-01
   outer loop
     vertex -5.121424e+00 -1.434956e+00 -1.224477e+01
     vertex -4.343529e+00 -1.058489e+00 -1.257918e+01
     vertex -4.261170e+00 -1.352435e+00 -1.257918e+01
   endloop
 endfacet
 facet normal -5.892838e-01  1.224546e-01 -7.985922e-01
   outer loop
     vertex -8.248807e+00  1.714122e+00 -1.035575e+01
     vertex -7.479786e+00  1.822774e+00 -1.090655e+01
     vertex -7.586740e+00  1.308086e+00 -1.090655e+01
   endloop
 endfacet
 facet normal -5.895843e-01  1.436778e-01 -7.948252e-01
   outer loop
     vertex -8.248807e+00  1.714122e+00 -1.035575e+01
     vertex -8.112601e+00  2.273044e+00 -1.035575e+01
     vertex -7.479786e+00  1.822774e+00 -1.090655e+01
   endloop
 endfacet
 facet normal -6.156186e-01  5.008429e-01 -6.084161e-01
   outer loop
     vertex -8.460332e+00  6.882991e+00 -7.698682e+00
     vertex -7.805260e+00  6.805834e+00 -8.425024e+00
     vertex -8.251511e+00  6.257318e+00 -8.425024e+00
   endloop
 endfacet
 facet normal -6.030948e-01  5.258714e-01 -5.997798e-01
   outer loop
     vertex -8.460332e+00  6.882991e+00 -7.698682e+00
     vertex -7.970898e+00  7.444299e+00 -7.698682e+00
     vertex -7.805260e+00  6.805834e+00 -8.425024e+00
   endloop
 endfacet
 facet normal -3.695525e-01  8.507952e-01 -3.736020e-01
   outer loop
     vertex -5.011560e+00  1.153777e+01 -4.470643e+00
     vertex -4.492046e+00  1.139105e+01 -5.318655e+00
     vertex -5.258926e+00  1.105794e+01 -5.318655e+00
   endloop
 endfacet
 facet normal -3.422771e-01  8.679552e-01 -3.598614e-01
   outer loop
     vertex -5.011560e+00  1.153777e+01 -4.470643e+00
     vertex -4.212512e+00  1.185287e+01 -4.470643e+00
     vertex -4.492046e+00  1.139105e+01 -5.318655e+00
   endloop
 endfacet
 facet normal -1.390497e-01 -9.815199e-02 -9.854092e-01
   outer loop
     vertex -2.164232e+00 -1.641189e+00 -1.307077e+01
     vertex -2.271186e+00 -1.489671e+00 -1.307077e+01
     vertex -1.485108e+00 -1.048304e+00 -1.322566e+01
   endloop
 endfacet
 facet normal -1.352305e-01 -1.025486e-01 -9.854930e-01
   outer loop
     vertex -2.164232e+00 -1.641189e+00 -1.307077e+01
     vertex -1.485108e+00 -1.048304e+00 -1.322566e+01
     vertex -1.410107e+00 -1.147207e+00 -1.322566e+01
   endloop
 endfacet
 facet normal -4.269973e-01 -5.868942e-02 -9.023463e-01
   outer loop
     vertex -6.052563e+00 -1.043567e+00 -1.185327e+01
     vertex -6.109668e+00 -6.280929e-01 -1.185327e+01
     vertex -5.269116e+00 -7.242234e-01 -1.224477e+01
   endloop
 endfacet
 facet normal -4.219420e-01 -7.275015e-02 -9.036993e-01
   outer loop
     vertex -6.052563e+00 -1.043567e+00 -1.185327e+01
     vertex -5.269116e+00 -7.242234e-01 -1.224477e+01
     vertex -5.207410e+00 -1.082112e+00 -1.224477e+01
   endloop
 endfacet
 facet normal -6.219847e-01  2.210534e-01 -7.511794e-01
   outer loop
     vertex -8.685136e+00  2.756538e+00 -9.756660e+00
     vertex -8.476776e+00  3.342807e+00 -9.756660e+00
     vertex -7.938571e+00  2.821369e+00 -1.035575e+01
   endloop
 endfacet
 facet normal -6.238728e-01  1.980083e-01 -7.560261e-01
   outer loop
     vertex -8.685136e+00  2.756538e+00 -9.756660e+00
     vertex -7.938571e+00  2.821369e+00 -1.035575e+01
     vertex -8.112601e+00  2.273044e+00 -1.035575e+01
   endloop
 endfacet
 facet normal -5.890068e-01  5.890068e-01 -5.533009e-01
   outer loop
     vertex -8.065613e+00  8.065613e+00 -6.936446e+00
     vertex -7.444299e+00  7.970898e+00 -7.698682e+00
     vertex -7.970898e+00  7.444299e+00 -7.698682e+00
   endloop
 endfacet
 facet normal -5.730206e-01  6.135553e-01 -5.433206e-01
   outer loop
     vertex -8.065613e+00  8.065613e+00 -6.936446e+00
     vertex -7.496393e+00  8.597227e+00 -6.936446e+00
     vertex -7.444299e+00  7.970898e+00 -7.698682e+00
   endloop
 endfacet
 facet normal -2.577886e-01  9.200595e-01 -2.950180e-01
   outer loop
     vertex -3.888808e+00  1.225262e+01 -3.601787e+00
     vertex -3.043594e+00  1.248944e+01 -3.601787e+00
     vertex -3.393823e+00  1.211271e+01 -4.470643e+00
   endloop
 endfacet
 facet normal -2.876317e-01  9.062528e-01 -3.097963e-01
   outer loop
     vertex -3.888808e+00  1.225262e+01 -3.601787e+00
     vertex -3.393823e+00  1.211271e+01 -4.470643e+00
     vertex -4.212512e+00  1.185287e+01 -4.470643e+00
   endloop
 endfacet
 facet normal -2.019553e-01 -1.228117e-01 -9.716642e-01
   outer loop
     vertex -3.077437e+00 -1.871431e+00 -1.285495e+01
     vertex -2.367550e+00 -1.331207e+00 -1.307077e+01
     vertex -2.271186e+00 -1.489671e+00 -1.307077e+01
   endloop
 endfacet
 facet normal -2.068411e-01 -1.163009e-01 -9.714375e-01
   outer loop
     vertex -3.077437e+00 -1.871431e+00 -1.285495e+01
     vertex -3.197973e+00 -1.657056e+00 -1.285495e+01
     vertex -2.367550e+00 -1.331207e+00 -1.307077e+01
   endloop
 endfacet
 facet normal -4.872983e-01 -3.333212e-02 -8.725992e-01
   outer loop
     vertex -6.920275e+00 -4.733598e-01 -1.140650e+01
     vertex -6.138288e+00 -2.096902e-01 -1.185327e+01
     vertex -6.109668e+00 -6.280929e-01 -1.185327e+01
   endloop
 endfacet
 facet normal -4.917247e-01 -1.679782e-02 -8.705887e-01
   outer loop
     vertex -6.920275e+00 -4.733598e-01 -1.140650e+01
     vertex -6.936446e+00 -2.071334e-14 -1.140650e+01
     vertex -6.138288e+00 -2.096902e-01 -1.185327e+01
   endloop
 endfacet
 facet normal -6.413939e-01  3.050335e-01 -7.039662e-01
   outer loop
     vertex -8.948919e+00  3.887064e+00 -9.112084e+00
     vertex -8.662794e+00  4.488698e+00 -9.112084e+00
     vertex -8.228893e+00  3.913489e+00 -9.756660e+00
   endloop
 endfacet
 facet normal -6.458993e-01  2.805537e-01 -7.100026e-01
   outer loop
     vertex -8.948919e+00  3.887064e+00 -9.112084e+00
     vertex -8.228893e+00  3.913489e+00 -9.756660e+00
     vertex -8.476776e+00  3.342807e+00 -9.756660e+00
   endloop
 endfacet
 facet normal -5.481237e-01  6.737345e-01 -4.956231e-01
   outer loop
     vertex -7.480454e+00  9.194714e+00 -6.141868e+00
     vertex -6.892222e+00  9.088757e+00 -6.936446e+00
     vertex -7.496393e+00  8.597227e+00 -6.936446e+00
   endloop
 endfacet
 facet normal -5.286415e-01  6.971183e-01 -4.843184e-01
   outer loop
     vertex -7.480454e+00  9.194714e+00 -6.141868e+00
     vertex -6.835546e+00  9.683763e+00 -6.141868e+00
     vertex -6.892222e+00  9.088757e+00 -6.936446e+00
   endloop
 endfacet
 facet normal -1.972809e-01  9.493677e-01 -2.445019e-01
   outer loop
     vertex -2.659327e+00  1.279739e+01 -2.716138e+00
     vertex -2.184189e+00  1.266803e+01 -3.601787e+00
     vertex -3.043594e+00  1.248944e+01 -3.601787e+00
   endloop
 endfacet
 facet normal -1.654012e-01  9.593070e-01 -2.288506e-01
   outer loop
     vertex -2.659327e+00  1.279739e+01 -2.716138e+00
     vertex -1.779803e+00  1.294903e+01 -2.716138e+00
     vertex -2.184189e+00  1.266803e+01 -3.601787e+00
   endloop
 endfacet
 facet normal -2.155860e-02 -2.649908e-02 -9.994163e-01
   outer loop
     vertex -5.504812e-01 -7.259183e-01 -1.331888e+01
     vertex -5.987364e-01 -6.866599e-01 -1.331888e+01
     vertex  4.087259e-16 -1.001090e-31 -1.335000e+01
   endloop
 endfacet
 facet normal -2.782279e-01 -1.208514e-01 -9.528820e-01
   outer loop
     vertex -4.037325e+00 -1.920067e+00 -1.257918e+01
     vertex -4.158943e+00 -1.640074e+00 -1.257918e+01
     vertex -3.303600e+00 -1.434956e+00 -1.285495e+01
   endloop
 endfacet
 facet normal -2.725947e-01 -1.296403e-01 -9.533549e-01
   outer loop
     vertex -4.037325e+00 -1.920067e+00 -1.257918e+01
     vertex -3.303600e+00 -1.434956e+00 -1.285495e+01
     vertex -3.197973e+00 -1.657056e+00 -1.285495e+01
   endloop
 endfacet
 facet normal -5.461048e-01  1.865550e-02 -8.375091e-01
   outer loop
     vertex -7.694194e+00  2.628416e-01 -1.090655e+01
     vertex -6.920275e+00  4.733598e-01 -1.140650e+01
     vertex -6.936446e+00 -2.071334e-14 -1.140650e+01
   endloop
 endfacet
 facet normal -5.494333e-01  3.758227e-02 -8.346919e-01
   outer loop
     vertex -7.694194e+00  2.628416e-01 -1.090655e+01
     vertex -7.658320e+00  7.872992e-01 -1.090655e+01
     vertex -6.920275e+00  4.733598e-01 -1.140650e+01
   endloop
 endfacet
 facet normal -6.467941e-01  3.933242e-01 -6.534167e-01
   outer loop
     vertex -9.026694e+00  5.075457e+00 -8.425024e+00
     vertex -8.659289e+00  5.679628e+00 -8.425024e+00
     vertex -8.336280e+00  5.069404e+00 -9.112084e+00
   endloop
 endfacet
 facet normal -6.542916e-01  3.678898e-01 -6.607266e-01
   outer loop
     vertex -9.026694e+00  5.075457e+00 -8.425024e+00
     vertex -8.336280e+00  5.069404e+00 -9.112084e+00
     vertex -8.662794e+00  4.488698e+00 -9.112084e+00
   endloop
 endfacet
 facet normal -4.707947e-01  7.741889e-01 -4.230648e-01
   outer loop
     vertex -6.715667e+00  1.023886e+01 -5.318655e+00
     vertex -6.001287e+00  1.067328e+01 -5.318655e+00
     vertex -6.158768e+00  1.012766e+01 -6.141868e+00
   endloop
 endfacet
 facet normal -4.936742e-01  7.526669e-01 -4.356355e-01
   outer loop
     vertex -6.715667e+00  1.023886e+01 -5.318655e+00
     vertex -6.158768e+00  1.012766e+01 -6.141868e+00
     vertex -6.835546e+00  9.683763e+00 -6.141868e+00
   endloop
 endfacet
 facet normal -6.734458e-02  9.845429e-01 -1.616789e-01
   outer loop
     vertex -1.352511e+00  1.315632e+01 -1.817825e+00
     vertex -4.515386e-01  1.321795e+01 -1.817825e+00
     vertex -8.919811e-01  1.304030e+01 -2.716138e+00
   endloop
 endfacet
 facet normal -1.006308e-01  9.788696e-01 -1.780107e-01
   outer loop
     vertex -1.352511e+00  1.315632e+01 -1.817825e+00
     vertex -8.919811e-01  1.304030e+01 -2.716138e+00
     vertex -1.779803e+00  1.294903e+01 -2.716138e+00
   endloop
 endfacet
 facet normal -6.976028e-02 -7.469503e-02 -9.947634e-01
   outer loop
     vertex -1.240762e+00 -1.328532e+00 -1.322566e+01
     vertex -6.441999e-01 -6.441999e-01 -1.331888e+01
     vertex -5.987364e-01 -6.866599e-01 -1.331888e+01
   endloop
 endfacet
 facet normal -7.239540e-02 -7.239540e-02 -9.947451e-01
   outer loop
     vertex -1.240762e+00 -1.328532e+00 -1.322566e+01
     vertex -1.328532e+00 -1.240762e+00 -1.322566e+01
     vertex -6.441999e-01 -6.441999e-01 -1.331888e+01
   endloop
 endfacet
 facet normal -3.507749e-01 -1.113309e-01 -9.298185e-01
   outer loop
     vertex -5.011560e+00 -1.781109e+00 -1.224477e+01
     vertex -5.121424e+00 -1.434956e+00 -1.224477e+01
     vertex -4.261170e+00 -1.352435e+00 -1.257918e+01
   endloop
 endfacet
 facet normal -3.447552e-01 -1.225260e-01 -9.306617e-01
   outer loop
     vertex -5.011560e+00 -1.781109e+00 -1.224477e+01
     vertex -4.261170e+00 -1.352435e+00 -1.257918e+01
     vertex -4.158943e+00 -1.640074e+00 -1.257918e+01
   endloop
 endfacet
 facet normal -5.980147e-01  1.031082e-01 -7.948252e-01
   outer loop
     vertex -8.346553e+00  1.147207e+00 -1.035575e+01
     vertex -8.248807e+00  1.714122e+00 -1.035575e+01
     vertex -7.586740e+00  1.308086e+00 -1.090655e+01
   endloop
 endfacet
 facet normal -5.962666e-01  8.195496e-02 -7.985922e-01
   outer loop
     vertex -8.346553e+00  1.147207e+00 -1.035575e+01
     vertex -7.586740e+00  1.308086e+00 -1.090655e+01
     vertex -7.658320e+00  7.872992e-01 -1.090655e+01
   endloop
 endfacet
 facet normal -6.483622e-01  4.576640e-01 -6.084161e-01
   outer loop
     vertex -8.910321e+00  6.289592e+00 -7.698682e+00
     vertex -8.251511e+00  6.257318e+00 -8.425024e+00
     vertex -8.659289e+00  5.679628e+00 -8.425024e+00
   endloop
 endfacet
 facet normal -6.375756e-01  4.834889e-01 -5.997798e-01
   outer loop
     vertex -8.910321e+00  6.289592e+00 -7.698682e+00
     vertex -8.460332e+00  6.882991e+00 -7.698682e+00
     vertex -8.251511e+00  6.257318e+00 -8.425024e+00
   endloop
 endfacet
 facet normal -4.007105e-01  8.425740e-01 -3.598614e-01
   outer loop
     vertex -5.787242e+00  1.116887e+01 -4.470643e+00
     vertex -5.011560e+00  1.153777e+01 -4.470643e+00
     vertex -5.258926e+00  1.105794e+01 -5.318655e+00
   endloop
 endfacet
 facet normal -4.267513e-01  8.235927e-01 -3.736020e-01
   outer loop
     vertex -5.787242e+00  1.116887e+01 -4.470643e+00
     vertex -5.258926e+00  1.105794e+01 -5.318655e+00
     vertex -6.001287e+00  1.067328e+01 -5.318655e+00
   endloop
 endfacet
 facet normal -1.320274e-01 -1.074123e-01 -9.854092e-01
   outer loop
     vertex -2.047188e+00 -1.785056e+00 -1.307077e+01
     vertex -2.164232e+00 -1.641189e+00 -1.307077e+01
     vertex -1.410107e+00 -1.147207e+00 -1.322566e+01
   endloop
 endfacet
 facet normal -1.279171e-01 -1.115379e-01 -9.854930e-01
   outer loop
     vertex -2.047188e+00 -1.785056e+00 -1.307077e+01
     vertex -1.410107e+00 -1.147207e+00 -1.322566e+01
     vertex -1.328532e+00 -1.240762e+00 -1.322566e+01
   endloop
 endfacet
 facet normal -4.159937e-01 -1.013749e-01 -9.036993e-01
   outer loop
     vertex -5.967237e+00 -1.454176e+00 -1.185327e+01
     vertex -5.207410e+00 -1.082112e+00 -1.224477e+01
     vertex -5.121424e+00 -1.434956e+00 -1.224477e+01
   endloop
 endfacet
 facet normal -4.219967e-01 -8.769193e-02 -9.023463e-01
   outer loop
     vertex -5.967237e+00 -1.454176e+00 -1.185327e+01
     vertex -6.052563e+00 -1.043567e+00 -1.185327e+01
     vertex -5.207410e+00 -1.082112e+00 -1.224477e+01
   endloop
 endfacet
 facet normal -6.359309e-01  1.549721e-01 -7.560261e-01
   outer loop
     vertex -8.853001e+00  2.157417e+00 -9.756660e+00
     vertex -8.112601e+00  2.273044e+00 -1.035575e+01
     vertex -8.248807e+00  1.714122e+00 -1.035575e+01
   endloop
 endfacet
 facet normal -6.356199e-01  1.780923e-01 -7.511794e-01
   outer loop
     vertex -8.853001e+00  2.157417e+00 -9.756660e+00
     vertex -8.685136e+00  2.756538e+00 -9.756660e+00
     vertex -8.112601e+00  2.273044e+00 -1.035575e+01
   endloop
 endfacet
 facet normal -6.278290e-01  5.474385e-01 -5.533009e-01
   outer loop
     vertex -8.597227e+00  7.496393e+00 -6.936446e+00
     vertex -7.970898e+00  7.444299e+00 -7.698682e+00
     vertex -8.460332e+00  6.882991e+00 -7.698682e+00
   endloop
 endfacet
 facet normal -6.135553e-01  5.730206e-01 -5.433206e-01
   outer loop
     vertex -8.597227e+00  7.496393e+00 -6.936446e+00
     vertex -8.065613e+00  8.065613e+00 -6.936446e+00
     vertex -7.970898e+00  7.444299e+00 -7.698682e+00
   endloop
 endfacet
 facet normal -3.199747e-01  9.003225e-01 -2.950180e-01
   outer loop
     vertex -4.715891e+00  1.195868e+01 -3.601787e+00
     vertex -3.888808e+00  1.225262e+01 -3.601787e+00
     vertex -4.212512e+00  1.185287e+01 -4.470643e+00
   endloop
 endfacet
 facet normal -3.488061e-01  8.845115e-01 -3.097963e-01
   outer loop
     vertex -4.715891e+00  1.195868e+01 -3.601787e+00
     vertex -4.212512e+00  1.185287e+01 -4.470643e+00
     vertex -5.011560e+00  1.153777e+01 -4.470643e+00
   endloop
 endfacet
 facet normal -1.931035e-01 -1.363073e-01 -9.716642e-01
   outer loop
     vertex -2.942551e+00 -2.077080e+00 -1.285495e+01
     vertex -2.271186e+00 -1.489671e+00 -1.307077e+01
     vertex -2.164232e+00 -1.641189e+00 -1.307077e+01
   endloop
 endfacet
 facet normal -1.984222e-01 -1.301451e-01 -9.714375e-01
   outer loop
     vertex -2.942551e+00 -2.077080e+00 -1.285495e+01
     vertex -3.077437e+00 -1.871431e+00 -1.285495e+01
     vertex -2.271186e+00 -1.489671e+00 -1.307077e+01
   endloop
 endfacet
 facet normal -4.894321e-01 -5.031514e-02 -8.705887e-01
   outer loop
     vertex -6.871839e+00 -9.445126e-01 -1.140650e+01
     vertex -6.920275e+00 -4.733598e-01 -1.140650e+01
     vertex -6.109668e+00 -6.280929e-01 -1.185327e+01
   endloop
 endfacet
 facet normal -4.838877e-01 -6.650883e-02 -8.725992e-01
   outer loop
     vertex -6.871839e+00 -9.445126e-01 -1.140650e+01
     vertex -6.109668e+00 -6.280929e-01 -1.185327e+01
     vertex -6.052563e+00 -1.043567e+00 -1.185327e+01
   endloop
 endfacet
 facet normal -6.635393e-01  2.358219e-01 -7.100026e-01
   outer loop
     vertex -9.193320e+00  3.267307e+00 -9.112084e+00
     vertex -8.476776e+00  3.342807e+00 -9.756660e+00
     vertex -8.685136e+00  2.756538e+00 -9.756660e+00
   endloop
 endfacet
 facet normal -6.607149e-01  2.605522e-01 -7.039662e-01
   outer loop
     vertex -9.193320e+00  3.267307e+00 -9.112084e+00
     vertex -8.948919e+00  3.887064e+00 -9.112084e+00
     vertex -8.476776e+00  3.342807e+00 -9.756660e+00
   endloop
 endfacet
 facet normal -5.928231e-01  6.347586e-01 -4.956231e-01
   outer loop
     vertex -8.090485e+00  8.662794e+00 -6.141868e+00
     vertex -7.496393e+00  8.597227e+00 -6.936446e+00
     vertex -8.065613e+00  8.065613e+00 -6.936446e+00
   endloop
 endfacet
 facet normal -5.749821e-01  6.594173e-01 -4.843184e-01
   outer loop
     vertex -8.090485e+00  8.662794e+00 -6.141868e+00
     vertex -7.480454e+00  9.194714e+00 -6.141868e+00
     vertex -7.496393e+00  8.597227e+00 -6.936446e+00
   endloop
 endfacet
 facet normal -2.304811e-01  9.457832e-01 -2.288506e-01
   outer loop
     vertex -3.526452e+00  1.258607e+01 -2.716138e+00
     vertex -2.659327e+00  1.279739e+01 -2.716138e+00
     vertex -3.043594e+00  1.248944e+01 -3.601787e+00
   endloop
 endfacet
 facet normal -2.616081e-01  9.336916e-01 -2.445019e-01
   outer loop
     vertex -3.526452e+00  1.258607e+01 -2.716138e+00
     vertex -3.043594e+00  1.248944e+01 -3.601787e+00
     vertex -3.888808e+00  1.225262e+01 -3.601787e+00
   endloop
 endfacet
 facet normal -1.969998e-02 -2.790851e-02 -9.994163e-01
   outer loop
     vertex -4.996595e-01 -7.617922e-01 -1.331888e+01
     vertex -5.504812e-01 -7.259183e-01 -1.331888e+01
     vertex  4.087259e-16 -1.001090e-31 -1.335000e+01
   endloop
 endfacet
 facet normal -2.631122e-01 -1.479406e-01 -9.533549e-01
   outer loop
     vertex -3.896883e+00 -2.191108e+00 -1.257918e+01
     vertex -3.197973e+00 -1.657056e+00 -1.285495e+01
     vertex -3.077437e+00 -1.871431e+00 -1.285495e+01
   endloop
 endfacet
 facet normal -2.693321e-01 -1.395566e-01 -9.528820e-01
   outer loop
     vertex -3.896883e+00 -2.191108e+00 -1.257918e+01
     vertex -4.037325e+00 -1.920067e+00 -1.257918e+01
     vertex -3.197973e+00 -1.657056e+00 -1.285495e+01
   endloop
 endfacet
 facet normal -5.461048e-01 -1.865550e-02 -8.375091e-01
   outer loop
     vertex -7.694194e+00 -2.628416e-01 -1.090655e+01
     vertex -6.936446e+00 -2.071334e-14 -1.140650e+01
     vertex -6.920275e+00 -4.733598e-01 -1.140650e+01
   endloop
 endfacet
 facet normal -5.507172e-01 -1.860950e-15 -8.346919e-01
   outer loop
     vertex -7.694194e+00 -2.628416e-01 -1.090655e+01
     vertex -7.694194e+00  2.628416e-01 -1.090655e+01
     vertex -6.936446e+00 -2.071334e-14 -1.140650e+01
   endloop
 endfacet
 facet normal -6.778719e-01  3.223817e-01 -6.607266e-01
   outer loop
     vertex -9.352012e+00  4.447621e+00 -8.425024e+00
     vertex -8.662794e+00  4.488698e+00 -9.112084e+00
     vertex -8.948919e+00  3.887064e+00 -9.112084e+00
   endloop
 endfacet
 facet normal -6.721277e-01  3.482685e-01 -6.534167e-01
   outer loop
     vertex -9.352012e+00  4.447621e+00 -8.425024e+00
     vertex -9.026694e+00  5.075457e+00 -8.425024e+00
     vertex -8.662794e+00  4.488698e+00 -9.112084e+00
   endloop
 endfacet
 facet normal -5.438872e-01  7.172227e-01 -4.356355e-01
   outer loop
     vertex -7.398736e+00  9.756696e+00 -5.318655e+00
     vertex -6.835546e+00  9.683763e+00 -6.141868e+00
     vertex -7.480454e+00  9.194714e+00 -6.141868e+00
   endloop
 endfacet
 facet normal -5.225297e-01  7.402560e-01 -4.230648e-01
   outer loop
     vertex -7.398736e+00  9.756696e+00 -5.318655e+00
     vertex -6.715667e+00  1.023886e+01 -5.318655e+00
     vertex -6.835546e+00  9.683763e+00 -6.141868e+00
   endloop
 endfacet
 facet normal -1.671967e-01  9.697203e-01 -1.780107e-01
   outer loop
     vertex -2.247177e+00  1.303335e+01 -1.817825e+00
     vertex -1.779803e+00  1.294903e+01 -2.716138e+00
     vertex -2.659327e+00  1.279739e+01 -2.716138e+00
   endloop
 endfacet
 facet normal -1.343752e-01  9.776519e-01 -1.616789e-01
   outer loop
     vertex -2.247177e+00  1.303335e+01 -1.817825e+00
     vertex -1.352511e+00  1.315632e+01 -1.817825e+00
     vertex -1.779803e+00  1.294903e+01 -2.716138e+00
   endloop
 endfacet
 facet normal -6.450029e-02 -7.928150e-02 -9.947634e-01
   outer loop
     vertex -1.147207e+00 -1.410107e+00 -1.322566e+01
     vertex -5.987364e-01 -6.866599e-01 -1.331888e+01
     vertex -5.504812e-01 -7.259183e-01 -1.331888e+01
   endloop
 endfacet
 facet normal -6.728619e-02 -7.716706e-02 -9.947451e-01
   outer loop
     vertex -1.147207e+00 -1.410107e+00 -1.322566e+01
     vertex -1.240762e+00 -1.328532e+00 -1.322566e+01
     vertex -5.987364e-01 -6.866599e-01 -1.331888e+01
   endloop
 endfacet
 facet normal -3.423596e-01 -1.350091e-01 -9.298185e-01
   outer loop
     vertex -4.878330e+00 -2.118958e+00 -1.224477e+01
     vertex -5.011560e+00 -1.781109e+00 -1.224477e+01
     vertex -4.158943e+00 -1.640074e+00 -1.257918e+01
   endloop
 endfacet
 facet normal -3.355901e-01 -1.457673e-01 -9.306617e-01
   outer loop
     vertex -4.878330e+00 -2.118958e+00 -1.224477e+01
     vertex -4.158943e+00 -1.640074e+00 -1.257918e+01
     vertex -4.037325e+00 -1.920067e+00 -1.257918e+01
   endloop
 endfacet
 facet normal -6.004694e-01  4.107323e-02 -7.985922e-01
   outer loop
     vertex -8.405383e+00  5.749440e-01 -1.035575e+01
     vertex -7.658320e+00  7.872992e-01 -1.090655e+01
     vertex -7.694194e+00  2.628416e-01 -1.090655e+01
   endloop
 endfacet
 facet normal -6.036570e-01  6.205782e-02 -7.948252e-01
   outer loop
     vertex -8.405383e+00  5.749440e-01 -1.035575e+01
     vertex -8.346553e+00  1.147207e+00 -1.035575e+01
     vertex -7.658320e+00  7.872992e-01 -1.090655e+01
   endloop
 endfacet
 facet normal -6.690837e-01  4.388520e-01 -5.997798e-01
   outer loop
     vertex -9.318766e+00  5.666867e+00 -7.698682e+00
     vertex -8.910321e+00  6.289592e+00 -7.698682e+00
     vertex -8.659289e+00  5.679628e+00 -8.425024e+00
   endloop
 endfacet
 facet normal -6.780828e-01  4.123513e-01 -6.084161e-01
   outer loop
     vertex -9.318766e+00  5.666867e+00 -7.698682e+00
     vertex -8.659289e+00  5.679628e+00 -8.425024e+00
     vertex -9.026694e+00  5.075457e+00 -8.425024e+00
   endloop
 endfacet
 facet normal -4.572757e-01  8.132643e-01 -3.598614e-01
   outer loop
     vertex -6.535942e+00  1.074790e+01 -4.470643e+00
     vertex -5.787242e+00  1.116887e+01 -4.470643e+00
     vertex -6.001287e+00  1.067328e+01 -5.318655e+00
   endloop
 endfacet
 facet normal -4.819604e-01  7.925501e-01 -3.736020e-01
   outer loop
     vertex -6.535942e+00  1.074790e+01 -4.470643e+00
     vertex -6.001287e+00  1.067328e+01 -5.318655e+00
     vertex -6.715667e+00  1.023886e+01 -5.318655e+00
   endloop
 endfacet
 facet normal -4.003708e-02  9.944949e-01 -9.683490e-02
   outer loop
     vertex -9.089124e-01  1.328783e+01 -9.110362e-01
     vertex  0.000000e+00  1.328572e+01 -1.308529e+00
     vertex -4.515386e-01  1.321795e+01 -1.817825e+00
   endloop
 endfacet
 facet normal -2.984052e-02  9.968463e-01 -7.353180e-02
   outer loop
     vertex -9.089124e-01  1.328783e+01 -9.110362e-01
     vertex  0.000000e+00  1.333392e+01 -6.550535e-01
     vertex  0.000000e+00  1.328572e+01 -1.308529e+00
   endloop
 endfacet
 facet normal -7.469668e-02  9.967579e-01 -2.990228e-02
   outer loop
     vertex -9.089124e-01  1.328783e+01 -9.110362e-01
     vertex -1.329231e+00  1.328366e+01  0.000000e+00
     vertex -6.654426e-01  1.333340e+01  0.000000e+00
   endloop
 endfacet
 facet normal -6.782357e-02  9.915455e-01 -1.106228e-01
   outer loop
     vertex -9.089124e-01  1.328783e+01 -9.110362e-01
     vertex -4.515386e-01  1.321795e+01 -1.817825e+00
     vertex -1.352511e+00  1.315632e+01 -1.817825e+00
   endloop
 endfacet
 facet normal -3.953920e-02  9.984416e-01 -3.938217e-02
   outer loop
     vertex -9.089124e-01  1.328783e+01 -9.110362e-01
     vertex -6.654426e-01  1.333340e+01  0.000000e+00
     vertex  0.000000e+00  1.333392e+01 -6.550535e-01
   endloop
 endfacet
 facet normal -1.200073e-01 -1.200073e-01 -9.854930e-01
   outer loop
     vertex -1.920599e+00 -1.920599e+00 -1.307077e+01
     vertex -1.328532e+00 -1.240762e+00 -1.322566e+01
     vertex -1.240762e+00 -1.328532e+00 -1.322566e+01
   endloop
 endfacet
 facet normal -1.243895e-01 -1.161717e-01 -9.854092e-01
   outer loop
     vertex -1.920599e+00 -1.920599e+00 -1.307077e+01
     vertex -2.047188e+00 -1.785056e+00 -1.307077e+01
     vertex -1.328532e+00 -1.240762e+00 -1.322566e+01
   endloop
 endfacet
 facet normal -4.081059e-01 -1.295270e-01 -9.036993e-01
   outer loop
     vertex -5.854090e+00 -1.858005e+00 -1.185327e+01
     vertex -5.121424e+00 -1.434956e+00 -1.224477e+01
     vertex -5.011560e+00 -1.781109e+00 -1.224477e+01
   endloop
 endfacet
 facet normal -4.150286e-01 -1.162856e-01 -9.023463e-01
   outer loop
     vertex -5.854090e+00 -1.858005e+00 -1.185327e+01
     vertex -5.967237e+00 -1.454176e+00 -1.185327e+01
     vertex -5.121424e+00 -1.434956e+00 -1.224477e+01
   endloop
 endfacet
 facet normal -6.450241e-01  1.112134e-01 -7.560261e-01
   outer loop
     vertex -8.979590e+00  1.548238e+00 -9.756660e+00
     vertex -8.248807e+00  1.714122e+00 -1.035575e+01
     vertex -8.346553e+00  1.147207e+00 -1.035575e+01
   endloop
 endfacet
 facet normal -6.462916e-01  1.343009e-01 -7.511794e-01
   outer loop
     vertex -8.979590e+00  1.548238e+00 -9.756660e+00
     vertex -8.853001e+00  2.157417e+00 -9.756660e+00
     vertex -8.248807e+00  1.714122e+00 -1.035575e+01
   endloop
 endfacet
 facet normal -6.512292e-01  5.298143e-01 -5.433206e-01
   outer loop
     vertex -9.088757e+00  6.892222e+00 -6.936446e+00
     vertex -8.597227e+00  7.496393e+00 -6.936446e+00
     vertex -8.460332e+00  6.882991e+00 -7.698682e+00
   endloop
 endfacet
 facet normal -6.637239e-01  5.033177e-01 -5.533009e-01
   outer loop
     vertex -9.088757e+00  6.892222e+00 -6.936446e+00
     vertex -8.460332e+00  6.882991e+00 -7.698682e+00
     vertex -8.910321e+00  6.289592e+00 -7.698682e+00
   endloop
 endfacet
 facet normal -4.083541e-01  8.586461e-01 -3.097963e-01
   outer loop
     vertex -5.520986e+00  1.160898e+01 -3.601787e+00
     vertex -5.011560e+00  1.153777e+01 -4.470643e+00
     vertex -5.787242e+00  1.116887e+01 -4.470643e+00
   endloop
 endfacet
 facet normal -3.806689e-01  8.763878e-01 -2.950180e-01
   outer loop
     vertex -5.520986e+00  1.160898e+01 -3.601787e+00
     vertex -4.715891e+00  1.195868e+01 -3.601787e+00
     vertex -5.011560e+00  1.153777e+01 -4.470643e+00
   endloop
 endfacet
 facet normal -1.890782e-01 -1.433825e-01 -9.714375e-01
   outer loop
     vertex -2.793947e+00 -2.273044e+00 -1.285495e+01
     vertex -2.942551e+00 -2.077080e+00 -1.285495e+01
     vertex -2.164232e+00 -1.641189e+00 -1.307077e+01
   endloop
 endfacet
 facet normal -1.833514e-01 -1.491674e-01 -9.716642e-01
   outer loop
     vertex -2.793947e+00 -2.273044e+00 -1.285495e+01
     vertex -2.164232e+00 -1.641189e+00 -1.307077e+01
     vertex -2.047188e+00 -1.785056e+00 -1.307077e+01
   endloop
 endfacet
 facet normal -4.848575e-01 -8.359787e-02 -8.705887e-01
   outer loop
     vertex -6.791364e+00 -1.411262e+00 -1.140650e+01
     vertex -6.871839e+00 -9.445126e-01 -1.140650e+01
     vertex -6.052563e+00 -1.043567e+00 -1.185327e+01
   endloop
 endfacet
 facet normal -4.782209e-01 -9.937544e-02 -8.725992e-01
   outer loop
     vertex -6.791364e+00 -1.411262e+00 -1.140650e+01
     vertex -6.052563e+00 -1.043567e+00 -1.185327e+01
     vertex -5.967237e+00 -1.454176e+00 -1.185327e+01
   endloop
 endfacet
 facet normal -6.780855e-01  1.899906e-01 -7.100026e-01
   outer loop
     vertex -9.394857e+00  2.632315e+00 -9.112084e+00
     vertex -8.685136e+00  2.756538e+00 -9.756660e+00
     vertex -8.853001e+00  2.157417e+00 -9.756660e+00
   endloop
 endfacet
 facet normal -6.769553e-01  2.148560e-01 -7.039662e-01
   outer loop
     vertex -9.394857e+00  2.632315e+00 -9.112084e+00
     vertex -9.193320e+00  3.267307e+00 -9.112084e+00
     vertex -8.685136e+00  2.756538e+00 -9.756660e+00
   endloop
 endfacet
 facet normal -6.347586e-01  5.928231e-01 -4.956231e-01
   outer loop
     vertex -8.662794e+00  8.090485e+00 -6.141868e+00
     vertex -8.065613e+00  8.065613e+00 -6.936446e+00
     vertex -8.597227e+00  7.496393e+00 -6.936446e+00
   endloop
 endfacet
 facet normal -6.186419e-01  6.186419e-01 -4.843184e-01
   outer loop
     vertex -8.662794e+00  8.090485e+00 -6.141868e+00
     vertex -8.090485e+00  8.662794e+00 -6.141868e+00
     vertex -8.065613e+00  8.065613e+00 -6.936446e+00
   endloop
 endfacet
 facet normal -2.944863e-01  9.278498e-01 -2.288506e-01
   outer loop
     vertex -4.377135e+00  1.231608e+01 -2.716138e+00
     vertex -3.526452e+00  1.258607e+01 -2.716138e+00
     vertex -3.888808e+00  1.225262e+01 -3.601787e+00
   endloop
 endfacet
 facet normal -3.247156e-01  9.136622e-01 -2.445019e-01
   outer loop
     vertex -4.377135e+00  1.231608e+01 -2.716138e+00
     vertex -3.888808e+00  1.225262e+01 -3.601787e+00
     vertex -4.715891e+00  1.195868e+01 -3.601787e+00
   endloop
 endfacet
 facet normal -1.774951e-02 -2.918782e-02 -9.994163e-01
   outer loop
     vertex -4.465082e-01 -7.941143e-01 -1.331888e+01
     vertex -4.996595e-01 -7.617922e-01 -1.331888e+01
     vertex  4.087259e-16 -1.001090e-31 -1.335000e+01
   endloop
 endfacet
 facet normal -2.524030e-01 -1.655512e-01 -9.533549e-01
   outer loop
     vertex -3.738272e+00 -2.451932e+00 -1.257918e+01
     vertex -3.077437e+00 -1.871431e+00 -1.285495e+01
     vertex -2.942551e+00 -2.077080e+00 -1.285495e+01
   endloop
 endfacet
 facet normal -2.591805e-01 -1.576112e-01 -9.528820e-01
   outer loop
     vertex -3.738272e+00 -2.451932e+00 -1.257918e+01
     vertex -3.896883e+00 -2.191108e+00 -1.257918e+01
     vertex -3.077437e+00 -1.871431e+00 -1.285495e+01
   endloop
 endfacet
 facet normal -5.494333e-01 -3.758227e-02 -8.346919e-01
   outer loop
     vertex -7.658320e+00 -7.872992e-01 -1.090655e+01
     vertex -7.694194e+00 -2.628416e-01 -1.090655e+01
     vertex -6.920275e+00 -4.733598e-01 -1.140650e+01
   endloop
 endfacet
 facet normal -5.435586e-01 -5.587952e-02 -8.375091e-01
   outer loop
     vertex -7.658320e+00 -7.872992e-01 -1.090655e+01
     vertex -6.920275e+00 -4.733598e-01 -1.140650e+01
     vertex -6.871839e+00 -9.445126e-01 -1.140650e+01
   endloop
 endfacet
 facet normal -6.982918e-01  2.753705e-01 -6.607266e-01
   outer loop
     vertex -9.633727e+00  3.799049e+00 -8.425024e+00
     vertex -8.948919e+00  3.887064e+00 -9.112084e+00
     vertex -9.193320e+00  3.267307e+00 -9.112084e+00
   endloop
 endfacet
 facet normal -6.943275e-01  3.015890e-01 -6.534167e-01
   outer loop
     vertex -9.633727e+00  3.799049e+00 -8.425024e+00
     vertex -9.352012e+00  4.447621e+00 -8.425024e+00
     vertex -8.948919e+00  3.887064e+00 -9.112084e+00
   endloop
 endfacet
 facet normal -5.915643e-01  6.784345e-01 -4.356355e-01
   outer loop
     vertex -8.047308e+00  9.229043e+00 -5.318655e+00
     vertex -7.480454e+00  9.194714e+00 -6.141868e+00
     vertex -8.090485e+00  8.662794e+00 -6.141868e+00
   endloop
 endfacet
 facet normal -5.718284e-01  7.028716e-01 -4.230648e-01
   outer loop
     vertex -8.047308e+00  9.229043e+00 -5.318655e+00
     vertex -7.398736e+00  9.756696e+00 -5.318655e+00
     vertex -7.480454e+00  9.194714e+00 -6.141868e+00
   endloop
 endfacet
 facet normal -2.329829e-01  9.560498e-01 -1.780107e-01
   outer loop
     vertex -3.131365e+00  1.284961e+01 -1.817825e+00
     vertex -2.659327e+00  1.279739e+01 -2.716138e+00
     vertex -3.526452e+00  1.258607e+01 -2.716138e+00
   endloop
 endfacet
 facet normal -2.007792e-01  9.662027e-01 -1.616789e-01
   outer loop
     vertex -3.131365e+00  1.284961e+01 -1.817825e+00
     vertex -2.247177e+00  1.303335e+01 -1.817825e+00
     vertex -2.659327e+00  1.279739e+01 -2.716138e+00
   endloop
 endfacet
 facet normal -5.893956e-02 -8.349834e-02 -9.947634e-01
   outer loop
     vertex -1.048304e+00 -1.485108e+00 -1.322566e+01
     vertex -5.504812e-01 -7.259183e-01 -1.331888e+01
     vertex -4.996595e-01 -7.617922e-01 -1.331888e+01
   endloop
 endfacet
 facet normal -6.186326e-02 -8.157894e-02 -9.947451e-01
   outer loop
     vertex -1.048304e+00 -1.485108e+00 -1.322566e+01
     vertex -1.147207e+00 -1.410107e+00 -1.322566e+01
     vertex -5.504812e-01 -7.259183e-01 -1.331888e+01
   endloop
 endfacet
 facet normal -3.248602e-01 -1.683290e-01 -9.306617e-01
   outer loop
     vertex -4.722355e+00 -2.446927e+00 -1.224477e+01
     vertex -4.037325e+00 -1.920067e+00 -1.257918e+01
     vertex -3.896883e+00 -2.191108e+00 -1.257918e+01
   endloop
 endfacet
 facet normal -3.323482e-01 -1.580578e-01 -9.298185e-01
   outer loop
     vertex -4.722355e+00 -2.446927e+00 -1.224477e+01
     vertex -4.878330e+00 -2.118958e+00 -1.224477e+01
     vertex -4.037325e+00 -1.920067e+00 -1.257918e+01
   endloop
 endfacet
 facet normal -6.018725e-01 -2.077005e-15 -7.985922e-01
   outer loop
     vertex -8.425024e+00 -2.515847e-14 -1.035575e+01
     vertex -7.694194e+00  2.628416e-01 -1.090655e+01
     vertex -7.694194e+00 -2.628416e-01 -1.090655e+01
   endloop
 endfacet
 facet normal -6.064847e-01  2.071814e-02 -7.948252e-01
   outer loop
     vertex -8.425024e+00 -2.515847e-14 -1.035575e+01
     vertex -8.405383e+00  5.749440e-01 -1.035575e+01
     vertex -7.694194e+00  2.628416e-01 -1.090655e+01
   endloop
 endfacet
 facet normal -6.974723e-01  3.921691e-01 -5.997798e-01
   outer loop
     vertex -9.683763e+00  5.017721e+00 -7.698682e+00
     vertex -9.318766e+00  5.666867e+00 -7.698682e+00
     vertex -9.026694e+00  5.075457e+00 -8.425024e+00
   endloop
 endfacet
 facet normal -7.046419e-01  3.651160e-01 -6.084161e-01
   outer loop
     vertex -9.683763e+00  5.017721e+00 -7.698682e+00
     vertex -9.026694e+00  5.075457e+00 -8.425024e+00
     vertex -9.352012e+00  4.447621e+00 -8.425024e+00
   endloop
 endfacet
 facet normal -5.349224e-01  7.578124e-01 -3.736020e-01
   outer loop
     vertex -7.254167e+00  1.027681e+01 -4.470643e+00
     vertex -6.715667e+00  1.023886e+01 -5.318655e+00
     vertex -7.398736e+00  9.756696e+00 -5.318655e+00
   endloop
 endfacet
 facet normal -5.117088e-01  7.801628e-01 -3.598614e-01
   outer loop
     vertex -7.254167e+00  1.027681e+01 -4.470643e+00
     vertex -6.535942e+00  1.074790e+01 -4.470643e+00
     vertex -6.715667e+00  1.023886e+01 -5.318655e+00
   endloop
 endfacet
 facet normal -1.021714e-01  9.938546e-01 -4.259136e-02
   outer loop
     vertex -1.813587e+00  1.319483e+01 -9.110362e-01
     vertex -1.329231e+00  1.328366e+01  0.000000e+00
     vertex -9.089124e-01  1.328783e+01 -9.110362e-01
   endloop
 endfacet
 facet normal -1.353309e-01  9.846056e-01 -1.106228e-01
   outer loop
     vertex -1.813587e+00  1.319483e+01 -9.110362e-01
     vertex -1.352511e+00  1.315632e+01 -1.817825e+00
     vertex -2.247177e+00  1.303335e+01 -1.817825e+00
   endloop
 endfacet
 facet normal -1.242854e-01  9.917736e-01 -3.063143e-02
   outer loop
     vertex -1.813587e+00  1.319483e+01 -9.110362e-01
     vertex -1.989714e+00  1.320089e+01  0.000000e+00
     vertex -1.329231e+00  1.328366e+01  0.000000e+00
   endloop
 endfacet
 facet normal -1.018130e-01  9.903691e-01 -9.382464e-02
   outer loop
     vertex -1.813587e+00  1.319483e+01 -9.110362e-01
     vertex -9.089124e-01  1.328783e+01 -9.110362e-01
     vertex -1.352511e+00  1.315632e+01 -1.817825e+00
   endloop
 endfacet
 facet normal -1.161717e-01 -1.243895e-01 -9.854092e-01
   outer loop
     vertex -1.785056e+00 -2.047188e+00 -1.307077e+01
     vertex -1.920599e+00 -1.920599e+00 -1.307077e+01
     vertex -1.240762e+00 -1.328532e+00 -1.322566e+01
   endloop
 endfacet
 facet normal -1.115379e-01 -1.279171e-01 -9.854930e-01
   outer loop
     vertex -1.785056e+00 -2.047188e+00 -1.307077e+01
     vertex -1.240762e+00 -1.328532e+00 -1.322566e+01
     vertex -1.147207e+00 -1.410107e+00 -1.322566e+01
   endloop
 endfacet
 facet normal -3.983152e-01 -1.570751e-01 -9.036993e-01
   outer loop
     vertex -5.713648e+00 -2.253170e+00 -1.185327e+01
     vertex -5.011560e+00 -1.781109e+00 -1.224477e+01
     vertex -4.878330e+00 -2.118958e+00 -1.224477e+01
   endloop
 endfacet
 facet normal -4.061255e-01 -1.443370e-01 -9.023463e-01
   outer loop
     vertex -5.713648e+00 -2.253170e+00 -1.185327e+01
     vertex -5.854090e+00 -1.858005e+00 -1.185327e+01
     vertex -5.011560e+00 -1.781109e+00 -1.224477e+01
   endloop
 endfacet
 facet normal -6.511099e-01  6.693612e-02 -7.560261e-01
   outer loop
     vertex -9.064312e+00  9.318396e-01 -9.756660e+00
     vertex -8.346553e+00  1.147207e+00 -1.035575e+01
     vertex -8.405383e+00  5.749440e-01 -1.035575e+01
   endloop
 endfacet
 facet normal -6.539499e-01  8.988335e-02 -7.511794e-01
   outer loop
     vertex -9.064312e+00  9.318396e-01 -9.756660e+00
     vertex -8.979590e+00  1.548238e+00 -9.756660e+00
     vertex -8.346553e+00  1.147207e+00 -1.035575e+01
   endloop
 endfacet
 facet normal -6.965242e-01  4.568502e-01 -5.533009e-01
   outer loop
     vertex -9.537911e+00  6.255916e+00 -6.936446e+00
     vertex -8.910321e+00  6.289592e+00 -7.698682e+00
     vertex -9.318766e+00  5.666867e+00 -7.698682e+00
   endloop
 endfacet
 facet normal -6.858669e-01  4.841377e-01 -5.433206e-01
   outer loop
     vertex -9.537911e+00  6.255916e+00 -6.936446e+00
     vertex -9.088757e+00  6.892222e+00 -6.936446e+00
     vertex -8.910321e+00  6.289592e+00 -7.698682e+00
   endloop
 endfacet
 facet normal -4.659982e-01  8.287773e-01 -3.097963e-01
   outer loop
     vertex -6.300340e+00  1.120515e+01 -3.601787e+00
     vertex -5.787242e+00  1.116887e+01 -4.470643e+00
     vertex -6.535942e+00  1.074790e+01 -4.470643e+00
   endloop
 endfacet
 facet normal -4.395883e-01  8.483669e-01 -2.950180e-01
   outer loop
     vertex -6.300340e+00  1.120515e+01 -3.601787e+00
     vertex -5.520986e+00  1.160898e+01 -3.601787e+00
     vertex -5.787242e+00  1.116887e+01 -4.470643e+00
   endloop
 endfacet
 facet normal -1.788527e-01 -1.559514e-01 -9.714375e-01
   outer loop
     vertex -2.632315e+00 -2.458411e+00 -1.285495e+01
     vertex -2.793947e+00 -2.273044e+00 -1.285495e+01
     vertex -2.047188e+00 -1.785056e+00 -1.307077e+01
   endloop
 endfacet
 facet normal -1.727444e-01 -1.613320e-01 -9.716642e-01
   outer loop
     vertex -2.632315e+00 -2.458411e+00 -1.285495e+01
     vertex -2.047188e+00 -1.785056e+00 -1.307077e+01
     vertex -1.920599e+00 -1.920599e+00 -1.307077e+01
   endloop
 endfacet
 facet normal -4.703244e-01 -1.317787e-01 -8.725992e-01
   outer loop
     vertex -6.679224e+00 -1.871431e+00 -1.140650e+01
     vertex -5.967237e+00 -1.454176e+00 -1.185327e+01
     vertex -5.854090e+00 -1.858005e+00 -1.185327e+01
   endloop
 endfacet
 facet normal -4.780222e-01 -1.164908e-01 -8.705887e-01
   outer loop
     vertex -6.679224e+00 -1.871431e+00 -1.140650e+01
     vertex -6.791364e+00 -1.411262e+00 -1.140650e+01
     vertex -5.967237e+00 -1.454176e+00 -1.185327e+01
   endloop
 endfacet
 facet normal -6.894701e-01  1.432735e-01 -7.100026e-01
   outer loop
     vertex -9.552591e+00  1.985051e+00 -9.112084e+00
     vertex -8.853001e+00  2.157417e+00 -9.756660e+00
     vertex -8.979590e+00  1.548238e+00 -9.756660e+00
   endloop
 endfacet
 facet normal -6.900395e-01  1.681580e-01 -7.039662e-01
   outer loop
     vertex -9.552591e+00  1.985051e+00 -9.112084e+00
     vertex -9.394857e+00  2.632315e+00 -9.112084e+00
     vertex -8.853001e+00  2.157417e+00 -9.756660e+00
   endloop
 endfacet
 facet normal -6.594173e-01  5.749821e-01 -4.843184e-01
   outer loop
     vertex -9.194714e+00  7.480454e+00 -6.141868e+00
     vertex -8.662794e+00  8.090485e+00 -6.141868e+00
     vertex -8.597227e+00  7.496393e+00 -6.936446e+00
   endloop
 endfacet
 facet normal -6.737345e-01  5.481237e-01 -4.956231e-01
   outer loop
     vertex -9.194714e+00  7.480454e+00 -6.141868e+00
     vertex -8.597227e+00  7.496393e+00 -6.936446e+00
     vertex -9.088757e+00  6.892222e+00 -6.936446e+00
   endloop
 endfacet
 facet normal -3.863091e-01  8.893729e-01 -2.445019e-01
   outer loop
     vertex -5.207410e+00  1.198866e+01 -2.716138e+00
     vertex -4.715891e+00  1.195868e+01 -3.601787e+00
     vertex -5.520986e+00  1.160898e+01 -3.601787e+00
   endloop
 endfacet
 facet normal -3.571185e-01  9.055903e-01 -2.288506e-01
   outer loop
     vertex -5.207410e+00  1.198866e+01 -2.716138e+00
     vertex -4.377135e+00  1.231608e+01 -2.716138e+00
     vertex -4.715891e+00  1.195868e+01 -3.601787e+00
   endloop
 endfacet
 facet normal -1.571628e-02 -3.033105e-02 -9.994163e-01
   outer loop
     vertex -3.912750e-01 -8.227338e-01 -1.331888e+01
     vertex -4.465082e-01 -7.941143e-01 -1.331888e+01
     vertex  4.087259e-16 -1.001090e-31 -1.335000e+01
   endloop
 endfacet
 facet normal -2.405170e-01 -1.823898e-01 -9.533549e-01
   outer loop
     vertex -3.562231e+00 -2.701325e+00 -1.257918e+01
     vertex -2.942551e+00 -2.077080e+00 -1.285495e+01
     vertex -2.793947e+00 -2.273044e+00 -1.285495e+01
   endloop
 endfacet
 facet normal -2.478205e-01 -1.749308e-01 -9.528820e-01
   outer loop
     vertex -3.562231e+00 -2.701325e+00 -1.257918e+01
     vertex -3.738272e+00 -2.451932e+00 -1.257918e+01
     vertex -2.942551e+00 -2.077080e+00 -1.285495e+01
   endloop
 endfacet
 facet normal -5.455877e-01 -7.498931e-02 -8.346919e-01
   outer loop
     vertex -7.586740e+00 -1.308086e+00 -1.090655e+01
     vertex -7.658320e+00 -7.872992e-01 -1.090655e+01
     vertex -6.871839e+00 -9.445126e-01 -1.140650e+01
   endloop
 endfacet
 facet normal -5.384781e-01 -9.284301e-02 -8.375091e-01
   outer loop
     vertex -7.586740e+00 -1.308086e+00 -1.090655e+01
     vertex -6.871839e+00 -9.445126e-01 -1.140650e+01
     vertex -6.791364e+00 -1.411262e+00 -1.140650e+01
   endloop
 endfacet
 facet normal -7.154558e-01  2.270755e-01 -6.607266e-01
   outer loop
     vertex -9.870525e+00  3.132764e+00 -8.425024e+00
     vertex -9.193320e+00  3.267307e+00 -9.112084e+00
     vertex -9.394857e+00  2.632315e+00 -9.112084e+00
   endloop
 endfacet
 facet normal -7.132900e-01  2.535033e-01 -6.534167e-01
   outer loop
     vertex -9.870525e+00  3.132764e+00 -8.425024e+00
     vertex -9.633727e+00  3.799049e+00 -8.425024e+00
     vertex -9.193320e+00  3.267307e+00 -9.112084e+00
   endloop
 endfacet
 facet normal -6.184610e-01  6.622101e-01 -4.230648e-01
   outer loop
     vertex -8.658361e+00  8.658361e+00 -5.318655e+00
     vertex -8.047308e+00  9.229043e+00 -5.318655e+00
     vertex -8.090485e+00  8.662794e+00 -6.141868e+00
   endloop
 endfacet
 facet normal -6.364832e-01  6.364832e-01 -4.356355e-01
   outer loop
     vertex -8.658361e+00  8.658361e+00 -5.318655e+00
     vertex -8.090485e+00  8.662794e+00 -6.141868e+00
     vertex -8.662794e+00  8.090485e+00 -6.141868e+00
   endloop
 endfacet
 facet normal -2.976830e-01  9.379217e-01 -1.780107e-01
   outer loop
     vertex -4.000954e+00  1.260597e+01 -1.817825e+00
     vertex -3.526452e+00  1.258607e+01 -2.716138e+00
     vertex -4.377135e+00  1.231608e+01 -2.716138e+00
   endloop
 endfacet
 facet normal -2.662472e-01  9.502486e-01 -1.616789e-01
   outer loop
     vertex -4.000954e+00  1.260597e+01 -1.817825e+00
     vertex -3.131365e+00  1.284961e+01 -1.817825e+00
     vertex -3.526452e+00  1.258607e+01 -2.716138e+00
   endloop
 endfacet
 facet normal -5.310403e-02 -8.732586e-02 -9.947634e-01
   outer loop
     vertex -9.445126e-01 -1.553185e+00 -1.322566e+01
     vertex -4.996595e-01 -7.617922e-01 -1.331888e+01
     vertex -4.465082e-01 -7.941143e-01 -1.331888e+01
   endloop
 endfacet
 facet normal -5.615190e-02 -8.561046e-02 -9.947451e-01
   outer loop
     vertex -9.445126e-01 -1.553185e+00 -1.322566e+01
     vertex -1.048304e+00 -1.485108e+00 -1.322566e+01
     vertex -4.996595e-01 -7.617922e-01 -1.331888e+01
   endloop
 endfacet
 facet normal -3.207871e-01 -1.803696e-01 -9.298185e-01
   outer loop
     vertex -4.544362e+00 -2.763488e+00 -1.224477e+01
     vertex -4.722355e+00 -2.446927e+00 -1.224477e+01
     vertex -3.896883e+00 -2.191108e+00 -1.257918e+01
   endloop
 endfacet
 facet normal -3.126157e-01 -1.901058e-01 -9.306617e-01
   outer loop
     vertex -4.544362e+00 -2.763488e+00 -1.224477e+01
     vertex -3.896883e+00 -2.191108e+00 -1.257918e+01
     vertex -3.738272e+00 -2.451932e+00 -1.257918e+01
   endloop
 endfacet
 facet normal -6.064847e-01 -2.071814e-02 -7.948252e-01
   outer loop
     vertex -8.405383e+00 -5.749440e-01 -1.035575e+01
     vertex -8.425024e+00 -2.515847e-14 -1.035575e+01
     vertex -7.694194e+00 -2.628416e-01 -1.090655e+01
   endloop
 endfacet
 facet normal -6.004694e-01 -4.107323e-02 -7.985922e-01
   outer loop
     vertex -8.405383e+00 -5.749440e-01 -1.035575e+01
     vertex -7.694194e+00 -2.628416e-01 -1.090655e+01
     vertex -7.658320e+00 -7.872992e-01 -1.090655e+01
   endloop
 endfacet
 facet normal -7.279156e-01  3.161784e-01 -6.084161e-01
   outer loop
     vertex -1.000361e+01  4.345181e+00 -7.698682e+00
     vertex -9.352012e+00  4.447621e+00 -8.425024e+00
     vertex -9.633727e+00  3.799049e+00 -8.425024e+00
   endloop
 endfacet
 facet normal -7.226089e-01  3.436577e-01 -5.997798e-01
   outer loop
     vertex -1.000361e+01  4.345181e+00 -7.698682e+00
     vertex -9.683763e+00  5.017721e+00 -7.698682e+00
     vertex -9.352012e+00  4.447621e+00 -8.425024e+00
   endloop
 endfacet
 facet normal -5.637561e-01  7.434238e-01 -3.598614e-01
   outer loop
     vertex -7.938571e+00  9.757815e+00 -4.470643e+00
     vertex -7.254167e+00  1.027681e+01 -4.470643e+00
     vertex -7.398736e+00  9.756696e+00 -5.318655e+00
   endloop
 endfacet
 facet normal -5.853903e-01  7.195413e-01 -3.736020e-01
   outer loop
     vertex -7.938571e+00  9.757815e+00 -4.470643e+00
     vertex -7.398736e+00  9.756696e+00 -5.318655e+00
     vertex -8.047308e+00  9.229043e+00 -5.318655e+00
   endloop
 endfacet
 facet normal -1.691609e-01  9.811124e-01 -9.382464e-02
   outer loop
     vertex -2.709806e+00  1.304030e+01 -9.110362e-01
     vertex -1.813587e+00  1.319483e+01 -9.110362e-01
     vertex -2.247177e+00  1.303335e+01 -1.817825e+00
   endloop
 endfacet
 facet normal -2.022073e-01  9.730749e-01 -1.106228e-01
   outer loop
     vertex -2.709806e+00  1.304030e+01 -9.110362e-01
     vertex -2.247177e+00  1.303335e+01 -1.817825e+00
     vertex -3.131365e+00  1.284961e+01 -1.817825e+00
   endloop
 endfacet
 facet normal -1.735336e-01  9.841581e-01 -3.631666e-02
   outer loop
     vertex -2.709806e+00  1.304030e+01 -9.110362e-01
     vertex -2.645251e+00  1.308530e+01  0.000000e+00
     vertex -1.989714e+00  1.320089e+01  0.000000e+00
   endloop
 endfacet
 facet normal -2.224043e-01  9.744169e-01 -3.237258e-02
   outer loop
     vertex -2.709806e+00  1.304030e+01 -9.110362e-01
     vertex -3.294211e+00  1.293718e+01  0.000000e+00
     vertex -2.645251e+00  1.308530e+01  0.000000e+00
   endloop
 endfacet
 facet normal -1.697786e-01  9.846951e-01 -3.937934e-02
   outer loop
     vertex -2.709806e+00  1.304030e+01 -9.110362e-01
     vertex -1.989714e+00  1.320089e+01  0.000000e+00
     vertex -1.813587e+00  1.319483e+01 -9.110362e-01
   endloop
 endfacet
 facet normal -1.074123e-01 -1.320274e-01 -9.854092e-01
   outer loop
     vertex -1.641189e+00 -2.164232e+00 -1.307077e+01
     vertex -1.785056e+00 -2.047188e+00 -1.307077e+01
     vertex -1.147207e+00 -1.410107e+00 -1.322566e+01
   endloop
 endfacet
 facet normal -1.025486e-01 -1.352305e-01 -9.854930e-01
   outer loop
     vertex -1.641189e+00 -2.164232e+00 -1.307077e+01
     vertex -1.147207e+00 -1.410107e+00 -1.322566e+01
     vertex -1.048304e+00 -1.485108e+00 -1.322566e+01
   endloop
 endfacet
 facet normal -3.953288e-01 -1.717155e-01 -9.023463e-01
   outer loop
     vertex -5.546566e+00 -2.637831e+00 -1.185327e+01
     vertex -5.713648e+00 -2.253170e+00 -1.185327e+01
     vertex -4.878330e+00 -2.118958e+00 -1.224477e+01
   endloop
 endfacet
 facet normal -3.866675e-01 -1.838910e-01 -9.036993e-01
   outer loop
     vertex -5.546566e+00 -2.637831e+00 -1.185327e+01
     vertex -4.878330e+00 -2.118958e+00 -1.224477e+01
     vertex -4.722355e+00 -2.446927e+00 -1.224477e+01
   endloop
 endfacet
 facet normal -6.585593e-01  4.504669e-02 -7.511794e-01
   outer loop
     vertex -9.106772e+00  3.110967e-01 -9.756660e+00
     vertex -9.064312e+00  9.318396e-01 -9.756660e+00
     vertex -8.405383e+00  5.749440e-01 -1.035575e+01
   endloop
 endfacet
 facet normal -6.541599e-01  2.234677e-02 -7.560261e-01
   outer loop
     vertex -9.106772e+00  3.110967e-01 -9.756660e+00
     vertex -8.405383e+00  5.749440e-01 -1.035575e+01
     vertex -8.425024e+00 -2.515847e-14 -1.035575e+01
   endloop
 endfacet
 facet normal -7.173067e-01  4.362039e-01 -5.433206e-01
   outer loop
     vertex -9.942594e+00  5.590442e+00 -6.936446e+00
     vertex -9.537911e+00  6.255916e+00 -6.936446e+00
     vertex -9.318766e+00  5.666867e+00 -7.698682e+00
   endloop
 endfacet
 facet normal -7.260770e-01  4.082527e-01 -5.533009e-01
   outer loop
     vertex -9.942594e+00  5.590442e+00 -6.936446e+00
     vertex -9.318766e+00  5.666867e+00 -7.698682e+00
     vertex -9.683763e+00  5.017721e+00 -7.698682e+00
   endloop
 endfacet
 facet normal -5.214697e-01  7.950444e-01 -3.097963e-01
   outer loop
     vertex -7.050319e+00  1.074908e+01 -3.601787e+00
     vertex -6.535942e+00  1.074790e+01 -4.470643e+00
     vertex -7.254167e+00  1.027681e+01 -4.470643e+00
   endloop
 endfacet
 facet normal -4.964581e-01  8.163906e-01 -2.950180e-01
   outer loop
     vertex -7.050319e+00  1.074908e+01 -3.601787e+00
     vertex -6.300340e+00  1.120515e+01 -3.601787e+00
     vertex -6.535942e+00  1.074790e+01 -4.470643e+00
   endloop
 endfacet
 facet normal -1.613320e-01 -1.727444e-01 -9.716642e-01
   outer loop
     vertex -2.458411e+00 -2.632315e+00 -1.285495e+01
     vertex -1.920599e+00 -1.920599e+00 -1.307077e+01
     vertex -1.785056e+00 -2.047188e+00 -1.307077e+01
   endloop
 endfacet
 facet normal -1.677932e-01 -1.677932e-01 -9.714375e-01
   outer loop
     vertex -2.458411e+00 -2.632315e+00 -1.285495e+01
     vertex -2.632315e+00 -2.458411e+00 -1.285495e+01
     vertex -1.920599e+00 -1.920599e+00 -1.307077e+01
   endloop
 endfacet
 facet normal -4.689582e-01 -1.488407e-01 -8.705887e-01
   outer loop
     vertex -6.535942e+00 -2.322874e+00 -1.140650e+01
     vertex -6.679224e+00 -1.871431e+00 -1.140650e+01
     vertex -5.854090e+00 -1.858005e+00 -1.185327e+01
   endloop
 endfacet
 facet normal -4.602351e-01 -1.635676e-01 -8.725992e-01
   outer loop
     vertex -6.535942e+00 -2.322874e+00 -1.140650e+01
     vertex -5.854090e+00 -1.858005e+00 -1.185327e+01
     vertex -5.713648e+00 -2.253170e+00 -1.185327e+01
   endloop
 endfacet
 facet normal -6.976401e-01  9.588843e-02 -7.100026e-01
   outer loop
     vertex -9.665786e+00  1.328532e+00 -9.112084e+00
     vertex -8.979590e+00  1.548238e+00 -9.756660e+00
     vertex -9.064312e+00  9.318396e-01 -9.756660e+00
   endloop
 endfacet
 facet normal -6.999063e-01  1.206760e-01 -7.039662e-01
   outer loop
     vertex -9.665786e+00  1.328532e+00 -9.112084e+00
     vertex -9.552591e+00  1.985051e+00 -9.112084e+00
     vertex -8.979590e+00  1.548238e+00 -9.756660e+00
   endloop
 endfacet
 facet normal -7.095692e-01  5.008686e-01 -4.956231e-01
   outer loop
     vertex -9.683763e+00  6.835546e+00 -6.141868e+00
     vertex -9.088757e+00  6.892222e+00 -6.936446e+00
     vertex -9.537911e+00  6.255916e+00 -6.936446e+00
   endloop
 endfacet
 facet normal -6.971183e-01  5.286415e-01 -4.843184e-01
   outer loop
     vertex -9.683763e+00  6.835546e+00 -6.141868e+00
     vertex -9.194714e+00  7.480454e+00 -6.141868e+00
     vertex -9.088757e+00  6.892222e+00 -6.936446e+00
   endloop
 endfacet
 facet normal -4.461015e-01  8.609369e-01 -2.445019e-01
   outer loop
     vertex -6.013405e+00  1.160535e+01 -2.716138e+00
     vertex -5.520986e+00  1.160898e+01 -3.601787e+00
     vertex -6.300340e+00  1.120515e+01 -3.601787e+00
   endloop
 endfacet
 facet normal -4.180856e-01  8.791085e-01 -2.288506e-01
   outer loop
     vertex -6.013405e+00  1.160535e+01 -2.716138e+00
     vertex -5.207410e+00  1.198866e+01 -2.716138e+00
     vertex -5.520986e+00  1.160898e+01 -3.601787e+00
   endloop
 endfacet
 facet normal -1.360978e-02 -3.133286e-02 -9.994163e-01
   outer loop
     vertex -3.342175e-01 -8.475174e-01 -1.331888e+01
     vertex -3.912750e-01 -8.227338e-01 -1.331888e+01
     vertex  4.087259e-16 -1.001090e-31 -1.335000e+01
   endloop
 endfacet
 facet normal -2.353051e-01 -1.914349e-01 -9.528820e-01
   outer loop
     vertex -3.369582e+00 -2.938123e+00 -1.257918e+01
     vertex -3.562231e+00 -2.701325e+00 -1.257918e+01
     vertex -2.793947e+00 -2.273044e+00 -1.285495e+01
   endloop
 endfacet
 facet normal -2.275096e-01 -1.983781e-01 -9.533549e-01
   outer loop
     vertex -3.369582e+00 -2.938123e+00 -1.257918e+01
     vertex -2.793947e+00 -2.273044e+00 -1.285495e+01
     vertex -2.632315e+00 -2.458411e+00 -1.285495e+01
   endloop
 endfacet
 facet normal -5.391984e-01 -1.120467e-01 -8.346919e-01
   outer loop
     vertex -7.479786e+00 -1.822774e+00 -1.090655e+01
     vertex -7.586740e+00 -1.308086e+00 -1.090655e+01
     vertex -6.791364e+00 -1.411262e+00 -1.140650e+01
   endloop
 endfacet
 facet normal -5.308870e-01 -1.293736e-01 -8.375091e-01
   outer loop
     vertex -7.479786e+00 -1.822774e+00 -1.090655e+01
     vertex -6.791364e+00 -1.411262e+00 -1.140650e+01
     vertex -6.679224e+00 -1.871431e+00 -1.140650e+01
   endloop
 endfacet
 facet normal -7.292841e-01  1.777217e-01 -6.607266e-01
   outer loop
     vertex -1.006130e+01  2.451872e+00 -8.425024e+00
     vertex -9.394857e+00  2.632315e+00 -9.112084e+00
     vertex -9.552591e+00  1.985051e+00 -9.112084e+00
   endloop
 endfacet
 facet normal -7.289269e-01  2.042357e-01 -6.534167e-01
   outer loop
     vertex -1.006130e+01  2.451872e+00 -8.425024e+00
     vertex -9.870525e+00  3.132764e+00 -8.425024e+00
     vertex -9.394857e+00  2.632315e+00 -9.112084e+00
   endloop
 endfacet
 facet normal -6.784345e-01  5.915643e-01 -4.356355e-01
   outer loop
     vertex -9.229043e+00  8.047308e+00 -5.318655e+00
     vertex -8.662794e+00  8.090485e+00 -6.141868e+00
     vertex -9.194714e+00  7.480454e+00 -6.141868e+00
   endloop
 endfacet
 facet normal -6.622101e-01  6.184610e-01 -4.230648e-01
   outer loop
     vertex -9.229043e+00  8.047308e+00 -5.318655e+00
     vertex -8.658361e+00  8.658361e+00 -5.318655e+00
     vertex -8.662794e+00  8.090485e+00 -6.141868e+00
   endloop
 endfacet
 facet normal -3.609950e-01  9.154205e-01 -1.780107e-01
   outer loop
     vertex -4.851888e+00  1.230354e+01 -1.817825e+00
     vertex -4.377135e+00  1.231608e+01 -2.716138e+00
     vertex -5.207410e+00  1.198866e+01 -2.716138e+00
   endloop
 endfacet
 facet normal -3.304737e-01  9.298640e-01 -1.616789e-01
   outer loop
     vertex -4.851888e+00  1.230354e+01 -1.817825e+00
     vertex -4.000954e+00  1.260597e+01 -1.817825e+00
     vertex -4.377135e+00  1.231608e+01 -2.716138e+00
   endloop
 endfacet
 facet normal -4.702091e-02 -9.074623e-02 -9.947634e-01
   outer loop
     vertex -8.363176e-01 -1.614020e+00 -1.322566e+01
     vertex -4.465082e-01 -7.941143e-01 -1.331888e+01
     vertex -3.912750e-01 -8.227338e-01 -1.331888e+01
   endloop
 endfacet
 facet normal -5.017873e-02 -8.924282e-02 -9.947451e-01
   outer loop
     vertex -8.363176e-01 -1.614020e+00 -1.322566e+01
     vertex -9.445126e-01 -1.553185e+00 -1.322566e+01
     vertex -4.465082e-01 -7.941143e-01 -1.331888e+01
   endloop
 endfacet
 facet normal -3.077305e-01 -2.018404e-01 -9.298185e-01
   outer loop
     vertex -4.345181e+00 -3.067163e+00 -1.224477e+01
     vertex -4.544362e+00 -2.763488e+00 -1.224477e+01
     vertex -3.738272e+00 -2.451932e+00 -1.257918e+01
   endloop
 endfacet
 facet normal -2.989136e-01 -2.109963e-01 -9.306617e-01
   outer loop
     vertex -4.345181e+00 -3.067163e+00 -1.224477e+01
     vertex -3.738272e+00 -2.451932e+00 -1.257918e+01
     vertex -3.562231e+00 -2.701325e+00 -1.257918e+01
   endloop
 endfacet
 facet normal -5.962666e-01 -8.195496e-02 -7.985922e-01
   outer loop
     vertex -8.346553e+00 -1.147207e+00 -1.035575e+01
     vertex -7.658320e+00 -7.872992e-01 -1.090655e+01
     vertex -7.586740e+00 -1.308086e+00 -1.090655e+01
   endloop
 endfacet
 facet normal -6.036570e-01 -6.205782e-02 -7.948252e-01
   outer loop
     vertex -8.346553e+00 -1.147207e+00 -1.035575e+01
     vertex -8.405383e+00 -5.749440e-01 -1.035575e+01
     vertex -7.658320e+00 -7.872992e-01 -1.090655e+01
   endloop
 endfacet
 facet normal -7.443763e-01  2.935439e-01 -5.997798e-01
   outer loop
     vertex -1.027681e+01  3.652381e+00 -7.698682e+00
     vertex -1.000361e+01  4.345181e+00 -7.698682e+00
     vertex -9.633727e+00  3.799049e+00 -8.425024e+00
   endloop
 endfacet
 facet normal -7.477954e-01  2.657666e-01 -6.084161e-01
   outer loop
     vertex -1.027681e+01  3.652381e+00 -7.698682e+00
     vertex -9.633727e+00  3.799049e+00 -8.425024e+00
     vertex -9.870525e+00  3.132764e+00 -8.425024e+00
   endloop
 endfacet
 facet normal -6.331289e-01  6.779155e-01 -3.736020e-01
   outer loop
     vertex -8.585961e+00  9.193320e+00 -4.470643e+00
     vertex -8.047308e+00  9.229043e+00 -5.318655e+00
     vertex -8.658361e+00  8.658361e+00 -5.318655e+00
   endloop
 endfacet
 facet normal -6.131748e-01  7.032186e-01 -3.598614e-01
   outer loop
     vertex -8.585961e+00  9.193320e+00 -4.470643e+00
     vertex -7.938571e+00  9.757815e+00 -4.470643e+00
     vertex -8.047308e+00  9.229043e+00 -5.318655e+00
   endloop
 endfacet
 facet normal -2.681409e-01  9.570073e-01 -1.106228e-01
   outer loop
     vertex -3.593390e+00  1.282498e+01 -9.110362e-01
     vertex -3.131365e+00  1.284961e+01 -1.817825e+00
     vertex -4.000954e+00  1.260597e+01 -1.817825e+00
   endloop
 endfacet
 facet normal -2.365568e-01  9.707151e-01 -4.187003e-02
   outer loop
     vertex -3.593390e+00  1.282498e+01 -9.110362e-01
     vertex -3.294211e+00  1.293718e+01  0.000000e+00
     vertex -2.709806e+00  1.304030e+01 -9.110362e-01
   endloop
 endfacet
 facet normal -2.357200e-01  9.672813e-01 -9.382464e-02
   outer loop
     vertex -3.593390e+00  1.282498e+01 -9.110362e-01
     vertex -2.709806e+00  1.304030e+01 -9.110362e-01
     vertex -3.131365e+00  1.284961e+01 -1.817825e+00
   endloop
 endfacet
 facet normal -2.707218e-01  9.622024e-01 -2.960202e-02
   outer loop
     vertex -3.593390e+00  1.282498e+01 -9.110362e-01
     vertex -3.934982e+00  1.275690e+01  0.000000e+00
     vertex -3.294211e+00  1.293718e+01  0.000000e+00
   endloop
 endfacet
 facet normal -9.815199e-02 -1.390497e-01 -9.854092e-01
   outer loop
     vertex -1.489671e+00 -2.271186e+00 -1.307077e+01
     vertex -1.641189e+00 -2.164232e+00 -1.307077e+01
     vertex -1.048304e+00 -1.485108e+00 -1.322566e+01
   endloop
 endfacet
 facet normal -9.308103e-02 -1.419134e-01 -9.854930e-01
   outer loop
     vertex -1.489671e+00 -2.271186e+00 -1.307077e+01
     vertex -1.048304e+00 -1.485108e+00 -1.322566e+01
     vertex -9.445126e-01 -1.553185e+00 -1.322566e+01
   endloop
 endfacet
 facet normal -3.826889e-01 -1.982934e-01 -9.023463e-01
   outer loop
     vertex -5.353624e+00 -3.010192e+00 -1.185327e+01
     vertex -5.546566e+00 -2.637831e+00 -1.185327e+01
     vertex -4.722355e+00 -2.446927e+00 -1.224477e+01
   endloop
 endfacet
 facet normal -3.732169e-01 -2.098494e-01 -9.036993e-01
   outer loop
     vertex -5.353624e+00 -3.010192e+00 -1.185327e+01
     vertex -4.722355e+00 -2.446927e+00 -1.224477e+01
     vertex -4.544362e+00 -2.763488e+00 -1.224477e+01
   endloop
 endfacet
 facet normal -6.600981e-01 -1.884575e-15 -7.511794e-01
   outer loop
     vertex -9.106772e+00 -3.110967e-01 -9.756660e+00
     vertex -9.106772e+00  3.110967e-01 -9.756660e+00
     vertex -8.425024e+00 -2.515847e-14 -1.035575e+01
   endloop
 endfacet
 facet normal -6.541599e-01 -2.234677e-02 -7.560261e-01
   outer loop
     vertex -9.106772e+00 -3.110967e-01 -9.756660e+00
     vertex -8.425024e+00 -2.515847e-14 -1.035575e+01
     vertex -8.405383e+00 -5.749440e-01 -1.035575e+01
   endloop
 endfacet
 facet normal -7.522445e-01  3.577517e-01 -5.533009e-01
   outer loop
     vertex -1.030092e+01  4.898902e+00 -6.936446e+00
     vertex -9.683763e+00  5.017721e+00 -7.698682e+00
     vertex -1.000361e+01  4.345181e+00 -7.698682e+00
   endloop
 endfacet
 facet normal -7.454021e-01  3.862362e-01 -5.433206e-01
   outer loop
     vertex -1.030092e+01  4.898902e+00 -6.936446e+00
     vertex -9.942594e+00  5.590442e+00 -6.936446e+00
     vertex -9.683763e+00  5.017721e+00 -7.698682e+00
   endloop
 endfacet
 facet normal -5.745097e-01  7.576046e-01 -3.097963e-01
   outer loop
     vertex -7.767426e+00  1.024289e+01 -3.601787e+00
     vertex -7.254167e+00  1.027681e+01 -4.470643e+00
     vertex -7.938571e+00  9.757815e+00 -4.470643e+00
   endloop
 endfacet
 facet normal -5.510133e-01  7.806079e-01 -2.950180e-01
   outer loop
     vertex -7.767426e+00  1.024289e+01 -3.601787e+00
     vertex -7.050319e+00  1.074908e+01 -3.601787e+00
     vertex -7.254167e+00  1.027681e+01 -4.470643e+00
   endloop
 endfacet
 facet normal -1.559514e-01 -1.788527e-01 -9.714375e-01
   outer loop
     vertex -2.273044e+00 -2.793947e+00 -1.285495e+01
     vertex -2.458411e+00 -2.632315e+00 -1.285495e+01
     vertex -1.785056e+00 -2.047188e+00 -1.307077e+01
   endloop
 endfacet
 facet normal -1.491674e-01 -1.833514e-01 -9.716642e-01
   outer loop
     vertex -2.273044e+00 -2.793947e+00 -1.285495e+01
     vertex -1.785056e+00 -2.047188e+00 -1.307077e+01
     vertex -1.641189e+00 -2.164232e+00 -1.307077e+01
   endloop
 endfacet
 facet normal -4.479999e-01 -1.945938e-01 -8.725992e-01
   outer loop
     vertex -6.362186e+00 -2.763488e+00 -1.140650e+01
     vertex -5.713648e+00 -2.253170e+00 -1.185327e+01
     vertex -5.546566e+00 -2.637831e+00 -1.185327e+01
   endloop
 endfacet
 facet normal -4.577077e-01 -1.804965e-01 -8.705887e-01
   outer loop
     vertex -6.362186e+00 -2.763488e+00 -1.140650e+01
     vertex -6.535942e+00 -2.322874e+00 -1.140650e+01
     vertex -5.713648e+00 -2.253170e+00 -1.185327e+01
   endloop
 endfacet
 facet normal -7.025574e-01  4.805624e-02 -7.100026e-01
   outer loop
     vertex -9.733915e+00  6.658180e-01 -9.112084e+00
     vertex -9.064312e+00  9.318396e-01 -9.756660e+00
     vertex -9.106772e+00  3.110967e-01 -9.756660e+00
   endloop
 endfacet
 facet normal -7.065099e-01  7.263142e-02 -7.039662e-01
   outer loop
     vertex -9.733915e+00  6.658180e-01 -9.112084e+00
     vertex -9.665786e+00  1.328532e+00 -9.112084e+00
     vertex -9.064312e+00  9.318396e-01 -9.756660e+00
   endloop
 endfacet
 facet normal -7.420955e-01  4.512783e-01 -4.956231e-01
   outer loop
     vertex -1.012766e+01  6.158768e+00 -6.141868e+00
     vertex -9.537911e+00  6.255916e+00 -6.936446e+00
     vertex -9.942594e+00  5.590442e+00 -6.936446e+00
   endloop
 endfacet
 facet normal -7.315689e-01  4.798360e-01 -4.843184e-01
   outer loop
     vertex -1.012766e+01  6.158768e+00 -6.141868e+00
     vertex -9.683763e+00  6.835546e+00 -6.141868e+00
     vertex -9.537911e+00  6.255916e+00 -6.936446e+00
   endloop
 endfacet
 facet normal -4.771035e-01  8.485280e-01 -2.288506e-01
   outer loop
     vertex -6.791364e+00  1.116792e+01 -2.716138e+00
     vertex -6.013405e+00  1.160535e+01 -2.716138e+00
     vertex -6.300340e+00  1.120515e+01 -3.601787e+00
   endloop
 endfacet
 facet normal -5.038140e-01  8.284868e-01 -2.445019e-01
   outer loop
     vertex -6.791364e+00  1.116792e+01 -2.716138e+00
     vertex -6.300340e+00  1.120515e+01 -3.601787e+00
     vertex -7.050319e+00  1.074908e+01 -3.601787e+00
   endloop
 endfacet
 facet normal -1.143982e-02 -3.218858e-02 -9.994163e-01
   outer loop
     vertex -2.756017e-01 -8.683494e-01 -1.331888e+01
     vertex -3.342175e-01 -8.475174e-01 -1.331888e+01
     vertex  4.087259e-16 -1.001090e-31 -1.335000e+01
   endloop
 endfacet
 facet normal -2.216926e-01 -2.070464e-01 -9.528820e-01
   outer loop
     vertex -3.161222e+00 -3.161222e+00 -1.257918e+01
     vertex -3.369582e+00 -2.938123e+00 -1.257918e+01
     vertex -2.632315e+00 -2.458411e+00 -1.285495e+01
   endloop
 endfacet
 facet normal -2.134414e-01 -2.134414e-01 -9.533549e-01
   outer loop
     vertex -3.161222e+00 -3.161222e+00 -1.257918e+01
     vertex -2.632315e+00 -2.458411e+00 -1.285495e+01
     vertex -2.458411e+00 -2.632315e+00 -1.285495e+01
   endloop
 endfacet
 facet normal -5.302951e-01 -1.485817e-01 -8.346919e-01
   outer loop
     vertex -7.337959e+00 -2.328963e+00 -1.090655e+01
     vertex -7.479786e+00 -1.822774e+00 -1.090655e+01
     vertex -6.679224e+00 -1.871431e+00 -1.140650e+01
   endloop
 endfacet
 facet normal -5.208206e-01 -1.653010e-01 -8.375091e-01
   outer loop
     vertex -7.337959e+00 -2.328963e+00 -1.090655e+01
     vertex -6.679224e+00 -1.871431e+00 -1.140650e+01
     vertex -6.535942e+00 -2.322874e+00 -1.140650e+01
   endloop
 endfacet
 facet normal -7.411651e-01  1.540159e-01 -6.534167e-01
   outer loop
     vertex -1.020517e+01  1.759549e+00 -8.425024e+00
     vertex -1.006130e+01  2.451872e+00 -8.425024e+00
     vertex -9.552591e+00  1.985051e+00 -9.112084e+00
   endloop
 endfacet
 facet normal -7.397121e-01  1.275393e-01 -6.607266e-01
   outer loop
     vertex -1.020517e+01  1.759549e+00 -8.425024e+00
     vertex -9.552591e+00  1.985051e+00 -9.112084e+00
     vertex -9.665786e+00  1.328532e+00 -9.112084e+00
   endloop
 endfacet
 facet normal -7.172227e-01  5.438872e-01 -4.356355e-01
   outer loop
     vertex -9.756696e+00  7.398736e+00 -5.318655e+00
     vertex -9.194714e+00  7.480454e+00 -6.141868e+00
     vertex -9.683763e+00  6.835546e+00 -6.141868e+00
   endloop
 endfacet
 facet normal -7.028716e-01  5.718284e-01 -4.230648e-01
   outer loop
     vertex -9.756696e+00  7.398736e+00 -5.318655e+00
     vertex -9.229043e+00  8.047308e+00 -5.318655e+00
     vertex -9.194714e+00  7.480454e+00 -6.141868e+00
   endloop
 endfacet
 facet normal -4.226240e-01  8.886513e-01 -1.780107e-01
   outer loop
     vertex -5.680201e+00  1.194376e+01 -1.817825e+00
     vertex -5.207410e+00  1.198866e+01 -2.716138e+00
     vertex -6.013405e+00  1.160535e+01 -2.716138e+00
   endloop
 endfacet
 facet normal -3.931595e-01  9.051439e-01 -1.616789e-01
   outer loop
     vertex -5.680201e+00  1.194376e+01 -1.817825e+00
     vertex -4.851888e+00  1.230354e+01 -1.817825e+00
     vertex -5.207410e+00  1.198866e+01 -2.716138e+00
   endloop
 endfacet
 facet normal -4.071855e-02 -9.374350e-02 -9.947634e-01
   outer loop
     vertex -7.242234e-01 -1.667329e+00 -1.322566e+01
     vertex -3.912750e-01 -8.227338e-01 -1.331888e+01
     vertex -3.342175e-01 -8.475174e-01 -1.331888e+01
   endloop
 endfacet
 facet normal -4.397161e-02 -9.245909e-02 -9.947451e-01
   outer loop
     vertex -7.242234e-01 -1.667329e+00 -1.322566e+01
     vertex -8.363176e-01 -1.614020e+00 -1.322566e+01
     vertex -3.912750e-01 -8.227338e-01 -1.331888e+01
   endloop
 endfacet
 facet normal -2.838179e-01 -2.309030e-01 -9.306617e-01
   outer loop
     vertex -4.125740e+00 -3.356539e+00 -1.224477e+01
     vertex -3.562231e+00 -2.701325e+00 -1.257918e+01
     vertex -3.369582e+00 -2.938123e+00 -1.257918e+01
   endloop
 endfacet
 facet normal -2.932390e-01 -2.223701e-01 -9.298185e-01
   outer loop
     vertex -4.125740e+00 -3.356539e+00 -1.224477e+01
     vertex -4.345181e+00 -3.067163e+00 -1.224477e+01
     vertex -3.562231e+00 -2.701325e+00 -1.257918e+01
   endloop
 endfacet
 facet normal -5.980147e-01 -1.031082e-01 -7.948252e-01
   outer loop
     vertex -8.248807e+00 -1.714122e+00 -1.035575e+01
     vertex -8.346553e+00 -1.147207e+00 -1.035575e+01
     vertex -7.586740e+00 -1.308086e+00 -1.090655e+01
   endloop
 endfacet
 facet normal -5.892838e-01 -1.224546e-01 -7.985922e-01
   outer loop
     vertex -8.248807e+00 -1.714122e+00 -1.035575e+01
     vertex -7.586740e+00 -1.308086e+00 -1.090655e+01
     vertex -7.479786e+00 -1.822774e+00 -1.090655e+01
   endloop
 endfacet
 facet normal -7.626732e-01  2.420616e-01 -5.997798e-01
   outer loop
     vertex -1.050210e+01  2.942551e+00 -7.698682e+00
     vertex -1.027681e+01  3.652381e+00 -7.698682e+00
     vertex -9.870525e+00  3.132764e+00 -8.425024e+00
   endloop
 endfacet
 facet normal -7.641887e-01  2.141156e-01 -6.084161e-01
   outer loop
     vertex -1.050210e+01  2.942551e+00 -7.698682e+00
     vertex -9.870525e+00  3.132764e+00 -8.425024e+00
     vertex -1.006130e+01  2.451872e+00 -8.425024e+00
   endloop
 endfacet
 facet normal -6.597347e-01  6.597347e-01 -3.598614e-01
   outer loop
     vertex -9.193320e+00  8.585961e+00 -4.470643e+00
     vertex -8.585961e+00  9.193320e+00 -4.470643e+00
     vertex -8.658361e+00  8.658361e+00 -5.318655e+00
   endloop
 endfacet
 facet normal -6.779155e-01  6.331289e-01 -3.736020e-01
   outer loop
     vertex -9.193320e+00  8.585961e+00 -4.470643e+00
     vertex -8.658361e+00  8.658361e+00 -5.318655e+00
     vertex -9.229043e+00  8.047308e+00 -5.318655e+00
   endloop
 endfacet
 facet normal -3.022456e-01  9.522972e-01 -4.216201e-02
   outer loop
     vertex -4.460221e+00  1.254986e+01 -9.110362e-01
     vertex -3.934982e+00  1.275690e+01  0.000000e+00
     vertex -3.593390e+00  1.282498e+01 -9.110362e-01
   endloop
 endfacet
 facet normal -3.328243e-01  9.364778e-01 -1.106228e-01
   outer loop
     vertex -4.460221e+00  1.254986e+01 -9.110362e-01
     vertex -4.000954e+00  1.260597e+01 -1.817825e+00
     vertex -4.851888e+00  1.230354e+01 -1.817825e+00
   endloop
 endfacet
 facet normal -3.011801e-01  9.489402e-01 -9.382464e-02
   outer loop
     vertex -4.460221e+00  1.254986e+01 -9.110362e-01
     vertex -3.593390e+00  1.282498e+01 -9.110362e-01
     vertex -4.000954e+00  1.260597e+01 -1.817825e+00
   endloop
 endfacet
 facet normal -3.183257e-01  9.474483e-01 -3.178938e-02
   outer loop
     vertex -4.460221e+00  1.254986e+01 -9.110362e-01
     vertex -4.565969e+00  1.254490e+01  0.000000e+00
     vertex -3.934982e+00  1.275690e+01  0.000000e+00
   endloop
 endfacet
 facet normal -3.650866e-01  9.302256e-01 -3.731094e-02
   outer loop
     vertex -4.460221e+00  1.254986e+01 -9.110362e-01
     vertex -5.185605e+00  1.230171e+01  0.000000e+00
     vertex -4.565969e+00  1.254490e+01  0.000000e+00
   endloop
 endfacet
 facet normal -8.843409e-02 -1.454237e-01 -9.854092e-01
   outer loop
     vertex -1.331207e+00 -2.367550e+00 -1.307077e+01
     vertex -1.489671e+00 -2.271186e+00 -1.307077e+01
     vertex -9.445126e-01 -1.553185e+00 -1.322566e+01
   endloop
 endfacet
 facet normal -8.317952e-02 -1.479347e-01 -9.854930e-01
   outer loop
     vertex -1.331207e+00 -2.367550e+00 -1.307077e+01
     vertex -9.445126e-01 -1.553185e+00 -1.322566e+01
     vertex -8.363176e-01 -1.614020e+00 -1.322566e+01
   endloop
 endfacet
 facet normal -3.580262e-01 -2.348294e-01 -9.036993e-01
   outer loop
     vertex -5.135720e+00 -3.368519e+00 -1.185327e+01
     vertex -4.544362e+00 -2.763488e+00 -1.224477e+01
     vertex -4.345181e+00 -3.067163e+00 -1.224477e+01
   endloop
 endfacet
 facet normal -3.682648e-01 -2.239468e-01 -9.023463e-01
   outer loop
     vertex -5.135720e+00 -3.368519e+00 -1.185327e+01
     vertex -5.353624e+00 -3.010192e+00 -1.185327e+01
     vertex -4.544362e+00 -2.763488e+00 -1.224477e+01
   endloop
 endfacet
 facet normal -6.585593e-01 -4.504669e-02 -7.511794e-01
   outer loop
     vertex -9.064312e+00 -9.318396e-01 -9.756660e+00
     vertex -9.106772e+00 -3.110967e-01 -9.756660e+00
     vertex -8.405383e+00 -5.749440e-01 -1.035575e+01
   endloop
 endfacet
 facet normal -6.511099e-01 -6.693612e-02 -7.560261e-01
   outer loop
     vertex -9.064312e+00 -9.318396e-01 -9.756660e+00
     vertex -8.405383e+00 -5.749440e-01 -1.035575e+01
     vertex -8.346553e+00 -1.147207e+00 -1.035575e+01
   endloop
 endfacet
 facet normal -7.749047e-01  3.055828e-01 -5.533009e-01
   outer loop
     vertex -1.061122e+01  4.184522e+00 -6.936446e+00
     vertex -1.000361e+01  4.345181e+00 -7.698682e+00
     vertex -1.027681e+01  3.652381e+00 -7.698682e+00
   endloop
 endfacet
 facet normal -7.700221e-01  3.344678e-01 -5.433206e-01
   outer loop
     vertex -1.061122e+01  4.184522e+00 -6.936446e+00
     vertex -1.030092e+01  4.898902e+00 -6.936446e+00
     vertex -1.000361e+01  4.345181e+00 -7.698682e+00
   endloop
 endfacet
 facet normal -6.248712e-01  7.166326e-01 -3.097963e-01
   outer loop
     vertex -8.448318e+00  9.688940e+00 -3.601787e+00
     vertex -7.938571e+00  9.757815e+00 -4.470643e+00
     vertex -8.585961e+00  9.193320e+00 -4.470643e+00
   endloop
 endfacet
 facet normal -6.029993e-01  7.411857e-01 -2.950180e-01
   outer loop
     vertex -8.448318e+00  9.688940e+00 -3.601787e+00
     vertex -7.767426e+00  1.024289e+01 -3.601787e+00
     vertex -7.938571e+00  9.757815e+00 -4.470643e+00
   endloop
 endfacet
 facet normal -1.433825e-01 -1.890782e-01 -9.714375e-01
   outer loop
     vertex -2.077080e+00 -2.942551e+00 -1.285495e+01
     vertex -2.273044e+00 -2.793947e+00 -1.285495e+01
     vertex -1.641189e+00 -2.164232e+00 -1.307077e+01
   endloop
 endfacet
 facet normal -1.363073e-01 -1.931035e-01 -9.716642e-01
   outer loop
     vertex -2.077080e+00 -2.942551e+00 -1.285495e+01
     vertex -1.641189e+00 -2.164232e+00 -1.307077e+01
     vertex -1.489671e+00 -2.271186e+00 -1.307077e+01
   endloop
 endfacet
 facet normal -4.443232e-01 -2.113108e-01 -8.705887e-01
   outer loop
     vertex -6.158768e+00 -3.191216e+00 -1.140650e+01
     vertex -6.362186e+00 -2.763488e+00 -1.140650e+01
     vertex -5.546566e+00 -2.637831e+00 -1.185327e+01
   endloop
 endfacet
 facet normal -4.336760e-01 -2.247128e-01 -8.725992e-01
   outer loop
     vertex -6.158768e+00 -3.191216e+00 -1.140650e+01
     vertex -5.546566e+00 -2.637831e+00 -1.185327e+01
     vertex -5.353624e+00 -3.010192e+00 -1.185327e+01
   endloop
 endfacet
 facet normal -7.098194e-01  2.424816e-02 -7.039662e-01
   outer loop
     vertex -9.756660e+00 -2.913495e-14 -9.112084e+00
     vertex -9.733915e+00  6.658180e-01 -9.112084e+00
     vertex -9.106772e+00  3.110967e-01 -9.756660e+00
   endloop
 endfacet
 facet normal -7.041991e-01 -2.046896e-15 -7.100026e-01
   outer loop
     vertex -9.756660e+00 -2.913495e-14 -9.112084e+00
     vertex -9.106772e+00  3.110967e-01 -9.756660e+00
     vertex -9.106772e+00 -3.110967e-01 -9.756660e+00
   endloop
 endfacet
 facet normal -7.711618e-01  3.995838e-01 -4.956231e-01
   outer loop
     vertex -1.052434e+01  5.453274e+00 -6.141868e+00
     vertex -9.942594e+00  5.590442e+00 -6.936446e+00
     vertex -1.030092e+01  4.898902e+00 -6.936446e+00
   endloop
 endfacet
 facet normal -7.626086e-01  4.287934e-01 -4.843184e-01
   outer loop
     vertex -1.052434e+01  5.453274e+00 -6.141868e+00
     vertex -1.012766e+01  6.158768e+00 -6.141868e+00
     vertex -9.942594e+00  5.590442e+00 -6.936446e+00
   endloop
 endfacet
 facet normal -5.338968e-01  8.139912e-01 -2.288506e-01
   outer loop
     vertex -7.537657e+00  1.067843e+01 -2.716138e+00
     vertex -6.791364e+00  1.116792e+01 -2.716138e+00
     vertex -7.050319e+00  1.074908e+01 -3.601787e+00
   endloop
 endfacet
 facet normal -5.591774e-01  7.921739e-01 -2.445019e-01
   outer loop
     vertex -7.537657e+00  1.067843e+01 -2.716138e+00
     vertex -7.050319e+00  1.074908e+01 -3.601787e+00
     vertex -7.767426e+00  1.024289e+01 -3.601787e+00
   endloop
 endfacet
 facet normal -9.216528e-03 -3.289422e-02 -9.994163e-01
   outer loop
     vertex -2.157010e-01 -8.851328e-01 -1.331888e+01
     vertex -2.756017e-01 -8.683494e-01 -1.331888e+01
     vertex  4.087259e-16 -1.001090e-31 -1.335000e+01
   endloop
 endfacet
 facet normal -2.070464e-01 -2.216926e-01 -9.528820e-01
   outer loop
     vertex -2.938123e+00 -3.369582e+00 -1.257918e+01
     vertex -3.161222e+00 -3.161222e+00 -1.257918e+01
     vertex -2.458411e+00 -2.632315e+00 -1.285495e+01
   endloop
 endfacet
 facet normal -1.983781e-01 -2.275096e-01 -9.533549e-01
   outer loop
     vertex -2.938123e+00 -3.369582e+00 -1.257918e+01
     vertex -2.458411e+00 -2.632315e+00 -1.285495e+01
     vertex -2.273044e+00 -2.793947e+00 -1.285495e+01
   endloop
 endfacet
 facet normal -5.189193e-01 -1.844239e-01 -8.346919e-01
   outer loop
     vertex -7.161918e+00 -2.824294e+00 -1.090655e+01
     vertex -7.337959e+00 -2.328963e+00 -1.090655e+01
     vertex -6.535942e+00 -2.322874e+00 -1.140650e+01
   endloop
 endfacet
 facet normal -5.083259e-01 -2.004577e-01 -8.375091e-01
   outer loop
     vertex -7.161918e+00 -2.824294e+00 -1.090655e+01
     vertex -6.535942e+00 -2.322874e+00 -1.140650e+01
     vertex -6.362186e+00 -2.763488e+00 -1.140650e+01
   endloop
 endfacet
 facet normal -7.466913e-01  7.676219e-02 -6.607266e-01
   outer loop
     vertex -1.030145e+01  1.059022e+00 -8.425024e+00
     vertex -9.665786e+00  1.328532e+00 -9.112084e+00
     vertex -9.733915e+00  6.658180e-01 -9.112084e+00
   endloop
 endfacet
 facet normal -7.499477e-01  1.030779e-01 -6.534167e-01
   outer loop
     vertex -1.030145e+01  1.059022e+00 -8.425024e+00
     vertex -1.020517e+01  1.759549e+00 -8.425024e+00
     vertex -9.665786e+00  1.328532e+00 -9.112084e+00
   endloop
 endfacet
 facet normal -7.526669e-01  4.936742e-01 -4.356355e-01
   outer loop
     vertex -1.023886e+01  6.715667e+00 -5.318655e+00
     vertex -9.683763e+00  6.835546e+00 -6.141868e+00
     vertex -1.012766e+01  6.158768e+00 -6.141868e+00
   endloop
 endfacet
 facet normal -7.402560e-01  5.225297e-01 -4.230648e-01
   outer loop
     vertex -1.023886e+01  6.715667e+00 -5.318655e+00
     vertex -9.756696e+00  7.398736e+00 -5.318655e+00
     vertex -9.683763e+00  6.835546e+00 -6.141868e+00
   endloop
 endfacet
 facet normal -4.822824e-01  8.577388e-01 -1.780107e-01
   outer loop
     vertex -6.482030e+00  1.152828e+01 -1.817825e+00
     vertex -6.013405e+00  1.160535e+01 -2.716138e+00
     vertex -6.791364e+00  1.116792e+01 -2.716138e+00
   endloop
 endfacet
 facet normal -4.540122e-01  8.762037e-01 -1.616789e-01
   outer loop
     vertex -6.482030e+00  1.152828e+01 -1.817825e+00
     vertex -5.680201e+00  1.194376e+01 -1.817825e+00
     vertex -6.013405e+00  1.160535e+01 -2.716138e+00
   endloop
 endfacet
 facet normal -3.755947e-02 -9.524428e-02 -9.947451e-01
   outer loop
     vertex -6.087525e-01 -1.712865e+00 -1.322566e+01
     vertex -7.242234e-01 -1.667329e+00 -1.322566e+01
     vertex -3.342175e-01 -8.475174e-01 -1.331888e+01
   endloop
 endfacet
 facet normal -3.422634e-02 -9.630370e-02 -9.947634e-01
   outer loop
     vertex -6.087525e-01 -1.712865e+00 -1.322566e+01
     vertex -3.342175e-01 -8.475174e-01 -1.331888e+01
     vertex -2.756017e-01 -8.683494e-01 -1.331888e+01
   endloop
 endfacet
 facet normal -2.673989e-01 -2.497331e-01 -9.306617e-01
   outer loop
     vertex -3.887064e+00 -3.630264e+00 -1.224477e+01
     vertex -3.369582e+00 -2.938123e+00 -1.257918e+01
     vertex -3.161222e+00 -3.161222e+00 -1.257918e+01
   endloop
 endfacet
 facet normal -2.773803e-01 -2.418631e-01 -9.298185e-01
   outer loop
     vertex -3.887064e+00 -3.630264e+00 -1.224477e+01
     vertex -4.125740e+00 -3.356539e+00 -1.224477e+01
     vertex -3.369582e+00 -2.938123e+00 -1.257918e+01
   endloop
 endfacet
 facet normal -5.895843e-01 -1.436778e-01 -7.948252e-01
   outer loop
     vertex -8.112601e+00 -2.273044e+00 -1.035575e+01
     vertex -8.248807e+00 -1.714122e+00 -1.035575e+01
     vertex -7.479786e+00 -1.822774e+00 -1.090655e+01
   endloop
 endfacet
 facet normal -5.795535e-01 -1.623833e-01 -7.985922e-01
   outer loop
     vertex -8.112601e+00 -2.273044e+00 -1.035575e+01
     vertex -7.479786e+00 -1.822774e+00 -1.090655e+01
     vertex -7.337959e+00 -2.328963e+00 -1.090655e+01
   endloop
 endfacet
 facet normal -7.774141e-01  1.894506e-01 -5.997798e-01
   outer loop
     vertex -1.067843e+01  2.219003e+00 -7.698682e+00
     vertex -1.050210e+01  2.942551e+00 -7.698682e+00
     vertex -1.006130e+01  2.451872e+00 -8.425024e+00
   endloop
 endfacet
 facet normal -7.770190e-01  1.614664e-01 -6.084161e-01
   outer loop
     vertex -1.067843e+01  2.219003e+00 -7.698682e+00
     vertex -1.006130e+01  2.451872e+00 -8.425024e+00
     vertex -1.020517e+01  1.759549e+00 -8.425024e+00
   endloop
 endfacet
 facet normal -7.032186e-01  6.131748e-01 -3.598614e-01
   outer loop
     vertex -9.757815e+00  7.938571e+00 -4.470643e+00
     vertex -9.193320e+00  8.585961e+00 -4.470643e+00
     vertex -9.229043e+00  8.047308e+00 -5.318655e+00
   endloop
 endfacet
 facet normal -7.195413e-01  5.853903e-01 -3.736020e-01
   outer loop
     vertex -9.757815e+00  7.938571e+00 -4.470643e+00
     vertex -9.229043e+00  8.047308e+00 -5.318655e+00
     vertex -9.756696e+00  7.398736e+00 -5.318655e+00
   endloop
 endfacet
 facet normal -3.652359e-01  9.261747e-01 -9.382464e-02
   outer loop
     vertex -5.306256e+00  1.221623e+01 -9.110362e-01
     vertex -4.460221e+00  1.254986e+01 -9.110362e-01
     vertex -4.851888e+00  1.230354e+01 -1.817825e+00
   endloop
 endfacet
 facet normal -3.665798e-01  9.295824e-01 -3.867497e-02
   outer loop
     vertex -5.306256e+00  1.221623e+01 -9.110362e-01
     vertex -5.185605e+00  1.230171e+01  0.000000e+00
     vertex -4.460221e+00  1.254986e+01 -9.110362e-01
   endloop
 endfacet
 facet normal -4.110889e-01  9.110665e-01 -3.104317e-02
   outer loop
     vertex -5.306256e+00  1.221623e+01 -9.110362e-01
     vertex -5.792348e+00  1.202793e+01  0.000000e+00
     vertex -5.185605e+00  1.230171e+01  0.000000e+00
   endloop
 endfacet
 facet normal -3.959559e-01  9.115819e-01 -1.106228e-01
   outer loop
     vertex -5.306256e+00  1.221623e+01 -9.110362e-01
     vertex -4.851888e+00  1.230354e+01 -1.817825e+00
     vertex -5.680201e+00  1.194376e+01 -1.817825e+00
   endloop
 endfacet
 facet normal -7.289019e-02 -1.532662e-01 -9.854930e-01
   outer loop
     vertex -1.166536e+00 -2.452875e+00 -1.307077e+01
     vertex -8.363176e-01 -1.614020e+00 -1.322566e+01
     vertex -7.242234e-01 -1.667329e+00 -1.322566e+01
   endloop
 endfacet
 facet normal -7.830387e-02 -1.511196e-01 -9.854092e-01
   outer loop
     vertex -1.166536e+00 -2.452875e+00 -1.307077e+01
     vertex -1.331207e+00 -2.367550e+00 -1.307077e+01
     vertex -8.363176e-01 -1.614020e+00 -1.322566e+01
   endloop
 endfacet
 facet normal -3.411663e-01 -2.587145e-01 -9.036993e-01
   outer loop
     vertex -4.893872e+00 -3.711140e+00 -1.185327e+01
     vertex -4.345181e+00 -3.067163e+00 -1.224477e+01
     vertex -4.125740e+00 -3.356539e+00 -1.224477e+01
   endloop
 endfacet
 facet normal -3.521236e-01 -2.485560e-01 -9.023463e-01
   outer loop
     vertex -4.893872e+00 -3.711140e+00 -1.185327e+01
     vertex -5.135720e+00 -3.368519e+00 -1.185327e+01
     vertex -4.345181e+00 -3.067163e+00 -1.224477e+01
   endloop
 endfacet
 facet normal -6.450241e-01 -1.112134e-01 -7.560261e-01
   outer loop
     vertex -8.979590e+00 -1.548238e+00 -9.756660e+00
     vertex -8.346553e+00 -1.147207e+00 -1.035575e+01
     vertex -8.248807e+00 -1.714122e+00 -1.035575e+01
   endloop
 endfacet
 facet normal -6.539499e-01 -8.988335e-02 -7.511794e-01
   outer loop
     vertex -8.979590e+00 -1.548238e+00 -9.756660e+00
     vertex -9.064312e+00 -9.318396e-01 -9.756660e+00
     vertex -8.346553e+00 -1.147207e+00 -1.035575e+01
   endloop
 endfacet
 facet normal -7.910519e-01  2.811399e-01 -5.433206e-01
   outer loop
     vertex -1.087204e+01  3.450632e+00 -6.936446e+00
     vertex -1.061122e+01  4.184522e+00 -6.936446e+00
     vertex -1.027681e+01  3.652381e+00 -7.698682e+00
   endloop
 endfacet
 facet normal -7.939519e-01  2.519890e-01 -5.533009e-01
   outer loop
     vertex -1.087204e+01  3.450632e+00 -6.936446e+00
     vertex -1.027681e+01  3.652381e+00 -7.698682e+00
     vertex -1.050210e+01  2.942551e+00 -7.698682e+00
   endloop
 endfacet
 facet normal -6.521739e-01  6.983077e-01 -2.950180e-01
   outer loop
     vertex -9.089819e+00  9.089819e+00 -3.601787e+00
     vertex -8.448318e+00  9.688940e+00 -3.601787e+00
     vertex -8.585961e+00  9.193320e+00 -4.470643e+00
   endloop
 endfacet
 facet normal -6.723192e-01  6.723192e-01 -3.097963e-01
   outer loop
     vertex -9.089819e+00  9.089819e+00 -3.601787e+00
     vertex -8.585961e+00  9.193320e+00 -4.470643e+00
     vertex -9.193320e+00  8.585961e+00 -4.470643e+00
   endloop
 endfacet
 facet normal -1.228117e-01 -2.019553e-01 -9.716642e-01
   outer loop
     vertex -1.871431e+00 -3.077437e+00 -1.285495e+01
     vertex -1.489671e+00 -2.271186e+00 -1.307077e+01
     vertex -1.331207e+00 -2.367550e+00 -1.307077e+01
   endloop
 endfacet
 facet normal -1.301451e-01 -1.984222e-01 -9.714375e-01
   outer loop
     vertex -1.871431e+00 -3.077437e+00 -1.285495e+01
     vertex -2.077080e+00 -2.942551e+00 -1.285495e+01
     vertex -1.489671e+00 -2.271186e+00 -1.307077e+01
   endloop
 endfacet
 facet normal -4.173300e-01 -2.537840e-01 -8.725992e-01
   outer loop
     vertex -5.926634e+00 -3.604066e+00 -1.140650e+01
     vertex -5.353624e+00 -3.010192e+00 -1.185327e+01
     vertex -5.135720e+00 -3.368519e+00 -1.185327e+01
   endloop
 endfacet
 facet normal -4.288670e-01 -2.411399e-01 -8.705887e-01
   outer loop
     vertex -5.926634e+00 -3.604066e+00 -1.140650e+01
     vertex -6.158768e+00 -3.191216e+00 -1.140650e+01
     vertex -5.353624e+00 -3.010192e+00 -1.185327e+01
   endloop
 endfacet
 facet normal -7.025574e-01 -4.805624e-02 -7.100026e-01
   outer loop
     vertex -9.733915e+00 -6.658180e-01 -9.112084e+00
     vertex -9.106772e+00 -3.110967e-01 -9.756660e+00
     vertex -9.064312e+00 -9.318396e-01 -9.756660e+00
   endloop
 endfacet
 facet normal -7.098194e-01 -2.424816e-02 -7.039662e-01
   outer loop
     vertex -9.733915e+00 -6.658180e-01 -9.112084e+00
     vertex -9.756660e+00 -2.913495e-14 -9.112084e+00
     vertex -9.106772e+00 -3.110967e-01 -9.756660e+00
   endloop
 endfacet
 facet normal -7.966326e-01  3.460264e-01 -4.956231e-01
   outer loop
     vertex -1.087195e+01  4.722355e+00 -6.141868e+00
     vertex -1.030092e+01  4.898902e+00 -6.936446e+00
     vertex -1.061122e+01  4.184522e+00 -6.936446e+00
   endloop
 endfacet
 facet normal -7.900927e-01  3.757515e-01 -4.843184e-01
   outer loop
     vertex -1.087195e+01  4.722355e+00 -6.141868e+00
     vertex -1.052434e+01  5.453274e+00 -6.141868e+00
     vertex -1.030092e+01  4.898902e+00 -6.936446e+00
   endloop
 endfacet
 facet normal -5.882009e-01  7.756591e-01 -2.288506e-01
   outer loop
     vertex -8.248807e+00  1.013915e+01 -2.716138e+00
     vertex -7.537657e+00  1.067843e+01 -2.716138e+00
     vertex -7.767426e+00  1.024289e+01 -3.601787e+00
   endloop
 endfacet
 facet normal -6.119337e-01  7.521675e-01 -2.445019e-01
   outer loop
     vertex -8.248807e+00  1.013915e+01 -2.716138e+00
     vertex -7.767426e+00  1.024289e+01 -3.601787e+00
     vertex -8.448318e+00  9.688940e+00 -3.601787e+00
   endloop
 endfacet
 facet normal -6.950261e-03 -3.344649e-02 -9.994163e-01
   outer loop
     vertex -1.547945e-01 -8.977893e-01 -1.331888e+01
     vertex -2.157010e-01 -8.851328e-01 -1.331888e+01
     vertex  4.087259e-16 -1.001090e-31 -1.335000e+01
   endloop
 endfacet
 facet normal -1.823898e-01 -2.405170e-01 -9.533549e-01
   outer loop
     vertex -2.701325e+00 -3.562231e+00 -1.257918e+01
     vertex -2.273044e+00 -2.793947e+00 -1.285495e+01
     vertex -2.077080e+00 -2.942551e+00 -1.285495e+01
   endloop
 endfacet
 facet normal -1.914349e-01 -2.353051e-01 -9.528820e-01
   outer loop
     vertex -2.701325e+00 -3.562231e+00 -1.257918e+01
     vertex -2.938123e+00 -3.369582e+00 -1.257918e+01
     vertex -2.273044e+00 -2.793947e+00 -1.285495e+01
   endloop
 endfacet
 facet normal -5.051240e-01 -2.194063e-01 -8.346919e-01
   outer loop
     vertex -6.952485e+00 -3.306457e+00 -1.090655e+01
     vertex -7.161918e+00 -2.824294e+00 -1.090655e+01
     vertex -6.362186e+00 -2.763488e+00 -1.140650e+01
   endloop
 endfacet
 facet normal -4.934611e-01 -2.346798e-01 -8.375091e-01
   outer loop
     vertex -6.952485e+00 -3.306457e+00 -1.090655e+01
     vertex -6.362186e+00 -2.763488e+00 -1.140650e+01
     vertex -6.158768e+00 -3.191216e+00 -1.140650e+01
   endloop
 endfacet
 facet normal -7.552337e-01  5.165940e-02 -6.534167e-01
   outer loop
     vertex -1.034971e+01  3.535567e-01 -8.425024e+00
     vertex -1.030145e+01  1.059022e+00 -8.425024e+00
     vertex -9.733915e+00  6.658180e-01 -9.112084e+00
   endloop
 endfacet
 facet normal -7.501890e-01  2.562723e-02 -6.607266e-01
   outer loop
     vertex -1.034971e+01  3.535567e-01 -8.425024e+00
     vertex -9.733915e+00  6.658180e-01 -9.112084e+00
     vertex -9.756660e+00 -2.913495e-14 -9.112084e+00
   endloop
 endfacet
 facet normal -7.846018e-01  4.411596e-01 -4.356355e-01
   outer loop
     vertex -1.067328e+01  6.001287e+00 -5.318655e+00
     vertex -1.012766e+01  6.158768e+00 -6.141868e+00
     vertex -1.052434e+01  5.453274e+00 -6.141868e+00
   endloop
 endfacet
 facet normal -7.741889e-01  4.707947e-01 -4.230648e-01
   outer loop
     vertex -1.067328e+01  6.001287e+00 -5.318655e+00
     vertex -1.023886e+01  6.715667e+00 -5.318655e+00
     vertex -1.012766e+01  6.158768e+00 -6.141868e+00
   endloop
 endfacet
 facet normal -5.396923e-01  8.228271e-01 -1.780107e-01
   outer loop
     vertex -7.253637e+00  1.105906e+01 -1.817825e+00
     vertex -6.791364e+00  1.116792e+01 -2.716138e+00
     vertex -7.537657e+00  1.067843e+01 -2.716138e+00
   endloop
 endfacet
 facet normal -5.127480e-01  8.431782e-01 -1.616789e-01
   outer loop
     vertex -7.253637e+00  1.105906e+01 -1.817825e+00
     vertex -6.482030e+00  1.152828e+01 -1.817825e+00
     vertex -6.791364e+00  1.116792e+01 -2.716138e+00
   endloop
 endfacet
 facet normal -2.757456e-02 -9.841488e-02 -9.947634e-01
   outer loop
     vertex -4.904433e-01 -1.750415e+00 -1.322566e+01
     vertex -2.756017e-01 -8.683494e-01 -1.331888e+01
     vertex -2.157010e-01 -8.851328e-01 -1.331888e+01
   endloop
 endfacet
 facet normal -3.097221e-02 -9.758539e-02 -9.947451e-01
   outer loop
     vertex -4.904433e-01 -1.750415e+00 -1.322566e+01
     vertex -6.087525e-01 -1.712865e+00 -1.322566e+01
     vertex -2.756017e-01 -8.683494e-01 -1.331888e+01
   endloop
 endfacet
 facet normal -2.602283e-01 -2.602283e-01 -9.298185e-01
   outer loop
     vertex -3.630264e+00 -3.887064e+00 -1.224477e+01
     vertex -3.887064e+00 -3.630264e+00 -1.224477e+01
     vertex -3.161222e+00 -3.161222e+00 -1.257918e+01
   endloop
 endfacet
 facet normal -2.497331e-01 -2.673989e-01 -9.306617e-01
   outer loop
     vertex -3.630264e+00 -3.887064e+00 -1.224477e+01
     vertex -3.161222e+00 -3.161222e+00 -1.257918e+01
     vertex -2.938123e+00 -3.369582e+00 -1.257918e+01
   endloop
 endfacet
 facet normal -5.671210e-01 -2.015548e-01 -7.985922e-01
   outer loop
     vertex -7.938571e+00 -2.821369e+00 -1.035575e+01
     vertex -7.337959e+00 -2.328963e+00 -1.090655e+01
     vertex -7.161918e+00 -2.824294e+00 -1.090655e+01
   endloop
 endfacet
 facet normal -5.784049e-01 -1.835775e-01 -7.948252e-01
   outer loop
     vertex -7.938571e+00 -2.821369e+00 -1.035575e+01
     vertex -8.112601e+00 -2.273044e+00 -1.035575e+01
     vertex -7.337959e+00 -2.328963e+00 -1.090655e+01
   endloop
 endfacet
 facet normal -7.885303e-01  1.359564e-01 -5.997798e-01
   outer loop
     vertex -1.080496e+01  1.485108e+00 -7.698682e+00
     vertex -1.067843e+01  2.219003e+00 -7.698682e+00
     vertex -1.020517e+01  1.759549e+00 -8.425024e+00
   endloop
 endfacet
 facet normal -7.862264e-01  1.080643e-01 -6.084161e-01
   outer loop
     vertex -1.080496e+01  1.485108e+00 -7.698682e+00
     vertex -1.020517e+01  1.759549e+00 -8.425024e+00
     vertex -1.030145e+01  1.059022e+00 -8.425024e+00
   endloop
 endfacet
 facet normal -7.434238e-01  5.637561e-01 -3.598614e-01
   outer loop
     vertex -1.027681e+01  7.254167e+00 -4.470643e+00
     vertex -9.757815e+00  7.938571e+00 -4.470643e+00
     vertex -9.756696e+00  7.398736e+00 -5.318655e+00
   endloop
 endfacet
 facet normal -7.578124e-01  5.349224e-01 -3.736020e-01
   outer loop
     vertex -1.027681e+01  7.254167e+00 -4.470643e+00
     vertex -9.756696e+00  7.398736e+00 -5.318655e+00
     vertex -1.023886e+01  6.715667e+00 -5.318655e+00
   endloop
 endfacet
 facet normal -4.275889e-01  8.990910e-01 -9.382464e-02
   outer loop
     vertex -6.127550e+00  1.182563e+01 -9.110362e-01
     vertex -5.306256e+00  1.221623e+01 -9.110362e-01
     vertex -5.680201e+00  1.194376e+01 -1.817825e+00
   endloop
 endfacet
 facet normal -4.290959e-01  9.022599e-01 -4.247114e-02
   outer loop
     vertex -6.127550e+00  1.182563e+01 -9.110362e-01
     vertex -5.792348e+00  1.202793e+01  0.000000e+00
     vertex -5.306256e+00  1.221623e+01 -9.110362e-01
   endloop
 endfacet
 facet normal -4.572414e-01  8.824358e-01 -1.106228e-01
   outer loop
     vertex -6.127550e+00  1.182563e+01 -9.110362e-01
     vertex -5.680201e+00  1.194376e+01 -1.817825e+00
     vertex -6.482030e+00  1.152828e+01 -1.817825e+00
   endloop
 endfacet
 facet normal -4.560090e-01  8.894784e-01 -2.973070e-02
   outer loop
     vertex -6.127550e+00  1.182563e+01 -9.110362e-01
     vertex -6.384691e+00  1.172426e+01  0.000000e+00
     vertex -5.792348e+00  1.202793e+01  0.000000e+00
   endloop
 endfacet
 facet normal -6.780855e-02 -1.561109e-01 -9.854092e-01
   outer loop
     vertex -9.964266e-01 -2.526764e+00 -1.307077e+01
     vertex -1.166536e+00 -2.452875e+00 -1.307077e+01
     vertex -7.242234e-01 -1.667329e+00 -1.322566e+01
   endloop
 endfacet
 facet normal -6.226101e-02 -1.578831e-01 -9.854930e-01
   outer loop
     vertex -9.964266e-01 -2.526764e+00 -1.307077e+01
     vertex -7.242234e-01 -1.667329e+00 -1.322566e+01
     vertex -6.087525e-01 -1.712865e+00 -1.322566e+01
   endloop
 endfacet
 facet normal -3.343407e-01 -2.720063e-01 -9.023463e-01
   outer loop
     vertex -4.629206e+00 -4.036458e+00 -1.185327e+01
     vertex -4.893872e+00 -3.711140e+00 -1.185327e+01
     vertex -4.125740e+00 -3.356539e+00 -1.224477e+01
   endloop
 endfacet
 facet normal -3.227156e-01 -2.813934e-01 -9.036993e-01
   outer loop
     vertex -4.629206e+00 -4.036458e+00 -1.185327e+01
     vertex -4.125740e+00 -3.356539e+00 -1.224477e+01
     vertex -3.887064e+00 -3.630264e+00 -1.224477e+01
   endloop
 endfacet
 facet normal -6.359309e-01 -1.549721e-01 -7.560261e-01
   outer loop
     vertex -8.853001e+00 -2.157417e+00 -9.756660e+00
     vertex -8.248807e+00 -1.714122e+00 -1.035575e+01
     vertex -8.112601e+00 -2.273044e+00 -1.035575e+01
   endloop
 endfacet
 facet normal -6.462916e-01 -1.343009e-01 -7.511794e-01
   outer loop
     vertex -8.853001e+00 -2.157417e+00 -9.756660e+00
     vertex -8.979590e+00 -1.548238e+00 -9.756660e+00
     vertex -8.248807e+00 -1.714122e+00 -1.035575e+01
   endloop
 endfacet
 facet normal -8.092973e-01  1.972204e-01 -5.533009e-01
   outer loop
     vertex -1.108218e+01  2.700653e+00 -6.936446e+00
     vertex -1.050210e+01  2.942551e+00 -7.698682e+00
     vertex -1.067843e+01  2.219003e+00 -7.698682e+00
   endloop
 endfacet
 facet normal -8.083934e-01  2.265012e-01 -5.433206e-01
   outer loop
     vertex -1.108218e+01  2.700653e+00 -6.936446e+00
     vertex -1.087204e+01  3.450632e+00 -6.936446e+00
     vertex -1.050210e+01  2.942551e+00 -7.698682e+00
   endloop
 endfacet
 facet normal -7.166326e-01  6.248712e-01 -3.097963e-01
   outer loop
     vertex -9.688940e+00  8.448318e+00 -3.601787e+00
     vertex -9.193320e+00  8.585961e+00 -4.470643e+00
     vertex -9.757815e+00  7.938571e+00 -4.470643e+00
   endloop
 endfacet
 facet normal -6.983077e-01  6.521739e-01 -2.950180e-01
   outer loop
     vertex -9.688940e+00  8.448318e+00 -3.601787e+00
     vertex -9.089819e+00  9.089819e+00 -3.601787e+00
     vertex -9.193320e+00  8.585961e+00 -4.470643e+00
   endloop
 endfacet
 facet normal -1.087435e-01 -2.098654e-01 -9.716642e-01
   outer loop
     vertex -1.657056e+00 -3.197973e+00 -1.285495e+01
     vertex -1.331207e+00 -2.367550e+00 -1.307077e+01
     vertex -1.166536e+00 -2.452875e+00 -1.307077e+01
   endloop
 endfacet
 facet normal -1.163009e-01 -2.068411e-01 -9.714375e-01
   outer loop
     vertex -1.657056e+00 -3.197973e+00 -1.285495e+01
     vertex -1.871431e+00 -3.077437e+00 -1.285495e+01
     vertex -1.331207e+00 -2.367550e+00 -1.307077e+01
   endloop
 endfacet
 facet normal -4.114113e-01 -2.698447e-01 -8.705887e-01
   outer loop
     vertex -5.666867e+00 -4.000112e+00 -1.140650e+01
     vertex -5.926634e+00 -3.604066e+00 -1.140650e+01
     vertex -5.135720e+00 -3.368519e+00 -1.185327e+01
   endloop
 endfacet
 facet normal -3.990383e-01 -2.816720e-01 -8.725992e-01
   outer loop
     vertex -5.666867e+00 -4.000112e+00 -1.140650e+01
     vertex -5.135720e+00 -3.368519e+00 -1.185327e+01
     vertex -4.893872e+00 -3.711140e+00 -1.185327e+01
   endloop
 endfacet
 facet normal -6.976401e-01 -9.588843e-02 -7.100026e-01
   outer loop
     vertex -9.665786e+00 -1.328532e+00 -9.112084e+00
     vertex -9.064312e+00 -9.318396e-01 -9.756660e+00
     vertex -8.979590e+00 -1.548238e+00 -9.756660e+00
   endloop
 endfacet
 facet normal -7.065099e-01 -7.263142e-02 -7.039662e-01
   outer loop
     vertex -9.665786e+00 -1.328532e+00 -9.112084e+00
     vertex -9.733915e+00 -6.658180e-01 -9.112084e+00
     vertex -9.064312e+00 -9.318396e-01 -9.756660e+00
   endloop
 endfacet
 facet normal -8.183891e-01  2.908556e-01 -4.956231e-01
   outer loop
     vertex -1.116887e+01  3.969418e+00 -6.141868e+00
     vertex -1.061122e+01  4.184522e+00 -6.936446e+00
     vertex -1.087204e+01  3.450632e+00 -6.936446e+00
   endloop
 endfacet
 facet normal -8.138930e-01  3.209577e-01 -4.843184e-01
   outer loop
     vertex -1.116887e+01  3.969418e+00 -6.141868e+00
     vertex -1.087195e+01  4.722355e+00 -6.141868e+00
     vertex -1.061122e+01  4.184522e+00 -6.936446e+00
   endloop
 endfacet
 facet normal -6.397625e-01  7.337107e-01 -2.288506e-01
   outer loop
     vertex -8.921497e+00  9.552591e+00 -2.716138e+00
     vertex -8.248807e+00  1.013915e+01 -2.716138e+00
     vertex -8.448318e+00  9.688940e+00 -3.601787e+00
   endloop
 endfacet
 facet normal -6.618368e-01  7.086542e-01 -2.445019e-01
   outer loop
     vertex -8.921497e+00  9.552591e+00 -2.716138e+00
     vertex -8.448318e+00  9.688940e+00 -3.601787e+00
     vertex -9.089819e+00  9.089819e+00 -3.601787e+00
   endloop
 endfacet
 facet normal -4.651589e-03 -3.384282e-02 -9.994163e-01
   outer loop
     vertex -9.316634e-02 -9.062599e-01 -1.331888e+01
     vertex -1.547945e-01 -8.977893e-01 -1.331888e+01
     vertex  4.087259e-16 -1.001090e-31 -1.335000e+01
   endloop
 endfacet
 facet normal -9.479682e-02 -2.443071e-02 -9.951968e-01
   outer loop
     vertex -9.316634e-02 -9.062599e-01 -1.331888e+01
     vertex  4.087259e-16 -1.001090e-31 -1.335000e+01
     vertex  0.000000e+00 -6.550535e-01 -1.333392e+01
   endloop
 endfacet
 facet normal -1.749308e-01 -2.478205e-01 -9.528820e-01
   outer loop
     vertex -2.451932e+00 -3.738272e+00 -1.257918e+01
     vertex -2.701325e+00 -3.562231e+00 -1.257918e+01
     vertex -2.077080e+00 -2.942551e+00 -1.285495e+01
   endloop
 endfacet
 facet normal -1.655512e-01 -2.524030e-01 -9.533549e-01
   outer loop
     vertex -2.451932e+00 -3.738272e+00 -1.257918e+01
     vertex -2.077080e+00 -2.942551e+00 -1.285495e+01
     vertex -1.871431e+00 -3.077437e+00 -1.285495e+01
   endloop
 endfacet
 facet normal -4.889736e-01 -2.533657e-01 -8.346919e-01
   outer loop
     vertex -6.710637e+00 -3.773203e+00 -1.090655e+01
     vertex -6.952485e+00 -3.306457e+00 -1.090655e+01
     vertex -6.158768e+00 -3.191216e+00 -1.140650e+01
   endloop
 endfacet
 facet normal -4.762957e-01 -2.678077e-01 -8.375091e-01
   outer loop
     vertex -6.710637e+00 -3.773203e+00 -1.090655e+01
     vertex -6.158768e+00 -3.191216e+00 -1.140650e+01
     vertex -5.926634e+00 -3.604066e+00 -1.140650e+01
   endloop
 endfacet
 facet normal -7.501890e-01 -2.562723e-02 -6.607266e-01
   outer loop
     vertex -1.034971e+01 -3.535567e-01 -8.425024e+00
     vertex -9.756660e+00 -2.913495e-14 -9.112084e+00
     vertex -9.733915e+00 -6.658180e-01 -9.112084e+00
   endloop
 endfacet
 facet normal -7.569984e-01 -3.803349e-15 -6.534167e-01
   outer loop
     vertex -1.034971e+01 -3.535567e-01 -8.425024e+00
     vertex -1.034971e+01  3.535567e-01 -8.425024e+00
     vertex -9.756660e+00 -2.913495e-14 -9.112084e+00
   endloop
 endfacet
 facet normal -8.045123e-01  4.168647e-01 -4.230648e-01
   outer loop
     vertex -1.105794e+01  5.258926e+00 -5.318655e+00
     vertex -1.067328e+01  6.001287e+00 -5.318655e+00
     vertex -1.052434e+01  5.453274e+00 -6.141868e+00
   endloop
 endfacet
 facet normal -8.128785e-01  3.865880e-01 -4.356355e-01
   outer loop
     vertex -1.105794e+01  5.258926e+00 -5.318655e+00
     vertex -1.052434e+01  5.453274e+00 -6.141868e+00
     vertex -1.087195e+01  4.722355e+00 -6.141868e+00
   endloop
 endfacet
 facet normal -5.945859e-01  7.840790e-01 -1.780107e-01
   outer loop
     vertex -7.991423e+00  1.053827e+01 -1.817825e+00
     vertex -7.537657e+00  1.067843e+01 -2.716138e+00
     vertex -8.248807e+00  1.013915e+01 -2.716138e+00
   endloop
 endfacet
 facet normal -5.690932e-01  8.062214e-01 -1.616789e-01
   outer loop
     vertex -7.991423e+00  1.053827e+01 -1.817825e+00
     vertex -7.253637e+00  1.105906e+01 -1.817825e+00
     vertex -7.537657e+00  1.067843e+01 -2.716138e+00
   endloop
 endfacet
 facet normal -2.079420e-02 -1.000672e-01 -9.947634e-01
   outer loop
     vertex -3.698474e-01 -1.779803e+00 -1.322566e+01
     vertex -2.157010e-01 -8.851328e-01 -1.331888e+01
     vertex -1.547945e-01 -8.977893e-01 -1.331888e+01
   endloop
 endfacet
 facet normal -2.424055e-02 -9.947152e-02 -9.947451e-01
   outer loop
     vertex -3.698474e-01 -1.779803e+00 -1.322566e+01
     vertex -4.904433e-01 -1.750415e+00 -1.322566e+01
     vertex -2.157010e-01 -8.851328e-01 -1.331888e+01
   endloop
 endfacet
 facet normal -2.418631e-01 -2.773803e-01 -9.298185e-01
   outer loop
     vertex -3.356539e+00 -4.125740e+00 -1.224477e+01
     vertex -3.630264e+00 -3.887064e+00 -1.224477e+01
     vertex -2.938123e+00 -3.369582e+00 -1.257918e+01
   endloop
 endfacet
 facet normal -2.309030e-01 -2.838179e-01 -9.306617e-01
   outer loop
     vertex -3.356539e+00 -4.125740e+00 -1.224477e+01
     vertex -2.938123e+00 -3.369582e+00 -1.257918e+01
     vertex -2.701325e+00 -3.562231e+00 -1.257918e+01
   endloop
 endfacet
 facet normal -5.645287e-01 -2.226213e-01 -7.948252e-01
   outer loop
     vertex -7.727527e+00 -3.356539e+00 -1.035575e+01
     vertex -7.938571e+00 -2.821369e+00 -1.035575e+01
     vertex -7.161918e+00 -2.824294e+00 -1.090655e+01
   endloop
 endfacet
 facet normal -5.520443e-01 -2.397867e-01 -7.985922e-01
   outer loop
     vertex -7.727527e+00 -3.356539e+00 -1.035575e+01
     vertex -7.161918e+00 -2.824294e+00 -1.090655e+01
     vertex -6.952485e+00 -3.306457e+00 -1.090655e+01
   endloop
 endfacet
 facet normal -7.959700e-01  8.182820e-02 -5.997798e-01
   outer loop
     vertex -1.088112e+01  7.442892e-01 -7.698682e+00
     vertex -1.080496e+01  1.485108e+00 -7.698682e+00
     vertex -1.030145e+01  1.059022e+00 -8.425024e+00
   endloop
 endfacet
 facet normal -7.917681e-01  5.415842e-02 -6.084161e-01
   outer loop
     vertex -1.088112e+01  7.442892e-01 -7.698682e+00
     vertex -1.030145e+01  1.059022e+00 -8.425024e+00
     vertex -1.034971e+01  3.535567e-01 -8.425024e+00
   endloop
 endfacet
 facet normal -7.925501e-01  4.819604e-01 -3.736020e-01
   outer loop
     vertex -1.074790e+01  6.535942e+00 -4.470643e+00
     vertex -1.023886e+01  6.715667e+00 -5.318655e+00
     vertex -1.067328e+01  6.001287e+00 -5.318655e+00
   endloop
 endfacet
 facet normal -7.801628e-01  5.117088e-01 -3.598614e-01
   outer loop
     vertex -1.074790e+01  6.535942e+00 -4.470643e+00
     vertex -1.027681e+01  7.254167e+00 -4.470643e+00
     vertex -1.023886e+01  6.715667e+00 -5.318655e+00
   endloop
 endfacet
 facet normal -4.896920e-01  8.709166e-01 -4.130324e-02
   outer loop
     vertex -6.920275e+00  1.137991e+01 -9.110362e-01
     vertex -6.384691e+00  1.172426e+01  0.000000e+00
     vertex -6.127550e+00  1.182563e+01 -9.110362e-01
   endloop
 endfacet
 facet normal -4.879482e-01  8.678153e-01 -9.382464e-02
   outer loop
     vertex -6.920275e+00  1.137991e+01 -9.110362e-01
     vertex -6.127550e+00  1.182563e+01 -9.110362e-01
     vertex -6.482030e+00  1.152828e+01 -1.817825e+00
   endloop
 endfacet
 facet normal -5.163950e-01  8.491754e-01 -1.106228e-01
   outer loop
     vertex -6.920275e+00  1.137991e+01 -9.110362e-01
     vertex -6.482030e+00  1.152828e+01 -1.817825e+00
     vertex -7.253637e+00  1.105906e+01 -1.817825e+00
   endloop
 endfacet
 facet normal -4.997214e-01  8.655429e-01 -3.337593e-02
   outer loop
     vertex -6.920275e+00  1.137991e+01 -9.110362e-01
     vertex -6.961160e+00  1.139143e+01  0.000000e+00
     vertex -6.384691e+00  1.172426e+01  0.000000e+00
   endloop
 endfacet
 facet normal -5.422147e-01  8.395126e-01 -3.495360e-02
   outer loop
     vertex -6.920275e+00  1.137991e+01 -9.110362e-01
     vertex -7.520323e+00  1.103029e+01  0.000000e+00
     vertex -6.961160e+00  1.139143e+01  0.000000e+00
   endloop
 endfacet
 facet normal -5.134154e-02 -1.617639e-01 -9.854930e-01
   outer loop
     vertex -8.216712e-01 -2.588873e+00 -1.307077e+01
     vertex -6.087525e-01 -1.712865e+00 -1.322566e+01
     vertex -4.904433e-01 -1.750415e+00 -1.322566e+01
   endloop
 endfacet
 facet normal -5.699709e-02 -1.603744e-01 -9.854092e-01
   outer loop
     vertex -8.216712e-01 -2.588873e+00 -1.307077e+01
     vertex -9.964266e-01 -2.526764e+00 -1.307077e+01
     vertex -6.087525e-01 -1.712865e+00 -1.322566e+01
   endloop
 endfacet
 facet normal -3.027603e-01 -3.027603e-01 -9.036993e-01
   outer loop
     vertex -4.342957e+00 -4.342957e+00 -1.185327e+01
     vertex -3.887064e+00 -3.630264e+00 -1.224477e+01
     vertex -3.630264e+00 -3.887064e+00 -1.224477e+01
   endloop
 endfacet
 facet normal -3.149989e-01 -2.941884e-01 -9.023463e-01
   outer loop
     vertex -4.342957e+00 -4.342957e+00 -1.185327e+01
     vertex -4.629206e+00 -4.036458e+00 -1.185327e+01
     vertex -3.887064e+00 -3.630264e+00 -1.224477e+01
   endloop
 endfacet
 facet normal -6.238728e-01 -1.980083e-01 -7.560261e-01
   outer loop
     vertex -8.685136e+00 -2.756538e+00 -9.756660e+00
     vertex -8.112601e+00 -2.273044e+00 -1.035575e+01
     vertex -7.938571e+00 -2.821369e+00 -1.035575e+01
   endloop
 endfacet
 facet normal -6.356199e-01 -1.780923e-01 -7.511794e-01
   outer loop
     vertex -8.685136e+00 -2.756538e+00 -9.756660e+00
     vertex -8.853001e+00 -2.157417e+00 -9.756660e+00
     vertex -8.112601e+00 -2.273044e+00 -1.035575e+01
   endloop
 endfacet
 facet normal -8.208695e-01  1.415322e-01 -5.533009e-01
   outer loop
     vertex -1.124064e+01  1.938083e+00 -6.936446e+00
     vertex -1.067843e+01  2.219003e+00 -7.698682e+00
     vertex -1.080496e+01  1.485108e+00 -7.698682e+00
   endloop
 endfacet
 facet normal -8.219658e-01  1.708065e-01 -5.433206e-01
   outer loop
     vertex -1.124064e+01  1.938083e+00 -6.936446e+00
     vertex -1.108218e+01  2.700653e+00 -6.936446e+00
     vertex -1.067843e+01  2.219003e+00 -7.698682e+00
   endloop
 endfacet
 facet normal -7.576046e-01  5.745097e-01 -3.097963e-01
   outer loop
     vertex -1.024289e+01  7.767426e+00 -3.601787e+00
     vertex -9.757815e+00  7.938571e+00 -4.470643e+00
     vertex -1.027681e+01  7.254167e+00 -4.470643e+00
   endloop
 endfacet
 facet normal -7.411857e-01  6.029993e-01 -2.950180e-01
   outer loop
     vertex -1.024289e+01  7.767426e+00 -3.601787e+00
     vertex -9.688940e+00  8.448318e+00 -3.601787e+00
     vertex -9.757815e+00  7.938571e+00 -4.470643e+00
   endloop
 endfacet
 facet normal -9.416827e-02 -2.167971e-01 -9.716642e-01
   outer loop
     vertex -1.434956e+00 -3.303600e+00 -1.285495e+01
     vertex -1.166536e+00 -2.452875e+00 -1.307077e+01
     vertex -9.964266e-01 -2.526764e+00 -1.307077e+01
   endloop
 endfacet
 facet normal -1.019145e-01 -2.142955e-01 -9.714375e-01
   outer loop
     vertex -1.434956e+00 -3.303600e+00 -1.285495e+01
     vertex -1.657056e+00 -3.197973e+00 -1.285495e+01
     vertex -1.166536e+00 -2.452875e+00 -1.307077e+01
   endloop
 endfacet
 facet normal -3.920373e-01 -2.972913e-01 -8.705887e-01
   outer loop
     vertex -5.380679e+00 -4.377507e+00 -1.140650e+01
     vertex -5.666867e+00 -4.000112e+00 -1.140650e+01
     vertex -4.893872e+00 -3.711140e+00 -1.185327e+01
   endloop
 endfacet
 facet normal -3.788861e-01 -3.082467e-01 -8.725992e-01
   outer loop
     vertex -5.380679e+00 -4.377507e+00 -1.140650e+01
     vertex -4.893872e+00 -3.711140e+00 -1.185327e+01
     vertex -4.629206e+00 -4.036458e+00 -1.185327e+01
   endloop
 endfacet
 facet normal -6.894701e-01 -1.432735e-01 -7.100026e-01
   outer loop
     vertex -9.552591e+00 -1.985051e+00 -9.112084e+00
     vertex -8.979590e+00 -1.548238e+00 -9.756660e+00
     vertex -8.853001e+00 -2.157417e+00 -9.756660e+00
   endloop
 endfacet
 facet normal -6.999063e-01 -1.206760e-01 -7.039662e-01
   outer loop
     vertex -9.552591e+00 -1.985051e+00 -9.112084e+00
     vertex -9.665786e+00 -1.328532e+00 -9.112084e+00
     vertex -8.979590e+00 -1.548238e+00 -9.756660e+00
   endloop
 endfacet
 facet normal -8.338985e-01  2.646675e-01 -4.843184e-01
   outer loop
     vertex -1.141372e+01  3.197973e+00 -6.141868e+00
     vertex -1.116887e+01  3.969418e+00 -6.141868e+00
     vertex -1.087204e+01  3.450632e+00 -6.936446e+00
   endloop
 endfacet
 facet normal -8.363300e-01  2.343287e-01 -4.956231e-01
   outer loop
     vertex -1.141372e+01  3.197973e+00 -6.141868e+00
     vertex -1.087204e+01  3.450632e+00 -6.936446e+00
     vertex -1.108218e+01  2.700653e+00 -6.936446e+00
   endloop
 endfacet
 facet normal -7.086542e-01  6.618368e-01 -2.445019e-01
   outer loop
     vertex -9.552591e+00  8.921497e+00 -2.716138e+00
     vertex -9.089819e+00  9.089819e+00 -3.601787e+00
     vertex -9.688940e+00  8.448318e+00 -3.601787e+00
   endloop
 endfacet
 facet normal -6.883413e-01  6.883413e-01 -2.288506e-01
   outer loop
     vertex -9.552591e+00  8.921497e+00 -2.716138e+00
     vertex -8.921497e+00  9.552591e+00 -2.716138e+00
     vertex -9.089819e+00  9.089819e+00 -3.601787e+00
   endloop
 endfacet
 facet normal -3.987485e-03 -5.829497e-02 -9.982914e-01
   outer loop
     vertex -3.110379e-02 -9.105051e-01 -1.331888e+01
     vertex -9.316634e-02 -9.062599e-01 -1.331888e+01
     vertex  0.000000e+00 -6.550535e-01 -1.333392e+01
   endloop
 endfacet
 facet normal  1.210081e-01 -7.302398e-02 -9.899619e-01
   outer loop
     vertex -3.110379e-02 -9.105051e-01 -1.331888e+01
     vertex  0.000000e+00 -6.550535e-01 -1.333392e+01
     vertex  0.000000e+00 -1.308529e+00 -1.328572e+01
   endloop
 endfacet
 facet normal -1.576112e-01 -2.591805e-01 -9.528820e-01
   outer loop
     vertex -2.191108e+00 -3.896883e+00 -1.257918e+01
     vertex -2.451932e+00 -3.738272e+00 -1.257918e+01
     vertex -1.871431e+00 -3.077437e+00 -1.285495e+01
   endloop
 endfacet
 facet normal -1.479406e-01 -2.631122e-01 -9.533549e-01
   outer loop
     vertex -2.191108e+00 -3.896883e+00 -1.257918e+01
     vertex -1.871431e+00 -3.077437e+00 -1.285495e+01
     vertex -1.657056e+00 -3.197973e+00 -1.285495e+01
   endloop
 endfacet
 facet normal -4.569095e-01 -2.996869e-01 -8.375091e-01
   outer loop
     vertex -6.437501e+00 -4.222357e+00 -1.090655e+01
     vertex -5.926634e+00 -3.604066e+00 -1.140650e+01
     vertex -5.666867e+00 -4.000112e+00 -1.140650e+01
   endloop
 endfacet
 facet normal -4.705434e-01 -2.861438e-01 -8.346919e-01
   outer loop
     vertex -6.437501e+00 -4.222357e+00 -1.090655e+01
     vertex -6.710637e+00 -3.773203e+00 -1.090655e+01
     vertex -5.926634e+00 -3.604066e+00 -1.140650e+01
   endloop
 endfacet
 facet normal -7.466913e-01 -7.676219e-02 -6.607266e-01
   outer loop
     vertex -1.030145e+01 -1.059022e+00 -8.425024e+00
     vertex -9.733915e+00 -6.658180e-01 -9.112084e+00
     vertex -9.665786e+00 -1.328532e+00 -9.112084e+00
   endloop
 endfacet
 facet normal -7.552337e-01 -5.165940e-02 -6.534167e-01
   outer loop
     vertex -1.030145e+01 -1.059022e+00 -8.425024e+00
     vertex -1.034971e+01 -3.535567e-01 -8.425024e+00
     vertex -9.733915e+00 -6.658180e-01 -9.112084e+00
   endloop
 endfacet
 facet normal -8.373652e-01  3.302140e-01 -4.356355e-01
   outer loop
     vertex -1.139105e+01  4.492046e+00 -5.318655e+00
     vertex -1.087195e+01  4.722355e+00 -6.141868e+00
     vertex -1.116887e+01  3.969418e+00 -6.141868e+00
   endloop
 endfacet
 facet normal -8.310847e-01  3.609910e-01 -4.230648e-01
   outer loop
     vertex -1.139105e+01  4.492046e+00 -5.318655e+00
     vertex -1.105794e+01  5.258926e+00 -5.318655e+00
     vertex -1.087195e+01  4.722355e+00 -6.141868e+00
   endloop
 endfacet
 facet normal -6.227850e-01  7.655056e-01 -1.616789e-01
   outer loop
     vertex -8.691951e+00  9.968350e+00 -1.817825e+00
     vertex -7.991423e+00  1.053827e+01 -1.817825e+00
     vertex -8.248807e+00  1.013915e+01 -2.716138e+00
   endloop
 endfacet
 facet normal -6.467072e-01  7.416751e-01 -1.780107e-01
   outer loop
     vertex -8.691951e+00  9.968350e+00 -1.817825e+00
     vertex -8.248807e+00  1.013915e+01 -2.716138e+00
     vertex -8.921497e+00  9.552591e+00 -2.716138e+00
   endloop
 endfacet
 facet normal -1.391690e-02 -1.012530e-01 -9.947634e-01
   outer loop
     vertex -2.475271e-01 -1.800893e+00 -1.322566e+01
     vertex -1.547945e-01 -8.977893e-01 -1.331888e+01
     vertex -9.316634e-02 -9.062599e-01 -1.331888e+01
   endloop
 endfacet
 facet normal -1.739586e-02 -1.008939e-01 -9.947451e-01
   outer loop
     vertex -2.475271e-01 -1.800893e+00 -1.322566e+01
     vertex -3.698474e-01 -1.779803e+00 -1.322566e+01
     vertex -1.547945e-01 -8.977893e-01 -1.331888e+01
   endloop
 endfacet
 facet normal -2.109963e-01 -2.989136e-01 -9.306617e-01
   outer loop
     vertex -3.067163e+00 -4.345181e+00 -1.224477e+01
     vertex -2.701325e+00 -3.562231e+00 -1.257918e+01
     vertex -2.451932e+00 -3.738272e+00 -1.257918e+01
   endloop
 endfacet
 facet normal -2.223701e-01 -2.932390e-01 -9.298185e-01
   outer loop
     vertex -3.067163e+00 -4.345181e+00 -1.224477e+01
     vertex -3.356539e+00 -4.125740e+00 -1.224477e+01
     vertex -2.701325e+00 -3.562231e+00 -1.257918e+01
   endloop
 endfacet
 facet normal -5.343937e-01 -2.769005e-01 -7.985922e-01
   outer loop
     vertex -7.480454e+00 -3.876059e+00 -1.035575e+01
     vertex -6.952485e+00 -3.306457e+00 -1.090655e+01
     vertex -6.710637e+00 -3.773203e+00 -1.090655e+01
   endloop
 endfacet
 facet normal -5.480205e-01 -2.606271e-01 -7.948252e-01
   outer loop
     vertex -7.480454e+00 -3.876059e+00 -1.035575e+01
     vertex -7.727527e+00 -3.356539e+00 -1.035575e+01
     vertex -6.952485e+00 -3.306457e+00 -1.090655e+01
   endloop
 endfacet
 facet normal -7.936182e-01 -4.031435e-15 -6.084161e-01
   outer loop
     vertex -1.090655e+01 -3.256870e-14 -7.698682e+00
     vertex -1.034971e+01  3.535567e-01 -8.425024e+00
     vertex -1.034971e+01 -3.535567e-01 -8.425024e+00
   endloop
 endfacet
 facet normal -7.996986e-01  2.731852e-02 -5.997798e-01
   outer loop
     vertex -1.090655e+01 -3.256870e-14 -7.698682e+00
     vertex -1.088112e+01  7.442892e-01 -7.698682e+00
     vertex -1.034971e+01  3.535567e-01 -8.425024e+00
   endloop
 endfacet
 facet normal -8.132643e-01  4.572757e-01 -3.598614e-01
   outer loop
     vertex -1.116887e+01  5.787242e+00 -4.470643e+00
     vertex -1.074790e+01  6.535942e+00 -4.470643e+00
     vertex -1.067328e+01  6.001287e+00 -5.318655e+00
   endloop
 endfacet
 facet normal -8.235927e-01  4.267513e-01 -3.736020e-01
   outer loop
     vertex -1.116887e+01  5.787242e+00 -4.470643e+00
     vertex -1.067328e+01  6.001287e+00 -5.318655e+00
     vertex -1.105794e+01  5.258926e+00 -5.318655e+00
   endloop
 endfacet
 facet normal -5.460325e-01  8.324935e-01 -9.382464e-02
   outer loop
     vertex -7.680735e+00  1.088112e+01 -9.110362e-01
     vertex -6.920275e+00  1.137991e+01 -9.110362e-01
     vertex -7.253637e+00  1.105906e+01 -1.817825e+00
   endloop
 endfacet
 facet normal -5.480062e-01  8.355026e-01 -4.030698e-02
   outer loop
     vertex -7.680735e+00  1.088112e+01 -9.110362e-01
     vertex -7.520323e+00  1.103029e+01  0.000000e+00
     vertex -6.920275e+00  1.137991e+01 -9.110362e-01
   endloop
 endfacet
 facet normal -5.834784e-01  8.115691e-01 -3.014248e-02
   outer loop
     vertex -7.680735e+00  1.088112e+01 -9.110362e-01
     vertex -8.060789e+00  1.064172e+01  0.000000e+00
     vertex -7.520323e+00  1.103029e+01  0.000000e+00
   endloop
 endfacet
 facet normal -5.731409e-01  8.119557e-01 -1.106228e-01
   outer loop
     vertex -7.680735e+00  1.088112e+01 -9.110362e-01
     vertex -7.253637e+00  1.105906e+01 -1.817825e+00
     vertex -7.991423e+00  1.053827e+01 -1.817825e+00
   endloop
 endfacet
 facet normal -4.591988e-02 -1.638902e-01 -9.854092e-01
   outer loop
     vertex -6.430848e-01 -2.638910e+00 -1.307077e+01
     vertex -8.216712e-01 -2.588873e+00 -1.307077e+01
     vertex -4.904433e-01 -1.750415e+00 -1.322566e+01
   endloop
 endfacet
 facet normal -4.018270e-02 -1.648904e-01 -9.854930e-01
   outer loop
     vertex -6.430848e-01 -2.638910e+00 -1.307077e+01
     vertex -4.904433e-01 -1.750415e+00 -1.322566e+01
     vertex -3.698474e-01 -1.779803e+00 -1.322566e+01
   endloop
 endfacet
 facet normal -2.941884e-01 -3.149989e-01 -9.023463e-01
   outer loop
     vertex -4.036458e+00 -4.629206e+00 -1.185327e+01
     vertex -4.342957e+00 -4.342957e+00 -1.185327e+01
     vertex -3.630264e+00 -3.887064e+00 -1.224477e+01
   endloop
 endfacet
 facet normal -2.813934e-01 -3.227156e-01 -9.036993e-01
   outer loop
     vertex -4.036458e+00 -4.629206e+00 -1.185327e+01
     vertex -3.630264e+00 -3.887064e+00 -1.224477e+01
     vertex -3.356539e+00 -4.125740e+00 -1.224477e+01
   endloop
 endfacet
 facet normal -6.089058e-01 -2.401213e-01 -7.560261e-01
   outer loop
     vertex -8.476776e+00 -3.342807e+00 -9.756660e+00
     vertex -7.938571e+00 -2.821369e+00 -1.035575e+01
     vertex -7.727527e+00 -3.356539e+00 -1.035575e+01
   endloop
 endfacet
 facet normal -6.219847e-01 -2.210534e-01 -7.511794e-01
   outer loop
     vertex -8.476776e+00 -3.342807e+00 -9.756660e+00
     vertex -8.685136e+00 -2.756538e+00 -9.756660e+00
     vertex -7.938571e+00 -2.821369e+00 -1.035575e+01
   endloop
 endfacet
 facet normal -8.317059e-01  1.143153e-01 -5.433206e-01
   outer loop
     vertex -1.134670e+01  1.166476e+00 -6.936446e+00
     vertex -1.124064e+01  1.938083e+00 -6.936446e+00
     vertex -1.080496e+01  1.485108e+00 -7.698682e+00
   endloop
 endfacet
 facet normal -8.286143e-01  8.518414e-02 -5.533009e-01
   outer loop
     vertex -1.134670e+01  1.166476e+00 -6.936446e+00
     vertex -1.080496e+01  1.485108e+00 -7.698682e+00
     vertex -1.088112e+01  7.442892e-01 -7.698682e+00
   endloop
 endfacet
 facet normal -7.806079e-01  5.510133e-01 -2.950180e-01
   outer loop
     vertex -1.074908e+01  7.050319e+00 -3.601787e+00
     vertex -1.024289e+01  7.767426e+00 -3.601787e+00
     vertex -1.027681e+01  7.254167e+00 -4.470643e+00
   endloop
 endfacet
 facet normal -7.950444e-01  5.214697e-01 -3.097963e-01
   outer loop
     vertex -1.074908e+01  7.050319e+00 -3.601787e+00
     vertex -1.027681e+01  7.254167e+00 -4.470643e+00
     vertex -1.074790e+01  6.535942e+00 -4.470643e+00
   endloop
 endfacet
 facet normal -7.915398e-02 -2.227180e-01 -9.716642e-01
   outer loop
     vertex -1.206165e+00 -3.393823e+00 -1.285495e+01
     vertex -9.964266e-01 -2.526764e+00 -1.307077e+01
     vertex -8.216712e-01 -2.588873e+00 -1.307077e+01
   endloop
 endfacet
 facet normal -8.705283e-02 -2.207508e-01 -9.714375e-01
   outer loop
     vertex -1.206165e+00 -3.393823e+00 -1.285495e+01
     vertex -1.434956e+00 -3.303600e+00 -1.285495e+01
     vertex -9.964266e-01 -2.526764e+00 -1.307077e+01
   endloop
 endfacet
 facet normal -3.708355e-01 -3.233518e-01 -8.705887e-01
   outer loop
     vertex -5.069404e+00 -4.734493e+00 -1.140650e+01
     vertex -5.380679e+00 -4.377507e+00 -1.140650e+01
     vertex -4.629206e+00 -4.036458e+00 -1.185327e+01
   endloop
 endfacet
 facet normal -3.569673e-01 -3.333842e-01 -8.725992e-01
   outer loop
     vertex -5.069404e+00 -4.734493e+00 -1.140650e+01
     vertex -4.629206e+00 -4.036458e+00 -1.185327e+01
     vertex -4.342957e+00 -4.342957e+00 -1.185327e+01
   endloop
 endfacet
 facet normal -6.900395e-01 -1.681580e-01 -7.039662e-01
   outer loop
     vertex -9.394857e+00 -2.632315e+00 -9.112084e+00
     vertex -9.552591e+00 -1.985051e+00 -9.112084e+00
     vertex -8.853001e+00 -2.157417e+00 -9.756660e+00
   endloop
 endfacet
 facet normal -6.780855e-01 -1.899906e-01 -7.100026e-01
   outer loop
     vertex -9.394857e+00 -2.632315e+00 -9.112084e+00
     vertex -8.853001e+00 -2.157417e+00 -9.756660e+00
     vertex -8.685136e+00 -2.756538e+00 -9.756660e+00
   endloop
 endfacet
 facet normal -8.500161e-01  2.071432e-01 -4.843184e-01
   outer loop
     vertex -1.160535e+01  2.411619e+00 -6.141868e+00
     vertex -1.141372e+01  3.197973e+00 -6.141868e+00
     vertex -1.108218e+01  2.700653e+00 -6.936446e+00
   endloop
 endfacet
 facet normal -8.503715e-01  1.767092e-01 -4.956231e-01
   outer loop
     vertex -1.160535e+01  2.411619e+00 -6.141868e+00
     vertex -1.108218e+01  2.700653e+00 -6.936446e+00
     vertex -1.124064e+01  1.938083e+00 -6.936446e+00
   endloop
 endfacet
 facet normal -7.337107e-01  6.397625e-01 -2.288506e-01
   outer loop
     vertex -1.013915e+01  8.248807e+00 -2.716138e+00
     vertex -9.552591e+00  8.921497e+00 -2.716138e+00
     vertex -9.688940e+00  8.448318e+00 -3.601787e+00
   endloop
 endfacet
 facet normal -7.521675e-01  6.119337e-01 -2.445019e-01
   outer loop
     vertex -1.013915e+01  8.248807e+00 -2.716138e+00
     vertex -9.688940e+00  8.448318e+00 -3.601787e+00
     vertex -1.024289e+01  7.767426e+00 -3.601787e+00
   endloop
 endfacet
 facet normal -1.395566e-01 -2.693321e-01 -9.528820e-01
   outer loop
     vertex -1.920067e+00 -4.037325e+00 -1.257918e+01
     vertex -2.191108e+00 -3.896883e+00 -1.257918e+01
     vertex -1.657056e+00 -3.197973e+00 -1.285495e+01
   endloop
 endfacet
 facet normal -1.296403e-01 -2.725947e-01 -9.533549e-01
   outer loop
     vertex -1.920067e+00 -4.037325e+00 -1.257918e+01
     vertex -1.657056e+00 -3.197973e+00 -1.285495e+01
     vertex -1.434956e+00 -3.303600e+00 -1.285495e+01
   endloop
 endfacet
 facet normal -4.499193e-01 -3.175877e-01 -8.346919e-01
   outer loop
     vertex -6.134349e+00 -4.651824e+00 -1.090655e+01
     vertex -6.437501e+00 -4.222357e+00 -1.090655e+01
     vertex -5.666867e+00 -4.000112e+00 -1.140650e+01
   endloop
 endfacet
 facet normal -4.353929e-01 -3.301689e-01 -8.375091e-01
   outer loop
     vertex -6.134349e+00 -4.651824e+00 -1.090655e+01
     vertex -5.666867e+00 -4.000112e+00 -1.140650e+01
     vertex -5.380679e+00 -4.377507e+00 -1.140650e+01
   endloop
 endfacet
 facet normal -7.499477e-01 -1.030779e-01 -6.534167e-01
   outer loop
     vertex -1.020517e+01 -1.759549e+00 -8.425024e+00
     vertex -1.030145e+01 -1.059022e+00 -8.425024e+00
     vertex -9.665786e+00 -1.328532e+00 -9.112084e+00
   endloop
 endfacet
 facet normal -7.397121e-01 -1.275393e-01 -6.607266e-01
   outer loop
     vertex -1.020517e+01 -1.759549e+00 -8.425024e+00
     vertex -9.665786e+00 -1.328532e+00 -9.112084e+00
     vertex -9.552591e+00 -1.985051e+00 -9.112084e+00
   endloop
 endfacet
 facet normal -8.537821e-01  3.034342e-01 -4.230648e-01
   outer loop
     vertex -1.167104e+01  3.704221e+00 -5.318655e+00
     vertex -1.139105e+01  4.492046e+00 -5.318655e+00
     vertex -1.116887e+01  3.969418e+00 -6.141868e+00
   endloop
 endfacet
 facet normal -8.579477e-01  2.723004e-01 -4.356355e-01
   outer loop
     vertex -1.167104e+01  3.704221e+00 -5.318655e+00
     vertex -1.116887e+01  3.969418e+00 -6.141868e+00
     vertex -1.141372e+01  3.197973e+00 -6.141868e+00
   endloop
 endfacet
 facet normal -6.958133e-01  6.958133e-01 -1.780107e-01
   outer loop
     vertex -9.351952e+00  9.351952e+00 -1.817825e+00
     vertex -8.921497e+00  9.552591e+00 -2.716138e+00
     vertex -9.552591e+00  8.921497e+00 -2.716138e+00
   endloop
 endfacet
 facet normal -6.735731e-01  7.212207e-01 -1.616789e-01
   outer loop
     vertex -9.351952e+00  9.351952e+00 -1.817825e+00
     vertex -8.691951e+00  9.968350e+00 -1.817825e+00
     vertex -8.921497e+00  9.552591e+00 -2.716138e+00
   endloop
 endfacet
 facet normal -1.047006e-02 -1.018458e-01 -9.947451e-01
   outer loop
     vertex -1.240527e-01 -1.813587e+00 -1.322566e+01
     vertex -2.475271e-01 -1.800893e+00 -1.322566e+01
     vertex -9.316634e-02 -9.062599e-01 -1.331888e+01
   endloop
 endfacet
 facet normal  1.787228e-02 -1.223911e-01 -9.923210e-01
   outer loop
     vertex -1.240527e-01 -1.813587e+00 -1.322566e+01
     vertex  0.000000e+00 -1.308529e+00 -1.328572e+01
     vertex  0.000000e+00 -1.958852e+00 -1.320551e+01
   endloop
 endfacet
 facet normal -1.088375e-01 -9.097919e-02 -9.898875e-01
   outer loop
     vertex -1.240527e-01 -1.813587e+00 -1.322566e+01
     vertex -3.110379e-02 -9.105051e-01 -1.331888e+01
     vertex  0.000000e+00 -1.308529e+00 -1.328572e+01
   endloop
 endfacet
 facet normal -6.974710e-03 -1.019666e-01 -9.947634e-01
   outer loop
     vertex -1.240527e-01 -1.813587e+00 -1.322566e+01
     vertex -9.316634e-02 -9.062599e-01 -1.331888e+01
     vertex -3.110379e-02 -9.105051e-01 -1.331888e+01
   endloop
 endfacet
 facet normal -1.901058e-01 -3.126157e-01 -9.306617e-01
   outer loop
     vertex -2.763488e+00 -4.544362e+00 -1.224477e+01
     vertex -2.451932e+00 -3.738272e+00 -1.257918e+01
     vertex -2.191108e+00 -3.896883e+00 -1.257918e+01
   endloop
 endfacet
 facet normal -2.018404e-01 -3.077305e-01 -9.298185e-01
   outer loop
     vertex -2.763488e+00 -4.544362e+00 -1.224477e+01
     vertex -3.067163e+00 -4.345181e+00 -1.224477e+01
     vertex -2.451932e+00 -3.738272e+00 -1.257918e+01
   endloop
 endfacet
 facet normal -5.289571e-01 -2.974177e-01 -7.948252e-01
   outer loop
     vertex -7.198504e+00 -4.377507e+00 -1.035575e+01
     vertex -7.480454e+00 -3.876059e+00 -1.035575e+01
     vertex -6.710637e+00 -3.773203e+00 -1.090655e+01
   endloop
 endfacet
 facet normal -5.142516e-01 -3.127233e-01 -7.985922e-01
   outer loop
     vertex -7.198504e+00 -4.377507e+00 -1.035575e+01
     vertex -6.710637e+00 -3.773203e+00 -1.090655e+01
     vertex -6.437501e+00 -4.222357e+00 -1.090655e+01
   endloop
 endfacet
 facet normal -7.917681e-01 -5.415842e-02 -6.084161e-01
   outer loop
     vertex -1.088112e+01 -7.442892e-01 -7.698682e+00
     vertex -1.034971e+01 -3.535567e-01 -8.425024e+00
     vertex -1.030145e+01 -1.059022e+00 -8.425024e+00
   endloop
 endfacet
 facet normal -7.996986e-01 -2.731852e-02 -5.997798e-01
   outer loop
     vertex -1.088112e+01 -7.442892e-01 -7.698682e+00
     vertex -1.090655e+01 -3.256870e-14 -7.698682e+00
     vertex -1.034971e+01 -3.535567e-01 -8.425024e+00
   endloop
 endfacet
 facet normal -8.507952e-01  3.695525e-01 -3.736020e-01
   outer loop
     vertex -1.153777e+01  5.011560e+00 -4.470643e+00
     vertex -1.105794e+01  5.258926e+00 -5.318655e+00
     vertex -1.139105e+01  4.492046e+00 -5.318655e+00
   endloop
 endfacet
 facet normal -8.425740e-01  4.007105e-01 -3.598614e-01
   outer loop
     vertex -1.153777e+01  5.011560e+00 -4.470643e+00
     vertex -1.116887e+01  5.787242e+00 -4.470643e+00
     vertex -1.105794e+01  5.258926e+00 -5.318655e+00
   endloop
 endfacet
 facet normal -6.272146e-01  7.709503e-01 -1.106228e-01
   outer loop
     vertex -8.405383e+00  1.033160e+01 -9.110362e-01
     vertex -7.991423e+00  1.053827e+01 -1.817825e+00
     vertex -8.691951e+00  9.968350e+00 -1.817825e+00
   endloop
 endfacet
 facet normal -6.036868e-01  7.960803e-01 -4.264288e-02
   outer loop
     vertex -8.405383e+00  1.033160e+01 -9.110362e-01
     vertex -8.060789e+00  1.064172e+01  0.000000e+00
     vertex -7.680735e+00  1.088112e+01 -9.110362e-01
   endloop
 endfacet
 facet normal -6.232037e-01  7.814728e-01 -3.028831e-02
   outer loop
     vertex -8.405383e+00  1.033160e+01 -9.110362e-01
     vertex -8.581215e+00  1.022669e+01  0.000000e+00
     vertex -8.060789e+00  1.064172e+01  0.000000e+00
   endloop
 endfacet
 facet normal -6.015709e-01  7.932902e-01 -9.382464e-02
   outer loop
     vertex -8.405383e+00  1.033160e+01 -9.110362e-01
     vertex -7.680735e+00  1.088112e+01 -9.110362e-01
     vertex -7.991423e+00  1.053827e+01 -1.817825e+00
   endloop
 endfacet
 facet normal -2.883650e-02 -1.672482e-01 -9.854930e-01
   outer loop
     vertex -4.615000e-01 -2.676644e+00 -1.307077e+01
     vertex -3.698474e-01 -1.779803e+00 -1.322566e+01
     vertex -2.475271e-01 -1.800893e+00 -1.322566e+01
   endloop
 endfacet
 facet normal -3.462857e-02 -1.666418e-01 -9.854092e-01
   outer loop
     vertex -4.615000e-01 -2.676644e+00 -1.307077e+01
     vertex -6.430848e-01 -2.638910e+00 -1.307077e+01
     vertex -3.698474e-01 -1.779803e+00 -1.322566e+01
   endloop
 endfacet
 facet normal -2.720063e-01 -3.343407e-01 -9.023463e-01
   outer loop
     vertex -3.711140e+00 -4.893872e+00 -1.185327e+01
     vertex -4.036458e+00 -4.629206e+00 -1.185327e+01
     vertex -3.356539e+00 -4.125740e+00 -1.224477e+01
   endloop
 endfacet
 facet normal -2.587145e-01 -3.411663e-01 -9.036993e-01
   outer loop
     vertex -3.711140e+00 -4.893872e+00 -1.185327e+01
     vertex -3.356539e+00 -4.125740e+00 -1.224477e+01
     vertex -3.067163e+00 -4.345181e+00 -1.224477e+01
   endloop
 endfacet
 facet normal -5.910998e-01 -2.811147e-01 -7.560261e-01
   outer loop
     vertex -8.228893e+00 -3.913489e+00 -9.756660e+00
     vertex -7.727527e+00 -3.356539e+00 -1.035575e+01
     vertex -7.480454e+00 -3.876059e+00 -1.035575e+01
   endloop
 endfacet
 facet normal -6.054495e-01 -2.629838e-01 -7.511794e-01
   outer loop
     vertex -8.228893e+00 -3.913489e+00 -9.756660e+00
     vertex -8.476776e+00 -3.342807e+00 -9.756660e+00
     vertex -7.727527e+00 -3.356539e+00 -1.035575e+01
   endloop
 endfacet
 facet normal -8.324958e-01  2.843891e-02 -5.533009e-01
   outer loop
     vertex -1.139985e+01  3.894305e-01 -6.936446e+00
     vertex -1.088112e+01  7.442892e-01 -7.698682e+00
     vertex -1.090655e+01 -3.256870e-14 -7.698682e+00
   endloop
 endfacet
 facet normal -8.375681e-01  5.729123e-02 -5.433206e-01
   outer loop
     vertex -1.139985e+01  3.894305e-01 -6.936446e+00
     vertex -1.134670e+01  1.166476e+00 -6.936446e+00
     vertex -1.088112e+01  7.442892e-01 -7.698682e+00
   endloop
 endfacet
 facet normal -8.287773e-01  4.659982e-01 -3.097963e-01
   outer loop
     vertex -1.120515e+01  6.300340e+00 -3.601787e+00
     vertex -1.074790e+01  6.535942e+00 -4.470643e+00
     vertex -1.116887e+01  5.787242e+00 -4.470643e+00
   endloop
 endfacet
 facet normal -8.163906e-01  4.964581e-01 -2.950180e-01
   outer loop
     vertex -1.120515e+01  6.300340e+00 -3.601787e+00
     vertex -1.074908e+01  7.050319e+00 -3.601787e+00
     vertex -1.074790e+01  6.535942e+00 -4.470643e+00
   endloop
 endfacet
 facet normal -7.178532e-02 -2.261769e-01 -9.714375e-01
   outer loop
     vertex -9.717505e-01 -3.468223e+00 -1.285495e+01
     vertex -1.206165e+00 -3.393823e+00 -1.285495e+01
     vertex -8.216712e-01 -2.588873e+00 -1.307077e+01
   endloop
 endfacet
 facet normal -6.377065e-02 -2.276004e-01 -9.716642e-01
   outer loop
     vertex -9.717505e-01 -3.468223e+00 -1.285495e+01
     vertex -8.216712e-01 -2.588873e+00 -1.307077e+01
     vertex -6.430848e-01 -2.638910e+00 -1.307077e+01
   endloop
 endfacet
 facet normal -3.333842e-01 -3.569673e-01 -8.725992e-01
   outer loop
     vertex -4.734493e+00 -5.069404e+00 -1.140650e+01
     vertex -4.342957e+00 -4.342957e+00 -1.185327e+01
     vertex -4.036458e+00 -4.629206e+00 -1.185327e+01
   endloop
 endfacet
 facet normal -3.479047e-01 -3.479047e-01 -8.705887e-01
   outer loop
     vertex -4.734493e+00 -5.069404e+00 -1.140650e+01
     vertex -5.069404e+00 -4.734493e+00 -1.140650e+01
     vertex -4.342957e+00 -4.342957e+00 -1.185327e+01
   endloop
 endfacet
 facet normal -6.769553e-01 -2.148560e-01 -7.039662e-01
   outer loop
     vertex -9.193320e+00 -3.267307e+00 -9.112084e+00
     vertex -9.394857e+00 -2.632315e+00 -9.112084e+00
     vertex -8.685136e+00 -2.756538e+00 -9.756660e+00
   endloop
 endfacet
 facet normal -6.635393e-01 -2.358219e-01 -7.100026e-01
   outer loop
     vertex -9.193320e+00 -3.267307e+00 -9.112084e+00
     vertex -8.685136e+00 -2.756538e+00 -9.756660e+00
     vertex -8.476776e+00 -3.342807e+00 -9.756660e+00
   endloop
 endfacet
 facet normal -8.604481e-01  1.182659e-01 -4.956231e-01
   outer loop
     vertex -1.174287e+01  1.614020e+00 -6.141868e+00
     vertex -1.124064e+01  1.938083e+00 -6.936446e+00
     vertex -1.134670e+01  1.166476e+00 -6.936446e+00
   endloop
 endfacet
 facet normal -8.621704e-01  1.486532e-01 -4.843184e-01
   outer loop
     vertex -1.174287e+01  1.614020e+00 -6.141868e+00
     vertex -1.160535e+01  2.411619e+00 -6.141868e+00
     vertex -1.124064e+01  1.938083e+00 -6.936446e+00
   endloop
 endfacet
 facet normal -7.921739e-01  5.591774e-01 -2.445019e-01
   outer loop
     vertex -1.067843e+01  7.537657e+00 -2.716138e+00
     vertex -1.024289e+01  7.767426e+00 -3.601787e+00
     vertex -1.074908e+01  7.050319e+00 -3.601787e+00
   endloop
 endfacet
 facet normal -7.756591e-01  5.882009e-01 -2.288506e-01
   outer loop
     vertex -1.067843e+01  7.537657e+00 -2.716138e+00
     vertex -1.013915e+01  8.248807e+00 -2.716138e+00
     vertex -1.024289e+01  7.767426e+00 -3.601787e+00
   endloop
 endfacet
 facet normal -1.208514e-01 -2.782279e-01 -9.528820e-01
   outer loop
     vertex -1.640074e+00 -4.158943e+00 -1.257918e+01
     vertex -1.920067e+00 -4.037325e+00 -1.257918e+01
     vertex -1.434956e+00 -3.303600e+00 -1.285495e+01
   endloop
 endfacet
 facet normal -1.107356e-01 -2.808062e-01 -9.533549e-01
   outer loop
     vertex -1.640074e+00 -4.158943e+00 -1.257918e+01
     vertex -1.434956e+00 -3.303600e+00 -1.285495e+01
     vertex -1.206165e+00 -3.393823e+00 -1.285495e+01
   endloop
 endfacet
 facet normal -4.271975e-01 -3.475510e-01 -8.346919e-01
   outer loop
     vertex -5.802597e+00 -5.059602e+00 -1.090655e+01
     vertex -6.134349e+00 -4.651824e+00 -1.090655e+01
     vertex -5.380679e+00 -4.377507e+00 -1.140650e+01
   endloop
 endfacet
 facet normal -4.118464e-01 -3.591114e-01 -8.375091e-01
   outer loop
     vertex -5.802597e+00 -5.059602e+00 -1.090655e+01
     vertex -5.380679e+00 -4.377507e+00 -1.140650e+01
     vertex -5.069404e+00 -4.734493e+00 -1.140650e+01
   endloop
 endfacet
 facet normal -7.292841e-01 -1.777217e-01 -6.607266e-01
   outer loop
     vertex -1.006130e+01 -2.451872e+00 -8.425024e+00
     vertex -9.552591e+00 -1.985051e+00 -9.112084e+00
     vertex -9.394857e+00 -2.632315e+00 -9.112084e+00
   endloop
 endfacet
 facet normal -7.411651e-01 -1.540159e-01 -6.534167e-01
   outer loop
     vertex -1.006130e+01 -2.451872e+00 -8.425024e+00
     vertex -1.020517e+01 -1.759549e+00 -8.425024e+00
     vertex -9.552591e+00 -1.985051e+00 -9.112084e+00
   endloop
 endfacet
 facet normal -8.724988e-01  2.444627e-01 -4.230648e-01
   outer loop
     vertex -1.189662e+01  2.899126e+00 -5.318655e+00
     vertex -1.167104e+01  3.704221e+00 -5.318655e+00
     vertex -1.141372e+01  3.197973e+00 -6.141868e+00
   endloop
 endfacet
 facet normal -8.745300e-01  2.131171e-01 -4.356355e-01
   outer loop
     vertex -1.189662e+01  2.899126e+00 -5.318655e+00
     vertex -1.141372e+01  3.197973e+00 -6.141868e+00
     vertex -1.160535e+01  2.411619e+00 -6.141868e+00
   endloop
 endfacet
 facet normal -7.416751e-01  6.467072e-01 -1.780107e-01
   outer loop
     vertex -9.968350e+00  8.691951e+00 -1.817825e+00
     vertex -9.552591e+00  8.921497e+00 -2.716138e+00
     vertex -1.013915e+01  8.248807e+00 -2.716138e+00
   endloop
 endfacet
 facet normal -7.212207e-01  6.735731e-01 -1.616789e-01
   outer loop
     vertex -9.968350e+00  8.691951e+00 -1.817825e+00
     vertex -9.351952e+00  9.351952e+00 -1.817825e+00
     vertex -9.552591e+00  8.921497e+00 -2.716138e+00
   endloop
 endfacet
 facet normal -1.683290e-01 -3.248602e-01 -9.306617e-01
   outer loop
     vertex -2.446927e+00 -4.722355e+00 -1.224477e+01
     vertex -2.191108e+00 -3.896883e+00 -1.257918e+01
     vertex -1.920067e+00 -4.037325e+00 -1.257918e+01
   endloop
 endfacet
 facet normal -1.803696e-01 -3.207871e-01 -9.298185e-01
   outer loop
     vertex -2.446927e+00 -4.722355e+00 -1.224477e+01
     vertex -2.763488e+00 -4.544362e+00 -1.224477e+01
     vertex -2.191108e+00 -3.896883e+00 -1.257918e+01
   endloop
 endfacet
 facet normal -5.074275e-01 -3.328217e-01 -7.948252e-01
   outer loop
     vertex -6.882991e+00 -4.858546e+00 -1.035575e+01
     vertex -7.198504e+00 -4.377507e+00 -1.035575e+01
     vertex -6.437501e+00 -4.222357e+00 -1.090655e+01
   endloop
 endfacet
 facet normal -4.917117e-01 -3.470880e-01 -7.985922e-01
   outer loop
     vertex -6.882991e+00 -4.858546e+00 -1.035575e+01
     vertex -6.437501e+00 -4.222357e+00 -1.090655e+01
     vertex -6.134349e+00 -4.651824e+00 -1.090655e+01
   endloop
 endfacet
 facet normal -7.959700e-01 -8.182820e-02 -5.997798e-01
   outer loop
     vertex -1.080496e+01 -1.485108e+00 -7.698682e+00
     vertex -1.088112e+01 -7.442892e-01 -7.698682e+00
     vertex -1.030145e+01 -1.059022e+00 -8.425024e+00
   endloop
 endfacet
 facet normal -7.862264e-01 -1.080643e-01 -6.084161e-01
   outer loop
     vertex -1.080496e+01 -1.485108e+00 -7.698682e+00
     vertex -1.030145e+01 -1.059022e+00 -8.425024e+00
     vertex -1.020517e+01 -1.759549e+00 -8.425024e+00
   endloop
 endfacet
 facet normal -8.740310e-01  3.106307e-01 -3.736020e-01
   outer loop
     vertex -1.185287e+01  4.212512e+00 -4.470643e+00
     vertex -1.139105e+01  4.492046e+00 -5.318655e+00
     vertex -1.167104e+01  3.704221e+00 -5.318655e+00
   endloop
 endfacet
 facet normal -8.679552e-01  3.422771e-01 -3.598614e-01
   outer loop
     vertex -1.185287e+01  4.212512e+00 -4.470643e+00
     vertex -1.153777e+01  5.011560e+00 -4.470643e+00
     vertex -1.139105e+01  4.492046e+00 -5.318655e+00
   endloop
 endfacet
 facet normal -6.783639e-01  7.263504e-01 -1.106228e-01
   outer loop
     vertex -9.090842e+00  9.733915e+00 -9.110362e-01
     vertex -8.691951e+00  9.968350e+00 -1.817825e+00
     vertex -9.351952e+00  9.351952e+00 -1.817825e+00
   endloop
 endfacet
 facet normal -6.543046e-01  7.503882e-01 -9.382464e-02
   outer loop
     vertex -9.090842e+00  9.733915e+00 -9.110362e-01
     vertex -8.405383e+00  1.033160e+01 -9.110362e-01
     vertex -8.691951e+00  9.968350e+00 -1.817825e+00
   endloop
 endfacet
 facet normal -6.612713e-01  7.493115e-01 -3.539084e-02
   outer loop
     vertex -9.090842e+00  9.733915e+00 -9.110362e-01
     vertex -9.080306e+00  9.786242e+00  0.000000e+00
     vertex -8.581215e+00  1.022669e+01  0.000000e+00
   endloop
 endfacet
 facet normal -6.978560e-01  7.154764e-01 -3.302435e-02
   outer loop
     vertex -9.090842e+00  9.733915e+00 -9.110362e-01
     vertex -9.556822e+00  9.321462e+00  0.000000e+00
     vertex -9.080306e+00  9.786242e+00  0.000000e+00
   endloop
 endfacet
 facet normal -6.566773e-01  7.531094e-01 -4.001495e-02
   outer loop
     vertex -9.090842e+00  9.733915e+00 -9.110362e-01
     vertex -8.581215e+00  1.022669e+01  0.000000e+00
     vertex -8.405383e+00  1.033160e+01 -9.110362e-01
   endloop
 endfacet
 facet normal -1.735586e-02 -1.688262e-01 -9.854930e-01
   outer loop
     vertex -2.777635e-01 -2.701898e+00 -1.307077e+01
     vertex -2.475271e-01 -1.800893e+00 -1.322566e+01
     vertex -1.240527e-01 -1.813587e+00 -1.322566e+01
   endloop
 endfacet
 facet normal -2.317580e-02 -1.686165e-01 -9.854092e-01
   outer loop
     vertex -2.777635e-01 -2.701898e+00 -1.307077e+01
     vertex -4.615000e-01 -2.676644e+00 -1.307077e+01
     vertex -2.475271e-01 -1.800893e+00 -1.322566e+01
   endloop
 endfacet
 facet normal -2.485560e-01 -3.521236e-01 -9.023463e-01
   outer loop
     vertex -3.368519e+00 -5.135720e+00 -1.185327e+01
     vertex -3.711140e+00 -4.893872e+00 -1.185327e+01
     vertex -3.067163e+00 -4.345181e+00 -1.224477e+01
   endloop
 endfacet
 facet normal -2.348294e-01 -3.580262e-01 -9.036993e-01
   outer loop
     vertex -3.368519e+00 -5.135720e+00 -1.185327e+01
     vertex -3.067163e+00 -4.345181e+00 -1.224477e+01
     vertex -2.763488e+00 -4.544362e+00 -1.224477e+01
   endloop
 endfacet
 facet normal -5.860914e-01 -3.036881e-01 -7.511794e-01
   outer loop
     vertex -7.942644e+00 -4.465926e+00 -9.756660e+00
     vertex -8.228893e+00 -3.913489e+00 -9.756660e+00
     vertex -7.480454e+00 -3.876059e+00 -1.035575e+01
   endloop
 endfacet
 facet normal -5.705379e-01 -3.207975e-01 -7.560261e-01
   outer loop
     vertex -7.942644e+00 -4.465926e+00 -9.756660e+00
     vertex -7.480454e+00 -3.876059e+00 -1.035575e+01
     vertex -7.198504e+00 -4.377507e+00 -1.035575e+01
   endloop
 endfacet
 facet normal -8.395253e-01 -1.914714e-15 -5.433206e-01
   outer loop
     vertex -1.139985e+01 -3.894305e-01 -6.936446e+00
     vertex -1.139985e+01  3.894305e-01 -6.936446e+00
     vertex -1.090655e+01 -3.256870e-14 -7.698682e+00
   endloop
 endfacet
 facet normal -8.324958e-01 -2.843891e-02 -5.533009e-01
   outer loop
     vertex -1.139985e+01 -3.894305e-01 -6.936446e+00
     vertex -1.090655e+01 -3.256870e-14 -7.698682e+00
     vertex -1.088112e+01 -7.442892e-01 -7.698682e+00
   endloop
 endfacet
 facet normal -8.483669e-01  4.395883e-01 -2.950180e-01
   outer loop
     vertex -1.160898e+01  5.520986e+00 -3.601787e+00
     vertex -1.120515e+01  6.300340e+00 -3.601787e+00
     vertex -1.116887e+01  5.787242e+00 -4.470643e+00
   endloop
 endfacet
 facet normal -8.586461e-01  4.083541e-01 -3.097963e-01
   outer loop
     vertex -1.160898e+01  5.520986e+00 -3.601787e+00
     vertex -1.116887e+01  5.787242e+00 -4.470643e+00
     vertex -1.153777e+01  5.011560e+00 -4.470643e+00
   endloop
 endfacet
 facet normal -5.618312e-02 -2.305484e-01 -9.714375e-01
   outer loop
     vertex -7.328052e-01 -3.526452e+00 -1.285495e+01
     vertex -9.717505e-01 -3.468223e+00 -1.285495e+01
     vertex -6.430848e-01 -2.638910e+00 -1.307077e+01
   endloop
 endfacet
 facet normal -4.808998e-02 -2.314217e-01 -9.716642e-01
   outer loop
     vertex -7.328052e-01 -3.526452e+00 -1.285495e+01
     vertex -6.430848e-01 -2.638910e+00 -1.307077e+01
     vertex -4.615000e-01 -2.676644e+00 -1.307077e+01
   endloop
 endfacet
 facet normal -3.233518e-01 -3.708355e-01 -8.705887e-01
   outer loop
     vertex -4.377507e+00 -5.380679e+00 -1.140650e+01
     vertex -4.734493e+00 -5.069404e+00 -1.140650e+01
     vertex -4.036458e+00 -4.629206e+00 -1.185327e+01
   endloop
 endfacet
 facet normal -3.082467e-01 -3.788861e-01 -8.725992e-01
   outer loop
     vertex -4.377507e+00 -5.380679e+00 -1.140650e+01
     vertex -4.036458e+00 -4.629206e+00 -1.185327e+01
     vertex -3.711140e+00 -4.893872e+00 -1.185327e+01
   endloop
 endfacet
 facet normal -6.458993e-01 -2.805537e-01 -7.100026e-01
   outer loop
     vertex -8.948919e+00 -3.887064e+00 -9.112084e+00
     vertex -8.476776e+00 -3.342807e+00 -9.756660e+00
     vertex -8.228893e+00 -3.913489e+00 -9.756660e+00
   endloop
 endfacet
 facet normal -6.607149e-01 -2.605522e-01 -7.039662e-01
   outer loop
     vertex -8.948919e+00 -3.887064e+00 -9.112084e+00
     vertex -9.193320e+00 -3.267307e+00 -9.112084e+00
     vertex -8.476776e+00 -3.342807e+00 -9.756660e+00
   endloop
 endfacet
 facet normal -8.665130e-01  5.927111e-02 -4.956231e-01
   outer loop
     vertex -1.182563e+01  8.088956e-01 -6.141868e+00
     vertex -1.134670e+01  1.166476e+00 -6.936446e+00
     vertex -1.139985e+01  3.894305e-01 -6.936446e+00
   endloop
 endfacet
 facet normal -8.703050e-01  8.947006e-02 -4.843184e-01
   outer loop
     vertex -1.182563e+01  8.088956e-01 -6.141868e+00
     vertex -1.174287e+01  1.614020e+00 -6.141868e+00
     vertex -1.134670e+01  1.166476e+00 -6.936446e+00
   endloop
 endfacet
 facet normal -8.139912e-01  5.338968e-01 -2.288506e-01
   outer loop
     vertex -1.116792e+01  6.791364e+00 -2.716138e+00
     vertex -1.067843e+01  7.537657e+00 -2.716138e+00
     vertex -1.074908e+01  7.050319e+00 -3.601787e+00
   endloop
 endfacet
 facet normal -8.284868e-01  5.038140e-01 -2.445019e-01
   outer loop
     vertex -1.116792e+01  6.791364e+00 -2.716138e+00
     vertex -1.074908e+01  7.050319e+00 -3.601787e+00
     vertex -1.120515e+01  6.300340e+00 -3.601787e+00
   endloop
 endfacet
 facet normal -9.131455e-02 -2.877084e-01 -9.533549e-01
   outer loop
     vertex -1.352435e+00 -4.261170e+00 -1.257918e+01
     vertex -1.206165e+00 -3.393823e+00 -1.285495e+01
     vertex -9.717505e-01 -3.468223e+00 -1.285495e+01
   endloop
 endfacet
 facet normal -1.015827e-01 -2.858265e-01 -9.528820e-01
   outer loop
     vertex -1.352435e+00 -4.261170e+00 -1.257918e+01
     vertex -1.640074e+00 -4.158943e+00 -1.257918e+01
     vertex -1.206165e+00 -3.393823e+00 -1.285495e+01
   endloop
 endfacet
 facet normal -4.024839e-01 -3.758937e-01 -8.346919e-01
   outer loop
     vertex -5.443790e+00 -5.443790e+00 -1.090655e+01
     vertex -5.802597e+00 -5.059602e+00 -1.090655e+01
     vertex -5.069404e+00 -4.734493e+00 -1.140650e+01
   endloop
 endfacet
 facet normal -3.863797e-01 -3.863797e-01 -8.375091e-01
   outer loop
     vertex -5.443790e+00 -5.443790e+00 -1.090655e+01
     vertex -5.069404e+00 -4.734493e+00 -1.140650e+01
     vertex -4.734493e+00 -5.069404e+00 -1.140650e+01
   endloop
 endfacet
 facet normal -7.289269e-01 -2.042357e-01 -6.534167e-01
   outer loop
     vertex -9.870525e+00 -3.132764e+00 -8.425024e+00
     vertex -1.006130e+01 -2.451872e+00 -8.425024e+00
     vertex -9.394857e+00 -2.632315e+00 -9.112084e+00
   endloop
 endfacet
 facet normal -7.154558e-01 -2.270755e-01 -6.607266e-01
   outer loop
     vertex -9.870525e+00 -3.132764e+00 -8.425024e+00
     vertex -9.394857e+00 -2.632315e+00 -9.112084e+00
     vertex -9.193320e+00 -3.267307e+00 -9.112084e+00
   endloop
 endfacet
 facet normal -8.871475e-01  1.843514e-01 -4.230648e-01
   outer loop
     vertex -1.206673e+01  2.080514e+00 -5.318655e+00
     vertex -1.189662e+01  2.899126e+00 -5.318655e+00
     vertex -1.160535e+01  2.411619e+00 -6.141868e+00
   endloop
 endfacet
 facet normal -8.870349e-01  1.529403e-01 -4.356355e-01
   outer loop
     vertex -1.206673e+01  2.080514e+00 -5.318655e+00
     vertex -1.160535e+01  2.411619e+00 -6.141868e+00
     vertex -1.174287e+01  1.614020e+00 -6.141868e+00
   endloop
 endfacet
 facet normal -7.655056e-01  6.227850e-01 -1.616789e-01
   outer loop
     vertex -1.053827e+01  7.991423e+00 -1.817825e+00
     vertex -9.968350e+00  8.691951e+00 -1.817825e+00
     vertex -1.013915e+01  8.248807e+00 -2.716138e+00
   endloop
 endfacet
 facet normal -7.840790e-01  5.945859e-01 -1.780107e-01
   outer loop
     vertex -1.053827e+01  7.991423e+00 -1.817825e+00
     vertex -1.013915e+01  8.248807e+00 -2.716138e+00
     vertex -1.067843e+01  7.537657e+00 -2.716138e+00
   endloop
 endfacet
 facet normal -1.580578e-01 -3.323482e-01 -9.298185e-01
   outer loop
     vertex -2.118958e+00 -4.878330e+00 -1.224477e+01
     vertex -2.446927e+00 -4.722355e+00 -1.224477e+01
     vertex -1.920067e+00 -4.037325e+00 -1.257918e+01
   endloop
 endfacet
 facet normal -1.457673e-01 -3.355901e-01 -9.306617e-01
   outer loop
     vertex -2.118958e+00 -4.878330e+00 -1.224477e+01
     vertex -1.920067e+00 -4.037325e+00 -1.257918e+01
     vertex -1.640074e+00 -4.158943e+00 -1.257918e+01
   endloop
 endfacet
 facet normal -4.668793e-01 -3.798345e-01 -7.985922e-01
   outer loop
     vertex -6.535386e+00 -5.316931e+00 -1.035575e+01
     vertex -6.134349e+00 -4.651824e+00 -1.090655e+01
     vertex -5.802597e+00 -5.059602e+00 -1.090655e+01
   endloop
 endfacet
 facet normal -4.835320e-01 -3.666739e-01 -7.948252e-01
   outer loop
     vertex -6.535386e+00 -5.316931e+00 -1.035575e+01
     vertex -6.882991e+00 -4.858546e+00 -1.035575e+01
     vertex -6.134349e+00 -4.651824e+00 -1.090655e+01
   endloop
 endfacet
 facet normal -7.770190e-01 -1.614664e-01 -6.084161e-01
   outer loop
     vertex -1.067843e+01 -2.219003e+00 -7.698682e+00
     vertex -1.020517e+01 -1.759549e+00 -8.425024e+00
     vertex -1.006130e+01 -2.451872e+00 -8.425024e+00
   endloop
 endfacet
 facet normal -7.885303e-01 -1.359564e-01 -5.997798e-01
   outer loop
     vertex -1.067843e+01 -2.219003e+00 -7.698682e+00
     vertex -1.080496e+01 -1.485108e+00 -7.698682e+00
     vertex -1.020517e+01 -1.759549e+00 -8.425024e+00
   endloop
 endfacet
 facet normal -8.892896e-01  2.822478e-01 -3.598614e-01
   outer loop
     vertex -1.211271e+01  3.393823e+00 -4.470643e+00
     vertex -1.185287e+01  4.212512e+00 -4.470643e+00
     vertex -1.167104e+01  3.704221e+00 -5.318655e+00
   endloop
 endfacet
 facet normal -8.931916e-01  2.502605e-01 -3.736020e-01
   outer loop
     vertex -1.211271e+01  3.393823e+00 -4.470643e+00
     vertex -1.167104e+01  3.704221e+00 -5.318655e+00
     vertex -1.189662e+01  2.899126e+00 -5.318655e+00
   endloop
 endfacet
 facet normal -7.064973e-01  7.064973e-01 -4.150935e-02
   outer loop
     vertex -9.733915e+00  9.090842e+00 -9.110362e-01
     vertex -9.556822e+00  9.321462e+00  0.000000e+00
     vertex -9.090842e+00  9.733915e+00 -9.110362e-01
   endloop
 endfacet
 facet normal -7.263504e-01  6.783639e-01 -1.106228e-01
   outer loop
     vertex -9.733915e+00  9.090842e+00 -9.110362e-01
     vertex -9.351952e+00  9.351952e+00 -1.817825e+00
     vertex -9.968350e+00  8.691951e+00 -1.817825e+00
   endloop
 endfacet
 facet normal -7.039875e-01  7.039875e-01 -9.382464e-02
   outer loop
     vertex -9.733915e+00  9.090842e+00 -9.110362e-01
     vertex -9.090842e+00  9.733915e+00 -9.110362e-01
     vertex -9.351952e+00  9.351952e+00 -1.817825e+00
   endloop
 endfacet
 facet normal -7.327291e-01  6.798733e-01 -2.967065e-02
   outer loop
     vertex -9.733915e+00  9.090842e+00 -9.110362e-01
     vertex -1.000958e+01  8.833506e+00  0.000000e+00
     vertex -9.556822e+00  9.321462e+00  0.000000e+00
   endloop
 endfacet
 facet normal  2.117057e-02 -2.190521e-01 -9.754835e-01
   outer loop
     vertex -9.273196e-02 -2.714554e+00 -1.307077e+01
     vertex  0.000000e+00 -2.604456e+00 -1.309348e+01
     vertex  0.000000e+00 -3.243785e+00 -1.294992e+01
   endloop
 endfacet
 facet normal -3.829645e-02 -1.708365e-01 -9.845549e-01
   outer loop
     vertex -9.273196e-02 -2.714554e+00 -1.307077e+01
     vertex  0.000000e+00 -1.958852e+00 -1.320551e+01
     vertex  0.000000e+00 -2.604456e+00 -1.309348e+01
   endloop
 endfacet
 facet normal -3.988833e-02 -1.706361e-01 -9.845264e-01
   outer loop
     vertex -9.273196e-02 -2.714554e+00 -1.307077e+01
     vertex -1.240527e-01 -1.813587e+00 -1.322566e+01
     vertex  0.000000e+00 -1.958852e+00 -1.320551e+01
   endloop
 endfacet
 facet normal -1.161498e-02 -1.698049e-01 -9.854092e-01
   outer loop
     vertex -9.273196e-02 -2.714554e+00 -1.307077e+01
     vertex -2.777635e-01 -2.701898e+00 -1.307077e+01
     vertex -1.240527e-01 -1.813587e+00 -1.322566e+01
   endloop
 endfacet
 facet normal -2.239468e-01 -3.682648e-01 -9.023463e-01
   outer loop
     vertex -3.010192e+00 -5.353624e+00 -1.185327e+01
     vertex -3.368519e+00 -5.135720e+00 -1.185327e+01
     vertex -2.763488e+00 -4.544362e+00 -1.224477e+01
   endloop
 endfacet
 facet normal -2.098494e-01 -3.732169e-01 -9.036993e-01
   outer loop
     vertex -3.010192e+00 -5.353624e+00 -1.185327e+01
     vertex -2.763488e+00 -4.544362e+00 -1.224477e+01
     vertex -2.446927e+00 -4.722355e+00 -1.224477e+01
   endloop
 endfacet
 facet normal -5.640007e-01 -3.429764e-01 -7.511794e-01
   outer loop
     vertex -7.619362e+00 -4.997540e+00 -9.756660e+00
     vertex -7.942644e+00 -4.465926e+00 -9.756660e+00
     vertex -7.198504e+00 -4.377507e+00 -1.035575e+01
   endloop
 endfacet
 facet normal -5.473159e-01 -3.589845e-01 -7.560261e-01
   outer loop
     vertex -7.619362e+00 -4.997540e+00 -9.756660e+00
     vertex -7.198504e+00 -4.377507e+00 -1.035575e+01
     vertex -6.882991e+00 -4.858546e+00 -1.035575e+01
   endloop
 endfacet
 facet normal -8.286143e-01 -8.518414e-02 -5.533009e-01
   outer loop
     vertex -1.134670e+01 -1.166476e+00 -6.936446e+00
     vertex -1.088112e+01 -7.442892e-01 -7.698682e+00
     vertex -1.080496e+01 -1.485108e+00 -7.698682e+00
   endloop
 endfacet
 facet normal -8.375681e-01 -5.729123e-02 -5.433206e-01
   outer loop
     vertex -1.134670e+01 -1.166476e+00 -6.936446e+00
     vertex -1.139985e+01 -3.894305e-01 -6.936446e+00
     vertex -1.088112e+01 -7.442892e-01 -7.698682e+00
   endloop
 endfacet
 facet normal -8.763878e-01  3.806689e-01 -2.950180e-01
   outer loop
     vertex -1.195868e+01  4.715891e+00 -3.601787e+00
     vertex -1.160898e+01  5.520986e+00 -3.601787e+00
     vertex -1.153777e+01  5.011560e+00 -4.470643e+00
   endloop
 endfacet
 facet normal -8.845115e-01  3.488061e-01 -3.097963e-01
   outer loop
     vertex -1.195868e+01  4.715891e+00 -3.601787e+00
     vertex -1.153777e+01  5.011560e+00 -4.470643e+00
     vertex -1.185287e+01  4.212512e+00 -4.470643e+00
   endloop
 endfacet
 facet normal -4.031896e-02 -2.338451e-01 -9.714375e-01
   outer loop
     vertex -4.904433e-01 -3.568240e+00 -1.285495e+01
     vertex -7.328052e-01 -3.526452e+00 -1.285495e+01
     vertex -4.615000e-01 -2.676644e+00 -1.307077e+01
   endloop
 endfacet
 facet normal -3.218510e-02 -2.341640e-01 -9.716642e-01
   outer loop
     vertex -4.904433e-01 -3.568240e+00 -1.285495e+01
     vertex -4.615000e-01 -2.676644e+00 -1.307077e+01
     vertex -2.777635e-01 -2.701898e+00 -1.307077e+01
   endloop
 endfacet
 facet normal -2.972913e-01 -3.920373e-01 -8.705887e-01
   outer loop
     vertex -4.000112e+00 -5.666867e+00 -1.140650e+01
     vertex -4.377507e+00 -5.380679e+00 -1.140650e+01
     vertex -3.711140e+00 -4.893872e+00 -1.185327e+01
   endloop
 endfacet
 facet normal -2.816720e-01 -3.990383e-01 -8.725992e-01
   outer loop
     vertex -4.000112e+00 -5.666867e+00 -1.140650e+01
     vertex -3.711140e+00 -4.893872e+00 -1.185327e+01
     vertex -3.368519e+00 -5.135720e+00 -1.185327e+01
   endloop
 endfacet
 facet normal -6.252479e-01 -3.239774e-01 -7.100026e-01
   outer loop
     vertex -8.662794e+00 -4.488698e+00 -9.112084e+00
     vertex -8.228893e+00 -3.913489e+00 -9.756660e+00
     vertex -7.942644e+00 -4.465926e+00 -9.756660e+00
   endloop
 endfacet
 facet normal -6.413939e-01 -3.050335e-01 -7.039662e-01
   outer loop
     vertex -8.662794e+00 -4.488698e+00 -9.112084e+00
     vertex -8.948919e+00 -3.887064e+00 -9.112084e+00
     vertex -8.228893e+00 -3.913489e+00 -9.756660e+00
   endloop
 endfacet
 facet normal -8.685377e-01 -1.947658e-15 -4.956231e-01
   outer loop
     vertex -1.185327e+01 -3.539575e-14 -6.141868e+00
     vertex -1.139985e+01  3.894305e-01 -6.936446e+00
     vertex -1.139985e+01 -3.894305e-01 -6.936446e+00
   endloop
 endfacet
 facet normal -8.743817e-01  2.986978e-02 -4.843184e-01
   outer loop
     vertex -1.185327e+01 -3.539575e-14 -6.141868e+00
     vertex -1.182563e+01  8.088956e-01 -6.141868e+00
     vertex -1.139985e+01  3.894305e-01 -6.936446e+00
   endloop
 endfacet
 facet normal -8.485280e-01  4.771035e-01 -2.288506e-01
   outer loop
     vertex -1.160535e+01  6.013405e+00 -2.716138e+00
     vertex -1.116792e+01  6.791364e+00 -2.716138e+00
     vertex -1.120515e+01  6.300340e+00 -3.601787e+00
   endloop
 endfacet
 facet normal -8.609369e-01  4.461015e-01 -2.445019e-01
   outer loop
     vertex -1.160535e+01  6.013405e+00 -2.716138e+00
     vertex -1.120515e+01  6.300340e+00 -3.601787e+00
     vertex -1.160898e+01  5.520986e+00 -3.601787e+00
   endloop
 endfacet
 facet normal -8.184045e-02 -2.920924e-01 -9.528820e-01
   outer loop
     vertex -1.058489e+00 -4.343529e+00 -1.257918e+01
     vertex -1.352435e+00 -4.261170e+00 -1.257918e+01
     vertex -9.717505e-01 -3.468223e+00 -1.285495e+01
   endloop
 endfacet
 facet normal -7.146776e-02 -2.932692e-01 -9.533549e-01
   outer loop
     vertex -1.058489e+00 -4.343529e+00 -1.257918e+01
     vertex -9.717505e-01 -3.468223e+00 -1.285495e+01
     vertex -7.328052e-01 -3.526452e+00 -1.285495e+01
   endloop
 endfacet
 facet normal -3.591114e-01 -4.118464e-01 -8.375091e-01
   outer loop
     vertex -5.059602e+00 -5.802597e+00 -1.090655e+01
     vertex -4.734493e+00 -5.069404e+00 -1.140650e+01
     vertex -4.377507e+00 -5.380679e+00 -1.140650e+01
   endloop
 endfacet
 facet normal -3.758937e-01 -4.024839e-01 -8.346919e-01
   outer loop
     vertex -5.059602e+00 -5.802597e+00 -1.090655e+01
     vertex -5.443790e+00 -5.443790e+00 -1.090655e+01
     vertex -4.734493e+00 -5.069404e+00 -1.140650e+01
   endloop
 endfacet
 facet normal -7.132900e-01 -2.535033e-01 -6.534167e-01
   outer loop
     vertex -9.633727e+00 -3.799049e+00 -8.425024e+00
     vertex -9.870525e+00 -3.132764e+00 -8.425024e+00
     vertex -9.193320e+00 -3.267307e+00 -9.112084e+00
   endloop
 endfacet
 facet normal -6.982918e-01 -2.753705e-01 -6.607266e-01
   outer loop
     vertex -9.633727e+00 -3.799049e+00 -8.425024e+00
     vertex -9.193320e+00 -3.267307e+00 -9.112084e+00
     vertex -8.948919e+00 -3.887064e+00 -9.112084e+00
   endloop
 endfacet
 facet normal -8.976600e-01  1.233805e-01 -4.230648e-01
   outer loop
     vertex -1.218057e+01  1.252201e+00 -5.318655e+00
     vertex -1.206673e+01  2.080514e+00 -5.318655e+00
     vertex -1.174287e+01  1.614020e+00 -6.141868e+00
   endloop
 endfacet
 facet normal -8.954041e-01  9.205033e-02 -4.356355e-01
   outer loop
     vertex -1.218057e+01  1.252201e+00 -5.318655e+00
     vertex -1.174287e+01  1.614020e+00 -6.141868e+00
     vertex -1.182563e+01  8.088956e-01 -6.141868e+00
   endloop
 endfacet
 facet normal -8.062214e-01  5.690932e-01 -1.616789e-01
   outer loop
     vertex -1.105906e+01  7.253637e+00 -1.817825e+00
     vertex -1.053827e+01  7.991423e+00 -1.817825e+00
     vertex -1.067843e+01  7.537657e+00 -2.716138e+00
   endloop
 endfacet
 facet normal -8.228271e-01  5.396923e-01 -1.780107e-01
   outer loop
     vertex -1.105906e+01  7.253637e+00 -1.817825e+00
     vertex -1.067843e+01  7.537657e+00 -2.716138e+00
     vertex -1.116792e+01  6.791364e+00 -2.716138e+00
   endloop
 endfacet
 facet normal -1.350091e-01 -3.423596e-01 -9.298185e-01
   outer loop
     vertex -1.781109e+00 -5.011560e+00 -1.224477e+01
     vertex -2.118958e+00 -4.878330e+00 -1.224477e+01
     vertex -1.640074e+00 -4.158943e+00 -1.257918e+01
   endloop
 endfacet
 facet normal -1.225260e-01 -3.447552e-01 -9.306617e-01
   outer loop
     vertex -1.781109e+00 -5.011560e+00 -1.224477e+01
     vertex -1.640074e+00 -4.158943e+00 -1.257918e+01
     vertex -1.352435e+00 -4.261170e+00 -1.257918e+01
   endloop
 endfacet
 facet normal -4.398701e-01 -4.108100e-01 -7.985922e-01
   outer loop
     vertex -6.157311e+00 -5.750527e+00 -1.035575e+01
     vertex -5.802597e+00 -5.059602e+00 -1.090655e+01
     vertex -5.443790e+00 -5.443790e+00 -1.090655e+01
   endloop
 endfacet
 facet normal -4.573821e-01 -3.988165e-01 -7.948252e-01
   outer loop
     vertex -6.157311e+00 -5.750527e+00 -1.035575e+01
     vertex -6.535386e+00 -5.316931e+00 -1.035575e+01
     vertex -5.802597e+00 -5.059602e+00 -1.090655e+01
   endloop
 endfacet
 facet normal -7.774141e-01 -1.894506e-01 -5.997798e-01
   outer loop
     vertex -1.050210e+01 -2.942551e+00 -7.698682e+00
     vertex -1.067843e+01 -2.219003e+00 -7.698682e+00
     vertex -1.006130e+01 -2.451872e+00 -8.425024e+00
   endloop
 endfacet
 facet normal -7.641887e-01 -2.141156e-01 -6.084161e-01
   outer loop
     vertex -1.050210e+01 -2.942551e+00 -7.698682e+00
     vertex -1.006130e+01 -2.451872e+00 -8.425024e+00
     vertex -9.870525e+00 -3.132764e+00 -8.425024e+00
   endloop
 endfacet
 facet normal -9.064777e-01  2.209026e-01 -3.598614e-01
   outer loop
     vertex -1.231608e+01  2.559310e+00 -4.470643e+00
     vertex -1.211271e+01  3.393823e+00 -4.470643e+00
     vertex -1.189662e+01  2.899126e+00 -5.318655e+00
   endloop
 endfacet
 facet normal -9.081877e-01  1.887236e-01 -3.736020e-01
   outer loop
     vertex -1.231608e+01  2.559310e+00 -4.470643e+00
     vertex -1.189662e+01  2.899126e+00 -5.318655e+00
     vertex -1.206673e+01  2.080514e+00 -5.318655e+00
   endloop
 endfacet
 facet normal -7.530357e-01  6.566131e-01 -4.238527e-02
   outer loop
     vertex -1.033160e+01  8.405383e+00 -9.110362e-01
     vertex -1.000958e+01  8.833506e+00  0.000000e+00
     vertex -9.733915e+00  9.090842e+00 -9.110362e-01
   endloop
 endfacet
 facet normal -7.709503e-01  6.272146e-01 -1.106228e-01
   outer loop
     vertex -1.033160e+01  8.405383e+00 -9.110362e-01
     vertex -9.968350e+00  8.691951e+00 -1.817825e+00
     vertex -1.053827e+01  7.991423e+00 -1.817825e+00
   endloop
 endfacet
 facet normal -7.503882e-01  6.543046e-01 -9.382464e-02
   outer loop
     vertex -1.033160e+01  8.405383e+00 -9.110362e-01
     vertex -9.733915e+00  9.090842e+00 -9.110362e-01
     vertex -9.968350e+00  8.691951e+00 -1.817825e+00
   endloop
 endfacet
 facet normal -7.656697e-01  6.424732e-01 -3.127476e-02
   outer loop
     vertex -1.033160e+01  8.405383e+00 -9.110362e-01
     vertex -1.043745e+01  8.323589e+00  0.000000e+00
     vertex -1.000958e+01  8.833506e+00  0.000000e+00
   endloop
 endfacet
 facet normal -1.838910e-01 -3.866675e-01 -9.036993e-01
   outer loop
     vertex -2.637831e+00 -5.546566e+00 -1.185327e+01
     vertex -2.446927e+00 -4.722355e+00 -1.224477e+01
     vertex -2.118958e+00 -4.878330e+00 -1.224477e+01
   endloop
 endfacet
 facet normal -1.982934e-01 -3.826889e-01 -9.023463e-01
   outer loop
     vertex -2.637831e+00 -5.546566e+00 -1.185327e+01
     vertex -3.010192e+00 -5.353624e+00 -1.185327e+01
     vertex -2.446927e+00 -4.722355e+00 -1.224477e+01
   endloop
 endfacet
 facet normal -5.392803e-01 -3.806656e-01 -7.511794e-01
   outer loop
     vertex -7.260555e+00 -5.505853e+00 -9.756660e+00
     vertex -7.619362e+00 -4.997540e+00 -9.756660e+00
     vertex -6.882991e+00 -4.858546e+00 -1.035575e+01
   endloop
 endfacet
 facet normal -5.215420e-01 -3.954978e-01 -7.560261e-01
   outer loop
     vertex -7.260555e+00 -5.505853e+00 -9.756660e+00
     vertex -6.882991e+00 -4.858546e+00 -1.035575e+01
     vertex -6.535386e+00 -5.316931e+00 -1.035575e+01
   endloop
 endfacet
 facet normal -8.208695e-01 -1.415322e-01 -5.533009e-01
   outer loop
     vertex -1.124064e+01 -1.938083e+00 -6.936446e+00
     vertex -1.080496e+01 -1.485108e+00 -7.698682e+00
     vertex -1.067843e+01 -2.219003e+00 -7.698682e+00
   endloop
 endfacet
 facet normal -8.317059e-01 -1.143153e-01 -5.433206e-01
   outer loop
     vertex -1.124064e+01 -1.938083e+00 -6.936446e+00
     vertex -1.134670e+01 -1.166476e+00 -6.936446e+00
     vertex -1.080496e+01 -1.485108e+00 -7.698682e+00
   endloop
 endfacet
 facet normal -9.003225e-01  3.199747e-01 -2.950180e-01
   outer loop
     vertex -1.225262e+01  3.888808e+00 -3.601787e+00
     vertex -1.195868e+01  4.715891e+00 -3.601787e+00
     vertex -1.185287e+01  4.212512e+00 -4.470643e+00
   endloop
 endfacet
 facet normal -9.062528e-01  2.876317e-01 -3.097963e-01
   outer loop
     vertex -1.225262e+01  3.888808e+00 -3.601787e+00
     vertex -1.185287e+01  4.212512e+00 -4.470643e+00
     vertex -1.211271e+01  3.393823e+00 -4.470643e+00
   endloop
 endfacet
 facet normal -1.613015e-02 -2.358145e-01 -9.716642e-01
   outer loop
     vertex -2.457946e-01 -3.593390e+00 -1.285495e+01
     vertex -2.777635e-01 -2.701898e+00 -1.307077e+01
     vertex -9.273196e-02 -2.714554e+00 -1.307077e+01
   endloop
 endfacet
 facet normal -4.790944e-02 -2.303447e-01 -9.719290e-01
   outer loop
     vertex -2.457946e-01 -3.593390e+00 -1.285495e+01
     vertex -9.273196e-02 -2.714554e+00 -1.307077e+01
     vertex  0.000000e+00 -3.243785e+00 -1.294992e+01
   endloop
 endfacet
 facet normal  6.968581e-03 -2.667063e-01 -9.637527e-01
   outer loop
     vertex -2.457946e-01 -3.593390e+00 -1.285495e+01
     vertex  0.000000e+00 -3.243785e+00 -1.294992e+01
     vertex  0.000000e+00 -3.875300e+00 -1.277515e+01
   endloop
 endfacet
 facet normal -2.426682e-02 -2.360514e-01 -9.714375e-01
   outer loop
     vertex -2.457946e-01 -3.593390e+00 -1.285495e+01
     vertex -4.904433e-01 -3.568240e+00 -1.285495e+01
     vertex -2.777635e-01 -2.701898e+00 -1.307077e+01
   endloop
 endfacet
 facet normal -2.698447e-01 -4.114113e-01 -8.705887e-01
   outer loop
     vertex -3.604066e+00 -5.926634e+00 -1.140650e+01
     vertex -4.000112e+00 -5.666867e+00 -1.140650e+01
     vertex -3.368519e+00 -5.135720e+00 -1.185327e+01
   endloop
 endfacet
 facet normal -2.537840e-01 -4.173300e-01 -8.725992e-01
   outer loop
     vertex -3.604066e+00 -5.926634e+00 -1.140650e+01
     vertex -3.368519e+00 -5.135720e+00 -1.185327e+01
     vertex -3.010192e+00 -5.353624e+00 -1.185327e+01
   endloop
 endfacet
 facet normal -6.190825e-01 -3.480927e-01 -7.039662e-01
   outer loop
     vertex -8.336280e+00 -5.069404e+00 -9.112084e+00
     vertex -8.662794e+00 -4.488698e+00 -9.112084e+00
     vertex -7.942644e+00 -4.465926e+00 -9.756660e+00
   endloop
 endfacet
 facet normal -6.016813e-01 -3.658905e-01 -7.100026e-01
   outer loop
     vertex -8.336280e+00 -5.069404e+00 -9.112084e+00
     vertex -7.942644e+00 -4.465926e+00 -9.756660e+00
     vertex -7.619362e+00 -4.997540e+00 -9.756660e+00
   endloop
 endfacet
 facet normal -8.665130e-01 -5.927111e-02 -4.956231e-01
   outer loop
     vertex -1.182563e+01 -8.088956e-01 -6.141868e+00
     vertex -1.139985e+01 -3.894305e-01 -6.936446e+00
     vertex -1.134670e+01 -1.166476e+00 -6.936446e+00
   endloop
 endfacet
 facet normal -8.743817e-01 -2.986978e-02 -4.843184e-01
   outer loop
     vertex -1.182563e+01 -8.088956e-01 -6.141868e+00
     vertex -1.185327e+01 -3.539575e-14 -6.141868e+00
     vertex -1.139985e+01 -3.894305e-01 -6.936446e+00
   endloop
 endfacet
 facet normal -8.893729e-01  3.863091e-01 -2.445019e-01
   outer loop
     vertex -1.198866e+01  5.207410e+00 -2.716138e+00
     vertex -1.160898e+01  5.520986e+00 -3.601787e+00
     vertex -1.195868e+01  4.715891e+00 -3.601787e+00
   endloop
 endfacet
 facet normal -8.791085e-01  4.180856e-01 -2.288506e-01
   outer loop
     vertex -1.198866e+01  5.207410e+00 -2.716138e+00
     vertex -1.160535e+01  6.013405e+00 -2.716138e+00
     vertex -1.160898e+01  5.520986e+00 -3.601787e+00
   endloop
 endfacet
 facet normal -6.171657e-02 -2.969964e-01 -9.528820e-01
   outer loop
     vertex -7.596086e-01 -4.405638e+00 -1.257918e+01
     vertex -1.058489e+00 -4.343529e+00 -1.257918e+01
     vertex -7.328052e-01 -3.526452e+00 -1.285495e+01
   endloop
 endfacet
 facet normal -5.128775e-02 -2.974627e-01 -9.533549e-01
   outer loop
     vertex -7.596086e-01 -4.405638e+00 -1.257918e+01
     vertex -7.328052e-01 -3.526452e+00 -1.285495e+01
     vertex -4.904433e-01 -3.568240e+00 -1.285495e+01
   endloop
 endfacet
 facet normal -3.301689e-01 -4.353929e-01 -8.375091e-01
   outer loop
     vertex -4.651824e+00 -6.134349e+00 -1.090655e+01
     vertex -4.377507e+00 -5.380679e+00 -1.140650e+01
     vertex -4.000112e+00 -5.666867e+00 -1.140650e+01
   endloop
 endfacet
 facet normal -3.475510e-01 -4.271975e-01 -8.346919e-01
   outer loop
     vertex -4.651824e+00 -6.134349e+00 -1.090655e+01
     vertex -5.059602e+00 -5.802597e+00 -1.090655e+01
     vertex -4.377507e+00 -5.380679e+00 -1.140650e+01
   endloop
 endfacet
 facet normal -6.778719e-01 -3.223817e-01 -6.607266e-01
   outer loop
     vertex -9.352012e+00 -4.447621e+00 -8.425024e+00
     vertex -8.948919e+00 -3.887064e+00 -9.112084e+00
     vertex -8.662794e+00 -4.488698e+00 -9.112084e+00
   endloop
 endfacet
 facet normal -6.943275e-01 -3.015890e-01 -6.534167e-01
   outer loop
     vertex -9.352012e+00 -4.447621e+00 -8.425024e+00
     vertex -9.633727e+00 -3.799049e+00 -8.425024e+00
     vertex -8.948919e+00 -3.887064e+00 -9.112084e+00
   endloop
 endfacet
 facet normal -8.995984e-01  3.073120e-02 -4.356355e-01
   outer loop
     vertex -1.223763e+01  4.180501e-01 -5.318655e+00
     vertex -1.182563e+01  8.088956e-01 -6.141868e+00
     vertex -1.185327e+01 -3.539575e-14 -6.141868e+00
   endloop
 endfacet
 facet normal -9.039871e-01  6.183441e-02 -4.230648e-01
   outer loop
     vertex -1.223763e+01  4.180501e-01 -5.318655e+00
     vertex -1.218057e+01  1.252201e+00 -5.318655e+00
     vertex -1.182563e+01  8.088956e-01 -6.141868e+00
   endloop
 endfacet
 facet normal -8.577388e-01  4.822824e-01 -1.780107e-01
   outer loop
     vertex -1.152828e+01  6.482030e+00 -1.817825e+00
     vertex -1.116792e+01  6.791364e+00 -2.716138e+00
     vertex -1.160535e+01  6.013405e+00 -2.716138e+00
   endloop
 endfacet
 facet normal -8.431782e-01  5.127480e-01 -1.616789e-01
   outer loop
     vertex -1.152828e+01  6.482030e+00 -1.817825e+00
     vertex -1.105906e+01  7.253637e+00 -1.817825e+00
     vertex -1.116792e+01  6.791364e+00 -2.716138e+00
   endloop
 endfacet
 facet normal -1.113309e-01 -3.507749e-01 -9.298185e-01
   outer loop
     vertex -1.434956e+00 -5.121424e+00 -1.224477e+01
     vertex -1.781109e+00 -5.011560e+00 -1.224477e+01
     vertex -1.352435e+00 -4.261170e+00 -1.257918e+01
   endloop
 endfacet
 facet normal -9.871347e-02 -3.523130e-01 -9.306617e-01
   outer loop
     vertex -1.434956e+00 -5.121424e+00 -1.224477e+01
     vertex -1.352435e+00 -4.261170e+00 -1.257918e+01
     vertex -1.058489e+00 -4.343529e+00 -1.257918e+01
   endloop
 endfacet
 facet normal -4.290996e-01 -4.290996e-01 -7.948252e-01
   outer loop
     vertex -5.750527e+00 -6.157311e+00 -1.035575e+01
     vertex -6.157311e+00 -5.750527e+00 -1.035575e+01
     vertex -5.443790e+00 -5.443790e+00 -1.090655e+01
   endloop
 endfacet
 facet normal -4.108100e-01 -4.398701e-01 -7.985922e-01
   outer loop
     vertex -5.750527e+00 -6.157311e+00 -1.035575e+01
     vertex -5.443790e+00 -5.443790e+00 -1.090655e+01
     vertex -5.059602e+00 -5.802597e+00 -1.090655e+01
   endloop
 endfacet
 facet normal -7.477954e-01 -2.657666e-01 -6.084161e-01
   outer loop
     vertex -1.027681e+01 -3.652381e+00 -7.698682e+00
     vertex -9.870525e+00 -3.132764e+00 -8.425024e+00
     vertex -9.633727e+00 -3.799049e+00 -8.425024e+00
   endloop
 endfacet
 facet normal -7.626732e-01 -2.420616e-01 -5.997798e-01
   outer loop
     vertex -1.027681e+01 -3.652381e+00 -7.698682e+00
     vertex -1.050210e+01 -2.942551e+00 -7.698682e+00
     vertex -9.870525e+00 -3.132764e+00 -8.425024e+00
   endloop
 endfacet
 facet normal -9.194394e-01  1.585274e-01 -3.598614e-01
   outer loop
     vertex -1.246202e+01  1.712865e+00 -4.470643e+00
     vertex -1.231608e+01  2.559310e+00 -4.470643e+00
     vertex -1.206673e+01  2.080514e+00 -5.318655e+00
   endloop
 endfacet
 facet normal -9.189495e-01  1.263067e-01 -3.736020e-01
   outer loop
     vertex -1.246202e+01  1.712865e+00 -4.470643e+00
     vertex -1.206673e+01  2.080514e+00 -5.318655e+00
     vertex -1.218057e+01  1.252201e+00 -5.318655e+00
   endloop
 endfacet
 facet normal -7.932902e-01  6.015709e-01 -9.382464e-02
   outer loop
     vertex -1.088112e+01  7.680735e+00 -9.110362e-01
     vertex -1.033160e+01  8.405383e+00 -9.110362e-01
     vertex -1.053827e+01  7.991423e+00 -1.817825e+00
   endloop
 endfacet
 facet normal -8.119557e-01  5.731409e-01 -1.106228e-01
   outer loop
     vertex -1.088112e+01  7.680735e+00 -9.110362e-01
     vertex -1.053827e+01  7.991423e+00 -1.817825e+00
     vertex -1.105906e+01  7.253637e+00 -1.817825e+00
   endloop
 endfacet
 facet normal -7.962206e-01  6.037931e-01 -3.829699e-02
   outer loop
     vertex -1.088112e+01  7.680735e+00 -9.110362e-01
     vertex -1.043745e+01  8.323589e+00  0.000000e+00
     vertex -1.033160e+01  8.405383e+00 -9.110362e-01
   endloop
 endfacet
 facet normal -7.965618e-01  6.033721e-01 -3.783374e-02
   outer loop
     vertex -1.088112e+01  7.680735e+00 -9.110362e-01
     vertex -1.083937e+01  7.792978e+00  0.000000e+00
     vertex -1.043745e+01  8.323589e+00  0.000000e+00
   endloop
 endfacet
 facet normal -8.258281e-01  5.630401e-01 -3.152349e-02
   outer loop
     vertex -1.088112e+01  7.680735e+00 -9.110362e-01
     vertex -1.121435e+01  7.242993e+00  0.000000e+00
     vertex -1.083937e+01  7.792978e+00  0.000000e+00
   endloop
 endfacet
 facet normal -1.570751e-01 -3.983152e-01 -9.036993e-01
   outer loop
     vertex -2.253170e+00 -5.713648e+00 -1.185327e+01
     vertex -2.118958e+00 -4.878330e+00 -1.224477e+01
     vertex -1.781109e+00 -5.011560e+00 -1.224477e+01
   endloop
 endfacet
 facet normal -1.717155e-01 -3.953288e-01 -9.023463e-01
   outer loop
     vertex -2.253170e+00 -5.713648e+00 -1.185327e+01
     vertex -2.637831e+00 -5.546566e+00 -1.185327e+01
     vertex -2.118958e+00 -4.878330e+00 -1.224477e+01
   endloop
 endfacet
 facet normal -4.933364e-01 -4.301671e-01 -7.560261e-01
   outer loop
     vertex -6.867897e+00 -5.988495e+00 -9.756660e+00
     vertex -6.535386e+00 -5.316931e+00 -1.035575e+01
     vertex -6.157311e+00 -5.750527e+00 -1.035575e+01
   endloop
 endfacet
 facet normal -5.120456e-01 -4.165800e-01 -7.511794e-01
   outer loop
     vertex -6.867897e+00 -5.988495e+00 -9.756660e+00
     vertex -7.260555e+00 -5.505853e+00 -9.756660e+00
     vertex -6.535386e+00 -5.316931e+00 -1.035575e+01
   endloop
 endfacet
 facet normal -8.219658e-01 -1.708065e-01 -5.433206e-01
   outer loop
     vertex -1.108218e+01 -2.700653e+00 -6.936446e+00
     vertex -1.124064e+01 -1.938083e+00 -6.936446e+00
     vertex -1.067843e+01 -2.219003e+00 -7.698682e+00
   endloop
 endfacet
 facet normal -8.092973e-01 -1.972204e-01 -5.533009e-01
   outer loop
     vertex -1.108218e+01 -2.700653e+00 -6.936446e+00
     vertex -1.067843e+01 -2.219003e+00 -7.698682e+00
     vertex -1.050210e+01 -2.942551e+00 -7.698682e+00
   endloop
 endfacet
 facet normal -9.200595e-01  2.577886e-01 -2.950180e-01
   outer loop
     vertex -1.248944e+01  3.043594e+00 -3.601787e+00
     vertex -1.225262e+01  3.888808e+00 -3.601787e+00
     vertex -1.211271e+01  3.393823e+00 -4.470643e+00
   endloop
 endfacet
 facet normal -9.237688e-01  2.251163e-01 -3.097963e-01
   outer loop
     vertex -1.248944e+01  3.043594e+00 -3.601787e+00
     vertex -1.211271e+01  3.393823e+00 -4.470643e+00
     vertex -1.231608e+01  2.559310e+00 -4.470643e+00
   endloop
 endfacet
 facet normal -2.247128e-01 -4.336760e-01 -8.725992e-01
   outer loop
     vertex -3.191216e+00 -6.158768e+00 -1.140650e+01
     vertex -3.010192e+00 -5.353624e+00 -1.185327e+01
     vertex -2.637831e+00 -5.546566e+00 -1.185327e+01
   endloop
 endfacet
 facet normal -2.411399e-01 -4.288670e-01 -8.705887e-01
   outer loop
     vertex -3.191216e+00 -6.158768e+00 -1.140650e+01
     vertex -3.604066e+00 -5.926634e+00 -1.140650e+01
     vertex -3.010192e+00 -5.353624e+00 -1.185327e+01
   endloop
 endfacet
 facet normal -5.753094e-01 -4.060977e-01 -7.100026e-01
   outer loop
     vertex -7.970898e+00 -5.626474e+00 -9.112084e+00
     vertex -7.619362e+00 -4.997540e+00 -9.756660e+00
     vertex -7.260555e+00 -5.505853e+00 -9.756660e+00
   endloop
 endfacet
 facet normal -5.938845e-01 -3.895289e-01 -7.039662e-01
   outer loop
     vertex -7.970898e+00 -5.626474e+00 -9.112084e+00
     vertex -8.336280e+00 -5.069404e+00 -9.112084e+00
     vertex -7.619362e+00 -4.997540e+00 -9.756660e+00
   endloop
 endfacet
 facet normal -8.604481e-01 -1.182659e-01 -4.956231e-01
   outer loop
     vertex -1.174287e+01 -1.614020e+00 -6.141868e+00
     vertex -1.134670e+01 -1.166476e+00 -6.936446e+00
     vertex -1.124064e+01 -1.938083e+00 -6.936446e+00
   endloop
 endfacet
 facet normal -8.703050e-01 -8.947006e-02 -4.843184e-01
   outer loop
     vertex -1.174287e+01 -1.614020e+00 -6.141868e+00
     vertex -1.182563e+01 -8.088956e-01 -6.141868e+00
     vertex -1.134670e+01 -1.166476e+00 -6.936446e+00
   endloop
 endfacet
 facet normal -9.055903e-01  3.571185e-01 -2.288506e-01
   outer loop
     vertex -1.231608e+01  4.377135e+00 -2.716138e+00
     vertex -1.198866e+01  5.207410e+00 -2.716138e+00
     vertex -1.195868e+01  4.715891e+00 -3.601787e+00
   endloop
 endfacet
 facet normal -9.136622e-01  3.247156e-01 -2.445019e-01
   outer loop
     vertex -1.231608e+01  4.377135e+00 -2.716138e+00
     vertex -1.195868e+01  4.715891e+00 -3.601787e+00
     vertex -1.225262e+01  3.888808e+00 -3.601787e+00
   endloop
 endfacet
 facet normal -4.130494e-02 -3.005158e-01 -9.528820e-01
   outer loop
     vertex -4.571865e-01 -4.447204e+00 -1.257918e+01
     vertex -7.596086e-01 -4.405638e+00 -1.257918e+01
     vertex -4.904433e-01 -3.568240e+00 -1.285495e+01
   endloop
 endfacet
 facet normal -3.086861e-02 -3.002692e-01 -9.533549e-01
   outer loop
     vertex -4.571865e-01 -4.447204e+00 -1.257918e+01
     vertex -4.904433e-01 -3.568240e+00 -1.285495e+01
     vertex -2.457946e-01 -3.593390e+00 -1.285495e+01
   endloop
 endfacet
 facet normal -3.175877e-01 -4.499193e-01 -8.346919e-01
   outer loop
     vertex -4.222357e+00 -6.437501e+00 -1.090655e+01
     vertex -4.651824e+00 -6.134349e+00 -1.090655e+01
     vertex -4.000112e+00 -5.666867e+00 -1.140650e+01
   endloop
 endfacet
 facet normal -2.996869e-01 -4.569095e-01 -8.375091e-01
   outer loop
     vertex -4.222357e+00 -6.437501e+00 -1.090655e+01
     vertex -4.000112e+00 -5.666867e+00 -1.140650e+01
     vertex -3.604066e+00 -5.926634e+00 -1.140650e+01
   endloop
 endfacet
 facet normal -6.542916e-01 -3.678898e-01 -6.607266e-01
   outer loop
     vertex -9.026694e+00 -5.075457e+00 -8.425024e+00
     vertex -8.662794e+00 -4.488698e+00 -9.112084e+00
     vertex -8.336280e+00 -5.069404e+00 -9.112084e+00
   endloop
 endfacet
 facet normal -6.721277e-01 -3.482685e-01 -6.534167e-01
   outer loop
     vertex -9.026694e+00 -5.075457e+00 -8.425024e+00
     vertex -9.352012e+00 -4.447621e+00 -8.425024e+00
     vertex -8.662794e+00 -4.488698e+00 -9.112084e+00
   endloop
 endfacet
 facet normal -8.995984e-01 -3.073120e-02 -4.356355e-01
   outer loop
     vertex -1.223763e+01 -4.180501e-01 -5.318655e+00
     vertex -1.185327e+01 -3.539575e-14 -6.141868e+00
     vertex -1.182563e+01 -8.088956e-01 -6.141868e+00
   endloop
 endfacet
 facet normal -9.060994e-01 -1.925076e-15 -4.230648e-01
   outer loop
     vertex -1.223763e+01 -4.180501e-01 -5.318655e+00
     vertex -1.223763e+01  4.180501e-01 -5.318655e+00
     vertex -1.185327e+01 -3.539575e-14 -6.141868e+00
   endloop
 endfacet
 facet normal -8.886513e-01  4.226240e-01 -1.780107e-01
   outer loop
     vertex -1.194376e+01  5.680201e+00 -1.817825e+00
     vertex -1.160535e+01  6.013405e+00 -2.716138e+00
     vertex -1.198866e+01  5.207410e+00 -2.716138e+00
   endloop
 endfacet
 facet normal -8.762037e-01  4.540122e-01 -1.616789e-01
   outer loop
     vertex -1.194376e+01  5.680201e+00 -1.817825e+00
     vertex -1.152828e+01  6.482030e+00 -1.817825e+00
     vertex -1.160535e+01  6.013405e+00 -2.716138e+00
   endloop
 endfacet
 facet normal -8.713368e-02 -3.575546e-01 -9.298185e-01
   outer loop
     vertex -1.082112e+00 -5.207410e+00 -1.224477e+01
     vertex -1.434956e+00 -5.121424e+00 -1.224477e+01
     vertex -1.058489e+00 -4.343529e+00 -1.257918e+01
   endloop
 endfacet
 facet normal -7.444066e-02 -3.582281e-01 -9.306617e-01
   outer loop
     vertex -1.082112e+00 -5.207410e+00 -1.224477e+01
     vertex -1.058489e+00 -4.343529e+00 -1.257918e+01
     vertex -7.596086e-01 -4.405638e+00 -1.257918e+01
   endloop
 endfacet
 facet normal -3.798345e-01 -4.668793e-01 -7.985922e-01
   outer loop
     vertex -5.316931e+00 -6.535386e+00 -1.035575e+01
     vertex -5.059602e+00 -5.802597e+00 -1.090655e+01
     vertex -4.651824e+00 -6.134349e+00 -1.090655e+01
   endloop
 endfacet
 facet normal -3.988165e-01 -4.573821e-01 -7.948252e-01
   outer loop
     vertex -5.316931e+00 -6.535386e+00 -1.035575e+01
     vertex -5.750527e+00 -6.157311e+00 -1.035575e+01
     vertex -5.059602e+00 -5.802597e+00 -1.090655e+01
   endloop
 endfacet
 facet normal -7.279156e-01 -3.161784e-01 -6.084161e-01
   outer loop
     vertex -1.000361e+01 -4.345181e+00 -7.698682e+00
     vertex -9.633727e+00 -3.799049e+00 -8.425024e+00
     vertex -9.352012e+00 -4.447621e+00 -8.425024e+00
   endloop
 endfacet
 facet normal -7.443763e-01 -2.935439e-01 -5.997798e-01
   outer loop
     vertex -1.000361e+01 -4.345181e+00 -7.698682e+00
     vertex -1.027681e+01 -3.652381e+00 -7.698682e+00
     vertex -9.633727e+00 -3.799049e+00 -8.425024e+00
   endloop
 endfacet
 facet normal -9.254267e-01  6.330092e-02 -3.736020e-01
   outer loop
     vertex -1.254986e+01  8.584338e-01 -4.470643e+00
     vertex -1.218057e+01  1.252201e+00 -5.318655e+00
     vertex -1.223763e+01  4.180501e-01 -5.318655e+00
   endloop
 endfacet
 facet normal -9.281143e-01  9.541304e-02 -3.598614e-01
   outer loop
     vertex -1.254986e+01  8.584338e-01 -4.470643e+00
     vertex -1.246202e+01  1.712865e+00 -4.470643e+00
     vertex -1.218057e+01  1.252201e+00 -5.318655e+00
   endloop
 endfacet
 facet normal -8.354343e-01  5.479614e-01 -4.228223e-02
   outer loop
     vertex -1.137991e+01  6.920275e+00 -9.110362e-01
     vertex -1.121435e+01  7.242993e+00  0.000000e+00
     vertex -1.088112e+01  7.680735e+00 -9.110362e-01
   endloop
 endfacet
 facet normal -8.324935e-01  5.460325e-01 -9.382464e-02
   outer loop
     vertex -1.137991e+01  6.920275e+00 -9.110362e-01
     vertex -1.088112e+01  7.680735e+00 -9.110362e-01
     vertex -1.105906e+01  7.253637e+00 -1.817825e+00
   endloop
 endfacet
 facet normal -8.491754e-01  5.163950e-01 -1.106228e-01
   outer loop
     vertex -1.137991e+01  6.920275e+00 -9.110362e-01
     vertex -1.105906e+01  7.253637e+00 -1.817825e+00
     vertex -1.152828e+01  6.482030e+00 -1.817825e+00
   endloop
 endfacet
 facet normal -8.529163e-01  5.212063e-01 -2.962776e-02
   outer loop
     vertex -1.137991e+01  6.920275e+00 -9.110362e-01
     vertex -1.156144e+01  6.675000e+00  0.000000e+00
     vertex -1.121435e+01  7.242993e+00  0.000000e+00
   endloop
 endfacet
 facet normal -1.295270e-01 -4.081059e-01 -9.036993e-01
   outer loop
     vertex -1.858005e+00 -5.854090e+00 -1.185327e+01
     vertex -1.781109e+00 -5.011560e+00 -1.224477e+01
     vertex -1.434956e+00 -5.121424e+00 -1.224477e+01
   endloop
 endfacet
 facet normal -1.443370e-01 -4.061255e-01 -9.023463e-01
   outer loop
     vertex -1.858005e+00 -5.854090e+00 -1.185327e+01
     vertex -2.253170e+00 -5.713648e+00 -1.185327e+01
     vertex -1.781109e+00 -5.011560e+00 -1.224477e+01
   endloop
 endfacet
 facet normal -4.628307e-01 -4.628307e-01 -7.560261e-01
   outer loop
     vertex -6.443217e+00 -6.443217e+00 -9.756660e+00
     vertex -6.157311e+00 -5.750527e+00 -1.035575e+01
     vertex -5.750527e+00 -6.157311e+00 -1.035575e+01
   endloop
 endfacet
 facet normal -4.824235e-01 -4.505521e-01 -7.511794e-01
   outer loop
     vertex -6.443217e+00 -6.443217e+00 -9.756660e+00
     vertex -6.867897e+00 -5.988495e+00 -9.756660e+00
     vertex -6.157311e+00 -5.750527e+00 -1.035575e+01
   endloop
 endfacet
 facet normal -7.939519e-01 -2.519890e-01 -5.533009e-01
   outer loop
     vertex -1.087204e+01 -3.450632e+00 -6.936446e+00
     vertex -1.050210e+01 -2.942551e+00 -7.698682e+00
     vertex -1.027681e+01 -3.652381e+00 -7.698682e+00
   endloop
 endfacet
 facet normal -8.083934e-01 -2.265012e-01 -5.433206e-01
   outer loop
     vertex -1.087204e+01 -3.450632e+00 -6.936446e+00
     vertex -1.108218e+01 -2.700653e+00 -6.936446e+00
     vertex -1.050210e+01 -2.942551e+00 -7.698682e+00
   endloop
 endfacet
 facet normal -9.369778e-01  1.615513e-01 -3.097963e-01
   outer loop
     vertex -1.266803e+01  2.184189e+00 -3.601787e+00
     vertex -1.231608e+01  2.559310e+00 -4.470643e+00
     vertex -1.246202e+01  1.712865e+00 -4.470643e+00
   endloop
 endfacet
 facet normal -9.355067e-01  1.944005e-01 -2.950180e-01
   outer loop
     vertex -1.266803e+01  2.184189e+00 -3.601787e+00
     vertex -1.248944e+01  3.043594e+00 -3.601787e+00
     vertex -1.231608e+01  2.559310e+00 -4.470643e+00
   endloop
 endfacet
 facet normal -1.945938e-01 -4.479999e-01 -8.725992e-01
   outer loop
     vertex -2.763488e+00 -6.362186e+00 -1.140650e+01
     vertex -2.637831e+00 -5.546566e+00 -1.185327e+01
     vertex -2.253170e+00 -5.713648e+00 -1.185327e+01
   endloop
 endfacet
 facet normal -2.113108e-01 -4.443232e-01 -8.705887e-01
   outer loop
     vertex -2.763488e+00 -6.362186e+00 -1.140650e+01
     vertex -3.191216e+00 -6.158768e+00 -1.140650e+01
     vertex -2.637831e+00 -5.546566e+00 -1.185327e+01
   endloop
 endfacet
 facet normal -5.462552e-01 -4.444115e-01 -7.100026e-01
   outer loop
     vertex -7.568351e+00 -6.157311e+00 -9.112084e+00
     vertex -7.260555e+00 -5.505853e+00 -9.756660e+00
     vertex -6.867897e+00 -5.988495e+00 -9.756660e+00
   endloop
 endfacet
 facet normal -5.659177e-01 -4.291489e-01 -7.039662e-01
   outer loop
     vertex -7.568351e+00 -6.157311e+00 -9.112084e+00
     vertex -7.970898e+00 -5.626474e+00 -9.112084e+00
     vertex -7.260555e+00 -5.505853e+00 -9.756660e+00
   endloop
 endfacet
 facet normal -8.621704e-01 -1.486532e-01 -4.843184e-01
   outer loop
     vertex -1.160535e+01 -2.411619e+00 -6.141868e+00
     vertex -1.174287e+01 -1.614020e+00 -6.141868e+00
     vertex -1.124064e+01 -1.938083e+00 -6.936446e+00
   endloop
 endfacet
 facet normal -8.503715e-01 -1.767092e-01 -4.956231e-01
   outer loop
     vertex -1.160535e+01 -2.411619e+00 -6.141868e+00
     vertex -1.124064e+01 -1.938083e+00 -6.936446e+00
     vertex -1.108218e+01 -2.700653e+00 -6.936446e+00
   endloop
 endfacet
 facet normal -9.336916e-01  2.616081e-01 -2.445019e-01
   outer loop
     vertex -1.258607e+01  3.526452e+00 -2.716138e+00
     vertex -1.225262e+01  3.888808e+00 -3.601787e+00
     vertex -1.248944e+01  3.043594e+00 -3.601787e+00
   endloop
 endfacet
 facet normal -9.278498e-01  2.944863e-01 -2.288506e-01
   outer loop
     vertex -1.258607e+01  3.526452e+00 -2.716138e+00
     vertex -1.231608e+01  4.377135e+00 -2.716138e+00
     vertex -1.225262e+01  3.888808e+00 -3.601787e+00
   endloop
 endfacet
 facet normal -2.070073e-02 -3.026339e-01 -9.528820e-01
   outer loop
     vertex -1.526327e-01 -4.468037e+00 -1.257918e+01
     vertex -4.571865e-01 -4.447204e+00 -1.257918e+01
     vertex -2.457946e-01 -3.593390e+00 -1.285495e+01
   endloop
 endfacet
 facet normal -1.092501e-02 -3.598736e-01 -9.329371e-01
   outer loop
     vertex -1.526327e-01 -4.468037e+00 -1.257918e+01
     vertex  0.000000e+00 -4.497480e+00 -1.256961e+01
     vertex  0.000000e+00 -5.108824e+00 -1.233379e+01
   endloop
 endfacet
 facet normal -9.743013e-04 -3.136816e-01 -9.495277e-01
   outer loop
     vertex -1.526327e-01 -4.468037e+00 -1.257918e+01
     vertex  0.000000e+00 -3.875300e+00 -1.277515e+01
     vertex  0.000000e+00 -4.497480e+00 -1.256961e+01
   endloop
 endfacet
 facet normal -4.009312e-02 -3.043336e-01 -9.517214e-01
   outer loop
     vertex -1.526327e-01 -4.468037e+00 -1.257918e+01
     vertex -2.457946e-01 -3.593390e+00 -1.285495e+01
     vertex  0.000000e+00 -3.875300e+00 -1.277515e+01
   endloop
 endfacet
 facet normal -2.861438e-01 -4.705434e-01 -8.346919e-01
   outer loop
     vertex -3.773203e+00 -6.710637e+00 -1.090655e+01
     vertex -4.222357e+00 -6.437501e+00 -1.090655e+01
     vertex -3.604066e+00 -5.926634e+00 -1.140650e+01
   endloop
 endfacet
 facet normal -2.678077e-01 -4.762957e-01 -8.375091e-01
   outer loop
     vertex -3.773203e+00 -6.710637e+00 -1.090655e+01
     vertex -3.604066e+00 -5.926634e+00 -1.140650e+01
     vertex -3.191216e+00 -6.158768e+00 -1.140650e+01
   endloop
 endfacet
 facet normal -6.467941e-01 -3.933242e-01 -6.534167e-01
   outer loop
     vertex -8.659289e+00 -5.679628e+00 -8.425024e+00
     vertex -9.026694e+00 -5.075457e+00 -8.425024e+00
     vertex -8.336280e+00 -5.069404e+00 -9.112084e+00
   endloop
 endfacet
 facet normal -6.276606e-01 -4.116826e-01 -6.607266e-01
   outer loop
     vertex -8.659289e+00 -5.679628e+00 -8.425024e+00
     vertex -8.336280e+00 -5.069404e+00 -9.112084e+00
     vertex -7.970898e+00 -5.626474e+00 -9.112084e+00
   endloop
 endfacet
 facet normal -8.954041e-01 -9.205033e-02 -4.356355e-01
   outer loop
     vertex -1.218057e+01 -1.252201e+00 -5.318655e+00
     vertex -1.182563e+01 -8.088956e-01 -6.141868e+00
     vertex -1.174287e+01 -1.614020e+00 -6.141868e+00
   endloop
 endfacet
 facet normal -9.039871e-01 -6.183441e-02 -4.230648e-01
   outer loop
     vertex -1.218057e+01 -1.252201e+00 -5.318655e+00
     vertex -1.223763e+01 -4.180501e-01 -5.318655e+00
     vertex -1.182563e+01 -8.088956e-01 -6.141868e+00
   endloop
 endfacet
 facet normal -9.051439e-01  3.931595e-01 -1.616789e-01
   outer loop
     vertex -1.230354e+01  4.851888e+00 -1.817825e+00
     vertex -1.194376e+01  5.680201e+00 -1.817825e+00
     vertex -1.198866e+01  5.207410e+00 -2.716138e+00
   endloop
 endfacet
 facet normal -9.154205e-01  3.609950e-01 -1.780107e-01
   outer loop
     vertex -1.230354e+01  4.851888e+00 -1.817825e+00
     vertex -1.198866e+01  5.207410e+00 -2.716138e+00
     vertex -1.231608e+01  4.377135e+00 -2.716138e+00
   endloop
 endfacet
 facet normal -4.982077e-02 -3.624730e-01 -9.306617e-01
   outer loop
     vertex -7.242234e-01 -5.269116e+00 -1.224477e+01
     vertex -7.596086e-01 -4.405638e+00 -1.257918e+01
     vertex -4.571865e-01 -4.447204e+00 -1.257918e+01
   endloop
 endfacet
 facet normal -6.253016e-02 -3.626673e-01 -9.298185e-01
   outer loop
     vertex -7.242234e-01 -5.269116e+00 -1.224477e+01
     vertex -1.082112e+00 -5.207410e+00 -1.224477e+01
     vertex -7.596086e-01 -4.405638e+00 -1.257918e+01
   endloop
 endfacet
 facet normal -3.666739e-01 -4.835320e-01 -7.948252e-01
   outer loop
     vertex -4.858546e+00 -6.882991e+00 -1.035575e+01
     vertex -5.316931e+00 -6.535386e+00 -1.035575e+01
     vertex -4.651824e+00 -6.134349e+00 -1.090655e+01
   endloop
 endfacet
 facet normal -3.470880e-01 -4.917117e-01 -7.985922e-01
   outer loop
     vertex -4.858546e+00 -6.882991e+00 -1.035575e+01
     vertex -4.651824e+00 -6.134349e+00 -1.090655e+01
     vertex -4.222357e+00 -6.437501e+00 -1.090655e+01
   endloop
 endfacet
 facet normal -7.046419e-01 -3.651160e-01 -6.084161e-01
   outer loop
     vertex -9.683763e+00 -5.017721e+00 -7.698682e+00
     vertex -9.352012e+00 -4.447621e+00 -8.425024e+00
     vertex -9.026694e+00 -5.075457e+00 -8.425024e+00
   endloop
 endfacet
 facet normal -7.226089e-01 -3.436577e-01 -5.997798e-01
   outer loop
     vertex -9.683763e+00 -5.017721e+00 -7.698682e+00
     vertex -1.000361e+01 -4.345181e+00 -7.698682e+00
     vertex -9.352012e+00 -4.447621e+00 -8.425024e+00
   endloop
 endfacet
 facet normal -9.275891e-01 -1.960828e-15 -3.736020e-01
   outer loop
     vertex -1.257918e+01 -3.756345e-14 -4.470643e+00
     vertex -1.223763e+01  4.180501e-01 -5.318655e+00
     vertex -1.223763e+01 -4.180501e-01 -5.318655e+00
   endloop
 endfacet
 facet normal -9.324619e-01  3.185385e-02 -3.598614e-01
   outer loop
     vertex -1.257918e+01 -3.756345e-14 -4.470643e+00
     vertex -1.254986e+01  8.584338e-01 -4.470643e+00
     vertex -1.223763e+01  4.180501e-01 -5.318655e+00
   endloop
 endfacet
 facet normal -8.678153e-01  4.879482e-01 -9.382464e-02
   outer loop
     vertex -1.182563e+01  6.127550e+00 -9.110362e-01
     vertex -1.137991e+01  6.920275e+00 -9.110362e-01
     vertex -1.152828e+01  6.482030e+00 -1.817825e+00
   endloop
 endfacet
 facet normal -8.824358e-01  4.572414e-01 -1.106228e-01
   outer loop
     vertex -1.182563e+01  6.127550e+00 -9.110362e-01
     vertex -1.152828e+01  6.482030e+00 -1.817825e+00
     vertex -1.194376e+01  5.680201e+00 -1.817825e+00
   endloop
 endfacet
 facet normal -8.709023e-01  4.896839e-01 -4.169828e-02
   outer loop
     vertex -1.182563e+01  6.127550e+00 -9.110362e-01
     vertex -1.156144e+01  6.675000e+00  0.000000e+00
     vertex -1.137991e+01  6.920275e+00 -9.110362e-01
   endloop
 endfacet
 facet normal -8.777522e-01  4.779984e-01 -3.268989e-02
   outer loop
     vertex -1.182563e+01  6.127550e+00 -9.110362e-01
     vertex -1.187979e+01  6.090412e+00  0.000000e+00
     vertex -1.156144e+01  6.675000e+00  0.000000e+00
   endloop
 endfacet
 facet normal -9.003899e-01  4.336049e-01 -3.584519e-02
   outer loop
     vertex -1.182563e+01  6.127550e+00 -9.110362e-01
     vertex -1.216860e+01  5.490683e+00  0.000000e+00
     vertex -1.187979e+01  6.090412e+00  0.000000e+00
   endloop
 endfacet
 facet normal -1.162856e-01 -4.150286e-01 -9.023463e-01
   outer loop
     vertex -1.454176e+00 -5.967237e+00 -1.185327e+01
     vertex -1.858005e+00 -5.854090e+00 -1.185327e+01
     vertex -1.434956e+00 -5.121424e+00 -1.224477e+01
   endloop
 endfacet
 facet normal -1.013749e-01 -4.159937e-01 -9.036993e-01
   outer loop
     vertex -1.454176e+00 -5.967237e+00 -1.185327e+01
     vertex -1.434956e+00 -5.121424e+00 -1.224477e+01
     vertex -1.082112e+00 -5.207410e+00 -1.224477e+01
   endloop
 endfacet
 facet normal -4.301671e-01 -4.933364e-01 -7.560261e-01
   outer loop
     vertex -5.988495e+00 -6.867897e+00 -9.756660e+00
     vertex -5.750527e+00 -6.157311e+00 -1.035575e+01
     vertex -5.316931e+00 -6.535386e+00 -1.035575e+01
   endloop
 endfacet
 facet normal -4.505521e-01 -4.824235e-01 -7.511794e-01
   outer loop
     vertex -5.988495e+00 -6.867897e+00 -9.756660e+00
     vertex -6.443217e+00 -6.443217e+00 -9.756660e+00
     vertex -5.750527e+00 -6.157311e+00 -1.035575e+01
   endloop
 endfacet
 facet normal -7.910519e-01 -2.811399e-01 -5.433206e-01
   outer loop
     vertex -1.061122e+01 -4.184522e+00 -6.936446e+00
     vertex -1.087204e+01 -3.450632e+00 -6.936446e+00
     vertex -1.027681e+01 -3.652381e+00 -7.698682e+00
   endloop
 endfacet
 facet normal -7.749047e-01 -3.055828e-01 -5.533009e-01
   outer loop
     vertex -1.061122e+01 -4.184522e+00 -6.936446e+00
     vertex -1.027681e+01 -3.652381e+00 -7.698682e+00
     vertex -1.000361e+01 -4.345181e+00 -7.698682e+00
   endloop
 endfacet
 facet normal -9.465922e-01  1.301061e-01 -2.950180e-01
   outer loop
     vertex -1.278755e+01  1.314600e+00 -3.601787e+00
     vertex -1.266803e+01  2.184189e+00 -3.601787e+00
     vertex -1.246202e+01  1.712865e+00 -4.470643e+00
   endloop
 endfacet
 facet normal -9.458181e-01  9.723305e-02 -3.097963e-01
   outer loop
     vertex -1.278755e+01  1.314600e+00 -3.601787e+00
     vertex -1.246202e+01  1.712865e+00 -4.470643e+00
     vertex -1.254986e+01  8.584338e-01 -4.470643e+00
   endloop
 endfacet
 facet normal -1.635676e-01 -4.602351e-01 -8.725992e-01
   outer loop
     vertex -2.322874e+00 -6.535942e+00 -1.140650e+01
     vertex -2.253170e+00 -5.713648e+00 -1.185327e+01
     vertex -1.858005e+00 -5.854090e+00 -1.185327e+01
   endloop
 endfacet
 facet normal -1.804965e-01 -4.577077e-01 -8.705887e-01
   outer loop
     vertex -2.322874e+00 -6.535942e+00 -1.140650e+01
     vertex -2.763488e+00 -6.362186e+00 -1.140650e+01
     vertex -2.253170e+00 -5.713648e+00 -1.185327e+01
   endloop
 endfacet
 facet normal -5.353122e-01 -4.667681e-01 -7.039662e-01
   outer loop
     vertex -7.130518e+00 -6.659439e+00 -9.112084e+00
     vertex -7.568351e+00 -6.157311e+00 -9.112084e+00
     vertex -6.867897e+00 -5.988495e+00 -9.756660e+00
   endloop
 endfacet
 facet normal -5.146540e-01 -4.806533e-01 -7.100026e-01
   outer loop
     vertex -7.130518e+00 -6.659439e+00 -9.112084e+00
     vertex -6.867897e+00 -5.988495e+00 -9.756660e+00
     vertex -6.443217e+00 -6.443217e+00 -9.756660e+00
   endloop
 endfacet
 facet normal -8.500161e-01 -2.071432e-01 -4.843184e-01
   outer loop
     vertex -1.141372e+01 -3.197973e+00 -6.141868e+00
     vertex -1.160535e+01 -2.411619e+00 -6.141868e+00
     vertex -1.108218e+01 -2.700653e+00 -6.936446e+00
   endloop
 endfacet
 facet normal -8.363300e-01 -2.343287e-01 -4.956231e-01
   outer loop
     vertex -1.141372e+01 -3.197973e+00 -6.141868e+00
     vertex -1.108218e+01 -2.700653e+00 -6.936446e+00
     vertex -1.087204e+01 -3.450632e+00 -6.936446e+00
   endloop
 endfacet
 facet normal -9.457832e-01  2.304811e-01 -2.288506e-01
   outer loop
     vertex -1.279739e+01  2.659327e+00 -2.716138e+00
     vertex -1.258607e+01  3.526452e+00 -2.716138e+00
     vertex -1.248944e+01  3.043594e+00 -3.601787e+00
   endloop
 endfacet
 facet normal -9.493677e-01  1.972809e-01 -2.445019e-01
   outer loop
     vertex -1.279739e+01  2.659327e+00 -2.716138e+00
     vertex -1.248944e+01  3.043594e+00 -3.601787e+00
     vertex -1.266803e+01  2.184189e+00 -3.601787e+00
   endloop
 endfacet
 facet normal -2.346798e-01 -4.934611e-01 -8.375091e-01
   outer loop
     vertex -3.306457e+00 -6.952485e+00 -1.090655e+01
     vertex -3.191216e+00 -6.158768e+00 -1.140650e+01
     vertex -2.763488e+00 -6.362186e+00 -1.140650e+01
   endloop
 endfacet
 facet normal -2.533657e-01 -4.889736e-01 -8.346919e-01
   outer loop
     vertex -3.306457e+00 -6.952485e+00 -1.090655e+01
     vertex -3.773203e+00 -6.710637e+00 -1.090655e+01
     vertex -3.191216e+00 -6.158768e+00 -1.140650e+01
   endloop
 endfacet
 facet normal -6.184449e-01 -4.365461e-01 -6.534167e-01
   outer loop
     vertex -8.251511e+00 -6.257318e+00 -8.425024e+00
     vertex -8.659289e+00 -5.679628e+00 -8.425024e+00
     vertex -7.970898e+00 -5.626474e+00 -9.112084e+00
   endloop
 endfacet
 facet normal -5.981031e-01 -4.535559e-01 -6.607266e-01
   outer loop
     vertex -8.251511e+00 -6.257318e+00 -8.425024e+00
     vertex -7.970898e+00 -5.626474e+00 -9.112084e+00
     vertex -7.568351e+00 -6.157311e+00 -9.112084e+00
   endloop
 endfacet
 facet normal -8.976600e-01 -1.233805e-01 -4.230648e-01
   outer loop
     vertex -1.206673e+01 -2.080514e+00 -5.318655e+00
     vertex -1.218057e+01 -1.252201e+00 -5.318655e+00
     vertex -1.174287e+01 -1.614020e+00 -6.141868e+00
   endloop
 endfacet
 facet normal -8.870349e-01 -1.529403e-01 -4.356355e-01
   outer loop
     vertex -1.206673e+01 -2.080514e+00 -5.318655e+00
     vertex -1.174287e+01 -1.614020e+00 -6.141868e+00
     vertex -1.160535e+01 -2.411619e+00 -6.141868e+00
   endloop
 endfacet
 facet normal -9.379217e-01  2.976830e-01 -1.780107e-01
   outer loop
     vertex -1.260597e+01  4.000954e+00 -1.817825e+00
     vertex -1.231608e+01  4.377135e+00 -2.716138e+00
     vertex -1.258607e+01  3.526452e+00 -2.716138e+00
   endloop
 endfacet
 facet normal -9.298640e-01  3.304737e-01 -1.616789e-01
   outer loop
     vertex -1.260597e+01  4.000954e+00 -1.817825e+00
     vertex -1.230354e+01  4.851888e+00 -1.817825e+00
     vertex -1.231608e+01  4.377135e+00 -2.716138e+00
   endloop
 endfacet
 facet normal -3.045975e-02 -3.637798e-01 -9.309868e-01
   outer loop
     vertex -3.629578e-01 -5.306256e+00 -1.224477e+01
     vertex -1.526327e-01 -4.468037e+00 -1.257918e+01
     vertex  0.000000e+00 -5.108824e+00 -1.233379e+01
   endloop
 endfacet
 facet normal -2.496859e-02 -3.650279e-01 -9.306617e-01
   outer loop
     vertex -3.629578e-01 -5.306256e+00 -1.224477e+01
     vertex -4.571865e-01 -4.447204e+00 -1.257918e+01
     vertex -1.526327e-01 -4.468037e+00 -1.257918e+01
   endloop
 endfacet
 facet normal -3.791798e-03 -4.052384e-01 -9.142032e-01
   outer loop
     vertex -3.629578e-01 -5.306256e+00 -1.224477e+01
     vertex  0.000000e+00 -5.108824e+00 -1.233379e+01
     vertex  0.000000e+00 -5.707860e+00 -1.206826e+01
   endloop
 endfacet
 facet normal -3.763509e-02 -3.660890e-01 -9.298185e-01
   outer loop
     vertex -3.629578e-01 -5.306256e+00 -1.224477e+01
     vertex -7.242234e-01 -5.269116e+00 -1.224477e+01
     vertex -4.571865e-01 -4.447204e+00 -1.257918e+01
   endloop
 endfacet
 facet normal -3.127233e-01 -5.142516e-01 -7.985922e-01
   outer loop
     vertex -4.377507e+00 -7.198504e+00 -1.035575e+01
     vertex -4.222357e+00 -6.437501e+00 -1.090655e+01
     vertex -3.773203e+00 -6.710637e+00 -1.090655e+01
   endloop
 endfacet
 facet normal -3.328217e-01 -5.074275e-01 -7.948252e-01
   outer loop
     vertex -4.377507e+00 -7.198504e+00 -1.035575e+01
     vertex -4.858546e+00 -6.882991e+00 -1.035575e+01
     vertex -4.222357e+00 -6.437501e+00 -1.090655e+01
   endloop
 endfacet
 facet normal -6.974723e-01 -3.921691e-01 -5.997798e-01
   outer loop
     vertex -9.318766e+00 -5.666867e+00 -7.698682e+00
     vertex -9.683763e+00 -5.017721e+00 -7.698682e+00
     vertex -9.026694e+00 -5.075457e+00 -8.425024e+00
   endloop
 endfacet
 facet normal -6.780828e-01 -4.123513e-01 -6.084161e-01
   outer loop
     vertex -9.318766e+00 -5.666867e+00 -7.698682e+00
     vertex -9.026694e+00 -5.075457e+00 -8.425024e+00
     vertex -8.659289e+00 -5.679628e+00 -8.425024e+00
   endloop
 endfacet
 facet normal -9.254267e-01 -6.330092e-02 -3.736020e-01
   outer loop
     vertex -1.254986e+01 -8.584338e-01 -4.470643e+00
     vertex -1.223763e+01 -4.180501e-01 -5.318655e+00
     vertex -1.218057e+01 -1.252201e+00 -5.318655e+00
   endloop
 endfacet
 facet normal -9.324619e-01 -3.185385e-02 -3.598614e-01
   outer loop
     vertex -1.254986e+01 -8.584338e-01 -4.470643e+00
     vertex -1.257918e+01 -3.756345e-14 -4.470643e+00
     vertex -1.223763e+01 -4.180501e-01 -5.318655e+00
   endloop
 endfacet
 facet normal -9.023626e-01  4.291448e-01 -3.970574e-02
   outer loop
     vertex -1.221623e+01  5.306256e+00 -9.110362e-01
     vertex -1.216860e+01  5.490683e+00  0.000000e+00
     vertex -1.182563e+01  6.127550e+00 -9.110362e-01
   endloop
 endfacet
 facet normal -9.115819e-01  3.959559e-01 -1.106228e-01
   outer loop
     vertex -1.221623e+01  5.306256e+00 -9.110362e-01
     vertex -1.194376e+01  5.680201e+00 -1.817825e+00
     vertex -1.230354e+01  4.851888e+00 -1.817825e+00
   endloop
 endfacet
 facet normal -8.990910e-01  4.275889e-01 -9.382464e-02
   outer loop
     vertex -1.221623e+01  5.306256e+00 -9.110362e-01
     vertex -1.182563e+01  6.127550e+00 -9.110362e-01
     vertex -1.194376e+01  5.680201e+00 -1.817825e+00
   endloop
 endfacet
 facet normal -9.210489e-01  3.882547e-01 -3.045130e-02
   outer loop
     vertex -1.221623e+01  5.306256e+00 -9.110362e-01
     vertex -1.242716e+01  4.877303e+00  0.000000e+00
     vertex -1.216860e+01  5.490683e+00  0.000000e+00
   endloop
 endfacet
 facet normal -8.769193e-02 -4.219967e-01 -9.023463e-01
   outer loop
     vertex -1.043567e+00 -6.052563e+00 -1.185327e+01
     vertex -1.454176e+00 -5.967237e+00 -1.185327e+01
     vertex -1.082112e+00 -5.207410e+00 -1.224477e+01
   endloop
 endfacet
 facet normal -7.275015e-02 -4.219420e-01 -9.036993e-01
   outer loop
     vertex -1.043567e+00 -6.052563e+00 -1.185327e+01
     vertex -1.082112e+00 -5.207410e+00 -1.224477e+01
     vertex -7.242234e-01 -5.269116e+00 -1.224477e+01
   endloop
 endfacet
 facet normal -3.954978e-01 -5.215420e-01 -7.560261e-01
   outer loop
     vertex -5.505853e+00 -7.260555e+00 -9.756660e+00
     vertex -5.316931e+00 -6.535386e+00 -1.035575e+01
     vertex -4.858546e+00 -6.882991e+00 -1.035575e+01
   endloop
 endfacet
 facet normal -4.165800e-01 -5.120456e-01 -7.511794e-01
   outer loop
     vertex -5.505853e+00 -7.260555e+00 -9.756660e+00
     vertex -5.988495e+00 -6.867897e+00 -9.756660e+00
     vertex -5.316931e+00 -6.535386e+00 -1.035575e+01
   endloop
 endfacet
 facet normal -7.522445e-01 -3.577517e-01 -5.533009e-01
   outer loop
     vertex -1.030092e+01 -4.898902e+00 -6.936446e+00
     vertex -1.000361e+01 -4.345181e+00 -7.698682e+00
     vertex -9.683763e+00 -5.017721e+00 -7.698682e+00
   endloop
 endfacet
 facet normal -7.700221e-01 -3.344678e-01 -5.433206e-01
   outer loop
     vertex -1.030092e+01 -4.898902e+00 -6.936446e+00
     vertex -1.061122e+01 -4.184522e+00 -6.936446e+00
     vertex -1.000361e+01 -4.345181e+00 -7.698682e+00
   endloop
 endfacet
 facet normal -9.502486e-01  3.246147e-02 -3.097963e-01
   outer loop
     vertex -1.284745e+01  4.388821e-01 -3.601787e+00
     vertex -1.254986e+01  8.584338e-01 -4.470643e+00
     vertex -1.257918e+01 -3.756345e-14 -4.470643e+00
   endloop
 endfacet
 facet normal -9.532642e-01  6.520506e-02 -2.950180e-01
   outer loop
     vertex -1.284745e+01  4.388821e-01 -3.601787e+00
     vertex -1.278755e+01  1.314600e+00 -3.601787e+00
     vertex -1.254986e+01  8.584338e-01 -4.470643e+00
   endloop
 endfacet
 facet normal -1.317787e-01 -4.703244e-01 -8.725992e-01
   outer loop
     vertex -1.871431e+00 -6.679224e+00 -1.140650e+01
     vertex -1.858005e+00 -5.854090e+00 -1.185327e+01
     vertex -1.454176e+00 -5.967237e+00 -1.185327e+01
   endloop
 endfacet
 facet normal -1.488407e-01 -4.689582e-01 -8.705887e-01
   outer loop
     vertex -1.871431e+00 -6.679224e+00 -1.140650e+01
     vertex -2.322874e+00 -6.535942e+00 -1.140650e+01
     vertex -1.858005e+00 -5.854090e+00 -1.185327e+01
   endloop
 endfacet
 facet normal -4.806533e-01 -5.146540e-01 -7.100026e-01
   outer loop
     vertex -6.659439e+00 -7.130518e+00 -9.112084e+00
     vertex -6.443217e+00 -6.443217e+00 -9.756660e+00
     vertex -5.988495e+00 -6.867897e+00 -9.756660e+00
   endloop
 endfacet
 facet normal -5.022109e-01 -5.022109e-01 -7.039662e-01
   outer loop
     vertex -6.659439e+00 -7.130518e+00 -9.112084e+00
     vertex -7.130518e+00 -6.659439e+00 -9.112084e+00
     vertex -6.443217e+00 -6.443217e+00 -9.756660e+00
   endloop
 endfacet
 facet normal -8.183891e-01 -2.908556e-01 -4.956231e-01
   outer loop
     vertex -1.116887e+01 -3.969418e+00 -6.141868e+00
     vertex -1.087204e+01 -3.450632e+00 -6.936446e+00
     vertex -1.061122e+01 -4.184522e+00 -6.936446e+00
   endloop
 endfacet
 facet normal -8.338985e-01 -2.646675e-01 -4.843184e-01
   outer loop
     vertex -1.116887e+01 -3.969418e+00 -6.141868e+00
     vertex -1.141372e+01 -3.197973e+00 -6.141868e+00
     vertex -1.087204e+01 -3.450632e+00 -6.936446e+00
   endloop
 endfacet
 facet normal -9.593070e-01  1.654012e-01 -2.288506e-01
   outer loop
     vertex -1.294903e+01  1.779803e+00 -2.716138e+00
     vertex -1.279739e+01  2.659327e+00 -2.716138e+00
     vertex -1.266803e+01  2.184189e+00 -3.601787e+00
   endloop
 endfacet
 facet normal -9.606175e-01  1.320338e-01 -2.445019e-01
   outer loop
     vertex -1.294903e+01  1.779803e+00 -2.716138e+00
     vertex -1.266803e+01  2.184189e+00 -3.601787e+00
     vertex -1.278755e+01  1.314600e+00 -3.601787e+00
   endloop
 endfacet
 facet normal -2.194063e-01 -5.051240e-01 -8.346919e-01
   outer loop
     vertex -2.824294e+00 -7.161918e+00 -1.090655e+01
     vertex -3.306457e+00 -6.952485e+00 -1.090655e+01
     vertex -2.763488e+00 -6.362186e+00 -1.140650e+01
   endloop
 endfacet
 facet normal -2.004577e-01 -5.083259e-01 -8.375091e-01
   outer loop
     vertex -2.824294e+00 -7.161918e+00 -1.090655e+01
     vertex -2.763488e+00 -6.362186e+00 -1.140650e+01
     vertex -2.322874e+00 -6.535942e+00 -1.140650e+01
   endloop
 endfacet
 facet normal -5.657571e-01 -4.933146e-01 -6.607266e-01
   outer loop
     vertex -7.805260e+00 -6.805834e+00 -8.425024e+00
     vertex -7.568351e+00 -6.157311e+00 -9.112084e+00
     vertex -7.130518e+00 -6.659439e+00 -9.112084e+00
   endloop
 endfacet
 facet normal -5.872122e-01 -4.777326e-01 -6.534167e-01
   outer loop
     vertex -7.805260e+00 -6.805834e+00 -8.425024e+00
     vertex -8.251511e+00 -6.257318e+00 -8.425024e+00
     vertex -7.568351e+00 -6.157311e+00 -9.112084e+00
   endloop
 endfacet
 facet normal -8.745300e-01 -2.131171e-01 -4.356355e-01
   outer loop
     vertex -1.189662e+01 -2.899126e+00 -5.318655e+00
     vertex -1.160535e+01 -2.411619e+00 -6.141868e+00
     vertex -1.141372e+01 -3.197973e+00 -6.141868e+00
   endloop
 endfacet
 facet normal -8.871475e-01 -1.843514e-01 -4.230648e-01
   outer loop
     vertex -1.189662e+01 -2.899126e+00 -5.318655e+00
     vertex -1.206673e+01 -2.080514e+00 -5.318655e+00
     vertex -1.160535e+01 -2.411619e+00 -6.141868e+00
   endloop
 endfacet
 facet normal -9.502486e-01  2.662472e-01 -1.616789e-01
   outer loop
     vertex -1.284961e+01  3.131365e+00 -1.817825e+00
     vertex -1.260597e+01  4.000954e+00 -1.817825e+00
     vertex -1.258607e+01  3.526452e+00 -2.716138e+00
   endloop
 endfacet
 facet normal -9.560498e-01  2.329829e-01 -1.780107e-01
   outer loop
     vertex -1.284961e+01  3.131365e+00 -1.817825e+00
     vertex -1.258607e+01  3.526452e+00 -2.716138e+00
     vertex -1.279739e+01  2.659327e+00 -2.716138e+00
   endloop
 endfacet
 facet normal -2.769005e-01 -5.343937e-01 -7.985922e-01
   outer loop
     vertex -3.876059e+00 -7.480454e+00 -1.035575e+01
     vertex -3.773203e+00 -6.710637e+00 -1.090655e+01
     vertex -3.306457e+00 -6.952485e+00 -1.090655e+01
   endloop
 endfacet
 facet normal -2.974177e-01 -5.289571e-01 -7.948252e-01
   outer loop
     vertex -3.876059e+00 -7.480454e+00 -1.035575e+01
     vertex -4.377507e+00 -7.198504e+00 -1.035575e+01
     vertex -3.773203e+00 -6.710637e+00 -1.090655e+01
   endloop
 endfacet
 facet normal -6.483622e-01 -4.576640e-01 -6.084161e-01
   outer loop
     vertex -8.910321e+00 -6.289592e+00 -7.698682e+00
     vertex -8.659289e+00 -5.679628e+00 -8.425024e+00
     vertex -8.251511e+00 -6.257318e+00 -8.425024e+00
   endloop
 endfacet
 facet normal -6.690837e-01 -4.388520e-01 -5.997798e-01
   outer loop
     vertex -8.910321e+00 -6.289592e+00 -7.698682e+00
     vertex -9.318766e+00 -5.666867e+00 -7.698682e+00
     vertex -8.659289e+00 -5.679628e+00 -8.425024e+00
   endloop
 endfacet
 facet normal -9.189495e-01 -1.263067e-01 -3.736020e-01
   outer loop
     vertex -1.246202e+01 -1.712865e+00 -4.470643e+00
     vertex -1.218057e+01 -1.252201e+00 -5.318655e+00
     vertex -1.206673e+01 -2.080514e+00 -5.318655e+00
   endloop
 endfacet
 facet normal -9.281143e-01 -9.541304e-02 -3.598614e-01
   outer loop
     vertex -1.246202e+01 -1.712865e+00 -4.470643e+00
     vertex -1.254986e+01 -8.584338e-01 -4.470643e+00
     vertex -1.218057e+01 -1.252201e+00 -5.318655e+00
   endloop
 endfacet
 facet normal -9.261747e-01  3.652359e-01 -9.382464e-02
   outer loop
     vertex -1.254986e+01  4.460221e+00 -9.110362e-01
     vertex -1.221623e+01  5.306256e+00 -9.110362e-01
     vertex -1.230354e+01  4.851888e+00 -1.817825e+00
   endloop
 endfacet
 facet normal -9.364778e-01  3.328243e-01 -1.106228e-01
   outer loop
     vertex -1.254986e+01  4.460221e+00 -9.110362e-01
     vertex -1.230354e+01  4.851888e+00 -1.817825e+00
     vertex -1.260597e+01  4.000954e+00 -1.817825e+00
   endloop
 endfacet
 facet normal -9.294329e-01  3.665208e-01 -4.262571e-02
   outer loop
     vertex -1.254986e+01  4.460221e+00 -9.110362e-01
     vertex -1.242716e+01  4.877303e+00  0.000000e+00
     vertex -1.221623e+01  5.306256e+00 -9.110362e-01
   endloop
 endfacet
 facet normal -9.392693e-01  3.418661e-01 -3.001380e-02
   outer loop
     vertex -1.254986e+01  4.460221e+00 -9.110362e-01
     vertex -1.265483e+01  4.251797e+00  0.000000e+00
     vertex -1.242716e+01  4.877303e+00  0.000000e+00
   endloop
 endfacet
 facet normal -4.378621e-02 -4.259230e-01 -9.036993e-01
   outer loop
     vertex -6.280929e-01 -6.109668e+00 -1.185327e+01
     vertex -7.242234e-01 -5.269116e+00 -1.224477e+01
     vertex -3.629578e-01 -5.306256e+00 -1.224477e+01
   endloop
 endfacet
 facet normal -5.868942e-02 -4.269973e-01 -9.023463e-01
   outer loop
     vertex -6.280929e-01 -6.109668e+00 -1.185327e+01
     vertex -1.043567e+00 -6.052563e+00 -1.185327e+01
     vertex -7.242234e-01 -5.269116e+00 -1.224477e+01
   endloop
 endfacet
 facet normal -3.806656e-01 -5.392803e-01 -7.511794e-01
   outer loop
     vertex -4.997540e+00 -7.619362e+00 -9.756660e+00
     vertex -5.505853e+00 -7.260555e+00 -9.756660e+00
     vertex -4.858546e+00 -6.882991e+00 -1.035575e+01
   endloop
 endfacet
 facet normal -3.589845e-01 -5.473159e-01 -7.560261e-01
   outer loop
     vertex -4.997540e+00 -7.619362e+00 -9.756660e+00
     vertex -4.858546e+00 -6.882991e+00 -1.035575e+01
     vertex -4.377507e+00 -7.198504e+00 -1.035575e+01
   endloop
 endfacet
 facet normal -7.454021e-01 -3.862362e-01 -5.433206e-01
   outer loop
     vertex -9.942594e+00 -5.590442e+00 -6.936446e+00
     vertex -1.030092e+01 -4.898902e+00 -6.936446e+00
     vertex -9.683763e+00 -5.017721e+00 -7.698682e+00
   endloop
 endfacet
 facet normal -7.260770e-01 -4.082527e-01 -5.533009e-01
   outer loop
     vertex -9.942594e+00 -5.590442e+00 -6.936446e+00
     vertex -9.683763e+00 -5.017721e+00 -7.698682e+00
     vertex -9.318766e+00 -5.666867e+00 -7.698682e+00
   endloop
 endfacet
 facet normal -9.502486e-01 -3.246147e-02 -3.097963e-01
   outer loop
     vertex -1.284745e+01 -4.388821e-01 -3.601787e+00
     vertex -1.257918e+01 -3.756345e-14 -4.470643e+00
     vertex -1.254986e+01 -8.584338e-01 -4.470643e+00
   endloop
 endfacet
 facet normal -9.554917e-01 -3.867312e-15 -2.950180e-01
   outer loop
     vertex -1.284745e+01 -4.388821e-01 -3.601787e+00
     vertex -1.284745e+01  4.388821e-01 -3.601787e+00
     vertex -1.257918e+01 -3.756345e-14 -4.470643e+00
   endloop
 endfacet
 facet normal -9.937544e-02 -4.782209e-01 -8.725992e-01
   outer loop
     vertex -1.411262e+00 -6.791364e+00 -1.140650e+01
     vertex -1.454176e+00 -5.967237e+00 -1.185327e+01
     vertex -1.043567e+00 -6.052563e+00 -1.185327e+01
   endloop
 endfacet
 facet normal -1.164908e-01 -4.780222e-01 -8.705887e-01
   outer loop
     vertex -1.411262e+00 -6.791364e+00 -1.140650e+01
     vertex -1.871431e+00 -6.679224e+00 -1.140650e+01
     vertex -1.454176e+00 -5.967237e+00 -1.185327e+01
   endloop
 endfacet
 facet normal -4.667681e-01 -5.353122e-01 -7.039662e-01
   outer loop
     vertex -6.157311e+00 -7.568351e+00 -9.112084e+00
     vertex -6.659439e+00 -7.130518e+00 -9.112084e+00
     vertex -5.988495e+00 -6.867897e+00 -9.756660e+00
   endloop
 endfacet
 facet normal -4.444115e-01 -5.462552e-01 -7.100026e-01
   outer loop
     vertex -6.157311e+00 -7.568351e+00 -9.112084e+00
     vertex -5.988495e+00 -6.867897e+00 -9.756660e+00
     vertex -5.505853e+00 -7.260555e+00 -9.756660e+00
   endloop
 endfacet
 facet normal -8.138930e-01 -3.209577e-01 -4.843184e-01
   outer loop
     vertex -1.087195e+01 -4.722355e+00 -6.141868e+00
     vertex -1.116887e+01 -3.969418e+00 -6.141868e+00
     vertex -1.061122e+01 -4.184522e+00 -6.936446e+00
   endloop
 endfacet
 facet normal -7.966326e-01 -3.460264e-01 -4.956231e-01
   outer loop
     vertex -1.087195e+01 -4.722355e+00 -6.141868e+00
     vertex -1.061122e+01 -4.184522e+00 -6.936446e+00
     vertex -1.030092e+01 -4.898902e+00 -6.936446e+00
   endloop
 endfacet
 facet normal -9.673883e-01  6.617118e-02 -2.445019e-01
   outer loop
     vertex -1.304030e+01  8.919811e-01 -2.716138e+00
     vertex -1.278755e+01  1.314600e+00 -3.601787e+00
     vertex -1.284745e+01  4.388821e-01 -3.601787e+00
   endloop
 endfacet
 facet normal -9.683580e-01  9.955022e-02 -2.288506e-01
   outer loop
     vertex -1.304030e+01  8.919811e-01 -2.716138e+00
     vertex -1.294903e+01  1.779803e+00 -2.716138e+00
     vertex -1.278755e+01  1.314600e+00 -3.601787e+00
   endloop
 endfacet
 facet normal -1.844239e-01 -5.189193e-01 -8.346919e-01
   outer loop
     vertex -2.328963e+00 -7.337959e+00 -1.090655e+01
     vertex -2.824294e+00 -7.161918e+00 -1.090655e+01
     vertex -2.322874e+00 -6.535942e+00 -1.140650e+01
   endloop
 endfacet
 facet normal -1.653010e-01 -5.208206e-01 -8.375091e-01
   outer loop
     vertex -2.328963e+00 -7.337959e+00 -1.090655e+01
     vertex -2.322874e+00 -6.535942e+00 -1.140650e+01
     vertex -1.871431e+00 -6.679224e+00 -1.140650e+01
   endloop
 endfacet
 facet normal -5.307732e-01 -5.307732e-01 -6.607266e-01
   outer loop
     vertex -7.322618e+00 -7.322618e+00 -8.425024e+00
     vertex -7.130518e+00 -6.659439e+00 -9.112084e+00
     vertex -6.659439e+00 -7.130518e+00 -9.112084e+00
   endloop
 endfacet
 facet normal -5.532417e-01 -5.166917e-01 -6.534167e-01
   outer loop
     vertex -7.322618e+00 -7.322618e+00 -8.425024e+00
     vertex -7.805260e+00 -6.805834e+00 -8.425024e+00
     vertex -7.130518e+00 -6.659439e+00 -9.112084e+00
   endloop
 endfacet
 facet normal -8.579477e-01 -2.723004e-01 -4.356355e-01
   outer loop
     vertex -1.167104e+01 -3.704221e+00 -5.318655e+00
     vertex -1.141372e+01 -3.197973e+00 -6.141868e+00
     vertex -1.116887e+01 -3.969418e+00 -6.141868e+00
   endloop
 endfacet
 facet normal -8.724988e-01 -2.444627e-01 -4.230648e-01
   outer loop
     vertex -1.167104e+01 -3.704221e+00 -5.318655e+00
     vertex -1.189662e+01 -2.899126e+00 -5.318655e+00
     vertex -1.141372e+01 -3.197973e+00 -6.141868e+00
   endloop
 endfacet
 facet normal -9.662027e-01  2.007792e-01 -1.616789e-01
   outer loop
     vertex -1.303335e+01  2.247177e+00 -1.817825e+00
     vertex -1.284961e+01  3.131365e+00 -1.817825e+00
     vertex -1.279739e+01  2.659327e+00 -2.716138e+00
   endloop
 endfacet
 facet normal -9.697203e-01  1.671967e-01 -1.780107e-01
   outer loop
     vertex -1.303335e+01  2.247177e+00 -1.817825e+00
     vertex -1.279739e+01  2.659327e+00 -2.716138e+00
     vertex -1.294903e+01  1.779803e+00 -2.716138e+00
   endloop
 endfacet
 facet normal -2.606271e-01 -5.480205e-01 -7.948252e-01
   outer loop
     vertex -3.356539e+00 -7.727527e+00 -1.035575e+01
     vertex -3.876059e+00 -7.480454e+00 -1.035575e+01
     vertex -3.306457e+00 -6.952485e+00 -1.090655e+01
   endloop
 endfacet
 facet normal -2.397867e-01 -5.520443e-01 -7.985922e-01
   outer loop
     vertex -3.356539e+00 -7.727527e+00 -1.035575e+01
     vertex -3.306457e+00 -6.952485e+00 -1.090655e+01
     vertex -2.824294e+00 -7.161918e+00 -1.090655e+01
   endloop
 endfacet
 facet normal -6.156186e-01 -5.008429e-01 -6.084161e-01
   outer loop
     vertex -8.460332e+00 -6.882991e+00 -7.698682e+00
     vertex -8.251511e+00 -6.257318e+00 -8.425024e+00
     vertex -7.805260e+00 -6.805834e+00 -8.425024e+00
   endloop
 endfacet
 facet normal -6.375756e-01 -4.834889e-01 -5.997798e-01
   outer loop
     vertex -8.460332e+00 -6.882991e+00 -7.698682e+00
     vertex -8.910321e+00 -6.289592e+00 -7.698682e+00
     vertex -8.251511e+00 -6.257318e+00 -8.425024e+00
   endloop
 endfacet
 facet normal -9.081877e-01 -1.887236e-01 -3.736020e-01
   outer loop
     vertex -1.231608e+01 -2.559310e+00 -4.470643e+00
     vertex -1.206673e+01 -2.080514e+00 -5.318655e+00
     vertex -1.189662e+01 -2.899126e+00 -5.318655e+00
   endloop
 endfacet
 facet normal -9.194394e-01 -1.585274e-01 -3.598614e-01
   outer loop
     vertex -1.231608e+01 -2.559310e+00 -4.470643e+00
     vertex -1.246202e+01 -1.712865e+00 -4.470643e+00
     vertex -1.206673e+01 -2.080514e+00 -5.318655e+00
   endloop
 endfacet
 facet normal -9.489402e-01  3.011801e-01 -9.382464e-02
   outer loop
     vertex -1.282498e+01  3.593390e+00 -9.110362e-01
     vertex -1.254986e+01  4.460221e+00 -9.110362e-01
     vertex -1.260597e+01  4.000954e+00 -1.817825e+00
   endloop
 endfacet
 facet normal -9.523596e-01  3.022653e-01 -4.058182e-02
   outer loop
     vertex -1.282498e+01  3.593390e+00 -9.110362e-01
     vertex -1.265483e+01  4.251797e+00  0.000000e+00
     vertex -1.254986e+01  4.460221e+00 -9.110362e-01
   endloop
 endfacet
 facet normal -9.570073e-01  2.681409e-01 -1.106228e-01
   outer loop
     vertex -1.282498e+01  3.593390e+00 -9.110362e-01
     vertex -1.260597e+01  4.000954e+00 -1.817825e+00
     vertex -1.284961e+01  3.131365e+00 -1.817825e+00
   endloop
 endfacet
 facet normal -9.550028e-01  2.945794e-01 -3.453349e-02
   outer loop
     vertex -1.282498e+01  3.593390e+00 -9.110362e-01
     vertex -1.285103e+01  3.615720e+00  0.000000e+00
     vertex -1.265483e+01  4.251797e+00  0.000000e+00
   endloop
 endfacet
 facet normal -9.685254e-01  2.466169e-01 -3.374466e-02
   outer loop
     vertex -1.282498e+01  3.593390e+00 -9.110362e-01
     vertex -1.301529e+01  2.970654e+00  0.000000e+00
     vertex -1.285103e+01  3.615720e+00  0.000000e+00
   endloop
 endfacet
 facet normal -2.941328e-02 -4.300069e-01 -9.023463e-01
   outer loop
     vertex -2.096902e-01 -6.138288e+00 -1.185327e+01
     vertex -6.280929e-01 -6.109668e+00 -1.185327e+01
     vertex -3.629578e-01 -5.306256e+00 -1.224477e+01
   endloop
 endfacet
 facet normal  7.111189e-03 -4.496000e-01 -8.932017e-01
   outer loop
     vertex -2.096902e-01 -6.138288e+00 -1.185327e+01
     vertex  0.000000e+00 -5.707860e+00 -1.206826e+01
     vertex  0.000000e+00 -6.293146e+00 -1.177365e+01
   endloop
 endfacet
 facet normal -3.885502e-02 -4.312898e-01 -9.013764e-01
   outer loop
     vertex -2.096902e-01 -6.138288e+00 -1.185327e+01
     vertex -3.629578e-01 -5.306256e+00 -1.224477e+01
     vertex  0.000000e+00 -5.707860e+00 -1.206826e+01
   endloop
 endfacet
 facet normal -3.207975e-01 -5.705379e-01 -7.560261e-01
   outer loop
     vertex -4.465926e+00 -7.942644e+00 -9.756660e+00
     vertex -4.377507e+00 -7.198504e+00 -1.035575e+01
     vertex -3.876059e+00 -7.480454e+00 -1.035575e+01
   endloop
 endfacet
 facet normal -3.429764e-01 -5.640007e-01 -7.511794e-01
   outer loop
     vertex -4.465926e+00 -7.942644e+00 -9.756660e+00
     vertex -4.997540e+00 -7.619362e+00 -9.756660e+00
     vertex -4.377507e+00 -7.198504e+00 -1.035575e+01
   endloop
 endfacet
 facet normal -6.965242e-01 -4.568502e-01 -5.533009e-01
   outer loop
     vertex -9.537911e+00 -6.255916e+00 -6.936446e+00
     vertex -9.318766e+00 -5.666867e+00 -7.698682e+00
     vertex -8.910321e+00 -6.289592e+00 -7.698682e+00
   endloop
 endfacet
 facet normal -7.173067e-01 -4.362039e-01 -5.433206e-01
   outer loop
     vertex -9.537911e+00 -6.255916e+00 -6.936446e+00
     vertex -9.942594e+00 -5.590442e+00 -6.936446e+00
     vertex -9.318766e+00 -5.666867e+00 -7.698682e+00
   endloop
 endfacet
 facet normal -9.532642e-01 -6.520506e-02 -2.950180e-01
   outer loop
     vertex -1.278755e+01 -1.314600e+00 -3.601787e+00
     vertex -1.284745e+01 -4.388821e-01 -3.601787e+00
     vertex -1.254986e+01 -8.584338e-01 -4.470643e+00
   endloop
 endfacet
 facet normal -9.458181e-01 -9.723305e-02 -3.097963e-01
   outer loop
     vertex -1.278755e+01 -1.314600e+00 -3.601787e+00
     vertex -1.254986e+01 -8.584338e-01 -4.470643e+00
     vertex -1.246202e+01 -1.712865e+00 -4.470643e+00
   endloop
 endfacet
 facet normal -6.650883e-02 -4.838877e-01 -8.725992e-01
   outer loop
     vertex -9.445126e-01 -6.871839e+00 -1.140650e+01
     vertex -1.043567e+00 -6.052563e+00 -1.185327e+01
     vertex -6.280929e-01 -6.109668e+00 -1.185327e+01
   endloop
 endfacet
 facet normal -8.359787e-02 -4.848575e-01 -8.705887e-01
   outer loop
     vertex -9.445126e-01 -6.871839e+00 -1.140650e+01
     vertex -1.411262e+00 -6.791364e+00 -1.140650e+01
     vertex -1.043567e+00 -6.052563e+00 -1.185327e+01
   endloop
 endfacet
 facet normal -4.291489e-01 -5.659177e-01 -7.039662e-01
   outer loop
     vertex -5.626474e+00 -7.970898e+00 -9.112084e+00
     vertex -6.157311e+00 -7.568351e+00 -9.112084e+00
     vertex -5.505853e+00 -7.260555e+00 -9.756660e+00
   endloop
 endfacet
 facet normal -4.060977e-01 -5.753094e-01 -7.100026e-01
   outer loop
     vertex -5.626474e+00 -7.970898e+00 -9.112084e+00
     vertex -5.505853e+00 -7.260555e+00 -9.756660e+00
     vertex -4.997540e+00 -7.619362e+00 -9.756660e+00
   endloop
 endfacet
 facet normal -7.711618e-01 -3.995838e-01 -4.956231e-01
   outer loop
     vertex -1.052434e+01 -5.453274e+00 -6.141868e+00
     vertex -1.030092e+01 -4.898902e+00 -6.936446e+00
     vertex -9.942594e+00 -5.590442e+00 -6.936446e+00
   endloop
 endfacet
 facet normal -7.900927e-01 -3.757515e-01 -4.843184e-01
   outer loop
     vertex -1.052434e+01 -5.453274e+00 -6.141868e+00
     vertex -1.087195e+01 -4.722355e+00 -6.141868e+00
     vertex -1.030092e+01 -4.898902e+00 -6.936446e+00
   endloop
 endfacet
 facet normal -9.696488e-01 -3.912043e-15 -2.445019e-01
   outer loop
     vertex -1.307077e+01 -3.903142e-14 -2.716138e+00
     vertex -1.284745e+01  4.388821e-01 -3.601787e+00
     vertex -1.284745e+01 -4.388821e-01 -3.601787e+00
   endloop
 endfacet
 facet normal -9.728941e-01  3.323506e-02 -2.288506e-01
   outer loop
     vertex -1.307077e+01 -3.903142e-14 -2.716138e+00
     vertex -1.304030e+01  8.919811e-01 -2.716138e+00
     vertex -1.284745e+01  4.388821e-01 -3.601787e+00
   endloop
 endfacet
 facet normal -1.293736e-01 -5.308870e-01 -8.375091e-01
   outer loop
     vertex -1.822774e+00 -7.479786e+00 -1.090655e+01
     vertex -1.871431e+00 -6.679224e+00 -1.140650e+01
     vertex -1.411262e+00 -6.791364e+00 -1.140650e+01
   endloop
 endfacet
 facet normal -1.485817e-01 -5.302951e-01 -8.346919e-01
   outer loop
     vertex -1.822774e+00 -7.479786e+00 -1.090655e+01
     vertex -2.328963e+00 -7.337959e+00 -1.090655e+01
     vertex -1.871431e+00 -6.679224e+00 -1.140650e+01
   endloop
 endfacet
 facet normal -5.166917e-01 -5.532417e-01 -6.534167e-01
   outer loop
     vertex -6.805834e+00 -7.805260e+00 -8.425024e+00
     vertex -7.322618e+00 -7.322618e+00 -8.425024e+00
     vertex -6.659439e+00 -7.130518e+00 -9.112084e+00
   endloop
 endfacet
 facet normal -4.933146e-01 -5.657571e-01 -6.607266e-01
   outer loop
     vertex -6.805834e+00 -7.805260e+00 -8.425024e+00
     vertex -6.659439e+00 -7.130518e+00 -9.112084e+00
     vertex -6.157311e+00 -7.568351e+00 -9.112084e+00
   endloop
 endfacet
 facet normal -8.537821e-01 -3.034342e-01 -4.230648e-01
   outer loop
     vertex -1.139105e+01 -4.492046e+00 -5.318655e+00
     vertex -1.167104e+01 -3.704221e+00 -5.318655e+00
     vertex -1.116887e+01 -3.969418e+00 -6.141868e+00
   endloop
 endfacet
 facet normal -8.373652e-01 -3.302140e-01 -4.356355e-01
   outer loop
     vertex -1.139105e+01 -4.492046e+00 -5.318655e+00
     vertex -1.116887e+01 -3.969418e+00 -6.141868e+00
     vertex -1.087195e+01 -4.722355e+00 -6.141868e+00
   endloop
 endfacet
 facet normal -9.776519e-01  1.343752e-01 -1.616789e-01
   outer loop
     vertex -1.315632e+01  1.352511e+00 -1.817825e+00
     vertex -1.303335e+01  2.247177e+00 -1.817825e+00
     vertex -1.294903e+01  1.779803e+00 -2.716138e+00
   endloop
 endfacet
 facet normal -9.788696e-01  1.006308e-01 -1.780107e-01
   outer loop
     vertex -1.315632e+01  1.352511e+00 -1.817825e+00
     vertex -1.294903e+01  1.779803e+00 -2.716138e+00
     vertex -1.304030e+01  8.919811e-01 -2.716138e+00
   endloop
 endfacet
 facet normal -2.015548e-01 -5.671210e-01 -7.985922e-01
   outer loop
     vertex -2.821369e+00 -7.938571e+00 -1.035575e+01
     vertex -2.824294e+00 -7.161918e+00 -1.090655e+01
     vertex -2.328963e+00 -7.337959e+00 -1.090655e+01
   endloop
 endfacet
 facet normal -2.226213e-01 -5.645287e-01 -7.948252e-01
   outer loop
     vertex -2.821369e+00 -7.938571e+00 -1.035575e+01
     vertex -3.356539e+00 -7.727527e+00 -1.035575e+01
     vertex -2.824294e+00 -7.161918e+00 -1.090655e+01
   endloop
 endfacet
 facet normal -5.800047e-01 -5.416866e-01 -6.084161e-01
   outer loop
     vertex -7.970898e+00 -7.444299e+00 -7.698682e+00
     vertex -7.805260e+00 -6.805834e+00 -8.425024e+00
     vertex -7.322618e+00 -7.322618e+00 -8.425024e+00
   endloop
 endfacet
 facet normal -6.030948e-01 -5.258714e-01 -5.997798e-01
   outer loop
     vertex -7.970898e+00 -7.444299e+00 -7.698682e+00
     vertex -8.460332e+00 -6.882991e+00 -7.698682e+00
     vertex -7.805260e+00 -6.805834e+00 -8.425024e+00
   endloop
 endfacet
 facet normal -8.931916e-01 -2.502605e-01 -3.736020e-01
   outer loop
     vertex -1.211271e+01 -3.393823e+00 -4.470643e+00
     vertex -1.189662e+01 -2.899126e+00 -5.318655e+00
     vertex -1.167104e+01 -3.704221e+00 -5.318655e+00
   endloop
 endfacet
 facet normal -9.064777e-01 -2.209026e-01 -3.598614e-01
   outer loop
     vertex -1.211271e+01 -3.393823e+00 -4.470643e+00
     vertex -1.231608e+01 -2.559310e+00 -4.470643e+00
     vertex -1.189662e+01 -2.899126e+00 -5.318655e+00
   endloop
 endfacet
 facet normal -9.730749e-01  2.022073e-01 -1.106228e-01
   outer loop
     vertex -1.304030e+01  2.709806e+00 -9.110362e-01
     vertex -1.284961e+01  3.131365e+00 -1.817825e+00
     vertex -1.303335e+01  2.247177e+00 -1.817825e+00
   endloop
 endfacet
 facet normal -9.672813e-01  2.357200e-01 -9.382464e-02
   outer loop
     vertex -1.304030e+01  2.709806e+00 -9.110362e-01
     vertex -1.282498e+01  3.593390e+00 -9.110362e-01
     vertex -1.284961e+01  3.131365e+00 -1.817825e+00
   endloop
 endfacet
 facet normal -9.707470e-01  2.365646e-01 -4.107995e-02
   outer loop
     vertex -1.304030e+01  2.709806e+00 -9.110362e-01
     vertex -1.301529e+01  2.970654e+00  0.000000e+00
     vertex -1.282498e+01  3.593390e+00 -9.110362e-01
   endloop
 endfacet
 facet normal -9.797369e-01  1.980581e-01 -2.980791e-02
   outer loop
     vertex -1.304030e+01  2.709806e+00 -9.110362e-01
     vertex -1.314718e+01  2.318203e+00  0.000000e+00
     vertex -1.301529e+01  2.970654e+00  0.000000e+00
   endloop
 endfacet
 facet normal -2.811147e-01 -5.910998e-01 -7.560261e-01
   outer loop
     vertex -3.913489e+00 -8.228893e+00 -9.756660e+00
     vertex -3.876059e+00 -7.480454e+00 -1.035575e+01
     vertex -3.356539e+00 -7.727527e+00 -1.035575e+01
   endloop
 endfacet
 facet normal -3.036881e-01 -5.860914e-01 -7.511794e-01
   outer loop
     vertex -3.913489e+00 -8.228893e+00 -9.756660e+00
     vertex -4.465926e+00 -7.942644e+00 -9.756660e+00
     vertex -3.876059e+00 -7.480454e+00 -1.035575e+01
   endloop
 endfacet
 facet normal -6.637239e-01 -5.033177e-01 -5.533009e-01
   outer loop
     vertex -9.088757e+00 -6.892222e+00 -6.936446e+00
     vertex -8.910321e+00 -6.289592e+00 -7.698682e+00
     vertex -8.460332e+00 -6.882991e+00 -7.698682e+00
   endloop
 endfacet
 facet normal -6.858669e-01 -4.841377e-01 -5.433206e-01
   outer loop
     vertex -9.088757e+00 -6.892222e+00 -6.936446e+00
     vertex -9.537911e+00 -6.255916e+00 -6.936446e+00
     vertex -8.910321e+00 -6.289592e+00 -7.698682e+00
   endloop
 endfacet
 facet normal -9.369778e-01 -1.615513e-01 -3.097963e-01
   outer loop
     vertex -1.266803e+01 -2.184189e+00 -3.601787e+00
     vertex -1.246202e+01 -1.712865e+00 -4.470643e+00
     vertex -1.231608e+01 -2.559310e+00 -4.470643e+00
   endloop
 endfacet
 facet normal -9.465922e-01 -1.301061e-01 -2.950180e-01
   outer loop
     vertex -1.266803e+01 -2.184189e+00 -3.601787e+00
     vertex -1.278755e+01 -1.314600e+00 -3.601787e+00
     vertex -1.246202e+01 -1.712865e+00 -4.470643e+00
   endloop
 endfacet
 facet normal -1.442101e-02 -5.349420e-01 -8.447657e-01
   outer loop
     vertex -4.733598e-01 -6.920275e+00 -1.140650e+01
     vertex  0.000000e+00 -6.863272e+00 -1.145068e+01
     vertex  0.000000e+00 -7.416863e+00 -1.110012e+01
   endloop
 endfacet
 facet normal -2.184205e-02 -4.927806e-01 -8.698794e-01
   outer loop
     vertex -4.733598e-01 -6.920275e+00 -1.140650e+01
     vertex  0.000000e+00 -6.293146e+00 -1.177365e+01
     vertex  0.000000e+00 -6.863272e+00 -1.145068e+01
   endloop
 endfacet
 facet normal -2.949018e-02 -4.883400e-01 -8.721550e-01
   outer loop
     vertex -4.733598e-01 -6.920275e+00 -1.140650e+01
     vertex -2.096902e-01 -6.138288e+00 -1.185327e+01
     vertex  0.000000e+00 -6.293146e+00 -1.177365e+01
   endloop
 endfacet
 facet normal -3.333212e-02 -4.872983e-01 -8.725992e-01
   outer loop
     vertex -4.733598e-01 -6.920275e+00 -1.140650e+01
     vertex -6.280929e-01 -6.109668e+00 -1.185327e+01
     vertex -2.096902e-01 -6.138288e+00 -1.185327e+01
   endloop
 endfacet
 facet normal -5.031514e-02 -4.894321e-01 -8.705887e-01
   outer loop
     vertex -4.733598e-01 -6.920275e+00 -1.140650e+01
     vertex -9.445126e-01 -6.871839e+00 -1.140650e+01
     vertex -6.280929e-01 -6.109668e+00 -1.185327e+01
   endloop
 endfacet
 facet normal -3.658905e-01 -6.016813e-01 -7.100026e-01
   outer loop
     vertex -5.069404e+00 -8.336280e+00 -9.112084e+00
     vertex -4.997540e+00 -7.619362e+00 -9.756660e+00
     vertex -4.465926e+00 -7.942644e+00 -9.756660e+00
   endloop
 endfacet
 facet normal -3.895289e-01 -5.938845e-01 -7.039662e-01
   outer loop
     vertex -5.069404e+00 -8.336280e+00 -9.112084e+00
     vertex -5.626474e+00 -7.970898e+00 -9.112084e+00
     vertex -4.997540e+00 -7.619362e+00 -9.756660e+00
   endloop
 endfacet
 facet normal -7.626086e-01 -4.287934e-01 -4.843184e-01
   outer loop
     vertex -1.012766e+01 -6.158768e+00 -6.141868e+00
     vertex -1.052434e+01 -5.453274e+00 -6.141868e+00
     vertex -9.942594e+00 -5.590442e+00 -6.936446e+00
   endloop
 endfacet
 facet normal -7.420955e-01 -4.512783e-01 -4.956231e-01
   outer loop
     vertex -1.012766e+01 -6.158768e+00 -6.141868e+00
     vertex -9.942594e+00 -5.590442e+00 -6.936446e+00
     vertex -9.537911e+00 -6.255916e+00 -6.936446e+00
   endloop
 endfacet
 facet normal -9.673883e-01 -6.617118e-02 -2.445019e-01
   outer loop
     vertex -1.304030e+01 -8.919811e-01 -2.716138e+00
     vertex -1.284745e+01 -4.388821e-01 -3.601787e+00
     vertex -1.278755e+01 -1.314600e+00 -3.601787e+00
   endloop
 endfacet
 facet normal -9.728941e-01 -3.323506e-02 -2.288506e-01
   outer loop
     vertex -1.304030e+01 -8.919811e-01 -2.716138e+00
     vertex -1.307077e+01 -3.903142e-14 -2.716138e+00
     vertex -1.284745e+01 -4.388821e-01 -3.601787e+00
   endloop
 endfacet
 facet normal -1.120467e-01 -5.391984e-01 -8.346919e-01
   outer loop
     vertex -1.308086e+00 -7.586740e+00 -1.090655e+01
     vertex -1.822774e+00 -7.479786e+00 -1.090655e+01
     vertex -1.411262e+00 -6.791364e+00 -1.140650e+01
   endloop
 endfacet
 facet normal -9.284301e-02 -5.384781e-01 -8.375091e-01
   outer loop
     vertex -1.308086e+00 -7.586740e+00 -1.090655e+01
     vertex -1.411262e+00 -6.791364e+00 -1.140650e+01
     vertex -9.445126e-01 -6.871839e+00 -1.140650e+01
   endloop
 endfacet
 facet normal -4.777326e-01 -5.872122e-01 -6.534167e-01
   outer loop
     vertex -6.257318e+00 -8.251511e+00 -8.425024e+00
     vertex -6.805834e+00 -7.805260e+00 -8.425024e+00
     vertex -6.157311e+00 -7.568351e+00 -9.112084e+00
   endloop
 endfacet
 facet normal -4.535559e-01 -5.981031e-01 -6.607266e-01
   outer loop
     vertex -6.257318e+00 -8.251511e+00 -8.425024e+00
     vertex -6.157311e+00 -7.568351e+00 -9.112084e+00
     vertex -5.626474e+00 -7.970898e+00 -9.112084e+00
   endloop
 endfacet
 facet normal -8.128785e-01 -3.865880e-01 -4.356355e-01
   outer loop
     vertex -1.105794e+01 -5.258926e+00 -5.318655e+00
     vertex -1.087195e+01 -4.722355e+00 -6.141868e+00
     vertex -1.052434e+01 -5.453274e+00 -6.141868e+00
   endloop
 endfacet
 facet normal -8.310847e-01 -3.609910e-01 -4.230648e-01
   outer loop
     vertex -1.105794e+01 -5.258926e+00 -5.318655e+00
     vertex -1.139105e+01 -4.492046e+00 -5.318655e+00
     vertex -1.087195e+01 -4.722355e+00 -6.141868e+00
   endloop
 endfacet
 facet normal -9.834549e-01  3.359583e-02 -1.780107e-01
   outer loop
     vertex -1.321795e+01  4.515386e-01 -1.817825e+00
     vertex -1.304030e+01  8.919811e-01 -2.716138e+00
     vertex -1.307077e+01 -3.903142e-14 -2.716138e+00
   endloop
 endfacet
 facet normal -9.845429e-01  6.734458e-02 -1.616789e-01
   outer loop
     vertex -1.321795e+01  4.515386e-01 -1.817825e+00
     vertex -1.315632e+01  1.352511e+00 -1.817825e+00
     vertex -1.304030e+01  8.919811e-01 -2.716138e+00
   endloop
 endfacet
 facet normal -1.835775e-01 -5.784049e-01 -7.948252e-01
   outer loop
     vertex -2.273044e+00 -8.112601e+00 -1.035575e+01
     vertex -2.821369e+00 -7.938571e+00 -1.035575e+01
     vertex -2.328963e+00 -7.337959e+00 -1.090655e+01
   endloop
 endfacet
 facet normal -1.623833e-01 -5.795535e-01 -7.985922e-01
   outer loop
     vertex -2.273044e+00 -8.112601e+00 -1.035575e+01
     vertex -2.328963e+00 -7.337959e+00 -1.090655e+01
     vertex -1.822774e+00 -7.479786e+00 -1.090655e+01
   endloop
 endfacet
 facet normal -5.416866e-01 -5.800047e-01 -6.084161e-01
   outer loop
     vertex -7.444299e+00 -7.970898e+00 -7.698682e+00
     vertex -7.322618e+00 -7.322618e+00 -8.425024e+00
     vertex -6.805834e+00 -7.805260e+00 -8.425024e+00
   endloop
 endfacet
 facet normal -5.658022e-01 -5.658022e-01 -5.997798e-01
   outer loop
     vertex -7.444299e+00 -7.970898e+00 -7.698682e+00
     vertex -7.970898e+00 -7.444299e+00 -7.698682e+00
     vertex -7.322618e+00 -7.322618e+00 -8.425024e+00
   endloop
 endfacet
 facet normal -8.892896e-01 -2.822478e-01 -3.598614e-01
   outer loop
     vertex -1.185287e+01 -4.212512e+00 -4.470643e+00
     vertex -1.211271e+01 -3.393823e+00 -4.470643e+00
     vertex -1.167104e+01 -3.704221e+00 -5.318655e+00
   endloop
 endfacet
 facet normal -8.740310e-01 -3.106307e-01 -3.736020e-01
   outer loop
     vertex -1.185287e+01 -4.212512e+00 -4.470643e+00
     vertex -1.167104e+01 -3.704221e+00 -5.318655e+00
     vertex -1.139105e+01 -4.492046e+00 -5.318655e+00
   endloop
 endfacet
 facet normal -9.811124e-01  1.691609e-01 -9.382464e-02
   outer loop
     vertex -1.319483e+01  1.813587e+00 -9.110362e-01
     vertex -1.304030e+01  2.709806e+00 -9.110362e-01
     vertex -1.303335e+01  2.247177e+00 -1.817825e+00
   endloop
 endfacet
 facet normal -9.845675e-01  1.697566e-01 -4.253984e-02
   outer loop
     vertex -1.319483e+01  1.813587e+00 -9.110362e-01
     vertex -1.314718e+01  2.318203e+00  0.000000e+00
     vertex -1.304030e+01  2.709806e+00 -9.110362e-01
   endloop
 endfacet
 facet normal -9.846056e-01  1.353309e-01 -1.106228e-01
   outer loop
     vertex -1.319483e+01  1.813587e+00 -9.110362e-01
     vertex -1.303335e+01  2.247177e+00 -1.817825e+00
     vertex -1.315632e+01  1.352511e+00 -1.817825e+00
   endloop
 endfacet
 facet normal -9.883608e-01  1.489714e-01 -3.082872e-02
   outer loop
     vertex -1.319483e+01  1.813587e+00 -9.110362e-01
     vertex -1.324639e+01  1.659988e+00  0.000000e+00
     vertex -1.314718e+01  2.318203e+00  0.000000e+00
   endloop
 endfacet
 facet normal -2.629838e-01 -6.054495e-01 -7.511794e-01
   outer loop
     vertex -3.342807e+00 -8.476776e+00 -9.756660e+00
     vertex -3.913489e+00 -8.228893e+00 -9.756660e+00
     vertex -3.356539e+00 -7.727527e+00 -1.035575e+01
   endloop
 endfacet
 facet normal -2.401213e-01 -6.089058e-01 -7.560261e-01
   outer loop
     vertex -3.342807e+00 -8.476776e+00 -9.756660e+00
     vertex -3.356539e+00 -7.727527e+00 -1.035575e+01
     vertex -2.821369e+00 -7.938571e+00 -1.035575e+01
   endloop
 endfacet
 facet normal -6.278290e-01 -5.474385e-01 -5.533009e-01
   outer loop
     vertex -8.597227e+00 -7.496393e+00 -6.936446e+00
     vertex -8.460332e+00 -6.882991e+00 -7.698682e+00
     vertex -7.970898e+00 -7.444299e+00 -7.698682e+00
   endloop
 endfacet
 facet normal -6.512292e-01 -5.298143e-01 -5.433206e-01
   outer loop
     vertex -8.597227e+00 -7.496393e+00 -6.936446e+00
     vertex -9.088757e+00 -6.892222e+00 -6.936446e+00
     vertex -8.460332e+00 -6.882991e+00 -7.698682e+00
   endloop
 endfacet
 facet normal -9.237688e-01 -2.251163e-01 -3.097963e-01
   outer loop
     vertex -1.248944e+01 -3.043594e+00 -3.601787e+00
     vertex -1.231608e+01 -2.559310e+00 -4.470643e+00
     vertex -1.211271e+01 -3.393823e+00 -4.470643e+00
   endloop
 endfacet
 facet normal -9.355067e-01 -1.944005e-01 -2.950180e-01
   outer loop
     vertex -1.248944e+01 -3.043594e+00 -3.601787e+00
     vertex -1.266803e+01 -2.184189e+00 -3.601787e+00
     vertex -1.231608e+01 -2.559310e+00 -4.470643e+00
   endloop
 endfacet
 facet normal -3.480927e-01 -6.190825e-01 -7.039662e-01
   outer loop
     vertex -4.488698e+00 -8.662794e+00 -9.112084e+00
     vertex -5.069404e+00 -8.336280e+00 -9.112084e+00
     vertex -4.465926e+00 -7.942644e+00 -9.756660e+00
   endloop
 endfacet
 facet normal -3.239774e-01 -6.252479e-01 -7.100026e-01
   outer loop
     vertex -4.488698e+00 -8.662794e+00 -9.112084e+00
     vertex -4.465926e+00 -7.942644e+00 -9.756660e+00
     vertex -3.913489e+00 -8.228893e+00 -9.756660e+00
   endloop
 endfacet
 facet normal -7.095692e-01 -5.008686e-01 -4.956231e-01
   outer loop
     vertex -9.683763e+00 -6.835546e+00 -6.141868e+00
     vertex -9.537911e+00 -6.255916e+00 -6.936446e+00
     vertex -9.088757e+00 -6.892222e+00 -6.936446e+00
   endloop
 endfacet
 facet normal -7.315689e-01 -4.798360e-01 -4.843184e-01
   outer loop
     vertex -9.683763e+00 -6.835546e+00 -6.141868e+00
     vertex -1.012766e+01 -6.158768e+00 -6.141868e+00
     vertex -9.537911e+00 -6.255916e+00 -6.936446e+00
   endloop
 endfacet
 facet normal -9.683580e-01 -9.955022e-02 -2.288506e-01
   outer loop
     vertex -1.294903e+01 -1.779803e+00 -2.716138e+00
     vertex -1.304030e+01 -8.919811e-01 -2.716138e+00
     vertex -1.278755e+01 -1.314600e+00 -3.601787e+00
   endloop
 endfacet
 facet normal -9.606175e-01 -1.320338e-01 -2.445019e-01
   outer loop
     vertex -1.294903e+01 -1.779803e+00 -2.716138e+00
     vertex -1.278755e+01 -1.314600e+00 -3.601787e+00
     vertex -1.266803e+01 -2.184189e+00 -3.601787e+00
   endloop
 endfacet
 facet normal -5.587952e-02 -5.435586e-01 -8.375091e-01
   outer loop
     vertex -7.872992e-01 -7.658320e+00 -1.090655e+01
     vertex -9.445126e-01 -6.871839e+00 -1.140650e+01
     vertex -4.733598e-01 -6.920275e+00 -1.140650e+01
   endloop
 endfacet
 facet normal -7.498931e-02 -5.455877e-01 -8.346919e-01
   outer loop
     vertex -7.872992e-01 -7.658320e+00 -1.090655e+01
     vertex -1.308086e+00 -7.586740e+00 -1.090655e+01
     vertex -9.445126e-01 -6.871839e+00 -1.140650e+01
   endloop
 endfacet
 facet normal -4.116826e-01 -6.276606e-01 -6.607266e-01
   outer loop
     vertex -5.679628e+00 -8.659289e+00 -8.425024e+00
     vertex -5.626474e+00 -7.970898e+00 -9.112084e+00
     vertex -5.069404e+00 -8.336280e+00 -9.112084e+00
   endloop
 endfacet
 facet normal -4.365461e-01 -6.184449e-01 -6.534167e-01
   outer loop
     vertex -5.679628e+00 -8.659289e+00 -8.425024e+00
     vertex -6.257318e+00 -8.251511e+00 -8.425024e+00
     vertex -5.626474e+00 -7.970898e+00 -9.112084e+00
   endloop
 endfacet
 facet normal -7.846018e-01 -4.411596e-01 -4.356355e-01
   outer loop
     vertex -1.067328e+01 -6.001287e+00 -5.318655e+00
     vertex -1.052434e+01 -5.453274e+00 -6.141868e+00
     vertex -1.012766e+01 -6.158768e+00 -6.141868e+00
   endloop
 endfacet
 facet normal -8.045123e-01 -4.168647e-01 -4.230648e-01
   outer loop
     vertex -1.067328e+01 -6.001287e+00 -5.318655e+00
     vertex -1.105794e+01 -5.258926e+00 -5.318655e+00
     vertex -1.052434e+01 -5.453274e+00 -6.141868e+00
   endloop
 endfacet
 facet normal -9.868434e-01 -3.882251e-15 -1.616789e-01
   outer loop
     vertex -1.321795e+01 -4.515386e-01 -1.817825e+00
     vertex -1.321795e+01  4.515386e-01 -1.817825e+00
     vertex -1.307077e+01 -3.903142e-14 -2.716138e+00
   endloop
 endfacet
 facet normal -9.834549e-01 -3.359583e-02 -1.780107e-01
   outer loop
     vertex -1.321795e+01 -4.515386e-01 -1.817825e+00
     vertex -1.307077e+01 -3.903142e-14 -2.716138e+00
     vertex -1.304030e+01 -8.919811e-01 -2.716138e+00
   endloop
 endfacet
 facet normal -1.224546e-01 -5.892838e-01 -7.985922e-01
   outer loop
     vertex -1.714122e+00 -8.248807e+00 -1.035575e+01
     vertex -1.822774e+00 -7.479786e+00 -1.090655e+01
     vertex -1.308086e+00 -7.586740e+00 -1.090655e+01
   endloop
 endfacet
 facet normal -1.436778e-01 -5.895843e-01 -7.948252e-01
   outer loop
     vertex -1.714122e+00 -8.248807e+00 -1.035575e+01
     vertex -2.273044e+00 -8.112601e+00 -1.035575e+01
     vertex -1.822774e+00 -7.479786e+00 -1.090655e+01
   endloop
 endfacet
 facet normal -5.258714e-01 -6.030948e-01 -5.997798e-01
   outer loop
     vertex -6.882991e+00 -8.460332e+00 -7.698682e+00
     vertex -7.444299e+00 -7.970898e+00 -7.698682e+00
     vertex -6.805834e+00 -7.805260e+00 -8.425024e+00
   endloop
 endfacet
 facet normal -5.008429e-01 -6.156186e-01 -6.084161e-01
   outer loop
     vertex -6.882991e+00 -8.460332e+00 -7.698682e+00
     vertex -6.805834e+00 -7.805260e+00 -8.425024e+00
     vertex -6.257318e+00 -8.251511e+00 -8.425024e+00
   endloop
 endfacet
 facet normal -8.679552e-01 -3.422771e-01 -3.598614e-01
   outer loop
     vertex -1.153777e+01 -5.011560e+00 -4.470643e+00
     vertex -1.185287e+01 -4.212512e+00 -4.470643e+00
     vertex -1.139105e+01 -4.492046e+00 -5.318655e+00
   endloop
 endfacet
 facet normal -8.507952e-01 -3.695525e-01 -3.736020e-01
   outer loop
     vertex -1.153777e+01 -5.011560e+00 -4.470643e+00
     vertex -1.139105e+01 -4.492046e+00 -5.318655e+00
     vertex -1.105794e+01 -5.258926e+00 -5.318655e+00
   endloop
 endfacet
 facet normal -9.903691e-01  1.018130e-01 -9.382464e-02
   outer loop
     vertex -1.328783e+01  9.089124e-01 -9.110362e-01
     vertex -1.319483e+01  1.813587e+00 -9.110362e-01
     vertex -1.315632e+01  1.352511e+00 -1.817825e+00
   endloop
 endfacet
 facet normal -9.939991e-01  1.021862e-01 -3.903575e-02
   outer loop
     vertex -1.328783e+01  9.089124e-01 -9.110362e-01
     vertex -1.324639e+01  1.659988e+00  0.000000e+00
     vertex -1.319483e+01  1.813587e+00 -9.110362e-01
   endloop
 endfacet
 facet normal -9.915455e-01  6.782357e-02 -1.106228e-01
   outer loop
     vertex -1.328783e+01  9.089124e-01 -9.110362e-01
     vertex -1.315632e+01  1.352511e+00 -1.817825e+00
     vertex -1.321795e+01  4.515386e-01 -1.817825e+00
   endloop
 endfacet
 facet normal -9.943566e-01  9.950039e-02 -3.680525e-02
   outer loop
     vertex -1.328783e+01  9.089124e-01 -9.110362e-01
     vertex -1.331267e+01  9.976467e-01  0.000000e+00
     vertex -1.324639e+01  1.659988e+00  0.000000e+00
   endloop
 endfacet
 facet normal -9.982431e-01  4.982024e-02 -3.207241e-02
   outer loop
     vertex -1.328783e+01  9.089124e-01 -9.110362e-01
     vertex -1.334585e+01  3.328247e-01  0.000000e+00
     vertex -1.331267e+01  9.976467e-01  0.000000e+00
   endloop
 endfacet
 facet normal -1.980083e-01 -6.238728e-01 -7.560261e-01
   outer loop
     vertex -2.756538e+00 -8.685136e+00 -9.756660e+00
     vertex -2.821369e+00 -7.938571e+00 -1.035575e+01
     vertex -2.273044e+00 -8.112601e+00 -1.035575e+01
   endloop
 endfacet
 facet normal -2.210534e-01 -6.219847e-01 -7.511794e-01
   outer loop
     vertex -2.756538e+00 -8.685136e+00 -9.756660e+00
     vertex -3.342807e+00 -8.476776e+00 -9.756660e+00
     vertex -2.821369e+00 -7.938571e+00 -1.035575e+01
   endloop
 endfacet
 facet normal -6.135553e-01 -5.730206e-01 -5.433206e-01
   outer loop
     vertex -8.065613e+00 -8.065613e+00 -6.936446e+00
     vertex -8.597227e+00 -7.496393e+00 -6.936446e+00
     vertex -7.970898e+00 -7.444299e+00 -7.698682e+00
   endloop
 endfacet
 facet normal -5.890068e-01 -5.890068e-01 -5.533009e-01
   outer loop
     vertex -8.065613e+00 -8.065613e+00 -6.936446e+00
     vertex -7.970898e+00 -7.444299e+00 -7.698682e+00
     vertex -7.444299e+00 -7.970898e+00 -7.698682e+00
   endloop
 endfacet
 facet normal -9.062528e-01 -2.876317e-01 -3.097963e-01
   outer loop
     vertex -1.225262e+01 -3.888808e+00 -3.601787e+00
     vertex -1.211271e+01 -3.393823e+00 -4.470643e+00
     vertex -1.185287e+01 -4.212512e+00 -4.470643e+00
   endloop
 endfacet
 facet normal -9.200595e-01 -2.577886e-01 -2.950180e-01
   outer loop
     vertex -1.225262e+01 -3.888808e+00 -3.601787e+00
     vertex -1.248944e+01 -3.043594e+00 -3.601787e+00
     vertex -1.211271e+01 -3.393823e+00 -4.470643e+00
   endloop
 endfacet
 facet normal -2.805537e-01 -6.458993e-01 -7.100026e-01
   outer loop
     vertex -3.887064e+00 -8.948919e+00 -9.112084e+00
     vertex -3.913489e+00 -8.228893e+00 -9.756660e+00
     vertex -3.342807e+00 -8.476776e+00 -9.756660e+00
   endloop
 endfacet
 facet normal -3.050335e-01 -6.413939e-01 -7.039662e-01
   outer loop
     vertex -3.887064e+00 -8.948919e+00 -9.112084e+00
     vertex -4.488698e+00 -8.662794e+00 -9.112084e+00
     vertex -3.913489e+00 -8.228893e+00 -9.756660e+00
   endloop
 endfacet
 facet normal -6.737345e-01 -5.481237e-01 -4.956231e-01
   outer loop
     vertex -9.194714e+00 -7.480454e+00 -6.141868e+00
     vertex -9.088757e+00 -6.892222e+00 -6.936446e+00
     vertex -8.597227e+00 -7.496393e+00 -6.936446e+00
   endloop
 endfacet
 facet normal -6.971183e-01 -5.286415e-01 -4.843184e-01
   outer loop
     vertex -9.194714e+00 -7.480454e+00 -6.141868e+00
     vertex -9.683763e+00 -6.835546e+00 -6.141868e+00
     vertex -9.088757e+00 -6.892222e+00 -6.936446e+00
   endloop
 endfacet
 facet normal -9.493677e-01 -1.972809e-01 -2.445019e-01
   outer loop
     vertex -1.279739e+01 -2.659327e+00 -2.716138e+00
     vertex -1.266803e+01 -2.184189e+00 -3.601787e+00
     vertex -1.248944e+01 -3.043594e+00 -3.601787e+00
   endloop
 endfacet
 facet normal -9.593070e-01 -1.654012e-01 -2.288506e-01
   outer loop
     vertex -1.279739e+01 -2.659327e+00 -2.716138e+00
     vertex -1.294903e+01 -1.779803e+00 -2.716138e+00
     vertex -1.266803e+01 -2.184189e+00 -3.601787e+00
   endloop
 endfacet
 facet normal -3.558247e-02 -5.490913e-01 -8.350046e-01
   outer loop
     vertex -2.628416e-01 -7.694194e+00 -1.090655e+01
     vertex -4.733598e-01 -6.920275e+00 -1.140650e+01
     vertex  0.000000e+00 -7.416863e+00 -1.110012e+01
   endloop
 endfacet
 facet normal  5.436085e-03 -5.757997e-01 -8.175727e-01
   outer loop
     vertex -2.628416e-01 -7.694194e+00 -1.090655e+01
     vertex  0.000000e+00 -7.416863e+00 -1.110012e+01
     vertex  0.000000e+00 -7.952586e+00 -1.072282e+01
   endloop
 endfacet
 facet normal -3.758227e-02 -5.494333e-01 -8.346919e-01
   outer loop
     vertex -2.628416e-01 -7.694194e+00 -1.090655e+01
     vertex -7.872992e-01 -7.658320e+00 -1.090655e+01
     vertex -4.733598e-01 -6.920275e+00 -1.140650e+01
   endloop
 endfacet
 facet normal -3.678898e-01 -6.542916e-01 -6.607266e-01
   outer loop
     vertex -5.075457e+00 -9.026694e+00 -8.425024e+00
     vertex -5.069404e+00 -8.336280e+00 -9.112084e+00
     vertex -4.488698e+00 -8.662794e+00 -9.112084e+00
   endloop
 endfacet
 facet normal -3.933242e-01 -6.467941e-01 -6.534167e-01
   outer loop
     vertex -5.075457e+00 -9.026694e+00 -8.425024e+00
     vertex -5.679628e+00 -8.659289e+00 -8.425024e+00
     vertex -5.069404e+00 -8.336280e+00 -9.112084e+00
   endloop
 endfacet
 facet normal -7.741889e-01 -4.707947e-01 -4.230648e-01
   outer loop
     vertex -1.023886e+01 -6.715667e+00 -5.318655e+00
     vertex -1.067328e+01 -6.001287e+00 -5.318655e+00
     vertex -1.012766e+01 -6.158768e+00 -6.141868e+00
   endloop
 endfacet
 facet normal -7.526669e-01 -4.936742e-01 -4.356355e-01
   outer loop
     vertex -1.023886e+01 -6.715667e+00 -5.318655e+00
     vertex -1.012766e+01 -6.158768e+00 -6.141868e+00
     vertex -9.683763e+00 -6.835546e+00 -6.141868e+00
   endloop
 endfacet
 facet normal -9.845429e-01 -6.734458e-02 -1.616789e-01
   outer loop
     vertex -1.315632e+01 -1.352511e+00 -1.817825e+00
     vertex -1.321795e+01 -4.515386e-01 -1.817825e+00
     vertex -1.304030e+01 -8.919811e-01 -2.716138e+00
   endloop
 endfacet
 facet normal -9.788696e-01 -1.006308e-01 -1.780107e-01
   outer loop
     vertex -1.315632e+01 -1.352511e+00 -1.817825e+00
     vertex -1.304030e+01 -8.919811e-01 -2.716138e+00
     vertex -1.294903e+01 -1.779803e+00 -2.716138e+00
   endloop
 endfacet
 facet normal -1.031082e-01 -5.980147e-01 -7.948252e-01
   outer loop
     vertex -1.147207e+00 -8.346553e+00 -1.035575e+01
     vertex -1.714122e+00 -8.248807e+00 -1.035575e+01
     vertex -1.308086e+00 -7.586740e+00 -1.090655e+01
   endloop
 endfacet
 facet normal -8.195496e-02 -5.962666e-01 -7.985922e-01
   outer loop
     vertex -1.147207e+00 -8.346553e+00 -1.035575e+01
     vertex -1.308086e+00 -7.586740e+00 -1.090655e+01
     vertex -7.872992e-01 -7.658320e+00 -1.090655e+01
   endloop
 endfacet
 facet normal -4.576640e-01 -6.483622e-01 -6.084161e-01
   outer loop
     vertex -6.289592e+00 -8.910321e+00 -7.698682e+00
     vertex -6.257318e+00 -8.251511e+00 -8.425024e+00
     vertex -5.679628e+00 -8.659289e+00 -8.425024e+00
   endloop
 endfacet
 facet normal -4.834889e-01 -6.375756e-01 -5.997798e-01
   outer loop
     vertex -6.289592e+00 -8.910321e+00 -7.698682e+00
     vertex -6.882991e+00 -8.460332e+00 -7.698682e+00
     vertex -6.257318e+00 -8.251511e+00 -8.425024e+00
   endloop
 endfacet
 facet normal -8.425740e-01 -4.007105e-01 -3.598614e-01
   outer loop
     vertex -1.116887e+01 -5.787242e+00 -4.470643e+00
     vertex -1.153777e+01 -5.011560e+00 -4.470643e+00
     vertex -1.105794e+01 -5.258926e+00 -5.318655e+00
   endloop
 endfacet
 facet normal -8.235927e-01 -4.267513e-01 -3.736020e-01
   outer loop
     vertex -1.116887e+01 -5.787242e+00 -4.470643e+00
     vertex -1.105794e+01 -5.258926e+00 -5.318655e+00
     vertex -1.067328e+01 -6.001287e+00 -5.318655e+00
   endloop
 endfacet
 facet normal -9.938625e-01 -3.924384e-15 -1.106228e-01
   outer loop
     vertex -1.331888e+01 -3.977230e-14 -9.110362e-01
     vertex -1.321795e+01  4.515386e-01 -1.817825e+00
     vertex -1.321795e+01 -4.515386e-01 -1.817825e+00
   endloop
 endfacet
 facet normal -9.985341e-01  3.411095e-02 -4.202461e-02
   outer loop
     vertex -1.331888e+01 -3.977230e-14 -9.110362e-01
     vertex -1.334585e+01  3.328247e-01  0.000000e+00
     vertex -1.328783e+01  9.089124e-01 -9.110362e-01
   endloop
 endfacet
 facet normal -9.950083e-01  3.399050e-02 -9.382464e-02
   outer loop
     vertex -1.331888e+01 -3.977230e-14 -9.110362e-01
     vertex -1.328783e+01  9.089124e-01 -9.110362e-01
     vertex -1.321795e+01  4.515386e-01 -1.817825e+00
   endloop
 endfacet
 facet normal -9.995620e-01  2.670580e-15 -2.959344e-02
   outer loop
     vertex -1.331888e+01 -3.977230e-14 -9.110362e-01
     vertex -1.334585e+01 -3.328247e-01  0.000000e+00
     vertex -1.334585e+01  3.328247e-01  0.000000e+00
   endloop
 endfacet
 facet normal -1.780923e-01 -6.356199e-01 -7.511794e-01
   outer loop
     vertex -2.157417e+00 -8.853001e+00 -9.756660e+00
     vertex -2.756538e+00 -8.685136e+00 -9.756660e+00
     vertex -2.273044e+00 -8.112601e+00 -1.035575e+01
   endloop
 endfacet
 facet normal -1.549721e-01 -6.359309e-01 -7.560261e-01
   outer loop
     vertex -2.157417e+00 -8.853001e+00 -9.756660e+00
     vertex -2.273044e+00 -8.112601e+00 -1.035575e+01
     vertex -1.714122e+00 -8.248807e+00 -1.035575e+01
   endloop
 endfacet
 facet normal -5.730206e-01 -6.135553e-01 -5.433206e-01
   outer loop
     vertex -7.496393e+00 -8.597227e+00 -6.936446e+00
     vertex -8.065613e+00 -8.065613e+00 -6.936446e+00
     vertex -7.444299e+00 -7.970898e+00 -7.698682e+00
   endloop
 endfacet
 facet normal -5.474385e-01 -6.278290e-01 -5.533009e-01
   outer loop
     vertex -7.496393e+00 -8.597227e+00 -6.936446e+00
     vertex -7.444299e+00 -7.970898e+00 -7.698682e+00
     vertex -6.882991e+00 -8.460332e+00 -7.698682e+00
   endloop
 endfacet
 facet normal -8.845115e-01 -3.488061e-01 -3.097963e-01
   outer loop
     vertex -1.195868e+01 -4.715891e+00 -3.601787e+00
     vertex -1.185287e+01 -4.212512e+00 -4.470643e+00
     vertex -1.153777e+01 -5.011560e+00 -4.470643e+00
   endloop
 endfacet
 facet normal -9.003225e-01 -3.199747e-01 -2.950180e-01
   outer loop
     vertex -1.195868e+01 -4.715891e+00 -3.601787e+00
     vertex -1.225262e+01 -3.888808e+00 -3.601787e+00
     vertex -1.185287e+01 -4.212512e+00 -4.470643e+00
   endloop
 endfacet
 facet normal -2.358219e-01 -6.635393e-01 -7.100026e-01
   outer loop
     vertex -3.267307e+00 -9.193320e+00 -9.112084e+00
     vertex -3.342807e+00 -8.476776e+00 -9.756660e+00
     vertex -2.756538e+00 -8.685136e+00 -9.756660e+00
   endloop
 endfacet
 facet normal -2.605522e-01 -6.607149e-01 -7.039662e-01
   outer loop
     vertex -3.267307e+00 -9.193320e+00 -9.112084e+00
     vertex -3.887064e+00 -8.948919e+00 -9.112084e+00
     vertex -3.342807e+00 -8.476776e+00 -9.756660e+00
   endloop
 endfacet
 facet normal -6.594173e-01 -5.749821e-01 -4.843184e-01
   outer loop
     vertex -8.662794e+00 -8.090485e+00 -6.141868e+00
     vertex -9.194714e+00 -7.480454e+00 -6.141868e+00
     vertex -8.597227e+00 -7.496393e+00 -6.936446e+00
   endloop
 endfacet
 facet normal -6.347586e-01 -5.928231e-01 -4.956231e-01
   outer loop
     vertex -8.662794e+00 -8.090485e+00 -6.141868e+00
     vertex -8.597227e+00 -7.496393e+00 -6.936446e+00
     vertex -8.065613e+00 -8.065613e+00 -6.936446e+00
   endloop
 endfacet
 facet normal -9.336916e-01 -2.616081e-01 -2.445019e-01
   outer loop
     vertex -1.258607e+01 -3.526452e+00 -2.716138e+00
     vertex -1.248944e+01 -3.043594e+00 -3.601787e+00
     vertex -1.225262e+01 -3.888808e+00 -3.601787e+00
   endloop
 endfacet
 facet normal -9.457832e-01 -2.304811e-01 -2.288506e-01
   outer loop
     vertex -1.258607e+01 -3.526452e+00 -2.716138e+00
     vertex -1.279739e+01 -2.659327e+00 -2.716138e+00
     vertex -1.248944e+01 -3.043594e+00 -3.601787e+00
   endloop
 endfacet
 facet normal -3.482685e-01 -6.721277e-01 -6.534167e-01
   outer loop
     vertex -4.447621e+00 -9.352012e+00 -8.425024e+00
     vertex -5.075457e+00 -9.026694e+00 -8.425024e+00
     vertex -4.488698e+00 -8.662794e+00 -9.112084e+00
   endloop
 endfacet
 facet normal -3.223817e-01 -6.778719e-01 -6.607266e-01
   outer loop
     vertex -4.447621e+00 -9.352012e+00 -8.425024e+00
     vertex -4.488698e+00 -8.662794e+00 -9.112084e+00
     vertex -3.887064e+00 -8.948919e+00 -9.112084e+00
   endloop
 endfacet
 facet normal -7.172227e-01 -5.438872e-01 -4.356355e-01
   outer loop
     vertex -9.756696e+00 -7.398736e+00 -5.318655e+00
     vertex -9.683763e+00 -6.835546e+00 -6.141868e+00
     vertex -9.194714e+00 -7.480454e+00 -6.141868e+00
   endloop
 endfacet
 facet normal -7.402560e-01 -5.225297e-01 -4.230648e-01
   outer loop
     vertex -9.756696e+00 -7.398736e+00 -5.318655e+00
     vertex -1.023886e+01 -6.715667e+00 -5.318655e+00
     vertex -9.683763e+00 -6.835546e+00 -6.141868e+00
   endloop
 endfacet
 facet normal -9.697203e-01 -1.671967e-01 -1.780107e-01
   outer loop
     vertex -1.303335e+01 -2.247177e+00 -1.817825e+00
     vertex -1.294903e+01 -1.779803e+00 -2.716138e+00
     vertex -1.279739e+01 -2.659327e+00 -2.716138e+00
   endloop
 endfacet
 facet normal -9.776519e-01 -1.343752e-01 -1.616789e-01
   outer loop
     vertex -1.303335e+01 -2.247177e+00 -1.817825e+00
     vertex -1.315632e+01 -1.352511e+00 -1.817825e+00
     vertex -1.294903e+01 -1.779803e+00 -2.716138e+00
   endloop
 endfacet
 facet normal -3.474359e-02 -6.023704e-01 -7.974602e-01
   outer loop
     vertex -5.749440e-01 -8.405383e+00 -1.035575e+01
     vertex -2.628416e-01 -7.694194e+00 -1.090655e+01
     vertex  0.000000e+00 -7.952586e+00 -1.072282e+01
   endloop
 endfacet
 facet normal -4.107323e-02 -6.004694e-01 -7.985922e-01
   outer loop
     vertex -5.749440e-01 -8.405383e+00 -1.035575e+01
     vertex -7.872992e-01 -7.658320e+00 -1.090655e+01
     vertex -2.628416e-01 -7.694194e+00 -1.090655e+01
   endloop
 endfacet
 facet normal -6.205782e-02 -6.036570e-01 -7.948252e-01
   outer loop
     vertex -5.749440e-01 -8.405383e+00 -1.035575e+01
     vertex -1.147207e+00 -8.346553e+00 -1.035575e+01
     vertex -7.872992e-01 -7.658320e+00 -1.090655e+01
   endloop
 endfacet
 facet normal -2.494908e-02 -6.529695e-01 -7.569731e-01
   outer loop
     vertex -5.749440e-01 -8.405383e+00 -1.035575e+01
     vertex  0.000000e+00 -8.469150e+00 -1.031969e+01
     vertex  0.000000e+00 -8.965312e+00 -9.891698e+00
   endloop
 endfacet
 facet normal -1.879276e-02 -6.151229e-01 -7.882072e-01
   outer loop
     vertex -5.749440e-01 -8.405383e+00 -1.035575e+01
     vertex  0.000000e+00 -7.952586e+00 -1.072282e+01
     vertex  0.000000e+00 -8.469150e+00 -1.031969e+01
   endloop
 endfacet
 facet normal -4.388520e-01 -6.690837e-01 -5.997798e-01
   outer loop
     vertex -5.666867e+00 -9.318766e+00 -7.698682e+00
     vertex -6.289592e+00 -8.910321e+00 -7.698682e+00
     vertex -5.679628e+00 -8.659289e+00 -8.425024e+00
   endloop
 endfacet
 facet normal -4.123513e-01 -6.780828e-01 -6.084161e-01
   outer loop
     vertex -5.666867e+00 -9.318766e+00 -7.698682e+00
     vertex -5.679628e+00 -8.659289e+00 -8.425024e+00
     vertex -5.075457e+00 -9.026694e+00 -8.425024e+00
   endloop
 endfacet
 facet normal -7.925501e-01 -4.819604e-01 -3.736020e-01
   outer loop
     vertex -1.074790e+01 -6.535942e+00 -4.470643e+00
     vertex -1.067328e+01 -6.001287e+00 -5.318655e+00
     vertex -1.023886e+01 -6.715667e+00 -5.318655e+00
   endloop
 endfacet
 facet normal -8.132643e-01 -4.572757e-01 -3.598614e-01
   outer loop
     vertex -1.074790e+01 -6.535942e+00 -4.470643e+00
     vertex -1.116887e+01 -5.787242e+00 -4.470643e+00
     vertex -1.067328e+01 -6.001287e+00 -5.318655e+00
   endloop
 endfacet
 facet normal -9.985341e-01 -3.411095e-02 -4.202461e-02
   outer loop
     vertex -1.328783e+01 -9.089124e-01 -9.110362e-01
     vertex -1.334585e+01 -3.328247e-01  0.000000e+00
     vertex -1.331888e+01 -3.977230e-14 -9.110362e-01
   endloop
 endfacet
 facet normal -9.915455e-01 -6.782357e-02 -1.106228e-01
   outer loop
     vertex -1.328783e+01 -9.089124e-01 -9.110362e-01
     vertex -1.321795e+01 -4.515386e-01 -1.817825e+00
     vertex -1.315632e+01 -1.352511e+00 -1.817825e+00
   endloop
 endfacet
 facet normal -9.950083e-01 -3.399050e-02 -9.382464e-02
   outer loop
     vertex -1.328783e+01 -9.089124e-01 -9.110362e-01
     vertex -1.331888e+01 -3.977230e-14 -9.110362e-01
     vertex -1.321795e+01 -4.515386e-01 -1.817825e+00
   endloop
 endfacet
 facet normal -9.982431e-01 -4.982024e-02 -3.207241e-02
   outer loop
     vertex -1.328783e+01 -9.089124e-01 -9.110362e-01
     vertex -1.331267e+01 -9.976467e-01  0.000000e+00
     vertex -1.334585e+01 -3.328247e-01  0.000000e+00
   endloop
 endfacet
 facet normal -9.943566e-01 -9.950039e-02 -3.680525e-02
   outer loop
     vertex -1.328783e+01 -9.089124e-01 -9.110362e-01
     vertex -1.324639e+01 -1.659988e+00  0.000000e+00
     vertex -1.331267e+01 -9.976467e-01  0.000000e+00
   endloop
 endfacet
 facet normal -1.343009e-01 -6.462916e-01 -7.511794e-01
   outer loop
     vertex -1.548238e+00 -8.979590e+00 -9.756660e+00
     vertex -2.157417e+00 -8.853001e+00 -9.756660e+00
     vertex -1.714122e+00 -8.248807e+00 -1.035575e+01
   endloop
 endfacet
 facet normal -1.112134e-01 -6.450241e-01 -7.560261e-01
   outer loop
     vertex -1.548238e+00 -8.979590e+00 -9.756660e+00
     vertex -1.714122e+00 -8.248807e+00 -1.035575e+01
     vertex -1.147207e+00 -8.346553e+00 -1.035575e+01
   endloop
 endfacet
 facet normal -5.298143e-01 -6.512292e-01 -5.433206e-01
   outer loop
     vertex -6.892222e+00 -9.088757e+00 -6.936446e+00
     vertex -7.496393e+00 -8.597227e+00 -6.936446e+00
     vertex -6.882991e+00 -8.460332e+00 -7.698682e+00
   endloop
 endfacet
 facet normal -5.033177e-01 -6.637239e-01 -5.533009e-01
   outer loop
     vertex -6.892222e+00 -9.088757e+00 -6.936446e+00
     vertex -6.882991e+00 -8.460332e+00 -7.698682e+00
     vertex -6.289592e+00 -8.910321e+00 -7.698682e+00
   endloop
 endfacet
 facet normal -8.586461e-01 -4.083541e-01 -3.097963e-01
   outer loop
     vertex -1.160898e+01 -5.520986e+00 -3.601787e+00
     vertex -1.153777e+01 -5.011560e+00 -4.470643e+00
     vertex -1.116887e+01 -5.787242e+00 -4.470643e+00
   endloop
 endfacet
 facet normal -8.763878e-01 -3.806689e-01 -2.950180e-01
   outer loop
     vertex -1.160898e+01 -5.520986e+00 -3.601787e+00
     vertex -1.195868e+01 -4.715891e+00 -3.601787e+00
     vertex -1.153777e+01 -5.011560e+00 -4.470643e+00
   endloop
 endfacet
 facet normal -1.899906e-01 -6.780855e-01 -7.100026e-01
   outer loop
     vertex -2.632315e+00 -9.394857e+00 -9.112084e+00
     vertex -2.756538e+00 -8.685136e+00 -9.756660e+00
     vertex -2.157417e+00 -8.853001e+00 -9.756660e+00
   endloop
 endfacet
 facet normal -2.148560e-01 -6.769553e-01 -7.039662e-01
   outer loop
     vertex -2.632315e+00 -9.394857e+00 -9.112084e+00
     vertex -3.267307e+00 -9.193320e+00 -9.112084e+00
     vertex -2.756538e+00 -8.685136e+00 -9.756660e+00
   endloop
 endfacet
 facet normal -5.928231e-01 -6.347586e-01 -4.956231e-01
   outer loop
     vertex -8.090485e+00 -8.662794e+00 -6.141868e+00
     vertex -8.065613e+00 -8.065613e+00 -6.936446e+00
     vertex -7.496393e+00 -8.597227e+00 -6.936446e+00
   endloop
 endfacet
 facet normal -6.186419e-01 -6.186419e-01 -4.843184e-01
   outer loop
     vertex -8.090485e+00 -8.662794e+00 -6.141868e+00
     vertex -8.662794e+00 -8.090485e+00 -6.141868e+00
     vertex -8.065613e+00 -8.065613e+00 -6.936446e+00
   endloop
 endfacet
 facet normal -9.136622e-01 -3.247156e-01 -2.445019e-01
   outer loop
     vertex -1.231608e+01 -4.377135e+00 -2.716138e+00
     vertex -1.225262e+01 -3.888808e+00 -3.601787e+00
     vertex -1.195868e+01 -4.715891e+00 -3.601787e+00
   endloop
 endfacet
 facet normal -9.278498e-01 -2.944863e-01 -2.288506e-01
   outer loop
     vertex -1.231608e+01 -4.377135e+00 -2.716138e+00
     vertex -1.258607e+01 -3.526452e+00 -2.716138e+00
     vertex -1.225262e+01 -3.888808e+00 -3.601787e+00
   endloop
 endfacet
 facet normal -2.753705e-01 -6.982918e-01 -6.607266e-01
   outer loop
     vertex -3.799049e+00 -9.633727e+00 -8.425024e+00
     vertex -3.887064e+00 -8.948919e+00 -9.112084e+00
     vertex -3.267307e+00 -9.193320e+00 -9.112084e+00
   endloop
 endfacet
 facet normal -3.015890e-01 -6.943275e-01 -6.534167e-01
   outer loop
     vertex -3.799049e+00 -9.633727e+00 -8.425024e+00
     vertex -4.447621e+00 -9.352012e+00 -8.425024e+00
     vertex -3.887064e+00 -8.948919e+00 -9.112084e+00
   endloop
 endfacet
 facet normal -7.028716e-01 -5.718284e-01 -4.230648e-01
   outer loop
     vertex -9.229043e+00 -8.047308e+00 -5.318655e+00
     vertex -9.756696e+00 -7.398736e+00 -5.318655e+00
     vertex -9.194714e+00 -7.480454e+00 -6.141868e+00
   endloop
 endfacet
 facet normal -6.784345e-01 -5.915643e-01 -4.356355e-01
   outer loop
     vertex -9.229043e+00 -8.047308e+00 -5.318655e+00
     vertex -9.194714e+00 -7.480454e+00 -6.141868e+00
     vertex -8.662794e+00 -8.090485e+00 -6.141868e+00
   endloop
 endfacet
 facet normal -9.560498e-01 -2.329829e-01 -1.780107e-01
   outer loop
     vertex -1.284961e+01 -3.131365e+00 -1.817825e+00
     vertex -1.279739e+01 -2.659327e+00 -2.716138e+00
     vertex -1.258607e+01 -3.526452e+00 -2.716138e+00
   endloop
 endfacet
 facet normal -9.662027e-01 -2.007792e-01 -1.616789e-01
   outer loop
     vertex -1.284961e+01 -3.131365e+00 -1.817825e+00
     vertex -1.303335e+01 -2.247177e+00 -1.817825e+00
     vertex -1.279739e+01 -2.659327e+00 -2.716138e+00
   endloop
 endfacet
 facet normal -3.651160e-01 -7.046419e-01 -6.084161e-01
   outer loop
     vertex -5.017721e+00 -9.683763e+00 -7.698682e+00
     vertex -5.075457e+00 -9.026694e+00 -8.425024e+00
     vertex -4.447621e+00 -9.352012e+00 -8.425024e+00
   endloop
 endfacet
 facet normal -3.921691e-01 -6.974723e-01 -5.997798e-01
   outer loop
     vertex -5.017721e+00 -9.683763e+00 -7.698682e+00
     vertex -5.666867e+00 -9.318766e+00 -7.698682e+00
     vertex -5.075457e+00 -9.026694e+00 -8.425024e+00
   endloop
 endfacet
 facet normal -7.801628e-01 -5.117088e-01 -3.598614e-01
   outer loop
     vertex -1.027681e+01 -7.254167e+00 -4.470643e+00
     vertex -1.074790e+01 -6.535942e+00 -4.470643e+00
     vertex -1.023886e+01 -6.715667e+00 -5.318655e+00
   endloop
 endfacet
 facet normal -7.578124e-01 -5.349224e-01 -3.736020e-01
   outer loop
     vertex -1.027681e+01 -7.254167e+00 -4.470643e+00
     vertex -1.023886e+01 -6.715667e+00 -5.318655e+00
     vertex -9.756696e+00 -7.398736e+00 -5.318655e+00
   endloop
 endfacet
 facet normal -9.903691e-01 -1.018130e-01 -9.382464e-02
   outer loop
     vertex -1.319483e+01 -1.813587e+00 -9.110362e-01
     vertex -1.328783e+01 -9.089124e-01 -9.110362e-01
     vertex -1.315632e+01 -1.352511e+00 -1.817825e+00
   endloop
 endfacet
 facet normal -9.846056e-01 -1.353309e-01 -1.106228e-01
   outer loop
     vertex -1.319483e+01 -1.813587e+00 -9.110362e-01
     vertex -1.315632e+01 -1.352511e+00 -1.817825e+00
     vertex -1.303335e+01 -2.247177e+00 -1.817825e+00
   endloop
 endfacet
 facet normal -9.939991e-01 -1.021862e-01 -3.903575e-02
   outer loop
     vertex -1.319483e+01 -1.813587e+00 -9.110362e-01
     vertex -1.324639e+01 -1.659988e+00  0.000000e+00
     vertex -1.328783e+01 -9.089124e-01 -9.110362e-01
   endloop
 endfacet
 facet normal -9.883608e-01 -1.489714e-01 -3.082872e-02
   outer loop
     vertex -1.319483e+01 -1.813587e+00 -9.110362e-01
     vertex -1.314718e+01 -2.318203e+00  0.000000e+00
     vertex -1.324639e+01 -1.659988e+00  0.000000e+00
   endloop
 endfacet
 facet normal -8.988335e-02 -6.539499e-01 -7.511794e-01
   outer loop
     vertex -9.318396e-01 -9.064312e+00 -9.756660e+00
     vertex -1.548238e+00 -8.979590e+00 -9.756660e+00
     vertex -1.147207e+00 -8.346553e+00 -1.035575e+01
   endloop
 endfacet
 facet normal -6.693612e-02 -6.511099e-01 -7.560261e-01
   outer loop
     vertex -9.318396e-01 -9.064312e+00 -9.756660e+00
     vertex -1.147207e+00 -8.346553e+00 -1.035575e+01
     vertex -5.749440e-01 -8.405383e+00 -1.035575e+01
   endloop
 endfacet
 facet normal -4.841377e-01 -6.858669e-01 -5.433206e-01
   outer loop
     vertex -6.255916e+00 -9.537911e+00 -6.936446e+00
     vertex -6.892222e+00 -9.088757e+00 -6.936446e+00
     vertex -6.289592e+00 -8.910321e+00 -7.698682e+00
   endloop
 endfacet
 facet normal -4.568502e-01 -6.965242e-01 -5.533009e-01
   outer loop
     vertex -6.255916e+00 -9.537911e+00 -6.936446e+00
     vertex -6.289592e+00 -8.910321e+00 -7.698682e+00
     vertex -5.666867e+00 -9.318766e+00 -7.698682e+00
   endloop
 endfacet
 facet normal -8.483669e-01 -4.395883e-01 -2.950180e-01
   outer loop
     vertex -1.120515e+01 -6.300340e+00 -3.601787e+00
     vertex -1.160898e+01 -5.520986e+00 -3.601787e+00
     vertex -1.116887e+01 -5.787242e+00 -4.470643e+00
   endloop
 endfacet
 facet normal -8.287773e-01 -4.659982e-01 -3.097963e-01
   outer loop
     vertex -1.120515e+01 -6.300340e+00 -3.601787e+00
     vertex -1.116887e+01 -5.787242e+00 -4.470643e+00
     vertex -1.074790e+01 -6.535942e+00 -4.470643e+00
   endloop
 endfacet
 facet normal -1.432735e-01 -6.894701e-01 -7.100026e-01
   outer loop
     vertex -1.985051e+00 -9.552591e+00 -9.112084e+00
     vertex -2.157417e+00 -8.853001e+00 -9.756660e+00
     vertex -1.548238e+00 -8.979590e+00 -9.756660e+00
   endloop
 endfacet
 facet normal -1.681580e-01 -6.900395e-01 -7.039662e-01
   outer loop
     vertex -1.985051e+00 -9.552591e+00 -9.112084e+00
     vertex -2.632315e+00 -9.394857e+00 -9.112084e+00
     vertex -2.157417e+00 -8.853001e+00 -9.756660e+00
   endloop
 endfacet
 facet normal -5.749821e-01 -6.594173e-01 -4.843184e-01
   outer loop
     vertex -7.480454e+00 -9.194714e+00 -6.141868e+00
     vertex -8.090485e+00 -8.662794e+00 -6.141868e+00
     vertex -7.496393e+00 -8.597227e+00 -6.936446e+00
   endloop
 endfacet
 facet normal -5.481237e-01 -6.737345e-01 -4.956231e-01
   outer loop
     vertex -7.480454e+00 -9.194714e+00 -6.141868e+00
     vertex -7.496393e+00 -8.597227e+00 -6.936446e+00
     vertex -6.892222e+00 -9.088757e+00 -6.936446e+00
   endloop
 endfacet
 facet normal -8.893729e-01 -3.863091e-01 -2.445019e-01
   outer loop
     vertex -1.198866e+01 -5.207410e+00 -2.716138e+00
     vertex -1.195868e+01 -4.715891e+00 -3.601787e+00
     vertex -1.160898e+01 -5.520986e+00 -3.601787e+00
   endloop
 endfacet
 facet normal -9.055903e-01 -3.571185e-01 -2.288506e-01
   outer loop
     vertex -1.198866e+01 -5.207410e+00 -2.716138e+00
     vertex -1.231608e+01 -4.377135e+00 -2.716138e+00
     vertex -1.195868e+01 -4.715891e+00 -3.601787e+00
   endloop
 endfacet
 facet normal -2.535033e-01 -7.132900e-01 -6.534167e-01
   outer loop
     vertex -3.132764e+00 -9.870525e+00 -8.425024e+00
     vertex -3.799049e+00 -9.633727e+00 -8.425024e+00
     vertex -3.267307e+00 -9.193320e+00 -9.112084e+00
   endloop
 endfacet
 facet normal -2.270755e-01 -7.154558e-01 -6.607266e-01
   outer loop
     vertex -3.132764e+00 -9.870525e+00 -8.425024e+00
     vertex -3.267307e+00 -9.193320e+00 -9.112084e+00
     vertex -2.632315e+00 -9.394857e+00 -9.112084e+00
   endloop
 endfacet
 facet normal -6.622101e-01 -6.184610e-01 -4.230648e-01
   outer loop
     vertex -8.658361e+00 -8.658361e+00 -5.318655e+00
     vertex -9.229043e+00 -8.047308e+00 -5.318655e+00
     vertex -8.662794e+00 -8.090485e+00 -6.141868e+00
   endloop
 endfacet
 facet normal -6.364832e-01 -6.364832e-01 -4.356355e-01
   outer loop
     vertex -8.658361e+00 -8.658361e+00 -5.318655e+00
     vertex -8.662794e+00 -8.090485e+00 -6.141868e+00
     vertex -8.090485e+00 -8.662794e+00 -6.141868e+00
   endloop
 endfacet
 facet normal -9.379217e-01 -2.976830e-01 -1.780107e-01
   outer loop
     vertex -1.260597e+01 -4.000954e+00 -1.817825e+00
     vertex -1.258607e+01 -3.526452e+00 -2.716138e+00
     vertex -1.231608e+01 -4.377135e+00 -2.716138e+00
   endloop
 endfacet
 facet normal -9.502486e-01 -2.662472e-01 -1.616789e-01
   outer loop
     vertex -1.260597e+01 -4.000954e+00 -1.817825e+00
     vertex -1.284961e+01 -3.131365e+00 -1.817825e+00
     vertex -1.258607e+01 -3.526452e+00 -2.716138e+00
   endloop
 endfacet
 facet normal -3.161784e-01 -7.279156e-01 -6.084161e-01
   outer loop
     vertex -4.345181e+00 -1.000361e+01 -7.698682e+00
     vertex -4.447621e+00 -9.352012e+00 -8.425024e+00
     vertex -3.799049e+00 -9.633727e+00 -8.425024e+00
   endloop
 endfacet
 facet normal -3.436577e-01 -7.226089e-01 -5.997798e-01
   outer loop
     vertex -4.345181e+00 -1.000361e+01 -7.698682e+00
     vertex -5.017721e+00 -9.683763e+00 -7.698682e+00
     vertex -4.447621e+00 -9.352012e+00 -8.425024e+00
   endloop
 endfacet
 facet normal -7.195413e-01 -5.853903e-01 -3.736020e-01
   outer loop
     vertex -9.757815e+00 -7.938571e+00 -4.470643e+00
     vertex -9.756696e+00 -7.398736e+00 -5.318655e+00
     vertex -9.229043e+00 -8.047308e+00 -5.318655e+00
   endloop
 endfacet
 facet normal -7.434238e-01 -5.637561e-01 -3.598614e-01
   outer loop
     vertex -9.757815e+00 -7.938571e+00 -4.470643e+00
     vertex -1.027681e+01 -7.254167e+00 -4.470643e+00
     vertex -9.756696e+00 -7.398736e+00 -5.318655e+00
   endloop
 endfacet
 facet normal -9.797369e-01 -1.980581e-01 -2.980791e-02
   outer loop
     vertex -1.304030e+01 -2.709806e+00 -9.110362e-01
     vertex -1.301529e+01 -2.970654e+00  0.000000e+00
     vertex -1.314718e+01 -2.318203e+00  0.000000e+00
   endloop
 endfacet
 facet normal -9.730749e-01 -2.022073e-01 -1.106228e-01
   outer loop
     vertex -1.304030e+01 -2.709806e+00 -9.110362e-01
     vertex -1.303335e+01 -2.247177e+00 -1.817825e+00
     vertex -1.284961e+01 -3.131365e+00 -1.817825e+00
   endloop
 endfacet
 facet normal -9.811124e-01 -1.691609e-01 -9.382464e-02
   outer loop
     vertex -1.304030e+01 -2.709806e+00 -9.110362e-01
     vertex -1.319483e+01 -1.813587e+00 -9.110362e-01
     vertex -1.303335e+01 -2.247177e+00 -1.817825e+00
   endloop
 endfacet
 facet normal -9.845675e-01 -1.697566e-01 -4.253984e-02
   outer loop
     vertex -1.304030e+01 -2.709806e+00 -9.110362e-01
     vertex -1.314718e+01 -2.318203e+00  0.000000e+00
     vertex -1.319483e+01 -1.813587e+00 -9.110362e-01
   endloop
 endfacet
 facet normal -4.504669e-02 -6.585593e-01 -7.511794e-01
   outer loop
     vertex -3.110967e-01 -9.106772e+00 -9.756660e+00
     vertex -9.318396e-01 -9.064312e+00 -9.756660e+00
     vertex -5.749440e-01 -8.405383e+00 -1.035575e+01
   endloop
 endfacet
 facet normal -8.288398e-04 -6.895403e-01 -7.242468e-01
   outer loop
     vertex -3.110967e-01 -9.106772e+00 -9.756660e+00
     vertex  0.000000e+00 -8.965312e+00 -9.891698e+00
     vertex  0.000000e+00 -9.439876e+00 -9.439876e+00
   endloop
 endfacet
 facet normal -2.943223e-02 -6.555720e-01 -7.545589e-01
   outer loop
     vertex -3.110967e-01 -9.106772e+00 -9.756660e+00
     vertex -5.749440e-01 -8.405383e+00 -1.035575e+01
     vertex  0.000000e+00 -8.965312e+00 -9.891698e+00
   endloop
 endfacet
 facet normal -4.082527e-01 -7.260770e-01 -5.533009e-01
   outer loop
     vertex -5.590442e+00 -9.942594e+00 -6.936446e+00
     vertex -5.666867e+00 -9.318766e+00 -7.698682e+00
     vertex -5.017721e+00 -9.683763e+00 -7.698682e+00
   endloop
 endfacet
 facet normal -4.362039e-01 -7.173067e-01 -5.433206e-01
   outer loop
     vertex -5.590442e+00 -9.942594e+00 -6.936446e+00
     vertex -6.255916e+00 -9.537911e+00 -6.936446e+00
     vertex -5.666867e+00 -9.318766e+00 -7.698682e+00
   endloop
 endfacet
 facet normal -8.163906e-01 -4.964581e-01 -2.950180e-01
   outer loop
     vertex -1.074908e+01 -7.050319e+00 -3.601787e+00
     vertex -1.120515e+01 -6.300340e+00 -3.601787e+00
     vertex -1.074790e+01 -6.535942e+00 -4.470643e+00
   endloop
 endfacet
 facet normal -7.950444e-01 -5.214697e-01 -3.097963e-01
   outer loop
     vertex -1.074908e+01 -7.050319e+00 -3.601787e+00
     vertex -1.074790e+01 -6.535942e+00 -4.470643e+00
     vertex -1.027681e+01 -7.254167e+00 -4.470643e+00
   endloop
 endfacet
 facet normal -9.588843e-02 -6.976401e-01 -7.100026e-01
   outer loop
     vertex -1.328532e+00 -9.665786e+00 -9.112084e+00
     vertex -1.548238e+00 -8.979590e+00 -9.756660e+00
     vertex -9.318396e-01 -9.064312e+00 -9.756660e+00
   endloop
 endfacet
 facet normal -1.206760e-01 -6.999063e-01 -7.039662e-01
   outer loop
     vertex -1.328532e+00 -9.665786e+00 -9.112084e+00
     vertex -1.985051e+00 -9.552591e+00 -9.112084e+00
     vertex -1.548238e+00 -8.979590e+00 -9.756660e+00
   endloop
 endfacet
 facet normal -5.008686e-01 -7.095692e-01 -4.956231e-01
   outer loop
     vertex -6.835546e+00 -9.683763e+00 -6.141868e+00
     vertex -6.892222e+00 -9.088757e+00 -6.936446e+00
     vertex -6.255916e+00 -9.537911e+00 -6.936446e+00
   endloop
 endfacet
 facet normal -5.286415e-01 -6.971183e-01 -4.843184e-01
   outer loop
     vertex -6.835546e+00 -9.683763e+00 -6.141868e+00
     vertex -7.480454e+00 -9.194714e+00 -6.141868e+00
     vertex -6.892222e+00 -9.088757e+00 -6.936446e+00
   endloop
 endfacet
 facet normal -8.791085e-01 -4.180856e-01 -2.288506e-01
   outer loop
     vertex -1.160535e+01 -6.013405e+00 -2.716138e+00
     vertex -1.198866e+01 -5.207410e+00 -2.716138e+00
     vertex -1.160898e+01 -5.520986e+00 -3.601787e+00
   endloop
 endfacet
 facet normal -8.609369e-01 -4.461015e-01 -2.445019e-01
   outer loop
     vertex -1.160535e+01 -6.013405e+00 -2.716138e+00
     vertex -1.160898e+01 -5.520986e+00 -3.601787e+00
     vertex -1.120515e+01 -6.300340e+00 -3.601787e+00
   endloop
 endfacet
 facet normal -2.042357e-01 -7.289269e-01 -6.534167e-01
   outer loop
     vertex -2.451872e+00 -1.006130e+01 -8.425024e+00
     vertex -3.132764e+00 -9.870525e+00 -8.425024e+00
     vertex -2.632315e+00 -9.394857e+00 -9.112084e+00
   endloop
 endfacet
 facet normal -1.777217e-01 -7.292841e-01 -6.607266e-01
   outer loop
     vertex -2.451872e+00 -1.006130e+01 -8.425024e+00
     vertex -2.632315e+00 -9.394857e+00 -9.112084e+00
     vertex -1.985051e+00 -9.552591e+00 -9.112084e+00
   endloop
 endfacet
 facet normal -6.184610e-01 -6.622101e-01 -4.230648e-01
   outer loop
     vertex -8.047308e+00 -9.229043e+00 -5.318655e+00
     vertex -8.658361e+00 -8.658361e+00 -5.318655e+00
     vertex -8.090485e+00 -8.662794e+00 -6.141868e+00
   endloop
 endfacet
 facet normal -5.915643e-01 -6.784345e-01 -4.356355e-01
   outer loop
     vertex -8.047308e+00 -9.229043e+00 -5.318655e+00
     vertex -8.090485e+00 -8.662794e+00 -6.141868e+00
     vertex -7.480454e+00 -9.194714e+00 -6.141868e+00
   endloop
 endfacet
 facet normal -9.298640e-01 -3.304737e-01 -1.616789e-01
   outer loop
     vertex -1.230354e+01 -4.851888e+00 -1.817825e+00
     vertex -1.260597e+01 -4.000954e+00 -1.817825e+00
     vertex -1.231608e+01 -4.377135e+00 -2.716138e+00
   endloop
 endfacet
 facet normal -9.154205e-01 -3.609950e-01 -1.780107e-01
   outer loop
     vertex -1.230354e+01 -4.851888e+00 -1.817825e+00
     vertex -1.231608e+01 -4.377135e+00 -2.716138e+00
     vertex -1.198866e+01 -5.207410e+00 -2.716138e+00
   endloop
 endfacet
 facet normal -2.657666e-01 -7.477954e-01 -6.084161e-01
   outer loop
     vertex -3.652381e+00 -1.027681e+01 -7.698682e+00
     vertex -3.799049e+00 -9.633727e+00 -8.425024e+00
     vertex -3.132764e+00 -9.870525e+00 -8.425024e+00
   endloop
 endfacet
 facet normal -2.935439e-01 -7.443763e-01 -5.997798e-01
   outer loop
     vertex -3.652381e+00 -1.027681e+01 -7.698682e+00
     vertex -4.345181e+00 -1.000361e+01 -7.698682e+00
     vertex -3.799049e+00 -9.633727e+00 -8.425024e+00
   endloop
 endfacet
 facet normal -7.032186e-01 -6.131748e-01 -3.598614e-01
   outer loop
     vertex -9.193320e+00 -8.585961e+00 -4.470643e+00
     vertex -9.757815e+00 -7.938571e+00 -4.470643e+00
     vertex -9.229043e+00 -8.047308e+00 -5.318655e+00
   endloop
 endfacet
 facet normal -6.779155e-01 -6.331289e-01 -3.736020e-01
   outer loop
     vertex -9.193320e+00 -8.585961e+00 -4.470643e+00
     vertex -9.229043e+00 -8.047308e+00 -5.318655e+00
     vertex -8.658361e+00 -8.658361e+00 -5.318655e+00
   endloop
 endfacet
 facet normal -9.685254e-01 -2.466169e-01 -3.374466e-02
   outer loop
     vertex -1.282498e+01 -3.593390e+00 -9.110362e-01
     vertex -1.285103e+01 -3.615720e+00  0.000000e+00
     vertex -1.301529e+01 -2.970654e+00  0.000000e+00
   endloop
 endfacet
 facet normal -9.550028e-01 -2.945794e-01 -3.453349e-02
   outer loop
     vertex -1.282498e+01 -3.593390e+00 -9.110362e-01
     vertex -1.265483e+01 -4.251797e+00  0.000000e+00
     vertex -1.285103e+01 -3.615720e+00  0.000000e+00
   endloop
 endfacet
 facet normal -9.707470e-01 -2.365646e-01 -4.107995e-02
   outer loop
     vertex -1.282498e+01 -3.593390e+00 -9.110362e-01
     vertex -1.301529e+01 -2.970654e+00  0.000000e+00
     vertex -1.304030e+01 -2.709806e+00 -9.110362e-01
   endloop
 endfacet
 facet normal -9.672813e-01 -2.357200e-01 -9.382464e-02
   outer loop
     vertex -1.282498e+01 -3.593390e+00 -9.110362e-01
     vertex -1.304030e+01 -2.709806e+00 -9.110362e-01
     vertex -1.284961e+01 -3.131365e+00 -1.817825e+00
   endloop
 endfacet
 facet normal -9.570073e-01 -2.681409e-01 -1.106228e-01
   outer loop
     vertex -1.282498e+01 -3.593390e+00 -9.110362e-01
     vertex -1.284961e+01 -3.131365e+00 -1.817825e+00
     vertex -1.260597e+01 -4.000954e+00 -1.817825e+00
   endloop
 endfacet
 facet normal -3.862362e-01 -7.454021e-01 -5.433206e-01
   outer loop
     vertex -4.898902e+00 -1.030092e+01 -6.936446e+00
     vertex -5.590442e+00 -9.942594e+00 -6.936446e+00
     vertex -5.017721e+00 -9.683763e+00 -7.698682e+00
   endloop
 endfacet
 facet normal -3.577517e-01 -7.522445e-01 -5.533009e-01
   outer loop
     vertex -4.898902e+00 -1.030092e+01 -6.936446e+00
     vertex -5.017721e+00 -9.683763e+00 -7.698682e+00
     vertex -4.345181e+00 -1.000361e+01 -7.698682e+00
   endloop
 endfacet
 facet normal -7.576046e-01 -5.745097e-01 -3.097963e-01
   outer loop
     vertex -1.024289e+01 -7.767426e+00 -3.601787e+00
     vertex -1.027681e+01 -7.254167e+00 -4.470643e+00
     vertex -9.757815e+00 -7.938571e+00 -4.470643e+00
   endloop
 endfacet
 facet normal -7.806079e-01 -5.510133e-01 -2.950180e-01
   outer loop
     vertex -1.024289e+01 -7.767426e+00 -3.601787e+00
     vertex -1.074908e+01 -7.050319e+00 -3.601787e+00
     vertex -1.027681e+01 -7.254167e+00 -4.470643e+00
   endloop
 endfacet
 facet normal -7.263142e-02 -7.065099e-01 -7.039662e-01
   outer loop
     vertex -6.658180e-01 -9.733915e+00 -9.112084e+00
     vertex -1.328532e+00 -9.665786e+00 -9.112084e+00
     vertex -9.318396e-01 -9.064312e+00 -9.756660e+00
   endloop
 endfacet
 facet normal -1.962310e-02 -7.241076e-01 -6.894078e-01
   outer loop
     vertex -6.658180e-01 -9.733915e+00 -9.112084e+00
     vertex  0.000000e+00 -9.439876e+00 -9.439876e+00
     vertex  0.000000e+00 -9.891698e+00 -8.965312e+00
   endloop
 endfacet
 facet normal -4.805624e-02 -7.025574e-01 -7.100026e-01
   outer loop
     vertex -6.658180e-01 -9.733915e+00 -9.112084e+00
     vertex -9.318396e-01 -9.064312e+00 -9.756660e+00
     vertex -3.110967e-01 -9.106772e+00 -9.756660e+00
   endloop
 endfacet
 facet normal -3.620596e-02 -7.062308e-01 -7.070552e-01
   outer loop
     vertex -6.658180e-01 -9.733915e+00 -9.112084e+00
     vertex -3.110967e-01 -9.106772e+00 -9.756660e+00
     vertex  0.000000e+00 -9.439876e+00 -9.439876e+00
   endloop
 endfacet
 facet normal -4.798360e-01 -7.315689e-01 -4.843184e-01
   outer loop
     vertex -6.158768e+00 -1.012766e+01 -6.141868e+00
     vertex -6.835546e+00 -9.683763e+00 -6.141868e+00
     vertex -6.255916e+00 -9.537911e+00 -6.936446e+00
   endloop
 endfacet
 facet normal -4.512783e-01 -7.420955e-01 -4.956231e-01
   outer loop
     vertex -6.158768e+00 -1.012766e+01 -6.141868e+00
     vertex -6.255916e+00 -9.537911e+00 -6.936446e+00
     vertex -5.590442e+00 -9.942594e+00 -6.936446e+00
   endloop
 endfacet
 facet normal -8.284868e-01 -5.038140e-01 -2.445019e-01
   outer loop
     vertex -1.116792e+01 -6.791364e+00 -2.716138e+00
     vertex -1.120515e+01 -6.300340e+00 -3.601787e+00
     vertex -1.074908e+01 -7.050319e+00 -3.601787e+00
   endloop
 endfacet
 facet normal -8.485280e-01 -4.771035e-01 -2.288506e-01
   outer loop
     vertex -1.116792e+01 -6.791364e+00 -2.716138e+00
     vertex -1.160535e+01 -6.013405e+00 -2.716138e+00
     vertex -1.120515e+01 -6.300340e+00 -3.601787e+00
   endloop
 endfacet
 facet normal -1.275393e-01 -7.397121e-01 -6.607266e-01
   outer loop
     vertex -1.759549e+00 -1.020517e+01 -8.425024e+00
     vertex -1.985051e+00 -9.552591e+00 -9.112084e+00
     vertex -1.328532e+00 -9.665786e+00 -9.112084e+00
   endloop
 endfacet
 facet normal -1.540159e-01 -7.411651e-01 -6.534167e-01
   outer loop
     vertex -1.759549e+00 -1.020517e+01 -8.425024e+00
     vertex -2.451872e+00 -1.006130e+01 -8.425024e+00
     vertex -1.985051e+00 -9.552591e+00 -9.112084e+00
   endloop
 endfacet
 facet normal -5.438872e-01 -7.172227e-01 -4.356355e-01
   outer loop
     vertex -7.398736e+00 -9.756696e+00 -5.318655e+00
     vertex -7.480454e+00 -9.194714e+00 -6.141868e+00
     vertex -6.835546e+00 -9.683763e+00 -6.141868e+00
   endloop
 endfacet
 facet normal -5.718284e-01 -7.028716e-01 -4.230648e-01
   outer loop
     vertex -7.398736e+00 -9.756696e+00 -5.318655e+00
     vertex -8.047308e+00 -9.229043e+00 -5.318655e+00
     vertex -7.480454e+00 -9.194714e+00 -6.141868e+00
   endloop
 endfacet
 facet normal -8.886513e-01 -4.226240e-01 -1.780107e-01
   outer loop
     vertex -1.194376e+01 -5.680201e+00 -1.817825e+00
     vertex -1.198866e+01 -5.207410e+00 -2.716138e+00
     vertex -1.160535e+01 -6.013405e+00 -2.716138e+00
   endloop
 endfacet
 facet normal -9.051439e-01 -3.931595e-01 -1.616789e-01
   outer loop
     vertex -1.194376e+01 -5.680201e+00 -1.817825e+00
     vertex -1.230354e+01 -4.851888e+00 -1.817825e+00
     vertex -1.198866e+01 -5.207410e+00 -2.716138e+00
   endloop
 endfacet
 facet normal -2.420616e-01 -7.626732e-01 -5.997798e-01
   outer loop
     vertex -2.942551e+00 -1.050210e+01 -7.698682e+00
     vertex -3.652381e+00 -1.027681e+01 -7.698682e+00
     vertex -3.132764e+00 -9.870525e+00 -8.425024e+00
   endloop
 endfacet
 facet normal -2.141156e-01 -7.641887e-01 -6.084161e-01
   outer loop
     vertex -2.942551e+00 -1.050210e+01 -7.698682e+00
     vertex -3.132764e+00 -9.870525e+00 -8.425024e+00
     vertex -2.451872e+00 -1.006130e+01 -8.425024e+00
   endloop
 endfacet
 facet normal -6.331289e-01 -6.779155e-01 -3.736020e-01
   outer loop
     vertex -8.585961e+00 -9.193320e+00 -4.470643e+00
     vertex -8.658361e+00 -8.658361e+00 -5.318655e+00
     vertex -8.047308e+00 -9.229043e+00 -5.318655e+00
   endloop
 endfacet
 facet normal -6.597347e-01 -6.597347e-01 -3.598614e-01
   outer loop
     vertex -8.585961e+00 -9.193320e+00 -4.470643e+00
     vertex -9.193320e+00 -8.585961e+00 -4.470643e+00
     vertex -8.658361e+00 -8.658361e+00 -5.318655e+00
   endloop
 endfacet
 facet normal -9.489402e-01 -3.011801e-01 -9.382464e-02
   outer loop
     vertex -1.254986e+01 -4.460221e+00 -9.110362e-01
     vertex -1.282498e+01 -3.593390e+00 -9.110362e-01
     vertex -1.260597e+01 -4.000954e+00 -1.817825e+00
   endloop
 endfacet
 facet normal -9.392693e-01 -3.418661e-01 -3.001380e-02
   outer loop
     vertex -1.254986e+01 -4.460221e+00 -9.110362e-01
     vertex -1.242716e+01 -4.877303e+00  0.000000e+00
     vertex -1.265483e+01 -4.251797e+00  0.000000e+00
   endloop
 endfacet
 facet normal -9.523596e-01 -3.022653e-01 -4.058182e-02
   outer loop
     vertex -1.254986e+01 -4.460221e+00 -9.110362e-01
     vertex -1.265483e+01 -4.251797e+00  0.000000e+00
     vertex -1.282498e+01 -3.593390e+00 -9.110362e-01
   endloop
 endfacet
 facet normal -9.364778e-01 -3.328243e-01 -1.106228e-01
   outer loop
     vertex -1.254986e+01 -4.460221e+00 -9.110362e-01
     vertex -1.260597e+01 -4.000954e+00 -1.817825e+00
     vertex -1.230354e+01 -4.851888e+00 -1.817825e+00
   endloop
 endfacet
 facet normal -3.344678e-01 -7.700221e-01 -5.433206e-01
   outer loop
     vertex -4.184522e+00 -1.061122e+01 -6.936446e+00
     vertex -4.898902e+00 -1.030092e+01 -6.936446e+00
     vertex -4.345181e+00 -1.000361e+01 -7.698682e+00
   endloop
 endfacet
 facet normal -3.055828e-01 -7.749047e-01 -5.533009e-01
   outer loop
     vertex -4.184522e+00 -1.061122e+01 -6.936446e+00
     vertex -4.345181e+00 -1.000361e+01 -7.698682e+00
     vertex -3.652381e+00 -1.027681e+01 -7.698682e+00
   endloop
 endfacet
 facet normal -7.411857e-01 -6.029993e-01 -2.950180e-01
   outer loop
     vertex -9.688940e+00 -8.448318e+00 -3.601787e+00
     vertex -1.024289e+01 -7.767426e+00 -3.601787e+00
     vertex -9.757815e+00 -7.938571e+00 -4.470643e+00
   endloop
 endfacet
 facet normal -7.166326e-01 -6.248712e-01 -3.097963e-01
   outer loop
     vertex -9.688940e+00 -8.448318e+00 -3.601787e+00
     vertex -9.757815e+00 -7.938571e+00 -4.470643e+00
     vertex -9.193320e+00 -8.585961e+00 -4.470643e+00
   endloop
 endfacet
 facet normal -4.287934e-01 -7.626086e-01 -4.843184e-01
   outer loop
     vertex -5.453274e+00 -1.052434e+01 -6.141868e+00
     vertex -6.158768e+00 -1.012766e+01 -6.141868e+00
     vertex -5.590442e+00 -9.942594e+00 -6.936446e+00
   endloop
 endfacet
 facet normal -3.995838e-01 -7.711618e-01 -4.956231e-01
   outer loop
     vertex -5.453274e+00 -1.052434e+01 -6.141868e+00
     vertex -5.590442e+00 -9.942594e+00 -6.936446e+00
     vertex -4.898902e+00 -1.030092e+01 -6.936446e+00
   endloop
 endfacet
 facet normal -8.139912e-01 -5.338968e-01 -2.288506e-01
   outer loop
     vertex -1.067843e+01 -7.537657e+00 -2.716138e+00
     vertex -1.116792e+01 -6.791364e+00 -2.716138e+00
     vertex -1.074908e+01 -7.050319e+00 -3.601787e+00
   endloop
 endfacet
 facet normal -7.921739e-01 -5.591774e-01 -2.445019e-01
   outer loop
     vertex -1.067843e+01 -7.537657e+00 -2.716138e+00
     vertex -1.074908e+01 -7.050319e+00 -3.601787e+00
     vertex -1.024289e+01 -7.767426e+00 -3.601787e+00
   endloop
 endfacet
 facet normal -7.676219e-02 -7.466913e-01 -6.607266e-01
   outer loop
     vertex -1.059022e+00 -1.030145e+01 -8.425024e+00
     vertex -1.328532e+00 -9.665786e+00 -9.112084e+00
     vertex -6.658180e-01 -9.733915e+00 -9.112084e+00
   endloop
 endfacet
 facet normal -1.030779e-01 -7.499477e-01 -6.534167e-01
   outer loop
     vertex -1.059022e+00 -1.030145e+01 -8.425024e+00
     vertex -1.759549e+00 -1.020517e+01 -8.425024e+00
     vertex -1.328532e+00 -9.665786e+00 -9.112084e+00
   endloop
 endfacet
 facet normal -5.225297e-01 -7.402560e-01 -4.230648e-01
   outer loop
     vertex -6.715667e+00 -1.023886e+01 -5.318655e+00
     vertex -7.398736e+00 -9.756696e+00 -5.318655e+00
     vertex -6.835546e+00 -9.683763e+00 -6.141868e+00
   endloop
 endfacet
 facet normal -4.936742e-01 -7.526669e-01 -4.356355e-01
   outer loop
     vertex -6.715667e+00 -1.023886e+01 -5.318655e+00
     vertex -6.835546e+00 -9.683763e+00 -6.141868e+00
     vertex -6.158768e+00 -1.012766e+01 -6.141868e+00
   endloop
 endfacet
 facet normal -8.577388e-01 -4.822824e-01 -1.780107e-01
   outer loop
     vertex -1.152828e+01 -6.482030e+00 -1.817825e+00
     vertex -1.160535e+01 -6.013405e+00 -2.716138e+00
     vertex -1.116792e+01 -6.791364e+00 -2.716138e+00
   endloop
 endfacet
 facet normal -8.762037e-01 -4.540122e-01 -1.616789e-01
   outer loop
     vertex -1.152828e+01 -6.482030e+00 -1.817825e+00
     vertex -1.194376e+01 -5.680201e+00 -1.817825e+00
     vertex -1.160535e+01 -6.013405e+00 -2.716138e+00
   endloop
 endfacet
 facet normal -1.614664e-01 -7.770190e-01 -6.084161e-01
   outer loop
     vertex -2.219003e+00 -1.067843e+01 -7.698682e+00
     vertex -2.451872e+00 -1.006130e+01 -8.425024e+00
     vertex -1.759549e+00 -1.020517e+01 -8.425024e+00
   endloop
 endfacet
 facet normal -1.894506e-01 -7.774141e-01 -5.997798e-01
   outer loop
     vertex -2.219003e+00 -1.067843e+01 -7.698682e+00
     vertex -2.942551e+00 -1.050210e+01 -7.698682e+00
     vertex -2.451872e+00 -1.006130e+01 -8.425024e+00
   endloop
 endfacet
 facet normal -5.853903e-01 -7.195413e-01 -3.736020e-01
   outer loop
     vertex -7.938571e+00 -9.757815e+00 -4.470643e+00
     vertex -8.047308e+00 -9.229043e+00 -5.318655e+00
     vertex -7.398736e+00 -9.756696e+00 -5.318655e+00
   endloop
 endfacet
 facet normal -6.131748e-01 -7.032186e-01 -3.598614e-01
   outer loop
     vertex -7.938571e+00 -9.757815e+00 -4.470643e+00
     vertex -8.585961e+00 -9.193320e+00 -4.470643e+00
     vertex -8.047308e+00 -9.229043e+00 -5.318655e+00
   endloop
 endfacet
 facet normal -9.210489e-01 -3.882547e-01 -3.045130e-02
   outer loop
     vertex -1.221623e+01 -5.306256e+00 -9.110362e-01
     vertex -1.216860e+01 -5.490683e+00  0.000000e+00
     vertex -1.242716e+01 -4.877303e+00  0.000000e+00
   endloop
 endfacet
 facet normal -9.115819e-01 -3.959559e-01 -1.106228e-01
   outer loop
     vertex -1.221623e+01 -5.306256e+00 -9.110362e-01
     vertex -1.230354e+01 -4.851888e+00 -1.817825e+00
     vertex -1.194376e+01 -5.680201e+00 -1.817825e+00
   endloop
 endfacet
 facet normal -9.261747e-01 -3.652359e-01 -9.382464e-02
   outer loop
     vertex -1.221623e+01 -5.306256e+00 -9.110362e-01
     vertex -1.254986e+01 -4.460221e+00 -9.110362e-01
     vertex -1.230354e+01 -4.851888e+00 -1.817825e+00
   endloop
 endfacet
 facet normal -9.294329e-01 -3.665208e-01 -4.262571e-02
   outer loop
     vertex -1.221623e+01 -5.306256e+00 -9.110362e-01
     vertex -1.242716e+01 -4.877303e+00  0.000000e+00
     vertex -1.254986e+01 -4.460221e+00 -9.110362e-01
   endloop
 endfacet
 facet normal -2.811399e-01 -7.910519e-01 -5.433206e-01
   outer loop
     vertex -3.450632e+00 -1.087204e+01 -6.936446e+00
     vertex -4.184522e+00 -1.061122e+01 -6.936446e+00
     vertex -3.652381e+00 -1.027681e+01 -7.698682e+00
   endloop
 endfacet
 facet normal -2.519890e-01 -7.939519e-01 -5.533009e-01
   outer loop
     vertex -3.450632e+00 -1.087204e+01 -6.936446e+00
     vertex -3.652381e+00 -1.027681e+01 -7.698682e+00
     vertex -2.942551e+00 -1.050210e+01 -7.698682e+00
   endloop
 endfacet
 facet normal -6.723192e-01 -6.723192e-01 -3.097963e-01
   outer loop
     vertex -9.089819e+00 -9.089819e+00 -3.601787e+00
     vertex -9.193320e+00 -8.585961e+00 -4.470643e+00
     vertex -8.585961e+00 -9.193320e+00 -4.470643e+00
   endloop
 endfacet
 facet normal -6.983077e-01 -6.521739e-01 -2.950180e-01
   outer loop
     vertex -9.089819e+00 -9.089819e+00 -3.601787e+00
     vertex -9.688940e+00 -8.448318e+00 -3.601787e+00
     vertex -9.193320e+00 -8.585961e+00 -4.470643e+00
   endloop
 endfacet
 facet normal -3.757515e-01 -7.900927e-01 -4.843184e-01
   outer loop
     vertex -4.722355e+00 -1.087195e+01 -6.141868e+00
     vertex -5.453274e+00 -1.052434e+01 -6.141868e+00
     vertex -4.898902e+00 -1.030092e+01 -6.936446e+00
   endloop
 endfacet
 facet normal -3.460264e-01 -7.966326e-01 -4.956231e-01
   outer loop
     vertex -4.722355e+00 -1.087195e+01 -6.141868e+00
     vertex -4.898902e+00 -1.030092e+01 -6.936446e+00
     vertex -4.184522e+00 -1.061122e+01 -6.936446e+00
   endloop
 endfacet
 facet normal -7.756591e-01 -5.882009e-01 -2.288506e-01
   outer loop
     vertex -1.013915e+01 -8.248807e+00 -2.716138e+00
     vertex -1.067843e+01 -7.537657e+00 -2.716138e+00
     vertex -1.024289e+01 -7.767426e+00 -3.601787e+00
   endloop
 endfacet
 facet normal -7.521675e-01 -6.119337e-01 -2.445019e-01
   outer loop
     vertex -1.013915e+01 -8.248807e+00 -2.716138e+00
     vertex -1.024289e+01 -7.767426e+00 -3.601787e+00
     vertex -9.688940e+00 -8.448318e+00 -3.601787e+00
   endloop
 endfacet
 facet normal -9.849446e-03 -7.883082e-01 -6.152017e-01
   outer loop
     vertex -3.535567e-01 -1.034971e+01 -8.425024e+00
     vertex  0.000000e+00 -1.031969e+01 -8.469150e+00
     vertex  0.000000e+00 -1.072282e+01 -7.952586e+00
   endloop
 endfacet
 facet normal -1.722646e-02 -7.570965e-01 -6.530759e-01
   outer loop
     vertex -3.535567e-01 -1.034971e+01 -8.425024e+00
     vertex  0.000000e+00 -9.891698e+00 -8.965312e+00
     vertex  0.000000e+00 -1.031969e+01 -8.469150e+00
   endloop
 endfacet
 facet normal -5.165940e-02 -7.552337e-01 -6.534167e-01
   outer loop
     vertex -3.535567e-01 -1.034971e+01 -8.425024e+00
     vertex -1.059022e+00 -1.030145e+01 -8.425024e+00
     vertex -6.658180e-01 -9.733915e+00 -9.112084e+00
   endloop
 endfacet
 facet normal -3.291413e-02 -7.516579e-01 -6.587314e-01
   outer loop
     vertex -3.535567e-01 -1.034971e+01 -8.425024e+00
     vertex -6.658180e-01 -9.733915e+00 -9.112084e+00
     vertex  0.000000e+00 -9.891698e+00 -8.965312e+00
   endloop
 endfacet
 facet normal -4.411596e-01 -7.846018e-01 -4.356355e-01
   outer loop
     vertex -6.001287e+00 -1.067328e+01 -5.318655e+00
     vertex -6.158768e+00 -1.012766e+01 -6.141868e+00
     vertex -5.453274e+00 -1.052434e+01 -6.141868e+00
   endloop
 endfacet
 facet normal -4.707947e-01 -7.741889e-01 -4.230648e-01
   outer loop
     vertex -6.001287e+00 -1.067328e+01 -5.318655e+00
     vertex -6.715667e+00 -1.023886e+01 -5.318655e+00
     vertex -6.158768e+00 -1.012766e+01 -6.141868e+00
   endloop
 endfacet
 facet normal -8.228271e-01 -5.396923e-01 -1.780107e-01
   outer loop
     vertex -1.105906e+01 -7.253637e+00 -1.817825e+00
     vertex -1.116792e+01 -6.791364e+00 -2.716138e+00
     vertex -1.067843e+01 -7.537657e+00 -2.716138e+00
   endloop
 endfacet
 facet normal -8.431782e-01 -5.127480e-01 -1.616789e-01
   outer loop
     vertex -1.105906e+01 -7.253637e+00 -1.817825e+00
     vertex -1.152828e+01 -6.482030e+00 -1.817825e+00
     vertex -1.116792e+01 -6.791364e+00 -2.716138e+00
   endloop
 endfacet
 facet normal -1.359564e-01 -7.885303e-01 -5.997798e-01
   outer loop
     vertex -1.485108e+00 -1.080496e+01 -7.698682e+00
     vertex -2.219003e+00 -1.067843e+01 -7.698682e+00
     vertex -1.759549e+00 -1.020517e+01 -8.425024e+00
   endloop
 endfacet
 facet normal -1.080643e-01 -7.862264e-01 -6.084161e-01
   outer loop
     vertex -1.485108e+00 -1.080496e+01 -7.698682e+00
     vertex -1.759549e+00 -1.020517e+01 -8.425024e+00
     vertex -1.059022e+00 -1.030145e+01 -8.425024e+00
   endloop
 endfacet
 facet normal -5.349224e-01 -7.578124e-01 -3.736020e-01
   outer loop
     vertex -7.254167e+00 -1.027681e+01 -4.470643e+00
     vertex -7.398736e+00 -9.756696e+00 -5.318655e+00
     vertex -6.715667e+00 -1.023886e+01 -5.318655e+00
   endloop
 endfacet
 facet normal -5.637561e-01 -7.434238e-01 -3.598614e-01
   outer loop
     vertex -7.254167e+00 -1.027681e+01 -4.470643e+00
     vertex -7.938571e+00 -9.757815e+00 -4.470643e+00
     vertex -7.398736e+00 -9.756696e+00 -5.318655e+00
   endloop
 endfacet
 facet normal -9.003899e-01 -4.336049e-01 -3.584519e-02
   outer loop
     vertex -1.182563e+01 -6.127550e+00 -9.110362e-01
     vertex -1.187979e+01 -6.090412e+00  0.000000e+00
     vertex -1.216860e+01 -5.490683e+00  0.000000e+00
   endloop
 endfacet
 facet normal -8.777522e-01 -4.779984e-01 -3.268989e-02
   outer loop
     vertex -1.182563e+01 -6.127550e+00 -9.110362e-01
     vertex -1.156144e+01 -6.675000e+00  0.000000e+00
     vertex -1.187979e+01 -6.090412e+00  0.000000e+00
   endloop
 endfacet
 facet normal -8.824358e-01 -4.572414e-01 -1.106228e-01
   outer loop
     vertex -1.182563e+01 -6.127550e+00 -9.110362e-01
     vertex -1.194376e+01 -5.680201e+00 -1.817825e+00
     vertex -1.152828e+01 -6.482030e+00 -1.817825e+00
   endloop
 endfacet
 facet normal -9.023626e-01 -4.291448e-01 -3.970574e-02
   outer loop
     vertex -1.182563e+01 -6.127550e+00 -9.110362e-01
     vertex -1.216860e+01 -5.490683e+00  0.000000e+00
     vertex -1.221623e+01 -5.306256e+00 -9.110362e-01
   endloop
 endfacet
 facet normal -8.990910e-01 -4.275889e-01 -9.382464e-02
   outer loop
     vertex -1.182563e+01 -6.127550e+00 -9.110362e-01
     vertex -1.221623e+01 -5.306256e+00 -9.110362e-01
     vertex -1.194376e+01 -5.680201e+00 -1.817825e+00
   endloop
 endfacet
 facet normal -2.265012e-01 -8.083934e-01 -5.433206e-01
   outer loop
     vertex -2.700653e+00 -1.108218e+01 -6.936446e+00
     vertex -3.450632e+00 -1.087204e+01 -6.936446e+00
     vertex -2.942551e+00 -1.050210e+01 -7.698682e+00
   endloop
 endfacet
 facet normal -1.972204e-01 -8.092973e-01 -5.533009e-01
   outer loop
     vertex -2.700653e+00 -1.108218e+01 -6.936446e+00
     vertex -2.942551e+00 -1.050210e+01 -7.698682e+00
     vertex -2.219003e+00 -1.067843e+01 -7.698682e+00
   endloop
 endfacet
 facet normal -6.248712e-01 -7.166326e-01 -3.097963e-01
   outer loop
     vertex -8.448318e+00 -9.688940e+00 -3.601787e+00
     vertex -8.585961e+00 -9.193320e+00 -4.470643e+00
     vertex -7.938571e+00 -9.757815e+00 -4.470643e+00
   endloop
 endfacet
 facet normal -6.521739e-01 -6.983077e-01 -2.950180e-01
   outer loop
     vertex -8.448318e+00 -9.688940e+00 -3.601787e+00
     vertex -9.089819e+00 -9.089819e+00 -3.601787e+00
     vertex -8.585961e+00 -9.193320e+00 -4.470643e+00
   endloop
 endfacet
 facet normal -2.908556e-01 -8.183891e-01 -4.956231e-01
   outer loop
     vertex -3.969418e+00 -1.116887e+01 -6.141868e+00
     vertex -4.184522e+00 -1.061122e+01 -6.936446e+00
     vertex -3.450632e+00 -1.087204e+01 -6.936446e+00
   endloop
 endfacet
 facet normal -3.209577e-01 -8.138930e-01 -4.843184e-01
   outer loop
     vertex -3.969418e+00 -1.116887e+01 -6.141868e+00
     vertex -4.722355e+00 -1.087195e+01 -6.141868e+00
     vertex -4.184522e+00 -1.061122e+01 -6.936446e+00
   endloop
 endfacet
 facet normal -7.086542e-01 -6.618368e-01 -2.445019e-01
   outer loop
     vertex -9.552591e+00 -8.921497e+00 -2.716138e+00
     vertex -9.688940e+00 -8.448318e+00 -3.601787e+00
     vertex -9.089819e+00 -9.089819e+00 -3.601787e+00
   endloop
 endfacet
 facet normal -7.337107e-01 -6.397625e-01 -2.288506e-01
   outer loop
     vertex -9.552591e+00 -8.921497e+00 -2.716138e+00
     vertex -1.013915e+01 -8.248807e+00 -2.716138e+00
     vertex -9.688940e+00 -8.448318e+00 -3.601787e+00
   endloop
 endfacet
 facet normal -4.168647e-01 -8.045123e-01 -4.230648e-01
   outer loop
     vertex -5.258926e+00 -1.105794e+01 -5.318655e+00
     vertex -6.001287e+00 -1.067328e+01 -5.318655e+00
     vertex -5.453274e+00 -1.052434e+01 -6.141868e+00
   endloop
 endfacet
 facet normal -3.865880e-01 -8.128785e-01 -4.356355e-01
   outer loop
     vertex -5.258926e+00 -1.105794e+01 -5.318655e+00
     vertex -5.453274e+00 -1.052434e+01 -6.141868e+00
     vertex -4.722355e+00 -1.087195e+01 -6.141868e+00
   endloop
 endfacet
 facet normal -7.840790e-01 -5.945859e-01 -1.780107e-01
   outer loop
     vertex -1.053827e+01 -7.991423e+00 -1.817825e+00
     vertex -1.067843e+01 -7.537657e+00 -2.716138e+00
     vertex -1.013915e+01 -8.248807e+00 -2.716138e+00
   endloop
 endfacet
 facet normal -8.062214e-01 -5.690932e-01 -1.616789e-01
   outer loop
     vertex -1.053827e+01 -7.991423e+00 -1.817825e+00
     vertex -1.105906e+01 -7.253637e+00 -1.817825e+00
     vertex -1.067843e+01 -7.537657e+00 -2.716138e+00
   endloop
 endfacet
 facet normal -8.182820e-02 -7.959700e-01 -5.997798e-01
   outer loop
     vertex -7.442892e-01 -1.088112e+01 -7.698682e+00
     vertex -1.485108e+00 -1.080496e+01 -7.698682e+00
     vertex -1.059022e+00 -1.030145e+01 -8.425024e+00
   endloop
 endfacet
 facet normal -3.602498e-02 -7.972020e-01 -6.026368e-01
   outer loop
     vertex -7.442892e-01 -1.088112e+01 -7.698682e+00
     vertex -3.535567e-01 -1.034971e+01 -8.425024e+00
     vertex  0.000000e+00 -1.072282e+01 -7.952586e+00
   endloop
 endfacet
 facet normal -2.253186e-02 -8.173772e-01 -5.756620e-01
   outer loop
     vertex -7.442892e-01 -1.088112e+01 -7.698682e+00
     vertex  0.000000e+00 -1.072282e+01 -7.952586e+00
     vertex  0.000000e+00 -1.110012e+01 -7.416863e+00
   endloop
 endfacet
 facet normal -5.415842e-02 -7.917681e-01 -6.084161e-01
   outer loop
     vertex -7.442892e-01 -1.088112e+01 -7.698682e+00
     vertex -1.059022e+00 -1.030145e+01 -8.425024e+00
     vertex -3.535567e-01 -1.034971e+01 -8.425024e+00
   endloop
 endfacet
 facet normal -5.117088e-01 -7.801628e-01 -3.598614e-01
   outer loop
     vertex -6.535942e+00 -1.074790e+01 -4.470643e+00
     vertex -7.254167e+00 -1.027681e+01 -4.470643e+00
     vertex -6.715667e+00 -1.023886e+01 -5.318655e+00
   endloop
 endfacet
 facet normal -4.819604e-01 -7.925501e-01 -3.736020e-01
   outer loop
     vertex -6.535942e+00 -1.074790e+01 -4.470643e+00
     vertex -6.715667e+00 -1.023886e+01 -5.318655e+00
     vertex -6.001287e+00 -1.067328e+01 -5.318655e+00
   endloop
 endfacet
 facet normal -8.529163e-01 -5.212063e-01 -2.962776e-02
   outer loop
     vertex -1.137991e+01 -6.920275e+00 -9.110362e-01
     vertex -1.121435e+01 -7.242993e+00  0.000000e+00
     vertex -1.156144e+01 -6.675000e+00  0.000000e+00
   endloop
 endfacet
 facet normal -8.709023e-01 -4.896839e-01 -4.169828e-02
   outer loop
     vertex -1.137991e+01 -6.920275e+00 -9.110362e-01
     vertex -1.156144e+01 -6.675000e+00  0.000000e+00
     vertex -1.182563e+01 -6.127550e+00 -9.110362e-01
   endloop
 endfacet
 facet normal -8.491754e-01 -5.163950e-01 -1.106228e-01
   outer loop
     vertex -1.137991e+01 -6.920275e+00 -9.110362e-01
     vertex -1.152828e+01 -6.482030e+00 -1.817825e+00
     vertex -1.105906e+01 -7.253637e+00 -1.817825e+00
   endloop
 endfacet
 facet normal -8.678153e-01 -4.879482e-01 -9.382464e-02
   outer loop
     vertex -1.137991e+01 -6.920275e+00 -9.110362e-01
     vertex -1.182563e+01 -6.127550e+00 -9.110362e-01
     vertex -1.152828e+01 -6.482030e+00 -1.817825e+00
   endloop
 endfacet
 facet normal -1.415322e-01 -8.208695e-01 -5.533009e-01
   outer loop
     vertex -1.938083e+00 -1.124064e+01 -6.936446e+00
     vertex -2.219003e+00 -1.067843e+01 -7.698682e+00
     vertex -1.485108e+00 -1.080496e+01 -7.698682e+00
   endloop
 endfacet
 facet normal -1.708065e-01 -8.219658e-01 -5.433206e-01
   outer loop
     vertex -1.938083e+00 -1.124064e+01 -6.936446e+00
     vertex -2.700653e+00 -1.108218e+01 -6.936446e+00
     vertex -2.219003e+00 -1.067843e+01 -7.698682e+00
   endloop
 endfacet
 facet normal -6.029993e-01 -7.411857e-01 -2.950180e-01
   outer loop
     vertex -7.767426e+00 -1.024289e+01 -3.601787e+00
     vertex -8.448318e+00 -9.688940e+00 -3.601787e+00
     vertex -7.938571e+00 -9.757815e+00 -4.470643e+00
   endloop
 endfacet
 facet normal -5.745097e-01 -7.576046e-01 -3.097963e-01
   outer loop
     vertex -7.767426e+00 -1.024289e+01 -3.601787e+00
     vertex -7.938571e+00 -9.757815e+00 -4.470643e+00
     vertex -7.254167e+00 -1.027681e+01 -4.470643e+00
   endloop
 endfacet
 facet normal -2.646675e-01 -8.338985e-01 -4.843184e-01
   outer loop
     vertex -3.197973e+00 -1.141372e+01 -6.141868e+00
     vertex -3.969418e+00 -1.116887e+01 -6.141868e+00
     vertex -3.450632e+00 -1.087204e+01 -6.936446e+00
   endloop
 endfacet
 facet normal -2.343287e-01 -8.363300e-01 -4.956231e-01
   outer loop
     vertex -3.197973e+00 -1.141372e+01 -6.141868e+00
     vertex -3.450632e+00 -1.087204e+01 -6.936446e+00
     vertex -2.700653e+00 -1.108218e+01 -6.936446e+00
   endloop
 endfacet
 facet normal -6.618368e-01 -7.086542e-01 -2.445019e-01
   outer loop
     vertex -8.921497e+00 -9.552591e+00 -2.716138e+00
     vertex -9.089819e+00 -9.089819e+00 -3.601787e+00
     vertex -8.448318e+00 -9.688940e+00 -3.601787e+00
   endloop
 endfacet
 facet normal -6.883413e-01 -6.883413e-01 -2.288506e-01
   outer loop
     vertex -8.921497e+00 -9.552591e+00 -2.716138e+00
     vertex -9.552591e+00 -8.921497e+00 -2.716138e+00
     vertex -9.089819e+00 -9.089819e+00 -3.601787e+00
   endloop
 endfacet
 facet normal -3.609910e-01 -8.310847e-01 -4.230648e-01
   outer loop
     vertex -4.492046e+00 -1.139105e+01 -5.318655e+00
     vertex -5.258926e+00 -1.105794e+01 -5.318655e+00
     vertex -4.722355e+00 -1.087195e+01 -6.141868e+00
   endloop
 endfacet
 facet normal -3.302140e-01 -8.373652e-01 -4.356355e-01
   outer loop
     vertex -4.492046e+00 -1.139105e+01 -5.318655e+00
     vertex -4.722355e+00 -1.087195e+01 -6.141868e+00
     vertex -3.969418e+00 -1.116887e+01 -6.141868e+00
   endloop
 endfacet
 facet normal -7.416751e-01 -6.467072e-01 -1.780107e-01
   outer loop
     vertex -9.968350e+00 -8.691951e+00 -1.817825e+00
     vertex -1.013915e+01 -8.248807e+00 -2.716138e+00
     vertex -9.552591e+00 -8.921497e+00 -2.716138e+00
   endloop
 endfacet
 facet normal -7.655056e-01 -6.227850e-01 -1.616789e-01
   outer loop
     vertex -9.968350e+00 -8.691951e+00 -1.817825e+00
     vertex -1.053827e+01 -7.991423e+00 -1.817825e+00
     vertex -1.013915e+01 -8.248807e+00 -2.716138e+00
   endloop
 endfacet
 facet normal -4.572757e-01 -8.132643e-01 -3.598614e-01
   outer loop
     vertex -5.787242e+00 -1.116887e+01 -4.470643e+00
     vertex -6.535942e+00 -1.074790e+01 -4.470643e+00
     vertex -6.001287e+00 -1.067328e+01 -5.318655e+00
   endloop
 endfacet
 facet normal -4.267513e-01 -8.235927e-01 -3.736020e-01
   outer loop
     vertex -5.787242e+00 -1.116887e+01 -4.470643e+00
     vertex -6.001287e+00 -1.067328e+01 -5.318655e+00
     vertex -5.258926e+00 -1.105794e+01 -5.318655e+00
   endloop
 endfacet
 facet normal -8.258281e-01 -5.630401e-01 -3.152349e-02
   outer loop
     vertex -1.088112e+01 -7.680735e+00 -9.110362e-01
     vertex -1.083937e+01 -7.792978e+00  0.000000e+00
     vertex -1.121435e+01 -7.242993e+00  0.000000e+00
   endloop
 endfacet
 facet normal -7.965618e-01 -6.033721e-01 -3.783374e-02
   outer loop
     vertex -1.088112e+01 -7.680735e+00 -9.110362e-01
     vertex -1.043745e+01 -8.323589e+00  0.000000e+00
     vertex -1.083937e+01 -7.792978e+00  0.000000e+00
   endloop
 endfacet
 facet normal -8.119557e-01 -5.731409e-01 -1.106228e-01
   outer loop
     vertex -1.088112e+01 -7.680735e+00 -9.110362e-01
     vertex -1.105906e+01 -7.253637e+00 -1.817825e+00
     vertex -1.053827e+01 -7.991423e+00 -1.817825e+00
   endloop
 endfacet
 facet normal -8.324935e-01 -5.460325e-01 -9.382464e-02
   outer loop
     vertex -1.088112e+01 -7.680735e+00 -9.110362e-01
     vertex -1.137991e+01 -6.920275e+00 -9.110362e-01
     vertex -1.105906e+01 -7.253637e+00 -1.817825e+00
   endloop
 endfacet
 facet normal -8.354343e-01 -5.479614e-01 -4.228223e-02
   outer loop
     vertex -1.088112e+01 -7.680735e+00 -9.110362e-01
     vertex -1.121435e+01 -7.242993e+00  0.000000e+00
     vertex -1.137991e+01 -6.920275e+00 -9.110362e-01
   endloop
 endfacet
 facet normal -1.143153e-01 -8.317059e-01 -5.433206e-01
   outer loop
     vertex -1.166476e+00 -1.134670e+01 -6.936446e+00
     vertex -1.938083e+00 -1.124064e+01 -6.936446e+00
     vertex -1.485108e+00 -1.080496e+01 -7.698682e+00
   endloop
 endfacet
 facet normal -8.518414e-02 -8.286143e-01 -5.533009e-01
   outer loop
     vertex -1.166476e+00 -1.134670e+01 -6.936446e+00
     vertex -1.485108e+00 -1.080496e+01 -7.698682e+00
     vertex -7.442892e-01 -1.088112e+01 -7.698682e+00
   endloop
 endfacet
 facet normal -5.510133e-01 -7.806079e-01 -2.950180e-01
   outer loop
     vertex -7.050319e+00 -1.074908e+01 -3.601787e+00
     vertex -7.767426e+00 -1.024289e+01 -3.601787e+00
     vertex -7.254167e+00 -1.027681e+01 -4.470643e+00
   endloop
 endfacet
 facet normal -5.214697e-01 -7.950444e-01 -3.097963e-01
   outer loop
     vertex -7.050319e+00 -1.074908e+01 -3.601787e+00
     vertex -7.254167e+00 -1.027681e+01 -4.470643e+00
     vertex -6.535942e+00 -1.074790e+01 -4.470643e+00
   endloop
 endfacet
 facet normal -2.071432e-01 -8.500161e-01 -4.843184e-01
   outer loop
     vertex -2.411619e+00 -1.160535e+01 -6.141868e+00
     vertex -3.197973e+00 -1.141372e+01 -6.141868e+00
     vertex -2.700653e+00 -1.108218e+01 -6.936446e+00
   endloop
 endfacet
 facet normal -1.767092e-01 -8.503715e-01 -4.956231e-01
   outer loop
     vertex -2.411619e+00 -1.160535e+01 -6.141868e+00
     vertex -2.700653e+00 -1.108218e+01 -6.936446e+00
     vertex -1.938083e+00 -1.124064e+01 -6.936446e+00
   endloop
 endfacet
 facet normal -6.119337e-01 -7.521675e-01 -2.445019e-01
   outer loop
     vertex -8.248807e+00 -1.013915e+01 -2.716138e+00
     vertex -8.448318e+00 -9.688940e+00 -3.601787e+00
     vertex -7.767426e+00 -1.024289e+01 -3.601787e+00
   endloop
 endfacet
 facet normal -6.397625e-01 -7.337107e-01 -2.288506e-01
   outer loop
     vertex -8.248807e+00 -1.013915e+01 -2.716138e+00
     vertex -8.921497e+00 -9.552591e+00 -2.716138e+00
     vertex -8.448318e+00 -9.688940e+00 -3.601787e+00
   endloop
 endfacet
 facet normal -3.034342e-01 -8.537821e-01 -4.230648e-01
   outer loop
     vertex -3.704221e+00 -1.167104e+01 -5.318655e+00
     vertex -4.492046e+00 -1.139105e+01 -5.318655e+00
     vertex -3.969418e+00 -1.116887e+01 -6.141868e+00
   endloop
 endfacet
 facet normal -2.723004e-01 -8.579477e-01 -4.356355e-01
   outer loop
     vertex -3.704221e+00 -1.167104e+01 -5.318655e+00
     vertex -3.969418e+00 -1.116887e+01 -6.141868e+00
     vertex -3.197973e+00 -1.141372e+01 -6.141868e+00
   endloop
 endfacet
 facet normal -6.958133e-01 -6.958133e-01 -1.780107e-01
   outer loop
     vertex -9.351952e+00 -9.351952e+00 -1.817825e+00
     vertex -9.552591e+00 -8.921497e+00 -2.716138e+00
     vertex -8.921497e+00 -9.552591e+00 -2.716138e+00
   endloop
 endfacet
 facet normal -7.212207e-01 -6.735731e-01 -1.616789e-01
   outer loop
     vertex -9.351952e+00 -9.351952e+00 -1.817825e+00
     vertex -9.968350e+00 -8.691951e+00 -1.817825e+00
     vertex -9.552591e+00 -8.921497e+00 -2.716138e+00
   endloop
 endfacet
 facet normal -3.695525e-01 -8.507952e-01 -3.736020e-01
   outer loop
     vertex -5.011560e+00 -1.153777e+01 -4.470643e+00
     vertex -5.258926e+00 -1.105794e+01 -5.318655e+00
     vertex -4.492046e+00 -1.139105e+01 -5.318655e+00
   endloop
 endfacet
 facet normal -4.007105e-01 -8.425740e-01 -3.598614e-01
   outer loop
     vertex -5.011560e+00 -1.153777e+01 -4.470643e+00
     vertex -5.787242e+00 -1.116887e+01 -4.470643e+00
     vertex -5.258926e+00 -1.105794e+01 -5.318655e+00
   endloop
 endfacet
 facet normal -7.656697e-01 -6.424732e-01 -3.127476e-02
   outer loop
     vertex -1.033160e+01 -8.405383e+00 -9.110362e-01
     vertex -1.000958e+01 -8.833506e+00  0.000000e+00
     vertex -1.043745e+01 -8.323589e+00  0.000000e+00
   endloop
 endfacet
 facet normal -7.962206e-01 -6.037931e-01 -3.829699e-02
   outer loop
     vertex -1.033160e+01 -8.405383e+00 -9.110362e-01
     vertex -1.043745e+01 -8.323589e+00  0.000000e+00
     vertex -1.088112e+01 -7.680735e+00 -9.110362e-01
   endloop
 endfacet
 facet normal -7.932902e-01 -6.015709e-01 -9.382464e-02
   outer loop
     vertex -1.033160e+01 -8.405383e+00 -9.110362e-01
     vertex -1.088112e+01 -7.680735e+00 -9.110362e-01
     vertex -1.053827e+01 -7.991423e+00 -1.817825e+00
   endloop
 endfacet
 facet normal -7.709503e-01 -6.272146e-01 -1.106228e-01
   outer loop
     vertex -1.033160e+01 -8.405383e+00 -9.110362e-01
     vertex -1.053827e+01 -7.991423e+00 -1.817825e+00
     vertex -9.968350e+00 -8.691951e+00 -1.817825e+00
   endloop
 endfacet
 facet normal -3.701753e-02 -8.340868e-01 -5.503898e-01
   outer loop
     vertex -3.894305e-01 -1.139985e+01 -6.936446e+00
     vertex -7.442892e-01 -1.088112e+01 -7.698682e+00
     vertex  0.000000e+00 -1.110012e+01 -7.416863e+00
   endloop
 endfacet
 facet normal -5.729123e-02 -8.375681e-01 -5.433206e-01
   outer loop
     vertex -3.894305e-01 -1.139985e+01 -6.936446e+00
     vertex -1.166476e+00 -1.134670e+01 -6.936446e+00
     vertex -7.442892e-01 -1.088112e+01 -7.698682e+00
   endloop
 endfacet
 facet normal -2.094157e-02 -8.698962e-01 -4.927901e-01
   outer loop
     vertex -3.894305e-01 -1.139985e+01 -6.936446e+00
     vertex  0.000000e+00 -1.145068e+01 -6.863272e+00
     vertex  0.000000e+00 -1.177365e+01 -6.293146e+00
   endloop
 endfacet
 facet normal -9.741797e-03 -8.448135e-01 -5.349722e-01
   outer loop
     vertex -3.894305e-01 -1.139985e+01 -6.936446e+00
     vertex  0.000000e+00 -1.110012e+01 -7.416863e+00
     vertex  0.000000e+00 -1.145068e+01 -6.863272e+00
   endloop
 endfacet
 facet normal -4.964581e-01 -8.163906e-01 -2.950180e-01
   outer loop
     vertex -6.300340e+00 -1.120515e+01 -3.601787e+00
     vertex -7.050319e+00 -1.074908e+01 -3.601787e+00
     vertex -6.535942e+00 -1.074790e+01 -4.470643e+00
   endloop
 endfacet
 facet normal -4.659982e-01 -8.287773e-01 -3.097963e-01
   outer loop
     vertex -6.300340e+00 -1.120515e+01 -3.601787e+00
     vertex -6.535942e+00 -1.074790e+01 -4.470643e+00
     vertex -5.787242e+00 -1.116887e+01 -4.470643e+00
   endloop
 endfacet
 facet normal -1.182659e-01 -8.604481e-01 -4.956231e-01
   outer loop
     vertex -1.614020e+00 -1.174287e+01 -6.141868e+00
     vertex -1.938083e+00 -1.124064e+01 -6.936446e+00
     vertex -1.166476e+00 -1.134670e+01 -6.936446e+00
   endloop
 endfacet
 facet normal -1.486532e-01 -8.621704e-01 -4.843184e-01
   outer loop
     vertex -1.614020e+00 -1.174287e+01 -6.141868e+00
     vertex -2.411619e+00 -1.160535e+01 -6.141868e+00
     vertex -1.938083e+00 -1.124064e+01 -6.936446e+00
   endloop
 endfacet
 facet normal -5.882009e-01 -7.756591e-01 -2.288506e-01
   outer loop
     vertex -7.537657e+00 -1.067843e+01 -2.716138e+00
     vertex -8.248807e+00 -1.013915e+01 -2.716138e+00
     vertex -7.767426e+00 -1.024289e+01 -3.601787e+00
   endloop
 endfacet
 facet normal -5.591774e-01 -7.921739e-01 -2.445019e-01
   outer loop
     vertex -7.537657e+00 -1.067843e+01 -2.716138e+00
     vertex -7.767426e+00 -1.024289e+01 -3.601787e+00
     vertex -7.050319e+00 -1.074908e+01 -3.601787e+00
   endloop
 endfacet
 facet normal -2.131171e-01 -8.745300e-01 -4.356355e-01
   outer loop
     vertex -2.899126e+00 -1.189662e+01 -5.318655e+00
     vertex -3.197973e+00 -1.141372e+01 -6.141868e+00
     vertex -2.411619e+00 -1.160535e+01 -6.141868e+00
   endloop
 endfacet
 facet normal -2.444627e-01 -8.724988e-01 -4.230648e-01
   outer loop
     vertex -2.899126e+00 -1.189662e+01 -5.318655e+00
     vertex -3.704221e+00 -1.167104e+01 -5.318655e+00
     vertex -3.197973e+00 -1.141372e+01 -6.141868e+00
   endloop
 endfacet
 facet normal -6.467072e-01 -7.416751e-01 -1.780107e-01
   outer loop
     vertex -8.691951e+00 -9.968350e+00 -1.817825e+00
     vertex -8.921497e+00 -9.552591e+00 -2.716138e+00
     vertex -8.248807e+00 -1.013915e+01 -2.716138e+00
   endloop
 endfacet
 facet normal -6.735731e-01 -7.212207e-01 -1.616789e-01
   outer loop
     vertex -8.691951e+00 -9.968350e+00 -1.817825e+00
     vertex -9.351952e+00 -9.351952e+00 -1.817825e+00
     vertex -8.921497e+00 -9.552591e+00 -2.716138e+00
   endloop
 endfacet
 facet normal -3.422771e-01 -8.679552e-01 -3.598614e-01
   outer loop
     vertex -4.212512e+00 -1.185287e+01 -4.470643e+00
     vertex -5.011560e+00 -1.153777e+01 -4.470643e+00
     vertex -4.492046e+00 -1.139105e+01 -5.318655e+00
   endloop
 endfacet
 facet normal -3.106307e-01 -8.740310e-01 -3.736020e-01
   outer loop
     vertex -4.212512e+00 -1.185287e+01 -4.470643e+00
     vertex -4.492046e+00 -1.139105e+01 -5.318655e+00
     vertex -3.704221e+00 -1.167104e+01 -5.318655e+00
   endloop
 endfacet
 facet normal -7.327291e-01 -6.798733e-01 -2.967065e-02
   outer loop
     vertex -9.733915e+00 -9.090842e+00 -9.110362e-01
     vertex -9.556822e+00 -9.321462e+00  0.000000e+00
     vertex -1.000958e+01 -8.833506e+00  0.000000e+00
   endloop
 endfacet
 facet normal -7.263504e-01 -6.783639e-01 -1.106228e-01
   outer loop
     vertex -9.733915e+00 -9.090842e+00 -9.110362e-01
     vertex -9.968350e+00 -8.691951e+00 -1.817825e+00
     vertex -9.351952e+00 -9.351952e+00 -1.817825e+00
   endloop
 endfacet
 facet normal -7.503882e-01 -6.543046e-01 -9.382464e-02
   outer loop
     vertex -9.733915e+00 -9.090842e+00 -9.110362e-01
     vertex -1.033160e+01 -8.405383e+00 -9.110362e-01
     vertex -9.968350e+00 -8.691951e+00 -1.817825e+00
   endloop
 endfacet
 facet normal -7.530357e-01 -6.566131e-01 -4.238527e-02
   outer loop
     vertex -9.733915e+00 -9.090842e+00 -9.110362e-01
     vertex -1.000958e+01 -8.833506e+00  0.000000e+00
     vertex -1.033160e+01 -8.405383e+00 -9.110362e-01
   endloop
 endfacet
 facet normal -4.083541e-01 -8.586461e-01 -3.097963e-01
   outer loop
     vertex -5.520986e+00 -1.160898e+01 -3.601787e+00
     vertex -5.787242e+00 -1.116887e+01 -4.470643e+00
     vertex -5.011560e+00 -1.153777e+01 -4.470643e+00
   endloop
 endfacet
 facet normal -4.395883e-01 -8.483669e-01 -2.950180e-01
   outer loop
     vertex -5.520986e+00 -1.160898e+01 -3.601787e+00
     vertex -6.300340e+00 -1.120515e+01 -3.601787e+00
     vertex -5.787242e+00 -1.116887e+01 -4.470643e+00
   endloop
 endfacet
 facet normal -2.667028e-02 -8.929066e-01 -4.494514e-01
   outer loop
     vertex -8.088956e-01 -1.182563e+01 -6.141868e+00
     vertex  0.000000e+00 -1.177365e+01 -6.293146e+00
     vertex  0.000000e+00 -1.206826e+01 -5.707860e+00
   endloop
 endfacet
 facet normal -8.947006e-02 -8.703050e-01 -4.843184e-01
   outer loop
     vertex -8.088956e-01 -1.182563e+01 -6.141868e+00
     vertex -1.614020e+00 -1.174287e+01 -6.141868e+00
     vertex -1.166476e+00 -1.134670e+01 -6.936446e+00
   endloop
 endfacet
 facet normal -5.927111e-02 -8.665130e-01 -4.956231e-01
   outer loop
     vertex -8.088956e-01 -1.182563e+01 -6.141868e+00
     vertex -1.166476e+00 -1.134670e+01 -6.936446e+00
     vertex -3.894305e-01 -1.139985e+01 -6.936446e+00
   endloop
 endfacet
 facet normal -3.482555e-02 -8.731206e-01 -4.862588e-01
   outer loop
     vertex -8.088956e-01 -1.182563e+01 -6.141868e+00
     vertex -3.894305e-01 -1.139985e+01 -6.936446e+00
     vertex  0.000000e+00 -1.177365e+01 -6.293146e+00
   endloop
 endfacet
 facet normal -5.038140e-01 -8.284868e-01 -2.445019e-01
   outer loop
     vertex -6.791364e+00 -1.116792e+01 -2.716138e+00
     vertex -7.050319e+00 -1.074908e+01 -3.601787e+00
     vertex -6.300340e+00 -1.120515e+01 -3.601787e+00
   endloop
 endfacet
 facet normal -5.338968e-01 -8.139912e-01 -2.288506e-01
   outer loop
     vertex -6.791364e+00 -1.116792e+01 -2.716138e+00
     vertex -7.537657e+00 -1.067843e+01 -2.716138e+00
     vertex -7.050319e+00 -1.074908e+01 -3.601787e+00
   endloop
 endfacet
 facet normal -1.529403e-01 -8.870349e-01 -4.356355e-01
   outer loop
     vertex -2.080514e+00 -1.206673e+01 -5.318655e+00
     vertex -2.411619e+00 -1.160535e+01 -6.141868e+00
     vertex -1.614020e+00 -1.174287e+01 -6.141868e+00
   endloop
 endfacet
 facet normal -1.843514e-01 -8.871475e-01 -4.230648e-01
   outer loop
     vertex -2.080514e+00 -1.206673e+01 -5.318655e+00
     vertex -2.899126e+00 -1.189662e+01 -5.318655e+00
     vertex -2.411619e+00 -1.160535e+01 -6.141868e+00
   endloop
 endfacet
 facet normal -5.945859e-01 -7.840790e-01 -1.780107e-01
   outer loop
     vertex -7.991423e+00 -1.053827e+01 -1.817825e+00
     vertex -8.248807e+00 -1.013915e+01 -2.716138e+00
     vertex -7.537657e+00 -1.067843e+01 -2.716138e+00
   endloop
 endfacet
 facet normal -6.227850e-01 -7.655056e-01 -1.616789e-01
   outer loop
     vertex -7.991423e+00 -1.053827e+01 -1.817825e+00
     vertex -8.691951e+00 -9.968350e+00 -1.817825e+00
     vertex -8.248807e+00 -1.013915e+01 -2.716138e+00
   endloop
 endfacet
 facet normal -2.502605e-01 -8.931916e-01 -3.736020e-01
   outer loop
     vertex -3.393823e+00 -1.211271e+01 -4.470643e+00
     vertex -3.704221e+00 -1.167104e+01 -5.318655e+00
     vertex -2.899126e+00 -1.189662e+01 -5.318655e+00
   endloop
 endfacet
 facet normal -2.822478e-01 -8.892896e-01 -3.598614e-01
   outer loop
     vertex -3.393823e+00 -1.211271e+01 -4.470643e+00
     vertex -4.212512e+00 -1.185287e+01 -4.470643e+00
     vertex -3.704221e+00 -1.167104e+01 -5.318655e+00
   endloop
 endfacet
 facet normal -6.978560e-01 -7.154764e-01 -3.302435e-02
   outer loop
     vertex -9.090842e+00 -9.733915e+00 -9.110362e-01
     vertex -9.080306e+00 -9.786242e+00  0.000000e+00
     vertex -9.556822e+00 -9.321462e+00  0.000000e+00
   endloop
 endfacet
 facet normal -6.612713e-01 -7.493115e-01 -3.539084e-02
   outer loop
     vertex -9.090842e+00 -9.733915e+00 -9.110362e-01
     vertex -8.581215e+00 -1.022669e+01  0.000000e+00
     vertex -9.080306e+00 -9.786242e+00  0.000000e+00
   endloop
 endfacet
 facet normal -7.064973e-01 -7.064973e-01 -4.150935e-02
   outer loop
     vertex -9.090842e+00 -9.733915e+00 -9.110362e-01
     vertex -9.556822e+00 -9.321462e+00  0.000000e+00
     vertex -9.733915e+00 -9.090842e+00 -9.110362e-01
   endloop
 endfacet
 facet normal -6.783639e-01 -7.263504e-01 -1.106228e-01
   outer loop
     vertex -9.090842e+00 -9.733915e+00 -9.110362e-01
     vertex -9.351952e+00 -9.351952e+00 -1.817825e+00
     vertex -8.691951e+00 -9.968350e+00 -1.817825e+00
   endloop
 endfacet
 facet normal -7.039875e-01 -7.039875e-01 -9.382464e-02
   outer loop
     vertex -9.090842e+00 -9.733915e+00 -9.110362e-01
     vertex -9.733915e+00 -9.090842e+00 -9.110362e-01
     vertex -9.351952e+00 -9.351952e+00 -1.817825e+00
   endloop
 endfacet
 facet normal -3.488061e-01 -8.845115e-01 -3.097963e-01
   outer loop
     vertex -4.715891e+00 -1.195868e+01 -3.601787e+00
     vertex -5.011560e+00 -1.153777e+01 -4.470643e+00
     vertex -4.212512e+00 -1.185287e+01 -4.470643e+00
   endloop
 endfacet
 facet normal -3.806689e-01 -8.763878e-01 -2.950180e-01
   outer loop
     vertex -4.715891e+00 -1.195868e+01 -3.601787e+00
     vertex -5.520986e+00 -1.160898e+01 -3.601787e+00
     vertex -5.011560e+00 -1.153777e+01 -4.470643e+00
   endloop
 endfacet
 facet normal -4.461015e-01 -8.609369e-01 -2.445019e-01
   outer loop
     vertex -6.013405e+00 -1.160535e+01 -2.716138e+00
     vertex -6.300340e+00 -1.120515e+01 -3.601787e+00
     vertex -5.520986e+00 -1.160898e+01 -3.601787e+00
   endloop
 endfacet
 facet normal -4.771035e-01 -8.485280e-01 -2.288506e-01
   outer loop
     vertex -6.013405e+00 -1.160535e+01 -2.716138e+00
     vertex -6.791364e+00 -1.116792e+01 -2.716138e+00
     vertex -6.300340e+00 -1.120515e+01 -3.601787e+00
   endloop
 endfacet
 facet normal -1.233805e-01 -8.976600e-01 -4.230648e-01
   outer loop
     vertex -1.252201e+00 -1.218057e+01 -5.318655e+00
     vertex -2.080514e+00 -1.206673e+01 -5.318655e+00
     vertex -1.614020e+00 -1.174287e+01 -6.141868e+00
   endloop
 endfacet
 facet normal -9.205033e-02 -8.954041e-01 -4.356355e-01
   outer loop
     vertex -1.252201e+00 -1.218057e+01 -5.318655e+00
     vertex -1.614020e+00 -1.174287e+01 -6.141868e+00
     vertex -8.088956e-01 -1.182563e+01 -6.141868e+00
   endloop
 endfacet
 facet normal -5.396923e-01 -8.228271e-01 -1.780107e-01
   outer loop
     vertex -7.253637e+00 -1.105906e+01 -1.817825e+00
     vertex -7.537657e+00 -1.067843e+01 -2.716138e+00
     vertex -6.791364e+00 -1.116792e+01 -2.716138e+00
   endloop
 endfacet
 facet normal -5.690932e-01 -8.062214e-01 -1.616789e-01
   outer loop
     vertex -7.253637e+00 -1.105906e+01 -1.817825e+00
     vertex -7.991423e+00 -1.053827e+01 -1.817825e+00
     vertex -7.537657e+00 -1.067843e+01 -2.716138e+00
   endloop
 endfacet
 facet normal -1.887236e-01 -9.081877e-01 -3.736020e-01
   outer loop
     vertex -2.559310e+00 -1.231608e+01 -4.470643e+00
     vertex -2.899126e+00 -1.189662e+01 -5.318655e+00
     vertex -2.080514e+00 -1.206673e+01 -5.318655e+00
   endloop
 endfacet
 facet normal -2.209026e-01 -9.064777e-01 -3.598614e-01
   outer loop
     vertex -2.559310e+00 -1.231608e+01 -4.470643e+00
     vertex -3.393823e+00 -1.211271e+01 -4.470643e+00
     vertex -2.899126e+00 -1.189662e+01 -5.318655e+00
   endloop
 endfacet
 facet normal -6.272146e-01 -7.709503e-01 -1.106228e-01
   outer loop
     vertex -8.405383e+00 -1.033160e+01 -9.110362e-01
     vertex -8.691951e+00 -9.968350e+00 -1.817825e+00
     vertex -7.991423e+00 -1.053827e+01 -1.817825e+00
   endloop
 endfacet
 facet normal -6.232037e-01 -7.814728e-01 -3.028831e-02
   outer loop
     vertex -8.405383e+00 -1.033160e+01 -9.110362e-01
     vertex -8.060789e+00 -1.064172e+01  0.000000e+00
     vertex -8.581215e+00 -1.022669e+01  0.000000e+00
   endloop
 endfacet
 facet normal -6.543046e-01 -7.503882e-01 -9.382464e-02
   outer loop
     vertex -8.405383e+00 -1.033160e+01 -9.110362e-01
     vertex -9.090842e+00 -9.733915e+00 -9.110362e-01
     vertex -8.691951e+00 -9.968350e+00 -1.817825e+00
   endloop
 endfacet
 facet normal -6.566773e-01 -7.531094e-01 -4.001495e-02
   outer loop
     vertex -8.405383e+00 -1.033160e+01 -9.110362e-01
     vertex -8.581215e+00 -1.022669e+01  0.000000e+00
     vertex -9.090842e+00 -9.733915e+00 -9.110362e-01
   endloop
 endfacet
 facet normal -2.876317e-01 -9.062528e-01 -3.097963e-01
   outer loop
     vertex -3.888808e+00 -1.225262e+01 -3.601787e+00
     vertex -4.212512e+00 -1.185287e+01 -4.470643e+00
     vertex -3.393823e+00 -1.211271e+01 -4.470643e+00
   endloop
 endfacet
 facet normal -3.199747e-01 -9.003225e-01 -2.950180e-01
   outer loop
     vertex -3.888808e+00 -1.225262e+01 -3.601787e+00
     vertex -4.715891e+00 -1.195868e+01 -3.601787e+00
     vertex -4.212512e+00 -1.185287e+01 -4.470643e+00
   endloop
 endfacet
 facet normal -4.180856e-01 -8.791085e-01 -2.288506e-01
   outer loop
     vertex -5.207410e+00 -1.198866e+01 -2.716138e+00
     vertex -6.013405e+00 -1.160535e+01 -2.716138e+00
     vertex -5.520986e+00 -1.160898e+01 -3.601787e+00
   endloop
 endfacet
 facet normal -3.863091e-01 -8.893729e-01 -2.445019e-01
   outer loop
     vertex -5.207410e+00 -1.198866e+01 -2.716138e+00
     vertex -5.520986e+00 -1.160898e+01 -3.601787e+00
     vertex -4.715891e+00 -1.195868e+01 -3.601787e+00
   endloop
 endfacet
 facet normal -6.183441e-02 -9.039871e-01 -4.230648e-01
   outer loop
     vertex -4.180501e-01 -1.223763e+01 -5.318655e+00
     vertex -1.252201e+00 -1.218057e+01 -5.318655e+00
     vertex -8.088956e-01 -1.182563e+01 -6.141868e+00
   endloop
 endfacet
 facet normal -6.883464e-03 -9.141881e-01 -4.052317e-01
   outer loop
     vertex -4.180501e-01 -1.223763e+01 -5.318655e+00
     vertex  0.000000e+00 -1.206826e+01 -5.707860e+00
     vertex  0.000000e+00 -1.233379e+01 -5.108824e+00
   endloop
 endfacet
 facet normal -3.796898e-02 -9.007111e-01 -4.327561e-01
   outer loop
     vertex -4.180501e-01 -1.223763e+01 -5.318655e+00
     vertex -8.088956e-01 -1.182563e+01 -6.141868e+00
     vertex  0.000000e+00 -1.206826e+01 -5.707860e+00
   endloop
 endfacet
 facet normal -5.127480e-01 -8.431782e-01 -1.616789e-01
   outer loop
     vertex -6.482030e+00 -1.152828e+01 -1.817825e+00
     vertex -7.253637e+00 -1.105906e+01 -1.817825e+00
     vertex -6.791364e+00 -1.116792e+01 -2.716138e+00
   endloop
 endfacet
 facet normal -4.822824e-01 -8.577388e-01 -1.780107e-01
   outer loop
     vertex -6.482030e+00 -1.152828e+01 -1.817825e+00
     vertex -6.791364e+00 -1.116792e+01 -2.716138e+00
     vertex -6.013405e+00 -1.160535e+01 -2.716138e+00
   endloop
 endfacet
 facet normal -1.585274e-01 -9.194394e-01 -3.598614e-01
   outer loop
     vertex -1.712865e+00 -1.246202e+01 -4.470643e+00
     vertex -2.559310e+00 -1.231608e+01 -4.470643e+00
     vertex -2.080514e+00 -1.206673e+01 -5.318655e+00
   endloop
 endfacet
 facet normal -1.263067e-01 -9.189495e-01 -3.736020e-01
   outer loop
     vertex -1.712865e+00 -1.246202e+01 -4.470643e+00
     vertex -2.080514e+00 -1.206673e+01 -5.318655e+00
     vertex -1.252201e+00 -1.218057e+01 -5.318655e+00
   endloop
 endfacet
 facet normal -5.834784e-01 -8.115691e-01 -3.014248e-02
   outer loop
     vertex -7.680735e+00 -1.088112e+01 -9.110362e-01
     vertex -7.520323e+00 -1.103029e+01  0.000000e+00
     vertex -8.060789e+00 -1.064172e+01  0.000000e+00
   endloop
 endfacet
 facet normal -5.731409e-01 -8.119557e-01 -1.106228e-01
   outer loop
     vertex -7.680735e+00 -1.088112e+01 -9.110362e-01
     vertex -7.991423e+00 -1.053827e+01 -1.817825e+00
     vertex -7.253637e+00 -1.105906e+01 -1.817825e+00
   endloop
 endfacet
 facet normal -6.036868e-01 -7.960803e-01 -4.264288e-02
   outer loop
     vertex -7.680735e+00 -1.088112e+01 -9.110362e-01
     vertex -8.060789e+00 -1.064172e+01  0.000000e+00
     vertex -8.405383e+00 -1.033160e+01 -9.110362e-01
   endloop
 endfacet
 facet normal -6.015709e-01 -7.932902e-01 -9.382464e-02
   outer loop
     vertex -7.680735e+00 -1.088112e+01 -9.110362e-01
     vertex -8.405383e+00 -1.033160e+01 -9.110362e-01
     vertex -7.991423e+00 -1.053827e+01 -1.817825e+00
   endloop
 endfacet
 facet normal -2.577886e-01 -9.200595e-01 -2.950180e-01
   outer loop
     vertex -3.043594e+00 -1.248944e+01 -3.601787e+00
     vertex -3.888808e+00 -1.225262e+01 -3.601787e+00
     vertex -3.393823e+00 -1.211271e+01 -4.470643e+00
   endloop
 endfacet
 facet normal -2.251163e-01 -9.237688e-01 -3.097963e-01
   outer loop
     vertex -3.043594e+00 -1.248944e+01 -3.601787e+00
     vertex -3.393823e+00 -1.211271e+01 -4.470643e+00
     vertex -2.559310e+00 -1.231608e+01 -4.470643e+00
   endloop
 endfacet
 facet normal -3.247156e-01 -9.136622e-01 -2.445019e-01
   outer loop
     vertex -4.377135e+00 -1.231608e+01 -2.716138e+00
     vertex -4.715891e+00 -1.195868e+01 -3.601787e+00
     vertex -3.888808e+00 -1.225262e+01 -3.601787e+00
   endloop
 endfacet
 facet normal -3.571185e-01 -9.055903e-01 -2.288506e-01
   outer loop
     vertex -4.377135e+00 -1.231608e+01 -2.716138e+00
     vertex -5.207410e+00 -1.198866e+01 -2.716138e+00
     vertex -4.715891e+00 -1.195868e+01 -3.601787e+00
   endloop
 endfacet
 facet normal -4.540122e-01 -8.762037e-01 -1.616789e-01
   outer loop
     vertex -5.680201e+00 -1.194376e+01 -1.817825e+00
     vertex -6.482030e+00 -1.152828e+01 -1.817825e+00
     vertex -6.013405e+00 -1.160535e+01 -2.716138e+00
   endloop
 endfacet
 facet normal -4.226240e-01 -8.886513e-01 -1.780107e-01
   outer loop
     vertex -5.680201e+00 -1.194376e+01 -1.817825e+00
     vertex -6.013405e+00 -1.160535e+01 -2.716138e+00
     vertex -5.207410e+00 -1.198866e+01 -2.716138e+00
   endloop
 endfacet
 facet normal -6.330092e-02 -9.254267e-01 -3.736020e-01
   outer loop
     vertex -8.584338e-01 -1.254986e+01 -4.470643e+00
     vertex -1.252201e+00 -1.218057e+01 -5.318655e+00
     vertex -4.180501e-01 -1.223763e+01 -5.318655e+00
   endloop
 endfacet
 facet normal -9.541304e-02 -9.281143e-01 -3.598614e-01
   outer loop
     vertex -8.584338e-01 -1.254986e+01 -4.470643e+00
     vertex -1.712865e+00 -1.246202e+01 -4.470643e+00
     vertex -1.252201e+00 -1.218057e+01 -5.318655e+00
   endloop
 endfacet
 facet normal -3.343303e-02 -9.321361e-01 -3.605615e-01
   outer loop
     vertex -8.584338e-01 -1.254986e+01 -4.470643e+00
     vertex -4.180501e-01 -1.223763e+01 -5.318655e+00
     vertex  0.000000e+00 -1.233379e+01 -5.108824e+00
   endloop
 endfacet
 facet normal -3.164187e-02 -9.490527e-01 -3.135247e-01
   outer loop
     vertex -8.584338e-01 -1.254986e+01 -4.470643e+00
     vertex  0.000000e+00 -1.256961e+01 -4.497480e+00
     vertex  0.000000e+00 -1.277515e+01 -3.875300e+00
   endloop
 endfacet
 facet normal -3.270443e-02 -9.324937e-01 -3.597025e-01
   outer loop
     vertex -8.584338e-01 -1.254986e+01 -4.470643e+00
     vertex  0.000000e+00 -1.233379e+01 -5.108824e+00
     vertex  0.000000e+00 -1.256961e+01 -4.497480e+00
   endloop
 endfacet
 facet normal -5.422147e-01 -8.395126e-01 -3.495360e-02
   outer loop
     vertex -6.920275e+00 -1.137991e+01 -9.110362e-01
     vertex -6.961160e+00 -1.139143e+01  0.000000e+00
     vertex -7.520323e+00 -1.103029e+01  0.000000e+00
   endloop
 endfacet
 facet normal -4.997214e-01 -8.655429e-01 -3.337593e-02
   outer loop
     vertex -6.920275e+00 -1.137991e+01 -9.110362e-01
     vertex -6.384691e+00 -1.172426e+01  0.000000e+00
     vertex -6.961160e+00 -1.139143e+01  0.000000e+00
   endloop
 endfacet
 facet normal -5.163950e-01 -8.491754e-01 -1.106228e-01
   outer loop
     vertex -6.920275e+00 -1.137991e+01 -9.110362e-01
     vertex -7.253637e+00 -1.105906e+01 -1.817825e+00
     vertex -6.482030e+00 -1.152828e+01 -1.817825e+00
   endloop
 endfacet
 facet normal -5.480062e-01 -8.355026e-01 -4.030698e-02
   outer loop
     vertex -6.920275e+00 -1.137991e+01 -9.110362e-01
     vertex -7.520323e+00 -1.103029e+01  0.000000e+00
     vertex -7.680735e+00 -1.088112e+01 -9.110362e-01
   endloop
 endfacet
 facet normal -5.460325e-01 -8.324935e-01 -9.382464e-02
   outer loop
     vertex -6.920275e+00 -1.137991e+01 -9.110362e-01
     vertex -7.680735e+00 -1.088112e+01 -9.110362e-01
     vertex -7.253637e+00 -1.105906e+01 -1.817825e+00
   endloop
 endfacet
 facet normal -1.615513e-01 -9.369778e-01 -3.097963e-01
   outer loop
     vertex -2.184189e+00 -1.266803e+01 -3.601787e+00
     vertex -2.559310e+00 -1.231608e+01 -4.470643e+00
     vertex -1.712865e+00 -1.246202e+01 -4.470643e+00
   endloop
 endfacet
 facet normal -1.944005e-01 -9.355067e-01 -2.950180e-01
   outer loop
     vertex -2.184189e+00 -1.266803e+01 -3.601787e+00
     vertex -3.043594e+00 -1.248944e+01 -3.601787e+00
     vertex -2.559310e+00 -1.231608e+01 -4.470643e+00
   endloop
 endfacet
 facet normal -2.944863e-01 -9.278498e-01 -2.288506e-01
   outer loop
     vertex -3.526452e+00 -1.258607e+01 -2.716138e+00
     vertex -4.377135e+00 -1.231608e+01 -2.716138e+00
     vertex -3.888808e+00 -1.225262e+01 -3.601787e+00
   endloop
 endfacet
 facet normal -2.616081e-01 -9.336916e-01 -2.445019e-01
   outer loop
     vertex -3.526452e+00 -1.258607e+01 -2.716138e+00
     vertex -3.888808e+00 -1.225262e+01 -3.601787e+00
     vertex -3.043594e+00 -1.248944e+01 -3.601787e+00
   endloop
 endfacet
 facet normal -3.609950e-01 -9.154205e-01 -1.780107e-01
   outer loop
     vertex -4.851888e+00 -1.230354e+01 -1.817825e+00
     vertex -5.207410e+00 -1.198866e+01 -2.716138e+00
     vertex -4.377135e+00 -1.231608e+01 -2.716138e+00
   endloop
 endfacet
 facet normal -3.931595e-01 -9.051439e-01 -1.616789e-01
   outer loop
     vertex -4.851888e+00 -1.230354e+01 -1.817825e+00
     vertex -5.680201e+00 -1.194376e+01 -1.817825e+00
     vertex -5.207410e+00 -1.198866e+01 -2.716138e+00
   endloop
 endfacet
 facet normal -4.560090e-01 -8.894784e-01 -2.973070e-02
   outer loop
     vertex -6.127550e+00 -1.182563e+01 -9.110362e-01
     vertex -5.792348e+00 -1.202793e+01  0.000000e+00
     vertex -6.384691e+00 -1.172426e+01  0.000000e+00
   endloop
 endfacet
 facet normal -4.572414e-01 -8.824358e-01 -1.106228e-01
   outer loop
     vertex -6.127550e+00 -1.182563e+01 -9.110362e-01
     vertex -6.482030e+00 -1.152828e+01 -1.817825e+00
     vertex -5.680201e+00 -1.194376e+01 -1.817825e+00
   endloop
 endfacet
 facet normal -4.896920e-01 -8.709166e-01 -4.130324e-02
   outer loop
     vertex -6.127550e+00 -1.182563e+01 -9.110362e-01
     vertex -6.384691e+00 -1.172426e+01  0.000000e+00
     vertex -6.920275e+00 -1.137991e+01 -9.110362e-01
   endloop
 endfacet
 facet normal -4.879482e-01 -8.678153e-01 -9.382464e-02
   outer loop
     vertex -6.127550e+00 -1.182563e+01 -9.110362e-01
     vertex -6.920275e+00 -1.137991e+01 -9.110362e-01
     vertex -6.482030e+00 -1.152828e+01 -1.817825e+00
   endloop
 endfacet
 facet normal -9.723305e-02 -9.458181e-01 -3.097963e-01
   outer loop
     vertex -1.314600e+00 -1.278755e+01 -3.601787e+00
     vertex -1.712865e+00 -1.246202e+01 -4.470643e+00
     vertex -8.584338e-01 -1.254986e+01 -4.470643e+00
   endloop
 endfacet
 facet normal -1.301061e-01 -9.465922e-01 -2.950180e-01
   outer loop
     vertex -1.314600e+00 -1.278755e+01 -3.601787e+00
     vertex -2.184189e+00 -1.266803e+01 -3.601787e+00
     vertex -1.712865e+00 -1.246202e+01 -4.470643e+00
   endloop
 endfacet
 facet normal -1.972809e-01 -9.493677e-01 -2.445019e-01
   outer loop
     vertex -2.659327e+00 -1.279739e+01 -2.716138e+00
     vertex -3.043594e+00 -1.248944e+01 -3.601787e+00
     vertex -2.184189e+00 -1.266803e+01 -3.601787e+00
   endloop
 endfacet
 facet normal -2.304811e-01 -9.457832e-01 -2.288506e-01
   outer loop
     vertex -2.659327e+00 -1.279739e+01 -2.716138e+00
     vertex -3.526452e+00 -1.258607e+01 -2.716138e+00
     vertex -3.043594e+00 -1.248944e+01 -3.601787e+00
   endloop
 endfacet
 facet normal -3.304737e-01 -9.298640e-01 -1.616789e-01
   outer loop
     vertex -4.000954e+00 -1.260597e+01 -1.817825e+00
     vertex -4.851888e+00 -1.230354e+01 -1.817825e+00
     vertex -4.377135e+00 -1.231608e+01 -2.716138e+00
   endloop
 endfacet
 facet normal -2.976830e-01 -9.379217e-01 -1.780107e-01
   outer loop
     vertex -4.000954e+00 -1.260597e+01 -1.817825e+00
     vertex -4.377135e+00 -1.231608e+01 -2.716138e+00
     vertex -3.526452e+00 -1.258607e+01 -2.716138e+00
   endloop
 endfacet
 facet normal -4.110889e-01 -9.110665e-01 -3.104317e-02
   outer loop
     vertex -5.306256e+00 -1.221623e+01 -9.110362e-01
     vertex -5.185605e+00 -1.230171e+01  0.000000e+00
     vertex -5.792348e+00 -1.202793e+01  0.000000e+00
   endloop
 endfacet
 facet normal -3.959559e-01 -9.115819e-01 -1.106228e-01
   outer loop
     vertex -5.306256e+00 -1.221623e+01 -9.110362e-01
     vertex -5.680201e+00 -1.194376e+01 -1.817825e+00
     vertex -4.851888e+00 -1.230354e+01 -1.817825e+00
   endloop
 endfacet
 facet normal -4.275889e-01 -8.990910e-01 -9.382464e-02
   outer loop
     vertex -5.306256e+00 -1.221623e+01 -9.110362e-01
     vertex -6.127550e+00 -1.182563e+01 -9.110362e-01
     vertex -5.680201e+00 -1.194376e+01 -1.817825e+00
   endloop
 endfacet
 facet normal -4.290959e-01 -9.022599e-01 -4.247114e-02
   outer loop
     vertex -5.306256e+00 -1.221623e+01 -9.110362e-01
     vertex -5.792348e+00 -1.202793e+01  0.000000e+00
     vertex -6.127550e+00 -1.182563e+01 -9.110362e-01
   endloop
 endfacet
 facet normal -7.451265e-03 -9.637493e-01 -2.667054e-01
   outer loop
     vertex -4.388821e-01 -1.284745e+01 -3.601787e+00
     vertex  0.000000e+00 -1.277515e+01 -3.875300e+00
     vertex  0.000000e+00 -1.294992e+01 -3.243785e+00
   endloop
 endfacet
 facet normal -3.560152e-02 -9.505912e-01 -3.083974e-01
   outer loop
     vertex -4.388821e-01 -1.284745e+01 -3.601787e+00
     vertex -8.584338e-01 -1.254986e+01 -4.470643e+00
     vertex  0.000000e+00 -1.277515e+01 -3.875300e+00
   endloop
 endfacet
 facet normal -6.520506e-02 -9.532642e-01 -2.950180e-01
   outer loop
     vertex -4.388821e-01 -1.284745e+01 -3.601787e+00
     vertex -1.314600e+00 -1.278755e+01 -3.601787e+00
     vertex -8.584338e-01 -1.254986e+01 -4.470643e+00
   endloop
 endfacet
 facet normal -1.320338e-01 -9.606175e-01 -2.445019e-01
   outer loop
     vertex -1.779803e+00 -1.294903e+01 -2.716138e+00
     vertex -2.184189e+00 -1.266803e+01 -3.601787e+00
     vertex -1.314600e+00 -1.278755e+01 -3.601787e+00
   endloop
 endfacet
 facet normal -1.654012e-01 -9.593070e-01 -2.288506e-01
   outer loop
     vertex -1.779803e+00 -1.294903e+01 -2.716138e+00
     vertex -2.659327e+00 -1.279739e+01 -2.716138e+00
     vertex -2.184189e+00 -1.266803e+01 -3.601787e+00
   endloop
 endfacet
 facet normal -2.329829e-01 -9.560498e-01 -1.780107e-01
   outer loop
     vertex -3.131365e+00 -1.284961e+01 -1.817825e+00
     vertex -3.526452e+00 -1.258607e+01 -2.716138e+00
     vertex -2.659327e+00 -1.279739e+01 -2.716138e+00
   endloop
 endfacet
 facet normal -2.662472e-01 -9.502486e-01 -1.616789e-01
   outer loop
     vertex -3.131365e+00 -1.284961e+01 -1.817825e+00
     vertex -4.000954e+00 -1.260597e+01 -1.817825e+00
     vertex -3.526452e+00 -1.258607e+01 -2.716138e+00
   endloop
 endfacet
 facet normal -3.650866e-01 -9.302256e-01 -3.731094e-02
   outer loop
     vertex -4.460221e+00 -1.254986e+01 -9.110362e-01
     vertex -4.565969e+00 -1.254490e+01  0.000000e+00
     vertex -5.185605e+00 -1.230171e+01  0.000000e+00
   endloop
 endfacet
 facet normal -3.183257e-01 -9.474483e-01 -3.178938e-02
   outer loop
     vertex -4.460221e+00 -1.254986e+01 -9.110362e-01
     vertex -3.934982e+00 -1.275690e+01  0.000000e+00
     vertex -4.565969e+00 -1.254490e+01  0.000000e+00
   endloop
 endfacet
 facet normal -3.665798e-01 -9.295824e-01 -3.867497e-02
   outer loop
     vertex -4.460221e+00 -1.254986e+01 -9.110362e-01
     vertex -5.185605e+00 -1.230171e+01  0.000000e+00
     vertex -5.306256e+00 -1.221623e+01 -9.110362e-01
   endloop
 endfacet
 facet normal -3.328243e-01 -9.364778e-01 -1.106228e-01
   outer loop
     vertex -4.460221e+00 -1.254986e+01 -9.110362e-01
     vertex -4.851888e+00 -1.230354e+01 -1.817825e+00
     vertex -4.000954e+00 -1.260597e+01 -1.817825e+00
   endloop
 endfacet
 facet normal -3.652359e-01 -9.261747e-01 -9.382464e-02
   outer loop
     vertex -4.460221e+00 -1.254986e+01 -9.110362e-01
     vertex -5.306256e+00 -1.221623e+01 -9.110362e-01
     vertex -4.851888e+00 -1.230354e+01 -1.817825e+00
   endloop
 endfacet
 facet normal -3.731289e-02 -9.845915e-01 -1.708428e-01
   outer loop
     vertex -8.919811e-01 -1.304030e+01 -2.716138e+00
     vertex  0.000000e+00 -1.309348e+01 -2.604456e+00
     vertex  0.000000e+00 -1.320551e+01 -1.958852e+00
   endloop
 endfacet
 facet normal -3.072610e-02 -9.752414e-01 -2.189978e-01
   outer loop
     vertex -8.919811e-01 -1.304030e+01 -2.716138e+00
     vertex  0.000000e+00 -1.294992e+01 -3.243785e+00
     vertex  0.000000e+00 -1.309348e+01 -2.604456e+00
   endloop
 endfacet
 facet normal -3.830611e-02 -9.721330e-01 -2.312792e-01
   outer loop
     vertex -8.919811e-01 -1.304030e+01 -2.716138e+00
     vertex -4.388821e-01 -1.284745e+01 -3.601787e+00
     vertex  0.000000e+00 -1.294992e+01 -3.243785e+00
   endloop
 endfacet
 facet normal -6.617118e-02 -9.673883e-01 -2.445019e-01
   outer loop
     vertex -8.919811e-01 -1.304030e+01 -2.716138e+00
     vertex -1.314600e+00 -1.278755e+01 -3.601787e+00
     vertex -4.388821e-01 -1.284745e+01 -3.601787e+00
   endloop
 endfacet
 facet normal -9.955022e-02 -9.683580e-01 -2.288506e-01
   outer loop
     vertex -8.919811e-01 -1.304030e+01 -2.716138e+00
     vertex -1.779803e+00 -1.294903e+01 -2.716138e+00
     vertex -1.314600e+00 -1.278755e+01 -3.601787e+00
   endloop
 endfacet
 facet normal -1.671967e-01 -9.697203e-01 -1.780107e-01
   outer loop
     vertex -2.247177e+00 -1.303335e+01 -1.817825e+00
     vertex -2.659327e+00 -1.279739e+01 -2.716138e+00
     vertex -1.779803e+00 -1.294903e+01 -2.716138e+00
   endloop
 endfacet
 facet normal -2.007792e-01 -9.662027e-01 -1.616789e-01
   outer loop
     vertex -2.247177e+00 -1.303335e+01 -1.817825e+00
     vertex -3.131365e+00 -1.284961e+01 -1.817825e+00
     vertex -2.659327e+00 -1.279739e+01 -2.716138e+00
   endloop
 endfacet
 facet normal -3.011801e-01 -9.489402e-01 -9.382464e-02
   outer loop
     vertex -3.593390e+00 -1.282498e+01 -9.110362e-01
     vertex -4.460221e+00 -1.254986e+01 -9.110362e-01
     vertex -4.000954e+00 -1.260597e+01 -1.817825e+00
   endloop
 endfacet
 facet normal -2.707218e-01 -9.622024e-01 -2.960202e-02
   outer loop
     vertex -3.593390e+00 -1.282498e+01 -9.110362e-01
     vertex -3.294211e+00 -1.293718e+01  0.000000e+00
     vertex -3.934982e+00 -1.275690e+01  0.000000e+00
   endloop
 endfacet
 facet normal -3.022456e-01 -9.522972e-01 -4.216201e-02
   outer loop
     vertex -3.593390e+00 -1.282498e+01 -9.110362e-01
     vertex -3.934982e+00 -1.275690e+01  0.000000e+00
     vertex -4.460221e+00 -1.254986e+01 -9.110362e-01
   endloop
 endfacet
 facet normal -2.681409e-01 -9.570073e-01 -1.106228e-01
   outer loop
     vertex -3.593390e+00 -1.282498e+01 -9.110362e-01
     vertex -4.000954e+00 -1.260597e+01 -1.817825e+00
     vertex -3.131365e+00 -1.284961e+01 -1.817825e+00
   endloop
 endfacet
 facet normal -1.006308e-01 -9.788696e-01 -1.780107e-01
   outer loop
     vertex -1.352511e+00 -1.315632e+01 -1.817825e+00
     vertex -1.779803e+00 -1.294903e+01 -2.716138e+00
     vertex -8.919811e-01 -1.304030e+01 -2.716138e+00
   endloop
 endfacet
 facet normal -1.343752e-01 -9.776519e-01 -1.616789e-01
   outer loop
     vertex -1.352511e+00 -1.315632e+01 -1.817825e+00
     vertex -2.247177e+00 -1.303335e+01 -1.817825e+00
     vertex -1.779803e+00 -1.294903e+01 -2.716138e+00
   endloop
 endfacet
 facet normal -2.022073e-01 -9.730749e-01 -1.106228e-01
   outer loop
     vertex -2.709806e+00 -1.304030e+01 -9.110362e-01
     vertex -3.131365e+00 -1.284961e+01 -1.817825e+00
     vertex -2.247177e+00 -1.303335e+01 -1.817825e+00
   endloop
 endfacet
 facet normal -2.224043e-01 -9.744169e-01 -3.237258e-02
   outer loop
     vertex -2.709806e+00 -1.304030e+01 -9.110362e-01
     vertex -2.645251e+00 -1.308530e+01  0.000000e+00
     vertex -3.294211e+00 -1.293718e+01  0.000000e+00
   endloop
 endfacet
 facet normal -1.735336e-01 -9.841581e-01 -3.631666e-02
   outer loop
     vertex -2.709806e+00 -1.304030e+01 -9.110362e-01
     vertex -1.989714e+00 -1.320089e+01  0.000000e+00
     vertex -2.645251e+00 -1.308530e+01  0.000000e+00
   endloop
 endfacet
 facet normal -2.365568e-01 -9.707151e-01 -4.187003e-02
   outer loop
     vertex -2.709806e+00 -1.304030e+01 -9.110362e-01
     vertex -3.294211e+00 -1.293718e+01  0.000000e+00
     vertex -3.593390e+00 -1.282498e+01 -9.110362e-01
   endloop
 endfacet
 facet normal -2.357200e-01 -9.672813e-01 -9.382464e-02
   outer loop
     vertex -2.709806e+00 -1.304030e+01 -9.110362e-01
     vertex -3.593390e+00 -1.282498e+01 -9.110362e-01
     vertex -3.131365e+00 -1.284961e+01 -1.817825e+00
   endloop
 endfacet
 facet normal -6.734458e-02 -9.845429e-01 -1.616789e-01
   outer loop
     vertex -4.515386e-01 -1.321795e+01 -1.817825e+00
     vertex -1.352511e+00 -1.315632e+01 -1.817825e+00
     vertex -8.919811e-01 -1.304030e+01 -2.716138e+00
   endloop
 endfacet
 facet normal -2.917060e-02 -9.832098e-01 -1.801319e-01
   outer loop
     vertex -4.515386e-01 -1.321795e+01 -1.817825e+00
     vertex -8.919811e-01 -1.304030e+01 -2.716138e+00
     vertex  0.000000e+00 -1.320551e+01 -1.958852e+00
   endloop
 endfacet
 facet normal -1.088673e-02 -9.924207e-01 -1.224034e-01
   outer loop
     vertex -4.515386e-01 -1.321795e+01 -1.817825e+00
     vertex  0.000000e+00 -1.320551e+01 -1.958852e+00
     vertex  0.000000e+00 -1.328572e+01 -1.308529e+00
   endloop
 endfacet
 facet normal -1.353309e-01 -9.846056e-01 -1.106228e-01
   outer loop
     vertex -1.813587e+00 -1.319483e+01 -9.110362e-01
     vertex -2.247177e+00 -1.303335e+01 -1.817825e+00
     vertex -1.352511e+00 -1.315632e+01 -1.817825e+00
   endloop
 endfacet
 facet normal -1.242854e-01 -9.917736e-01 -3.063143e-02
   outer loop
     vertex -1.813587e+00 -1.319483e+01 -9.110362e-01
     vertex -1.329231e+00 -1.328366e+01  0.000000e+00
     vertex -1.989714e+00 -1.320089e+01  0.000000e+00
   endloop
 endfacet
 facet normal -1.691609e-01 -9.811124e-01 -9.382464e-02
   outer loop
     vertex -1.813587e+00 -1.319483e+01 -9.110362e-01
     vertex -2.709806e+00 -1.304030e+01 -9.110362e-01
     vertex -2.247177e+00 -1.303335e+01 -1.817825e+00
   endloop
 endfacet
 facet normal -1.697786e-01 -9.846951e-01 -3.937934e-02
   outer loop
     vertex -1.813587e+00 -1.319483e+01 -9.110362e-01
     vertex -1.989714e+00 -1.320089e+01  0.000000e+00
     vertex -2.709806e+00 -1.304030e+01 -9.110362e-01
   endloop
 endfacet
 facet normal -1.018130e-01 -9.903691e-01 -9.382464e-02
   outer loop
     vertex -9.089124e-01 -1.328783e+01 -9.110362e-01
     vertex -1.813587e+00 -1.319483e+01 -9.110362e-01
     vertex -1.352511e+00 -1.315632e+01 -1.817825e+00
   endloop
 endfacet
 facet normal -4.003708e-02 -9.944949e-01 -9.683490e-02
   outer loop
     vertex -9.089124e-01 -1.328783e+01 -9.110362e-01
     vertex -4.515386e-01 -1.321795e+01 -1.817825e+00
     vertex  0.000000e+00 -1.328572e+01 -1.308529e+00
   endloop
 endfacet
 facet normal -7.469668e-02 -9.967579e-01 -2.990228e-02
   outer loop
     vertex -9.089124e-01 -1.328783e+01 -9.110362e-01
     vertex -6.654426e-01 -1.333340e+01  0.000000e+00
     vertex -1.329231e+00 -1.328366e+01  0.000000e+00
   endloop
 endfacet
 facet normal -2.984052e-02 -9.968463e-01 -7.353180e-02
   outer loop
     vertex -9.089124e-01 -1.328783e+01 -9.110362e-01
     vertex  0.000000e+00 -1.328572e+01 -1.308529e+00
     vertex  0.000000e+00 -1.333392e+01 -6.550535e-01
   endloop
 endfacet
 facet normal -6.782357e-02 -9.915455e-01 -1.106228e-01
   outer loop
     vertex -9.089124e-01 -1.328783e+01 -9.110362e-01
     vertex -1.352511e+00 -1.315632e+01 -1.817825e+00
     vertex -4.515386e-01 -1.321795e+01 -1.817825e+00
   endloop
 endfacet
 facet normal -1.021714e-01 -9.938546e-01 -4.259136e-02
   outer loop
     vertex -9.089124e-01 -1.328783e+01 -9.110362e-01
     vertex -1.329231e+00 -1.328366e+01  0.000000e+00
     vertex -1.813587e+00 -1.319483e+01 -9.110362e-01
   endloop
 endfacet
 facet normal -3.953920e-02 -9.984416e-01 -3.938217e-02
   outer loop
     vertex -9.089124e-01 -1.328783e+01 -9.110362e-01
     vertex  0.000000e+00 -1.333392e+01 -6.550535e-01
     vertex -6.654426e-01 -1.333340e+01  0.000000e+00
   endloop
 endfacet
 facet normal  0.000000e+00  0.000000e+00  1.000000e+00
   outer loop
     vertex -1.022669e+01 -8.581215e+00  3.000000e+01
     vertex -9.786242e+00 -9.080306e+00  3.000000e+01
     vertex -9.321462e+00 -9.556822e+00  3.000000e+01
   endloop
 endfacet
 facet normal  0.000000e+00  0.000000e+00  1.000000e+00
   outer loop
     vertex -1.103029e+01 -7.520323e+00  3.000000e+01
     vertex -1.022669e+01 -8.581215e+00  3.000000e+01
     vertex -9.321462e+00 -9.556822e+00  3.000000e+01
   endloop
 endfacet
 facet normal  0.000000e+00  0.000000e+00  1.000000e+00
   outer loop
     vertex -1.103029e+01 -7.520323e+00  3.000000e+01
     vertex -1.064172e+01 -8.060789e+00  3.000000e+01
     vertex -1.022669e+01 -8.581215e+00  3.000000e+01
   endloop
 endfacet
 facet normal  0.000000e+00  0.000000e+00  1.000000e+00
   outer loop
     vertex -7.242993e+00 -1.121435e+01  3.000000e+01
     vertex -9.321462e+00 -9.556822e+00  3.000000e+01
     vertex -8.833506e+00 -1.000958e+01  3.000000e+01
   endloop
 endfacet
 facet normal  0.000000e+00  0.000000e+00  1.000000e+00
   outer loop
     vertex -7.242993e+00 -1.121435e+01  3.000000e+01
     vertex -8.833506e+00 -1.000958e+01  3.000000e+01
     vertex -8.323589e+00 -1.043745e+01  3.000000e+01
   endloop
 endfacet
 facet normal  0.000000e+00  0.000000e+00  1.000000e+00
   outer loop
     vertex -7.242993e+00 -1.121435e+01  3.000000e+01
     vertex -8.323589e+00 -1.043745e+01  3.000000e+01
     vertex -7.792978e+00 -1.083937e+01  3.000000e+01
   endloop
 endfacet
 facet normal  0.000000e+00  0.000000e+00  1.000000e+00
   outer loop
     vertex -6.675000e+00 -1.156144e+01  3.000000e+01
     vertex -9.321462e+00 -9.556822e+00  3.000000e+01
     vertex -7.242993e+00 -1.121435e+01  3.000000e+01
   endloop
 endfacet
 facet normal  0.000000e+00  0.000000e+00  1.000000e+00
   outer loop
     vertex -1.230171e+01 -5.185605e+00  3.000000e+01
     vertex -1.202793e+01 -5.792348e+00  3.000000e+01
     vertex -1.172426e+01 -6.384691e+00  3.000000e+01
   endloop
 endfacet
 facet normal  0.000000e+00  0.000000e+00  1.000000e+00
   outer loop
     vertex -1.230171e+01 -5.185605e+00  3.000000e+01
     vertex -1.172426e+01 -6.384691e+00  3.000000e+01
     vertex -1.139143e+01 -6.961160e+00  3.000000e+01
   endloop
 endfacet
 facet normal  0.000000e+00  0.000000e+00  1.000000e+00
   outer loop
     vertex -4.251797e+00 -1.265483e+01  3.000000e+01
     vertex -6.675000e+00 -1.156144e+01  3.000000e+01
     vertex -6.090412e+00 -1.187979e+01  3.000000e+01
   endloop
 endfacet
 facet normal  0.000000e+00  0.000000e+00  1.000000e+00
   outer loop
     vertex -4.251797e+00 -1.265483e+01  3.000000e+01
     vertex -6.090412e+00 -1.187979e+01  3.000000e+01
     vertex -5.490683e+00 -1.216860e+01  3.000000e+01
   endloop
 endfacet
 facet normal  0.000000e+00  0.000000e+00  1.000000e+00
   outer loop
     vertex -4.251797e+00 -1.265483e+01  3.000000e+01
     vertex -5.490683e+00 -1.216860e+01  3.000000e+01
     vertex -4.877303e+00 -1.242716e+01  3.000000e+01
   endloop
 endfacet
 facet normal  0.000000e+00  0.000000e+00  1.000000e+00
   outer loop
     vertex -1.275690e+01 -3.934982e+00  3.000000e+01
     vertex -1.230171e+01 -5.185605e+00  3.000000e+01
     vertex -1.139143e+01 -6.961160e+00  3.000000e+01
   endloop
 endfacet
 facet normal  0.000000e+00  0.000000e+00  1.000000e+00
   outer loop
     vertex -1.275690e+01 -3.934982e+00  3.000000e+01
     vertex -1.254490e+01 -4.565969e+00  3.000000e+01
     vertex -1.230171e+01 -5.185605e+00  3.000000e+01
   endloop
 endfacet
 facet normal  0.000000e+00  0.000000e+00  1.000000e+00
   outer loop
     vertex -1.275690e+01 -3.934982e+00  3.000000e+01
     vertex -1.139143e+01 -6.961160e+00  3.000000e+01
     vertex -1.103029e+01 -7.520323e+00  3.000000e+01
   endloop
 endfacet
 facet normal  0.000000e+00  0.000000e+00  1.000000e+00
   outer loop
     vertex -2.970654e+00 -1.301529e+01  3.000000e+01
     vertex -4.251797e+00 -1.265483e+01  3.000000e+01
     vertex -3.615720e+00 -1.285103e+01  3.000000e+01
   endloop
 endfacet
 facet normal  0.000000e+00  0.000000e+00  1.000000e+00
   outer loop
     vertex -1.308530e+01 -2.645251e+00  3.000000e+01
     vertex -1.275690e+01 -3.934982e+00  3.000000e+01
     vertex -1.103029e+01 -7.520323e+00  3.000000e+01
   endloop
 endfacet
 facet normal  0.000000e+00  0.000000e+00  1.000000e+00
   outer loop
     vertex -1.308530e+01 -2.645251e+00  3.000000e+01
     vertex -1.293718e+01 -3.294211e+00  3.000000e+01
     vertex -1.275690e+01 -3.934982e+00  3.000000e+01
   endloop
 endfacet
 facet normal  0.000000e+00  0.000000e+00  1.000000e+00
   outer loop
     vertex -2.318203e+00 -1.314718e+01  3.000000e+01
     vertex -4.251797e+00 -1.265483e+01  3.000000e+01
     vertex -2.970654e+00 -1.301529e+01  3.000000e+01
   endloop
 endfacet
 facet normal  0.000000e+00  0.000000e+00  1.000000e+00
   outer loop
     vertex -1.659988e+00 -1.324639e+01  3.000000e+01
     vertex -9.321462e+00 -9.556822e+00  3.000000e+01
     vertex -6.675000e+00 -1.156144e+01  3.000000e+01
   endloop
 endfacet
 facet normal  0.000000e+00  0.000000e+00  1.000000e+00
   outer loop
     vertex -1.659988e+00 -1.324639e+01  3.000000e+01
     vertex -6.675000e+00 -1.156144e+01  3.000000e+01
     vertex -4.251797e+00 -1.265483e+01  3.000000e+01
   endloop
 endfacet
 facet normal  0.000000e+00  0.000000e+00  1.000000e+00
   outer loop
     vertex -1.659988e+00 -1.324639e+01  3.000000e+01
     vertex -4.251797e+00 -1.265483e+01  3.000000e+01
     vertex -2.318203e+00 -1.314718e+01  3.000000e+01
   endloop
 endfacet
 facet normal  0.000000e+00  0.000000e+00  1.000000e+00
   outer loop
     vertex -1.335000e+01 -4.579382e-14  3.000000e+01
     vertex -1.333340e+01 -6.654426e-01  3.000000e+01
     vertex -1.328366e+01 -1.329231e+00  3.000000e+01
   endloop
 endfacet
 facet normal  0.000000e+00  0.000000e+00  1.000000e+00
   outer loop
     vertex -1.335000e+01 -4.579382e-14  3.000000e+01
     vertex -1.328366e+01 -1.329231e+00  3.000000e+01
     vertex -1.320089e+01 -1.989714e+00  3.000000e+01
   endloop
 endfacet
 facet normal  0.000000e+00  0.000000e+00  1.000000e+00
   outer loop
     vertex -1.335000e+01 -4.579382e-14  3.000000e+01
     vertex -1.320089e+01 -1.989714e+00  3.000000e+01
     vertex -1.308530e+01 -2.645251e+00  3.000000e+01
   endloop
 endfacet
 facet normal  0.000000e+00  0.000000e+00  1.000000e+00
   outer loop
     vertex  3.328247e-01 -1.334585e+01  3.000000e+01
     vertex -1.659988e+00 -1.324639e+01  3.000000e+01
     vertex -9.976467e-01 -1.331267e+01  3.000000e+01
   endloop
 endfacet
 facet normal  0.000000e+00  0.000000e+00  1.000000e+00
   outer loop
     vertex  3.328247e-01 -1.334585e+01  3.000000e+01
     vertex -9.976467e-01 -1.331267e+01  3.000000e+01
     vertex -3.328247e-01 -1.334585e+01  3.000000e+01
   endloop
 endfacet
 facet normal  0.000000e+00  0.000000e+00  1.000000e+00
   outer loop
     vertex -1.320089e+01  1.989714e+00  3.000000e+01
     vertex -1.103029e+01 -7.520323e+00  3.000000e+01
     vertex -9.321462e+00 -9.556822e+00  3.000000e+01
   endloop
 endfacet
 facet normal  0.000000e+00  0.000000e+00  1.000000e+00
   outer loop
     vertex -1.320089e+01  1.989714e+00  3.000000e+01
     vertex -1.328366e+01  1.329231e+00  3.000000e+01
     vertex -1.333340e+01  6.654426e-01  3.000000e+01
   endloop
 endfacet
 facet normal  0.000000e+00  0.000000e+00  1.000000e+00
   outer loop
     vertex -1.320089e+01  1.989714e+00  3.000000e+01
     vertex -1.333340e+01  6.654426e-01  3.000000e+01
     vertex -1.335000e+01 -4.579382e-14  3.000000e+01
   endloop
 endfacet
 facet normal  0.000000e+00  0.000000e+00  1.000000e+00
   outer loop
     vertex -1.320089e+01  1.989714e+00  3.000000e+01
     vertex -1.308530e+01 -2.645251e+00  3.000000e+01
     vertex -1.103029e+01 -7.520323e+00  3.000000e+01
   endloop
 endfacet
 facet normal  0.000000e+00  0.000000e+00  1.000000e+00
   outer loop
     vertex -1.320089e+01  1.989714e+00  3.000000e+01
     vertex -1.335000e+01 -4.579382e-14  3.000000e+01
     vertex -1.308530e+01 -2.645251e+00  3.000000e+01
   endloop
 endfacet
 facet normal  0.000000e+00  0.000000e+00  1.000000e+00
   outer loop
     vertex  2.318203e+00 -1.314718e+01  3.000000e+01
     vertex  3.328247e-01 -1.334585e+01  3.000000e+01
     vertex  9.976467e-01 -1.331267e+01  3.000000e+01
   endloop
 endfacet
 facet normal  0.000000e+00  0.000000e+00  1.000000e+00
   outer loop
     vertex  2.318203e+00 -1.314718e+01  3.000000e+01
     vertex  9.976467e-01 -1.331267e+01  3.000000e+01
     vertex  1.659988e+00 -1.324639e+01  3.000000e+01
   endloop
 endfacet
 facet normal  0.000000e+00  0.000000e+00  1.000000e+00
   outer loop
     vertex  2.970654e+00 -1.301529e+01  3.000000e+01
     vertex  3.328247e-01 -1.334585e+01  3.000000e+01
     vertex  2.318203e+00 -1.314718e+01  3.000000e+01
   endloop
 endfacet
 facet normal  0.000000e+00  0.000000e+00  1.000000e+00
   outer loop
     vertex  4.251797e+00 -1.265483e+01  3.000000e+01
     vertex  3.328247e-01 -1.334585e+01  3.000000e+01
     vertex  2.970654e+00 -1.301529e+01  3.000000e+01
   endloop
 endfacet
 facet normal  0.000000e+00  0.000000e+00  1.000000e+00
   outer loop
     vertex  4.251797e+00 -1.265483e+01  3.000000e+01
     vertex -1.659988e+00 -1.324639e+01  3.000000e+01
     vertex  3.328247e-01 -1.334585e+01  3.000000e+01
   endloop
 endfacet
 facet normal  0.000000e+00  0.000000e+00  1.000000e+00
   outer loop
     vertex  4.251797e+00 -1.265483e+01  3.000000e+01
     vertex  2.970654e+00 -1.301529e+01  3.000000e+01
     vertex  3.615720e+00 -1.285103e+01  3.000000e+01
   endloop
 endfacet
 facet normal  0.000000e+00  0.000000e+00  1.000000e+00
   outer loop
     vertex -1.254490e+01  4.565969e+00  3.000000e+01
     vertex -1.275690e+01  3.934982e+00  3.000000e+01
     vertex -1.293718e+01  3.294211e+00  3.000000e+01
   endloop
 endfacet
 facet normal  0.000000e+00  0.000000e+00  1.000000e+00
   outer loop
     vertex -1.230171e+01  5.185605e+00  3.000000e+01
     vertex -1.254490e+01  4.565969e+00  3.000000e+01
     vertex -1.293718e+01  3.294211e+00  3.000000e+01
   endloop
 endfacet
 facet normal  0.000000e+00  0.000000e+00  1.000000e+00
   outer loop
     vertex  5.490683e+00 -1.216860e+01  3.000000e+01
     vertex  4.251797e+00 -1.265483e+01  3.000000e+01
     vertex  4.877303e+00 -1.242716e+01  3.000000e+01
   endloop
 endfacet
 facet normal  0.000000e+00  0.000000e+00  1.000000e+00
   outer loop
     vertex  5.490683e+00 -1.216860e+01  3.000000e+01
     vertex -1.659988e+00 -1.324639e+01  3.000000e+01
     vertex  4.251797e+00 -1.265483e+01  3.000000e+01
   endloop
 endfacet
 facet normal  0.000000e+00  0.000000e+00  1.000000e+00
   outer loop
     vertex -1.202793e+01  5.792348e+00  3.000000e+01
     vertex -1.230171e+01  5.185605e+00  3.000000e+01
     vertex -1.293718e+01  3.294211e+00  3.000000e+01
   endloop
 endfacet
 facet normal  0.000000e+00  0.000000e+00  1.000000e+00
   outer loop
     vertex  6.675000e+00 -1.156144e+01  3.000000e+01
     vertex  5.490683e+00 -1.216860e+01  3.000000e+01
     vertex  6.090412e+00 -1.187979e+01  3.000000e+01
   endloop
 endfacet
 facet normal  0.000000e+00  0.000000e+00  1.000000e+00
   outer loop
     vertex  6.675000e+00 -1.156144e+01  3.000000e+01
     vertex -1.659988e+00 -1.324639e+01  3.000000e+01
     vertex  5.490683e+00 -1.216860e+01  3.000000e+01
   endloop
 endfacet
 facet normal  0.000000e+00  0.000000e+00  1.000000e+00
   outer loop
     vertex  7.242993e+00 -1.121435e+01  3.000000e+01
     vertex -1.659988e+00 -1.324639e+01  3.000000e+01
     vertex  6.675000e+00 -1.156144e+01  3.000000e+01
   endloop
 endfacet
 facet normal  0.000000e+00  0.000000e+00  1.000000e+00
   outer loop
     vertex  7.242993e+00 -1.121435e+01  3.000000e+01
     vertex -9.321462e+00 -9.556822e+00  3.000000e+01
     vertex -1.659988e+00 -1.324639e+01  3.000000e+01
   endloop
 endfacet
 facet normal  0.000000e+00  0.000000e+00  1.000000e+00
   outer loop
     vertex -1.022669e+01  8.581215e+00  3.000000e+01
     vertex -1.064172e+01  8.060789e+00  3.000000e+01
     vertex -1.103029e+01  7.520323e+00  3.000000e+01
   endloop
 endfacet
 facet normal  0.000000e+00  0.000000e+00  1.000000e+00
   outer loop
     vertex -1.022669e+01  8.581215e+00  3.000000e+01
     vertex -1.103029e+01  7.520323e+00  3.000000e+01
     vertex -1.139143e+01  6.961160e+00  3.000000e+01
   endloop
 endfacet
 facet normal  0.000000e+00  0.000000e+00  1.000000e+00
   outer loop
     vertex -1.022669e+01  8.581215e+00  3.000000e+01
     vertex -1.139143e+01  6.961160e+00  3.000000e+01
     vertex -1.172426e+01  6.384691e+00  3.000000e+01
   endloop
 endfacet
 facet normal  0.000000e+00  0.000000e+00  1.000000e+00
   outer loop
     vertex -9.786242e+00  9.080306e+00  3.000000e+01
     vertex -1.022669e+01  8.581215e+00  3.000000e+01
     vertex -1.172426e+01  6.384691e+00  3.000000e+01
   endloop
 endfacet
 facet normal  0.000000e+00  0.000000e+00  1.000000e+00
   outer loop
     vertex  9.321462e+00 -9.556822e+00  3.000000e+01
     vertex  7.242993e+00 -1.121435e+01  3.000000e+01
     vertex  7.792978e+00 -1.083937e+01  3.000000e+01
   endloop
 endfacet
 facet normal  0.000000e+00  0.000000e+00  1.000000e+00
   outer loop
     vertex  9.321462e+00 -9.556822e+00  3.000000e+01
     vertex  7.792978e+00 -1.083937e+01  3.000000e+01
     vertex  8.323589e+00 -1.043745e+01  3.000000e+01
   endloop
 endfacet
 facet normal  0.000000e+00  0.000000e+00  1.000000e+00
   outer loop
     vertex  9.321462e+00 -9.556822e+00  3.000000e+01
     vertex  8.323589e+00 -1.043745e+01  3.000000e+01
     vertex  8.833506e+00 -1.000958e+01  3.000000e+01
   endloop
 endfacet
 facet normal  0.000000e+00  0.000000e+00  1.000000e+00
   outer loop
     vertex  9.786242e+00 -9.080306e+00  3.000000e+01
     vertex -9.321462e+00 -9.556822e+00  3.000000e+01
     vertex  7.242993e+00 -1.121435e+01  3.000000e+01
   endloop
 endfacet
 facet normal  0.000000e+00  0.000000e+00  1.000000e+00
   outer loop
     vertex  9.786242e+00 -9.080306e+00  3.000000e+01
     vertex  7.242993e+00 -1.121435e+01  3.000000e+01
     vertex  9.321462e+00 -9.556822e+00  3.000000e+01
   endloop
 endfacet
 facet normal  0.000000e+00  0.000000e+00  1.000000e+00
   outer loop
     vertex  9.786242e+00 -9.080306e+00  3.000000e+01
     vertex -1.308530e+01  2.645251e+00  3.000000e+01
     vertex -1.320089e+01  1.989714e+00  3.000000e+01
   endloop
 endfacet
 facet normal  0.000000e+00  0.000000e+00  1.000000e+00
   outer loop
     vertex  9.786242e+00 -9.080306e+00  3.000000e+01
     vertex -1.320089e+01  1.989714e+00  3.000000e+01
     vertex -9.321462e+00 -9.556822e+00  3.000000e+01
   endloop
 endfacet
 facet normal  0.000000e+00  0.000000e+00  1.000000e+00
   outer loop
     vertex  1.022669e+01 -8.581215e+00  3.000000e+01
     vertex -1.202793e+01  5.792348e+00  3.000000e+01
     vertex -1.293718e+01  3.294211e+00  3.000000e+01
   endloop
 endfacet
 facet normal  0.000000e+00  0.000000e+00  1.000000e+00
   outer loop
     vertex  1.022669e+01 -8.581215e+00  3.000000e+01
     vertex -1.172426e+01  6.384691e+00  3.000000e+01
     vertex -1.202793e+01  5.792348e+00  3.000000e+01
   endloop
 endfacet
 facet normal  0.000000e+00  0.000000e+00  1.000000e+00
   outer loop
     vertex  1.022669e+01 -8.581215e+00  3.000000e+01
     vertex -1.308530e+01  2.645251e+00  3.000000e+01
     vertex  9.786242e+00 -9.080306e+00  3.000000e+01
   endloop
 endfacet
 facet normal  0.000000e+00  0.000000e+00  1.000000e+00
   outer loop
     vertex  1.022669e+01 -8.581215e+00  3.000000e+01
     vertex -1.293718e+01  3.294211e+00  3.000000e+01
     vertex -1.308530e+01  2.645251e+00  3.000000e+01
   endloop
 endfacet
 facet normal  0.000000e+00  0.000000e+00  1.000000e+00
   outer loop
     vertex -8.323589e+00  1.043745e+01  3.000000e+01
     vertex -8.833506e+00  1.000958e+01  3.000000e+01
     vertex -9.321462e+00  9.556822e+00  3.000000e+01
   endloop
 endfacet
 facet normal  0.000000e+00  0.000000e+00  1.000000e+00
   outer loop
     vertex -8.323589e+00  1.043745e+01  3.000000e+01
     vertex -9.321462e+00  9.556822e+00  3.000000e+01
     vertex -9.786242e+00  9.080306e+00  3.000000e+01
   endloop
 endfacet
 facet normal  0.000000e+00  0.000000e+00  1.000000e+00
   outer loop
     vertex -7.242993e+00  1.121435e+01  3.000000e+01
     vertex -9.786242e+00  9.080306e+00  3.000000e+01
     vertex -1.172426e+01  6.384691e+00  3.000000e+01
   endloop
 endfacet
 facet normal  0.000000e+00  0.000000e+00  1.000000e+00
   outer loop
     vertex -7.242993e+00  1.121435e+01  3.000000e+01
     vertex -7.792978e+00  1.083937e+01  3.000000e+01
     vertex -8.323589e+00  1.043745e+01  3.000000e+01
   endloop
 endfacet
 facet normal  0.000000e+00  0.000000e+00  1.000000e+00
   outer loop
     vertex -7.242993e+00  1.121435e+01  3.000000e+01
     vertex -8.323589e+00  1.043745e+01  3.000000e+01
     vertex -9.786242e+00  9.080306e+00  3.000000e+01
   endloop
 endfacet
 facet normal  0.000000e+00  0.000000e+00  1.000000e+00
   outer loop
     vertex  1.139143e+01 -6.961160e+00  3.000000e+01
     vertex  1.064172e+01 -8.060789e+00  3.000000e+01
     vertex  1.103029e+01 -7.520323e+00  3.000000e+01
   endloop
 endfacet
 facet normal  0.000000e+00  0.000000e+00  1.000000e+00
   outer loop
     vertex  1.172426e+01 -6.384691e+00  3.000000e+01
     vertex  1.064172e+01 -8.060789e+00  3.000000e+01
     vertex  1.139143e+01 -6.961160e+00  3.000000e+01
   endloop
 endfacet
 facet normal  0.000000e+00  0.000000e+00  1.000000e+00
   outer loop
     vertex -6.090412e+00  1.187979e+01  3.000000e+01
     vertex -6.675000e+00  1.156144e+01  3.000000e+01
     vertex -7.242993e+00  1.121435e+01  3.000000e+01
   endloop
 endfacet
 facet normal  0.000000e+00  0.000000e+00  1.000000e+00
   outer loop
     vertex -6.090412e+00  1.187979e+01  3.000000e+01
     vertex -7.242993e+00  1.121435e+01  3.000000e+01
     vertex -1.172426e+01  6.384691e+00  3.000000e+01
   endloop
 endfacet
 facet normal  0.000000e+00  0.000000e+00  1.000000e+00
   outer loop
     vertex  1.202793e+01 -5.792348e+00  3.000000e+01
     vertex  1.022669e+01 -8.581215e+00  3.000000e+01
     vertex  1.064172e+01 -8.060789e+00  3.000000e+01
   endloop
 endfacet
 facet normal  0.000000e+00  0.000000e+00  1.000000e+00
   outer loop
     vertex  1.202793e+01 -5.792348e+00  3.000000e+01
     vertex -1.172426e+01  6.384691e+00  3.000000e+01
     vertex  1.022669e+01 -8.581215e+00  3.000000e+01
   endloop
 endfacet
 facet normal  0.000000e+00  0.000000e+00  1.000000e+00
   outer loop
     vertex  1.202793e+01 -5.792348e+00  3.000000e+01
     vertex  1.064172e+01 -8.060789e+00  3.000000e+01
     vertex  1.172426e+01 -6.384691e+00  3.000000e+01
   endloop
 endfacet
 facet normal  0.000000e+00  0.000000e+00  1.000000e+00
   outer loop
     vertex -4.877303e+00  1.242716e+01  3.000000e+01
     vertex -5.490683e+00  1.216860e+01  3.000000e+01
     vertex -6.090412e+00  1.187979e+01  3.000000e+01
   endloop
 endfacet
 facet normal  0.000000e+00  0.000000e+00  1.000000e+00
   outer loop
     vertex  1.254490e+01 -4.565969e+00  3.000000e+01
     vertex  1.202793e+01 -5.792348e+00  3.000000e+01
     vertex  1.230171e+01 -5.185605e+00  3.000000e+01
   endloop
 endfacet
 facet normal  0.000000e+00  0.000000e+00  1.000000e+00
   outer loop
     vertex -4.251797e+00  1.265483e+01  3.000000e+01
     vertex -4.877303e+00  1.242716e+01  3.000000e+01
     vertex -6.090412e+00  1.187979e+01  3.000000e+01
   endloop
 endfacet
 facet normal  0.000000e+00  0.000000e+00  1.000000e+00
   outer loop
     vertex  1.293718e+01 -3.294211e+00  3.000000e+01
     vertex  1.254490e+01 -4.565969e+00  3.000000e+01
     vertex  1.275690e+01 -3.934982e+00  3.000000e+01
   endloop
 endfacet
 facet normal  0.000000e+00  0.000000e+00  1.000000e+00
   outer loop
     vertex  1.293718e+01 -3.294211e+00  3.000000e+01
     vertex  1.202793e+01 -5.792348e+00  3.000000e+01
     vertex  1.254490e+01 -4.565969e+00  3.000000e+01
   endloop
 endfacet
 facet normal  0.000000e+00  0.000000e+00  1.000000e+00
   outer loop
     vertex -2.318203e+00  1.314718e+01  3.000000e+01
     vertex -2.970654e+00  1.301529e+01  3.000000e+01
     vertex -3.615720e+00  1.285103e+01  3.000000e+01
   endloop
 endfacet
 facet normal  0.000000e+00  0.000000e+00  1.000000e+00
   outer loop
     vertex  1.328366e+01 -1.329231e+00  3.000000e+01
     vertex  1.293718e+01 -3.294211e+00  3.000000e+01
     vertex  1.308530e+01 -2.645251e+00  3.000000e+01
   endloop
 endfacet
 facet normal  0.000000e+00  0.000000e+00  1.000000e+00
   outer loop
     vertex  1.328366e+01 -1.329231e+00  3.000000e+01
     vertex  1.308530e+01 -2.645251e+00  3.000000e+01
     vertex  1.320089e+01 -1.989714e+00  3.000000e+01
   endloop
 endfacet
 facet normal  0.000000e+00  0.000000e+00  1.000000e+00
   outer loop
     vertex -9.976467e-01  1.331267e+01  3.000000e+01
     vertex -2.318203e+00  1.314718e+01  3.000000e+01
     vertex -3.615720e+00  1.285103e+01  3.000000e+01
   endloop
 endfacet
 facet normal  0.000000e+00  0.000000e+00  1.000000e+00
   outer loop
     vertex -9.976467e-01  1.331267e+01  3.000000e+01
     vertex -1.659988e+00  1.324639e+01  3.000000e+01
     vertex -2.318203e+00  1.314718e+01  3.000000e+01
   endloop
 endfacet
 facet normal  0.000000e+00  0.000000e+00  1.000000e+00
   outer loop
     vertex  1.333340e+01 -6.654426e-01  3.000000e+01
     vertex  1.293718e+01 -3.294211e+00  3.000000e+01
     vertex  1.328366e+01 -1.329231e+00  3.000000e+01
   endloop
 endfacet
 facet normal  0.000000e+00  0.000000e+00  1.000000e+00
   outer loop
     vertex  1.333340e+01 -6.654426e-01  3.000000e+01
     vertex  1.202793e+01 -5.792348e+00  3.000000e+01
     vertex  1.293718e+01 -3.294211e+00  3.000000e+01
   endloop
 endfacet
 facet normal  0.000000e+00  0.000000e+00  1.000000e+00
   outer loop
     vertex  1.335000e+01  0.000000e+00  3.000000e+01
     vertex  1.202793e+01 -5.792348e+00  3.000000e+01
     vertex  1.333340e+01 -6.654426e-01  3.000000e+01
   endloop
 endfacet
 facet normal  0.000000e+00  0.000000e+00  1.000000e+00
   outer loop
     vertex  9.976467e-01  1.331267e+01  3.000000e+01
     vertex -9.976467e-01  1.331267e+01  3.000000e+01
     vertex -3.615720e+00  1.285103e+01  3.000000e+01
   endloop
 endfacet
 facet normal  0.000000e+00  0.000000e+00  1.000000e+00
   outer loop
     vertex  9.976467e-01  1.331267e+01  3.000000e+01
     vertex  3.328247e-01  1.334585e+01  3.000000e+01
     vertex -3.328247e-01  1.334585e+01  3.000000e+01
   endloop
 endfacet
 facet normal  0.000000e+00  0.000000e+00  1.000000e+00
   outer loop
     vertex  9.976467e-01  1.331267e+01  3.000000e+01
     vertex -3.328247e-01  1.334585e+01  3.000000e+01
     vertex -9.976467e-01  1.331267e+01  3.000000e+01
   endloop
 endfacet
 facet normal  0.000000e+00  0.000000e+00  1.000000e+00
   outer loop
     vertex  9.976467e-01  1.331267e+01  3.000000e+01
     vertex -3.615720e+00  1.285103e+01  3.000000e+01
     vertex -4.251797e+00  1.265483e+01  3.000000e+01
   endloop
 endfacet
 facet normal  0.000000e+00  0.000000e+00  1.000000e+00
   outer loop
     vertex  1.328366e+01  1.329231e+00  3.000000e+01
     vertex  1.335000e+01  0.000000e+00  3.000000e+01
     vertex  1.333340e+01  6.654426e-01  3.000000e+01
   endloop
 endfacet
 facet normal  0.000000e+00  0.000000e+00  1.000000e+00
   outer loop
     vertex  1.328366e+01  1.329231e+00  3.000000e+01
     vertex  1.202793e+01 -5.792348e+00  3.000000e+01
     vertex  1.335000e+01  0.000000e+00  3.000000e+01
   endloop
 endfacet
 facet normal  0.000000e+00  0.000000e+00  1.000000e+00
   outer loop
     vertex  2.318203e+00  1.314718e+01  3.000000e+01
     vertex  1.659988e+00  1.324639e+01  3.000000e+01
     vertex  9.976467e-01  1.331267e+01  3.000000e+01
   endloop
 endfacet
 facet normal  0.000000e+00  0.000000e+00  1.000000e+00
   outer loop
     vertex  2.970654e+00  1.301529e+01  3.000000e+01
     vertex  2.318203e+00  1.314718e+01  3.000000e+01
     vertex  9.976467e-01  1.331267e+01  3.000000e+01
   endloop
 endfacet
 facet normal  0.000000e+00  0.000000e+00  1.000000e+00
   outer loop
     vertex  1.293718e+01  3.294211e+00  3.000000e+01
     vertex  1.328366e+01  1.329231e+00  3.000000e+01
     vertex  1.320089e+01  1.989714e+00  3.000000e+01
   endloop
 endfacet
 facet normal  0.000000e+00  0.000000e+00  1.000000e+00
   outer loop
     vertex  1.293718e+01  3.294211e+00  3.000000e+01
     vertex  1.320089e+01  1.989714e+00  3.000000e+01
     vertex  1.308530e+01  2.645251e+00  3.000000e+01
   endloop
 endfacet
 facet normal  0.000000e+00  0.000000e+00  1.000000e+00
   outer loop
     vertex  3.615720e+00  1.285103e+01  3.000000e+01
     vertex  2.970654e+00  1.301529e+01  3.000000e+01
     vertex  9.976467e-01  1.331267e+01  3.000000e+01
   endloop
 endfacet
 facet normal  0.000000e+00  0.000000e+00  1.000000e+00
   outer loop
     vertex  4.251797e+00  1.265483e+01  3.000000e+01
     vertex  3.615720e+00  1.285103e+01  3.000000e+01
     vertex  9.976467e-01  1.331267e+01  3.000000e+01
   endloop
 endfacet
 facet normal  0.000000e+00  0.000000e+00  1.000000e+00
   outer loop
     vertex  4.251797e+00  1.265483e+01  3.000000e+01
     vertex -6.090412e+00  1.187979e+01  3.000000e+01
     vertex -1.172426e+01  6.384691e+00  3.000000e+01
   endloop
 endfacet
 facet normal  0.000000e+00  0.000000e+00  1.000000e+00
   outer loop
     vertex  4.251797e+00  1.265483e+01  3.000000e+01
     vertex  9.976467e-01  1.331267e+01  3.000000e+01
     vertex -4.251797e+00  1.265483e+01  3.000000e+01
   endloop
 endfacet
 facet normal  0.000000e+00  0.000000e+00  1.000000e+00
   outer loop
     vertex  4.251797e+00  1.265483e+01  3.000000e+01
     vertex -4.251797e+00  1.265483e+01  3.000000e+01
     vertex -6.090412e+00  1.187979e+01  3.000000e+01
   endloop
 endfacet
 facet normal  0.000000e+00  0.000000e+00  1.000000e+00
   outer loop
     vertex  1.254490e+01  4.565969e+00  3.000000e+01
     vertex  1.293718e+01  3.294211e+00  3.000000e+01
     vertex  1.275690e+01  3.934982e+00  3.000000e+01
   endloop
 endfacet
 facet normal  0.000000e+00  0.000000e+00  1.000000e+00
   outer loop
     vertex  1.254490e+01  4.565969e+00  3.000000e+01
     vertex  1.328366e+01  1.329231e+00  3.000000e+01
     vertex  1.293718e+01  3.294211e+00  3.000000e+01
   endloop
 endfacet
 facet normal  0.000000e+00  0.000000e+00  1.000000e+00
   outer loop
     vertex  4.877303e+00  1.242716e+01  3.000000e+01
     vertex  4.251797e+00  1.265483e+01  3.000000e+01
     vertex -1.172426e+01  6.384691e+00  3.000000e+01
   endloop
 endfacet
 facet normal  0.000000e+00  0.000000e+00  1.000000e+00
   outer loop
     vertex  1.202793e+01  5.792348e+00  3.000000e+01
     vertex  1.254490e+01  4.565969e+00  3.000000e+01
     vertex  1.230171e+01  5.185605e+00  3.000000e+01
   endloop
 endfacet
 facet normal  0.000000e+00  0.000000e+00  1.000000e+00
   outer loop
     vertex  1.202793e+01  5.792348e+00  3.000000e+01
     vertex  1.202793e+01 -5.792348e+00  3.000000e+01
     vertex  1.328366e+01  1.329231e+00  3.000000e+01
   endloop
 endfacet
 facet normal  0.000000e+00  0.000000e+00  1.000000e+00
   outer loop
     vertex  1.202793e+01  5.792348e+00  3.000000e+01
     vertex  1.328366e+01  1.329231e+00  3.000000e+01
     vertex  1.254490e+01  4.565969e+00  3.000000e+01
   endloop
 endfacet
 facet normal  0.000000e+00  0.000000e+00  1.000000e+00
   outer loop
     vertex  1.172426e+01  6.384691e+00  3.000000e+01
     vertex  1.202793e+01 -5.792348e+00  3.000000e+01
     vertex  1.202793e+01  5.792348e+00  3.000000e+01
   endloop
 endfacet
 facet normal  0.000000e+00  0.000000e+00  1.000000e+00
   outer loop
     vertex  1.139143e+01  6.961160e+00  3.000000e+01
     vertex  1.202793e+01 -5.792348e+00  3.000000e+01
     vertex  1.172426e+01  6.384691e+00  3.000000e+01
   endloop
 endfacet
 facet normal  0.000000e+00  0.000000e+00  1.000000e+00
   outer loop
     vertex  7.242993e+00  1.121435e+01  3.000000e+01
     vertex  6.675000e+00  1.156144e+01  3.000000e+01
     vertex  6.090412e+00  1.187979e+01  3.000000e+01
   endloop
 endfacet
 facet normal  0.000000e+00  0.000000e+00  1.000000e+00
   outer loop
     vertex  7.242993e+00  1.121435e+01  3.000000e+01
     vertex  6.090412e+00  1.187979e+01  3.000000e+01
     vertex  5.490683e+00  1.216860e+01  3.000000e+01
   endloop
 endfacet
 facet normal  0.000000e+00  0.000000e+00  1.000000e+00
   outer loop
     vertex  7.242993e+00  1.121435e+01  3.000000e+01
     vertex  5.490683e+00  1.216860e+01  3.000000e+01
     vertex  4.877303e+00  1.242716e+01  3.000000e+01
   endloop
 endfacet
 facet normal  0.000000e+00  0.000000e+00  1.000000e+00
   outer loop
     vertex  1.064172e+01  8.060789e+00  3.000000e+01
     vertex  1.139143e+01  6.961160e+00  3.000000e+01
     vertex  1.103029e+01  7.520323e+00  3.000000e+01
   endloop
 endfacet
 facet normal  0.000000e+00  0.000000e+00  1.000000e+00
   outer loop
     vertex  8.323589e+00  1.043745e+01  3.000000e+01
     vertex  7.792978e+00  1.083937e+01  3.000000e+01
     vertex  7.242993e+00  1.121435e+01  3.000000e+01
   endloop
 endfacet
 facet normal  0.000000e+00  0.000000e+00  1.000000e+00
   outer loop
     vertex  9.786242e+00  9.080306e+00  3.000000e+01
     vertex  1.064172e+01  8.060789e+00  3.000000e+01
     vertex  1.022669e+01  8.581215e+00  3.000000e+01
   endloop
 endfacet
 facet normal  0.000000e+00  0.000000e+00  1.000000e+00
   outer loop
     vertex  9.786242e+00  9.080306e+00  3.000000e+01
     vertex  1.202793e+01 -5.792348e+00  3.000000e+01
     vertex  1.139143e+01  6.961160e+00  3.000000e+01
   endloop
 endfacet
 facet normal  0.000000e+00  0.000000e+00  1.000000e+00
   outer loop
     vertex  9.786242e+00  9.080306e+00  3.000000e+01
     vertex  1.139143e+01  6.961160e+00  3.000000e+01
     vertex  1.064172e+01  8.060789e+00  3.000000e+01
   endloop
 endfacet
 facet normal  0.000000e+00  0.000000e+00  1.000000e+00
   outer loop
     vertex  9.786242e+00  9.080306e+00  3.000000e+01
     vertex -1.172426e+01  6.384691e+00  3.000000e+01
     vertex  1.202793e+01 -5.792348e+00  3.000000e+01
   endloop
 endfacet
 facet normal  0.000000e+00  0.000000e+00  1.000000e+00
   outer loop
     vertex  9.321462e+00  9.556822e+00  3.000000e+01
     vertex  8.833506e+00  1.000958e+01  3.000000e+01
     vertex  8.323589e+00  1.043745e+01  3.000000e+01
   endloop
 endfacet
 facet normal  0.000000e+00  0.000000e+00  1.000000e+00
   outer loop
     vertex  9.321462e+00  9.556822e+00  3.000000e+01
     vertex  4.877303e+00  1.242716e+01  3.000000e+01
     vertex -1.172426e+01  6.384691e+00  3.000000e+01
   endloop
 endfacet
 facet normal  0.000000e+00  0.000000e+00  1.000000e+00
   outer loop
     vertex  9.321462e+00  9.556822e+00  3.000000e+01
     vertex -1.172426e+01  6.384691e+00  3.000000e+01
     vertex  9.786242e+00  9.080306e+00  3.000000e+01
   endloop
 endfacet
 facet normal  0.000000e+00  0.000000e+00  1.000000e+00
   outer loop
     vertex  9.321462e+00  9.556822e+00  3.000000e+01
     vertex  7.242993e+00  1.121435e+01  3.000000e+01
     vertex  4.877303e+00  1.242716e+01  3.000000e+01
   endloop
 endfacet
 facet normal  0.000000e+00  0.000000e+00  1.000000e+00
   outer loop
     vertex  9.321462e+00  9.556822e+00  3.000000e+01
     vertex  8.323589e+00  1.043745e+01  3.000000e+01
     vertex  7.242993e+00  1.121435e+01  3.000000e+01
   endloop
 endfacet
 facet normal  1.000000e+00  0.000000e+00  0.000000e+00
   outer loop
     vertex  3.000000e+01 -8.581215e+00  1.022669e+01
     vertex  3.000000e+01 -9.080306e+00  9.786242e+00
     vertex  3.000000e+01 -9.556822e+00  9.321462e+00
   endloop
 endfacet
 facet normal  1.000000e+00  0.000000e+00  0.000000e+00
   outer loop
     vertex  3.000000e+01 -7.520323e+00  1.103029e+01
     vertex  3.000000e+01 -8.581215e+00  1.022669e+01
     vertex  3.000000e+01 -9.556822e+00  9.321462e+00
   endloop
 endfacet
 facet normal  1.000000e+00  0.000000e+00  0.000000e+00
   outer loop
     vertex  3.000000e+01 -7.520323e+00  1.103029e+01
     vertex  3.000000e+01 -8.060789e+00  1.064172e+01
     vertex  3.000000e+01 -8.581215e+00  1.022669e+01
   endloop
 endfacet
 facet normal  1.000000e+00  0.000000e+00  0.000000e+00
   outer loop
     vertex  3.000000e+01 -1.121435e+01  7.242993e+00
     vertex  3.000000e+01 -9.556822e+00  9.321462e+00
     vertex  3.000000e+01 -1.000958e+01  8.833506e+00
   endloop
 endfacet
 facet normal  1.000000e+00  0.000000e+00  0.000000e+00
   outer loop
     vertex  3.000000e+01 -1.121435e+01  7.242993e+00
     vertex  3.000000e+01 -1.000958e+01  8.833506e+00
     vertex  3.000000e+01 -1.043745e+01  8.323589e+00
   endloop
 endfacet
 facet normal  1.000000e+00  0.000000e+00  0.000000e+00
   outer loop
     vertex  3.000000e+01 -1.121435e+01  7.242993e+00
     vertex  3.000000e+01 -1.043745e+01  8.323589e+00
     vertex  3.000000e+01 -1.083937e+01  7.792978e+00
   endloop
 endfacet
 facet normal  1.000000e+00  0.000000e+00  0.000000e+00
   outer loop
     vertex  3.000000e+01 -1.156144e+01  6.675000e+00
     vertex  3.000000e+01 -9.556822e+00  9.321462e+00
     vertex  3.000000e+01 -1.121435e+01  7.242993e+00
   endloop
 endfacet
 facet normal  1.000000e+00  0.000000e+00  0.000000e+00
   outer loop
     vertex  3.000000e+01 -5.185605e+00  1.230171e+01
     vertex  3.000000e+01 -5.792348e+00  1.202793e+01
     vertex  3.000000e+01 -6.384691e+00  1.172426e+01
   endloop
 endfacet
 facet normal  1.000000e+00  0.000000e+00  0.000000e+00
   outer loop
     vertex  3.000000e+01 -5.185605e+00  1.230171e+01
     vertex  3.000000e+01 -6.384691e+00  1.172426e+01
     vertex  3.000000e+01 -6.961160e+00  1.139143e+01
   endloop
 endfacet
 facet normal  1.000000e+00  0.000000e+00  0.000000e+00
   outer loop
     vertex  3.000000e+01 -1.265483e+01  4.251797e+00
     vertex  3.000000e+01 -1.156144e+01  6.675000e+00
     vertex  3.000000e+01 -1.187979e+01  6.090412e+00
   endloop
 endfacet
 facet normal  1.000000e+00  0.000000e+00  0.000000e+00
   outer loop
     vertex  3.000000e+01 -1.265483e+01  4.251797e+00
     vertex  3.000000e+01 -1.187979e+01  6.090412e+00
     vertex  3.000000e+01 -1.216860e+01  5.490683e+00
   endloop
 endfacet
 facet normal  1.000000e+00  0.000000e+00  0.000000e+00
   outer loop
     vertex  3.000000e+01 -1.265483e+01  4.251797e+00
     vertex  3.000000e+01 -1.216860e+01  5.490683e+00
     vertex  3.000000e+01 -1.242716e+01  4.877303e+00
   endloop
 endfacet
 facet normal  1.000000e+00  0.000000e+00  0.000000e+00
   outer loop
     vertex  3.000000e+01 -3.934982e+00  1.275690e+01
     vertex  3.000000e+01 -5.185605e+00  1.230171e+01
     vertex  3.000000e+01 -6.961160e+00  1.139143e+01
   endloop
 endfacet
 facet normal  1.000000e+00  0.000000e+00  0.000000e+00
   outer loop
     vertex  3.000000e+01 -3.934982e+00  1.275690e+01
     vertex  3.000000e+01 -4.565969e+00  1.254490e+01
     vertex  3.000000e+01 -5.185605e+00  1.230171e+01
   endloop
 endfacet
 facet normal  1.000000e+00  0.000000e+00  0.000000e+00
   outer loop
     vertex  3.000000e+01 -3.934982e+00  1.275690e+01
     vertex  3.000000e+01 -6.961160e+00  1.139143e+01
     vertex  3.000000e+01 -7.520323e+00  1.103029e+01
   endloop
 endfacet
 facet normal  1.000000e+00  0.000000e+00  0.000000e+00
   outer loop
     vertex  3.000000e+01 -1.301529e+01  2.970654e+00
     vertex  3.000000e+01 -1.265483e+01  4.251797e+00
     vertex  3.000000e+01 -1.285103e+01  3.615720e+00
   endloop
 endfacet
 facet normal  1.000000e+00  0.000000e+00  0.000000e+00
   outer loop
     vertex  3.000000e+01 -2.645251e+00  1.308530e+01
     vertex  3.000000e+01 -3.934982e+00  1.275690e+01
     vertex  3.000000e+01 -7.520323e+00  1.103029e+01
   endloop
 endfacet
 facet normal  1.000000e+00  0.000000e+00  0.000000e+00
   outer loop
     vertex  3.000000e+01 -2.645251e+00  1.308530e+01
     vertex  3.000000e+01 -3.294211e+00  1.293718e+01
     vertex  3.000000e+01 -3.934982e+00  1.275690e+01
   endloop
 endfacet
 facet normal  1.000000e+00  0.000000e+00  0.000000e+00
   outer loop
     vertex  3.000000e+01 -1.314718e+01  2.318203e+00
     vertex  3.000000e+01 -1.265483e+01  4.251797e+00
     vertex  3.000000e+01 -1.301529e+01  2.970654e+00
   endloop
 endfacet
 facet normal  1.000000e+00  0.000000e+00  0.000000e+00
   outer loop
     vertex  3.000000e+01 -1.324639e+01  1.659988e+00
     vertex  3.000000e+01 -9.556822e+00  9.321462e+00
     vertex  3.000000e+01 -1.156144e+01  6.675000e+00
   endloop
 endfacet
 facet normal  1.000000e+00  0.000000e+00  0.000000e+00
   outer loop
     vertex  3.000000e+01 -1.324639e+01  1.659988e+00
     vertex  3.000000e+01 -1.156144e+01  6.675000e+00
     vertex  3.000000e+01 -1.265483e+01  4.251797e+00
   endloop
 endfacet
 facet normal  1.000000e+00  0.000000e+00  0.000000e+00
   outer loop
     vertex  3.000000e+01 -1.324639e+01  1.659988e+00
     vertex  3.000000e+01 -1.265483e+01  4.251797e+00
     vertex  3.000000e+01 -1.314718e+01  2.318203e+00
   endloop
 endfacet
 facet normal  1.000000e+00  0.000000e+00  0.000000e+00
   outer loop
     vertex  3.000000e+01 -4.579382e-14  1.335000e+01
     vertex  3.000000e+01 -6.654426e-01  1.333340e+01
     vertex  3.000000e+01 -1.329231e+00  1.328366e+01
   endloop
 endfacet
 facet normal  1.000000e+00  0.000000e+00  0.000000e+00
   outer loop
     vertex  3.000000e+01 -4.579382e-14  1.335000e+01
     vertex  3.000000e+01 -1.329231e+00  1.328366e+01
     vertex  3.000000e+01 -1.989714e+00  1.320089e+01
   endloop
 endfacet
 facet normal  1.000000e+00  0.000000e+00  0.000000e+00
   outer loop
     vertex  3.000000e+01 -4.579382e-14  1.335000e+01
     vertex  3.000000e+01 -1.989714e+00  1.320089e+01
     vertex  3.000000e+01 -2.645251e+00  1.308530e+01
   endloop
 endfacet
 facet normal  1.000000e+00  0.000000e+00  0.000000e+00
   outer loop
     vertex  3.000000e+01 -1.334585e+01 -3.328247e-01
     vertex  3.000000e+01 -1.324639e+01  1.659988e+00
     vertex  3.000000e+01 -1.331267e+01  9.976467e-01
   endloop
 endfacet
 facet normal  1.000000e+00  0.000000e+00 -0.000000e+00
   outer loop
     vertex  3.000000e+01 -1.334585e+01 -3.328247e-01
     vertex  3.000000e+01 -1.331267e+01  9.976467e-01
     vertex  3.000000e+01 -1.334585e+01  3.328247e-01
   endloop
 endfacet
 facet normal  1.000000e+00  0.000000e+00  0.000000e+00
   outer loop
     vertex  3.000000e+01  1.989714e+00  1.320089e+01
     vertex  3.000000e+01 -7.520323e+00  1.103029e+01
     vertex  3.000000e+01 -9.556822e+00  9.321462e+00
   endloop
 endfacet
 facet normal  1.000000e+00  0.000000e+00  0.000000e+00
   outer loop
     vertex  3.000000e+01  1.989714e+00  1.320089e+01
     vertex  3.000000e+01  1.329231e+00  1.328366e+01
     vertex  3.000000e+01  6.654426e-01  1.333340e+01
   endloop
 endfacet
 facet normal  1.000000e+00  0.000000e+00  0.000000e+00
   outer loop
     vertex  3.000000e+01  1.989714e+00  1.320089e+01
     vertex  3.000000e+01  6.654426e-01  1.333340e+01
     vertex  3.000000e+01 -4.579382e-14  1.335000e+01
   endloop
 endfacet
 facet normal  1.000000e+00  0.000000e+00  0.000000e+00
   outer loop
     vertex  3.000000e+01  1.989714e+00  1.320089e+01
     vertex  3.000000e+01 -2.645251e+00  1.308530e+01
     vertex  3.000000e+01 -7.520323e+00  1.103029e+01
   endloop
 endfacet
 facet normal  1.000000e+00  0.000000e+00  0.000000e+00
   outer loop
     vertex  3.000000e+01  1.989714e+00  1.320089e+01
     vertex  3.000000e+01 -4.579382e-14  1.335000e+01
     vertex  3.000000e+01 -2.645251e+00  1.308530e+01
   endloop
 endfacet
 facet normal  1.000000e+00  0.000000e+00  0.000000e+00
   outer loop
     vertex  3.000000e+01 -1.314718e+01 -2.318203e+00
     vertex  3.000000e+01 -1.334585e+01 -3.328247e-01
     vertex  3.000000e+01 -1.331267e+01 -9.976467e-01
   endloop
 endfacet
 facet normal  1.000000e+00  0.000000e+00  0.000000e+00
   outer loop
     vertex  3.000000e+01 -1.314718e+01 -2.318203e+00
     vertex  3.000000e+01 -1.331267e+01 -9.976467e-01
     vertex  3.000000e+01 -1.324639e+01 -1.659988e+00
   endloop
 endfacet
 facet normal  1.000000e+00  0.000000e+00  0.000000e+00
   outer loop
     vertex  3.000000e+01 -1.301529e+01 -2.970654e+00
     vertex  3.000000e+01 -1.334585e+01 -3.328247e-01
     vertex  3.000000e+01 -1.314718e+01 -2.318203e+00
   endloop
 endfacet
 facet normal  1.000000e+00  0.000000e+00  0.000000e+00
   outer loop
     vertex  3.000000e+01 -1.265483e+01 -4.251797e+00
     vertex  3.000000e+01 -1.334585e+01 -3.328247e-01
     vertex  3.000000e+01 -1.301529e+01 -2.970654e+00
   endloop
 endfacet
 facet normal  1.000000e+00  0.000000e+00  0.000000e+00
   outer loop
     vertex  3.000000e+01 -1.265483e+01 -4.251797e+00
     vertex  3.000000e+01 -1.324639e+01  1.659988e+00
     vertex  3.000000e+01 -1.334585e+01 -3.328247e-01
   endloop
 endfacet
 facet normal  1.000000e+00  0.000000e+00  0.000000e+00
   outer loop
     vertex  3.000000e+01 -1.265483e+01 -4.251797e+00
     vertex  3.000000e+01 -1.301529e+01 -2.970654e+00
     vertex  3.000000e+01 -1.285103e+01 -3.615720e+00
   endloop
 endfacet
 facet normal  1.000000e+00  0.000000e+00  0.000000e+00
   outer loop
     vertex  3.000000e+01  4.565969e+00  1.254490e+01
     vertex  3.000000e+01  3.934982e+00  1.275690e+01
     vertex  3.000000e+01  3.294211e+00  1.293718e+01
   endloop
 endfacet
 facet normal  1.000000e+00  0.000000e+00  0.000000e+00
   outer loop
     vertex  3.000000e+01  5.185605e+00  1.230171e+01
     vertex  3.000000e+01  4.565969e+00  1.254490e+01
     vertex  3.000000e+01  3.294211e+00  1.293718e+01
   endloop
 endfacet
 facet normal  1.000000e+00  0.000000e+00  0.000000e+00
   outer loop
     vertex  3.000000e+01 -1.216860e+01 -5.490683e+00
     vertex  3.000000e+01 -1.265483e+01 -4.251797e+00
     vertex  3.000000e+01 -1.242716e+01 -4.877303e+00
   endloop
 endfacet
 facet normal  1.000000e+00  0.000000e+00  0.000000e+00
   outer loop
     vertex  3.000000e+01 -1.216860e+01 -5.490683e+00
     vertex  3.000000e+01 -1.324639e+01  1.659988e+00
     vertex  3.000000e+01 -1.265483e+01 -4.251797e+00
   endloop
 endfacet
 facet normal  1.000000e+00  0.000000e+00  0.000000e+00
   outer loop
     vertex  3.000000e+01  5.792348e+00  1.202793e+01
     vertex  3.000000e+01  5.185605e+00  1.230171e+01
     vertex  3.000000e+01  3.294211e+00  1.293718e+01
   endloop
 endfacet
 facet normal  1.000000e+00  0.000000e+00  0.000000e+00
   outer loop
     vertex  3.000000e+01 -1.156144e+01 -6.675000e+00
     vertex  3.000000e+01 -1.216860e+01 -5.490683e+00
     vertex  3.000000e+01 -1.187979e+01 -6.090412e+00
   endloop
 endfacet
 facet normal  1.000000e+00  0.000000e+00  0.000000e+00
   outer loop
     vertex  3.000000e+01 -1.156144e+01 -6.675000e+00
     vertex  3.000000e+01 -1.324639e+01  1.659988e+00
     vertex  3.000000e+01 -1.216860e+01 -5.490683e+00
   endloop
 endfacet
 facet normal  1.000000e+00  0.000000e+00  0.000000e+00
   outer loop
     vertex  3.000000e+01 -1.121435e+01 -7.242993e+00
     vertex  3.000000e+01 -1.324639e+01  1.659988e+00
     vertex  3.000000e+01 -1.156144e+01 -6.675000e+00
   endloop
 endfacet
 facet normal  1.000000e+00  0.000000e+00 -0.000000e+00
   outer loop
     vertex  3.000000e+01 -1.121435e+01 -7.242993e+00
     vertex  3.000000e+01 -9.556822e+00  9.321462e+00
     vertex  3.000000e+01 -1.324639e+01  1.659988e+00
   endloop
 endfacet
 facet normal  1.000000e+00  0.000000e+00  0.000000e+00
   outer loop
     vertex  3.000000e+01  8.581215e+00  1.022669e+01
     vertex  3.000000e+01  8.060789e+00  1.064172e+01
     vertex  3.000000e+01  7.520323e+00  1.103029e+01
   endloop
 endfacet
 facet normal  1.000000e+00  0.000000e+00  0.000000e+00
   outer loop
     vertex  3.000000e+01  8.581215e+00  1.022669e+01
     vertex  3.000000e+01  7.520323e+00  1.103029e+01
     vertex  3.000000e+01  6.961160e+00  1.139143e+01
   endloop
 endfacet
 facet normal  1.000000e+00  0.000000e+00  0.000000e+00
   outer loop
     vertex  3.000000e+01  8.581215e+00  1.022669e+01
     vertex  3.000000e+01  6.961160e+00  1.139143e+01
     vertex  3.000000e+01  6.384691e+00  1.172426e+01
   endloop
 endfacet
 facet normal  1.000000e+00  0.000000e+00  0.000000e+00
   outer loop
     vertex  3.000000e+01  9.080306e+00  9.786242e+00
     vertex  3.000000e+01  8.581215e+00  1.022669e+01
     vertex  3.000000e+01  6.384691e+00  1.172426e+01
   endloop
 endfacet
 facet normal  1.000000e+00  0.000000e+00  0.000000e+00
   outer loop
     vertex  3.000000e+01 -9.556822e+00 -9.321462e+00
     vertex  3.000000e+01 -1.121435e+01 -7.242993e+00
     vertex  3.000000e+01 -1.083937e+01 -7.792978e+00
   endloop
 endfacet
 facet normal  1.000000e+00  0.000000e+00  0.000000e+00
   outer loop
     vertex  3.000000e+01 -9.556822e+00 -9.321462e+00
     vertex  3.000000e+01 -1.083937e+01 -7.792978e+00
     vertex  3.000000e+01 -1.043745e+01 -8.323589e+00
   endloop
 endfacet
 facet normal  1.000000e+00  0.000000e+00  0.000000e+00
   outer loop
     vertex  3.000000e+01 -9.556822e+00 -9.321462e+00
     vertex  3.000000e+01 -1.043745e+01 -8.323589e+00
     vertex  3.000000e+01 -1.000958e+01 -8.833506e+00
   endloop
 endfacet
 facet normal  1.000000e+00  0.000000e+00  0.000000e+00
   outer loop
     vertex  3.000000e+01 -9.080306e+00 -9.786242e+00
     vertex  3.000000e+01 -9.556822e+00  9.321462e+00
     vertex  3.000000e+01 -1.121435e+01 -7.242993e+00
   endloop
 endfacet
 facet normal  1.000000e+00  0.000000e+00  0.000000e+00
   outer loop
     vertex  3.000000e+01 -9.080306e+00 -9.786242e+00
     vertex  3.000000e+01 -1.121435e+01 -7.242993e+00
     vertex  3.000000e+01 -9.556822e+00 -9.321462e+00
   endloop
 endfacet
 facet normal  1.000000e+00  0.000000e+00  0.000000e+00
   outer loop
     vertex  3.000000e+01 -9.080306e+00 -9.786242e+00
     vertex  3.000000e+01  2.645251e+00  1.308530e+01
     vertex  3.000000e+01  1.989714e+00  1.320089e+01
   endloop
 endfacet
 facet normal  1.000000e+00  0.000000e+00 -0.000000e+00
   outer loop
     vertex  3.000000e+01 -9.080306e+00 -9.786242e+00
     vertex  3.000000e+01  1.989714e+00  1.320089e+01
     vertex  3.000000e+01 -9.556822e+00  9.321462e+00
   endloop
 endfacet
 facet normal  1.000000e+00  0.000000e+00  0.000000e+00
   outer loop
     vertex  3.000000e+01 -8.581215e+00 -1.022669e+01
     vertex  3.000000e+01  5.792348e+00  1.202793e+01
     vertex  3.000000e+01  3.294211e+00  1.293718e+01
   endloop
 endfacet
 facet normal  1.000000e+00  0.000000e+00  0.000000e+00
   outer loop
     vertex  3.000000e+01 -8.581215e+00 -1.022669e+01
     vertex  3.000000e+01  6.384691e+00  1.172426e+01
     vertex  3.000000e+01  5.792348e+00  1.202793e+01
   endloop
 endfacet
 facet normal  1.000000e+00  0.000000e+00 -0.000000e+00
   outer loop
     vertex  3.000000e+01 -8.581215e+00 -1.022669e+01
     vertex  3.000000e+01  2.645251e+00  1.308530e+01
     vertex  3.000000e+01 -9.080306e+00 -9.786242e+00
   endloop
 endfacet
 facet normal  1.000000e+00  0.000000e+00  0.000000e+00
   outer loop
     vertex  3.000000e+01 -8.581215e+00 -1.022669e+01
     vertex  3.000000e+01  3.294211e+00  1.293718e+01
     vertex  3.000000e+01  2.645251e+00  1.308530e+01
   endloop
 endfacet
 facet normal  1.000000e+00  0.000000e+00  0.000000e+00
   outer loop
     vertex  3.000000e+01  1.043745e+01  8.323589e+00
     vertex  3.000000e+01  1.000958e+01  8.833506e+00
     vertex  3.000000e+01  9.556822e+00  9.321462e+00
   endloop
 endfacet
 facet normal  1.000000e+00  0.000000e+00  0.000000e+00
   outer loop
     vertex  3.000000e+01  1.043745e+01  8.323589e+00
     vertex  3.000000e+01  9.556822e+00  9.321462e+00
     vertex  3.000000e+01  9.080306e+00  9.786242e+00
   endloop
 endfacet
 facet normal  1.000000e+00  0.000000e+00  0.000000e+00
   outer loop
     vertex  3.000000e+01  1.121435e+01  7.242993e+00
     vertex  3.000000e+01  9.080306e+00  9.786242e+00
     vertex  3.000000e+01  6.384691e+00  1.172426e+01
   endloop
 endfacet
 facet normal  1.000000e+00  0.000000e+00  0.000000e+00
   outer loop
     vertex  3.000000e+01  1.121435e+01  7.242993e+00
     vertex  3.000000e+01  1.083937e+01  7.792978e+00
     vertex  3.000000e+01  1.043745e+01  8.323589e+00
   endloop
 endfacet
 facet normal  1.000000e+00  0.000000e+00  0.000000e+00
   outer loop
     vertex  3.000000e+01  1.121435e+01  7.242993e+00
     vertex  3.000000e+01  1.043745e+01  8.323589e+00
     vertex  3.000000e+01  9.080306e+00  9.786242e+00
   endloop
 endfacet
 facet normal  1.000000e+00  0.000000e+00  0.000000e+00
   outer loop
     vertex  3.000000e+01 -6.961160e+00 -1.139143e+01
     vertex  3.000000e+01 -8.060789e+00 -1.064172e+01
     vertex  3.000000e+01 -7.520323e+00 -1.103029e+01
   endloop
 endfacet
 facet normal  1.000000e+00  0.000000e+00  0.000000e+00
   outer loop
     vertex  3.000000e+01 -6.384691e+00 -1.172426e+01
     vertex  3.000000e+01 -8.060789e+00 -1.064172e+01
     vertex  3.000000e+01 -6.961160e+00 -1.139143e+01
   endloop
 endfacet
 facet normal  1.000000e+00  0.000000e+00  0.000000e+00
   outer loop
     vertex  3.000000e+01  1.187979e+01  6.090412e+00
     vertex  3.000000e+01  1.156144e+01  6.675000e+00
     vertex  3.000000e+01  1.121435e+01  7.242993e+00
   endloop
 endfacet
 facet normal  1.000000e+00  0.000000e+00  0.000000e+00
   outer loop
     vertex  3.000000e+01  1.187979e+01  6.090412e+00
     vertex  3.000000e+01  1.121435e+01  7.242993e+00
     vertex  3.000000e+01  6.384691e+00  1.172426e+01
   endloop
 endfacet
 facet normal  1.000000e+00  0.000000e+00  0.000000e+00
   outer loop
     vertex  3.000000e+01 -5.792348e+00 -1.202793e+01
     vertex  3.000000e+01 -8.581215e+00 -1.022669e+01
     vertex  3.000000e+01 -8.060789e+00 -1.064172e+01
   endloop
 endfacet
 facet normal  1.000000e+00  0.000000e+00 -0.000000e+00
   outer loop
     vertex  3.000000e+01 -5.792348e+00 -1.202793e+01
     vertex  3.000000e+01  6.384691e+00  1.172426e+01
     vertex  3.000000e+01 -8.581215e+00 -1.022669e+01
   endloop
 endfacet
 facet normal  1.000000e+00  0.000000e+00  0.000000e+00
   outer loop
     vertex  3.000000e+01 -5.792348e+00 -1.202793e+01
     vertex  3.000000e+01 -8.060789e+00 -1.064172e+01
     vertex  3.000000e+01 -6.384691e+00 -1.172426e+01
   endloop
 endfacet
 facet normal  1.000000e+00  0.000000e+00  0.000000e+00
   outer loop
     vertex  3.000000e+01  1.242716e+01  4.877303e+00
     vertex  3.000000e+01  1.216860e+01  5.490683e+00
     vertex  3.000000e+01  1.187979e+01  6.090412e+00
   endloop
 endfacet
 facet normal  1.000000e+00  0.000000e+00  0.000000e+00
   outer loop
     vertex  3.000000e+01 -4.565969e+00 -1.254490e+01
     vertex  3.000000e+01 -5.792348e+00 -1.202793e+01
     vertex  3.000000e+01 -5.185605e+00 -1.230171e+01
   endloop
 endfacet
 facet normal  1.000000e+00  0.000000e+00  0.000000e+00
   outer loop
     vertex  3.000000e+01  1.265483e+01  4.251797e+00
     vertex  3.000000e+01  1.242716e+01  4.877303e+00
     vertex  3.000000e+01  1.187979e+01  6.090412e+00
   endloop
 endfacet
 facet normal  1.000000e+00  0.000000e+00  0.000000e+00
   outer loop
     vertex  3.000000e+01 -3.294211e+00 -1.293718e+01
     vertex  3.000000e+01 -4.565969e+00 -1.254490e+01
     vertex  3.000000e+01 -3.934982e+00 -1.275690e+01
   endloop
 endfacet
 facet normal  1.000000e+00  0.000000e+00  0.000000e+00
   outer loop
     vertex  3.000000e+01 -3.294211e+00 -1.293718e+01
     vertex  3.000000e+01 -5.792348e+00 -1.202793e+01
     vertex  3.000000e+01 -4.565969e+00 -1.254490e+01
   endloop
 endfacet
 facet normal  1.000000e+00  0.000000e+00  0.000000e+00
   outer loop
     vertex  3.000000e+01  1.314718e+01  2.318203e+00
     vertex  3.000000e+01  1.301529e+01  2.970654e+00
     vertex  3.000000e+01  1.285103e+01  3.615720e+00
   endloop
 endfacet
 facet normal  1.000000e+00  0.000000e+00  0.000000e+00
   outer loop
     vertex  3.000000e+01 -1.329231e+00 -1.328366e+01
     vertex  3.000000e+01 -3.294211e+00 -1.293718e+01
     vertex  3.000000e+01 -2.645251e+00 -1.308530e+01
   endloop
 endfacet
 facet normal  1.000000e+00  0.000000e+00  0.000000e+00
   outer loop
     vertex  3.000000e+01 -1.329231e+00 -1.328366e+01
     vertex  3.000000e+01 -2.645251e+00 -1.308530e+01
     vertex  3.000000e+01 -1.989714e+00 -1.320089e+01
   endloop
 endfacet
 facet normal  1.000000e+00  0.000000e+00  0.000000e+00
   outer loop
     vertex  3.000000e+01  1.331267e+01  9.976467e-01
     vertex  3.000000e+01  1.314718e+01  2.318203e+00
     vertex  3.000000e+01  1.285103e+01  3.615720e+00
   endloop
 endfacet
 facet normal  1.000000e+00  0.000000e+00  0.000000e+00
   outer loop
     vertex  3.000000e+01  1.331267e+01  9.976467e-01
     vertex  3.000000e+01  1.324639e+01  1.659988e+00
     vertex  3.000000e+01  1.314718e+01  2.318203e+00
   endloop
 endfacet
 facet normal  1.000000e+00  0.000000e+00  0.000000e+00
   outer loop
     vertex  3.000000e+01 -6.654426e-01 -1.333340e+01
     vertex  3.000000e+01 -3.294211e+00 -1.293718e+01
     vertex  3.000000e+01 -1.329231e+00 -1.328366e+01
   endloop
 endfacet
 facet normal  1.000000e+00  0.000000e+00  0.000000e+00
   outer loop
     vertex  3.000000e+01 -6.654426e-01 -1.333340e+01
     vertex  3.000000e+01 -5.792348e+00 -1.202793e+01
     vertex  3.000000e+01 -3.294211e+00 -1.293718e+01
   endloop
 endfacet
 facet normal  1.000000e+00  0.000000e+00  0.000000e+00
   outer loop
     vertex  3.000000e+01  0.000000e+00 -1.335000e+01
     vertex  3.000000e+01 -5.792348e+00 -1.202793e+01
     vertex  3.000000e+01 -6.654426e-01 -1.333340e+01
   endloop
 endfacet
 facet normal  1.000000e+00  0.000000e+00 -0.000000e+00
   outer loop
     vertex  3.000000e+01  1.331267e+01 -9.976467e-01
     vertex  3.000000e+01  1.331267e+01  9.976467e-01
     vertex  3.000000e+01  1.285103e+01  3.615720e+00
   endloop
 endfacet
 facet normal  1.000000e+00  0.000000e+00  0.000000e+00
   outer loop
     vertex  3.000000e+01  1.331267e+01 -9.976467e-01
     vertex  3.000000e+01  1.334585e+01 -3.328247e-01
     vertex  3.000000e+01  1.334585e+01  3.328247e-01
   endloop
 endfacet
 facet normal  1.000000e+00  0.000000e+00  0.000000e+00
   outer loop
     vertex  3.000000e+01  1.331267e+01 -9.976467e-01
     vertex  3.000000e+01  1.334585e+01  3.328247e-01
     vertex  3.000000e+01  1.331267e+01  9.976467e-01
   endloop
 endfacet
 facet normal  1.000000e+00  0.000000e+00  0.000000e+00
   outer loop
     vertex  3.000000e+01  1.331267e+01 -9.976467e-01
     vertex  3.000000e+01  1.285103e+01  3.615720e+00
     vertex  3.000000e+01  1.265483e+01  4.251797e+00
   endloop
 endfacet
 facet normal  1.000000e+00  0.000000e+00  0.000000e+00
   outer loop
     vertex  3.000000e+01  1.329231e+00 -1.328366e+01
     vertex  3.000000e+01  0.000000e+00 -1.335000e+01
     vertex  3.000000e+01  6.654426e-01 -1.333340e+01
   endloop
 endfacet
 facet normal  1.000000e+00  0.000000e+00  0.000000e+00
   outer loop
     vertex  3.000000e+01  1.329231e+00 -1.328366e+01
     vertex  3.000000e+01 -5.792348e+00 -1.202793e+01
     vertex  3.000000e+01  0.000000e+00 -1.335000e+01
   endloop
 endfacet
 facet normal  1.000000e+00  0.000000e+00  0.000000e+00
   outer loop
     vertex  3.000000e+01  1.314718e+01 -2.318203e+00
     vertex  3.000000e+01  1.324639e+01 -1.659988e+00
     vertex  3.000000e+01  1.331267e+01 -9.976467e-01
   endloop
 endfacet
 facet normal  1.000000e+00  0.000000e+00  0.000000e+00
   outer loop
     vertex  3.000000e+01  1.301529e+01 -2.970654e+00
     vertex  3.000000e+01  1.314718e+01 -2.318203e+00
     vertex  3.000000e+01  1.331267e+01 -9.976467e-01
   endloop
 endfacet
 facet normal  1.000000e+00  0.000000e+00  0.000000e+00
   outer loop
     vertex  3.000000e+01  3.294211e+00 -1.293718e+01
     vertex  3.000000e+01  1.329231e+00 -1.328366e+01
     vertex  3.000000e+01  1.989714e+00 -1.320089e+01
   endloop
 endfacet
 facet normal  1.000000e+00  0.000000e+00  0.000000e+00
   outer loop
     vertex  3.000000e+01  3.294211e+00 -1.293718e+01
     vertex  3.000000e+01  1.989714e+00 -1.320089e+01
     vertex  3.000000e+01  2.645251e+00 -1.308530e+01
   endloop
 endfacet
 facet normal  1.000000e+00  0.000000e+00  0.000000e+00
   outer loop
     vertex  3.000000e+01  1.285103e+01 -3.615720e+00
     vertex  3.000000e+01  1.301529e+01 -2.970654e+00
     vertex  3.000000e+01  1.331267e+01 -9.976467e-01
   endloop
 endfacet
 facet normal  1.000000e+00  0.000000e+00  0.000000e+00
   outer loop
     vertex  3.000000e+01  1.265483e+01 -4.251797e+00
     vertex  3.000000e+01  1.285103e+01 -3.615720e+00
     vertex  3.000000e+01  1.331267e+01 -9.976467e-01
   endloop
 endfacet
 facet normal  1.000000e+00  0.000000e+00  0.000000e+00
   outer loop
     vertex  3.000000e+01  1.265483e+01 -4.251797e+00
     vertex  3.000000e+01  1.187979e+01  6.090412e+00
     vertex  3.000000e+01  6.384691e+00  1.172426e+01
   endloop
 endfacet
 facet normal  1.000000e+00  0.000000e+00  0.000000e+00
   outer loop
     vertex  3.000000e+01  1.265483e+01 -4.251797e+00
     vertex  3.000000e+01  1.331267e+01 -9.976467e-01
     vertex  3.000000e+01  1.265483e+01  4.251797e+00
   endloop
 endfacet
 facet normal  1.000000e+00  0.000000e+00 -0.000000e+00
   outer loop
     vertex  3.000000e+01  1.265483e+01 -4.251797e+00
     vertex  3.000000e+01  1.265483e+01  4.251797e+00
     vertex  3.000000e+01  1.187979e+01  6.090412e+00
   endloop
 endfacet
 facet normal  1.000000e+00  0.000000e+00  0.000000e+00
   outer loop
     vertex  3.000000e+01  4.565969e+00 -1.254490e+01
     vertex  3.000000e+01  3.294211e+00 -1.293718e+01
     vertex  3.000000e+01  3.934982e+00 -1.275690e+01
   endloop
 endfacet
 facet normal  1.000000e+00  0.000000e+00  0.000000e+00
   outer loop
     vertex  3.000000e+01  4.565969e+00 -1.254490e+01
     vertex  3.000000e+01  1.329231e+00 -1.328366e+01
     vertex  3.000000e+01  3.294211e+00 -1.293718e+01
   endloop
 endfacet
 facet normal  1.000000e+00  0.000000e+00 -0.000000e+00
   outer loop
     vertex  3.000000e+01  1.242716e+01 -4.877303e+00
     vertex  3.000000e+01  1.265483e+01 -4.251797e+00
     vertex  3.000000e+01  6.384691e+00  1.172426e+01
   endloop
 endfacet
 facet normal  1.000000e+00  0.000000e+00  0.000000e+00
   outer loop
     vertex  3.000000e+01  5.792348e+00 -1.202793e+01
     vertex  3.000000e+01  4.565969e+00 -1.254490e+01
     vertex  3.000000e+01  5.185605e+00 -1.230171e+01
   endloop
 endfacet
 facet normal  1.000000e+00  0.000000e+00  0.000000e+00
   outer loop
     vertex  3.000000e+01  5.792348e+00 -1.202793e+01
     vertex  3.000000e+01 -5.792348e+00 -1.202793e+01
     vertex  3.000000e+01  1.329231e+00 -1.328366e+01
   endloop
 endfacet
 facet normal  1.000000e+00  0.000000e+00  0.000000e+00
   outer loop
     vertex  3.000000e+01  5.792348e+00 -1.202793e+01
     vertex  3.000000e+01  1.329231e+00 -1.328366e+01
     vertex  3.000000e+01  4.565969e+00 -1.254490e+01
   endloop
 endfacet
 facet normal  1.000000e+00  0.000000e+00  0.000000e+00
   outer loop
     vertex  3.000000e+01  6.384691e+00 -1.172426e+01
     vertex  3.000000e+01 -5.792348e+00 -1.202793e+01
     vertex  3.000000e+01  5.792348e+00 -1.202793e+01
   endloop
 endfacet
 facet normal  1.000000e+00  0.000000e+00  0.000000e+00
   outer loop
     vertex  3.000000e+01  6.961160e+00 -1.139143e+01
     vertex  3.000000e+01 -5.792348e+00 -1.202793e+01
     vertex  3.000000e+01  6.384691e+00 -1.172426e+01
   endloop
 endfacet
 facet normal  1.000000e+00  0.000000e+00  0.000000e+00
   outer loop
     vertex  3.000000e+01  1.121435e+01 -7.242993e+00
     vertex  3.000000e+01  1.156144e+01 -6.675000e+00
     vertex  3.000000e+01  1.187979e+01 -6.090412e+00
   endloop
 endfacet
 facet normal  1.000000e+00  0.000000e+00  0.000000e+00
   outer loop
     vertex  3.000000e+01  1.121435e+01 -7.242993e+00
     vertex  3.000000e+01  1.187979e+01 -6.090412e+00
     vertex  3.000000e+01  1.216860e+01 -5.490683e+00
   endloop
 endfacet
 facet normal  1.000000e+00  0.000000e+00  0.000000e+00
   outer loop
     vertex  3.000000e+01  1.121435e+01 -7.242993e+00
     vertex  3.000000e+01  1.216860e+01 -5.490683e+00
     vertex  3.000000e+01  1.242716e+01 -4.877303e+00
   endloop
 endfacet
 facet normal  1.000000e+00  0.000000e+00  0.000000e+00
   outer loop
     vertex  3.000000e+01  8.060789e+00 -1.064172e+01
     vertex  3.000000e+01  6.961160e+00 -1.139143e+01
     vertex  3.000000e+01  7.520323e+00 -1.103029e+01
   endloop
 endfacet
 facet normal  1.000000e+00  0.000000e+00  0.000000e+00
   outer loop
     vertex  3.000000e+01  1.043745e+01 -8.323589e+00
     vertex  3.000000e+01  1.083937e+01 -7.792978e+00
     vertex  3.000000e+01  1.121435e+01 -7.242993e+00
   endloop
 endfacet
 facet normal  1.000000e+00  0.000000e+00  0.000000e+00
   outer loop
     vertex  3.000000e+01  9.080306e+00 -9.786242e+00
     vertex  3.000000e+01  8.060789e+00 -1.064172e+01
     vertex  3.000000e+01  8.581215e+00 -1.022669e+01
   endloop
 endfacet
 facet normal  1.000000e+00  0.000000e+00  0.000000e+00
   outer loop
     vertex  3.000000e+01  9.080306e+00 -9.786242e+00
     vertex  3.000000e+01 -5.792348e+00 -1.202793e+01
     vertex  3.000000e+01  6.961160e+00 -1.139143e+01
   endloop
 endfacet
 facet normal  1.000000e+00  0.000000e+00  0.000000e+00
   outer loop
     vertex  3.000000e+01  9.080306e+00 -9.786242e+00
     vertex  3.000000e+01  6.961160e+00 -1.139143e+01
     vertex  3.000000e+01  8.060789e+00 -1.064172e+01
   endloop
 endfacet
 facet normal  1.000000e+00  0.000000e+00  0.000000e+00
   outer loop
     vertex  3.000000e+01  9.080306e+00 -9.786242e+00
     vertex  3.000000e+01  6.384691e+00  1.172426e+01
     vertex  3.000000e+01 -5.792348e+00 -1.202793e+01
   endloop
 endfacet
 facet normal  1.000000e+00  0.000000e+00  0.000000e+00
   outer loop
     vertex  3.000000e+01  9.556822e+00 -9.321462e+00
     vertex  3.000000e+01  1.000958e+01 -8.833506e+00
     vertex  3.000000e+01  1.043745e+01 -8.323589e+00
   endloop
 endfacet
 facet normal  1.000000e+00  0.000000e+00 -0.000000e+00
   outer loop
     vertex  3.000000e+01  9.556822e+00 -9.321462e+00
     vertex  3.000000e+01  1.242716e+01 -4.877303e+00
     vertex  3.000000e+01  6.384691e+00  1.172426e+01
   endloop
 endfacet
 facet normal  1.000000e+00  0.000000e+00  0.000000e+00
   outer loop
     vertex  3.000000e+01  9.556822e+00 -9.321462e+00
     vertex  3.000000e+01  6.384691e+00  1.172426e+01
     vertex  3.000000e+01  9.080306e+00 -9.786242e+00
   endloop
 endfacet
 facet normal  1.000000e+00  0.000000e+00  0.000000e+00
   outer loop
     vertex  3.000000e+01  9.556822e+00 -9.321462e+00
     vertex  3.000000e+01  1.121435e+01 -7.242993e+00
     vertex  3.000000e+01  1.242716e+01 -4.877303e+00
   endloop
 endfacet
 facet normal  1.000000e+00  0.000000e+00  0.000000e+00
   outer loop
     vertex  3.000000e+01  9.556822e+00 -9.321462e+00
     vertex  3.000000e+01  1.043745e+01 -8.323589e+00
     vertex  3.000000e+01  1.121435e+01 -7.242993e+00
   endloop
 endfacet
endsolid
