solid 
 facet normal  9.999284e-01  1.196620e-02  0.000000e+00
   outer loop
     vertex  1.669522e+01  3.996426e-01  1.669522e+01
     vertex  1.670000e+01  0.000000e+00  3.200000e+01
     vertex  1.670000e+01  0.000000e+00  1.670000e+01
   endloop
 endfacet
 facet normal  9.996891e-01  2.493069e-02  3.386069e-04
   outer loop
     vertex  1.667924e+01  8.324263e-01  3.200000e+01
     vertex  1.670000e+01  0.000000e+00  3.200000e+01
     vertex  1.669522e+01  3.996426e-01  1.669522e+01
   endloop
 endfacet
 facet normal  9.993556e-01  3.589278e-02  2.827653e-05
   outer loop
     vertex  1.668087e+01  7.990564e-01  1.668087e+01
     vertex  1.667924e+01  8.324263e-01  3.200000e+01
     vertex  1.669522e+01  3.996426e-01  1.669522e+01
   endloop
 endfacet
 facet normal  9.999284e-01  1.196620e-02  0.000000e+00
   outer loop
     vertex  1.669522e+01  3.996426e-01 -1.669522e+01
     vertex  1.670000e+01  0.000000e+00 -1.670000e+01
     vertex  1.670000e+01  0.000000e+00 -3.200000e+01
   endloop
 endfacet
 facet normal  9.978997e-01  6.477729e-02 -3.479821e-05
   outer loop
     vertex  1.664418e+01  1.364269e+00  1.664418e+01
     vertex  1.667924e+01  8.324263e-01  3.200000e+01
     vertex  1.668087e+01  7.990564e-01  1.668087e+01
   endloop
 endfacet
 facet normal  9.972037e-01  7.473009e-02  3.115023e-04
   outer loop
     vertex  1.664418e+01  1.364269e+00  1.664418e+01
     vertex  1.661701e+01  1.662783e+00  3.200000e+01
     vertex  1.667924e+01  8.324263e-01  3.200000e+01
   endloop
 endfacet
 facet normal  9.951304e-01  9.856721e-02 -1.555549e-04
   outer loop
     vertex  1.658834e+01  1.927912e+00  1.658834e+01
     vertex  1.661701e+01  1.662783e+00  3.200000e+01
     vertex  1.664418e+01  1.364269e+00  1.664418e+01
   endloop
 endfacet
 facet normal  9.922392e-01  1.243437e-01  2.932606e-04
   outer loop
     vertex  1.651347e+01  2.489006e+00  3.200000e+01
     vertex  1.661701e+01  1.662783e+00  3.200000e+01
     vertex  1.658834e+01  1.927912e+00  1.658834e+01
   endloop
 endfacet
 facet normal  9.996891e-01  2.493069e-02 -3.386069e-04
   outer loop
     vertex  1.667924e+01  8.324263e-01 -3.200000e+01
     vertex  1.669522e+01  3.996426e-01 -1.669522e+01
     vertex  1.670000e+01  0.000000e+00 -3.200000e+01
   endloop
 endfacet
 facet normal  9.993556e-01  3.589278e-02 -2.827653e-05
   outer loop
     vertex  1.667924e+01  8.324263e-01 -3.200000e+01
     vertex  1.668087e+01  7.990564e-01 -1.668087e+01
     vertex  1.669522e+01  3.996426e-01 -1.669522e+01
   endloop
 endfacet
 facet normal  9.978997e-01  6.477729e-02  3.479821e-05
   outer loop
     vertex  1.664418e+01  1.364269e+00 -1.664418e+01
     vertex  1.668087e+01  7.990564e-01 -1.668087e+01
     vertex  1.667924e+01  8.324263e-01 -3.200000e+01
   endloop
 endfacet
 facet normal  9.912135e-01  1.322720e-01 -3.673693e-07
   outer loop
     vertex  1.651342e+01  2.489338e+00  1.651342e+01
     vertex  1.651347e+01  2.489006e+00  3.200000e+01
     vertex  1.658834e+01  1.927912e+00  1.658834e+01
   endloop
 endfacet
 facet normal  9.951304e-01  9.856721e-02  1.555549e-04
   outer loop
     vertex  1.661701e+01  1.662783e+00 -3.200000e+01
     vertex  1.658834e+01  1.927912e+00 -1.658834e+01
     vertex  1.664418e+01  1.364269e+00 -1.664418e+01
   endloop
 endfacet
 facet normal  9.972037e-01  7.473009e-02 -3.115023e-04
   outer loop
     vertex  1.661701e+01  1.662783e+00 -3.200000e+01
     vertex  1.664418e+01  1.364269e+00 -1.664418e+01
     vertex  1.667924e+01  8.324263e-01 -3.200000e+01
   endloop
 endfacet
 facet normal  9.861578e-01  1.658095e-01  3.678052e-07
   outer loop
     vertex  1.641951e+01  3.047900e+00  1.641951e+01
     vertex  1.651347e+01  2.489006e+00  3.200000e+01
     vertex  1.651342e+01  2.489338e+00  1.651342e+01
   endloop
 endfacet
 facet normal  9.848077e-01  1.736482e-01  2.896956e-04
   outer loop
     vertex  1.641951e+01  3.047900e+00  1.641951e+01
     vertex  1.636888e+01  3.309041e+00  3.200000e+01
     vertex  1.651347e+01  2.489006e+00  3.200000e+01
   endloop
 endfacet
 facet normal  9.799738e-01  1.991262e-01 -1.530429e-04
   outer loop
     vertex  1.630671e+01  3.602956e+00  1.630671e+01
     vertex  1.636888e+01  3.309041e+00  3.200000e+01
     vertex  1.641951e+01  3.047900e+00  1.641951e+01
   endloop
 endfacet
 facet normal  9.749279e-01  2.225209e-01  3.051016e-04
   outer loop
     vertex  1.618359e+01  4.120849e+00  3.200000e+01
     vertex  1.636888e+01  3.309041e+00  3.200000e+01
     vertex  1.630671e+01  3.602956e+00  1.630671e+01
   endloop
 endfacet
 facet normal  9.912135e-01  1.322720e-01  3.673693e-07
   outer loop
     vertex  1.651347e+01  2.489006e+00 -3.200000e+01
     vertex  1.651342e+01  2.489338e+00 -1.651342e+01
     vertex  1.658834e+01  1.927912e+00 -1.658834e+01
   endloop
 endfacet
 facet normal  9.922392e-01  1.243437e-01 -2.932606e-04
   outer loop
     vertex  1.651347e+01  2.489006e+00 -3.200000e+01
     vertex  1.658834e+01  1.927912e+00 -1.658834e+01
     vertex  1.661701e+01  1.662783e+00 -3.200000e+01
   endloop
 endfacet
 facet normal  9.861578e-01  1.658095e-01 -3.678052e-07
   outer loop
     vertex  1.641951e+01  3.047900e+00 -1.641951e+01
     vertex  1.651342e+01  2.489338e+00 -1.651342e+01
     vertex  1.651347e+01  2.489006e+00 -3.200000e+01
   endloop
 endfacet
 facet normal  9.726523e-01  2.322659e-01 -3.434182e-05
   outer loop
     vertex  1.617515e+01  4.153867e+00  1.617515e+01
     vertex  1.618359e+01  4.120849e+00  3.200000e+01
     vertex  1.630671e+01  3.602956e+00  1.630671e+01
   endloop
 endfacet
 facet normal  9.799738e-01  1.991262e-01  1.530429e-04
   outer loop
     vertex  1.636888e+01  3.309041e+00 -3.200000e+01
     vertex  1.630671e+01  3.602956e+00 -1.630671e+01
     vertex  1.641951e+01  3.047900e+00 -1.641951e+01
   endloop
 endfacet
 facet normal  9.848077e-01  1.736482e-01 -2.896956e-04
   outer loop
     vertex  1.636888e+01  3.309041e+00 -3.200000e+01
     vertex  1.641951e+01  3.047900e+00 -1.641951e+01
     vertex  1.651347e+01  2.489006e+00 -3.200000e+01
   endloop
 endfacet
 facet normal  9.642116e-01  2.651339e-01  3.874127e-05
   outer loop
     vertex  1.602498e+01  4.700000e+00  1.602498e+01
     vertex  1.618359e+01  4.120849e+00  3.200000e+01
     vertex  1.617515e+01  4.153867e+00  1.617515e+01
   endloop
 endfacet
 facet normal  9.626242e-01  2.708405e-01  2.613857e-04
   outer loop
     vertex  1.602498e+01  4.700000e+00  1.602498e+01
     vertex  1.595807e+01  4.922411e+00  3.200000e+01
     vertex  1.618359e+01  4.120849e+00  3.200000e+01
   endloop
 endfacet
 facet normal  9.546818e-01  2.976282e-01 -1.448330e-04
   outer loop
     vertex  1.585638e+01  5.240727e+00  1.585638e+01
     vertex  1.595807e+01  4.922411e+00  3.200000e+01
     vertex  1.602498e+01  4.700000e+00  1.602498e+01
   endloop
 endfacet
 facet normal  9.479273e-01  3.184866e-01  3.089937e-04
   outer loop
     vertex  1.569287e+01  5.711736e+00  3.200000e+01
     vertex  1.595807e+01  4.922411e+00  3.200000e+01
     vertex  1.585638e+01  5.240727e+00  1.585638e+01
   endloop
 endfacet
 facet normal  9.726523e-01  2.322659e-01  3.434182e-05
   outer loop
     vertex  1.618359e+01  4.120849e+00 -3.200000e+01
     vertex  1.617515e+01  4.153867e+00 -1.617515e+01
     vertex  1.630671e+01  3.602956e+00 -1.630671e+01
   endloop
 endfacet
 facet normal  9.749279e-01  2.225209e-01 -3.051016e-04
   outer loop
     vertex  1.618359e+01  4.120849e+00 -3.200000e+01
     vertex  1.630671e+01  3.602956e+00 -1.630671e+01
     vertex  1.636888e+01  3.309041e+00 -3.200000e+01
   endloop
 endfacet
 facet normal  9.642116e-01  2.651339e-01 -3.874127e-05
   outer loop
     vertex  1.602498e+01  4.700000e+00 -1.602498e+01
     vertex  1.617515e+01  4.153867e+00 -1.617515e+01
     vertex  1.618359e+01  4.120849e+00 -3.200000e+01
   endloop
 endfacet
 facet normal  9.440323e-01  3.298530e-01 -6.208538e-05
   outer loop
     vertex  1.566954e+01  5.775425e+00  1.566954e+01
     vertex  1.569287e+01  5.711736e+00  3.200000e+01
     vertex  1.585638e+01  5.240727e+00  1.585638e+01
   endloop
 endfacet
 facet normal  9.546818e-01  2.976282e-01  1.448330e-04
   outer loop
     vertex  1.595807e+01  4.922411e+00 -3.200000e+01
     vertex  1.585638e+01  5.240727e+00 -1.585638e+01
     vertex  1.602498e+01  4.700000e+00 -1.602498e+01
   endloop
 endfacet
 facet normal  9.626242e-01  2.708405e-01 -2.613857e-04
   outer loop
     vertex  1.595807e+01  4.922411e+00 -3.200000e+01
     vertex  1.602498e+01  4.700000e+00 -1.602498e+01
     vertex  1.618359e+01  4.120849e+00 -3.200000e+01
   endloop
 endfacet
 facet normal  9.308737e-01  3.653410e-01  2.279663e-04
   outer loop
     vertex  1.546467e+01  6.303480e+00  1.546467e+01
     vertex  1.538865e+01  6.486861e+00  3.200000e+01
     vertex  1.569287e+01  5.711736e+00  3.200000e+01
   endloop
 endfacet
 facet normal  9.322858e-01  3.617225e-01  7.898540e-05
   outer loop
     vertex  1.546467e+01  6.303480e+00  1.546467e+01
     vertex  1.569287e+01  5.711736e+00  3.200000e+01
     vertex  1.566954e+01  5.775425e+00  1.566954e+01
   endloop
 endfacet
 facet normal  9.195146e-01  3.930558e-01 -1.316210e-04
   outer loop
     vertex  1.524202e+01  6.824284e+00  1.524202e+01
     vertex  1.538865e+01  6.486861e+00  3.200000e+01
     vertex  1.546467e+01  6.303480e+00  1.546467e+01
   endloop
 endfacet
 facet normal  9.115058e-01  4.112871e-01  3.055450e-04
   outer loop
     vertex  1.504618e+01  7.245858e+00  3.200000e+01
     vertex  1.538865e+01  6.486861e+00  3.200000e+01
     vertex  1.524202e+01  6.824284e+00  1.524202e+01
   endloop
 endfacet
 facet normal  9.440323e-01  3.298530e-01  6.208538e-05
   outer loop
     vertex  1.569287e+01  5.711736e+00 -3.200000e+01
     vertex  1.566954e+01  5.775425e+00 -1.566954e+01
     vertex  1.585638e+01  5.240727e+00 -1.585638e+01
   endloop
 endfacet
 facet normal  9.479273e-01  3.184866e-01 -3.089937e-04
   outer loop
     vertex  1.569287e+01  5.711736e+00 -3.200000e+01
     vertex  1.585638e+01  5.240727e+00 -1.585638e+01
     vertex  1.595807e+01  4.922411e+00 -3.200000e+01
   endloop
 endfacet
 facet normal  9.322858e-01  3.617225e-01 -7.898540e-05
   outer loop
     vertex  1.546467e+01  6.303480e+00 -1.546467e+01
     vertex  1.566954e+01  5.775425e+00 -1.566954e+01
     vertex  1.569287e+01  5.711736e+00 -3.200000e+01
   endloop
 endfacet
 facet normal  9.048585e-01  4.257123e-01 -1.350286e-04
   outer loop
     vertex  1.497407e+01  7.393722e+00  1.497407e+01
     vertex  1.504618e+01  7.245858e+00  3.200000e+01
     vertex  1.524202e+01  6.824284e+00  1.524202e+01
   endloop
 endfacet
 facet normal  8.898718e-01  4.562106e-01  1.933073e-04
   outer loop
     vertex  1.466630e+01  7.986841e+00  3.200000e+01
     vertex  1.504618e+01  7.245858e+00  3.200000e+01
     vertex  1.497407e+01  7.393722e+00  1.497407e+01
   endloop
 endfacet
 facet normal  9.195146e-01  3.930558e-01  1.316210e-04
   outer loop
     vertex  1.538865e+01  6.486861e+00 -3.200000e+01
     vertex  1.524202e+01  6.824284e+00 -1.524202e+01
     vertex  1.546467e+01  6.303480e+00 -1.546467e+01
   endloop
 endfacet
 facet normal  9.308737e-01  3.653410e-01 -2.279663e-04
   outer loop
     vertex  1.538865e+01  6.486861e+00 -3.200000e+01
     vertex  1.546467e+01  6.303480e+00 -1.546467e+01
     vertex  1.569287e+01  5.711736e+00 -3.200000e+01
   endloop
 endfacet
 facet normal  8.871933e-01  4.613979e-01 -3.581709e-05
   outer loop
     vertex  1.465143e+01  8.014081e+00  1.465143e+01
     vertex  1.466630e+01  7.986841e+00  3.200000e+01
     vertex  1.497407e+01  7.393722e+00  1.497407e+01
   endloop
 endfacet
 facet normal  9.115058e-01  4.112871e-01 -3.055450e-04
   outer loop
     vertex  1.504618e+01  7.245858e+00 -3.200000e+01
     vertex  1.524202e+01  6.824284e+00 -1.524202e+01
     vertex  1.538865e+01  6.486861e+00 -3.200000e+01
   endloop
 endfacet
 facet normal  9.048585e-01  4.257123e-01  1.350286e-04
   outer loop
     vertex  1.504618e+01  7.245858e+00 -3.200000e+01
     vertex  1.497407e+01  7.393722e+00 -1.497407e+01
     vertex  1.524202e+01  6.824284e+00 -1.524202e+01
   endloop
 endfacet
 facet normal  8.670827e-01  4.981642e-01  3.914573e-05
   outer loop
     vertex  1.430311e+01  8.620391e+00  1.430311e+01
     vertex  1.466630e+01  7.986841e+00  3.200000e+01
     vertex  1.465143e+01  8.014081e+00  1.465143e+01
   endloop
 endfacet
 facet normal  8.660254e-01  5.000000e-01  1.265671e-04
   outer loop
     vertex  1.430311e+01  8.620391e+00  1.430311e+01
     vertex  1.424996e+01  8.707968e+00  3.200000e+01
     vertex  1.466630e+01  7.986841e+00  3.200000e+01
   endloop
 endfacet
 facet normal  8.898718e-01  4.562106e-01 -1.933073e-04
   outer loop
     vertex  1.466630e+01  7.986841e+00 -3.200000e+01
     vertex  1.497407e+01  7.393722e+00 -1.497407e+01
     vertex  1.504618e+01  7.245858e+00 -3.200000e+01
   endloop
 endfacet
 facet normal  8.871933e-01  4.613979e-01  3.581709e-05
   outer loop
     vertex  1.466630e+01  7.986841e+00 -3.200000e+01
     vertex  1.465143e+01  8.014081e+00 -1.465143e+01
     vertex  1.497407e+01  7.393722e+00 -1.497407e+01
   endloop
 endfacet
 facet normal  8.455084e-01  5.339621e-01 -1.031196e-04
   outer loop
     vertex  1.392970e+01  9.211588e+00  1.392970e+01
     vertex  1.424996e+01  8.707968e+00  3.200000e+01
     vertex  1.430311e+01  8.620391e+00  1.430311e+01
   endloop
 endfacet
 facet normal  8.400259e-01  5.425462e-01  2.332872e-04
   outer loop
     vertex  1.392970e+01  9.211588e+00  1.392970e+01
     vertex  1.379819e+01  9.407445e+00  3.200000e+01
     vertex  1.424996e+01  8.707968e+00  3.200000e+01
   endloop
 endfacet
 facet normal  8.670827e-01  4.981642e-01 -3.914573e-05
   outer loop
     vertex  1.430311e+01  8.620391e+00 -1.430311e+01
     vertex  1.465143e+01  8.014081e+00 -1.465143e+01
     vertex  1.466630e+01  7.986841e+00 -3.200000e+01
   endloop
 endfacet
 facet normal  8.660254e-01  5.000000e-01 -1.265671e-04
   outer loop
     vertex  1.424996e+01  8.707968e+00 -3.200000e+01
     vertex  1.430311e+01  8.620391e+00 -1.430311e+01
     vertex  1.466630e+01  7.986841e+00 -3.200000e+01
   endloop
 endfacet
 facet normal  8.224415e-01  5.688496e-01 -1.797851e-04
   outer loop
     vertex  1.353188e+01  9.786635e+00  1.353188e+01
     vertex  1.379819e+01  9.407445e+00  3.200000e+01
     vertex  1.392970e+01  9.211588e+00  1.392970e+01
   endloop
 endfacet
 facet normal  8.119380e-01  5.837436e-01  2.774807e-04
   outer loop
     vertex  1.353188e+01  9.786635e+00  1.353188e+01
     vertex  1.331211e+01  1.008353e+01  3.200000e+01
     vertex  1.379819e+01  9.407445e+00  3.200000e+01
   endloop
 endfacet
 facet normal  8.455084e-01  5.339621e-01  1.031196e-04
   outer loop
     vertex  1.392970e+01  9.211588e+00 -1.392970e+01
     vertex  1.430311e+01  8.620391e+00 -1.430311e+01
     vertex  1.424996e+01  8.707968e+00 -3.200000e+01
   endloop
 endfacet
 facet normal  7.979168e-01  6.027675e-01 -1.952019e-04
   outer loop
     vertex  1.311033e+01  1.034452e+01  1.311033e+01
     vertex  1.331211e+01  1.008353e+01  3.200000e+01
     vertex  1.353188e+01  9.786635e+00  1.353188e+01
   endloop
 endfacet
 facet normal  7.818315e-01  6.234898e-01  2.629333e-04
   outer loop
     vertex  1.279294e+01  1.073455e+01  3.200000e+01
     vertex  1.331211e+01  1.008353e+01  3.200000e+01
     vertex  1.311033e+01  1.034452e+01  1.311033e+01
   endloop
 endfacet
 facet normal  8.224415e-01  5.688496e-01  1.797851e-04
   outer loop
     vertex  1.379819e+01  9.407445e+00 -3.200000e+01
     vertex  1.353188e+01  9.786635e+00 -1.353188e+01
     vertex  1.392970e+01  9.211588e+00 -1.392970e+01
   endloop
 endfacet
 facet normal  8.400259e-01  5.425462e-01 -2.332872e-04
   outer loop
     vertex  1.379819e+01  9.407445e+00 -3.200000e+01
     vertex  1.392970e+01  9.211588e+00 -1.392970e+01
     vertex  1.424996e+01  8.707968e+00 -3.200000e+01
   endloop
 endfacet
 facet normal  7.719719e-01  6.356566e-01 -1.539486e-04
   outer loop
     vertex  1.266580e+01  1.088428e+01  1.266580e+01
     vertex  1.279294e+01  1.073455e+01  3.200000e+01
     vertex  1.311033e+01  1.034452e+01  1.311033e+01
   endloop
 endfacet
 facet normal  7.497812e-01  6.616858e-01  1.935484e-04
   outer loop
     vertex  1.224197e+01  1.135888e+01  3.200000e+01
     vertex  1.279294e+01  1.073455e+01  3.200000e+01
     vertex  1.266580e+01  1.088428e+01  1.266580e+01
   endloop
 endfacet
 facet normal  7.979168e-01  6.027675e-01  1.952019e-04
   outer loop
     vertex  1.331211e+01  1.008353e+01 -3.200000e+01
     vertex  1.311033e+01  1.034452e+01 -1.311033e+01
     vertex  1.353188e+01  9.786635e+00 -1.353188e+01
   endloop
 endfacet
 facet normal  8.119380e-01  5.837436e-01 -2.774807e-04
   outer loop
     vertex  1.331211e+01  1.008353e+01 -3.200000e+01
     vertex  1.353188e+01  9.786635e+00 -1.353188e+01
     vertex  1.379819e+01  9.407445e+00 -3.200000e+01
   endloop
 endfacet
 facet normal  7.431261e-01  6.691514e-01 -1.356028e-04
   outer loop
     vertex  1.214587e+01  1.146158e+01  1.214587e+01
     vertex  1.224197e+01  1.135888e+01  3.200000e+01
     vertex  1.266580e+01  1.088428e+01  1.266580e+01
   endloop
 endfacet
 facet normal  7.158668e-01  6.982368e-01  1.467878e-04
   outer loop
     vertex  1.166055e+01  1.195498e+01  3.200000e+01
     vertex  1.224197e+01  1.135888e+01  3.200000e+01
     vertex  1.214587e+01  1.146158e+01  1.214587e+01
   endloop
 endfacet
 facet normal  7.719719e-01  6.356566e-01  1.539486e-04
   outer loop
     vertex  1.279294e+01  1.073455e+01 -3.200000e+01
     vertex  1.266580e+01  1.088428e+01 -1.266580e+01
     vertex  1.311033e+01  1.034452e+01 -1.311033e+01
   endloop
 endfacet
 facet normal  7.818315e-01  6.234898e-01 -2.629333e-04
   outer loop
     vertex  1.279294e+01  1.073455e+01 -3.200000e+01
     vertex  1.311033e+01  1.034452e+01 -1.311033e+01
     vertex  1.331211e+01  1.008353e+01 -3.200000e+01
   endloop
 endfacet
 facet normal  7.094030e-01  7.048031e-01 -1.743928e-04
   outer loop
     vertex  1.153738e+01  1.207389e+01  1.153738e+01
     vertex  1.166055e+01  1.195498e+01  3.200000e+01
     vertex  1.214587e+01  1.146158e+01  1.214587e+01
   endloop
 endfacet
 facet normal  6.801727e-01  7.330519e-01  1.657117e-04
   outer loop
     vertex  1.105015e+01  1.252135e+01  3.200000e+01
     vertex  1.166055e+01  1.195498e+01  3.200000e+01
     vertex  1.153738e+01  1.207389e+01  1.153738e+01
   endloop
 endfacet
 facet normal  7.431261e-01  6.691514e-01  1.356028e-04
   outer loop
     vertex  1.224197e+01  1.135888e+01 -3.200000e+01
     vertex  1.214587e+01  1.146158e+01 -1.214587e+01
     vertex  1.266580e+01  1.088428e+01 -1.266580e+01
   endloop
 endfacet
 facet normal  7.497812e-01  6.616858e-01 -1.935484e-04
   outer loop
     vertex  1.224197e+01  1.135888e+01 -3.200000e+01
     vertex  1.266580e+01  1.088428e+01 -1.266580e+01
     vertex  1.279294e+01  1.073455e+01 -3.200000e+01
   endloop
 endfacet
 facet normal  6.720493e-01  7.405064e-01 -1.907210e-04
   outer loop
     vertex  1.089807e+01  1.265393e+01  1.089807e+01
     vertex  1.105015e+01  1.252135e+01  3.200000e+01
     vertex  1.153738e+01  1.207389e+01  1.153738e+01
   endloop
 endfacet
 facet normal  6.427876e-01  7.660444e-01  1.806252e-04
   outer loop
     vertex  1.041228e+01  1.305659e+01  3.200000e+01
     vertex  1.105015e+01  1.252135e+01  3.200000e+01
     vertex  1.089807e+01  1.265393e+01  1.089807e+01
   endloop
 endfacet
 facet normal  7.094030e-01  7.048031e-01  1.743928e-04
   outer loop
     vertex  1.166055e+01  1.195498e+01 -3.200000e+01
     vertex  1.153738e+01  1.207389e+01 -1.153738e+01
     vertex  1.214587e+01  1.146158e+01 -1.214587e+01
   endloop
 endfacet
 facet normal  7.158668e-01  6.982368e-01 -1.467878e-04
   outer loop
     vertex  1.166055e+01  1.195498e+01 -3.200000e+01
     vertex  1.214587e+01  1.146158e+01 -1.214587e+01
     vertex  1.224197e+01  1.135888e+01 -3.200000e+01
   endloop
 endfacet
 facet normal  6.328996e-01  7.742338e-01 -2.032737e-04
   outer loop
     vertex  1.022964e+01  1.320017e+01  1.022964e+01
     vertex  1.041228e+01  1.305659e+01  3.200000e+01
     vertex  1.089807e+01  1.265393e+01  1.089807e+01
   endloop
 endfacet
 facet normal  6.038044e-01  7.971325e-01  1.918333e-04
   outer loop
     vertex  9.748519e+00  1.355936e+01  3.200000e+01
     vertex  1.041228e+01  1.305659e+01  3.200000e+01
     vertex  1.022964e+01  1.320017e+01  1.022964e+01
   endloop
 endfacet
 facet normal  6.720493e-01  7.405064e-01  1.907210e-04
   outer loop
     vertex  1.105015e+01  1.252135e+01 -3.200000e+01
     vertex  1.089807e+01  1.265393e+01 -1.089807e+01
     vertex  1.153738e+01  1.207389e+01 -1.153738e+01
   endloop
 endfacet
 facet normal  6.801727e-01  7.330519e-01 -1.657117e-04
   outer loop
     vertex  1.105015e+01  1.252135e+01 -3.200000e+01
     vertex  1.153738e+01  1.207389e+01 -1.153738e+01
     vertex  1.166055e+01  1.195498e+01 -3.200000e+01
   endloop
 endfacet
 facet normal  6.328996e-01  7.742338e-01  2.032737e-04
   outer loop
     vertex  1.041228e+01  1.305659e+01 -3.200000e+01
     vertex  1.022964e+01  1.320017e+01 -1.022964e+01
     vertex  1.089807e+01  1.265393e+01 -1.089807e+01
   endloop
 endfacet
 facet normal  6.427876e-01  7.660444e-01 -1.806252e-04
   outer loop
     vertex  1.041228e+01  1.305659e+01 -3.200000e+01
     vertex  1.089807e+01  1.265393e+01 -1.089807e+01
     vertex  1.105015e+01  1.252135e+01 -3.200000e+01
   endloop
 endfacet
 facet normal  5.920580e-01  8.058953e-01 -2.123442e-04
   outer loop
     vertex  9.533882e+00  1.371113e+01  9.533882e+00
     vertex  9.748519e+00  1.355936e+01  3.200000e+01
     vertex  1.022964e+01  1.320017e+01  1.022964e+01
   endloop
 endfacet
 facet normal  5.633200e-01  8.262388e-01  1.996389e-04
   outer loop
     vertex  9.533882e+00  1.371113e+01  9.533882e+00
     vertex  9.060523e+00  1.402843e+01  3.200000e+01
     vertex  9.748519e+00  1.355936e+01  3.200000e+01
   endloop
 endfacet
 facet normal  5.920580e-01  8.058953e-01  2.123442e-04
   outer loop
     vertex  9.748519e+00  1.355936e+01 -3.200000e+01
     vertex  9.533882e+00  1.371113e+01 -9.533882e+00
     vertex  1.022964e+01  1.320017e+01 -1.022964e+01
   endloop
 endfacet
 facet normal  6.038044e-01  7.971325e-01 -1.918333e-04
   outer loop
     vertex  9.748519e+00  1.355936e+01 -3.200000e+01
     vertex  1.022964e+01  1.320017e+01 -1.022964e+01
     vertex  1.041228e+01  1.305659e+01 -3.200000e+01
   endloop
 endfacet
 facet normal  5.496331e-01  8.354061e-01 -2.182197e-04
   outer loop
     vertex  8.812647e+00  1.418546e+01  8.812647e+00
     vertex  9.060523e+00  1.402843e+01  3.200000e+01
     vertex  9.533882e+00  1.371113e+01  9.533882e+00
   endloop
 endfacet
 facet normal  5.214352e-01  8.532909e-01  2.043371e-04
   outer loop
     vertex  8.812647e+00  1.418546e+01  8.812647e+00
     vertex  8.350000e+00  1.446262e+01  3.200000e+01
     vertex  9.060523e+00  1.402843e+01  3.200000e+01
   endloop
 endfacet
 facet normal  5.496331e-01  8.354061e-01  2.182197e-04
   outer loop
     vertex  9.060523e+00  1.402843e+01 -3.200000e+01
     vertex  8.812647e+00  1.418546e+01 -8.812647e+00
     vertex  9.533882e+00  1.371113e+01 -9.533882e+00
   endloop
 endfacet
 facet normal  5.633200e-01  8.262388e-01 -1.996389e-04
   outer loop
     vertex  9.060523e+00  1.402843e+01 -3.200000e+01
     vertex  9.533882e+00  1.371113e+01 -9.533882e+00
     vertex  9.748519e+00  1.355936e+01 -3.200000e+01
   endloop
 endfacet
 facet normal  5.057380e-01  8.626871e-01 -2.211768e-04
   outer loop
     vertex  8.067864e+00  1.462189e+01  8.067864e+00
     vertex  8.350000e+00  1.446262e+01  3.200000e+01
     vertex  8.812647e+00  1.418546e+01  8.812647e+00
   endloop
 endfacet
 facet normal  4.782540e-01  8.782216e-01  2.062103e-04
   outer loop
     vertex  8.067864e+00  1.462189e+01  8.067864e+00
     vertex  7.618718e+00  1.486086e+01  3.200000e+01
     vertex  8.350000e+00  1.446262e+01  3.200000e+01
   endloop
 endfacet
 facet normal  5.057380e-01  8.626871e-01  2.211768e-04
   outer loop
     vertex  8.350000e+00  1.446262e+01 -3.200000e+01
     vertex  8.067864e+00  1.462189e+01 -8.067864e+00
     vertex  8.812647e+00  1.418546e+01 -8.812647e+00
   endloop
 endfacet
 facet normal  5.214352e-01  8.532909e-01 -2.043371e-04
   outer loop
     vertex  8.350000e+00  1.446262e+01 -3.200000e+01
     vertex  8.812647e+00  1.418546e+01 -8.812647e+00
     vertex  9.060523e+00  1.402843e+01 -3.200000e+01
   endloop
 endfacet
 facet normal  4.579860e-01  8.889594e-01 -2.813907e-04
   outer loop
     vertex  7.215135e+00  1.506094e+01  7.215135e+00
     vertex  7.618718e+00  1.486086e+01  3.200000e+01
     vertex  8.067864e+00  1.462189e+01  8.067864e+00
   endloop
 endfacet
 facet normal  4.338837e-01  9.009688e-01  2.080253e-04
   outer loop
     vertex  7.215135e+00  1.506094e+01  7.215135e+00
     vertex  6.868495e+00  1.522215e+01  3.200000e+01
     vertex  7.618718e+00  1.486086e+01  3.200000e+01
   endloop
 endfacet
 facet normal  4.579860e-01  8.889594e-01  2.813907e-04
   outer loop
     vertex  7.618718e+00  1.486086e+01 -3.200000e+01
     vertex  7.215135e+00  1.506094e+01 -7.215135e+00
     vertex  8.067864e+00  1.462189e+01 -8.067864e+00
   endloop
 endfacet
 facet normal  4.782540e-01  8.782216e-01 -2.062103e-04
   outer loop
     vertex  7.618718e+00  1.486086e+01 -3.200000e+01
     vertex  8.067864e+00  1.462189e+01 -8.067864e+00
     vertex  8.350000e+00  1.446262e+01 -3.200000e+01
   endloop
 endfacet
 facet normal  4.033103e-01  9.150632e-01 -3.112488e-04
   outer loop
     vertex  6.239869e+00  1.549045e+01  6.239869e+00
     vertex  6.868495e+00  1.522215e+01  3.200000e+01
     vertex  7.215135e+00  1.506094e+01  7.215135e+00
   endloop
 endfacet
 facet normal  3.884348e-01  9.214762e-01  1.185518e-04
   outer loop
     vertex  6.239869e+00  1.549045e+01  6.239869e+00
     vertex  6.101195e+00  1.554559e+01  3.200000e+01
     vertex  6.868495e+00  1.522215e+01  3.200000e+01
   endloop
 endfacet
 facet normal  4.338837e-01  9.009688e-01 -2.080253e-04
   outer loop
     vertex  6.868495e+00  1.522215e+01 -3.200000e+01
     vertex  7.215135e+00  1.506094e+01 -7.215135e+00
     vertex  7.618718e+00  1.486086e+01 -3.200000e+01
   endloop
 endfacet
 facet normal  4.033103e-01  9.150632e-01  3.112488e-04
   outer loop
     vertex  6.239869e+00  1.549045e+01 -6.239869e+00
     vertex  7.215135e+00  1.506094e+01 -7.215135e+00
     vertex  6.868495e+00  1.522215e+01 -3.200000e+01
   endloop
 endfacet
 facet normal  3.439991e-01  9.389700e-01 -1.581059e-04
   outer loop
     vertex  5.239196e+00  1.585689e+01  5.239196e+00
     vertex  6.101195e+00  1.554559e+01  3.200000e+01
     vertex  6.239869e+00  1.549045e+01  6.239869e+00
   endloop
 endfacet
 facet normal  3.420201e-01  9.396926e-01 -8.595611e-05
   outer loop
     vertex  5.239196e+00  1.585689e+01  5.239196e+00
     vertex  5.318727e+00  1.583039e+01  3.200000e+01
     vertex  6.101195e+00  1.554559e+01  3.200000e+01
   endloop
 endfacet
 facet normal  2.947552e-01  9.555728e-01  7.023647e-05
   outer loop
     vertex  4.523036e+00  1.607582e+01  3.200000e+01
     vertex  5.318727e+00  1.583039e+01  3.200000e+01
     vertex  5.239196e+00  1.585689e+01  5.239196e+00
   endloop
 endfacet
 facet normal  3.884348e-01  9.214762e-01 -1.185518e-04
   outer loop
     vertex  6.101195e+00  1.554559e+01 -3.200000e+01
     vertex  6.239869e+00  1.549045e+01 -6.239869e+00
     vertex  6.868495e+00  1.522215e+01 -3.200000e+01
   endloop
 endfacet
 facet normal  3.439991e-01  9.389700e-01  1.581059e-04
   outer loop
     vertex  5.239196e+00  1.585689e+01 -5.239196e+00
     vertex  6.239869e+00  1.549045e+01 -6.239869e+00
     vertex  6.101195e+00  1.554559e+01 -3.200000e+01
   endloop
 endfacet
 facet normal  3.420201e-01  9.396926e-01  8.595611e-05
   outer loop
     vertex  5.318727e+00  1.583039e+01 -3.200000e+01
     vertex  5.239196e+00  1.585689e+01 -5.239196e+00
     vertex  6.101195e+00  1.554559e+01 -3.200000e+01
   endloop
 endfacet
 facet normal  2.835073e-01  9.589700e-01 -2.585673e-04
   outer loop
     vertex  4.217189e+00  1.615875e+01  4.217189e+00
     vertex  4.523036e+00  1.607582e+01  3.200000e+01
     vertex  5.239196e+00  1.585689e+01  5.239196e+00
   endloop
 endfacet
 facet normal  2.467574e-01  9.690773e-01  1.761630e-04
   outer loop
     vertex  4.217189e+00  1.615875e+01  4.217189e+00
     vertex  3.716100e+00  1.628130e+01  3.200000e+01
     vertex  4.523036e+00  1.607582e+01  3.200000e+01
   endloop
 endfacet
 facet normal  2.835073e-01  9.589700e-01  2.585673e-04
   outer loop
     vertex  4.523036e+00  1.607582e+01 -3.200000e+01
     vertex  4.217189e+00  1.615875e+01 -4.217189e+00
     vertex  5.239196e+00  1.585689e+01 -5.239196e+00
   endloop
 endfacet
 facet normal  2.947552e-01  9.555728e-01 -7.023647e-05
   outer loop
     vertex  4.523036e+00  1.607582e+01 -3.200000e+01
     vertex  5.239196e+00  1.585689e+01 -5.239196e+00
     vertex  5.318727e+00  1.583039e+01 -3.200000e+01
   endloop
 endfacet
 facet normal  2.218114e-01  9.750895e-01 -3.002794e-04
   outer loop
     vertex  3.178010e+00  1.639482e+01  3.178010e+00
     vertex  3.716100e+00  1.628130e+01  3.200000e+01
     vertex  4.217189e+00  1.615875e+01  4.217189e+00
   endloop
 endfacet
 facet normal  1.981461e-01  9.801725e-01  1.615594e-04
   outer loop
     vertex  3.178010e+00  1.639482e+01  3.178010e+00
     vertex  2.899925e+00  1.644629e+01  3.200000e+01
     vertex  3.716100e+00  1.628130e+01  3.200000e+01
   endloop
 endfacet
 facet normal  2.218114e-01  9.750895e-01  3.002794e-04
   outer loop
     vertex  3.716100e+00  1.628130e+01 -3.200000e+01
     vertex  3.178010e+00  1.639482e+01 -3.178010e+00
     vertex  4.217189e+00  1.615875e+01 -4.217189e+00
   endloop
 endfacet
 facet normal  2.467574e-01  9.690773e-01 -1.761630e-04
   outer loop
     vertex  3.716100e+00  1.628130e+01 -3.200000e+01
     vertex  4.217189e+00  1.615875e+01 -4.217189e+00
     vertex  4.523036e+00  1.607582e+01 -3.200000e+01
   endloop
 endfacet
 facet normal  1.591023e-01  9.872621e-01 -2.278090e-04
   outer loop
     vertex  2.125890e+00  1.656414e+01  2.125890e+00
     vertex  2.899925e+00  1.644629e+01  3.200000e+01
     vertex  3.178010e+00  1.639482e+01  3.178010e+00
   endloop
 endfacet
 facet normal  1.490423e-01  9.888308e-01  3.903436e-05
   outer loop
     vertex  2.125890e+00  1.656414e+01  2.125890e+00
     vertex  2.076540e+00  1.657039e+01  3.200000e+01
     vertex  2.899925e+00  1.644629e+01  3.200000e+01
   endloop
 endfacet
 facet normal  9.956785e-02  9.950308e-01 -4.399295e-05
   outer loop
     vertex  1.247993e+00  1.665330e+01  3.200000e+01
     vertex  2.076540e+00  1.657039e+01  3.200000e+01
     vertex  2.125890e+00  1.656414e+01  2.125890e+00
   endloop
 endfacet
 facet normal  1.981461e-01  9.801725e-01 -1.615594e-04
   outer loop
     vertex  2.899925e+00  1.644629e+01 -3.200000e+01
     vertex  3.178010e+00  1.639482e+01 -3.178010e+00
     vertex  3.716100e+00  1.628130e+01 -3.200000e+01
   endloop
 endfacet
 facet normal  1.591023e-01  9.872621e-01  2.278090e-04
   outer loop
     vertex  2.125890e+00  1.656414e+01 -2.125890e+00
     vertex  3.178010e+00  1.639482e+01 -3.178010e+00
     vertex  2.899925e+00  1.644629e+01 -3.200000e+01
   endloop
 endfacet
 facet normal  1.490423e-01  9.888308e-01 -3.903436e-05
   outer loop
     vertex  2.076540e+00  1.657039e+01 -3.200000e+01
     vertex  2.125890e+00  1.656414e+01 -2.125890e+00
     vertex  2.899925e+00  1.644629e+01 -3.200000e+01
   endloop
 endfacet
 facet normal  4.984589e-02  9.987569e-01  1.152212e-04
   outer loop
     vertex  1.065113e+00  1.666600e+01  1.065113e+00
     vertex  4.163426e-01  1.669481e+01  3.200000e+01
     vertex  1.247993e+00  1.665330e+01  3.200000e+01
   endloop
 endfacet
 facet normal  9.574374e-02  9.954060e-01 -1.574904e-04
   outer loop
     vertex  1.065113e+00  1.666600e+01  1.065113e+00
     vertex  1.247993e+00  1.665330e+01  3.200000e+01
     vertex  2.125890e+00  1.656414e+01  2.125890e+00
   endloop
 endfacet
 facet normal  9.574374e-02  9.954060e-01  1.574904e-04
   outer loop
     vertex  1.247993e+00  1.665330e+01 -3.200000e+01
     vertex  1.065113e+00  1.666600e+01 -1.065113e+00
     vertex  2.125890e+00  1.656414e+01 -2.125890e+00
   endloop
 endfacet
 facet normal  9.956785e-02  9.950308e-01  4.399295e-05
   outer loop
     vertex  1.247993e+00  1.665330e+01 -3.200000e+01
     vertex  2.125890e+00  1.656414e+01 -2.125890e+00
     vertex  2.076540e+00  1.657039e+01 -3.200000e+01
   endloop
 endfacet
 facet normal  0.000000e+00  1.000000e+00  1.622081e-04
   outer loop
     vertex  0.000000e+00  1.670000e+01 -1.022580e-15
     vertex -4.163426e-01  1.669481e+01  3.200000e+01
     vertex  4.163426e-01  1.669481e+01  3.200000e+01
   endloop
 endfacet
 facet normal  3.216193e-02  9.994826e-01 -2.563252e-04
   outer loop
     vertex  0.000000e+00  1.670000e+01 -1.022580e-15
     vertex  4.163426e-01  1.669481e+01  3.200000e+01
     vertex  1.065113e+00  1.666600e+01  1.065113e+00
   endloop
 endfacet
 facet normal -4.984588e-02  9.987568e-01 -4.865235e-04
   outer loop
     vertex -1.247993e+00  1.665330e+01  3.200000e+01
     vertex -4.163426e-01  1.669481e+01  3.200000e+01
     vertex  0.000000e+00  1.670000e+01 -1.022580e-15
   endloop
 endfacet
 facet normal  3.216193e-02  9.994826e-01  2.563252e-04
   outer loop
     vertex  4.163426e-01  1.669481e+01 -3.200000e+01
     vertex  0.000000e+00  1.670000e+01 -1.022580e-15
     vertex  1.065113e+00  1.666600e+01 -1.065113e+00
   endloop
 endfacet
 facet normal  4.984589e-02  9.987569e-01 -1.152212e-04
   outer loop
     vertex  4.163426e-01  1.669481e+01 -3.200000e+01
     vertex  1.065113e+00  1.666600e+01 -1.065113e+00
     vertex  1.247993e+00  1.665330e+01 -3.200000e+01
   endloop
 endfacet
 facet normal  0.000000e+00  1.000000e+00 -1.622081e-04
   outer loop
     vertex -4.163426e-01  1.669481e+01 -3.200000e+01
     vertex  0.000000e+00  1.670000e+01 -1.022580e-15
     vertex  4.163426e-01  1.669481e+01 -3.200000e+01
   endloop
 endfacet
 facet normal -3.739119e-02  9.993007e-01  0.000000e+00
   outer loop
     vertex -1.247993e+00  1.665330e+01 -3.200000e+01
     vertex -1.247993e+00  1.665330e+01  3.200000e+01
     vertex  0.000000e+00  1.670000e+01 -1.022580e-15
   endloop
 endfacet
 facet normal -4.984588e-02  9.987568e-01  4.865235e-04
   outer loop
     vertex -1.247993e+00  1.665330e+01 -3.200000e+01
     vertex  0.000000e+00  1.670000e+01 -1.022580e-15
     vertex -4.163426e-01  1.669481e+01 -3.200000e+01
   endloop
 endfacet
 facet normal -9.956785e-02  9.950308e-01  0.000000e+00
   outer loop
     vertex -2.076540e+00  1.657039e+01 -3.200000e+01
     vertex -2.076540e+00  1.657039e+01  3.200000e+01
     vertex -1.247993e+00  1.665330e+01  3.200000e+01
   endloop
 endfacet
 facet normal -9.956785e-02  9.950308e-01  0.000000e+00
   outer loop
     vertex -2.076540e+00  1.657039e+01 -3.200000e+01
     vertex -1.247993e+00  1.665330e+01  3.200000e+01
     vertex -1.247993e+00  1.665330e+01 -3.200000e+01
   endloop
 endfacet
 facet normal -1.490423e-01  9.888308e-01  0.000000e+00
   outer loop
     vertex -2.899925e+00  1.644629e+01 -3.200000e+01
     vertex -2.899925e+00  1.644629e+01  3.200000e+01
     vertex -2.076540e+00  1.657039e+01  3.200000e+01
   endloop
 endfacet
 facet normal -1.490423e-01  9.888308e-01  0.000000e+00
   outer loop
     vertex -2.899925e+00  1.644629e+01 -3.200000e+01
     vertex -2.076540e+00  1.657039e+01  3.200000e+01
     vertex -2.076540e+00  1.657039e+01 -3.200000e+01
   endloop
 endfacet
 facet normal -1.981461e-01  9.801725e-01  0.000000e+00
   outer loop
     vertex -3.716100e+00  1.628130e+01 -3.200000e+01
     vertex -3.716100e+00  1.628130e+01  3.200000e+01
     vertex -2.899925e+00  1.644629e+01  3.200000e+01
   endloop
 endfacet
 facet normal -1.981461e-01  9.801725e-01  0.000000e+00
   outer loop
     vertex -3.716100e+00  1.628130e+01 -3.200000e+01
     vertex -2.899925e+00  1.644629e+01  3.200000e+01
     vertex -2.899925e+00  1.644629e+01 -3.200000e+01
   endloop
 endfacet
 facet normal -2.467574e-01  9.690773e-01  0.000000e+00
   outer loop
     vertex -4.523036e+00  1.607582e+01 -3.200000e+01
     vertex -4.523036e+00  1.607582e+01  3.200000e+01
     vertex -3.716100e+00  1.628130e+01  3.200000e+01
   endloop
 endfacet
 facet normal -2.467574e-01  9.690773e-01  0.000000e+00
   outer loop
     vertex -4.523036e+00  1.607582e+01 -3.200000e+01
     vertex -3.716100e+00  1.628130e+01  3.200000e+01
     vertex -3.716100e+00  1.628130e+01 -3.200000e+01
   endloop
 endfacet
 facet normal -2.947552e-01  9.555728e-01  0.000000e+00
   outer loop
     vertex -5.318727e+00  1.583039e+01 -3.200000e+01
     vertex -5.318727e+00  1.583039e+01  3.200000e+01
     vertex -4.523036e+00  1.607582e+01  3.200000e+01
   endloop
 endfacet
 facet normal -2.947552e-01  9.555728e-01  0.000000e+00
   outer loop
     vertex -5.318727e+00  1.583039e+01 -3.200000e+01
     vertex -4.523036e+00  1.607582e+01  3.200000e+01
     vertex -4.523036e+00  1.607582e+01 -3.200000e+01
   endloop
 endfacet
 facet normal -3.420201e-01  9.396926e-01  0.000000e+00
   outer loop
     vertex -6.101195e+00  1.554559e+01 -3.200000e+01
     vertex -5.318727e+00  1.583039e+01  3.200000e+01
     vertex -5.318727e+00  1.583039e+01 -3.200000e+01
   endloop
 endfacet
 facet normal -3.420201e-01  9.396926e-01  0.000000e+00
   outer loop
     vertex -6.101195e+00  1.554559e+01 -3.200000e+01
     vertex -6.101195e+00  1.554559e+01  3.200000e+01
     vertex -5.318727e+00  1.583039e+01  3.200000e+01
   endloop
 endfacet
 facet normal -3.884348e-01  9.214762e-01  0.000000e+00
   outer loop
     vertex -6.868495e+00  1.522215e+01 -3.200000e+01
     vertex -6.868495e+00  1.522215e+01  3.200000e+01
     vertex -6.101195e+00  1.554559e+01  3.200000e+01
   endloop
 endfacet
 facet normal -3.884348e-01  9.214762e-01  0.000000e+00
   outer loop
     vertex -6.868495e+00  1.522215e+01 -3.200000e+01
     vertex -6.101195e+00  1.554559e+01  3.200000e+01
     vertex -6.101195e+00  1.554559e+01 -3.200000e+01
   endloop
 endfacet
 facet normal -4.338837e-01  9.009689e-01  0.000000e+00
   outer loop
     vertex -7.618718e+00  1.486086e+01 -3.200000e+01
     vertex -7.618718e+00  1.486086e+01  3.200000e+01
     vertex -6.868495e+00  1.522215e+01  3.200000e+01
   endloop
 endfacet
 facet normal -4.338837e-01  9.009689e-01  0.000000e+00
   outer loop
     vertex -7.618718e+00  1.486086e+01 -3.200000e+01
     vertex -6.868495e+00  1.522215e+01  3.200000e+01
     vertex -6.868495e+00  1.522215e+01 -3.200000e+01
   endloop
 endfacet
 facet normal -4.782540e-01  8.782216e-01  0.000000e+00
   outer loop
     vertex -8.350000e+00  1.446262e+01 -3.200000e+01
     vertex -8.350000e+00  1.446262e+01  3.200000e+01
     vertex -7.618718e+00  1.486086e+01  3.200000e+01
   endloop
 endfacet
 facet normal -4.782540e-01  8.782216e-01  0.000000e+00
   outer loop
     vertex -8.350000e+00  1.446262e+01 -3.200000e+01
     vertex -7.618718e+00  1.486086e+01  3.200000e+01
     vertex -7.618718e+00  1.486086e+01 -3.200000e+01
   endloop
 endfacet
 facet normal -5.214352e-01  8.532909e-01  0.000000e+00
   outer loop
     vertex -9.060523e+00  1.402843e+01 -3.200000e+01
     vertex -9.060523e+00  1.402843e+01  3.200000e+01
     vertex -8.350000e+00  1.446262e+01  3.200000e+01
   endloop
 endfacet
 facet normal -5.214352e-01  8.532909e-01  0.000000e+00
   outer loop
     vertex -9.060523e+00  1.402843e+01 -3.200000e+01
     vertex -8.350000e+00  1.446262e+01  3.200000e+01
     vertex -8.350000e+00  1.446262e+01 -3.200000e+01
   endloop
 endfacet
 facet normal -5.633201e-01  8.262388e-01  0.000000e+00
   outer loop
     vertex -9.748519e+00  1.355936e+01 -3.200000e+01
     vertex -9.748519e+00  1.355936e+01  3.200000e+01
     vertex -9.060523e+00  1.402843e+01  3.200000e+01
   endloop
 endfacet
 facet normal -5.633201e-01  8.262388e-01  0.000000e+00
   outer loop
     vertex -9.748519e+00  1.355936e+01 -3.200000e+01
     vertex -9.060523e+00  1.402843e+01  3.200000e+01
     vertex -9.060523e+00  1.402843e+01 -3.200000e+01
   endloop
 endfacet
 facet normal -6.038044e-01  7.971325e-01  0.000000e+00
   outer loop
     vertex -1.041228e+01  1.305659e+01 -3.200000e+01
     vertex -1.041228e+01  1.305659e+01  3.200000e+01
     vertex -9.748519e+00  1.355936e+01  3.200000e+01
   endloop
 endfacet
 facet normal -6.038044e-01  7.971325e-01  0.000000e+00
   outer loop
     vertex -1.041228e+01  1.305659e+01 -3.200000e+01
     vertex -9.748519e+00  1.355936e+01  3.200000e+01
     vertex -9.748519e+00  1.355936e+01 -3.200000e+01
   endloop
 endfacet
 facet normal -6.427876e-01  7.660444e-01  0.000000e+00
   outer loop
     vertex -1.105015e+01  1.252135e+01 -3.200000e+01
     vertex -1.105015e+01  1.252135e+01  3.200000e+01
     vertex -1.041228e+01  1.305659e+01  3.200000e+01
   endloop
 endfacet
 facet normal -6.427876e-01  7.660444e-01  0.000000e+00
   outer loop
     vertex -1.105015e+01  1.252135e+01 -3.200000e+01
     vertex -1.041228e+01  1.305659e+01  3.200000e+01
     vertex -1.041228e+01  1.305659e+01 -3.200000e+01
   endloop
 endfacet
 facet normal -6.801727e-01  7.330519e-01  0.000000e+00
   outer loop
     vertex -1.166055e+01  1.195498e+01 -3.200000e+01
     vertex -1.166055e+01  1.195498e+01  3.200000e+01
     vertex -1.105015e+01  1.252135e+01  3.200000e+01
   endloop
 endfacet
 facet normal -6.801727e-01  7.330519e-01  0.000000e+00
   outer loop
     vertex -1.166055e+01  1.195498e+01 -3.200000e+01
     vertex -1.105015e+01  1.252135e+01  3.200000e+01
     vertex -1.105015e+01  1.252135e+01 -3.200000e+01
   endloop
 endfacet
 facet normal -7.158668e-01  6.982368e-01  0.000000e+00
   outer loop
     vertex -1.224197e+01  1.135888e+01 -3.200000e+01
     vertex -1.224197e+01  1.135888e+01  3.200000e+01
     vertex -1.166055e+01  1.195498e+01  3.200000e+01
   endloop
 endfacet
 facet normal -7.497812e-01  6.616858e-01  0.000000e+00
   outer loop
     vertex -1.224197e+01  1.135888e+01 -3.200000e+01
     vertex -1.279294e+01  1.073455e+01  3.200000e+01
     vertex -1.224197e+01  1.135888e+01  3.200000e+01
   endloop
 endfacet
 facet normal -7.158668e-01  6.982368e-01  0.000000e+00
   outer loop
     vertex -1.224197e+01  1.135888e+01 -3.200000e+01
     vertex -1.166055e+01  1.195498e+01  3.200000e+01
     vertex -1.166055e+01  1.195498e+01 -3.200000e+01
   endloop
 endfacet
 facet normal -7.497812e-01  6.616858e-01  0.000000e+00
   outer loop
     vertex -1.279294e+01  1.073455e+01 -3.200000e+01
     vertex -1.279294e+01  1.073455e+01  3.200000e+01
     vertex -1.224197e+01  1.135888e+01 -3.200000e+01
   endloop
 endfacet
 facet normal -7.818315e-01  6.234898e-01  0.000000e+00
   outer loop
     vertex -1.331211e+01  1.008353e+01 -3.200000e+01
     vertex -1.331211e+01  1.008353e+01  3.200000e+01
     vertex -1.279294e+01  1.073455e+01  3.200000e+01
   endloop
 endfacet
 facet normal -7.818315e-01  6.234898e-01  0.000000e+00
   outer loop
     vertex -1.331211e+01  1.008353e+01 -3.200000e+01
     vertex -1.279294e+01  1.073455e+01  3.200000e+01
     vertex -1.279294e+01  1.073455e+01 -3.200000e+01
   endloop
 endfacet
 facet normal -8.119380e-01  5.837437e-01  0.000000e+00
   outer loop
     vertex -1.379819e+01  9.407445e+00 -3.200000e+01
     vertex -1.379819e+01  9.407445e+00  3.200000e+01
     vertex -1.331211e+01  1.008353e+01  3.200000e+01
   endloop
 endfacet
 facet normal -8.119380e-01  5.837437e-01  0.000000e+00
   outer loop
     vertex -1.379819e+01  9.407445e+00 -3.200000e+01
     vertex -1.331211e+01  1.008353e+01  3.200000e+01
     vertex -1.331211e+01  1.008353e+01 -3.200000e+01
   endloop
 endfacet
 facet normal -8.400259e-01  5.425463e-01  0.000000e+00
   outer loop
     vertex -1.424996e+01  8.707968e+00 -3.200000e+01
     vertex -1.424996e+01  8.707968e+00  3.200000e+01
     vertex -1.379819e+01  9.407445e+00  3.200000e+01
   endloop
 endfacet
 facet normal -8.660254e-01  5.000000e-01  0.000000e+00
   outer loop
     vertex -1.424996e+01  8.707968e+00 -3.200000e+01
     vertex -1.466630e+01  7.986841e+00  3.200000e+01
     vertex -1.424996e+01  8.707968e+00  3.200000e+01
   endloop
 endfacet
 facet normal -8.400259e-01  5.425463e-01  0.000000e+00
   outer loop
     vertex -1.424996e+01  8.707968e+00 -3.200000e+01
     vertex -1.379819e+01  9.407445e+00  3.200000e+01
     vertex -1.379819e+01  9.407445e+00 -3.200000e+01
   endloop
 endfacet
 facet normal -8.660254e-01  5.000000e-01  0.000000e+00
   outer loop
     vertex -1.466630e+01  7.986841e+00 -3.200000e+01
     vertex -1.466630e+01  7.986841e+00  3.200000e+01
     vertex -1.424996e+01  8.707968e+00 -3.200000e+01
   endloop
 endfacet
 facet normal -8.898718e-01  4.562107e-01  0.000000e+00
   outer loop
     vertex -1.504618e+01  7.245858e+00 -3.200000e+01
     vertex -1.504618e+01  7.245858e+00  3.200000e+01
     vertex -1.466630e+01  7.986841e+00  3.200000e+01
   endloop
 endfacet
 facet normal -8.898718e-01  4.562107e-01  0.000000e+00
   outer loop
     vertex -1.504618e+01  7.245858e+00 -3.200000e+01
     vertex -1.466630e+01  7.986841e+00  3.200000e+01
     vertex -1.466630e+01  7.986841e+00 -3.200000e+01
   endloop
 endfacet
 facet normal -9.115059e-01  4.112871e-01  0.000000e+00
   outer loop
     vertex -1.538865e+01  6.486861e+00 -3.200000e+01
     vertex -1.538865e+01  6.486861e+00  3.200000e+01
     vertex -1.504618e+01  7.245858e+00  3.200000e+01
   endloop
 endfacet
 facet normal -9.115059e-01  4.112871e-01  0.000000e+00
   outer loop
     vertex -1.538865e+01  6.486861e+00 -3.200000e+01
     vertex -1.504618e+01  7.245858e+00  3.200000e+01
     vertex -1.504618e+01  7.245858e+00 -3.200000e+01
   endloop
 endfacet
 facet normal -9.308737e-01  3.653410e-01  0.000000e+00
   outer loop
     vertex -1.569287e+01  5.711736e+00 -3.200000e+01
     vertex -1.569287e+01  5.711736e+00  3.200000e+01
     vertex -1.538865e+01  6.486861e+00  3.200000e+01
   endloop
 endfacet
 facet normal -9.308737e-01  3.653410e-01  0.000000e+00
   outer loop
     vertex -1.569287e+01  5.711736e+00 -3.200000e+01
     vertex -1.538865e+01  6.486861e+00  3.200000e+01
     vertex -1.538865e+01  6.486861e+00 -3.200000e+01
   endloop
 endfacet
 facet normal -9.479273e-01  3.184867e-01  0.000000e+00
   outer loop
     vertex -1.595807e+01  4.922411e+00 -3.200000e+01
     vertex -1.595807e+01  4.922411e+00  3.200000e+01
     vertex -1.569287e+01  5.711736e+00  3.200000e+01
   endloop
 endfacet
 facet normal -9.479273e-01  3.184867e-01  0.000000e+00
   outer loop
     vertex -1.595807e+01  4.922411e+00 -3.200000e+01
     vertex -1.569287e+01  5.711736e+00  3.200000e+01
     vertex -1.569287e+01  5.711736e+00 -3.200000e+01
   endloop
 endfacet
 facet normal -9.626242e-01  2.708405e-01  0.000000e+00
   outer loop
     vertex -1.618359e+01  4.120849e+00 -3.200000e+01
     vertex -1.618359e+01  4.120849e+00  3.200000e+01
     vertex -1.595807e+01  4.922411e+00  3.200000e+01
   endloop
 endfacet
 facet normal -9.626242e-01  2.708405e-01  0.000000e+00
   outer loop
     vertex -1.618359e+01  4.120849e+00 -3.200000e+01
     vertex -1.595807e+01  4.922411e+00  3.200000e+01
     vertex -1.595807e+01  4.922411e+00 -3.200000e+01
   endloop
 endfacet
 facet normal -9.749279e-01  2.225209e-01  0.000000e+00
   outer loop
     vertex -1.636888e+01  3.309041e+00 -3.200000e+01
     vertex -1.636888e+01  3.309041e+00  3.200000e+01
     vertex -1.618359e+01  4.120849e+00  3.200000e+01
   endloop
 endfacet
 facet normal -9.749279e-01  2.225209e-01  0.000000e+00
   outer loop
     vertex -1.636888e+01  3.309041e+00 -3.200000e+01
     vertex -1.618359e+01  4.120849e+00  3.200000e+01
     vertex -1.618359e+01  4.120849e+00 -3.200000e+01
   endloop
 endfacet
 facet normal -9.848078e-01  1.736482e-01  0.000000e+00
   outer loop
     vertex -1.651347e+01  2.489006e+00 -3.200000e+01
     vertex -1.651347e+01  2.489006e+00  3.200000e+01
     vertex -1.636888e+01  3.309041e+00  3.200000e+01
   endloop
 endfacet
 facet normal -9.848078e-01  1.736482e-01  0.000000e+00
   outer loop
     vertex -1.651347e+01  2.489006e+00 -3.200000e+01
     vertex -1.636888e+01  3.309041e+00  3.200000e+01
     vertex -1.636888e+01  3.309041e+00 -3.200000e+01
   endloop
 endfacet
 facet normal -9.922392e-01  1.243437e-01  0.000000e+00
   outer loop
     vertex -1.661701e+01  1.662783e+00 -3.200000e+01
     vertex -1.661701e+01  1.662783e+00  3.200000e+01
     vertex -1.651347e+01  2.489006e+00  3.200000e+01
   endloop
 endfacet
 facet normal -9.922392e-01  1.243437e-01  0.000000e+00
   outer loop
     vertex -1.661701e+01  1.662783e+00 -3.200000e+01
     vertex -1.651347e+01  2.489006e+00  3.200000e+01
     vertex -1.651347e+01  2.489006e+00 -3.200000e+01
   endloop
 endfacet
 facet normal -9.972038e-01  7.473009e-02  0.000000e+00
   outer loop
     vertex -1.667924e+01  8.324263e-01 -3.200000e+01
     vertex -1.667924e+01  8.324263e-01  3.200000e+01
     vertex -1.661701e+01  1.662783e+00  3.200000e+01
   endloop
 endfacet
 facet normal -9.972038e-01  7.473009e-02  0.000000e+00
   outer loop
     vertex -1.667924e+01  8.324263e-01 -3.200000e+01
     vertex -1.661701e+01  1.662783e+00  3.200000e+01
     vertex -1.661701e+01  1.662783e+00 -3.200000e+01
   endloop
 endfacet
 facet normal -9.996892e-01  2.493069e-02  0.000000e+00
   outer loop
     vertex -1.670000e+01 -5.728516e-14 -3.200000e+01
     vertex -1.670000e+01 -5.728516e-14  3.200000e+01
     vertex -1.667924e+01  8.324263e-01  3.200000e+01
   endloop
 endfacet
 facet normal -9.996892e-01  2.493069e-02  0.000000e+00
   outer loop
     vertex -1.670000e+01 -5.728516e-14 -3.200000e+01
     vertex -1.667924e+01  8.324263e-01  3.200000e+01
     vertex -1.667924e+01  8.324263e-01 -3.200000e+01
   endloop
 endfacet
 facet normal -9.996892e-01 -2.493069e-02  0.000000e+00
   outer loop
     vertex -1.667924e+01 -8.324263e-01 -3.200000e+01
     vertex -1.670000e+01 -5.728516e-14  3.200000e+01
     vertex -1.670000e+01 -5.728516e-14 -3.200000e+01
   endloop
 endfacet
 facet normal -9.996892e-01 -2.493069e-02  0.000000e+00
   outer loop
     vertex -1.667924e+01 -8.324263e-01 -3.200000e+01
     vertex -1.667924e+01 -8.324263e-01  3.200000e+01
     vertex -1.670000e+01 -5.728516e-14  3.200000e+01
   endloop
 endfacet
 facet normal -9.972038e-01 -7.473009e-02  0.000000e+00
   outer loop
     vertex -1.661701e+01 -1.662783e+00 -3.200000e+01
     vertex -1.667924e+01 -8.324263e-01  3.200000e+01
     vertex -1.667924e+01 -8.324263e-01 -3.200000e+01
   endloop
 endfacet
 facet normal -9.972038e-01 -7.473009e-02  0.000000e+00
   outer loop
     vertex -1.661701e+01 -1.662783e+00 -3.200000e+01
     vertex -1.661701e+01 -1.662783e+00  3.200000e+01
     vertex -1.667924e+01 -8.324263e-01  3.200000e+01
   endloop
 endfacet
 facet normal -9.922392e-01 -1.243437e-01  0.000000e+00
   outer loop
     vertex -1.651347e+01 -2.489006e+00 -3.200000e+01
     vertex -1.661701e+01 -1.662783e+00  3.200000e+01
     vertex -1.661701e+01 -1.662783e+00 -3.200000e+01
   endloop
 endfacet
 facet normal -9.922392e-01 -1.243437e-01  0.000000e+00
   outer loop
     vertex -1.651347e+01 -2.489006e+00 -3.200000e+01
     vertex -1.651347e+01 -2.489006e+00  3.200000e+01
     vertex -1.661701e+01 -1.662783e+00  3.200000e+01
   endloop
 endfacet
 facet normal -9.848078e-01 -1.736482e-01  0.000000e+00
   outer loop
     vertex -1.636888e+01 -3.309041e+00 -3.200000e+01
     vertex -1.651347e+01 -2.489006e+00  3.200000e+01
     vertex -1.651347e+01 -2.489006e+00 -3.200000e+01
   endloop
 endfacet
 facet normal -9.848078e-01 -1.736482e-01  0.000000e+00
   outer loop
     vertex -1.636888e+01 -3.309041e+00 -3.200000e+01
     vertex -1.636888e+01 -3.309041e+00  3.200000e+01
     vertex -1.651347e+01 -2.489006e+00  3.200000e+01
   endloop
 endfacet
 facet normal -9.749279e-01 -2.225209e-01  0.000000e+00
   outer loop
     vertex -1.618359e+01 -4.120849e+00 -3.200000e+01
     vertex -1.636888e+01 -3.309041e+00  3.200000e+01
     vertex -1.636888e+01 -3.309041e+00 -3.200000e+01
   endloop
 endfacet
 facet normal -9.749279e-01 -2.225209e-01  0.000000e+00
   outer loop
     vertex -1.618359e+01 -4.120849e+00 -3.200000e+01
     vertex -1.618359e+01 -4.120849e+00  3.200000e+01
     vertex -1.636888e+01 -3.309041e+00  3.200000e+01
   endloop
 endfacet
 facet normal -9.626242e-01 -2.708405e-01  0.000000e+00
   outer loop
     vertex -1.595807e+01 -4.922411e+00 -3.200000e+01
     vertex -1.618359e+01 -4.120849e+00  3.200000e+01
     vertex -1.618359e+01 -4.120849e+00 -3.200000e+01
   endloop
 endfacet
 facet normal -9.626242e-01 -2.708405e-01  0.000000e+00
   outer loop
     vertex -1.595807e+01 -4.922411e+00 -3.200000e+01
     vertex -1.595807e+01 -4.922411e+00  3.200000e+01
     vertex -1.618359e+01 -4.120849e+00  3.200000e+01
   endloop
 endfacet
 facet normal -9.479273e-01 -3.184867e-01  0.000000e+00
   outer loop
     vertex -1.569287e+01 -5.711736e+00 -3.200000e+01
     vertex -1.595807e+01 -4.922411e+00  3.200000e+01
     vertex -1.595807e+01 -4.922411e+00 -3.200000e+01
   endloop
 endfacet
 facet normal -9.479273e-01 -3.184867e-01  0.000000e+00
   outer loop
     vertex -1.569287e+01 -5.711736e+00 -3.200000e+01
     vertex -1.569287e+01 -5.711736e+00  3.200000e+01
     vertex -1.595807e+01 -4.922411e+00  3.200000e+01
   endloop
 endfacet
 facet normal -9.308737e-01 -3.653410e-01  0.000000e+00
   outer loop
     vertex -1.538865e+01 -6.486861e+00 -3.200000e+01
     vertex -1.569287e+01 -5.711736e+00  3.200000e+01
     vertex -1.569287e+01 -5.711736e+00 -3.200000e+01
   endloop
 endfacet
 facet normal -9.308737e-01 -3.653410e-01  0.000000e+00
   outer loop
     vertex -1.538865e+01 -6.486861e+00 -3.200000e+01
     vertex -1.538865e+01 -6.486861e+00  3.200000e+01
     vertex -1.569287e+01 -5.711736e+00  3.200000e+01
   endloop
 endfacet
 facet normal -9.115059e-01 -4.112871e-01  0.000000e+00
   outer loop
     vertex -1.504618e+01 -7.245858e+00 -3.200000e+01
     vertex -1.538865e+01 -6.486861e+00  3.200000e+01
     vertex -1.538865e+01 -6.486861e+00 -3.200000e+01
   endloop
 endfacet
 facet normal -9.115059e-01 -4.112871e-01  0.000000e+00
   outer loop
     vertex -1.504618e+01 -7.245858e+00 -3.200000e+01
     vertex -1.504618e+01 -7.245858e+00  3.200000e+01
     vertex -1.538865e+01 -6.486861e+00  3.200000e+01
   endloop
 endfacet
 facet normal -8.898718e-01 -4.562107e-01  0.000000e+00
   outer loop
     vertex -1.466630e+01 -7.986841e+00 -3.200000e+01
     vertex -1.466630e+01 -7.986841e+00  3.200000e+01
     vertex -1.504618e+01 -7.245858e+00  3.200000e+01
   endloop
 endfacet
 facet normal -8.898718e-01 -4.562107e-01  0.000000e+00
   outer loop
     vertex -1.466630e+01 -7.986841e+00 -3.200000e+01
     vertex -1.504618e+01 -7.245858e+00  3.200000e+01
     vertex -1.504618e+01 -7.245858e+00 -3.200000e+01
   endloop
 endfacet
 facet normal -8.660254e-01 -5.000000e-01  0.000000e+00
   outer loop
     vertex -1.466630e+01 -7.986841e+00 -3.200000e+01
     vertex -1.424996e+01 -8.707968e+00  3.200000e+01
     vertex -1.466630e+01 -7.986841e+00  3.200000e+01
   endloop
 endfacet
 facet normal -8.660254e-01 -5.000000e-01  0.000000e+00
   outer loop
     vertex -1.424996e+01 -8.707968e+00 -3.200000e+01
     vertex -1.424996e+01 -8.707968e+00  3.200000e+01
     vertex -1.466630e+01 -7.986841e+00 -3.200000e+01
   endloop
 endfacet
 facet normal -8.400259e-01 -5.425463e-01  0.000000e+00
   outer loop
     vertex -1.379819e+01 -9.407445e+00 -3.200000e+01
     vertex -1.379819e+01 -9.407445e+00  3.200000e+01
     vertex -1.424996e+01 -8.707968e+00  3.200000e+01
   endloop
 endfacet
 facet normal -8.400259e-01 -5.425463e-01  0.000000e+00
   outer loop
     vertex -1.379819e+01 -9.407445e+00 -3.200000e+01
     vertex -1.424996e+01 -8.707968e+00  3.200000e+01
     vertex -1.424996e+01 -8.707968e+00 -3.200000e+01
   endloop
 endfacet
 facet normal -8.119380e-01 -5.837437e-01  0.000000e+00
   outer loop
     vertex -1.331211e+01 -1.008353e+01 -3.200000e+01
     vertex -1.331211e+01 -1.008353e+01  3.200000e+01
     vertex -1.379819e+01 -9.407445e+00  3.200000e+01
   endloop
 endfacet
 facet normal -8.119380e-01 -5.837437e-01  0.000000e+00
   outer loop
     vertex -1.331211e+01 -1.008353e+01 -3.200000e+01
     vertex -1.379819e+01 -9.407445e+00  3.200000e+01
     vertex -1.379819e+01 -9.407445e+00 -3.200000e+01
   endloop
 endfacet
 facet normal -7.818315e-01 -6.234898e-01  0.000000e+00
   outer loop
     vertex -1.279294e+01 -1.073455e+01 -3.200000e+01
     vertex -1.279294e+01 -1.073455e+01  3.200000e+01
     vertex -1.331211e+01 -1.008353e+01  3.200000e+01
   endloop
 endfacet
 facet normal -7.818315e-01 -6.234898e-01  0.000000e+00
   outer loop
     vertex -1.279294e+01 -1.073455e+01 -3.200000e+01
     vertex -1.331211e+01 -1.008353e+01  3.200000e+01
     vertex -1.331211e+01 -1.008353e+01 -3.200000e+01
   endloop
 endfacet
 facet normal -7.497812e-01 -6.616858e-01  0.000000e+00
   outer loop
     vertex -1.224197e+01 -1.135888e+01 -3.200000e+01
     vertex -1.224197e+01 -1.135888e+01  3.200000e+01
     vertex -1.279294e+01 -1.073455e+01  3.200000e+01
   endloop
 endfacet
 facet normal -7.497812e-01 -6.616858e-01  0.000000e+00
   outer loop
     vertex -1.224197e+01 -1.135888e+01 -3.200000e+01
     vertex -1.279294e+01 -1.073455e+01  3.200000e+01
     vertex -1.279294e+01 -1.073455e+01 -3.200000e+01
   endloop
 endfacet
 facet normal -7.158668e-01 -6.982368e-01  0.000000e+00
   outer loop
     vertex -1.166055e+01 -1.195498e+01 -3.200000e+01
     vertex -1.166055e+01 -1.195498e+01  3.200000e+01
     vertex -1.224197e+01 -1.135888e+01  3.200000e+01
   endloop
 endfacet
 facet normal -7.158668e-01 -6.982368e-01  0.000000e+00
   outer loop
     vertex -1.166055e+01 -1.195498e+01 -3.200000e+01
     vertex -1.224197e+01 -1.135888e+01  3.200000e+01
     vertex -1.224197e+01 -1.135888e+01 -3.200000e+01
   endloop
 endfacet
 facet normal -6.801727e-01 -7.330519e-01  0.000000e+00
   outer loop
     vertex -1.105015e+01 -1.252135e+01 -3.200000e+01
     vertex -1.105015e+01 -1.252135e+01  3.200000e+01
     vertex -1.166055e+01 -1.195498e+01  3.200000e+01
   endloop
 endfacet
 facet normal -6.801727e-01 -7.330519e-01  0.000000e+00
   outer loop
     vertex -1.105015e+01 -1.252135e+01 -3.200000e+01
     vertex -1.166055e+01 -1.195498e+01  3.200000e+01
     vertex -1.166055e+01 -1.195498e+01 -3.200000e+01
   endloop
 endfacet
 facet normal -6.427876e-01 -7.660444e-01  0.000000e+00
   outer loop
     vertex -1.041228e+01 -1.305659e+01 -3.200000e+01
     vertex -1.041228e+01 -1.305659e+01  3.200000e+01
     vertex -1.105015e+01 -1.252135e+01  3.200000e+01
   endloop
 endfacet
 facet normal -6.427876e-01 -7.660444e-01  0.000000e+00
   outer loop
     vertex -1.041228e+01 -1.305659e+01 -3.200000e+01
     vertex -1.105015e+01 -1.252135e+01  3.200000e+01
     vertex -1.105015e+01 -1.252135e+01 -3.200000e+01
   endloop
 endfacet
 facet normal -6.038044e-01 -7.971325e-01  0.000000e+00
   outer loop
     vertex -9.748519e+00 -1.355936e+01 -3.200000e+01
     vertex -9.748519e+00 -1.355936e+01  3.200000e+01
     vertex -1.041228e+01 -1.305659e+01  3.200000e+01
   endloop
 endfacet
 facet normal -6.038044e-01 -7.971325e-01  0.000000e+00
   outer loop
     vertex -9.748519e+00 -1.355936e+01 -3.200000e+01
     vertex -1.041228e+01 -1.305659e+01  3.200000e+01
     vertex -1.041228e+01 -1.305659e+01 -3.200000e+01
   endloop
 endfacet
 facet normal -5.633201e-01 -8.262388e-01  0.000000e+00
   outer loop
     vertex -9.060523e+00 -1.402843e+01 -3.200000e+01
     vertex -9.060523e+00 -1.402843e+01  3.200000e+01
     vertex -9.748519e+00 -1.355936e+01  3.200000e+01
   endloop
 endfacet
 facet normal -5.633201e-01 -8.262388e-01  0.000000e+00
   outer loop
     vertex -9.060523e+00 -1.402843e+01 -3.200000e+01
     vertex -9.748519e+00 -1.355936e+01  3.200000e+01
     vertex -9.748519e+00 -1.355936e+01 -3.200000e+01
   endloop
 endfacet
 facet normal -5.214352e-01 -8.532909e-01  0.000000e+00
   outer loop
     vertex -8.350000e+00 -1.446262e+01 -3.200000e+01
     vertex -8.350000e+00 -1.446262e+01  3.200000e+01
     vertex -9.060523e+00 -1.402843e+01  3.200000e+01
   endloop
 endfacet
 facet normal -5.214352e-01 -8.532909e-01  0.000000e+00
   outer loop
     vertex -8.350000e+00 -1.446262e+01 -3.200000e+01
     vertex -9.060523e+00 -1.402843e+01  3.200000e+01
     vertex -9.060523e+00 -1.402843e+01 -3.200000e+01
   endloop
 endfacet
 facet normal -4.782540e-01 -8.782216e-01  0.000000e+00
   outer loop
     vertex -7.618718e+00 -1.486086e+01 -3.200000e+01
     vertex -7.618718e+00 -1.486086e+01  3.200000e+01
     vertex -8.350000e+00 -1.446262e+01  3.200000e+01
   endloop
 endfacet
 facet normal -4.338837e-01 -9.009689e-01  0.000000e+00
   outer loop
     vertex -7.618718e+00 -1.486086e+01 -3.200000e+01
     vertex -6.868495e+00 -1.522215e+01  3.200000e+01
     vertex -7.618718e+00 -1.486086e+01  3.200000e+01
   endloop
 endfacet
 facet normal -4.782540e-01 -8.782216e-01  0.000000e+00
   outer loop
     vertex -7.618718e+00 -1.486086e+01 -3.200000e+01
     vertex -8.350000e+00 -1.446262e+01  3.200000e+01
     vertex -8.350000e+00 -1.446262e+01 -3.200000e+01
   endloop
 endfacet
 facet normal -4.338837e-01 -9.009689e-01  0.000000e+00
   outer loop
     vertex -6.868495e+00 -1.522215e+01 -3.200000e+01
     vertex -6.868495e+00 -1.522215e+01  3.200000e+01
     vertex -7.618718e+00 -1.486086e+01 -3.200000e+01
   endloop
 endfacet
 facet normal -3.884348e-01 -9.214762e-01  0.000000e+00
   outer loop
     vertex -6.101195e+00 -1.554559e+01 -3.200000e+01
     vertex -6.101195e+00 -1.554559e+01  3.200000e+01
     vertex -6.868495e+00 -1.522215e+01  3.200000e+01
   endloop
 endfacet
 facet normal -3.884348e-01 -9.214762e-01  0.000000e+00
   outer loop
     vertex -6.101195e+00 -1.554559e+01 -3.200000e+01
     vertex -6.868495e+00 -1.522215e+01  3.200000e+01
     vertex -6.868495e+00 -1.522215e+01 -3.200000e+01
   endloop
 endfacet
 facet normal -3.420201e-01 -9.396926e-01  0.000000e+00
   outer loop
     vertex -5.318727e+00 -1.583039e+01 -3.200000e+01
     vertex -6.101195e+00 -1.554559e+01  3.200000e+01
     vertex -6.101195e+00 -1.554559e+01 -3.200000e+01
   endloop
 endfacet
 facet normal -3.420201e-01 -9.396926e-01  0.000000e+00
   outer loop
     vertex -5.318727e+00 -1.583039e+01 -3.200000e+01
     vertex -5.318727e+00 -1.583039e+01  3.200000e+01
     vertex -6.101195e+00 -1.554559e+01  3.200000e+01
   endloop
 endfacet
 facet normal -2.947552e-01 -9.555728e-01  0.000000e+00
   outer loop
     vertex -4.523036e+00 -1.607582e+01 -3.200000e+01
     vertex -5.318727e+00 -1.583039e+01  3.200000e+01
     vertex -5.318727e+00 -1.583039e+01 -3.200000e+01
   endloop
 endfacet
 facet normal -2.947552e-01 -9.555728e-01  0.000000e+00
   outer loop
     vertex -4.523036e+00 -1.607582e+01 -3.200000e+01
     vertex -4.523036e+00 -1.607582e+01  3.200000e+01
     vertex -5.318727e+00 -1.583039e+01  3.200000e+01
   endloop
 endfacet
 facet normal -2.467574e-01 -9.690773e-01  0.000000e+00
   outer loop
     vertex -3.716100e+00 -1.628130e+01 -3.200000e+01
     vertex -4.523036e+00 -1.607582e+01  3.200000e+01
     vertex -4.523036e+00 -1.607582e+01 -3.200000e+01
   endloop
 endfacet
 facet normal -2.467574e-01 -9.690773e-01  0.000000e+00
   outer loop
     vertex -3.716100e+00 -1.628130e+01 -3.200000e+01
     vertex -3.716100e+00 -1.628130e+01  3.200000e+01
     vertex -4.523036e+00 -1.607582e+01  3.200000e+01
   endloop
 endfacet
 facet normal -1.981461e-01 -9.801725e-01  0.000000e+00
   outer loop
     vertex -2.899925e+00 -1.644629e+01 -3.200000e+01
     vertex -3.716100e+00 -1.628130e+01  3.200000e+01
     vertex -3.716100e+00 -1.628130e+01 -3.200000e+01
   endloop
 endfacet
 facet normal -1.981461e-01 -9.801725e-01  0.000000e+00
   outer loop
     vertex -2.899925e+00 -1.644629e+01 -3.200000e+01
     vertex -2.899925e+00 -1.644629e+01  3.200000e+01
     vertex -3.716100e+00 -1.628130e+01  3.200000e+01
   endloop
 endfacet
 facet normal -1.490423e-01 -9.888308e-01  0.000000e+00
   outer loop
     vertex -2.899925e+00 -1.644629e+01 -3.200000e+01
     vertex -2.076540e+00 -1.657039e+01  3.200000e+01
     vertex -2.899925e+00 -1.644629e+01  3.200000e+01
   endloop
 endfacet
 facet normal -1.490423e-01 -9.888308e-01  0.000000e+00
   outer loop
     vertex -2.076540e+00 -1.657039e+01 -3.200000e+01
     vertex -2.076540e+00 -1.657039e+01  3.200000e+01
     vertex -2.899925e+00 -1.644629e+01 -3.200000e+01
   endloop
 endfacet
 facet normal -9.956785e-02 -9.950308e-01  0.000000e+00
   outer loop
     vertex -1.247993e+00 -1.665330e+01 -3.200000e+01
     vertex -2.076540e+00 -1.657039e+01  3.200000e+01
     vertex -2.076540e+00 -1.657039e+01 -3.200000e+01
   endloop
 endfacet
 facet normal -9.956785e-02 -9.950308e-01  0.000000e+00
   outer loop
     vertex -1.247993e+00 -1.665330e+01 -3.200000e+01
     vertex -1.247993e+00 -1.665330e+01  3.200000e+01
     vertex -2.076540e+00 -1.657039e+01  3.200000e+01
   endloop
 endfacet
 facet normal -3.739119e-02 -9.993007e-01  0.000000e+00
   outer loop
     vertex  0.000000e+00 -1.670000e+01  3.067740e-15
     vertex -1.247993e+00 -1.665330e+01  3.200000e+01
     vertex -1.247993e+00 -1.665330e+01 -3.200000e+01
   endloop
 endfacet
 facet normal -4.984588e-02 -9.987568e-01 -4.865235e-04
   outer loop
     vertex  0.000000e+00 -1.670000e+01  3.067740e-15
     vertex -4.163426e-01 -1.669481e+01  3.200000e+01
     vertex -1.247993e+00 -1.665330e+01  3.200000e+01
   endloop
 endfacet
 facet normal  8.533150e-15 -1.000000e+00  1.622081e-04
   outer loop
     vertex  0.000000e+00 -1.670000e+01  3.067740e-15
     vertex  4.163426e-01 -1.669481e+01  3.200000e+01
     vertex -4.163426e-01 -1.669481e+01  3.200000e+01
   endloop
 endfacet
 facet normal -4.984588e-02 -9.987568e-01  4.865235e-04
   outer loop
     vertex -4.163426e-01 -1.669481e+01 -3.200000e+01
     vertex  0.000000e+00 -1.670000e+01  3.067740e-15
     vertex -1.247993e+00 -1.665330e+01 -3.200000e+01
   endloop
 endfacet
 facet normal  2.149969e-02 -9.997688e-01 -1.175555e-04
   outer loop
     vertex  7.140018e-01 -1.668473e+01  7.140018e-01
     vertex  4.163426e-01 -1.669481e+01  3.200000e+01
     vertex  0.000000e+00 -1.670000e+01  3.067740e-15
   endloop
 endfacet
 facet normal  4.984589e-02 -9.987569e-01  1.524601e-04
   outer loop
     vertex  7.140018e-01 -1.668473e+01  7.140018e-01
     vertex  1.247993e+00 -1.665330e+01  3.200000e+01
     vertex  4.163426e-01 -1.669481e+01  3.200000e+01
   endloop
 endfacet
 facet normal  8.533150e-15 -1.000000e+00 -1.622081e-04
   outer loop
     vertex  4.163426e-01 -1.669481e+01 -3.200000e+01
     vertex  0.000000e+00 -1.670000e+01  3.067740e-15
     vertex -4.163426e-01 -1.669481e+01 -3.200000e+01
   endloop
 endfacet
 facet normal  2.149969e-02 -9.997688e-01  1.175555e-04
   outer loop
     vertex  4.163426e-01 -1.669481e+01 -3.200000e+01
     vertex  7.140018e-01 -1.668473e+01 -7.140018e-01
     vertex  0.000000e+00 -1.670000e+01  3.067740e-15
   endloop
 endfacet
 facet normal  6.420044e-02 -9.979370e-01 -9.336764e-05
   outer loop
     vertex  1.426698e+00 -1.663895e+01  1.426698e+00
     vertex  1.247993e+00 -1.665330e+01  3.200000e+01
     vertex  7.140018e-01 -1.668473e+01  7.140018e-01
   endloop
 endfacet
 facet normal  9.956785e-02 -9.950308e-01  1.147246e-04
   outer loop
     vertex  1.426698e+00 -1.663895e+01  1.426698e+00
     vertex  2.076540e+00 -1.657039e+01  3.200000e+01
     vertex  1.247993e+00 -1.665330e+01  3.200000e+01
   endloop
 endfacet
 facet normal  4.984589e-02 -9.987569e-01 -1.524601e-04
   outer loop
     vertex  1.247993e+00 -1.665330e+01 -3.200000e+01
     vertex  7.140018e-01 -1.668473e+01 -7.140018e-01
     vertex  4.163426e-01 -1.669481e+01 -3.200000e+01
   endloop
 endfacet
 facet normal  6.420044e-02 -9.979370e-01  9.336764e-05
   outer loop
     vertex  1.247993e+00 -1.665330e+01 -3.200000e+01
     vertex  1.426698e+00 -1.663895e+01 -1.426698e+00
     vertex  7.140018e-01 -1.668473e+01 -7.140018e-01
   endloop
 endfacet
 facet normal  1.102715e-01 -9.939015e-01 -1.153169e-04
   outer loop
     vertex  2.251431e+00 -1.654754e+01  2.251431e+00
     vertex  2.076540e+00 -1.657039e+01  3.200000e+01
     vertex  1.426698e+00 -1.663895e+01  1.426698e+00
   endloop
 endfacet
 facet normal  1.490423e-01 -9.888308e-01  1.165115e-04
   outer loop
     vertex  2.251431e+00 -1.654754e+01  2.251431e+00
     vertex  2.899925e+00 -1.644629e+01  3.200000e+01
     vertex  2.076540e+00 -1.657039e+01  3.200000e+01
   endloop
 endfacet
 facet normal  9.956785e-02 -9.950308e-01 -1.147246e-04
   outer loop
     vertex  2.076540e+00 -1.657039e+01 -3.200000e+01
     vertex  1.426698e+00 -1.663895e+01 -1.426698e+00
     vertex  1.247993e+00 -1.665330e+01 -3.200000e+01
   endloop
 endfacet
 facet normal  1.102715e-01 -9.939015e-01  1.153169e-04
   outer loop
     vertex  2.076540e+00 -1.657039e+01 -3.200000e+01
     vertex  2.251431e+00 -1.654754e+01 -2.251431e+00
     vertex  1.426698e+00 -1.663895e+01 -1.426698e+00
   endloop
 endfacet
 facet normal  1.595058e-01 -9.871970e-01 -1.171457e-04
   outer loop
     vertex  3.070606e+00 -1.641528e+01  3.070606e+00
     vertex  2.899925e+00 -1.644629e+01  3.200000e+01
     vertex  2.251431e+00 -1.654754e+01  2.251431e+00
   endloop
 endfacet
 facet normal  1.981461e-01 -9.801725e-01  1.183601e-04
   outer loop
     vertex  3.070606e+00 -1.641528e+01  3.070606e+00
     vertex  3.716100e+00 -1.628130e+01  3.200000e+01
     vertex  2.899925e+00 -1.644629e+01  3.200000e+01
   endloop
 endfacet
 facet normal  1.490423e-01 -9.888308e-01 -1.165115e-04
   outer loop
     vertex  2.899925e+00 -1.644629e+01 -3.200000e+01
     vertex  2.251431e+00 -1.654754e+01 -2.251431e+00
     vertex  2.076540e+00 -1.657039e+01 -3.200000e+01
   endloop
 endfacet
 facet normal  1.595058e-01 -9.871970e-01  1.171457e-04
   outer loop
     vertex  2.899925e+00 -1.644629e+01 -3.200000e+01
     vertex  3.070606e+00 -1.641528e+01 -3.070606e+00
     vertex  2.251431e+00 -1.654754e+01 -2.251431e+00
   endloop
 endfacet
 facet normal  2.083460e-01 -9.780552e-01 -1.190329e-04
   outer loop
     vertex  3.882201e+00 -1.624249e+01  3.882201e+00
     vertex  3.716100e+00 -1.628130e+01  3.200000e+01
     vertex  3.070606e+00 -1.641528e+01  3.070606e+00
   endloop
 endfacet
 facet normal  2.467574e-01 -9.690773e-01  1.202661e-04
   outer loop
     vertex  3.882201e+00 -1.624249e+01  3.882201e+00
     vertex  4.523036e+00 -1.607582e+01  3.200000e+01
     vertex  3.716100e+00 -1.628130e+01  3.200000e+01
   endloop
 endfacet
 facet normal  1.981461e-01 -9.801725e-01 -1.183601e-04
   outer loop
     vertex  3.716100e+00 -1.628130e+01 -3.200000e+01
     vertex  3.070606e+00 -1.641528e+01 -3.070606e+00
     vertex  2.899925e+00 -1.644629e+01 -3.200000e+01
   endloop
 endfacet
 facet normal  2.083460e-01 -9.780552e-01  1.190329e-04
   outer loop
     vertex  3.716100e+00 -1.628130e+01 -3.200000e+01
     vertex  3.882201e+00 -1.624249e+01 -3.882201e+00
     vertex  3.070606e+00 -1.641528e+01 -3.070606e+00
   endloop
 endfacet
 facet normal  2.566716e-01 -9.664987e-01 -1.209731e-04
   outer loop
     vertex  4.684210e+00 -1.602960e+01  4.684210e+00
     vertex  4.523036e+00 -1.607582e+01  3.200000e+01
     vertex  3.882201e+00 -1.624249e+01  3.882201e+00
   endloop
 endfacet
 facet normal  2.947552e-01 -9.555728e-01  1.222240e-04
   outer loop
     vertex  4.684210e+00 -1.602960e+01  4.684210e+00
     vertex  5.318727e+00 -1.583039e+01  3.200000e+01
     vertex  4.523036e+00 -1.607582e+01  3.200000e+01
   endloop
 endfacet
 facet normal  2.467574e-01 -9.690773e-01 -1.202661e-04
   outer loop
     vertex  4.523036e+00 -1.607582e+01 -3.200000e+01
     vertex  3.882201e+00 -1.624249e+01 -3.882201e+00
     vertex  3.716100e+00 -1.628130e+01 -3.200000e+01
   endloop
 endfacet
 facet normal  2.566716e-01 -9.664987e-01  1.209731e-04
   outer loop
     vertex  4.523036e+00 -1.607582e+01 -3.200000e+01
     vertex  4.684210e+00 -1.602960e+01 -4.684210e+00
     vertex  3.882201e+00 -1.624249e+01 -3.882201e+00
   endloop
 endfacet
 facet normal  3.043631e-01 -9.525561e-01 -1.229600e-04
   outer loop
     vertex  5.474655e+00 -1.577714e+01  5.474655e+00
     vertex  5.318727e+00 -1.583039e+01  3.200000e+01
     vertex  4.684210e+00 -1.602960e+01  4.684210e+00
   endloop
 endfacet
 facet normal  3.420201e-01 -9.396926e-01  1.242271e-04
   outer loop
     vertex  5.474655e+00 -1.577714e+01  5.474655e+00
     vertex  6.101195e+00 -1.554559e+01  3.200000e+01
     vertex  5.318727e+00 -1.583039e+01  3.200000e+01
   endloop
 endfacet
 facet normal  3.884348e-01 -9.214762e-01  1.262674e-04
   outer loop
     vertex  6.251584e+00 -1.548573e+01  6.251584e+00
     vertex  6.868495e+00 -1.522215e+01  3.200000e+01
     vertex  6.101195e+00 -1.554559e+01  3.200000e+01
   endloop
 endfacet
 facet normal  3.513030e-01 -9.362618e-01 -1.249857e-04
   outer loop
     vertex  6.251584e+00 -1.548573e+01  6.251584e+00
     vertex  6.101195e+00 -1.554559e+01  3.200000e+01
     vertex  5.474655e+00 -1.577714e+01  5.474655e+00
   endloop
 endfacet
 facet normal  3.043631e-01 -9.525561e-01  1.229600e-04
   outer loop
     vertex  5.318727e+00 -1.583039e+01 -3.200000e+01
     vertex  5.474655e+00 -1.577714e+01 -5.474655e+00
     vertex  4.684210e+00 -1.602960e+01 -4.684210e+00
   endloop
 endfacet
 facet normal  2.947552e-01 -9.555728e-01 -1.222240e-04
   outer loop
     vertex  5.318727e+00 -1.583039e+01 -3.200000e+01
     vertex  4.684210e+00 -1.602960e+01 -4.684210e+00
     vertex  4.523036e+00 -1.607582e+01 -3.200000e+01
   endloop
 endfacet
 facet normal  3.973752e-01 -9.176562e-01 -1.270408e-04
   outer loop
     vertex  7.013078e+00 -1.515608e+01  7.013078e+00
     vertex  6.868495e+00 -1.522215e+01  3.200000e+01
     vertex  6.251584e+00 -1.548573e+01  6.251584e+00
   endloop
 endfacet
 facet normal  4.338837e-01 -9.009689e-01  1.283351e-04
   outer loop
     vertex  7.618718e+00 -1.486086e+01  3.200000e+01
     vertex  6.868495e+00 -1.522215e+01  3.200000e+01
     vertex  7.013078e+00 -1.515608e+01  7.013078e+00
   endloop
 endfacet
 facet normal  3.513030e-01 -9.362618e-01  1.249857e-04
   outer loop
     vertex  6.101195e+00 -1.554559e+01 -3.200000e+01
     vertex  6.251584e+00 -1.548573e+01 -6.251584e+00
     vertex  5.474655e+00 -1.577714e+01 -5.474655e+00
   endloop
 endfacet
 facet normal  3.420201e-01 -9.396926e-01 -1.242271e-04
   outer loop
     vertex  6.101195e+00 -1.554559e+01 -3.200000e+01
     vertex  5.474655e+00 -1.577714e+01 -5.474655e+00
     vertex  5.318727e+00 -1.583039e+01 -3.200000e+01
   endloop
 endfacet
 facet normal  4.424660e-01 -8.967853e-01 -1.291142e-04
   outer loop
     vertex  7.757259e+00 -1.478901e+01  7.757259e+00
     vertex  7.618718e+00 -1.486086e+01  3.200000e+01
     vertex  7.013078e+00 -1.515608e+01  7.013078e+00
   endloop
 endfacet
 facet normal  4.782540e-01 -8.782216e-01  1.304188e-04
   outer loop
     vertex  8.350000e+00 -1.446262e+01  3.200000e+01
     vertex  7.618718e+00 -1.486086e+01  3.200000e+01
     vertex  7.757259e+00 -1.478901e+01  7.757259e+00
   endloop
 endfacet
 facet normal  3.973752e-01 -9.176562e-01  1.270408e-04
   outer loop
     vertex  6.868495e+00 -1.522215e+01 -3.200000e+01
     vertex  7.013078e+00 -1.515608e+01 -7.013078e+00
     vertex  6.251584e+00 -1.548573e+01 -6.251584e+00
   endloop
 endfacet
 facet normal  3.884348e-01 -9.214762e-01 -1.262674e-04
   outer loop
     vertex  6.868495e+00 -1.522215e+01 -3.200000e+01
     vertex  6.251584e+00 -1.548573e+01 -6.251584e+00
     vertex  6.101195e+00 -1.554559e+01 -3.200000e+01
   endloop
 endfacet
 facet normal  4.864642e-01 -8.737005e-01 -1.311928e-04
   outer loop
     vertex  8.482287e+00 -1.438544e+01  8.482287e+00
     vertex  8.350000e+00 -1.446262e+01  3.200000e+01
     vertex  7.757259e+00 -1.478901e+01  7.757259e+00
   endloop
 endfacet
 facet normal  5.214352e-01 -8.532909e-01  1.325050e-04
   outer loop
     vertex  9.060523e+00 -1.402843e+01  3.200000e+01
     vertex  8.350000e+00 -1.446262e+01  3.200000e+01
     vertex  8.482287e+00 -1.438544e+01  8.482287e+00
   endloop
 endfacet
 facet normal  4.338837e-01 -9.009689e-01 -1.283351e-04
   outer loop
     vertex  7.618718e+00 -1.486086e+01 -3.200000e+01
     vertex  7.013078e+00 -1.515608e+01 -7.013078e+00
     vertex  6.868495e+00 -1.522215e+01 -3.200000e+01
   endloop
 endfacet
 facet normal  4.424660e-01 -8.967853e-01  1.291142e-04
   outer loop
     vertex  7.618718e+00 -1.486086e+01 -3.200000e+01
     vertex  7.757259e+00 -1.478901e+01 -7.757259e+00
     vertex  7.013078e+00 -1.515608e+01 -7.013078e+00
   endloop
 endfacet
 facet normal  5.268578e-01 -8.499534e-01 -5.148580e-05
   outer loop
     vertex  9.109231e+00 -1.399685e+01  9.109231e+00
     vertex  9.060523e+00 -1.402843e+01  3.200000e+01
     vertex  8.482287e+00 -1.438544e+01  8.482287e+00
   endloop
 endfacet
 facet normal  4.864642e-01 -8.737005e-01  1.311928e-04
   outer loop
     vertex  8.350000e+00 -1.446262e+01 -3.200000e+01
     vertex  8.482287e+00 -1.438544e+01 -8.482287e+00
     vertex  7.757259e+00 -1.478901e+01 -7.757259e+00
   endloop
 endfacet
 facet normal  4.782540e-01 -8.782216e-01 -1.304188e-04
   outer loop
     vertex  8.350000e+00 -1.446262e+01 -3.200000e+01
     vertex  7.757259e+00 -1.478901e+01 -7.757259e+00
     vertex  7.618718e+00 -1.486086e+01 -3.200000e+01
   endloop
 endfacet
 facet normal  5.592387e-01 -8.290067e-01  4.631338e-05
   outer loop
     vertex  9.567843e+00 -1.368745e+01  9.567843e+00
     vertex  9.060523e+00 -1.402843e+01  3.200000e+01
     vertex  9.109231e+00 -1.399685e+01  9.109231e+00
   endloop
 endfacet
 facet normal  5.633200e-01 -8.262388e-01  1.806894e-04
   outer loop
     vertex  9.567843e+00 -1.368745e+01  9.567843e+00
     vertex  9.748519e+00 -1.355936e+01  3.200000e+01
     vertex  9.060523e+00 -1.402843e+01  3.200000e+01
   endloop
 endfacet
 facet normal  5.214352e-01 -8.532909e-01 -1.325050e-04
   outer loop
     vertex  9.060523e+00 -1.402843e+01 -3.200000e+01
     vertex  8.482287e+00 -1.438544e+01 -8.482287e+00
     vertex  8.350000e+00 -1.446262e+01 -3.200000e+01
   endloop
 endfacet
 facet normal  5.268578e-01 -8.499534e-01  5.148580e-05
   outer loop
     vertex  9.060523e+00 -1.402843e+01 -3.200000e+01
     vertex  9.109231e+00 -1.399685e+01 -9.109231e+00
     vertex  8.482287e+00 -1.438544e+01 -8.482287e+00
   endloop
 endfacet
 facet normal  5.592387e-01 -8.290067e-01 -4.631338e-05
   outer loop
     vertex  9.567843e+00 -1.368745e+01 -9.567843e+00
     vertex  9.109231e+00 -1.399685e+01 -9.109231e+00
     vertex  9.060523e+00 -1.402843e+01 -3.200000e+01
   endloop
 endfacet
 facet normal  5.864865e-01 -8.099590e-01 -9.886049e-05
   outer loop
     vertex  1.001595e+01 -1.336303e+01  1.001595e+01
     vertex  9.748519e+00 -1.355936e+01  3.200000e+01
     vertex  9.567843e+00 -1.368745e+01  9.567843e+00
   endloop
 endfacet
 facet normal  6.038044e-01 -7.971325e-01  2.263594e-04
   outer loop
     vertex  1.001595e+01 -1.336303e+01  1.001595e+01
     vertex  1.041228e+01 -1.305659e+01  3.200000e+01
     vertex  9.748519e+00 -1.355936e+01  3.200000e+01
   endloop
 endfacet
 facet normal  6.129519e-01 -7.901202e-01 -3.629949e-05
   outer loop
     vertex  1.045308e+01 -1.302395e+01  1.045308e+01
     vertex  1.041228e+01 -1.305659e+01  3.200000e+01
     vertex  1.001595e+01 -1.336303e+01  1.001595e+01
   endloop
 endfacet
 facet normal  5.633200e-01 -8.262388e-01 -1.806894e-04
   outer loop
     vertex  9.748519e+00 -1.355936e+01 -3.200000e+01
     vertex  9.567843e+00 -1.368745e+01 -9.567843e+00
     vertex  9.060523e+00 -1.402843e+01 -3.200000e+01
   endloop
 endfacet
 facet normal  5.864865e-01 -8.099590e-01  9.886049e-05
   outer loop
     vertex  9.748519e+00 -1.355936e+01 -3.200000e+01
     vertex  1.001595e+01 -1.336303e+01 -1.001595e+01
     vertex  9.567843e+00 -1.368745e+01 -9.567843e+00
   endloop
 endfacet
 facet normal  6.387383e-01 -7.694241e-01  4.387158e-05
   outer loop
     vertex  1.087872e+01 -1.267057e+01  1.087872e+01
     vertex  1.041228e+01 -1.305659e+01  3.200000e+01
     vertex  1.045308e+01 -1.302395e+01  1.045308e+01
   endloop
 endfacet
 facet normal  6.427876e-01 -7.660444e-01  1.950637e-04
   outer loop
     vertex  1.087872e+01 -1.267057e+01  1.087872e+01
     vertex  1.105015e+01 -1.252135e+01  3.200000e+01
     vertex  1.041228e+01 -1.305659e+01  3.200000e+01
   endloop
 endfacet
 facet normal  6.038044e-01 -7.971325e-01 -2.263594e-04
   outer loop
     vertex  1.041228e+01 -1.305659e+01 -3.200000e+01
     vertex  1.001595e+01 -1.336303e+01 -1.001595e+01
     vertex  9.748519e+00 -1.355936e+01 -3.200000e+01
   endloop
 endfacet
 facet normal  6.129519e-01 -7.901202e-01  3.629949e-05
   outer loop
     vertex  1.041228e+01 -1.305659e+01 -3.200000e+01
     vertex  1.045308e+01 -1.302395e+01 -1.045308e+01
     vertex  1.001595e+01 -1.336303e+01 -1.001595e+01
   endloop
 endfacet
 facet normal  6.639575e-01 -7.477703e-01 -1.058683e-04
   outer loop
     vertex  1.129244e+01 -1.230329e+01  1.129244e+01
     vertex  1.105015e+01 -1.252135e+01  3.200000e+01
     vertex  1.087872e+01 -1.267057e+01  1.087872e+01
   endloop
 endfacet
 facet normal  6.801727e-01 -7.330519e-01  2.388438e-04
   outer loop
     vertex  1.129244e+01 -1.230329e+01  1.129244e+01
     vertex  1.166055e+01 -1.195498e+01  3.200000e+01
     vertex  1.105015e+01 -1.252135e+01  3.200000e+01
   endloop
 endfacet
 facet normal  6.387383e-01 -7.694241e-01 -4.387158e-05
   outer loop
     vertex  1.087872e+01 -1.267057e+01 -1.087872e+01
     vertex  1.045308e+01 -1.302395e+01 -1.045308e+01
     vertex  1.041228e+01 -1.305659e+01 -3.200000e+01
   endloop
 endfacet
 facet normal  6.883219e-01 -7.254053e-01 -3.464318e-05
   outer loop
     vertex  1.169375e+01 -1.192250e+01  1.169375e+01
     vertex  1.166055e+01 -1.195498e+01  3.200000e+01
     vertex  1.129244e+01 -1.230329e+01  1.129244e+01
   endloop
 endfacet
 facet normal  6.427876e-01 -7.660444e-01 -1.950637e-04
   outer loop
     vertex  1.105015e+01 -1.252135e+01 -3.200000e+01
     vertex  1.087872e+01 -1.267057e+01 -1.087872e+01
     vertex  1.041228e+01 -1.305659e+01 -3.200000e+01
   endloop
 endfacet
 facet normal  6.639575e-01 -7.477703e-01  1.058683e-04
   outer loop
     vertex  1.105015e+01 -1.252135e+01 -3.200000e+01
     vertex  1.129244e+01 -1.230329e+01 -1.129244e+01
     vertex  1.087872e+01 -1.267057e+01 -1.087872e+01
   endloop
 endfacet
 facet normal  7.119336e-01 -7.022468e-01  4.099357e-05
   outer loop
     vertex  1.208224e+01 -1.152864e+01  1.208224e+01
     vertex  1.166055e+01 -1.195498e+01  3.200000e+01
     vertex  1.169375e+01 -1.192250e+01  1.169375e+01
   endloop
 endfacet
 facet normal  7.158668e-01 -6.982368e-01  2.100998e-04
   outer loop
     vertex  1.208224e+01 -1.152864e+01  1.208224e+01
     vertex  1.224197e+01 -1.135888e+01  3.200000e+01
     vertex  1.166055e+01 -1.195498e+01  3.200000e+01
   endloop
 endfacet
 facet normal  7.348746e-01 -6.782030e-01 -1.130698e-04
   outer loop
     vertex  1.245747e+01 -1.112212e+01  1.245747e+01
     vertex  1.224197e+01 -1.135888e+01  3.200000e+01
     vertex  1.208224e+01 -1.152864e+01  1.208224e+01
   endloop
 endfacet
 facet normal  7.497812e-01 -6.616858e-01  2.514226e-04
   outer loop
     vertex  1.279294e+01 -1.073455e+01  3.200000e+01
     vertex  1.224197e+01 -1.135888e+01  3.200000e+01
     vertex  1.245747e+01 -1.112212e+01  1.245747e+01
   endloop
 endfacet
 facet normal  6.801727e-01 -7.330519e-01 -2.388438e-04
   outer loop
     vertex  1.166055e+01 -1.195498e+01 -3.200000e+01
     vertex  1.129244e+01 -1.230329e+01 -1.129244e+01
     vertex  1.105015e+01 -1.252135e+01 -3.200000e+01
   endloop
 endfacet
 facet normal  6.883219e-01 -7.254053e-01  3.464318e-05
   outer loop
     vertex  1.166055e+01 -1.195498e+01 -3.200000e+01
     vertex  1.169375e+01 -1.192250e+01 -1.169375e+01
     vertex  1.129244e+01 -1.230329e+01 -1.129244e+01
   endloop
 endfacet
 facet normal  7.119336e-01 -7.022468e-01 -4.099357e-05
   outer loop
     vertex  1.208224e+01 -1.152864e+01 -1.208224e+01
     vertex  1.169375e+01 -1.192250e+01 -1.169375e+01
     vertex  1.166055e+01 -1.195498e+01 -3.200000e+01
   endloop
 endfacet
 facet normal  7.568989e-01 -6.535320e-01 -3.246755e-05
   outer loop
     vertex  1.281902e+01 -1.070339e+01  1.281902e+01
     vertex  1.279294e+01 -1.073455e+01  3.200000e+01
     vertex  1.245747e+01 -1.112212e+01  1.245747e+01
   endloop
 endfacet
 facet normal  7.348746e-01 -6.782030e-01  1.130698e-04
   outer loop
     vertex  1.224197e+01 -1.135888e+01 -3.200000e+01
     vertex  1.245747e+01 -1.112212e+01 -1.245747e+01
     vertex  1.208224e+01 -1.152864e+01 -1.208224e+01
   endloop
 endfacet
 facet normal  7.158668e-01 -6.982368e-01 -2.100998e-04
   outer loop
     vertex  1.224197e+01 -1.135888e+01 -3.200000e+01
     vertex  1.208224e+01 -1.152864e+01 -1.208224e+01
     vertex  1.166055e+01 -1.195498e+01 -3.200000e+01
   endloop
 endfacet
 facet normal  7.781020e-01 -6.281380e-01  3.761647e-05
   outer loop
     vertex  1.316651e+01 -1.027292e+01  1.316651e+01
     vertex  1.279294e+01 -1.073455e+01  3.200000e+01
     vertex  1.281902e+01 -1.070339e+01  1.281902e+01
   endloop
 endfacet
 facet normal  7.818315e-01 -6.234898e-01  2.255250e-04
   outer loop
     vertex  1.316651e+01 -1.027292e+01  1.316651e+01
     vertex  1.331211e+01 -1.008353e+01  3.200000e+01
     vertex  1.279294e+01 -1.073455e+01  3.200000e+01
   endloop
 endfacet
 facet normal  7.985383e-01 -6.019440e-01 -1.202989e-04
   outer loop
     vertex  1.349955e+01 -9.831179e+00  1.349955e+01
     vertex  1.331211e+01 -1.008353e+01  3.200000e+01
     vertex  1.316651e+01 -1.027292e+01  1.316651e+01
   endloop
 endfacet
 facet normal  8.119380e-01 -5.837437e-01  2.637221e-04
   outer loop
     vertex  1.379819e+01 -9.407445e+00  3.200000e+01
     vertex  1.331211e+01 -1.008353e+01  3.200000e+01
     vertex  1.349955e+01 -9.831179e+00  1.349955e+01
   endloop
 endfacet
 facet normal  7.568989e-01 -6.535320e-01  3.246755e-05
   outer loop
     vertex  1.279294e+01 -1.073455e+01 -3.200000e+01
     vertex  1.281902e+01 -1.070339e+01 -1.281902e+01
     vertex  1.245747e+01 -1.112212e+01 -1.245747e+01
   endloop
 endfacet
 facet normal  7.497812e-01 -6.616858e-01 -2.514226e-04
   outer loop
     vertex  1.279294e+01 -1.073455e+01 -3.200000e+01
     vertex  1.245747e+01 -1.112212e+01 -1.245747e+01
     vertex  1.224197e+01 -1.135888e+01 -3.200000e+01
   endloop
 endfacet
 facet normal  7.781020e-01 -6.281380e-01 -3.761647e-05
   outer loop
     vertex  1.316651e+01 -1.027292e+01 -1.316651e+01
     vertex  1.281902e+01 -1.070339e+01 -1.281902e+01
     vertex  1.279294e+01 -1.073455e+01 -3.200000e+01
   endloop
 endfacet
 facet normal  8.180062e-01 -5.752094e-01 -2.969882e-05
   outer loop
     vertex  1.381778e+01 -9.378647e+00  1.381778e+01
     vertex  1.379819e+01 -9.407445e+00  3.200000e+01
     vertex  1.349955e+01 -9.831179e+00  1.349955e+01
   endloop
 endfacet
 facet normal  7.985383e-01 -6.019440e-01  1.202989e-04
   outer loop
     vertex  1.331211e+01 -1.008353e+01 -3.200000e+01
     vertex  1.349955e+01 -9.831179e+00 -1.349955e+01
     vertex  1.316651e+01 -1.027292e+01 -1.316651e+01
   endloop
 endfacet
 facet normal  7.818315e-01 -6.234898e-01 -2.255250e-04
   outer loop
     vertex  1.331211e+01 -1.008353e+01 -3.200000e+01
     vertex  1.316651e+01 -1.027292e+01 -1.316651e+01
     vertex  1.279294e+01 -1.073455e+01 -3.200000e+01
   endloop
 endfacet
 facet normal  8.400259e-01 -5.425462e-01  2.409571e-04
   outer loop
     vertex  1.412084e+01 -8.915822e+00  1.412084e+01
     vertex  1.424996e+01 -8.707968e+00  3.200000e+01
     vertex  1.379819e+01 -9.407445e+00  3.200000e+01
   endloop
 endfacet
 facet normal  8.365902e-01 -5.478292e-01  3.369082e-05
   outer loop
     vertex  1.412084e+01 -8.915822e+00  1.412084e+01
     vertex  1.379819e+01 -9.407445e+00  3.200000e+01
     vertex  1.381778e+01 -9.378647e+00  1.381778e+01
   endloop
 endfacet
 facet normal  8.543206e-01 -5.197464e-01 -1.273354e-04
   outer loop
     vertex  1.440841e+01 -8.443214e+00  1.440841e+01
     vertex  1.424996e+01 -8.707968e+00  3.200000e+01
     vertex  1.412084e+01 -8.915822e+00  1.412084e+01
   endloop
 endfacet
 facet normal  8.660254e-01 -5.000000e-01  2.752737e-04
   outer loop
     vertex  1.466630e+01 -7.986841e+00  3.200000e+01
     vertex  1.424996e+01 -8.707968e+00  3.200000e+01
     vertex  1.440841e+01 -8.443214e+00  1.440841e+01
   endloop
 endfacet
 facet normal  8.119380e-01 -5.837437e-01 -2.637221e-04
   outer loop
     vertex  1.379819e+01 -9.407445e+00 -3.200000e+01
     vertex  1.349955e+01 -9.831179e+00 -1.349955e+01
     vertex  1.331211e+01 -1.008353e+01 -3.200000e+01
   endloop
 endfacet
 facet normal  8.180062e-01 -5.752094e-01  2.969882e-05
   outer loop
     vertex  1.379819e+01 -9.407445e+00 -3.200000e+01
     vertex  1.381778e+01 -9.378647e+00 -1.381778e+01
     vertex  1.349955e+01 -9.831179e+00 -1.349955e+01
   endloop
 endfacet
 facet normal  8.365902e-01 -5.478292e-01 -3.369082e-05
   outer loop
     vertex  1.412084e+01 -8.915822e+00 -1.412084e+01
     vertex  1.381778e+01 -9.378647e+00 -1.381778e+01
     vertex  1.379819e+01 -9.407445e+00 -3.200000e+01
   endloop
 endfacet
 facet normal  8.710409e-01 -4.912104e-01 -2.627953e-05
   outer loop
     vertex  1.468016e+01 -7.961339e+00  1.468016e+01
     vertex  1.466630e+01 -7.986841e+00  3.200000e+01
     vertex  1.440841e+01 -8.443214e+00  1.440841e+01
   endloop
 endfacet
 facet normal  8.400259e-01 -5.425462e-01 -2.409571e-04
   outer loop
     vertex  1.424996e+01 -8.707968e+00 -3.200000e+01
     vertex  1.412084e+01 -8.915822e+00 -1.412084e+01
     vertex  1.379819e+01 -9.407445e+00 -3.200000e+01
   endloop
 endfacet
 facet normal  8.543206e-01 -5.197464e-01  1.273354e-04
   outer loop
     vertex  1.424996e+01 -8.707968e+00 -3.200000e+01
     vertex  1.440841e+01 -8.443214e+00 -1.440841e+01
     vertex  1.412084e+01 -8.915822e+00 -1.412084e+01
   endloop
 endfacet
 facet normal  8.868209e-01 -4.621133e-01  2.919073e-05
   outer loop
     vertex  1.493580e+01 -7.470728e+00  1.493580e+01
     vertex  1.466630e+01 -7.986841e+00  3.200000e+01
     vertex  1.468016e+01 -7.961339e+00  1.468016e+01
   endloop
 endfacet
 facet normal  8.898718e-01 -4.562106e-01  2.559031e-04
   outer loop
     vertex  1.493580e+01 -7.470728e+00  1.493580e+01
     vertex  1.504618e+01 -7.245858e+00  3.200000e+01
     vertex  1.466630e+01 -7.986841e+00  3.200000e+01
   endloop
 endfacet
 facet normal  9.016715e-01 -4.324217e-01 -1.339090e-04
   outer loop
     vertex  1.517506e+01 -6.971919e+00  1.517506e+01
     vertex  1.504618e+01 -7.245858e+00  3.200000e+01
     vertex  1.493580e+01 -7.470728e+00  1.493580e+01
   endloop
 endfacet
 facet normal  9.115058e-01 -4.112871e-01  2.855291e-04
   outer loop
     vertex  1.538865e+01 -6.486861e+00  3.200000e+01
     vertex  1.504618e+01 -7.245858e+00  3.200000e+01
     vertex  1.517506e+01 -6.971919e+00  1.517506e+01
   endloop
 endfacet
 facet normal  8.660254e-01 -5.000000e-01 -2.752737e-04
   outer loop
     vertex  1.466630e+01 -7.986841e+00 -3.200000e+01
     vertex  1.440841e+01 -8.443214e+00 -1.440841e+01
     vertex  1.424996e+01 -8.707968e+00 -3.200000e+01
   endloop
 endfacet
 facet normal  8.710409e-01 -4.912104e-01  2.627953e-05
   outer loop
     vertex  1.466630e+01 -7.986841e+00 -3.200000e+01
     vertex  1.468016e+01 -7.961339e+00 -1.468016e+01
     vertex  1.440841e+01 -8.443214e+00 -1.440841e+01
   endloop
 endfacet
 facet normal  8.868209e-01 -4.621133e-01 -2.919073e-05
   outer loop
     vertex  1.493580e+01 -7.470728e+00 -1.493580e+01
     vertex  1.468016e+01 -7.961339e+00 -1.468016e+01
     vertex  1.466630e+01 -7.986841e+00 -3.200000e+01
   endloop
 endfacet
 facet normal  9.154799e-01 -4.023637e-01 -2.218081e-05
   outer loop
     vertex  1.539766e+01 -6.465458e+00  1.539766e+01
     vertex  1.538865e+01 -6.486861e+00  3.200000e+01
     vertex  1.517506e+01 -6.971919e+00  1.517506e+01
   endloop
 endfacet
 facet normal  8.898718e-01 -4.562106e-01 -2.559031e-04
   outer loop
     vertex  1.504618e+01 -7.245858e+00 -3.200000e+01
     vertex  1.493580e+01 -7.470728e+00 -1.493580e+01
     vertex  1.466630e+01 -7.986841e+00 -3.200000e+01
   endloop
 endfacet
 facet normal  9.016715e-01 -4.324217e-01  1.339090e-04
   outer loop
     vertex  1.504618e+01 -7.245858e+00 -3.200000e+01
     vertex  1.517506e+01 -6.971919e+00 -1.517506e+01
     vertex  1.493580e+01 -7.470728e+00 -1.493580e+01
   endloop
 endfacet
 facet normal  9.282982e-01 -3.718366e-01  2.412508e-05
   outer loop
     vertex  1.560336e+01 -5.951903e+00  1.560336e+01
     vertex  1.538865e+01 -6.486861e+00  3.200000e+01
     vertex  1.539766e+01 -6.465458e+00  1.539766e+01
   endloop
 endfacet
 facet normal  9.308737e-01 -3.653410e-01  2.697767e-04
   outer loop
     vertex  1.560336e+01 -5.951903e+00  1.560336e+01
     vertex  1.569287e+01 -5.711736e+00  3.200000e+01
     vertex  1.538865e+01 -6.486861e+00  3.200000e+01
   endloop
 endfacet
 facet normal  9.401243e-01 -3.408319e-01 -1.397128e-04
   outer loop
     vertex  1.579194e+01 -5.431816e+00  1.579194e+01
     vertex  1.569287e+01 -5.711736e+00  3.200000e+01
     vertex  1.560336e+01 -5.951903e+00  1.560336e+01
   endloop
 endfacet
 facet normal  9.479273e-01 -3.184866e-01  2.938970e-04
   outer loop
     vertex  1.595807e+01 -4.922411e+00  3.200000e+01
     vertex  1.569287e+01 -5.711736e+00  3.200000e+01
     vertex  1.579194e+01 -5.431816e+00  1.579194e+01
   endloop
 endfacet
 facet normal  9.115058e-01 -4.112871e-01 -2.855291e-04
   outer loop
     vertex  1.538865e+01 -6.486861e+00 -3.200000e+01
     vertex  1.517506e+01 -6.971919e+00 -1.517506e+01
     vertex  1.504618e+01 -7.245858e+00 -3.200000e+01
   endloop
 endfacet
 facet normal  9.154799e-01 -4.023637e-01  2.218081e-05
   outer loop
     vertex  1.538865e+01 -6.486861e+00 -3.200000e+01
     vertex  1.539766e+01 -6.465458e+00 -1.539766e+01
     vertex  1.517506e+01 -6.971919e+00 -1.517506e+01
   endloop
 endfacet
 facet normal  9.282982e-01 -3.718366e-01 -2.412508e-05
   outer loop
     vertex  1.560336e+01 -5.951903e+00 -1.560336e+01
     vertex  1.539766e+01 -6.465458e+00 -1.539766e+01
     vertex  1.538865e+01 -6.486861e+00 -3.200000e+01
   endloop
 endfacet
 facet normal  9.508845e-01 -3.095458e-01 -1.741481e-05
   outer loop
     vertex  1.596319e+01 -4.905768e+00  1.596319e+01
     vertex  1.595807e+01 -4.922411e+00  3.200000e+01
     vertex  1.579194e+01 -5.431816e+00  1.579194e+01
   endloop
 endfacet
 facet normal  9.401243e-01 -3.408319e-01  1.397128e-04
   outer loop
     vertex  1.569287e+01 -5.711736e+00 -3.200000e+01
     vertex  1.579194e+01 -5.431816e+00 -1.579194e+01
     vertex  1.560336e+01 -5.951903e+00 -1.560336e+01
   endloop
 endfacet
 facet normal  9.308737e-01 -3.653410e-01 -2.697767e-04
   outer loop
     vertex  1.569287e+01 -5.711736e+00 -3.200000e+01
     vertex  1.560336e+01 -5.951903e+00 -1.560336e+01
     vertex  1.538865e+01 -6.486861e+00 -3.200000e+01
   endloop
 endfacet
 facet normal  9.606128e-01 -2.778905e-01  1.854732e-05
   outer loop
     vertex  1.611692e+01 -4.374336e+00  1.611692e+01
     vertex  1.595807e+01 -4.922411e+00  3.200000e+01
     vertex  1.596319e+01 -4.905768e+00  1.596319e+01
   endloop
 endfacet
 facet normal  9.626242e-01 -2.708405e-01  2.819395e-04
   outer loop
     vertex  1.611692e+01 -4.374336e+00  1.611692e+01
     vertex  1.618359e+01 -4.120849e+00  3.200000e+01
     vertex  1.595807e+01 -4.922411e+00  3.200000e+01
   endloop
 endfacet
 facet normal  9.693001e-01 -2.458807e-01 -1.444290e-04
   outer loop
     vertex  1.625297e+01 -3.838104e+00  1.625297e+01
     vertex  1.618359e+01 -4.120849e+00  3.200000e+01
     vertex  1.611692e+01 -4.374336e+00  1.611692e+01
   endloop
 endfacet
 facet normal  9.749279e-01 -2.225209e-01  2.998008e-04
   outer loop
     vertex  1.636888e+01 -3.309041e+00  3.200000e+01
     vertex  1.618359e+01 -4.120849e+00  3.200000e+01
     vertex  1.625297e+01 -3.838104e+00  1.625297e+01
   endloop
 endfacet
 facet normal  9.508845e-01 -3.095458e-01  1.741481e-05
   outer loop
     vertex  1.595807e+01 -4.922411e+00 -3.200000e+01
     vertex  1.596319e+01 -4.905768e+00 -1.596319e+01
     vertex  1.579194e+01 -5.431816e+00 -1.579194e+01
   endloop
 endfacet
 facet normal  9.479273e-01 -3.184866e-01 -2.938970e-04
   outer loop
     vertex  1.595807e+01 -4.922411e+00 -3.200000e+01
     vertex  1.579194e+01 -5.431816e+00 -1.579194e+01
     vertex  1.569287e+01 -5.711736e+00 -3.200000e+01
   endloop
 endfacet
 facet normal  9.606128e-01 -2.778905e-01 -1.854732e-05
   outer loop
     vertex  1.611692e+01 -4.374336e+00 -1.611692e+01
     vertex  1.596319e+01 -4.905768e+00 -1.596319e+01
     vertex  1.595807e+01 -4.922411e+00 -3.200000e+01
   endloop
 endfacet
 facet normal  9.769054e-01 -2.136724e-01 -1.204413e-05
   outer loop
     vertex  1.637118e+01 -3.297660e+00  1.637118e+01
     vertex  1.636888e+01 -3.309041e+00  3.200000e+01
     vertex  1.625297e+01 -3.838104e+00  1.625297e+01
   endloop
 endfacet
 facet normal  9.693001e-01 -2.458807e-01  1.444290e-04
   outer loop
     vertex  1.618359e+01 -4.120849e+00 -3.200000e+01
     vertex  1.625297e+01 -3.838104e+00 -1.625297e+01
     vertex  1.611692e+01 -4.374336e+00 -1.611692e+01
   endloop
 endfacet
 facet normal  9.626242e-01 -2.708405e-01 -2.819395e-04
   outer loop
     vertex  1.618359e+01 -4.120849e+00 -3.200000e+01
     vertex  1.611692e+01 -4.374336e+00 -1.611692e+01
     vertex  1.595807e+01 -4.922411e+00 -3.200000e+01
   endloop
 endfacet
 facet normal  9.834458e-01 -1.812025e-01  1.256071e-05
   outer loop
     vertex  1.647142e+01 -2.753597e+00  1.647142e+01
     vertex  1.636888e+01 -3.309041e+00  3.200000e+01
     vertex  1.637118e+01 -3.297660e+00  1.637118e+01
   endloop
 endfacet
 facet normal  9.848077e-01 -1.736482e-01  2.917642e-04
   outer loop
     vertex  1.647142e+01 -2.753597e+00  1.647142e+01
     vertex  1.651347e+01 -2.489006e+00  3.200000e+01
     vertex  1.636888e+01 -3.309041e+00  3.200000e+01
   endloop
 endfacet
 facet normal  9.889117e-01 -1.485050e-01 -1.477652e-04
   outer loop
     vertex  1.655359e+01 -2.206513e+00  1.655359e+01
     vertex  1.651347e+01 -2.489006e+00  3.200000e+01
     vertex  1.647142e+01 -2.753597e+00  1.647142e+01
   endloop
 endfacet
 facet normal  9.922392e-01 -1.243437e-01  3.027517e-04
   outer loop
     vertex  1.661701e+01 -1.662783e+00  3.200000e+01
     vertex  1.651347e+01 -2.489006e+00  3.200000e+01
     vertex  1.655359e+01 -2.206513e+00  1.655359e+01
   endloop
 endfacet
 facet normal  9.769054e-01 -2.136724e-01  1.204413e-05
   outer loop
     vertex  1.636888e+01 -3.309041e+00 -3.200000e+01
     vertex  1.637118e+01 -3.297660e+00 -1.637118e+01
     vertex  1.625297e+01 -3.838104e+00 -1.625297e+01
   endloop
 endfacet
 facet normal  9.749279e-01 -2.225209e-01 -2.998008e-04
   outer loop
     vertex  1.636888e+01 -3.309041e+00 -3.200000e+01
     vertex  1.625297e+01 -3.838104e+00 -1.625297e+01
     vertex  1.618359e+01 -4.120849e+00 -3.200000e+01
   endloop
 endfacet
 facet normal  9.834458e-01 -1.812025e-01 -1.256071e-05
   outer loop
     vertex  1.647142e+01 -2.753597e+00 -1.647142e+01
     vertex  1.637118e+01 -3.297660e+00 -1.637118e+01
     vertex  1.636888e+01 -3.309041e+00 -3.200000e+01
   endloop
 endfacet
 facet normal  9.932854e-01 -1.156894e-01 -6.184813e-06
   outer loop
     vertex  1.661759e+01 -1.657007e+00  1.661759e+01
     vertex  1.661701e+01 -1.662783e+00  3.200000e+01
     vertex  1.655359e+01 -2.206513e+00  1.655359e+01
   endloop
 endfacet
 facet normal  9.889117e-01 -1.485050e-01  1.477652e-04
   outer loop
     vertex  1.651347e+01 -2.489006e+00 -3.200000e+01
     vertex  1.655359e+01 -2.206513e+00 -1.655359e+01
     vertex  1.647142e+01 -2.753597e+00 -1.647142e+01
   endloop
 endfacet
 facet normal  9.848077e-01 -1.736482e-01 -2.917642e-04
   outer loop
     vertex  1.651347e+01 -2.489006e+00 -3.200000e+01
     vertex  1.647142e+01 -2.753597e+00 -1.647142e+01
     vertex  1.636888e+01 -3.309041e+00 -3.200000e+01
   endloop
 endfacet
 facet normal  9.965722e-01 -8.272712e-02  6.316045e-06
   outer loop
     vertex  1.666336e+01 -1.105682e+00  1.666336e+01
     vertex  1.661701e+01 -1.662783e+00  3.200000e+01
     vertex  1.661759e+01 -1.657007e+00  1.661759e+01
   endloop
 endfacet
 facet normal  9.972038e-01 -7.473009e-02  2.987148e-04
   outer loop
     vertex  1.666336e+01 -1.105682e+00  1.666336e+01
     vertex  1.667924e+01 -8.324263e-01  3.200000e+01
     vertex  1.661701e+01 -1.662783e+00  3.200000e+01
   endloop
 endfacet
 facet normal  9.987659e-01 -4.966488e-02 -1.494952e-04
   outer loop
     vertex  1.669084e+01 -5.531447e-01  1.669084e+01
     vertex  1.667924e+01 -8.324263e-01  3.200000e+01
     vertex  1.666336e+01 -1.105682e+00  1.666336e+01
   endloop
 endfacet
 facet normal  9.996891e-01 -2.493069e-02  3.024243e-04
   outer loop
     vertex  1.670000e+01  0.000000e+00  3.200000e+01
     vertex  1.667924e+01 -8.324263e-01  3.200000e+01
     vertex  1.669084e+01 -5.531447e-01  1.669084e+01
   endloop
 endfacet
 facet normal  9.922392e-01 -1.243437e-01 -3.027517e-04
   outer loop
     vertex  1.661701e+01 -1.662783e+00 -3.200000e+01
     vertex  1.655359e+01 -2.206513e+00 -1.655359e+01
     vertex  1.651347e+01 -2.489006e+00 -3.200000e+01
   endloop
 endfacet
 facet normal  9.932854e-01 -1.156894e-01  6.184813e-06
   outer loop
     vertex  1.661701e+01 -1.662783e+00 -3.200000e+01
     vertex  1.661759e+01 -1.657007e+00 -1.661759e+01
     vertex  1.655359e+01 -2.206513e+00 -1.655359e+01
   endloop
 endfacet
 facet normal  9.965722e-01 -8.272712e-02 -6.316045e-06
   outer loop
     vertex  1.666336e+01 -1.105682e+00 -1.666336e+01
     vertex  1.661759e+01 -1.657007e+00 -1.661759e+01
     vertex  1.661701e+01 -1.662783e+00 -3.200000e+01
   endloop
 endfacet
 facet normal  9.998628e-01 -1.656349e-02  0.000000e+00
   outer loop
     vertex  1.670000e+01  0.000000e+00  1.670000e+01
     vertex  1.670000e+01  0.000000e+00  3.200000e+01
     vertex  1.669084e+01 -5.531447e-01  1.669084e+01
   endloop
 endfacet
 facet normal  9.972038e-01 -7.473009e-02 -2.987148e-04
   outer loop
     vertex  1.667924e+01 -8.324263e-01 -3.200000e+01
     vertex  1.666336e+01 -1.105682e+00 -1.666336e+01
     vertex  1.661701e+01 -1.662783e+00 -3.200000e+01
   endloop
 endfacet
 facet normal  9.987659e-01 -4.966488e-02  1.494952e-04
   outer loop
     vertex  1.667924e+01 -8.324263e-01 -3.200000e+01
     vertex  1.669084e+01 -5.531447e-01 -1.669084e+01
     vertex  1.666336e+01 -1.105682e+00 -1.666336e+01
   endloop
 endfacet
 facet normal  9.996891e-01 -2.493069e-02 -3.024243e-04
   outer loop
     vertex  1.670000e+01  0.000000e+00 -3.200000e+01
     vertex  1.669084e+01 -5.531447e-01 -1.669084e+01
     vertex  1.667924e+01 -8.324263e-01 -3.200000e+01
   endloop
 endfacet
 facet normal  9.998628e-01 -1.656349e-02  0.000000e+00
   outer loop
     vertex  1.670000e+01  0.000000e+00 -3.200000e+01
     vertex  1.670000e+01  0.000000e+00 -1.670000e+01
     vertex  1.669084e+01 -5.531447e-01 -1.669084e+01
   endloop
 endfacet
 facet normal  0.000000e+00  1.196620e-02 -9.999284e-01
   outer loop
     vertex  1.669522e+01  3.996426e-01 -1.669522e+01
     vertex  2.400000e+01  0.000000e+00 -1.670000e+01
     vertex  1.670000e+01  0.000000e+00 -1.670000e+01
   endloop
 endfacet
 facet normal  7.094399e-04  2.493069e-02 -9.996889e-01
   outer loop
     vertex  1.669522e+01  3.996426e-01 -1.669522e+01
     vertex  2.400000e+01  8.324263e-01 -1.667924e+01
     vertex  2.400000e+01  0.000000e+00 -1.670000e+01
   endloop
 endfacet
 facet normal  5.917846e-05  3.589388e-02 -9.993556e-01
   outer loop
     vertex  1.668087e+01  7.990564e-01 -1.668087e+01
     vertex  2.400000e+01  8.324263e-01 -1.667924e+01
     vertex  1.669522e+01  3.996426e-01 -1.669522e+01
   endloop
 endfacet
 facet normal  6.502841e-04  7.473008e-02 -9.972036e-01
   outer loop
     vertex  1.664418e+01  1.364269e+00 -1.664418e+01
     vertex  2.400000e+01  1.662783e+00 -1.661701e+01
     vertex  2.400000e+01  8.324263e-01 -1.667924e+01
   endloop
 endfacet
 facet normal -7.282233e-05  6.477483e-02 -9.978999e-01
   outer loop
     vertex  1.664418e+01  1.364269e+00 -1.664418e+01
     vertex  2.400000e+01  8.324263e-01 -1.667924e+01
     vertex  1.668087e+01  7.990564e-01 -1.668087e+01
   endloop
 endfacet
 facet normal -3.240554e-04  9.855068e-02 -9.951320e-01
   outer loop
     vertex  1.658834e+01  1.927912e+00 -1.658834e+01
     vertex  2.400000e+01  1.662783e+00 -1.661701e+01
     vertex  1.664418e+01  1.364269e+00 -1.664418e+01
   endloop
 endfacet
 facet normal  6.098005e-04  1.243437e-01 -9.922390e-01
   outer loop
     vertex  2.400000e+01  2.489006e+00 -1.651347e+01
     vertex  2.400000e+01  1.662783e+00 -1.661701e+01
     vertex  1.658834e+01  1.927912e+00 -1.658834e+01
   endloop
 endfacet
 facet normal -7.599349e-07  1.322719e-01 -9.912135e-01
   outer loop
     vertex  1.651342e+01  2.489338e+00 -1.651342e+01
     vertex  2.400000e+01  2.489006e+00 -1.651347e+01
     vertex  1.658834e+01  1.927912e+00 -1.658834e+01
   endloop
 endfacet
 facet normal  7.608373e-07  1.658095e-01 -9.861578e-01
   outer loop
     vertex  1.641951e+01  3.047900e+00 -1.641951e+01
     vertex  2.400000e+01  2.489006e+00 -1.651347e+01
     vertex  1.651342e+01  2.489338e+00 -1.651342e+01
   endloop
 endfacet
 facet normal  5.954232e-04  1.736481e-01 -9.848076e-01
   outer loop
     vertex  1.641951e+01  3.047900e+00 -1.641951e+01
     vertex  2.400000e+01  3.309041e+00 -1.636888e+01
     vertex  2.400000e+01  2.489006e+00 -1.651347e+01
   endloop
 endfacet
 facet normal -3.134344e-04  1.990949e-01 -9.799802e-01
   outer loop
     vertex  1.630671e+01  3.602956e+00 -1.630671e+01
     vertex  2.400000e+01  3.309041e+00 -1.636888e+01
     vertex  1.641951e+01  3.047900e+00 -1.641951e+01
   endloop
 endfacet
 facet normal  6.223665e-04  2.225209e-01 -9.749277e-01
   outer loop
     vertex  1.630671e+01  3.602956e+00 -1.630671e+01
     vertex  2.400000e+01  4.120849e+00 -1.618359e+01
     vertex  2.400000e+01  3.309041e+00 -1.636888e+01
   endloop
 endfacet
 facet normal -6.948787e-05  2.322579e-01 -9.726542e-01
   outer loop
     vertex  1.617515e+01  4.153867e+00 -1.617515e+01
     vertex  2.400000e+01  4.120849e+00 -1.618359e+01
     vertex  1.630671e+01  3.602956e+00 -1.630671e+01
   endloop
 endfacet
 facet normal  7.839548e-05  2.651440e-01 -9.642088e-01
   outer loop
     vertex  1.602498e+01  4.700000e+00 -1.602498e+01
     vertex  2.400000e+01  4.120849e+00 -1.618359e+01
     vertex  1.617515e+01  4.153867e+00 -1.617515e+01
   endloop
 endfacet
 facet normal  5.235900e-04  2.708404e-01 -9.626241e-01
   outer loop
     vertex  1.602498e+01  4.700000e+00 -1.602498e+01
     vertex  2.400000e+01  4.922411e+00 -1.595807e+01
     vertex  2.400000e+01  4.120849e+00 -1.618359e+01
   endloop
 endfacet
 facet normal -2.888711e-04  2.975873e-01 -9.546946e-01
   outer loop
     vertex  1.585638e+01  5.240727e+00 -1.585638e+01
     vertex  2.400000e+01  4.922411e+00 -1.595807e+01
     vertex  1.602498e+01  4.700000e+00 -1.602498e+01
   endloop
 endfacet
 facet normal  6.125378e-04  3.184866e-01 -9.479272e-01
   outer loop
     vertex  1.585638e+01  5.240727e+00 -1.585638e+01
     vertex  2.400000e+01  5.711736e+00 -1.569287e+01
     vertex  2.400000e+01  4.922411e+00 -1.595807e+01
   endloop
 endfacet
 facet normal -1.218684e-04  3.298344e-01 -9.440388e-01
   outer loop
     vertex  1.566954e+01  5.775425e+00 -1.566954e+01
     vertex  2.400000e+01  5.711736e+00 -1.569287e+01
     vertex  1.585638e+01  5.240727e+00 -1.585638e+01
   endloop
 endfacet
 facet normal  1.550615e-04  3.617482e-01 -9.322758e-01
   outer loop
     vertex  1.546467e+01  6.303480e+00 -1.546467e+01
     vertex  2.400000e+01  5.711736e+00 -1.569287e+01
     vertex  1.566954e+01  5.775425e+00 -1.566954e+01
   endloop
 endfacet
 facet normal  4.416348e-04  3.653410e-01 -9.308737e-01
   outer loop
     vertex  1.546467e+01  6.303480e+00 -1.546467e+01
     vertex  2.400000e+01  6.486861e+00 -1.538865e+01
     vertex  2.400000e+01  5.711736e+00 -1.569287e+01
   endloop
 endfacet
 facet normal -2.538692e-04  3.930116e-01 -9.195335e-01
   outer loop
     vertex  1.524202e+01  6.824284e+00 -1.524202e+01
     vertex  2.400000e+01  6.486861e+00 -1.538865e+01
     vertex  1.546467e+01  6.303480e+00 -1.546467e+01
   endloop
 endfacet
 facet normal  5.846457e-04  4.112870e-01 -9.115057e-01
   outer loop
     vertex  1.524202e+01  6.824284e+00 -1.524202e+01
     vertex  2.400000e+01  7.245858e+00 -1.504618e+01
     vertex  2.400000e+01  6.486861e+00 -1.538865e+01
   endloop
 endfacet
 facet normal -2.556452e-04  4.256659e-01 -9.048804e-01
   outer loop
     vertex  1.497407e+01  7.393722e+00 -1.497407e+01
     vertex  2.400000e+01  7.245858e+00 -1.504618e+01
     vertex  1.524202e+01  6.824284e+00 -1.524202e+01
   endloop
 endfacet
 facet normal  3.646425e-04  4.562106e-01 -8.898717e-01
   outer loop
     vertex  2.400000e+01  7.986841e+00 -1.466630e+01
     vertex  2.400000e+01  7.245858e+00 -1.504618e+01
     vertex  1.497407e+01  7.393722e+00 -1.497407e+01
   endloop
 endfacet
 facet normal -6.651444e-05  4.613854e-01 -8.871998e-01
   outer loop
     vertex  1.465143e+01  8.014081e+00 -1.465143e+01
     vertex  2.400000e+01  7.986841e+00 -1.466630e+01
     vertex  1.497407e+01  7.393722e+00 -1.497407e+01
   endloop
 endfacet
 facet normal  7.270001e-05  4.981787e-01 -8.670744e-01
   outer loop
     vertex  1.430311e+01  8.620391e+00 -1.430311e+01
     vertex  2.400000e+01  7.986841e+00 -1.466630e+01
     vertex  1.465143e+01  8.014081e+00 -1.465143e+01
   endloop
 endfacet
 facet normal  2.309858e-04  5.000000e-01 -8.660254e-01
   outer loop
     vertex  1.430311e+01  8.620391e+00 -1.430311e+01
     vertex  2.400000e+01  8.707968e+00 -1.424996e+01
     vertex  2.400000e+01  7.986841e+00 -1.466630e+01
   endloop
 endfacet
 facet normal -1.877167e-04  5.339239e-01 -8.455325e-01
   outer loop
     vertex  1.392970e+01  9.211588e+00 -1.392970e+01
     vertex  2.400000e+01  8.707968e+00 -1.424996e+01
     vertex  1.430311e+01  8.620391e+00 -1.430311e+01
   endloop
 endfacet
 facet normal  4.186142e-04  5.425462e-01 -8.400258e-01
   outer loop
     vertex  1.392970e+01  9.211588e+00 -1.392970e+01
     vertex  2.400000e+01  9.407445e+00 -1.379819e+01
     vertex  2.400000e+01  8.707968e+00 -1.424996e+01
   endloop
 endfacet
 facet normal -3.207308e-04  5.687836e-01 -8.224871e-01
   outer loop
     vertex  1.353188e+01  9.786635e+00 -1.353188e+01
     vertex  2.400000e+01  9.407445e+00 -1.379819e+01
     vertex  1.392970e+01  9.211588e+00 -1.392970e+01
   endloop
 endfacet
 facet normal  4.895384e-04  5.837436e-01 -8.119379e-01
   outer loop
     vertex  1.353188e+01  9.786635e+00 -1.353188e+01
     vertex  2.400000e+01  1.008353e+01 -1.331211e+01
     vertex  2.400000e+01  9.407445e+00 -1.379819e+01
   endloop
 endfacet
 facet normal -3.412728e-04  6.026972e-01 -7.979699e-01
   outer loop
     vertex  1.311033e+01  1.034452e+01 -1.311033e+01
     vertex  2.400000e+01  1.008353e+01 -1.331211e+01
     vertex  1.353188e+01  9.786635e+00 -1.353188e+01
   endloop
 endfacet
 facet normal  4.560949e-04  6.234897e-01 -7.818314e-01
   outer loop
     vertex  1.311033e+01  1.034452e+01 -1.311033e+01
     vertex  2.400000e+01  1.073455e+01 -1.279294e+01
     vertex  2.400000e+01  1.008353e+01 -1.331211e+01
   endloop
 endfacet
 facet normal -2.638202e-04  6.356027e-01 -7.720163e-01
   outer loop
     vertex  1.266580e+01  1.088428e+01 -1.266580e+01
     vertex  2.400000e+01  1.073455e+01 -1.279294e+01
     vertex  1.311033e+01  1.034452e+01 -1.311033e+01
   endloop
 endfacet
 facet normal  3.301603e-04  6.616858e-01 -7.497812e-01
   outer loop
     vertex  1.266580e+01  1.088428e+01 -1.266580e+01
     vertex  2.400000e+01  1.135888e+01 -1.224197e+01
     vertex  2.400000e+01  1.073455e+01 -1.279294e+01
   endloop
 endfacet
 facet normal  2.458505e-04  6.982368e-01 -7.158668e-01
   outer loop
     vertex  1.214587e+01  1.146158e+01 -1.214587e+01
     vertex  2.400000e+01  1.195498e+01 -1.166055e+01
     vertex  2.400000e+01  1.135888e+01 -1.224197e+01
   endloop
 endfacet
 facet normal -2.278495e-04  6.691055e-01 -7.431674e-01
   outer loop
     vertex  1.214587e+01  1.146158e+01 -1.214587e+01
     vertex  2.400000e+01  1.135888e+01 -1.224197e+01
     vertex  1.266580e+01  1.088428e+01 -1.266580e+01
   endloop
 endfacet
 facet normal  2.720852e-04  7.330518e-01 -6.801727e-01
   outer loop
     vertex  1.153738e+01  1.207389e+01 -1.153738e+01
     vertex  2.400000e+01  1.252135e+01 -1.105015e+01
     vertex  2.400000e+01  1.195498e+01 -1.166055e+01
   endloop
 endfacet
 facet normal -2.874333e-04  7.047466e-01 -7.094591e-01
   outer loop
     vertex  1.153738e+01  1.207389e+01 -1.153738e+01
     vertex  2.400000e+01  1.195498e+01 -1.166055e+01
     vertex  1.214587e+01  1.146158e+01 -1.214587e+01
   endloop
 endfacet
 facet normal  2.909144e-04  7.660444e-01 -6.427876e-01
   outer loop
     vertex  1.089807e+01  1.265393e+01 -1.089807e+01
     vertex  2.400000e+01  1.305659e+01 -1.041228e+01
     vertex  2.400000e+01  1.252135e+01 -1.105015e+01
   endloop
 endfacet
 facet normal -3.085179e-04  7.404477e-01 -6.721139e-01
   outer loop
     vertex  1.089807e+01  1.265393e+01 -1.089807e+01
     vertex  2.400000e+01  1.252135e+01 -1.105015e+01
     vertex  1.153738e+01  1.207389e+01 -1.153738e+01
   endloop
 endfacet
 facet normal  3.032804e-04  7.971325e-01 -6.038044e-01
   outer loop
     vertex  1.022964e+01  1.320017e+01 -1.022964e+01
     vertex  2.400000e+01  1.355936e+01 -9.748519e+00
     vertex  2.400000e+01  1.305659e+01 -1.041228e+01
   endloop
 endfacet
 facet normal -3.229301e-04  7.741752e-01 -6.329713e-01
   outer loop
     vertex  1.022964e+01  1.320017e+01 -1.022964e+01
     vertex  2.400000e+01  1.305659e+01 -1.041228e+01
     vertex  1.089807e+01  1.265393e+01 -1.089807e+01
   endloop
 endfacet
 facet normal  3.100425e-04  8.262387e-01 -5.633200e-01
   outer loop
     vertex  9.533882e+00  1.371113e+01 -9.533882e+00
     vertex  2.400000e+01  1.402843e+01 -9.060523e+00
     vertex  2.400000e+01  1.355936e+01 -9.748519e+00
   endloop
 endfacet
 facet normal -3.315192e-04  8.058384e-01 -5.921354e-01
   outer loop
     vertex  9.533882e+00  1.371113e+01 -9.533882e+00
     vertex  2.400000e+01  1.355936e+01 -9.748519e+00
     vertex  1.022964e+01  1.320017e+01 -1.022964e+01
   endloop
 endfacet
 facet normal  3.119725e-04  8.532908e-01 -5.214352e-01
   outer loop
     vertex  8.812647e+00  1.418546e+01 -8.812647e+00
     vertex  2.400000e+01  1.446262e+01 -8.350000e+00
     vertex  2.400000e+01  1.402843e+01 -9.060523e+00
   endloop
 endfacet
 facet normal -3.350535e-04  8.353524e-01 -5.497147e-01
   outer loop
     vertex  8.812647e+00  1.418546e+01 -8.812647e+00
     vertex  2.400000e+01  1.402843e+01 -9.060523e+00
     vertex  9.533882e+00  1.371113e+01 -9.533882e+00
   endloop
 endfacet
 facet normal  3.097546e-04  8.782215e-01 -4.782540e-01
   outer loop
     vertex  8.067864e+00  1.462189e+01 -8.067864e+00
     vertex  2.400000e+01  1.486086e+01 -7.618718e+00
     vertex  2.400000e+01  1.446262e+01 -8.350000e+00
   endloop
 endfacet
 facet normal -3.342193e-04  8.626377e-01 -5.058221e-01
   outer loop
     vertex  8.067864e+00  1.462189e+01 -8.067864e+00
     vertex  2.400000e+01  1.446262e+01 -8.350000e+00
     vertex  8.812647e+00  1.418546e+01 -8.812647e+00
   endloop
 endfacet
 facet normal  3.071742e-04  9.009688e-01 -4.338837e-01
   outer loop
     vertex  7.215135e+00  1.506094e+01 -7.215135e+00
     vertex  2.400000e+01  1.522215e+01 -6.868495e+00
     vertex  2.400000e+01  1.486086e+01 -7.618718e+00
   endloop
 endfacet
 facet normal -4.187849e-04  8.889034e-01 -4.580946e-01
   outer loop
     vertex  7.215135e+00  1.506094e+01 -7.215135e+00
     vertex  2.400000e+01  1.486086e+01 -7.618718e+00
     vertex  8.067864e+00  1.462189e+01 -8.067864e+00
   endloop
 endfacet
 facet normal  1.719532e-04  9.214762e-01 -3.884348e-01
   outer loop
     vertex  6.239869e+00  1.549045e+01 -6.239869e+00
     vertex  2.400000e+01  1.554559e+01 -6.101195e+00
     vertex  2.400000e+01  1.522215e+01 -6.868495e+00
   endloop
 endfacet
 facet normal -2.470197e-04  9.396926e-01 -3.420201e-01
   outer loop
     vertex  6.239869e+00  1.549045e+01 -6.239869e+00
     vertex  2.400000e+01  1.583039e+01 -5.318727e+00
     vertex  2.400000e+01  1.554559e+01 -6.101195e+00
   endloop
 endfacet
 facet normal -4.565677e-04  9.150095e-01 -4.034320e-01
   outer loop
     vertex  6.239869e+00  1.549045e+01 -6.239869e+00
     vertex  2.400000e+01  1.522215e+01 -6.868495e+00
     vertex  7.215135e+00  1.506094e+01 -7.215135e+00
   endloop
 endfacet
 facet normal  1.001868e-04  9.555728e-01 -2.947552e-01
   outer loop
     vertex  5.239196e+00  1.585689e+01 -5.239196e+00
     vertex  2.400000e+01  1.607582e+01 -4.523036e+00
     vertex  2.400000e+01  1.583039e+01 -5.318727e+00
   endloop
 endfacet
 facet normal -1.319095e-04  9.389784e-01 -3.439760e-01
   outer loop
     vertex  5.239196e+00  1.585689e+01 -5.239196e+00
     vertex  2.400000e+01  1.583039e+01 -5.318727e+00
     vertex  6.239869e+00  1.549045e+01 -6.239869e+00
   endloop
 endfacet
 facet normal  2.474018e-04  9.690773e-01 -2.467574e-01
   outer loop
     vertex  4.217189e+00  1.615875e+01 -4.217189e+00
     vertex  2.400000e+01  1.628130e+01 -3.716100e+00
     vertex  2.400000e+01  1.607582e+01 -4.523036e+00
   endloop
 endfacet
 facet normal -3.647606e-04  9.589411e-01 -2.836050e-01
   outer loop
     vertex  4.217189e+00  1.615875e+01 -4.217189e+00
     vertex  2.400000e+01  1.607582e+01 -4.523036e+00
     vertex  5.239196e+00  1.585689e+01 -5.239196e+00
   endloop
 endfacet
 facet normal -4.186990e-04  9.750639e-01 -2.219240e-01
   outer loop
     vertex  3.178010e+00  1.639482e+01 -3.178010e+00
     vertex  2.400000e+01  1.628130e+01 -3.716100e+00
     vertex  4.217189e+00  1.615875e+01 -4.217189e+00
   endloop
 endfacet
 facet normal  2.236321e-04  9.801725e-01 -1.981461e-01
   outer loop
     vertex  3.178010e+00  1.639482e+01 -3.178010e+00
     vertex  2.400000e+01  1.644629e+01 -2.899925e+00
     vertex  2.400000e+01  1.628130e+01 -3.716100e+00
   endloop
 endfacet
 facet normal -3.141775e-04  9.872485e-01 -1.591865e-01
   outer loop
     vertex  2.125890e+00  1.656414e+01 -2.125890e+00
     vertex  2.400000e+01  1.644629e+01 -2.899925e+00
     vertex  3.178010e+00  1.639482e+01 -3.178010e+00
   endloop
 endfacet
 facet normal  5.331037e-05  9.888308e-01 -1.490423e-01
   outer loop
     vertex  2.125890e+00  1.656414e+01 -2.125890e+00
     vertex  2.400000e+01  1.657039e+01 -2.076540e+00
     vertex  2.400000e+01  1.644629e+01 -2.899925e+00
   endloop
 endfacet
 facet normal -6.008245e-05  9.950308e-01 -9.956785e-02
   outer loop
     vertex  2.125890e+00  1.656414e+01 -2.125890e+00
     vertex  2.400000e+01  1.665330e+01 -1.247993e+00
     vertex  2.400000e+01  1.657039e+01 -2.076540e+00
   endloop
 endfacet
 facet normal  1.554119e-04  9.987569e-01 -4.984589e-02
   outer loop
     vertex  1.065113e+00  1.666600e+01 -1.065113e+00
     vertex  2.400000e+01  1.669481e+01 -4.163426e-01
     vertex  2.400000e+01  1.665330e+01 -1.247993e+00
   endloop
 endfacet
 facet normal -2.128656e-04  9.954007e-01 -9.579860e-02
   outer loop
     vertex  1.065113e+00  1.666600e+01 -1.065113e+00
     vertex  2.400000e+01  1.665330e+01 -1.247993e+00
     vertex  2.125890e+00  1.656414e+01 -2.125890e+00
   endloop
 endfacet
 facet normal -3.432743e-04  9.994798e-01 -3.224879e-02
   outer loop
     vertex  0.000000e+00  1.670000e+01 -1.022580e-15
     vertex  2.400000e+01  1.669481e+01 -4.163426e-01
     vertex  1.065113e+00  1.666600e+01 -1.065113e+00
   endloop
 endfacet
 facet normal  2.162775e-04  1.000000e+00  0.000000e+00
   outer loop
     vertex  0.000000e+00  1.670000e+01 -1.022580e-15
     vertex  2.400000e+01  1.669481e+01  4.163426e-01
     vertex  2.400000e+01  1.669481e+01 -4.163426e-01
   endloop
 endfacet
 facet normal -3.432743e-04  9.994798e-01  3.224879e-02
   outer loop
     vertex  1.065113e+00  1.666600e+01  1.065113e+00
     vertex  2.400000e+01  1.669481e+01  4.163426e-01
     vertex  0.000000e+00  1.670000e+01 -1.022580e-15
   endloop
 endfacet
 facet normal  1.554119e-04  9.987569e-01  4.984589e-02
   outer loop
     vertex  1.065113e+00  1.666600e+01  1.065113e+00
     vertex  2.400000e+01  1.665330e+01  1.247993e+00
     vertex  2.400000e+01  1.669481e+01  4.163426e-01
   endloop
 endfacet
 facet normal -2.128656e-04  9.954007e-01  9.579860e-02
   outer loop
     vertex  2.125890e+00  1.656414e+01  2.125890e+00
     vertex  2.400000e+01  1.665330e+01  1.247993e+00
     vertex  1.065113e+00  1.666600e+01  1.065113e+00
   endloop
 endfacet
 facet normal -6.008245e-05  9.950308e-01  9.956785e-02
   outer loop
     vertex  2.125890e+00  1.656414e+01  2.125890e+00
     vertex  2.400000e+01  1.657039e+01  2.076540e+00
     vertex  2.400000e+01  1.665330e+01  1.247993e+00
   endloop
 endfacet
 facet normal  5.331037e-05  9.888308e-01  1.490423e-01
   outer loop
     vertex  2.125890e+00  1.656414e+01  2.125890e+00
     vertex  2.400000e+01  1.644629e+01  2.899925e+00
     vertex  2.400000e+01  1.657039e+01  2.076540e+00
   endloop
 endfacet
 facet normal -3.141775e-04  9.872485e-01  1.591865e-01
   outer loop
     vertex  3.178010e+00  1.639482e+01  3.178010e+00
     vertex  2.400000e+01  1.644629e+01  2.899925e+00
     vertex  2.125890e+00  1.656414e+01  2.125890e+00
   endloop
 endfacet
 facet normal  2.236321e-04  9.801725e-01  1.981461e-01
   outer loop
     vertex  3.178010e+00  1.639482e+01  3.178010e+00
     vertex  2.400000e+01  1.628130e+01  3.716100e+00
     vertex  2.400000e+01  1.644629e+01  2.899925e+00
   endloop
 endfacet
 facet normal -4.186990e-04  9.750639e-01  2.219240e-01
   outer loop
     vertex  4.217189e+00  1.615875e+01  4.217189e+00
     vertex  2.400000e+01  1.628130e+01  3.716100e+00
     vertex  3.178010e+00  1.639482e+01  3.178010e+00
   endloop
 endfacet
 facet normal  2.474018e-04  9.690773e-01  2.467574e-01
   outer loop
     vertex  4.217189e+00  1.615875e+01  4.217189e+00
     vertex  2.400000e+01  1.607582e+01  4.523036e+00
     vertex  2.400000e+01  1.628130e+01  3.716100e+00
   endloop
 endfacet
 facet normal -3.647606e-04  9.589411e-01  2.836050e-01
   outer loop
     vertex  5.239196e+00  1.585689e+01  5.239196e+00
     vertex  2.400000e+01  1.607582e+01  4.523036e+00
     vertex  4.217189e+00  1.615875e+01  4.217189e+00
   endloop
 endfacet
 facet normal  1.001868e-04  9.555728e-01  2.947552e-01
   outer loop
     vertex  5.239196e+00  1.585689e+01  5.239196e+00
     vertex  2.400000e+01  1.583039e+01  5.318727e+00
     vertex  2.400000e+01  1.607582e+01  4.523036e+00
   endloop
 endfacet
 facet normal -1.319095e-04  9.389784e-01  3.439760e-01
   outer loop
     vertex  6.239869e+00  1.549045e+01  6.239869e+00
     vertex  2.400000e+01  1.583039e+01  5.318727e+00
     vertex  5.239196e+00  1.585689e+01  5.239196e+00
   endloop
 endfacet
 facet normal -2.470197e-04  9.396926e-01  3.420201e-01
   outer loop
     vertex  6.239869e+00  1.549045e+01  6.239869e+00
     vertex  2.400000e+01  1.554559e+01  6.101195e+00
     vertex  2.400000e+01  1.583039e+01  5.318727e+00
   endloop
 endfacet
 facet normal  1.719532e-04  9.214762e-01  3.884348e-01
   outer loop
     vertex  6.239869e+00  1.549045e+01  6.239869e+00
     vertex  2.400000e+01  1.522215e+01  6.868495e+00
     vertex  2.400000e+01  1.554559e+01  6.101195e+00
   endloop
 endfacet
 facet normal -4.565677e-04  9.150095e-01  4.034320e-01
   outer loop
     vertex  7.215135e+00  1.506094e+01  7.215135e+00
     vertex  2.400000e+01  1.522215e+01  6.868495e+00
     vertex  6.239869e+00  1.549045e+01  6.239869e+00
   endloop
 endfacet
 facet normal  3.071742e-04  9.009688e-01  4.338837e-01
   outer loop
     vertex  7.215135e+00  1.506094e+01  7.215135e+00
     vertex  2.400000e+01  1.486086e+01  7.618718e+00
     vertex  2.400000e+01  1.522215e+01  6.868495e+00
   endloop
 endfacet
 facet normal -4.187849e-04  8.889034e-01  4.580946e-01
   outer loop
     vertex  8.067864e+00  1.462189e+01  8.067864e+00
     vertex  2.400000e+01  1.486086e+01  7.618718e+00
     vertex  7.215135e+00  1.506094e+01  7.215135e+00
   endloop
 endfacet
 facet normal  3.097546e-04  8.782215e-01  4.782540e-01
   outer loop
     vertex  8.067864e+00  1.462189e+01  8.067864e+00
     vertex  2.400000e+01  1.446262e+01  8.350000e+00
     vertex  2.400000e+01  1.486086e+01  7.618718e+00
   endloop
 endfacet
 facet normal -3.342193e-04  8.626377e-01  5.058221e-01
   outer loop
     vertex  8.812647e+00  1.418546e+01  8.812647e+00
     vertex  2.400000e+01  1.446262e+01  8.350000e+00
     vertex  8.067864e+00  1.462189e+01  8.067864e+00
   endloop
 endfacet
 facet normal  3.119725e-04  8.532908e-01  5.214352e-01
   outer loop
     vertex  8.812647e+00  1.418546e+01  8.812647e+00
     vertex  2.400000e+01  1.402843e+01  9.060523e+00
     vertex  2.400000e+01  1.446262e+01  8.350000e+00
   endloop
 endfacet
 facet normal -3.350535e-04  8.353524e-01  5.497147e-01
   outer loop
     vertex  9.533882e+00  1.371113e+01  9.533882e+00
     vertex  2.400000e+01  1.402843e+01  9.060523e+00
     vertex  8.812647e+00  1.418546e+01  8.812647e+00
   endloop
 endfacet
 facet normal  3.100425e-04  8.262387e-01  5.633200e-01
   outer loop
     vertex  9.533882e+00  1.371113e+01  9.533882e+00
     vertex  2.400000e+01  1.355936e+01  9.748519e+00
     vertex  2.400000e+01  1.402843e+01  9.060523e+00
   endloop
 endfacet
 facet normal -3.315192e-04  8.058384e-01  5.921354e-01
   outer loop
     vertex  1.022964e+01  1.320017e+01  1.022964e+01
     vertex  2.400000e+01  1.355936e+01  9.748519e+00
     vertex  9.533882e+00  1.371113e+01  9.533882e+00
   endloop
 endfacet
 facet normal  3.032804e-04  7.971325e-01  6.038044e-01
   outer loop
     vertex  1.022964e+01  1.320017e+01  1.022964e+01
     vertex  2.400000e+01  1.305659e+01  1.041228e+01
     vertex  2.400000e+01  1.355936e+01  9.748519e+00
   endloop
 endfacet
 facet normal -3.229301e-04  7.741752e-01  6.329713e-01
   outer loop
     vertex  1.089807e+01  1.265393e+01  1.089807e+01
     vertex  2.400000e+01  1.305659e+01  1.041228e+01
     vertex  1.022964e+01  1.320017e+01  1.022964e+01
   endloop
 endfacet
 facet normal  2.909144e-04  7.660444e-01  6.427876e-01
   outer loop
     vertex  1.089807e+01  1.265393e+01  1.089807e+01
     vertex  2.400000e+01  1.252135e+01  1.105015e+01
     vertex  2.400000e+01  1.305659e+01  1.041228e+01
   endloop
 endfacet
 facet normal -3.085179e-04  7.404477e-01  6.721139e-01
   outer loop
     vertex  1.153738e+01  1.207389e+01  1.153738e+01
     vertex  2.400000e+01  1.252135e+01  1.105015e+01
     vertex  1.089807e+01  1.265393e+01  1.089807e+01
   endloop
 endfacet
 facet normal  2.720852e-04  7.330518e-01  6.801727e-01
   outer loop
     vertex  1.153738e+01  1.207389e+01  1.153738e+01
     vertex  2.400000e+01  1.195498e+01  1.166055e+01
     vertex  2.400000e+01  1.252135e+01  1.105015e+01
   endloop
 endfacet
 facet normal -2.874333e-04  7.047466e-01  7.094591e-01
   outer loop
     vertex  1.214587e+01  1.146158e+01  1.214587e+01
     vertex  2.400000e+01  1.195498e+01  1.166055e+01
     vertex  1.153738e+01  1.207389e+01  1.153738e+01
   endloop
 endfacet
 facet normal  2.458505e-04  6.982368e-01  7.158668e-01
   outer loop
     vertex  1.214587e+01  1.146158e+01  1.214587e+01
     vertex  2.400000e+01  1.135888e+01  1.224197e+01
     vertex  2.400000e+01  1.195498e+01  1.166055e+01
   endloop
 endfacet
 facet normal -2.278495e-04  6.691055e-01  7.431674e-01
   outer loop
     vertex  1.266580e+01  1.088428e+01  1.266580e+01
     vertex  2.400000e+01  1.135888e+01  1.224197e+01
     vertex  1.214587e+01  1.146158e+01  1.214587e+01
   endloop
 endfacet
 facet normal  3.301603e-04  6.616858e-01  7.497812e-01
   outer loop
     vertex  1.266580e+01  1.088428e+01  1.266580e+01
     vertex  2.400000e+01  1.073455e+01  1.279294e+01
     vertex  2.400000e+01  1.135888e+01  1.224197e+01
   endloop
 endfacet
 facet normal -2.638202e-04  6.356027e-01  7.720163e-01
   outer loop
     vertex  1.311033e+01  1.034452e+01  1.311033e+01
     vertex  2.400000e+01  1.073455e+01  1.279294e+01
     vertex  1.266580e+01  1.088428e+01  1.266580e+01
   endloop
 endfacet
 facet normal  4.560949e-04  6.234897e-01  7.818314e-01
   outer loop
     vertex  1.311033e+01  1.034452e+01  1.311033e+01
     vertex  2.400000e+01  1.008353e+01  1.331211e+01
     vertex  2.400000e+01  1.073455e+01  1.279294e+01
   endloop
 endfacet
 facet normal  4.895384e-04  5.837436e-01  8.119379e-01
   outer loop
     vertex  1.353188e+01  9.786635e+00  1.353188e+01
     vertex  2.400000e+01  9.407445e+00  1.379819e+01
     vertex  2.400000e+01  1.008353e+01  1.331211e+01
   endloop
 endfacet
 facet normal -3.412728e-04  6.026972e-01  7.979699e-01
   outer loop
     vertex  1.353188e+01  9.786635e+00  1.353188e+01
     vertex  2.400000e+01  1.008353e+01  1.331211e+01
     vertex  1.311033e+01  1.034452e+01  1.311033e+01
   endloop
 endfacet
 facet normal  4.186142e-04  5.425462e-01  8.400258e-01
   outer loop
     vertex  1.392970e+01  9.211588e+00  1.392970e+01
     vertex  2.400000e+01  8.707968e+00  1.424996e+01
     vertex  2.400000e+01  9.407445e+00  1.379819e+01
   endloop
 endfacet
 facet normal -3.207308e-04  5.687836e-01  8.224871e-01
   outer loop
     vertex  1.392970e+01  9.211588e+00  1.392970e+01
     vertex  2.400000e+01  9.407445e+00  1.379819e+01
     vertex  1.353188e+01  9.786635e+00  1.353188e+01
   endloop
 endfacet
 facet normal -1.877167e-04  5.339239e-01  8.455325e-01
   outer loop
     vertex  1.430311e+01  8.620391e+00  1.430311e+01
     vertex  2.400000e+01  8.707968e+00  1.424996e+01
     vertex  1.392970e+01  9.211588e+00  1.392970e+01
   endloop
 endfacet
 facet normal  2.309858e-04  5.000000e-01  8.660254e-01
   outer loop
     vertex  2.400000e+01  7.986841e+00  1.466630e+01
     vertex  2.400000e+01  8.707968e+00  1.424996e+01
     vertex  1.430311e+01  8.620391e+00  1.430311e+01
   endloop
 endfacet
 facet normal  7.270001e-05  4.981787e-01  8.670744e-01
   outer loop
     vertex  1.465143e+01  8.014081e+00  1.465143e+01
     vertex  2.400000e+01  7.986841e+00  1.466630e+01
     vertex  1.430311e+01  8.620391e+00  1.430311e+01
   endloop
 endfacet
 facet normal -6.651444e-05  4.613854e-01  8.871998e-01
   outer loop
     vertex  1.497407e+01  7.393722e+00  1.497407e+01
     vertex  2.400000e+01  7.986841e+00  1.466630e+01
     vertex  1.465143e+01  8.014081e+00  1.465143e+01
   endloop
 endfacet
 facet normal  3.646425e-04  4.562106e-01  8.898717e-01
   outer loop
     vertex  1.497407e+01  7.393722e+00  1.497407e+01
     vertex  2.400000e+01  7.245858e+00  1.504618e+01
     vertex  2.400000e+01  7.986841e+00  1.466630e+01
   endloop
 endfacet
 facet normal -2.556452e-04  4.256659e-01  9.048804e-01
   outer loop
     vertex  1.524202e+01  6.824284e+00  1.524202e+01
     vertex  2.400000e+01  7.245858e+00  1.504618e+01
     vertex  1.497407e+01  7.393722e+00  1.497407e+01
   endloop
 endfacet
 facet normal  5.846457e-04  4.112870e-01  9.115057e-01
   outer loop
     vertex  1.524202e+01  6.824284e+00  1.524202e+01
     vertex  2.400000e+01  6.486861e+00  1.538865e+01
     vertex  2.400000e+01  7.245858e+00  1.504618e+01
   endloop
 endfacet
 facet normal -2.538692e-04  3.930116e-01  9.195335e-01
   outer loop
     vertex  1.546467e+01  6.303480e+00  1.546467e+01
     vertex  2.400000e+01  6.486861e+00  1.538865e+01
     vertex  1.524202e+01  6.824284e+00  1.524202e+01
   endloop
 endfacet
 facet normal  4.416348e-04  3.653410e-01  9.308737e-01
   outer loop
     vertex  2.400000e+01  5.711736e+00  1.569287e+01
     vertex  2.400000e+01  6.486861e+00  1.538865e+01
     vertex  1.546467e+01  6.303480e+00  1.546467e+01
   endloop
 endfacet
 facet normal  1.550615e-04  3.617482e-01  9.322758e-01
   outer loop
     vertex  1.566954e+01  5.775425e+00  1.566954e+01
     vertex  2.400000e+01  5.711736e+00  1.569287e+01
     vertex  1.546467e+01  6.303480e+00  1.546467e+01
   endloop
 endfacet
 facet normal -1.218684e-04  3.298344e-01  9.440388e-01
   outer loop
     vertex  1.585638e+01  5.240727e+00  1.585638e+01
     vertex  2.400000e+01  5.711736e+00  1.569287e+01
     vertex  1.566954e+01  5.775425e+00  1.566954e+01
   endloop
 endfacet
 facet normal  6.125378e-04  3.184866e-01  9.479272e-01
   outer loop
     vertex  1.585638e+01  5.240727e+00  1.585638e+01
     vertex  2.400000e+01  4.922411e+00  1.595807e+01
     vertex  2.400000e+01  5.711736e+00  1.569287e+01
   endloop
 endfacet
 facet normal -2.888711e-04  2.975873e-01  9.546946e-01
   outer loop
     vertex  1.602498e+01  4.700000e+00  1.602498e+01
     vertex  2.400000e+01  4.922411e+00  1.595807e+01
     vertex  1.585638e+01  5.240727e+00  1.585638e+01
   endloop
 endfacet
 facet normal  5.235900e-04  2.708404e-01  9.626241e-01
   outer loop
     vertex  2.400000e+01  4.120849e+00  1.618359e+01
     vertex  2.400000e+01  4.922411e+00  1.595807e+01
     vertex  1.602498e+01  4.700000e+00  1.602498e+01
   endloop
 endfacet
 facet normal  7.839548e-05  2.651440e-01  9.642088e-01
   outer loop
     vertex  1.617515e+01  4.153867e+00  1.617515e+01
     vertex  2.400000e+01  4.120849e+00  1.618359e+01
     vertex  1.602498e+01  4.700000e+00  1.602498e+01
   endloop
 endfacet
 facet normal -6.948787e-05  2.322579e-01  9.726542e-01
   outer loop
     vertex  1.630671e+01  3.602956e+00  1.630671e+01
     vertex  2.400000e+01  4.120849e+00  1.618359e+01
     vertex  1.617515e+01  4.153867e+00  1.617515e+01
   endloop
 endfacet
 facet normal  6.223665e-04  2.225209e-01  9.749277e-01
   outer loop
     vertex  1.630671e+01  3.602956e+00  1.630671e+01
     vertex  2.400000e+01  3.309041e+00  1.636888e+01
     vertex  2.400000e+01  4.120849e+00  1.618359e+01
   endloop
 endfacet
 facet normal -3.134344e-04  1.990949e-01  9.799802e-01
   outer loop
     vertex  1.641951e+01  3.047900e+00  1.641951e+01
     vertex  2.400000e+01  3.309041e+00  1.636888e+01
     vertex  1.630671e+01  3.602956e+00  1.630671e+01
   endloop
 endfacet
 facet normal  5.954232e-04  1.736481e-01  9.848076e-01
   outer loop
     vertex  2.400000e+01  2.489006e+00  1.651347e+01
     vertex  2.400000e+01  3.309041e+00  1.636888e+01
     vertex  1.641951e+01  3.047900e+00  1.641951e+01
   endloop
 endfacet
 facet normal  7.608373e-07  1.658095e-01  9.861578e-01
   outer loop
     vertex  1.651342e+01  2.489338e+00  1.651342e+01
     vertex  2.400000e+01  2.489006e+00  1.651347e+01
     vertex  1.641951e+01  3.047900e+00  1.641951e+01
   endloop
 endfacet
 facet normal -7.599349e-07  1.322719e-01  9.912135e-01
   outer loop
     vertex  1.658834e+01  1.927912e+00  1.658834e+01
     vertex  2.400000e+01  2.489006e+00  1.651347e+01
     vertex  1.651342e+01  2.489338e+00  1.651342e+01
   endloop
 endfacet
 facet normal  6.098005e-04  1.243437e-01  9.922390e-01
   outer loop
     vertex  1.658834e+01  1.927912e+00  1.658834e+01
     vertex  2.400000e+01  1.662783e+00  1.661701e+01
     vertex  2.400000e+01  2.489006e+00  1.651347e+01
   endloop
 endfacet
 facet normal -3.240554e-04  9.855068e-02  9.951320e-01
   outer loop
     vertex  1.664418e+01  1.364269e+00  1.664418e+01
     vertex  2.400000e+01  1.662783e+00  1.661701e+01
     vertex  1.658834e+01  1.927912e+00  1.658834e+01
   endloop
 endfacet
 facet normal  6.502841e-04  7.473008e-02  9.972036e-01
   outer loop
     vertex  2.400000e+01  8.324263e-01  1.667924e+01
     vertex  2.400000e+01  1.662783e+00  1.661701e+01
     vertex  1.664418e+01  1.364269e+00  1.664418e+01
   endloop
 endfacet
 facet normal -7.282233e-05  6.477483e-02  9.978999e-01
   outer loop
     vertex  1.668087e+01  7.990564e-01  1.668087e+01
     vertex  2.400000e+01  8.324263e-01  1.667924e+01
     vertex  1.664418e+01  1.364269e+00  1.664418e+01
   endloop
 endfacet
 facet normal  5.917846e-05  3.589388e-02  9.993556e-01
   outer loop
     vertex  1.669522e+01  3.996426e-01  1.669522e+01
     vertex  2.400000e+01  8.324263e-01  1.667924e+01
     vertex  1.668087e+01  7.990564e-01  1.668087e+01
   endloop
 endfacet
 facet normal  7.094399e-04  2.493069e-02  9.996889e-01
   outer loop
     vertex  1.669522e+01  3.996426e-01  1.669522e+01
     vertex  2.400000e+01 -5.728516e-14  1.670000e+01
     vertex  2.400000e+01  8.324263e-01  1.667924e+01
   endloop
 endfacet
 facet normal  5.805404e-16  1.196620e-02  9.999284e-01
   outer loop
     vertex  1.670000e+01  0.000000e+00  1.670000e+01
     vertex  2.400000e+01 -5.728516e-14  1.670000e+01
     vertex  1.669522e+01  3.996426e-01  1.669522e+01
   endloop
 endfacet
 facet normal  3.565226e-16 -1.656349e-02  9.998628e-01
   outer loop
     vertex  1.669084e+01 -5.531447e-01  1.669084e+01
     vertex  2.400000e+01 -5.728516e-14  1.670000e+01
     vertex  1.670000e+01  0.000000e+00  1.670000e+01
   endloop
 endfacet
 facet normal  6.334326e-04 -2.493069e-02  9.996890e-01
   outer loop
     vertex  1.669084e+01 -5.531447e-01  1.669084e+01
     vertex  2.400000e+01 -8.324263e-01  1.667924e+01
     vertex  2.400000e+01 -5.728516e-14  1.670000e+01
   endloop
 endfacet
 facet normal -3.128098e-04 -4.965678e-02  9.987663e-01
   outer loop
     vertex  1.666336e+01 -1.105682e+00  1.666336e+01
     vertex  2.400000e+01 -8.324263e-01  1.667924e+01
     vertex  1.669084e+01 -5.531447e-01  1.669084e+01
   endloop
 endfacet
 facet normal  6.244384e-04 -7.473008e-02  9.972036e-01
   outer loop
     vertex  2.400000e+01 -1.662783e+00  1.661701e+01
     vertex  2.400000e+01 -8.324263e-01  1.667924e+01
     vertex  1.666336e+01 -1.105682e+00  1.666336e+01
   endloop
 endfacet
 facet normal  1.316003e-05 -8.272768e-02  9.965722e-01
   outer loop
     vertex  1.661759e+01 -1.657007e+00  1.661759e+01
     vertex  2.400000e+01 -1.662783e+00  1.661701e+01
     vertex  1.666336e+01 -1.105682e+00  1.666336e+01
   endloop
 endfacet
 facet normal  6.280107e-04 -1.243437e-01  9.922390e-01
   outer loop
     vertex  1.655359e+01 -2.206513e+00  1.655359e+01
     vertex  2.400000e+01 -2.489006e+00  1.651347e+01
     vertex  2.400000e+01 -1.662783e+00  1.661701e+01
   endloop
 endfacet
 facet normal -1.288642e-05 -1.156886e-01  9.932855e-01
   outer loop
     vertex  1.655359e+01 -2.206513e+00  1.655359e+01
     vertex  2.400000e+01 -1.662783e+00  1.661701e+01
     vertex  1.661759e+01 -1.657007e+00  1.661759e+01
   endloop
 endfacet
 facet normal -3.056173e-04 -1.484818e-01  9.889151e-01
   outer loop
     vertex  1.647142e+01 -2.753597e+00  1.647142e+01
     vertex  2.400000e+01 -2.489006e+00  1.651347e+01
     vertex  1.655359e+01 -2.206513e+00  1.655359e+01
   endloop
 endfacet
 facet normal  6.017978e-04 -1.736481e-01  9.848076e-01
   outer loop
     vertex  2.400000e+01 -3.309041e+00  1.636888e+01
     vertex  2.400000e+01 -2.489006e+00  1.651347e+01
     vertex  1.647142e+01 -2.753597e+00  1.647142e+01
   endloop
 endfacet
 facet normal  2.572893e-05 -1.812048e-01  9.834454e-01
   outer loop
     vertex  1.637118e+01 -3.297660e+00  1.637118e+01
     vertex  2.400000e+01 -3.309041e+00  1.636888e+01
     vertex  1.647142e+01 -2.753597e+00  1.647142e+01
   endloop
 endfacet
 facet normal  6.093910e-04 -2.225209e-01  9.749277e-01
   outer loop
     vertex  1.625297e+01 -3.838104e+00  1.625297e+01
     vertex  2.400000e+01 -4.120849e+00  1.618359e+01
     vertex  2.400000e+01 -3.309041e+00  1.636888e+01
   endloop
 endfacet
 facet normal -2.467015e-05 -2.136698e-01  9.769059e-01
   outer loop
     vertex  1.625297e+01 -3.838104e+00  1.625297e+01
     vertex  2.400000e+01 -3.309041e+00  1.636888e+01
     vertex  1.637118e+01 -3.297660e+00  1.637118e+01
   endloop
 endfacet
 facet normal -2.922084e-04 -2.458455e-01  9.693090e-01
   outer loop
     vertex  1.611692e+01 -4.374336e+00  1.611692e+01
     vertex  2.400000e+01 -4.120849e+00  1.618359e+01
     vertex  1.625297e+01 -3.838104e+00  1.625297e+01
   endloop
 endfacet
 facet normal  5.680606e-04 -2.708404e-01  9.626241e-01
   outer loop
     vertex  2.400000e+01 -4.922411e+00  1.595807e+01
     vertex  2.400000e+01 -4.120849e+00  1.618359e+01
     vertex  1.611692e+01 -4.374336e+00  1.611692e+01
   endloop
 endfacet
 facet normal  3.699858e-05 -2.778954e-01  9.606113e-01
   outer loop
     vertex  1.596319e+01 -4.905768e+00  1.596319e+01
     vertex  2.400000e+01 -4.922411e+00  1.595807e+01
     vertex  1.611692e+01 -4.374336e+00  1.611692e+01
   endloop
 endfacet
 facet normal  5.803442e-04 -3.184866e-01  9.479272e-01
   outer loop
     vertex  1.579194e+01 -5.431816e+00  1.579194e+01
     vertex  2.400000e+01 -5.711736e+00  1.569287e+01
     vertex  2.400000e+01 -4.922411e+00  1.595807e+01
   endloop
 endfacet
 facet normal -3.473823e-05 -3.095407e-01  9.508862e-01
   outer loop
     vertex  1.579194e+01 -5.431816e+00  1.579194e+01
     vertex  2.400000e+01 -4.922411e+00  1.595807e+01
     vertex  1.596319e+01 -4.905768e+00  1.596319e+01
   endloop
 endfacet
 facet normal  5.268098e-04 -3.653410e-01  9.308736e-01
   outer loop
     vertex  1.560336e+01 -5.951903e+00  1.560336e+01
     vertex  2.400000e+01 -6.486861e+00  1.538865e+01
     vertex  2.400000e+01 -5.711736e+00  1.569287e+01
   endloop
 endfacet
 facet normal -2.742254e-04 -3.407888e-01  9.401399e-01
   outer loop
     vertex  1.560336e+01 -5.951903e+00  1.560336e+01
     vertex  2.400000e+01 -5.711736e+00  1.569287e+01
     vertex  1.579194e+01 -5.431816e+00  1.579194e+01
   endloop
 endfacet
 facet normal  4.653842e-05 -3.718444e-01  9.282951e-01
   outer loop
     vertex  1.539766e+01 -6.465458e+00  1.539766e+01
     vertex  2.400000e+01 -6.486861e+00  1.538865e+01
     vertex  1.560336e+01 -5.951903e+00  1.560336e+01
   endloop
 endfacet
 facet normal  5.443673e-04 -4.112870e-01  9.115057e-01
   outer loop
     vertex  1.517506e+01 -6.971919e+00  1.517506e+01
     vertex  2.400000e+01 -7.245858e+00  1.504618e+01
     vertex  2.400000e+01 -6.486861e+00  1.538865e+01
   endloop
 endfacet
 facet normal -4.278612e-05 -4.023561e-01  9.154832e-01
   outer loop
     vertex  1.517506e+01 -6.971919e+00  1.517506e+01
     vertex  2.400000e+01 -6.486861e+00  1.538865e+01
     vertex  1.539766e+01 -6.465458e+00  1.539766e+01
   endloop
 endfacet
 facet normal  4.817614e-04 -4.562106e-01  8.898717e-01
   outer loop
     vertex  1.493580e+01 -7.470728e+00  1.493580e+01
     vertex  2.400000e+01 -7.986841e+00  1.466630e+01
     vertex  2.400000e+01 -7.245858e+00  1.504618e+01
   endloop
 endfacet
 facet normal -2.535258e-04 -4.323750e-01  9.016938e-01
   outer loop
     vertex  1.493580e+01 -7.470728e+00  1.493580e+01
     vertex  2.400000e+01 -7.245858e+00  1.504618e+01
     vertex  1.517506e+01 -6.971919e+00  1.517506e+01
   endloop
 endfacet
 facet normal  5.421157e-05 -4.621236e-01  8.868155e-01
   outer loop
     vertex  1.468016e+01 -7.961339e+00  1.468016e+01
     vertex  2.400000e+01 -7.986841e+00  1.466630e+01
     vertex  1.493580e+01 -7.470728e+00  1.493580e+01
   endloop
 endfacet
 facet normal -4.880299e-05 -4.912008e-01  8.710464e-01
   outer loop
     vertex  1.440841e+01 -8.443214e+00  1.440841e+01
     vertex  2.400000e+01 -7.986841e+00  1.466630e+01
     vertex  1.468016e+01 -7.961339e+00  1.468016e+01
   endloop
 endfacet
 facet normal  5.048694e-04 -4.999999e-01  8.660253e-01
   outer loop
     vertex  1.440841e+01 -8.443214e+00  1.440841e+01
     vertex  2.400000e+01 -8.707968e+00  1.424996e+01
     vertex  2.400000e+01 -7.986841e+00  1.466630e+01
   endloop
 endfacet
 facet normal  4.360806e-04 -5.425462e-01  8.400258e-01
   outer loop
     vertex  1.412084e+01 -8.915822e+00  1.412084e+01
     vertex  2.400000e+01 -9.407445e+00  1.379819e+01
     vertex  2.400000e+01 -8.707968e+00  1.424996e+01
   endloop
 endfacet
 facet normal -2.317945e-04 -5.197000e-01  8.543488e-01
   outer loop
     vertex  1.412084e+01 -8.915822e+00  1.412084e+01
     vertex  2.400000e+01 -8.707968e+00  1.424996e+01
     vertex  1.440841e+01 -8.443214e+00  1.440841e+01
   endloop
 endfacet
 facet normal  6.011163e-05 -5.478413e-01  8.365823e-01
   outer loop
     vertex  1.381778e+01 -9.378647e+00  1.381778e+01
     vertex  2.400000e+01 -9.407445e+00  1.379819e+01
     vertex  1.412084e+01 -8.915822e+00  1.412084e+01
   endloop
 endfacet
 facet normal -5.298686e-05 -5.751985e-01  8.180139e-01
   outer loop
     vertex  1.349955e+01 -9.831179e+00  1.349955e+01
     vertex  2.400000e+01 -9.407445e+00  1.379819e+01
     vertex  1.381778e+01 -9.378647e+00  1.381778e+01
   endloop
 endfacet
 facet normal  4.646447e-04 -5.837436e-01  8.119379e-01
   outer loop
     vertex  1.349955e+01 -9.831179e+00  1.349955e+01
     vertex  2.400000e+01 -1.008353e+01  1.331211e+01
     vertex  2.400000e+01 -9.407445e+00  1.379819e+01
   endloop
 endfacet
 facet normal -2.103287e-04 -6.019007e-01  7.985709e-01
   outer loop
     vertex  1.316651e+01 -1.027292e+01  1.316651e+01
     vertex  2.400000e+01 -1.008353e+01  1.331211e+01
     vertex  1.349955e+01 -9.831179e+00  1.349955e+01
   endloop
 endfacet
 facet normal  3.920642e-04 -6.234898e-01  7.818314e-01
   outer loop
     vertex  1.316651e+01 -1.027292e+01  1.316651e+01
     vertex  2.400000e+01 -1.073455e+01  1.279294e+01
     vertex  2.400000e+01 -1.008353e+01  1.331211e+01
   endloop
 endfacet
 facet normal  6.446981e-05 -6.281511e-01  7.780914e-01
   outer loop
     vertex  1.281902e+01 -1.070339e+01  1.281902e+01
     vertex  2.400000e+01 -1.073455e+01  1.279294e+01
     vertex  1.316651e+01 -1.027292e+01  1.316651e+01
   endloop
 endfacet
 facet normal  4.256808e-04 -6.616858e-01  7.497811e-01
   outer loop
     vertex  1.245747e+01 -1.112212e+01  1.245747e+01
     vertex  2.400000e+01 -1.135888e+01  1.224197e+01
     vertex  2.400000e+01 -1.073455e+01  1.279294e+01
   endloop
 endfacet
 facet normal -5.564308e-05 -6.535205e-01  7.569088e-01
   outer loop
     vertex  1.245747e+01 -1.112212e+01  1.245747e+01
     vertex  2.400000e+01 -1.073455e+01  1.279294e+01
     vertex  1.281902e+01 -1.070339e+01  1.281902e+01
   endloop
 endfacet
 facet normal  3.511329e-04 -6.982368e-01  7.158668e-01
   outer loop
     vertex  1.208224e+01 -1.152864e+01  1.208224e+01
     vertex  2.400000e+01 -1.195498e+01  1.166055e+01
     vertex  2.400000e+01 -1.135888e+01  1.224197e+01
   endloop
 endfacet
 facet normal -1.899902e-04 -6.781646e-01  7.349100e-01
   outer loop
     vertex  1.208224e+01 -1.152864e+01  1.208224e+01
     vertex  2.400000e+01 -1.135888e+01  1.224197e+01
     vertex  1.245747e+01 -1.112212e+01  1.245747e+01
   endloop
 endfacet
 facet normal  6.757210e-05 -7.022601e-01  7.119205e-01
   outer loop
     vertex  1.169375e+01 -1.192250e+01  1.169375e+01
     vertex  2.400000e+01 -1.195498e+01  1.166055e+01
     vertex  1.208224e+01 -1.152864e+01  1.208224e+01
   endloop
 endfacet
 facet normal  3.892070e-04 -7.330518e-01  6.801727e-01
   outer loop
     vertex  1.129244e+01 -1.230329e+01  1.129244e+01
     vertex  2.400000e+01 -1.252135e+01  1.105015e+01
     vertex  2.400000e+01 -1.195498e+01  1.166055e+01
   endloop
 endfacet
 facet normal -5.710243e-05 -7.253941e-01  6.883337e-01
   outer loop
     vertex  1.129244e+01 -1.230329e+01  1.129244e+01
     vertex  2.400000e+01 -1.195498e+01  1.166055e+01
     vertex  1.169375e+01 -1.192250e+01  1.169375e+01
   endloop
 endfacet
 facet normal  3.139934e-04 -7.660444e-01  6.427876e-01
   outer loop
     vertex  1.087872e+01 -1.267057e+01  1.087872e+01
     vertex  2.400000e+01 -1.305659e+01  1.041228e+01
     vertex  2.400000e+01 -1.252135e+01  1.105015e+01
   endloop
 endfacet
 facet normal -1.712629e-04 -7.477379e-01  6.639940e-01
   outer loop
     vertex  1.087872e+01 -1.267057e+01  1.087872e+01
     vertex  2.400000e+01 -1.252135e+01  1.105015e+01
     vertex  1.129244e+01 -1.230329e+01  1.129244e+01
   endloop
 endfacet
 facet normal  6.970287e-05 -7.694368e-01  6.387230e-01
   outer loop
     vertex  1.045308e+01 -1.302395e+01  1.045308e+01
     vertex  2.400000e+01 -1.305659e+01  1.041228e+01
     vertex  1.087872e+01 -1.267057e+01  1.087872e+01
   endloop
 endfacet
 facet normal  3.558552e-04 -7.971325e-01  6.038044e-01
   outer loop
     vertex  1.001595e+01 -1.336303e+01  1.001595e+01
     vertex  2.400000e+01 -1.355936e+01  9.748519e+00
     vertex  2.400000e+01 -1.305659e+01  1.041228e+01
   endloop
 endfacet
 facet normal -5.767068e-05 -7.901098e-01  6.129653e-01
   outer loop
     vertex  1.001595e+01 -1.336303e+01  1.001595e+01
     vertex  2.400000e+01 -1.305659e+01  1.041228e+01
     vertex  1.045308e+01 -1.302395e+01  1.045308e+01
   endloop
 endfacet
 facet normal  2.808488e-04 -8.262387e-01  5.633200e-01
   outer loop
     vertex  9.567843e+00 -1.368745e+01  9.567843e+00
     vertex  2.400000e+01 -1.402843e+01  9.060523e+00
     vertex  2.400000e+01 -1.355936e+01  9.748519e+00
   endloop
 endfacet
 facet normal -1.543503e-04 -8.099326e-01  5.865229e-01
   outer loop
     vertex  9.567843e+00 -1.368745e+01  9.567843e+00
     vertex  2.400000e+01 -1.355936e+01  9.748519e+00
     vertex  1.001595e+01 -1.336303e+01  1.001595e+01
   endloop
 endfacet
 facet normal  7.111490e-05 -8.290182e-01  5.592217e-01
   outer loop
     vertex  9.109231e+00 -1.399685e+01  9.109231e+00
     vertex  2.400000e+01 -1.402843e+01  9.060523e+00
     vertex  9.567843e+00 -1.368745e+01  9.567843e+00
   endloop
 endfacet
 facet normal  2.008166e-04 -8.532909e-01  5.214352e-01
   outer loop
     vertex  8.482287e+00 -1.438544e+01  8.482287e+00
     vertex  2.400000e+01 -1.446262e+01  8.350000e+00
     vertex  2.400000e+01 -1.402843e+01  9.060523e+00
   endloop
 endfacet
 facet normal -7.905498e-05 -8.499411e-01  5.268777e-01
   outer loop
     vertex  8.482287e+00 -1.438544e+01  8.482287e+00
     vertex  2.400000e+01 -1.402843e+01  9.060523e+00
     vertex  9.109231e+00 -1.399685e+01  9.109231e+00
   endloop
 endfacet
 facet normal  1.946536e-04 -8.782216e-01  4.782540e-01
   outer loop
     vertex  7.757259e+00 -1.478901e+01  7.757259e+00
     vertex  2.400000e+01 -1.486086e+01  7.618718e+00
     vertex  2.400000e+01 -1.446262e+01  8.350000e+00
   endloop
 endfacet
 facet normal -1.982497e-04 -8.736720e-01  4.865154e-01
   outer loop
     vertex  7.757259e+00 -1.478901e+01  7.757259e+00
     vertex  2.400000e+01 -1.446262e+01  8.350000e+00
     vertex  8.482287e+00 -1.438544e+01  8.482287e+00
   endloop
 endfacet
 facet normal  1.887746e-04 -9.009689e-01  4.338837e-01
   outer loop
     vertex  7.013078e+00 -1.515608e+01  7.013078e+00
     vertex  2.400000e+01 -1.522215e+01  6.868495e+00
     vertex  2.400000e+01 -1.486086e+01  7.618718e+00
   endloop
 endfacet
 facet normal -1.921633e-04 -8.967602e-01  4.425167e-01
   outer loop
     vertex  7.013078e+00 -1.515608e+01  7.013078e+00
     vertex  2.400000e+01 -1.486086e+01  7.618718e+00
     vertex  7.757259e+00 -1.478901e+01  7.757259e+00
   endloop
 endfacet
 facet normal  1.831817e-04 -9.214762e-01  3.884348e-01
   outer loop
     vertex  6.251584e+00 -1.548573e+01  6.251584e+00
     vertex  2.400000e+01 -1.554559e+01  6.101195e+00
     vertex  2.400000e+01 -1.522215e+01  6.868495e+00
   endloop
 endfacet
 facet normal -1.863614e-04 -9.176346e-01  3.974251e-01
   outer loop
     vertex  6.251584e+00 -1.548573e+01  6.251584e+00
     vertex  2.400000e+01 -1.522215e+01  6.868495e+00
     vertex  7.013078e+00 -1.515608e+01  7.013078e+00
   endloop
 endfacet
 facet normal  1.778734e-04 -9.396926e-01  3.420201e-01
   outer loop
     vertex  5.474655e+00 -1.577714e+01  5.474655e+00
     vertex  2.400000e+01 -1.583039e+01  5.318727e+00
     vertex  2.400000e+01 -1.554559e+01  6.101195e+00
   endloop
 endfacet
 facet normal -1.808454e-04 -9.362434e-01  3.513519e-01
   outer loop
     vertex  5.474655e+00 -1.577714e+01  5.474655e+00
     vertex  2.400000e+01 -1.554559e+01  6.101195e+00
     vertex  6.251584e+00 -1.548573e+01  6.251584e+00
   endloop
 endfacet
 facet normal  1.728453e-04 -9.555728e-01  2.947552e-01
   outer loop
     vertex  4.684210e+00 -1.602960e+01  4.684210e+00
     vertex  2.400000e+01 -1.607582e+01  4.523036e+00
     vertex  2.400000e+01 -1.583039e+01  5.318727e+00
   endloop
 endfacet
 facet normal -1.756131e-04 -9.525408e-01  3.044109e-01
   outer loop
     vertex  4.684210e+00 -1.602960e+01  4.684210e+00
     vertex  2.400000e+01 -1.583039e+01  5.318727e+00
     vertex  5.474655e+00 -1.577714e+01  5.474655e+00
   endloop
 endfacet
 facet normal  1.680908e-04 -9.690773e-01  2.467574e-01
   outer loop
     vertex  3.882201e+00 -1.624249e+01  3.882201e+00
     vertex  2.400000e+01 -1.628130e+01  3.716100e+00
     vertex  2.400000e+01 -1.607582e+01  4.523036e+00
   endloop
 endfacet
 facet normal -1.706596e-04 -9.664863e-01  2.567180e-01
   outer loop
     vertex  3.882201e+00 -1.624249e+01  3.882201e+00
     vertex  2.400000e+01 -1.607582e+01  4.523036e+00
     vertex  4.684210e+00 -1.602960e+01  4.684210e+00
   endloop
 endfacet
 facet normal  1.636017e-04 -9.801725e-01  1.981461e-01
   outer loop
     vertex  3.070606e+00 -1.641528e+01  3.070606e+00
     vertex  2.400000e+01 -1.644629e+01  2.899925e+00
     vertex  2.400000e+01 -1.628130e+01  3.716100e+00
   endloop
 endfacet
 facet normal -1.659780e-04 -9.780456e-01  2.083909e-01
   outer loop
     vertex  3.070606e+00 -1.641528e+01  3.070606e+00
     vertex  2.400000e+01 -1.628130e+01  3.716100e+00
     vertex  3.882201e+00 -1.624249e+01  3.882201e+00
   endloop
 endfacet
 facet normal  1.593691e-04 -9.888308e-01  1.490423e-01
   outer loop
     vertex  2.251431e+00 -1.654754e+01  2.251431e+00
     vertex  2.400000e+01 -1.657039e+01  2.076540e+00
     vertex  2.400000e+01 -1.644629e+01  2.899925e+00
   endloop
 endfacet
 facet normal -1.615599e-04 -9.871900e-01  1.595491e-01
   outer loop
     vertex  2.251431e+00 -1.654754e+01  2.251431e+00
     vertex  2.400000e+01 -1.644629e+01  2.899925e+00
     vertex  3.070606e+00 -1.641528e+01  3.070606e+00
   endloop
 endfacet
 facet normal  1.553831e-04 -9.950308e-01  9.956785e-02
   outer loop
     vertex  1.426698e+00 -1.663895e+01  1.426698e+00
     vertex  2.400000e+01 -1.665330e+01  1.247993e+00
     vertex  2.400000e+01 -1.657039e+01  2.076540e+00
   endloop
 endfacet
 facet normal -1.573960e-04 -9.938969e-01  1.103131e-01
   outer loop
     vertex  1.426698e+00 -1.663895e+01  1.426698e+00
     vertex  2.400000e+01 -1.657039e+01  2.076540e+00
     vertex  2.251431e+00 -1.654754e+01  2.251431e+00
   endloop
 endfacet
 facet normal  2.048384e-04 -9.987569e-01  4.984588e-02
   outer loop
     vertex  7.140018e-01 -1.668473e+01  7.140018e-01
     vertex  2.400000e+01 -1.669481e+01  4.163426e-01
     vertex  2.400000e+01 -1.665330e+01  1.247993e+00
   endloop
 endfacet
 facet normal -1.261971e-04 -9.979349e-01  6.423314e-02
   outer loop
     vertex  7.140018e-01 -1.668473e+01  7.140018e-01
     vertex  2.400000e+01 -1.665330e+01  1.247993e+00
     vertex  1.426698e+00 -1.663895e+01  1.426698e+00
   endloop
 endfacet
 facet normal  2.162775e-04 -1.000000e+00 -8.533150e-15
   outer loop
     vertex  0.000000e+00 -1.670000e+01  3.067740e-15
     vertex  2.400000e+01 -1.669481e+01 -4.163426e-01
     vertex  2.400000e+01 -1.669481e+01  4.163426e-01
   endloop
 endfacet
 facet normal -1.574322e-04 -9.997680e-01  2.153955e-02
   outer loop
     vertex  0.000000e+00 -1.670000e+01  3.067740e-15
     vertex  2.400000e+01 -1.669481e+01  4.163426e-01
     vertex  7.140018e-01 -1.668473e+01  7.140018e-01
   endloop
 endfacet
 facet normal  2.048384e-04 -9.987569e-01 -4.984588e-02
   outer loop
     vertex  7.140018e-01 -1.668473e+01 -7.140018e-01
     vertex  2.400000e+01 -1.665330e+01 -1.247993e+00
     vertex  2.400000e+01 -1.669481e+01 -4.163426e-01
   endloop
 endfacet
 facet normal -1.574322e-04 -9.997680e-01 -2.153955e-02
   outer loop
     vertex  7.140018e-01 -1.668473e+01 -7.140018e-01
     vertex  2.400000e+01 -1.669481e+01 -4.163426e-01
     vertex  0.000000e+00 -1.670000e+01  3.067740e-15
   endloop
 endfacet
 facet normal -1.261971e-04 -9.979349e-01 -6.423314e-02
   outer loop
     vertex  1.426698e+00 -1.663895e+01 -1.426698e+00
     vertex  2.400000e+01 -1.665330e+01 -1.247993e+00
     vertex  7.140018e-01 -1.668473e+01 -7.140018e-01
   endloop
 endfacet
 facet normal  1.553831e-04 -9.950308e-01 -9.956785e-02
   outer loop
     vertex  1.426698e+00 -1.663895e+01 -1.426698e+00
     vertex  2.400000e+01 -1.657039e+01 -2.076540e+00
     vertex  2.400000e+01 -1.665330e+01 -1.247993e+00
   endloop
 endfacet
 facet normal -1.573960e-04 -9.938969e-01 -1.103131e-01
   outer loop
     vertex  2.251431e+00 -1.654754e+01 -2.251431e+00
     vertex  2.400000e+01 -1.657039e+01 -2.076540e+00
     vertex  1.426698e+00 -1.663895e+01 -1.426698e+00
   endloop
 endfacet
 facet normal  1.593691e-04 -9.888308e-01 -1.490423e-01
   outer loop
     vertex  2.251431e+00 -1.654754e+01 -2.251431e+00
     vertex  2.400000e+01 -1.644629e+01 -2.899925e+00
     vertex  2.400000e+01 -1.657039e+01 -2.076540e+00
   endloop
 endfacet
 facet normal -1.615599e-04 -9.871900e-01 -1.595491e-01
   outer loop
     vertex  3.070606e+00 -1.641528e+01 -3.070606e+00
     vertex  2.400000e+01 -1.644629e+01 -2.899925e+00
     vertex  2.251431e+00 -1.654754e+01 -2.251431e+00
   endloop
 endfacet
 facet normal  1.636017e-04 -9.801725e-01 -1.981461e-01
   outer loop
     vertex  3.070606e+00 -1.641528e+01 -3.070606e+00
     vertex  2.400000e+01 -1.628130e+01 -3.716100e+00
     vertex  2.400000e+01 -1.644629e+01 -2.899925e+00
   endloop
 endfacet
 facet normal -1.659780e-04 -9.780456e-01 -2.083909e-01
   outer loop
     vertex  3.882201e+00 -1.624249e+01 -3.882201e+00
     vertex  2.400000e+01 -1.628130e+01 -3.716100e+00
     vertex  3.070606e+00 -1.641528e+01 -3.070606e+00
   endloop
 endfacet
 facet normal  1.680908e-04 -9.690773e-01 -2.467574e-01
   outer loop
     vertex  3.882201e+00 -1.624249e+01 -3.882201e+00
     vertex  2.400000e+01 -1.607582e+01 -4.523036e+00
     vertex  2.400000e+01 -1.628130e+01 -3.716100e+00
   endloop
 endfacet
 facet normal -1.706596e-04 -9.664863e-01 -2.567180e-01
   outer loop
     vertex  4.684210e+00 -1.602960e+01 -4.684210e+00
     vertex  2.400000e+01 -1.607582e+01 -4.523036e+00
     vertex  3.882201e+00 -1.624249e+01 -3.882201e+00
   endloop
 endfacet
 facet normal  1.728453e-04 -9.555728e-01 -2.947552e-01
   outer loop
     vertex  4.684210e+00 -1.602960e+01 -4.684210e+00
     vertex  2.400000e+01 -1.583039e+01 -5.318727e+00
     vertex  2.400000e+01 -1.607582e+01 -4.523036e+00
   endloop
 endfacet
 facet normal -1.756131e-04 -9.525408e-01 -3.044109e-01
   outer loop
     vertex  5.474655e+00 -1.577714e+01 -5.474655e+00
     vertex  2.400000e+01 -1.583039e+01 -5.318727e+00
     vertex  4.684210e+00 -1.602960e+01 -4.684210e+00
   endloop
 endfacet
 facet normal  1.778734e-04 -9.396926e-01 -3.420201e-01
   outer loop
     vertex  5.474655e+00 -1.577714e+01 -5.474655e+00
     vertex  2.400000e+01 -1.554559e+01 -6.101195e+00
     vertex  2.400000e+01 -1.583039e+01 -5.318727e+00
   endloop
 endfacet
 facet normal -1.808454e-04 -9.362434e-01 -3.513519e-01
   outer loop
     vertex  6.251584e+00 -1.548573e+01 -6.251584e+00
     vertex  2.400000e+01 -1.554559e+01 -6.101195e+00
     vertex  5.474655e+00 -1.577714e+01 -5.474655e+00
   endloop
 endfacet
 facet normal  1.831817e-04 -9.214762e-01 -3.884348e-01
   outer loop
     vertex  6.251584e+00 -1.548573e+01 -6.251584e+00
     vertex  2.400000e+01 -1.522215e+01 -6.868495e+00
     vertex  2.400000e+01 -1.554559e+01 -6.101195e+00
   endloop
 endfacet
 facet normal -1.863614e-04 -9.176346e-01 -3.974251e-01
   outer loop
     vertex  7.013078e+00 -1.515608e+01 -7.013078e+00
     vertex  2.400000e+01 -1.522215e+01 -6.868495e+00
     vertex  6.251584e+00 -1.548573e+01 -6.251584e+00
   endloop
 endfacet
 facet normal  1.887746e-04 -9.009689e-01 -4.338837e-01
   outer loop
     vertex  7.013078e+00 -1.515608e+01 -7.013078e+00
     vertex  2.400000e+01 -1.486086e+01 -7.618718e+00
     vertex  2.400000e+01 -1.522215e+01 -6.868495e+00
   endloop
 endfacet
 facet normal -1.921633e-04 -8.967602e-01 -4.425167e-01
   outer loop
     vertex  7.757259e+00 -1.478901e+01 -7.757259e+00
     vertex  2.400000e+01 -1.486086e+01 -7.618718e+00
     vertex  7.013078e+00 -1.515608e+01 -7.013078e+00
   endloop
 endfacet
 facet normal  1.946536e-04 -8.782216e-01 -4.782540e-01
   outer loop
     vertex  7.757259e+00 -1.478901e+01 -7.757259e+00
     vertex  2.400000e+01 -1.446262e+01 -8.350000e+00
     vertex  2.400000e+01 -1.486086e+01 -7.618718e+00
   endloop
 endfacet
 facet normal -1.982497e-04 -8.736720e-01 -4.865154e-01
   outer loop
     vertex  8.482287e+00 -1.438544e+01 -8.482287e+00
     vertex  2.400000e+01 -1.446262e+01 -8.350000e+00
     vertex  7.757259e+00 -1.478901e+01 -7.757259e+00
   endloop
 endfacet
 facet normal  2.008166e-04 -8.532909e-01 -5.214352e-01
   outer loop
     vertex  8.482287e+00 -1.438544e+01 -8.482287e+00
     vertex  2.400000e+01 -1.402843e+01 -9.060523e+00
     vertex  2.400000e+01 -1.446262e+01 -8.350000e+00
   endloop
 endfacet
 facet normal -7.905498e-05 -8.499411e-01 -5.268777e-01
   outer loop
     vertex  9.109231e+00 -1.399685e+01 -9.109231e+00
     vertex  2.400000e+01 -1.402843e+01 -9.060523e+00
     vertex  8.482287e+00 -1.438544e+01 -8.482287e+00
   endloop
 endfacet
 facet normal  2.808488e-04 -8.262387e-01 -5.633200e-01
   outer loop
     vertex  9.567843e+00 -1.368745e+01 -9.567843e+00
     vertex  2.400000e+01 -1.355936e+01 -9.748519e+00
     vertex  2.400000e+01 -1.402843e+01 -9.060523e+00
   endloop
 endfacet
 facet normal  7.111490e-05 -8.290182e-01 -5.592217e-01
   outer loop
     vertex  9.567843e+00 -1.368745e+01 -9.567843e+00
     vertex  2.400000e+01 -1.402843e+01 -9.060523e+00
     vertex  9.109231e+00 -1.399685e+01 -9.109231e+00
   endloop
 endfacet
 facet normal  3.558552e-04 -7.971325e-01 -6.038044e-01
   outer loop
     vertex  1.001595e+01 -1.336303e+01 -1.001595e+01
     vertex  2.400000e+01 -1.305659e+01 -1.041228e+01
     vertex  2.400000e+01 -1.355936e+01 -9.748519e+00
   endloop
 endfacet
 facet normal -1.543503e-04 -8.099326e-01 -5.865229e-01
   outer loop
     vertex  1.001595e+01 -1.336303e+01 -1.001595e+01
     vertex  2.400000e+01 -1.355936e+01 -9.748519e+00
     vertex  9.567843e+00 -1.368745e+01 -9.567843e+00
   endloop
 endfacet
 facet normal -5.767068e-05 -7.901098e-01 -6.129653e-01
   outer loop
     vertex  1.045308e+01 -1.302395e+01 -1.045308e+01
     vertex  2.400000e+01 -1.305659e+01 -1.041228e+01
     vertex  1.001595e+01 -1.336303e+01 -1.001595e+01
   endloop
 endfacet
 facet normal  3.139934e-04 -7.660444e-01 -6.427876e-01
   outer loop
     vertex  1.087872e+01 -1.267057e+01 -1.087872e+01
     vertex  2.400000e+01 -1.252135e+01 -1.105015e+01
     vertex  2.400000e+01 -1.305659e+01 -1.041228e+01
   endloop
 endfacet
 facet normal  6.970287e-05 -7.694368e-01 -6.387230e-01
   outer loop
     vertex  1.087872e+01 -1.267057e+01 -1.087872e+01
     vertex  2.400000e+01 -1.305659e+01 -1.041228e+01
     vertex  1.045308e+01 -1.302395e+01 -1.045308e+01
   endloop
 endfacet
 facet normal  3.892070e-04 -7.330518e-01 -6.801727e-01
   outer loop
     vertex  1.129244e+01 -1.230329e+01 -1.129244e+01
     vertex  2.400000e+01 -1.195498e+01 -1.166055e+01
     vertex  2.400000e+01 -1.252135e+01 -1.105015e+01
   endloop
 endfacet
 facet normal -1.712629e-04 -7.477379e-01 -6.639940e-01
   outer loop
     vertex  1.129244e+01 -1.230329e+01 -1.129244e+01
     vertex  2.400000e+01 -1.252135e+01 -1.105015e+01
     vertex  1.087872e+01 -1.267057e+01 -1.087872e+01
   endloop
 endfacet
 facet normal -5.710243e-05 -7.253941e-01 -6.883337e-01
   outer loop
     vertex  1.169375e+01 -1.192250e+01 -1.169375e+01
     vertex  2.400000e+01 -1.195498e+01 -1.166055e+01
     vertex  1.129244e+01 -1.230329e+01 -1.129244e+01
   endloop
 endfacet
 facet normal  3.511329e-04 -6.982368e-01 -7.158668e-01
   outer loop
     vertex  1.208224e+01 -1.152864e+01 -1.208224e+01
     vertex  2.400000e+01 -1.135888e+01 -1.224197e+01
     vertex  2.400000e+01 -1.195498e+01 -1.166055e+01
   endloop
 endfacet
 facet normal  6.757210e-05 -7.022601e-01 -7.119205e-01
   outer loop
     vertex  1.208224e+01 -1.152864e+01 -1.208224e+01
     vertex  2.400000e+01 -1.195498e+01 -1.166055e+01
     vertex  1.169375e+01 -1.192250e+01 -1.169375e+01
   endloop
 endfacet
 facet normal  4.256808e-04 -6.616858e-01 -7.497811e-01
   outer loop
     vertex  1.245747e+01 -1.112212e+01 -1.245747e+01
     vertex  2.400000e+01 -1.073455e+01 -1.279294e+01
     vertex  2.400000e+01 -1.135888e+01 -1.224197e+01
   endloop
 endfacet
 facet normal -1.899902e-04 -6.781646e-01 -7.349100e-01
   outer loop
     vertex  1.245747e+01 -1.112212e+01 -1.245747e+01
     vertex  2.400000e+01 -1.135888e+01 -1.224197e+01
     vertex  1.208224e+01 -1.152864e+01 -1.208224e+01
   endloop
 endfacet
 facet normal -5.564308e-05 -6.535205e-01 -7.569088e-01
   outer loop
     vertex  1.281902e+01 -1.070339e+01 -1.281902e+01
     vertex  2.400000e+01 -1.073455e+01 -1.279294e+01
     vertex  1.245747e+01 -1.112212e+01 -1.245747e+01
   endloop
 endfacet
 facet normal  3.920642e-04 -6.234898e-01 -7.818314e-01
   outer loop
     vertex  1.316651e+01 -1.027292e+01 -1.316651e+01
     vertex  2.400000e+01 -1.008353e+01 -1.331211e+01
     vertex  2.400000e+01 -1.073455e+01 -1.279294e+01
   endloop
 endfacet
 facet normal  6.446981e-05 -6.281511e-01 -7.780914e-01
   outer loop
     vertex  1.316651e+01 -1.027292e+01 -1.316651e+01
     vertex  2.400000e+01 -1.073455e+01 -1.279294e+01
     vertex  1.281902e+01 -1.070339e+01 -1.281902e+01
   endloop
 endfacet
 facet normal  4.646447e-04 -5.837436e-01 -8.119379e-01
   outer loop
     vertex  1.349955e+01 -9.831179e+00 -1.349955e+01
     vertex  2.400000e+01 -9.407445e+00 -1.379819e+01
     vertex  2.400000e+01 -1.008353e+01 -1.331211e+01
   endloop
 endfacet
 facet normal -2.103287e-04 -6.019007e-01 -7.985709e-01
   outer loop
     vertex  1.349955e+01 -9.831179e+00 -1.349955e+01
     vertex  2.400000e+01 -1.008353e+01 -1.331211e+01
     vertex  1.316651e+01 -1.027292e+01 -1.316651e+01
   endloop
 endfacet
 facet normal -5.298686e-05 -5.751985e-01 -8.180139e-01
   outer loop
     vertex  1.381778e+01 -9.378647e+00 -1.381778e+01
     vertex  2.400000e+01 -9.407445e+00 -1.379819e+01
     vertex  1.349955e+01 -9.831179e+00 -1.349955e+01
   endloop
 endfacet
 facet normal  4.360806e-04 -5.425462e-01 -8.400258e-01
   outer loop
     vertex  1.412084e+01 -8.915822e+00 -1.412084e+01
     vertex  2.400000e+01 -8.707968e+00 -1.424996e+01
     vertex  2.400000e+01 -9.407445e+00 -1.379819e+01
   endloop
 endfacet
 facet normal  6.011163e-05 -5.478413e-01 -8.365823e-01
   outer loop
     vertex  1.412084e+01 -8.915822e+00 -1.412084e+01
     vertex  2.400000e+01 -9.407445e+00 -1.379819e+01
     vertex  1.381778e+01 -9.378647e+00 -1.381778e+01
   endloop
 endfacet
 facet normal  5.048694e-04 -4.999999e-01 -8.660253e-01
   outer loop
     vertex  1.440841e+01 -8.443214e+00 -1.440841e+01
     vertex  2.400000e+01 -7.986841e+00 -1.466630e+01
     vertex  2.400000e+01 -8.707968e+00 -1.424996e+01
   endloop
 endfacet
 facet normal -2.317945e-04 -5.197000e-01 -8.543488e-01
   outer loop
     vertex  1.440841e+01 -8.443214e+00 -1.440841e+01
     vertex  2.400000e+01 -8.707968e+00 -1.424996e+01
     vertex  1.412084e+01 -8.915822e+00 -1.412084e+01
   endloop
 endfacet
 facet normal -4.880299e-05 -4.912008e-01 -8.710464e-01
   outer loop
     vertex  1.468016e+01 -7.961339e+00 -1.468016e+01
     vertex  2.400000e+01 -7.986841e+00 -1.466630e+01
     vertex  1.440841e+01 -8.443214e+00 -1.440841e+01
   endloop
 endfacet
 facet normal  4.817614e-04 -4.562106e-01 -8.898717e-01
   outer loop
     vertex  1.493580e+01 -7.470728e+00 -1.493580e+01
     vertex  2.400000e+01 -7.245858e+00 -1.504618e+01
     vertex  2.400000e+01 -7.986841e+00 -1.466630e+01
   endloop
 endfacet
 facet normal  5.421157e-05 -4.621236e-01 -8.868155e-01
   outer loop
     vertex  1.493580e+01 -7.470728e+00 -1.493580e+01
     vertex  2.400000e+01 -7.986841e+00 -1.466630e+01
     vertex  1.468016e+01 -7.961339e+00 -1.468016e+01
   endloop
 endfacet
 facet normal  5.443673e-04 -4.112870e-01 -9.115057e-01
   outer loop
     vertex  1.517506e+01 -6.971919e+00 -1.517506e+01
     vertex  2.400000e+01 -6.486861e+00 -1.538865e+01
     vertex  2.400000e+01 -7.245858e+00 -1.504618e+01
   endloop
 endfacet
 facet normal -2.535258e-04 -4.323750e-01 -9.016938e-01
   outer loop
     vertex  1.517506e+01 -6.971919e+00 -1.517506e+01
     vertex  2.400000e+01 -7.245858e+00 -1.504618e+01
     vertex  1.493580e+01 -7.470728e+00 -1.493580e+01
   endloop
 endfacet
 facet normal -4.278612e-05 -4.023561e-01 -9.154832e-01
   outer loop
     vertex  1.539766e+01 -6.465458e+00 -1.539766e+01
     vertex  2.400000e+01 -6.486861e+00 -1.538865e+01
     vertex  1.517506e+01 -6.971919e+00 -1.517506e+01
   endloop
 endfacet
 facet normal  4.653842e-05 -3.718444e-01 -9.282951e-01
   outer loop
     vertex  1.560336e+01 -5.951903e+00 -1.560336e+01
     vertex  2.400000e+01 -6.486861e+00 -1.538865e+01
     vertex  1.539766e+01 -6.465458e+00 -1.539766e+01
   endloop
 endfacet
 facet normal  5.268098e-04 -3.653410e-01 -9.308736e-01
   outer loop
     vertex  1.560336e+01 -5.951903e+00 -1.560336e+01
     vertex  2.400000e+01 -5.711736e+00 -1.569287e+01
     vertex  2.400000e+01 -6.486861e+00 -1.538865e+01
   endloop
 endfacet
 facet normal -2.742254e-04 -3.407888e-01 -9.401399e-01
   outer loop
     vertex  1.579194e+01 -5.431816e+00 -1.579194e+01
     vertex  2.400000e+01 -5.711736e+00 -1.569287e+01
     vertex  1.560336e+01 -5.951903e+00 -1.560336e+01
   endloop
 endfacet
 facet normal  5.803442e-04 -3.184866e-01 -9.479272e-01
   outer loop
     vertex  1.579194e+01 -5.431816e+00 -1.579194e+01
     vertex  2.400000e+01 -4.922411e+00 -1.595807e+01
     vertex  2.400000e+01 -5.711736e+00 -1.569287e+01
   endloop
 endfacet
 facet normal -3.473823e-05 -3.095407e-01 -9.508862e-01
   outer loop
     vertex  1.596319e+01 -4.905768e+00 -1.596319e+01
     vertex  2.400000e+01 -4.922411e+00 -1.595807e+01
     vertex  1.579194e+01 -5.431816e+00 -1.579194e+01
   endloop
 endfacet
 facet normal  3.699858e-05 -2.778954e-01 -9.606113e-01
   outer loop
     vertex  1.611692e+01 -4.374336e+00 -1.611692e+01
     vertex  2.400000e+01 -4.922411e+00 -1.595807e+01
     vertex  1.596319e+01 -4.905768e+00 -1.596319e+01
   endloop
 endfacet
 facet normal  5.680606e-04 -2.708404e-01 -9.626241e-01
   outer loop
     vertex  1.611692e+01 -4.374336e+00 -1.611692e+01
     vertex  2.400000e+01 -4.120849e+00 -1.618359e+01
     vertex  2.400000e+01 -4.922411e+00 -1.595807e+01
   endloop
 endfacet
 facet normal -2.922084e-04 -2.458455e-01 -9.693090e-01
   outer loop
     vertex  1.625297e+01 -3.838104e+00 -1.625297e+01
     vertex  2.400000e+01 -4.120849e+00 -1.618359e+01
     vertex  1.611692e+01 -4.374336e+00 -1.611692e+01
   endloop
 endfacet
 facet normal  6.093910e-04 -2.225209e-01 -9.749277e-01
   outer loop
     vertex  2.400000e+01 -3.309041e+00 -1.636888e+01
     vertex  2.400000e+01 -4.120849e+00 -1.618359e+01
     vertex  1.625297e+01 -3.838104e+00 -1.625297e+01
   endloop
 endfacet
 facet normal -2.467015e-05 -2.136698e-01 -9.769059e-01
   outer loop
     vertex  1.637118e+01 -3.297660e+00 -1.637118e+01
     vertex  2.400000e+01 -3.309041e+00 -1.636888e+01
     vertex  1.625297e+01 -3.838104e+00 -1.625297e+01
   endloop
 endfacet
 facet normal  2.572893e-05 -1.812048e-01 -9.834454e-01
   outer loop
     vertex  1.647142e+01 -2.753597e+00 -1.647142e+01
     vertex  2.400000e+01 -3.309041e+00 -1.636888e+01
     vertex  1.637118e+01 -3.297660e+00 -1.637118e+01
   endloop
 endfacet
 facet normal  6.017978e-04 -1.736481e-01 -9.848076e-01
   outer loop
     vertex  1.647142e+01 -2.753597e+00 -1.647142e+01
     vertex  2.400000e+01 -2.489006e+00 -1.651347e+01
     vertex  2.400000e+01 -3.309041e+00 -1.636888e+01
   endloop
 endfacet
 facet normal -3.056173e-04 -1.484818e-01 -9.889151e-01
   outer loop
     vertex  1.655359e+01 -2.206513e+00 -1.655359e+01
     vertex  2.400000e+01 -2.489006e+00 -1.651347e+01
     vertex  1.647142e+01 -2.753597e+00 -1.647142e+01
   endloop
 endfacet
 facet normal  6.280107e-04 -1.243437e-01 -9.922390e-01
   outer loop
     vertex  2.400000e+01 -1.662783e+00 -1.661701e+01
     vertex  2.400000e+01 -2.489006e+00 -1.651347e+01
     vertex  1.655359e+01 -2.206513e+00 -1.655359e+01
   endloop
 endfacet
 facet normal -1.288642e-05 -1.156886e-01 -9.932855e-01
   outer loop
     vertex  1.661759e+01 -1.657007e+00 -1.661759e+01
     vertex  2.400000e+01 -1.662783e+00 -1.661701e+01
     vertex  1.655359e+01 -2.206513e+00 -1.655359e+01
   endloop
 endfacet
 facet normal  1.316003e-05 -8.272768e-02 -9.965722e-01
   outer loop
     vertex  1.666336e+01 -1.105682e+00 -1.666336e+01
     vertex  2.400000e+01 -1.662783e+00 -1.661701e+01
     vertex  1.661759e+01 -1.657007e+00 -1.661759e+01
   endloop
 endfacet
 facet normal  6.244384e-04 -7.473008e-02 -9.972036e-01
   outer loop
     vertex  1.666336e+01 -1.105682e+00 -1.666336e+01
     vertex  2.400000e+01 -8.324263e-01 -1.667924e+01
     vertex  2.400000e+01 -1.662783e+00 -1.661701e+01
   endloop
 endfacet
 facet normal -3.128098e-04 -4.965678e-02 -9.987663e-01
   outer loop
     vertex  1.669084e+01 -5.531447e-01 -1.669084e+01
     vertex  2.400000e+01 -8.324263e-01 -1.667924e+01
     vertex  1.666336e+01 -1.105682e+00 -1.666336e+01
   endloop
 endfacet
 facet normal  6.334326e-04 -2.493069e-02 -9.996890e-01
   outer loop
     vertex  2.400000e+01  0.000000e+00 -1.670000e+01
     vertex  2.400000e+01 -8.324263e-01 -1.667924e+01
     vertex  1.669084e+01 -5.531447e-01 -1.669084e+01
   endloop
 endfacet
 facet normal  0.000000e+00 -1.656349e-02 -9.998628e-01
   outer loop
     vertex  1.670000e+01  0.000000e+00 -1.670000e+01
     vertex  2.400000e+01  0.000000e+00 -1.670000e+01
     vertex  1.669084e+01 -5.531447e-01 -1.669084e+01
   endloop
 endfacet
 facet normal  0.000000e+00  0.000000e+00 -1.000000e+00
   outer loop
     vertex -1.041228e+01 -1.305659e+01 -3.200000e+01
     vertex -1.105015e+01 -1.252135e+01 -3.200000e+01
     vertex -1.166055e+01 -1.195498e+01 -3.200000e+01
   endloop
 endfacet
 facet normal  0.000000e+00  0.000000e+00 -1.000000e+00
   outer loop
     vertex -1.331211e+01 -1.008353e+01 -3.200000e+01
     vertex -1.224197e+01 -1.135888e+01 -3.200000e+01
     vertex -1.279294e+01 -1.073455e+01 -3.200000e+01
   endloop
 endfacet
 facet normal  0.000000e+00  0.000000e+00 -1.000000e+00
   outer loop
     vertex -1.379819e+01 -9.407445e+00 -3.200000e+01
     vertex -1.224197e+01 -1.135888e+01 -3.200000e+01
     vertex -1.331211e+01 -1.008353e+01 -3.200000e+01
   endloop
 endfacet
 facet normal  0.000000e+00  0.000000e+00 -1.000000e+00
   outer loop
     vertex -9.060523e+00 -1.402843e+01 -3.200000e+01
     vertex -1.041228e+01 -1.305659e+01 -3.200000e+01
     vertex -1.166055e+01 -1.195498e+01 -3.200000e+01
   endloop
 endfacet
 facet normal  0.000000e+00  0.000000e+00 -1.000000e+00
   outer loop
     vertex -9.060523e+00 -1.402843e+01 -3.200000e+01
     vertex -9.748519e+00 -1.355936e+01 -3.200000e+01
     vertex -1.041228e+01 -1.305659e+01 -3.200000e+01
   endloop
 endfacet
 facet normal  0.000000e+00  0.000000e+00 -1.000000e+00
   outer loop
     vertex -8.350000e+00 -1.446262e+01 -3.200000e+01
     vertex -9.060523e+00 -1.402843e+01 -3.200000e+01
     vertex -1.166055e+01 -1.195498e+01 -3.200000e+01
   endloop
 endfacet
 facet normal  0.000000e+00  0.000000e+00 -1.000000e+00
   outer loop
     vertex -5.318727e+00 -1.583039e+01 -3.200000e+01
     vertex -6.868495e+00 -1.522215e+01 -3.200000e+01
     vertex -7.618718e+00 -1.486086e+01 -3.200000e+01
   endloop
 endfacet
 facet normal  0.000000e+00  0.000000e+00 -1.000000e+00
   outer loop
     vertex -5.318727e+00 -1.583039e+01 -3.200000e+01
     vertex -6.101195e+00 -1.554559e+01 -3.200000e+01
     vertex -6.868495e+00 -1.522215e+01 -3.200000e+01
   endloop
 endfacet
 facet normal  0.000000e+00  0.000000e+00 -1.000000e+00
   outer loop
     vertex -4.523036e+00 -1.607582e+01 -3.200000e+01
     vertex -5.318727e+00 -1.583039e+01 -3.200000e+01
     vertex -7.618718e+00 -1.486086e+01 -3.200000e+01
   endloop
 endfacet
 facet normal  0.000000e+00  0.000000e+00 -1.000000e+00
   outer loop
     vertex -4.523036e+00 -1.607582e+01 -3.200000e+01
     vertex -7.618718e+00 -1.486086e+01 -3.200000e+01
     vertex -8.350000e+00 -1.446262e+01 -3.200000e+01
   endloop
 endfacet
 facet normal  0.000000e+00  0.000000e+00 -1.000000e+00
   outer loop
     vertex -1.651347e+01 -2.489006e+00 -3.200000e+01
     vertex -1.618359e+01 -4.120849e+00 -3.200000e+01
     vertex -1.636888e+01 -3.309041e+00 -3.200000e+01
   endloop
 endfacet
 facet normal  0.000000e+00  0.000000e+00 -1.000000e+00
   outer loop
     vertex -1.651347e+01 -2.489006e+00 -3.200000e+01
     vertex -1.595807e+01 -4.922411e+00 -3.200000e+01
     vertex -1.618359e+01 -4.120849e+00 -3.200000e+01
   endloop
 endfacet
 facet normal  0.000000e+00  0.000000e+00 -1.000000e+00
   outer loop
     vertex -1.651347e+01 -2.489006e+00 -3.200000e+01
     vertex -1.569287e+01 -5.711736e+00 -3.200000e+01
     vertex -1.595807e+01 -4.922411e+00 -3.200000e+01
   endloop
 endfacet
 facet normal  0.000000e+00  0.000000e+00 -1.000000e+00
   outer loop
     vertex -1.651347e+01 -2.489006e+00 -3.200000e+01
     vertex -1.538865e+01 -6.486861e+00 -3.200000e+01
     vertex -1.569287e+01 -5.711736e+00 -3.200000e+01
   endloop
 endfacet
 facet normal  0.000000e+00  0.000000e+00 -1.000000e+00
   outer loop
     vertex -1.651347e+01 -2.489006e+00 -3.200000e+01
     vertex -1.504618e+01 -7.245858e+00 -3.200000e+01
     vertex -1.538865e+01 -6.486861e+00 -3.200000e+01
   endloop
 endfacet
 facet normal  0.000000e+00  0.000000e+00 -1.000000e+00
   outer loop
     vertex -1.247993e+00 -1.665330e+01 -3.200000e+01
     vertex -2.899925e+00 -1.644629e+01 -3.200000e+01
     vertex -3.716100e+00 -1.628130e+01 -3.200000e+01
   endloop
 endfacet
 facet normal  0.000000e+00  0.000000e+00 -1.000000e+00
   outer loop
     vertex -1.247993e+00 -1.665330e+01 -3.200000e+01
     vertex -2.076540e+00 -1.657039e+01 -3.200000e+01
     vertex -2.899925e+00 -1.644629e+01 -3.200000e+01
   endloop
 endfacet
 facet normal  0.000000e+00  0.000000e+00 -1.000000e+00
   outer loop
     vertex -1.670000e+01 -5.728516e-14 -3.200000e+01
     vertex -1.504618e+01 -7.245858e+00 -3.200000e+01
     vertex -1.651347e+01 -2.489006e+00 -3.200000e+01
   endloop
 endfacet
 facet normal  0.000000e+00  0.000000e+00 -1.000000e+00
   outer loop
     vertex -1.670000e+01 -5.728516e-14 -3.200000e+01
     vertex -1.661701e+01 -1.662783e+00 -3.200000e+01
     vertex -1.667924e+01 -8.324263e-01 -3.200000e+01
   endloop
 endfacet
 facet normal  0.000000e+00  0.000000e+00 -1.000000e+00
   outer loop
     vertex -1.670000e+01 -5.728516e-14 -3.200000e+01
     vertex -1.651347e+01 -2.489006e+00 -3.200000e+01
     vertex -1.661701e+01 -1.662783e+00 -3.200000e+01
   endloop
 endfacet
 facet normal  0.000000e+00  0.000000e+00 -1.000000e+00
   outer loop
     vertex -1.670000e+01 -5.728516e-14 -3.200000e+01
     vertex -1.466630e+01 -7.986841e+00 -3.200000e+01
     vertex -1.504618e+01 -7.245858e+00 -3.200000e+01
   endloop
 endfacet
 facet normal  0.000000e+00  0.000000e+00 -1.000000e+00
   outer loop
     vertex -1.670000e+01 -5.728516e-14 -3.200000e+01
     vertex -1.424996e+01 -8.707968e+00 -3.200000e+01
     vertex -1.466630e+01 -7.986841e+00 -3.200000e+01
   endloop
 endfacet
 facet normal -0.000000e+00  0.000000e+00 -1.000000e+00
   outer loop
     vertex  1.247993e+00 -1.665330e+01 -3.200000e+01
     vertex -1.247993e+00 -1.665330e+01 -3.200000e+01
     vertex -3.716100e+00 -1.628130e+01 -3.200000e+01
   endloop
 endfacet
 facet normal  0.000000e+00  0.000000e+00 -1.000000e+00
   outer loop
     vertex  1.247993e+00 -1.665330e+01 -3.200000e+01
     vertex -3.716100e+00 -1.628130e+01 -3.200000e+01
     vertex -4.523036e+00 -1.607582e+01 -3.200000e+01
   endloop
 endfacet
 facet normal  0.000000e+00  0.000000e+00 -1.000000e+00
   outer loop
     vertex  1.247993e+00 -1.665330e+01 -3.200000e+01
     vertex -4.163426e-01 -1.669481e+01 -3.200000e+01
     vertex -1.247993e+00 -1.665330e+01 -3.200000e+01
   endloop
 endfacet
 facet normal  0.000000e+00  0.000000e+00 -1.000000e+00
   outer loop
     vertex  1.247993e+00 -1.665330e+01 -3.200000e+01
     vertex  4.163426e-01 -1.669481e+01 -3.200000e+01
     vertex -4.163426e-01 -1.669481e+01 -3.200000e+01
   endloop
 endfacet
 facet normal -0.000000e+00  0.000000e+00 -1.000000e+00
   outer loop
     vertex  2.076540e+00 -1.657039e+01 -3.200000e+01
     vertex  1.247993e+00 -1.665330e+01 -3.200000e+01
     vertex -4.523036e+00 -1.607582e+01 -3.200000e+01
   endloop
 endfacet
 facet normal  0.000000e+00  0.000000e+00 -1.000000e+00
   outer loop
     vertex -1.651347e+01  2.489006e+00 -3.200000e+01
     vertex -1.667924e+01  8.324263e-01 -3.200000e+01
     vertex -1.661701e+01  1.662783e+00 -3.200000e+01
   endloop
 endfacet
 facet normal  0.000000e+00  0.000000e+00 -1.000000e+00
   outer loop
     vertex -1.618359e+01  4.120849e+00 -3.200000e+01
     vertex -1.651347e+01  2.489006e+00 -3.200000e+01
     vertex -1.636888e+01  3.309041e+00 -3.200000e+01
   endloop
 endfacet
 facet normal  0.000000e+00  0.000000e+00 -1.000000e+00
   outer loop
     vertex  4.523036e+00 -1.607582e+01 -3.200000e+01
     vertex  3.716100e+00 -1.628130e+01 -3.200000e+01
     vertex  2.899925e+00 -1.644629e+01 -3.200000e+01
   endloop
 endfacet
 facet normal  0.000000e+00  0.000000e+00 -1.000000e+00
   outer loop
     vertex -1.595807e+01  4.922411e+00 -3.200000e+01
     vertex -1.667924e+01  8.324263e-01 -3.200000e+01
     vertex -1.651347e+01  2.489006e+00 -3.200000e+01
   endloop
 endfacet
 facet normal  0.000000e+00  0.000000e+00 -1.000000e+00
   outer loop
     vertex -1.595807e+01  4.922411e+00 -3.200000e+01
     vertex -1.651347e+01  2.489006e+00 -3.200000e+01
     vertex -1.618359e+01  4.120849e+00 -3.200000e+01
   endloop
 endfacet
 facet normal  0.000000e+00  0.000000e+00 -1.000000e+00
   outer loop
     vertex -1.595807e+01  4.922411e+00 -3.200000e+01
     vertex -1.224197e+01 -1.135888e+01 -3.200000e+01
     vertex -1.379819e+01 -9.407445e+00 -3.200000e+01
   endloop
 endfacet
 facet normal  0.000000e+00  0.000000e+00 -1.000000e+00
   outer loop
     vertex -1.595807e+01  4.922411e+00 -3.200000e+01
     vertex -8.350000e+00 -1.446262e+01 -3.200000e+01
     vertex -1.166055e+01 -1.195498e+01 -3.200000e+01
   endloop
 endfacet
 facet normal  0.000000e+00 -0.000000e+00 -1.000000e+00
   outer loop
     vertex -1.595807e+01  4.922411e+00 -3.200000e+01
     vertex -1.424996e+01 -8.707968e+00 -3.200000e+01
     vertex -1.670000e+01 -5.728516e-14 -3.200000e+01
   endloop
 endfacet
 facet normal  0.000000e+00  0.000000e+00 -1.000000e+00
   outer loop
     vertex -1.595807e+01  4.922411e+00 -3.200000e+01
     vertex -1.670000e+01 -5.728516e-14 -3.200000e+01
     vertex -1.667924e+01  8.324263e-01 -3.200000e+01
   endloop
 endfacet
 facet normal  0.000000e+00  0.000000e+00 -1.000000e+00
   outer loop
     vertex -1.595807e+01  4.922411e+00 -3.200000e+01
     vertex -1.379819e+01 -9.407445e+00 -3.200000e+01
     vertex -1.424996e+01 -8.707968e+00 -3.200000e+01
   endloop
 endfacet
 facet normal  0.000000e+00  0.000000e+00 -1.000000e+00
   outer loop
     vertex -1.595807e+01  4.922411e+00 -3.200000e+01
     vertex -1.166055e+01 -1.195498e+01 -3.200000e+01
     vertex -1.224197e+01 -1.135888e+01 -3.200000e+01
   endloop
 endfacet
 facet normal  0.000000e+00  0.000000e+00 -1.000000e+00
   outer loop
     vertex -1.504618e+01  7.245858e+00 -3.200000e+01
     vertex -1.569287e+01  5.711736e+00 -3.200000e+01
     vertex -1.538865e+01  6.486861e+00 -3.200000e+01
   endloop
 endfacet
 facet normal  0.000000e+00  0.000000e+00 -1.000000e+00
   outer loop
     vertex -1.504618e+01  7.245858e+00 -3.200000e+01
     vertex -1.595807e+01  4.922411e+00 -3.200000e+01
     vertex -1.569287e+01  5.711736e+00 -3.200000e+01
   endloop
 endfacet
 facet normal  0.000000e+00  0.000000e+00 -1.000000e+00
   outer loop
     vertex  7.618718e+00 -1.486086e+01 -3.200000e+01
     vertex  5.318727e+00 -1.583039e+01 -3.200000e+01
     vertex  4.523036e+00 -1.607582e+01 -3.200000e+01
   endloop
 endfacet
 facet normal  0.000000e+00  0.000000e+00 -1.000000e+00
   outer loop
     vertex  7.618718e+00 -1.486086e+01 -3.200000e+01
     vertex  6.101195e+00 -1.554559e+01 -3.200000e+01
     vertex  5.318727e+00 -1.583039e+01 -3.200000e+01
   endloop
 endfacet
 facet normal  0.000000e+00  0.000000e+00 -1.000000e+00
   outer loop
     vertex  7.618718e+00 -1.486086e+01 -3.200000e+01
     vertex  6.868495e+00 -1.522215e+01 -3.200000e+01
     vertex  6.101195e+00 -1.554559e+01 -3.200000e+01
   endloop
 endfacet
 facet normal  0.000000e+00  0.000000e+00 -1.000000e+00
   outer loop
     vertex  9.060523e+00 -1.402843e+01 -3.200000e+01
     vertex  8.350000e+00 -1.446262e+01 -3.200000e+01
     vertex  7.618718e+00 -1.486086e+01 -3.200000e+01
   endloop
 endfacet
 facet normal  0.000000e+00  0.000000e+00 -1.000000e+00
   outer loop
     vertex  9.060523e+00 -1.402843e+01 -3.200000e+01
     vertex  4.523036e+00 -1.607582e+01 -3.200000e+01
     vertex  2.899925e+00 -1.644629e+01 -3.200000e+01
   endloop
 endfacet
 facet normal  0.000000e+00  0.000000e+00 -1.000000e+00
   outer loop
     vertex  9.060523e+00 -1.402843e+01 -3.200000e+01
     vertex  7.618718e+00 -1.486086e+01 -3.200000e+01
     vertex  4.523036e+00 -1.607582e+01 -3.200000e+01
   endloop
 endfacet
 facet normal  0.000000e+00  0.000000e+00 -1.000000e+00
   outer loop
     vertex -1.331211e+01  1.008353e+01 -3.200000e+01
     vertex -1.424996e+01  8.707968e+00 -3.200000e+01
     vertex -1.379819e+01  9.407445e+00 -3.200000e+01
   endloop
 endfacet
 facet normal  0.000000e+00  0.000000e+00 -1.000000e+00
   outer loop
     vertex -1.331211e+01  1.008353e+01 -3.200000e+01
     vertex -1.466630e+01  7.986841e+00 -3.200000e+01
     vertex -1.424996e+01  8.707968e+00 -3.200000e+01
   endloop
 endfacet
 facet normal  0.000000e+00  0.000000e+00 -1.000000e+00
   outer loop
     vertex  1.041228e+01 -1.305659e+01 -3.200000e+01
     vertex  9.748519e+00 -1.355936e+01 -3.200000e+01
     vertex  9.060523e+00 -1.402843e+01 -3.200000e+01
   endloop
 endfacet
 facet normal  0.000000e+00  0.000000e+00 -1.000000e+00
   outer loop
     vertex -1.279294e+01  1.073455e+01 -3.200000e+01
     vertex -1.466630e+01  7.986841e+00 -3.200000e+01
     vertex -1.331211e+01  1.008353e+01 -3.200000e+01
   endloop
 endfacet
 facet normal  0.000000e+00  0.000000e+00 -1.000000e+00
   outer loop
     vertex -1.224197e+01  1.135888e+01 -3.200000e+01
     vertex  2.076540e+00 -1.657039e+01 -3.200000e+01
     vertex -4.523036e+00 -1.607582e+01 -3.200000e+01
   endloop
 endfacet
 facet normal  0.000000e+00  0.000000e+00 -1.000000e+00
   outer loop
     vertex -1.224197e+01  1.135888e+01 -3.200000e+01
     vertex -1.595807e+01  4.922411e+00 -3.200000e+01
     vertex -1.504618e+01  7.245858e+00 -3.200000e+01
   endloop
 endfacet
 facet normal  0.000000e+00  0.000000e+00 -1.000000e+00
   outer loop
     vertex -1.224197e+01  1.135888e+01 -3.200000e+01
     vertex -1.466630e+01  7.986841e+00 -3.200000e+01
     vertex -1.279294e+01  1.073455e+01 -3.200000e+01
   endloop
 endfacet
 facet normal  0.000000e+00  0.000000e+00 -1.000000e+00
   outer loop
     vertex -1.224197e+01  1.135888e+01 -3.200000e+01
     vertex -4.523036e+00 -1.607582e+01 -3.200000e+01
     vertex -8.350000e+00 -1.446262e+01 -3.200000e+01
   endloop
 endfacet
 facet normal  0.000000e+00  0.000000e+00 -1.000000e+00
   outer loop
     vertex -1.224197e+01  1.135888e+01 -3.200000e+01
     vertex -1.504618e+01  7.245858e+00 -3.200000e+01
     vertex -1.466630e+01  7.986841e+00 -3.200000e+01
   endloop
 endfacet
 facet normal  0.000000e+00 -0.000000e+00 -1.000000e+00
   outer loop
     vertex -1.224197e+01  1.135888e+01 -3.200000e+01
     vertex -8.350000e+00 -1.446262e+01 -3.200000e+01
     vertex -1.595807e+01  4.922411e+00 -3.200000e+01
   endloop
 endfacet
 facet normal  0.000000e+00  0.000000e+00 -1.000000e+00
   outer loop
     vertex -1.166055e+01  1.195498e+01 -3.200000e+01
     vertex  1.105015e+01 -1.252135e+01 -3.200000e+01
     vertex  1.041228e+01 -1.305659e+01 -3.200000e+01
   endloop
 endfacet
 facet normal  0.000000e+00  0.000000e+00 -1.000000e+00
   outer loop
     vertex -1.166055e+01  1.195498e+01 -3.200000e+01
     vertex  9.060523e+00 -1.402843e+01 -3.200000e+01
     vertex  2.899925e+00 -1.644629e+01 -3.200000e+01
   endloop
 endfacet
 facet normal  0.000000e+00 -0.000000e+00 -1.000000e+00
   outer loop
     vertex -1.166055e+01  1.195498e+01 -3.200000e+01
     vertex  2.076540e+00 -1.657039e+01 -3.200000e+01
     vertex -1.224197e+01  1.135888e+01 -3.200000e+01
   endloop
 endfacet
 facet normal  0.000000e+00  0.000000e+00 -1.000000e+00
   outer loop
     vertex -1.166055e+01  1.195498e+01 -3.200000e+01
     vertex  1.041228e+01 -1.305659e+01 -3.200000e+01
     vertex  9.060523e+00 -1.402843e+01 -3.200000e+01
   endloop
 endfacet
 facet normal  0.000000e+00  0.000000e+00 -1.000000e+00
   outer loop
     vertex -1.166055e+01  1.195498e+01 -3.200000e+01
     vertex  2.899925e+00 -1.644629e+01 -3.200000e+01
     vertex  2.076540e+00 -1.657039e+01 -3.200000e+01
   endloop
 endfacet
 facet normal  0.000000e+00  0.000000e+00 -1.000000e+00
   outer loop
     vertex  1.224197e+01 -1.135888e+01 -3.200000e+01
     vertex  1.166055e+01 -1.195498e+01 -3.200000e+01
     vertex  1.105015e+01 -1.252135e+01 -3.200000e+01
   endloop
 endfacet
 facet normal  0.000000e+00  0.000000e+00 -1.000000e+00
   outer loop
     vertex  1.331211e+01 -1.008353e+01 -3.200000e+01
     vertex  1.279294e+01 -1.073455e+01 -3.200000e+01
     vertex  1.224197e+01 -1.135888e+01 -3.200000e+01
   endloop
 endfacet
 facet normal  0.000000e+00  0.000000e+00 -1.000000e+00
   outer loop
     vertex -9.748519e+00  1.355936e+01 -3.200000e+01
     vertex -1.105015e+01  1.252135e+01 -3.200000e+01
     vertex -1.041228e+01  1.305659e+01 -3.200000e+01
   endloop
 endfacet
 facet normal  0.000000e+00  0.000000e+00 -1.000000e+00
   outer loop
     vertex -9.748519e+00  1.355936e+01 -3.200000e+01
     vertex -1.166055e+01  1.195498e+01 -3.200000e+01
     vertex -1.105015e+01  1.252135e+01 -3.200000e+01
   endloop
 endfacet
 facet normal  0.000000e+00 -0.000000e+00 -1.000000e+00
   outer loop
     vertex -9.748519e+00  1.355936e+01 -3.200000e+01
     vertex  1.105015e+01 -1.252135e+01 -3.200000e+01
     vertex -1.166055e+01  1.195498e+01 -3.200000e+01
   endloop
 endfacet
 facet normal  0.000000e+00  0.000000e+00 -1.000000e+00
   outer loop
     vertex  1.424996e+01 -8.707968e+00 -3.200000e+01
     vertex  1.379819e+01 -9.407445e+00 -3.200000e+01
     vertex  1.331211e+01 -1.008353e+01 -3.200000e+01
   endloop
 endfacet
 facet normal  0.000000e+00  0.000000e+00 -1.000000e+00
   outer loop
     vertex  1.424996e+01 -8.707968e+00 -3.200000e+01
     vertex  1.331211e+01 -1.008353e+01 -3.200000e+01
     vertex  1.224197e+01 -1.135888e+01 -3.200000e+01
   endloop
 endfacet
 facet normal  0.000000e+00  0.000000e+00 -1.000000e+00
   outer loop
     vertex -8.350000e+00  1.446262e+01 -3.200000e+01
     vertex -9.748519e+00  1.355936e+01 -3.200000e+01
     vertex -9.060523e+00  1.402843e+01 -3.200000e+01
   endloop
 endfacet
 facet normal  0.000000e+00  0.000000e+00 -1.000000e+00
   outer loop
     vertex -7.618718e+00  1.486086e+01 -3.200000e+01
     vertex  1.224197e+01 -1.135888e+01 -3.200000e+01
     vertex  1.105015e+01 -1.252135e+01 -3.200000e+01
   endloop
 endfacet
 facet normal  0.000000e+00 -0.000000e+00 -1.000000e+00
   outer loop
     vertex -7.618718e+00  1.486086e+01 -3.200000e+01
     vertex  1.105015e+01 -1.252135e+01 -3.200000e+01
     vertex -9.748519e+00  1.355936e+01 -3.200000e+01
   endloop
 endfacet
 facet normal  0.000000e+00  0.000000e+00 -1.000000e+00
   outer loop
     vertex -7.618718e+00  1.486086e+01 -3.200000e+01
     vertex -9.748519e+00  1.355936e+01 -3.200000e+01
     vertex -8.350000e+00  1.446262e+01 -3.200000e+01
   endloop
 endfacet
 facet normal  0.000000e+00  0.000000e+00 -1.000000e+00
   outer loop
     vertex  1.569287e+01 -5.711736e+00 -3.200000e+01
     vertex  1.466630e+01 -7.986841e+00 -3.200000e+01
     vertex  1.424996e+01 -8.707968e+00 -3.200000e+01
   endloop
 endfacet
 facet normal  0.000000e+00  0.000000e+00 -1.000000e+00
   outer loop
     vertex  1.569287e+01 -5.711736e+00 -3.200000e+01
     vertex  1.504618e+01 -7.245858e+00 -3.200000e+01
     vertex  1.466630e+01 -7.986841e+00 -3.200000e+01
   endloop
 endfacet
 facet normal  0.000000e+00  0.000000e+00 -1.000000e+00
   outer loop
     vertex  1.569287e+01 -5.711736e+00 -3.200000e+01
     vertex  1.538865e+01 -6.486861e+00 -3.200000e+01
     vertex  1.504618e+01 -7.245858e+00 -3.200000e+01
   endloop
 endfacet
 facet normal  0.000000e+00  0.000000e+00 -1.000000e+00
   outer loop
     vertex  1.569287e+01 -5.711736e+00 -3.200000e+01
     vertex  1.424996e+01 -8.707968e+00 -3.200000e+01
     vertex  1.224197e+01 -1.135888e+01 -3.200000e+01
   endloop
 endfacet
 facet normal  0.000000e+00  0.000000e+00 -1.000000e+00
   outer loop
     vertex -4.523036e+00  1.607582e+01 -3.200000e+01
     vertex -6.101195e+00  1.554559e+01 -3.200000e+01
     vertex -5.318727e+00  1.583039e+01 -3.200000e+01
   endloop
 endfacet
 facet normal  0.000000e+00  0.000000e+00 -1.000000e+00
   outer loop
     vertex -4.523036e+00  1.607582e+01 -3.200000e+01
     vertex -6.868495e+00  1.522215e+01 -3.200000e+01
     vertex -6.101195e+00  1.554559e+01 -3.200000e+01
   endloop
 endfacet
 facet normal  0.000000e+00  0.000000e+00 -1.000000e+00
   outer loop
     vertex -2.899925e+00  1.644629e+01 -3.200000e+01
     vertex -4.523036e+00  1.607582e+01 -3.200000e+01
     vertex -3.716100e+00  1.628130e+01 -3.200000e+01
   endloop
 endfacet
 facet normal  0.000000e+00  0.000000e+00 -1.000000e+00
   outer loop
     vertex -2.899925e+00  1.644629e+01 -3.200000e+01
     vertex -6.868495e+00  1.522215e+01 -3.200000e+01
     vertex -4.523036e+00  1.607582e+01 -3.200000e+01
   endloop
 endfacet
 facet normal  0.000000e+00  0.000000e+00 -1.000000e+00
   outer loop
     vertex  1.651347e+01 -2.489006e+00 -3.200000e+01
     vertex  1.595807e+01 -4.922411e+00 -3.200000e+01
     vertex  1.569287e+01 -5.711736e+00 -3.200000e+01
   endloop
 endfacet
 facet normal  0.000000e+00  0.000000e+00 -1.000000e+00
   outer loop
     vertex  1.651347e+01 -2.489006e+00 -3.200000e+01
     vertex  1.618359e+01 -4.120849e+00 -3.200000e+01
     vertex  1.595807e+01 -4.922411e+00 -3.200000e+01
   endloop
 endfacet
 facet normal  0.000000e+00  0.000000e+00 -1.000000e+00
   outer loop
     vertex  1.651347e+01 -2.489006e+00 -3.200000e+01
     vertex  1.636888e+01 -3.309041e+00 -3.200000e+01
     vertex  1.618359e+01 -4.120849e+00 -3.200000e+01
   endloop
 endfacet
 facet normal  0.000000e+00  0.000000e+00 -1.000000e+00
   outer loop
     vertex  1.661701e+01 -1.662783e+00 -3.200000e+01
     vertex  1.651347e+01 -2.489006e+00 -3.200000e+01
     vertex  1.569287e+01 -5.711736e+00 -3.200000e+01
   endloop
 endfacet
 facet normal  0.000000e+00  0.000000e+00 -1.000000e+00
   outer loop
     vertex  1.667924e+01 -8.324263e-01 -3.200000e+01
     vertex  1.661701e+01 -1.662783e+00 -3.200000e+01
     vertex  1.569287e+01 -5.711736e+00 -3.200000e+01
   endloop
 endfacet
 facet normal  0.000000e+00  0.000000e+00 -1.000000e+00
   outer loop
     vertex  1.667924e+01 -8.324263e-01 -3.200000e+01
     vertex  1.569287e+01 -5.711736e+00 -3.200000e+01
     vertex  1.224197e+01 -1.135888e+01 -3.200000e+01
   endloop
 endfacet
 facet normal  0.000000e+00  0.000000e+00 -1.000000e+00
   outer loop
     vertex -4.163426e-01  1.669481e+01 -3.200000e+01
     vertex -2.076540e+00  1.657039e+01 -3.200000e+01
     vertex -1.247993e+00  1.665330e+01 -3.200000e+01
   endloop
 endfacet
 facet normal  0.000000e+00  0.000000e+00 -1.000000e+00
   outer loop
     vertex -4.163426e-01  1.669481e+01 -3.200000e+01
     vertex -2.899925e+00  1.644629e+01 -3.200000e+01
     vertex -2.076540e+00  1.657039e+01 -3.200000e+01
   endloop
 endfacet
 facet normal  0.000000e+00  0.000000e+00 -1.000000e+00
   outer loop
     vertex -4.163426e-01  1.669481e+01 -3.200000e+01
     vertex -7.618718e+00  1.486086e+01 -3.200000e+01
     vertex -6.868495e+00  1.522215e+01 -3.200000e+01
   endloop
 endfacet
 facet normal  0.000000e+00  0.000000e+00 -1.000000e+00
   outer loop
     vertex -4.163426e-01  1.669481e+01 -3.200000e+01
     vertex -6.868495e+00  1.522215e+01 -3.200000e+01
     vertex -2.899925e+00  1.644629e+01 -3.200000e+01
   endloop
 endfacet
 facet normal -0.000000e+00  0.000000e+00 -1.000000e+00
   outer loop
     vertex  4.163426e-01  1.669481e+01 -3.200000e+01
     vertex -7.618718e+00  1.486086e+01 -3.200000e+01
     vertex -4.163426e-01  1.669481e+01 -3.200000e+01
   endloop
 endfacet
 facet normal  0.000000e+00 -0.000000e+00 -1.000000e+00
   outer loop
     vertex  4.163426e-01  1.669481e+01 -3.200000e+01
     vertex  1.224197e+01 -1.135888e+01 -3.200000e+01
     vertex -7.618718e+00  1.486086e+01 -3.200000e+01
   endloop
 endfacet
 facet normal  0.000000e+00  0.000000e+00 -1.000000e+00
   outer loop
     vertex  1.667924e+01  8.324263e-01 -3.200000e+01
     vertex  1.670000e+01  0.000000e+00 -3.200000e+01
     vertex  1.667924e+01 -8.324263e-01 -3.200000e+01
   endloop
 endfacet
 facet normal  0.000000e+00  0.000000e+00 -1.000000e+00
   outer loop
     vertex  1.661701e+01  1.662783e+00 -3.200000e+01
     vertex  1.667924e+01  8.324263e-01 -3.200000e+01
     vertex  1.667924e+01 -8.324263e-01 -3.200000e+01
   endloop
 endfacet
 facet normal  0.000000e+00  0.000000e+00 -1.000000e+00
   outer loop
     vertex  2.899925e+00  1.644629e+01 -3.200000e+01
     vertex  1.247993e+00  1.665330e+01 -3.200000e+01
     vertex  2.076540e+00  1.657039e+01 -3.200000e+01
   endloop
 endfacet
 facet normal  0.000000e+00  0.000000e+00 -1.000000e+00
   outer loop
     vertex  2.899925e+00  1.644629e+01 -3.200000e+01
     vertex  4.163426e-01  1.669481e+01 -3.200000e+01
     vertex  1.247993e+00  1.665330e+01 -3.200000e+01
   endloop
 endfacet
 facet normal  0.000000e+00  0.000000e+00 -1.000000e+00
   outer loop
     vertex  1.636888e+01  3.309041e+00 -3.200000e+01
     vertex  1.651347e+01  2.489006e+00 -3.200000e+01
     vertex  1.661701e+01  1.662783e+00 -3.200000e+01
   endloop
 endfacet
 facet normal  0.000000e+00  0.000000e+00 -1.000000e+00
   outer loop
     vertex  1.636888e+01  3.309041e+00 -3.200000e+01
     vertex  1.661701e+01  1.662783e+00 -3.200000e+01
     vertex  1.667924e+01 -8.324263e-01 -3.200000e+01
   endloop
 endfacet
 facet normal  0.000000e+00  0.000000e+00 -1.000000e+00
   outer loop
     vertex  3.716100e+00  1.628130e+01 -3.200000e+01
     vertex  4.163426e-01  1.669481e+01 -3.200000e+01
     vertex  2.899925e+00  1.644629e+01 -3.200000e+01
   endloop
 endfacet
 facet normal  0.000000e+00  0.000000e+00 -1.000000e+00
   outer loop
     vertex  4.523036e+00  1.607582e+01 -3.200000e+01
     vertex  4.163426e-01  1.669481e+01 -3.200000e+01
     vertex  3.716100e+00  1.628130e+01 -3.200000e+01
   endloop
 endfacet
 facet normal  0.000000e+00  0.000000e+00 -1.000000e+00
   outer loop
     vertex  1.569287e+01  5.711736e+00 -3.200000e+01
     vertex  1.595807e+01  4.922411e+00 -3.200000e+01
     vertex  1.618359e+01  4.120849e+00 -3.200000e+01
   endloop
 endfacet
 facet normal  0.000000e+00  0.000000e+00 -1.000000e+00
   outer loop
     vertex  6.101195e+00  1.554559e+01 -3.200000e+01
     vertex  4.523036e+00  1.607582e+01 -3.200000e+01
     vertex  5.318727e+00  1.583039e+01 -3.200000e+01
   endloop
 endfacet
 facet normal  0.000000e+00  0.000000e+00 -1.000000e+00
   outer loop
     vertex  6.101195e+00  1.554559e+01 -3.200000e+01
     vertex  4.163426e-01  1.669481e+01 -3.200000e+01
     vertex  4.523036e+00  1.607582e+01 -3.200000e+01
   endloop
 endfacet
 facet normal  0.000000e+00  0.000000e+00 -1.000000e+00
   outer loop
     vertex  1.538865e+01  6.486861e+00 -3.200000e+01
     vertex  1.569287e+01  5.711736e+00 -3.200000e+01
     vertex  1.618359e+01  4.120849e+00 -3.200000e+01
   endloop
 endfacet
 facet normal -0.000000e+00 -0.000000e+00 -1.000000e+00
   outer loop
     vertex  6.868495e+00  1.522215e+01 -3.200000e+01
     vertex  1.224197e+01 -1.135888e+01 -3.200000e+01
     vertex  4.163426e-01  1.669481e+01 -3.200000e+01
   endloop
 endfacet
 facet normal  0.000000e+00  0.000000e+00 -1.000000e+00
   outer loop
     vertex  6.868495e+00  1.522215e+01 -3.200000e+01
     vertex  1.667924e+01 -8.324263e-01 -3.200000e+01
     vertex  1.224197e+01 -1.135888e+01 -3.200000e+01
   endloop
 endfacet
 facet normal  0.000000e+00  0.000000e+00 -1.000000e+00
   outer loop
     vertex  6.868495e+00  1.522215e+01 -3.200000e+01
     vertex  4.163426e-01  1.669481e+01 -3.200000e+01
     vertex  6.101195e+00  1.554559e+01 -3.200000e+01
   endloop
 endfacet
 facet normal  0.000000e+00  0.000000e+00 -1.000000e+00
   outer loop
     vertex  6.868495e+00  1.522215e+01 -3.200000e+01
     vertex  1.636888e+01  3.309041e+00 -3.200000e+01
     vertex  1.667924e+01 -8.324263e-01 -3.200000e+01
   endloop
 endfacet
 facet normal  0.000000e+00  0.000000e+00 -1.000000e+00
   outer loop
     vertex  1.504618e+01  7.245858e+00 -3.200000e+01
     vertex  1.618359e+01  4.120849e+00 -3.200000e+01
     vertex  1.636888e+01  3.309041e+00 -3.200000e+01
   endloop
 endfacet
 facet normal  0.000000e+00  0.000000e+00 -1.000000e+00
   outer loop
     vertex  1.504618e+01  7.245858e+00 -3.200000e+01
     vertex  1.538865e+01  6.486861e+00 -3.200000e+01
     vertex  1.618359e+01  4.120849e+00 -3.200000e+01
   endloop
 endfacet
 facet normal  0.000000e+00  0.000000e+00 -1.000000e+00
   outer loop
     vertex  1.466630e+01  7.986841e+00 -3.200000e+01
     vertex  1.504618e+01  7.245858e+00 -3.200000e+01
     vertex  1.636888e+01  3.309041e+00 -3.200000e+01
   endloop
 endfacet
 facet normal  0.000000e+00  0.000000e+00 -1.000000e+00
   outer loop
     vertex  1.379819e+01  9.407445e+00 -3.200000e+01
     vertex  1.424996e+01  8.707968e+00 -3.200000e+01
     vertex  1.466630e+01  7.986841e+00 -3.200000e+01
   endloop
 endfacet
 facet normal  0.000000e+00  0.000000e+00 -1.000000e+00
   outer loop
     vertex  1.379819e+01  9.407445e+00 -3.200000e+01
     vertex  1.466630e+01  7.986841e+00 -3.200000e+01
     vertex  1.636888e+01  3.309041e+00 -3.200000e+01
   endloop
 endfacet
 facet normal  0.000000e+00  0.000000e+00 -1.000000e+00
   outer loop
     vertex  9.748519e+00  1.355936e+01 -3.200000e+01
     vertex  8.350000e+00  1.446262e+01 -3.200000e+01
     vertex  9.060523e+00  1.402843e+01 -3.200000e+01
   endloop
 endfacet
 facet normal  0.000000e+00  0.000000e+00 -1.000000e+00
   outer loop
     vertex  9.748519e+00  1.355936e+01 -3.200000e+01
     vertex  7.618718e+00  1.486086e+01 -3.200000e+01
     vertex  8.350000e+00  1.446262e+01 -3.200000e+01
   endloop
 endfacet
 facet normal  0.000000e+00  0.000000e+00 -1.000000e+00
   outer loop
     vertex  9.748519e+00  1.355936e+01 -3.200000e+01
     vertex  6.868495e+00  1.522215e+01 -3.200000e+01
     vertex  7.618718e+00  1.486086e+01 -3.200000e+01
   endloop
 endfacet
 facet normal -0.000000e+00 -0.000000e+00 -1.000000e+00
   outer loop
     vertex  9.748519e+00  1.355936e+01 -3.200000e+01
     vertex  1.636888e+01  3.309041e+00 -3.200000e+01
     vertex  6.868495e+00  1.522215e+01 -3.200000e+01
   endloop
 endfacet
 facet normal  0.000000e+00  0.000000e+00 -1.000000e+00
   outer loop
     vertex  9.748519e+00  1.355936e+01 -3.200000e+01
     vertex  1.379819e+01  9.407445e+00 -3.200000e+01
     vertex  1.636888e+01  3.309041e+00 -3.200000e+01
   endloop
 endfacet
 facet normal -0.000000e+00 -0.000000e+00 -1.000000e+00
   outer loop
     vertex  1.041228e+01  1.305659e+01 -3.200000e+01
     vertex  1.379819e+01  9.407445e+00 -3.200000e+01
     vertex  9.748519e+00  1.355936e+01 -3.200000e+01
   endloop
 endfacet
 facet normal  0.000000e+00  0.000000e+00 -1.000000e+00
   outer loop
     vertex  1.279294e+01  1.073455e+01 -3.200000e+01
     vertex  1.331211e+01  1.008353e+01 -3.200000e+01
     vertex  1.379819e+01  9.407445e+00 -3.200000e+01
   endloop
 endfacet
 facet normal  0.000000e+00  0.000000e+00 -1.000000e+00
   outer loop
     vertex  1.166055e+01  1.195498e+01 -3.200000e+01
     vertex  1.224197e+01  1.135888e+01 -3.200000e+01
     vertex  1.279294e+01  1.073455e+01 -3.200000e+01
   endloop
 endfacet
 facet normal  0.000000e+00  0.000000e+00 -1.000000e+00
   outer loop
     vertex  1.166055e+01  1.195498e+01 -3.200000e+01
     vertex  1.041228e+01  1.305659e+01 -3.200000e+01
     vertex  1.105015e+01  1.252135e+01 -3.200000e+01
   endloop
 endfacet
 facet normal -0.000000e+00 -0.000000e+00 -1.000000e+00
   outer loop
     vertex  1.166055e+01  1.195498e+01 -3.200000e+01
     vertex  1.379819e+01  9.407445e+00 -3.200000e+01
     vertex  1.041228e+01  1.305659e+01 -3.200000e+01
   endloop
 endfacet
 facet normal  0.000000e+00  0.000000e+00 -1.000000e+00
   outer loop
     vertex  1.166055e+01  1.195498e+01 -3.200000e+01
     vertex  1.279294e+01  1.073455e+01 -3.200000e+01
     vertex  1.379819e+01  9.407445e+00 -3.200000e+01
   endloop
 endfacet
 facet normal  1.000000e+00  0.000000e+00  0.000000e+00
   outer loop
     vertex  2.400000e+01 -1.305659e+01  1.041228e+01
     vertex  2.400000e+01 -1.195498e+01  1.166055e+01
     vertex  2.400000e+01 -1.252135e+01  1.105015e+01
   endloop
 endfacet
 facet normal  1.000000e+00  0.000000e+00  0.000000e+00
   outer loop
     vertex  2.400000e+01 -1.008353e+01  1.331211e+01
     vertex  2.400000e+01 -1.073455e+01  1.279294e+01
     vertex  2.400000e+01 -1.135888e+01  1.224197e+01
   endloop
 endfacet
 facet normal  1.000000e+00  0.000000e+00  0.000000e+00
   outer loop
     vertex  2.400000e+01 -9.407445e+00  1.379819e+01
     vertex  2.400000e+01 -1.008353e+01  1.331211e+01
     vertex  2.400000e+01 -1.135888e+01  1.224197e+01
   endloop
 endfacet
 facet normal  1.000000e+00  0.000000e+00  0.000000e+00
   outer loop
     vertex  2.400000e+01 -1.402843e+01  9.060523e+00
     vertex  2.400000e+01 -1.195498e+01  1.166055e+01
     vertex  2.400000e+01 -1.305659e+01  1.041228e+01
   endloop
 endfacet
 facet normal  1.000000e+00  0.000000e+00  0.000000e+00
   outer loop
     vertex  2.400000e+01 -1.402843e+01  9.060523e+00
     vertex  2.400000e+01 -1.305659e+01  1.041228e+01
     vertex  2.400000e+01 -1.355936e+01  9.748519e+00
   endloop
 endfacet
 facet normal  1.000000e+00  0.000000e+00  0.000000e+00
   outer loop
     vertex  2.400000e+01 -1.446262e+01  8.350000e+00
     vertex  2.400000e+01 -1.195498e+01  1.166055e+01
     vertex  2.400000e+01 -1.402843e+01  9.060523e+00
   endloop
 endfacet
 facet normal  1.000000e+00  0.000000e+00  0.000000e+00
   outer loop
     vertex  2.400000e+01 -1.583039e+01  5.318727e+00
     vertex  2.400000e+01 -1.486086e+01  7.618718e+00
     vertex  2.400000e+01 -1.522215e+01  6.868495e+00
   endloop
 endfacet
 facet normal  1.000000e+00  0.000000e+00  0.000000e+00
   outer loop
     vertex  2.400000e+01 -1.583039e+01  5.318727e+00
     vertex  2.400000e+01 -1.522215e+01  6.868495e+00
     vertex  2.400000e+01 -1.554559e+01  6.101195e+00
   endloop
 endfacet
 facet normal  1.000000e+00  0.000000e+00  0.000000e+00
   outer loop
     vertex  2.400000e+01 -1.607582e+01  4.523036e+00
     vertex  2.400000e+01 -1.486086e+01  7.618718e+00
     vertex  2.400000e+01 -1.583039e+01  5.318727e+00
   endloop
 endfacet
 facet normal  1.000000e+00  0.000000e+00  0.000000e+00
   outer loop
     vertex  2.400000e+01 -1.607582e+01  4.523036e+00
     vertex  2.400000e+01 -1.446262e+01  8.350000e+00
     vertex  2.400000e+01 -1.486086e+01  7.618718e+00
   endloop
 endfacet
 facet normal  1.000000e+00  0.000000e+00  0.000000e+00
   outer loop
     vertex  2.400000e+01 -2.489006e+00  1.651347e+01
     vertex  2.400000e+01 -3.309041e+00  1.636888e+01
     vertex  2.400000e+01 -4.120849e+00  1.618359e+01
   endloop
 endfacet
 facet normal  1.000000e+00  0.000000e+00  0.000000e+00
   outer loop
     vertex  2.400000e+01 -2.489006e+00  1.651347e+01
     vertex  2.400000e+01 -4.120849e+00  1.618359e+01
     vertex  2.400000e+01 -4.922411e+00  1.595807e+01
   endloop
 endfacet
 facet normal  1.000000e+00  0.000000e+00  0.000000e+00
   outer loop
     vertex  2.400000e+01 -2.489006e+00  1.651347e+01
     vertex  2.400000e+01 -4.922411e+00  1.595807e+01
     vertex  2.400000e+01 -5.711736e+00  1.569287e+01
   endloop
 endfacet
 facet normal  1.000000e+00  0.000000e+00  0.000000e+00
   outer loop
     vertex  2.400000e+01 -2.489006e+00  1.651347e+01
     vertex  2.400000e+01 -5.711736e+00  1.569287e+01
     vertex  2.400000e+01 -6.486861e+00  1.538865e+01
   endloop
 endfacet
 facet normal  1.000000e+00  0.000000e+00  0.000000e+00
   outer loop
     vertex  2.400000e+01 -2.489006e+00  1.651347e+01
     vertex  2.400000e+01 -6.486861e+00  1.538865e+01
     vertex  2.400000e+01 -7.245858e+00  1.504618e+01
   endloop
 endfacet
 facet normal  1.000000e+00  0.000000e+00  0.000000e+00
   outer loop
     vertex  2.400000e+01 -1.665330e+01  1.247993e+00
     vertex  2.400000e+01 -1.628130e+01  3.716100e+00
     vertex  2.400000e+01 -1.644629e+01  2.899925e+00
   endloop
 endfacet
 facet normal  1.000000e+00  0.000000e+00  0.000000e+00
   outer loop
     vertex  2.400000e+01 -1.665330e+01  1.247993e+00
     vertex  2.400000e+01 -1.644629e+01  2.899925e+00
     vertex  2.400000e+01 -1.657039e+01  2.076540e+00
   endloop
 endfacet
 facet normal  1.000000e+00  0.000000e+00  0.000000e+00
   outer loop
     vertex  2.400000e+01 -5.728516e-14  1.670000e+01
     vertex  2.400000e+01 -2.489006e+00  1.651347e+01
     vertex  2.400000e+01 -7.245858e+00  1.504618e+01
   endloop
 endfacet
 facet normal  1.000000e+00  0.000000e+00  0.000000e+00
   outer loop
     vertex  2.400000e+01 -5.728516e-14  1.670000e+01
     vertex  2.400000e+01 -8.324263e-01  1.667924e+01
     vertex  2.400000e+01 -1.662783e+00  1.661701e+01
   endloop
 endfacet
 facet normal  1.000000e+00  0.000000e+00  0.000000e+00
   outer loop
     vertex  2.400000e+01 -5.728516e-14  1.670000e+01
     vertex  2.400000e+01 -1.662783e+00  1.661701e+01
     vertex  2.400000e+01 -2.489006e+00  1.651347e+01
   endloop
 endfacet
 facet normal  1.000000e+00  0.000000e+00  0.000000e+00
   outer loop
     vertex  2.400000e+01 -5.728516e-14  1.670000e+01
     vertex  2.400000e+01 -7.245858e+00  1.504618e+01
     vertex  2.400000e+01 -7.986841e+00  1.466630e+01
   endloop
 endfacet
 facet normal  1.000000e+00  0.000000e+00  0.000000e+00
   outer loop
     vertex  2.400000e+01 -5.728516e-14  1.670000e+01
     vertex  2.400000e+01 -7.986841e+00  1.466630e+01
     vertex  2.400000e+01 -8.707968e+00  1.424996e+01
   endloop
 endfacet
 facet normal  1.000000e+00  0.000000e+00 -0.000000e+00
   outer loop
     vertex  2.400000e+01 -1.665330e+01 -1.247993e+00
     vertex  2.400000e+01 -1.628130e+01  3.716100e+00
     vertex  2.400000e+01 -1.665330e+01  1.247993e+00
   endloop
 endfacet
 facet normal  1.000000e+00  0.000000e+00  0.000000e+00
   outer loop
     vertex  2.400000e+01 -1.665330e+01 -1.247993e+00
     vertex  2.400000e+01 -1.607582e+01  4.523036e+00
     vertex  2.400000e+01 -1.628130e+01  3.716100e+00
   endloop
 endfacet
 facet normal  1.000000e+00  0.000000e+00  0.000000e+00
   outer loop
     vertex  2.400000e+01 -1.665330e+01 -1.247993e+00
     vertex  2.400000e+01 -1.665330e+01  1.247993e+00
     vertex  2.400000e+01 -1.669481e+01  4.163426e-01
   endloop
 endfacet
 facet normal  1.000000e+00  0.000000e+00  0.000000e+00
   outer loop
     vertex  2.400000e+01 -1.665330e+01 -1.247993e+00
     vertex  2.400000e+01 -1.669481e+01  4.163426e-01
     vertex  2.400000e+01 -1.669481e+01 -4.163426e-01
   endloop
 endfacet
 facet normal  1.000000e+00  0.000000e+00 -0.000000e+00
   outer loop
     vertex  2.400000e+01 -1.657039e+01 -2.076540e+00
     vertex  2.400000e+01 -1.607582e+01  4.523036e+00
     vertex  2.400000e+01 -1.665330e+01 -1.247993e+00
   endloop
 endfacet
 facet normal  1.000000e+00  0.000000e+00  0.000000e+00
   outer loop
     vertex  2.400000e+01  2.489006e+00  1.651347e+01
     vertex  2.400000e+01  1.662783e+00  1.661701e+01
     vertex  2.400000e+01  8.324263e-01  1.667924e+01
   endloop
 endfacet
 facet normal  1.000000e+00  0.000000e+00  0.000000e+00
   outer loop
     vertex  2.400000e+01  4.120849e+00  1.618359e+01
     vertex  2.400000e+01  3.309041e+00  1.636888e+01
     vertex  2.400000e+01  2.489006e+00  1.651347e+01
   endloop
 endfacet
 facet normal  1.000000e+00  0.000000e+00  0.000000e+00
   outer loop
     vertex  2.400000e+01 -1.607582e+01 -4.523036e+00
     vertex  2.400000e+01 -1.644629e+01 -2.899925e+00
     vertex  2.400000e+01 -1.628130e+01 -3.716100e+00
   endloop
 endfacet
 facet normal  1.000000e+00  0.000000e+00  0.000000e+00
   outer loop
     vertex  2.400000e+01  4.922411e+00  1.595807e+01
     vertex  2.400000e+01  2.489006e+00  1.651347e+01
     vertex  2.400000e+01  8.324263e-01  1.667924e+01
   endloop
 endfacet
 facet normal  1.000000e+00  0.000000e+00  0.000000e+00
   outer loop
     vertex  2.400000e+01  4.922411e+00  1.595807e+01
     vertex  2.400000e+01  4.120849e+00  1.618359e+01
     vertex  2.400000e+01  2.489006e+00  1.651347e+01
   endloop
 endfacet
 facet normal  1.000000e+00  0.000000e+00  0.000000e+00
   outer loop
     vertex  2.400000e+01  4.922411e+00  1.595807e+01
     vertex  2.400000e+01 -9.407445e+00  1.379819e+01
     vertex  2.400000e+01 -1.135888e+01  1.224197e+01
   endloop
 endfacet
 facet normal  1.000000e+00  0.000000e+00  0.000000e+00
   outer loop
     vertex  2.400000e+01  4.922411e+00  1.595807e+01
     vertex  2.400000e+01 -1.195498e+01  1.166055e+01
     vertex  2.400000e+01 -1.446262e+01  8.350000e+00
   endloop
 endfacet
 facet normal  1.000000e+00  0.000000e+00  0.000000e+00
   outer loop
     vertex  2.400000e+01  4.922411e+00  1.595807e+01
     vertex  2.400000e+01 -5.728516e-14  1.670000e+01
     vertex  2.400000e+01 -8.707968e+00  1.424996e+01
   endloop
 endfacet
 facet normal  1.000000e+00  0.000000e+00  0.000000e+00
   outer loop
     vertex  2.400000e+01  4.922411e+00  1.595807e+01
     vertex  2.400000e+01  8.324263e-01  1.667924e+01
     vertex  2.400000e+01 -5.728516e-14  1.670000e+01
   endloop
 endfacet
 facet normal  1.000000e+00  0.000000e+00  0.000000e+00
   outer loop
     vertex  2.400000e+01  4.922411e+00  1.595807e+01
     vertex  2.400000e+01 -8.707968e+00  1.424996e+01
     vertex  2.400000e+01 -9.407445e+00  1.379819e+01
   endloop
 endfacet
 facet normal  1.000000e+00  0.000000e+00  0.000000e+00
   outer loop
     vertex  2.400000e+01  4.922411e+00  1.595807e+01
     vertex  2.400000e+01 -1.135888e+01  1.224197e+01
     vertex  2.400000e+01 -1.195498e+01  1.166055e+01
   endloop
 endfacet
 facet normal  1.000000e+00  0.000000e+00  0.000000e+00
   outer loop
     vertex  2.400000e+01  7.245858e+00  1.504618e+01
     vertex  2.400000e+01  6.486861e+00  1.538865e+01
     vertex  2.400000e+01  5.711736e+00  1.569287e+01
   endloop
 endfacet
 facet normal  1.000000e+00  0.000000e+00  0.000000e+00
   outer loop
     vertex  2.400000e+01  7.245858e+00  1.504618e+01
     vertex  2.400000e+01  5.711736e+00  1.569287e+01
     vertex  2.400000e+01  4.922411e+00  1.595807e+01
   endloop
 endfacet
 facet normal  1.000000e+00  0.000000e+00  0.000000e+00
   outer loop
     vertex  2.400000e+01 -1.486086e+01 -7.618718e+00
     vertex  2.400000e+01 -1.607582e+01 -4.523036e+00
     vertex  2.400000e+01 -1.583039e+01 -5.318727e+00
   endloop
 endfacet
 facet normal  1.000000e+00  0.000000e+00  0.000000e+00
   outer loop
     vertex  2.400000e+01 -1.486086e+01 -7.618718e+00
     vertex  2.400000e+01 -1.583039e+01 -5.318727e+00
     vertex  2.400000e+01 -1.554559e+01 -6.101195e+00
   endloop
 endfacet
 facet normal  1.000000e+00  0.000000e+00  0.000000e+00
   outer loop
     vertex  2.400000e+01 -1.486086e+01 -7.618718e+00
     vertex  2.400000e+01 -1.554559e+01 -6.101195e+00
     vertex  2.400000e+01 -1.522215e+01 -6.868495e+00
   endloop
 endfacet
 facet normal  1.000000e+00  0.000000e+00  0.000000e+00
   outer loop
     vertex  2.400000e+01 -1.402843e+01 -9.060523e+00
     vertex  2.400000e+01 -1.486086e+01 -7.618718e+00
     vertex  2.400000e+01 -1.446262e+01 -8.350000e+00
   endloop
 endfacet
 facet normal  1.000000e+00  0.000000e+00  0.000000e+00
   outer loop
     vertex  2.400000e+01 -1.402843e+01 -9.060523e+00
     vertex  2.400000e+01 -1.644629e+01 -2.899925e+00
     vertex  2.400000e+01 -1.607582e+01 -4.523036e+00
   endloop
 endfacet
 facet normal  1.000000e+00  0.000000e+00  0.000000e+00
   outer loop
     vertex  2.400000e+01 -1.402843e+01 -9.060523e+00
     vertex  2.400000e+01 -1.607582e+01 -4.523036e+00
     vertex  2.400000e+01 -1.486086e+01 -7.618718e+00
   endloop
 endfacet
 facet normal  1.000000e+00  0.000000e+00  0.000000e+00
   outer loop
     vertex  2.400000e+01  1.008353e+01  1.331211e+01
     vertex  2.400000e+01  9.407445e+00  1.379819e+01
     vertex  2.400000e+01  8.707968e+00  1.424996e+01
   endloop
 endfacet
 facet normal  1.000000e+00  0.000000e+00  0.000000e+00
   outer loop
     vertex  2.400000e+01  1.008353e+01  1.331211e+01
     vertex  2.400000e+01  8.707968e+00  1.424996e+01
     vertex  2.400000e+01  7.986841e+00  1.466630e+01
   endloop
 endfacet
 facet normal  1.000000e+00  0.000000e+00  0.000000e+00
   outer loop
     vertex  2.400000e+01 -1.305659e+01 -1.041228e+01
     vertex  2.400000e+01 -1.402843e+01 -9.060523e+00
     vertex  2.400000e+01 -1.355936e+01 -9.748519e+00
   endloop
 endfacet
 facet normal  1.000000e+00  0.000000e+00  0.000000e+00
   outer loop
     vertex  2.400000e+01  1.073455e+01  1.279294e+01
     vertex  2.400000e+01  1.008353e+01  1.331211e+01
     vertex  2.400000e+01  7.986841e+00  1.466630e+01
   endloop
 endfacet
 facet normal  1.000000e+00  0.000000e+00  0.000000e+00
   outer loop
     vertex  2.400000e+01  1.135888e+01  1.224197e+01
     vertex  2.400000e+01 -1.607582e+01  4.523036e+00
     vertex  2.400000e+01 -1.657039e+01 -2.076540e+00
   endloop
 endfacet
 facet normal  1.000000e+00  0.000000e+00  0.000000e+00
   outer loop
     vertex  2.400000e+01  1.135888e+01  1.224197e+01
     vertex  2.400000e+01  7.245858e+00  1.504618e+01
     vertex  2.400000e+01  4.922411e+00  1.595807e+01
   endloop
 endfacet
 facet normal  1.000000e+00  0.000000e+00  0.000000e+00
   outer loop
     vertex  2.400000e+01  1.135888e+01  1.224197e+01
     vertex  2.400000e+01  1.073455e+01  1.279294e+01
     vertex  2.400000e+01  7.986841e+00  1.466630e+01
   endloop
 endfacet
 facet normal  1.000000e+00  0.000000e+00  0.000000e+00
   outer loop
     vertex  2.400000e+01  1.135888e+01  1.224197e+01
     vertex  2.400000e+01 -1.446262e+01  8.350000e+00
     vertex  2.400000e+01 -1.607582e+01  4.523036e+00
   endloop
 endfacet
 facet normal  1.000000e+00  0.000000e+00  0.000000e+00
   outer loop
     vertex  2.400000e+01  1.135888e+01  1.224197e+01
     vertex  2.400000e+01  7.986841e+00  1.466630e+01
     vertex  2.400000e+01  7.245858e+00  1.504618e+01
   endloop
 endfacet
 facet normal  1.000000e+00  0.000000e+00  0.000000e+00
   outer loop
     vertex  2.400000e+01  1.135888e+01  1.224197e+01
     vertex  2.400000e+01  4.922411e+00  1.595807e+01
     vertex  2.400000e+01 -1.446262e+01  8.350000e+00
   endloop
 endfacet
 facet normal  1.000000e+00  0.000000e+00  0.000000e+00
   outer loop
     vertex  2.400000e+01  1.195498e+01  1.166055e+01
     vertex  2.400000e+01 -1.305659e+01 -1.041228e+01
     vertex  2.400000e+01 -1.252135e+01 -1.105015e+01
   endloop
 endfacet
 facet normal  1.000000e+00  0.000000e+00  0.000000e+00
   outer loop
     vertex  2.400000e+01  1.195498e+01  1.166055e+01
     vertex  2.400000e+01 -1.644629e+01 -2.899925e+00
     vertex  2.400000e+01 -1.402843e+01 -9.060523e+00
   endloop
 endfacet
 facet normal  1.000000e+00  0.000000e+00  0.000000e+00
   outer loop
     vertex  2.400000e+01  1.195498e+01  1.166055e+01
     vertex  2.400000e+01  1.135888e+01  1.224197e+01
     vertex  2.400000e+01 -1.657039e+01 -2.076540e+00
   endloop
 endfacet
 facet normal  1.000000e+00  0.000000e+00  0.000000e+00
   outer loop
     vertex  2.400000e+01  1.195498e+01  1.166055e+01
     vertex  2.400000e+01 -1.402843e+01 -9.060523e+00
     vertex  2.400000e+01 -1.305659e+01 -1.041228e+01
   endloop
 endfacet
 facet normal  1.000000e+00  0.000000e+00  0.000000e+00
   outer loop
     vertex  2.400000e+01  1.195498e+01  1.166055e+01
     vertex  2.400000e+01 -1.657039e+01 -2.076540e+00
     vertex  2.400000e+01 -1.644629e+01 -2.899925e+00
   endloop
 endfacet
 facet normal  1.000000e+00  0.000000e+00  0.000000e+00
   outer loop
     vertex  2.400000e+01 -1.135888e+01 -1.224197e+01
     vertex  2.400000e+01 -1.252135e+01 -1.105015e+01
     vertex  2.400000e+01 -1.195498e+01 -1.166055e+01
   endloop
 endfacet
 facet normal  1.000000e+00  0.000000e+00  0.000000e+00
   outer loop
     vertex  2.400000e+01 -1.008353e+01 -1.331211e+01
     vertex  2.400000e+01 -1.135888e+01 -1.224197e+01
     vertex  2.400000e+01 -1.073455e+01 -1.279294e+01
   endloop
 endfacet
 facet normal  1.000000e+00  0.000000e+00  0.000000e+00
   outer loop
     vertex  2.400000e+01  1.355936e+01  9.748519e+00
     vertex  2.400000e+01  1.305659e+01  1.041228e+01
     vertex  2.400000e+01  1.252135e+01  1.105015e+01
   endloop
 endfacet
 facet normal  1.000000e+00  0.000000e+00  0.000000e+00
   outer loop
     vertex  2.400000e+01  1.355936e+01  9.748519e+00
     vertex  2.400000e+01  1.252135e+01  1.105015e+01
     vertex  2.400000e+01  1.195498e+01  1.166055e+01
   endloop
 endfacet
 facet normal  1.000000e+00  0.000000e+00  0.000000e+00
   outer loop
     vertex  2.400000e+01  1.355936e+01  9.748519e+00
     vertex  2.400000e+01  1.195498e+01  1.166055e+01
     vertex  2.400000e+01 -1.252135e+01 -1.105015e+01
   endloop
 endfacet
 facet normal  1.000000e+00  0.000000e+00  0.000000e+00
   outer loop
     vertex  2.400000e+01 -8.707968e+00 -1.424996e+01
     vertex  2.400000e+01 -1.008353e+01 -1.331211e+01
     vertex  2.400000e+01 -9.407445e+00 -1.379819e+01
   endloop
 endfacet
 facet normal  1.000000e+00  0.000000e+00  0.000000e+00
   outer loop
     vertex  2.400000e+01 -8.707968e+00 -1.424996e+01
     vertex  2.400000e+01 -1.135888e+01 -1.224197e+01
     vertex  2.400000e+01 -1.008353e+01 -1.331211e+01
   endloop
 endfacet
 facet normal  1.000000e+00  0.000000e+00  0.000000e+00
   outer loop
     vertex  2.400000e+01  1.446262e+01  8.350000e+00
     vertex  2.400000e+01  1.402843e+01  9.060523e+00
     vertex  2.400000e+01  1.355936e+01  9.748519e+00
   endloop
 endfacet
 facet normal  1.000000e+00  0.000000e+00  0.000000e+00
   outer loop
     vertex  2.400000e+01  1.486086e+01  7.618718e+00
     vertex  2.400000e+01 -1.252135e+01 -1.105015e+01
     vertex  2.400000e+01 -1.135888e+01 -1.224197e+01
   endloop
 endfacet
 facet normal  1.000000e+00  0.000000e+00  0.000000e+00
   outer loop
     vertex  2.400000e+01  1.486086e+01  7.618718e+00
     vertex  2.400000e+01  1.355936e+01  9.748519e+00
     vertex  2.400000e+01 -1.252135e+01 -1.105015e+01
   endloop
 endfacet
 facet normal  1.000000e+00  0.000000e+00  0.000000e+00
   outer loop
     vertex  2.400000e+01  1.486086e+01  7.618718e+00
     vertex  2.400000e+01  1.446262e+01  8.350000e+00
     vertex  2.400000e+01  1.355936e+01  9.748519e+00
   endloop
 endfacet
 facet normal  1.000000e+00  0.000000e+00  0.000000e+00
   outer loop
     vertex  2.400000e+01 -5.711736e+00 -1.569287e+01
     vertex  2.400000e+01 -8.707968e+00 -1.424996e+01
     vertex  2.400000e+01 -7.986841e+00 -1.466630e+01
   endloop
 endfacet
 facet normal  1.000000e+00  0.000000e+00  0.000000e+00
   outer loop
     vertex  2.400000e+01 -5.711736e+00 -1.569287e+01
     vertex  2.400000e+01 -7.986841e+00 -1.466630e+01
     vertex  2.400000e+01 -7.245858e+00 -1.504618e+01
   endloop
 endfacet
 facet normal  1.000000e+00  0.000000e+00  0.000000e+00
   outer loop
     vertex  2.400000e+01 -5.711736e+00 -1.569287e+01
     vertex  2.400000e+01 -7.245858e+00 -1.504618e+01
     vertex  2.400000e+01 -6.486861e+00 -1.538865e+01
   endloop
 endfacet
 facet normal  1.000000e+00  0.000000e+00  0.000000e+00
   outer loop
     vertex  2.400000e+01 -5.711736e+00 -1.569287e+01
     vertex  2.400000e+01 -1.135888e+01 -1.224197e+01
     vertex  2.400000e+01 -8.707968e+00 -1.424996e+01
   endloop
 endfacet
 facet normal  1.000000e+00  0.000000e+00  0.000000e+00
   outer loop
     vertex  2.400000e+01  1.607582e+01  4.523036e+00
     vertex  2.400000e+01  1.583039e+01  5.318727e+00
     vertex  2.400000e+01  1.554559e+01  6.101195e+00
   endloop
 endfacet
 facet normal  1.000000e+00  0.000000e+00  0.000000e+00
   outer loop
     vertex  2.400000e+01  1.607582e+01  4.523036e+00
     vertex  2.400000e+01  1.554559e+01  6.101195e+00
     vertex  2.400000e+01  1.522215e+01  6.868495e+00
   endloop
 endfacet
 facet normal  1.000000e+00  0.000000e+00  0.000000e+00
   outer loop
     vertex  2.400000e+01  1.644629e+01  2.899925e+00
     vertex  2.400000e+01  1.628130e+01  3.716100e+00
     vertex  2.400000e+01  1.607582e+01  4.523036e+00
   endloop
 endfacet
 facet normal  1.000000e+00  0.000000e+00  0.000000e+00
   outer loop
     vertex  2.400000e+01  1.644629e+01  2.899925e+00
     vertex  2.400000e+01  1.607582e+01  4.523036e+00
     vertex  2.400000e+01  1.522215e+01  6.868495e+00
   endloop
 endfacet
 facet normal  1.000000e+00  0.000000e+00  0.000000e+00
   outer loop
     vertex  2.400000e+01 -2.489006e+00 -1.651347e+01
     vertex  2.400000e+01 -5.711736e+00 -1.569287e+01
     vertex  2.400000e+01 -4.922411e+00 -1.595807e+01
   endloop
 endfacet
 facet normal  1.000000e+00  0.000000e+00  0.000000e+00
   outer loop
     vertex  2.400000e+01 -2.489006e+00 -1.651347e+01
     vertex  2.400000e+01 -4.922411e+00 -1.595807e+01
     vertex  2.400000e+01 -4.120849e+00 -1.618359e+01
   endloop
 endfacet
 facet normal  1.000000e+00  0.000000e+00  0.000000e+00
   outer loop
     vertex  2.400000e+01 -2.489006e+00 -1.651347e+01
     vertex  2.400000e+01 -4.120849e+00 -1.618359e+01
     vertex  2.400000e+01 -3.309041e+00 -1.636888e+01
   endloop
 endfacet
 facet normal  1.000000e+00  0.000000e+00  0.000000e+00
   outer loop
     vertex  2.400000e+01 -1.662783e+00 -1.661701e+01
     vertex  2.400000e+01 -5.711736e+00 -1.569287e+01
     vertex  2.400000e+01 -2.489006e+00 -1.651347e+01
   endloop
 endfacet
 facet normal  1.000000e+00  0.000000e+00  0.000000e+00
   outer loop
     vertex  2.400000e+01 -8.324263e-01 -1.667924e+01
     vertex  2.400000e+01 -5.711736e+00 -1.569287e+01
     vertex  2.400000e+01 -1.662783e+00 -1.661701e+01
   endloop
 endfacet
 facet normal  1.000000e+00  0.000000e+00  0.000000e+00
   outer loop
     vertex  2.400000e+01 -8.324263e-01 -1.667924e+01
     vertex  2.400000e+01 -1.135888e+01 -1.224197e+01
     vertex  2.400000e+01 -5.711736e+00 -1.569287e+01
   endloop
 endfacet
 facet normal  1.000000e+00  0.000000e+00  0.000000e+00
   outer loop
     vertex  2.400000e+01  1.669481e+01  4.163426e-01
     vertex  2.400000e+01  1.665330e+01  1.247993e+00
     vertex  2.400000e+01  1.657039e+01  2.076540e+00
   endloop
 endfacet
 facet normal  1.000000e+00  0.000000e+00  0.000000e+00
   outer loop
     vertex  2.400000e+01  1.669481e+01  4.163426e-01
     vertex  2.400000e+01  1.657039e+01  2.076540e+00
     vertex  2.400000e+01  1.644629e+01  2.899925e+00
   endloop
 endfacet
 facet normal  1.000000e+00  0.000000e+00  0.000000e+00
   outer loop
     vertex  2.400000e+01  1.669481e+01  4.163426e-01
     vertex  2.400000e+01  1.522215e+01  6.868495e+00
     vertex  2.400000e+01  1.486086e+01  7.618718e+00
   endloop
 endfacet
 facet normal  1.000000e+00  0.000000e+00  0.000000e+00
   outer loop
     vertex  2.400000e+01  1.669481e+01  4.163426e-01
     vertex  2.400000e+01  1.644629e+01  2.899925e+00
     vertex  2.400000e+01  1.522215e+01  6.868495e+00
   endloop
 endfacet
 facet normal  1.000000e+00  0.000000e+00 -0.000000e+00
   outer loop
     vertex  2.400000e+01  1.669481e+01 -4.163426e-01
     vertex  2.400000e+01  1.669481e+01  4.163426e-01
     vertex  2.400000e+01  1.486086e+01  7.618718e+00
   endloop
 endfacet
 facet normal  1.000000e+00  0.000000e+00  0.000000e+00
   outer loop
     vertex  2.400000e+01  1.669481e+01 -4.163426e-01
     vertex  2.400000e+01  1.486086e+01  7.618718e+00
     vertex  2.400000e+01 -1.135888e+01 -1.224197e+01
   endloop
 endfacet
 facet normal  1.000000e+00  0.000000e+00  0.000000e+00
   outer loop
     vertex  2.400000e+01  8.324263e-01 -1.667924e+01
     vertex  2.400000e+01 -8.324263e-01 -1.667924e+01
     vertex  2.400000e+01  0.000000e+00 -1.670000e+01
   endloop
 endfacet
 facet normal  1.000000e+00  0.000000e+00  0.000000e+00
   outer loop
     vertex  2.400000e+01  1.662783e+00 -1.661701e+01
     vertex  2.400000e+01 -8.324263e-01 -1.667924e+01
     vertex  2.400000e+01  8.324263e-01 -1.667924e+01
   endloop
 endfacet
 facet normal  1.000000e+00  0.000000e+00  0.000000e+00
   outer loop
     vertex  2.400000e+01  1.644629e+01 -2.899925e+00
     vertex  2.400000e+01  1.657039e+01 -2.076540e+00
     vertex  2.400000e+01  1.665330e+01 -1.247993e+00
   endloop
 endfacet
 facet normal  1.000000e+00  0.000000e+00  0.000000e+00
   outer loop
     vertex  2.400000e+01  1.644629e+01 -2.899925e+00
     vertex  2.400000e+01  1.665330e+01 -1.247993e+00
     vertex  2.400000e+01  1.669481e+01 -4.163426e-01
   endloop
 endfacet
 facet normal  1.000000e+00  0.000000e+00  0.000000e+00
   outer loop
     vertex  2.400000e+01  3.309041e+00 -1.636888e+01
     vertex  2.400000e+01  1.662783e+00 -1.661701e+01
     vertex  2.400000e+01  2.489006e+00 -1.651347e+01
   endloop
 endfacet
 facet normal  1.000000e+00  0.000000e+00  0.000000e+00
   outer loop
     vertex  2.400000e+01  3.309041e+00 -1.636888e+01
     vertex  2.400000e+01 -8.324263e-01 -1.667924e+01
     vertex  2.400000e+01  1.662783e+00 -1.661701e+01
   endloop
 endfacet
 facet normal  1.000000e+00  0.000000e+00  0.000000e+00
   outer loop
     vertex  2.400000e+01  1.628130e+01 -3.716100e+00
     vertex  2.400000e+01  1.644629e+01 -2.899925e+00
     vertex  2.400000e+01  1.669481e+01 -4.163426e-01
   endloop
 endfacet
 facet normal  1.000000e+00  0.000000e+00  0.000000e+00
   outer loop
     vertex  2.400000e+01  1.607582e+01 -4.523036e+00
     vertex  2.400000e+01  1.628130e+01 -3.716100e+00
     vertex  2.400000e+01  1.669481e+01 -4.163426e-01
   endloop
 endfacet
 facet normal  1.000000e+00  0.000000e+00  0.000000e+00
   outer loop
     vertex  2.400000e+01  5.711736e+00 -1.569287e+01
     vertex  2.400000e+01  4.120849e+00 -1.618359e+01
     vertex  2.400000e+01  4.922411e+00 -1.595807e+01
   endloop
 endfacet
 facet normal  1.000000e+00  0.000000e+00  0.000000e+00
   outer loop
     vertex  2.400000e+01  1.554559e+01 -6.101195e+00
     vertex  2.400000e+01  1.583039e+01 -5.318727e+00
     vertex  2.400000e+01  1.607582e+01 -4.523036e+00
   endloop
 endfacet
 facet normal  1.000000e+00  0.000000e+00  0.000000e+00
   outer loop
     vertex  2.400000e+01  1.554559e+01 -6.101195e+00
     vertex  2.400000e+01  1.607582e+01 -4.523036e+00
     vertex  2.400000e+01  1.669481e+01 -4.163426e-01
   endloop
 endfacet
 facet normal  1.000000e+00  0.000000e+00  0.000000e+00
   outer loop
     vertex  2.400000e+01  6.486861e+00 -1.538865e+01
     vertex  2.400000e+01  4.120849e+00 -1.618359e+01
     vertex  2.400000e+01  5.711736e+00 -1.569287e+01
   endloop
 endfacet
 facet normal  1.000000e+00  0.000000e+00 -0.000000e+00
   outer loop
     vertex  2.400000e+01  1.522215e+01 -6.868495e+00
     vertex  2.400000e+01  1.669481e+01 -4.163426e-01
     vertex  2.400000e+01 -1.135888e+01 -1.224197e+01
   endloop
 endfacet
 facet normal  1.000000e+00  0.000000e+00  0.000000e+00
   outer loop
     vertex  2.400000e+01  1.522215e+01 -6.868495e+00
     vertex  2.400000e+01 -1.135888e+01 -1.224197e+01
     vertex  2.400000e+01 -8.324263e-01 -1.667924e+01
   endloop
 endfacet
 facet normal  1.000000e+00  0.000000e+00  0.000000e+00
   outer loop
     vertex  2.400000e+01  1.522215e+01 -6.868495e+00
     vertex  2.400000e+01  1.554559e+01 -6.101195e+00
     vertex  2.400000e+01  1.669481e+01 -4.163426e-01
   endloop
 endfacet
 facet normal  1.000000e+00  0.000000e+00  0.000000e+00
   outer loop
     vertex  2.400000e+01  1.522215e+01 -6.868495e+00
     vertex  2.400000e+01 -8.324263e-01 -1.667924e+01
     vertex  2.400000e+01  3.309041e+00 -1.636888e+01
   endloop
 endfacet
 facet normal  1.000000e+00  0.000000e+00  0.000000e+00
   outer loop
     vertex  2.400000e+01  7.245858e+00 -1.504618e+01
     vertex  2.400000e+01  3.309041e+00 -1.636888e+01
     vertex  2.400000e+01  4.120849e+00 -1.618359e+01
   endloop
 endfacet
 facet normal  1.000000e+00  0.000000e+00  0.000000e+00
   outer loop
     vertex  2.400000e+01  7.245858e+00 -1.504618e+01
     vertex  2.400000e+01  4.120849e+00 -1.618359e+01
     vertex  2.400000e+01  6.486861e+00 -1.538865e+01
   endloop
 endfacet
 facet normal  1.000000e+00  0.000000e+00  0.000000e+00
   outer loop
     vertex  2.400000e+01  7.986841e+00 -1.466630e+01
     vertex  2.400000e+01  3.309041e+00 -1.636888e+01
     vertex  2.400000e+01  7.245858e+00 -1.504618e+01
   endloop
 endfacet
 facet normal  1.000000e+00  0.000000e+00  0.000000e+00
   outer loop
     vertex  2.400000e+01  9.407445e+00 -1.379819e+01
     vertex  2.400000e+01  7.986841e+00 -1.466630e+01
     vertex  2.400000e+01  8.707968e+00 -1.424996e+01
   endloop
 endfacet
 facet normal  1.000000e+00  0.000000e+00  0.000000e+00
   outer loop
     vertex  2.400000e+01  9.407445e+00 -1.379819e+01
     vertex  2.400000e+01  3.309041e+00 -1.636888e+01
     vertex  2.400000e+01  7.986841e+00 -1.466630e+01
   endloop
 endfacet
 facet normal  1.000000e+00  0.000000e+00  0.000000e+00
   outer loop
     vertex  2.400000e+01  1.355936e+01 -9.748519e+00
     vertex  2.400000e+01  1.402843e+01 -9.060523e+00
     vertex  2.400000e+01  1.446262e+01 -8.350000e+00
   endloop
 endfacet
 facet normal  1.000000e+00  0.000000e+00  0.000000e+00
   outer loop
     vertex  2.400000e+01  1.355936e+01 -9.748519e+00
     vertex  2.400000e+01  1.446262e+01 -8.350000e+00
     vertex  2.400000e+01  1.486086e+01 -7.618718e+00
   endloop
 endfacet
 facet normal  1.000000e+00  0.000000e+00  0.000000e+00
   outer loop
     vertex  2.400000e+01  1.355936e+01 -9.748519e+00
     vertex  2.400000e+01  1.486086e+01 -7.618718e+00
     vertex  2.400000e+01  1.522215e+01 -6.868495e+00
   endloop
 endfacet
 facet normal  1.000000e+00  0.000000e+00 -0.000000e+00
   outer loop
     vertex  2.400000e+01  1.355936e+01 -9.748519e+00
     vertex  2.400000e+01  1.522215e+01 -6.868495e+00
     vertex  2.400000e+01  3.309041e+00 -1.636888e+01
   endloop
 endfacet
 facet normal  1.000000e+00  0.000000e+00  0.000000e+00
   outer loop
     vertex  2.400000e+01  1.355936e+01 -9.748519e+00
     vertex  2.400000e+01  3.309041e+00 -1.636888e+01
     vertex  2.400000e+01  9.407445e+00 -1.379819e+01
   endloop
 endfacet
 facet normal  1.000000e+00  0.000000e+00 -0.000000e+00
   outer loop
     vertex  2.400000e+01  1.305659e+01 -1.041228e+01
     vertex  2.400000e+01  1.355936e+01 -9.748519e+00
     vertex  2.400000e+01  9.407445e+00 -1.379819e+01
   endloop
 endfacet
 facet normal  1.000000e+00  0.000000e+00  0.000000e+00
   outer loop
     vertex  2.400000e+01  1.073455e+01 -1.279294e+01
     vertex  2.400000e+01  9.407445e+00 -1.379819e+01
     vertex  2.400000e+01  1.008353e+01 -1.331211e+01
   endloop
 endfacet
 facet normal  1.000000e+00  0.000000e+00  0.000000e+00
   outer loop
     vertex  2.400000e+01  1.195498e+01 -1.166055e+01
     vertex  2.400000e+01  1.073455e+01 -1.279294e+01
     vertex  2.400000e+01  1.135888e+01 -1.224197e+01
   endloop
 endfacet
 facet normal  1.000000e+00  0.000000e+00  0.000000e+00
   outer loop
     vertex  2.400000e+01  1.195498e+01 -1.166055e+01
     vertex  2.400000e+01  1.252135e+01 -1.105015e+01
     vertex  2.400000e+01  1.305659e+01 -1.041228e+01
   endloop
 endfacet
 facet normal  1.000000e+00  0.000000e+00 -0.000000e+00
   outer loop
     vertex  2.400000e+01  1.195498e+01 -1.166055e+01
     vertex  2.400000e+01  1.305659e+01 -1.041228e+01
     vertex  2.400000e+01  9.407445e+00 -1.379819e+01
   endloop
 endfacet
 facet normal  1.000000e+00  0.000000e+00  0.000000e+00
   outer loop
     vertex  2.400000e+01  1.195498e+01 -1.166055e+01
     vertex  2.400000e+01  9.407445e+00 -1.379819e+01
     vertex  2.400000e+01  1.073455e+01 -1.279294e+01
   endloop
 endfacet
 facet normal  0.000000e+00  0.000000e+00  1.000000e+00
   outer loop
     vertex -1.041228e+01 -1.305659e+01  3.200000e+01
     vertex -1.166055e+01 -1.195498e+01  3.200000e+01
     vertex -1.105015e+01 -1.252135e+01  3.200000e+01
   endloop
 endfacet
 facet normal  0.000000e+00  0.000000e+00  1.000000e+00
   outer loop
     vertex -1.331211e+01 -1.008353e+01  3.200000e+01
     vertex -1.279294e+01 -1.073455e+01  3.200000e+01
     vertex -1.224197e+01 -1.135888e+01  3.200000e+01
   endloop
 endfacet
 facet normal  0.000000e+00  0.000000e+00  1.000000e+00
   outer loop
     vertex -1.379819e+01 -9.407445e+00  3.200000e+01
     vertex -1.331211e+01 -1.008353e+01  3.200000e+01
     vertex -1.224197e+01 -1.135888e+01  3.200000e+01
   endloop
 endfacet
 facet normal  0.000000e+00  0.000000e+00  1.000000e+00
   outer loop
     vertex -9.060523e+00 -1.402843e+01  3.200000e+01
     vertex -1.166055e+01 -1.195498e+01  3.200000e+01
     vertex -1.041228e+01 -1.305659e+01  3.200000e+01
   endloop
 endfacet
 facet normal  0.000000e+00  0.000000e+00  1.000000e+00
   outer loop
     vertex -9.060523e+00 -1.402843e+01  3.200000e+01
     vertex -1.041228e+01 -1.305659e+01  3.200000e+01
     vertex -9.748519e+00 -1.355936e+01  3.200000e+01
   endloop
 endfacet
 facet normal  0.000000e+00  0.000000e+00  1.000000e+00
   outer loop
     vertex -8.350000e+00 -1.446262e+01  3.200000e+01
     vertex -1.166055e+01 -1.195498e+01  3.200000e+01
     vertex -9.060523e+00 -1.402843e+01  3.200000e+01
   endloop
 endfacet
 facet normal  0.000000e+00  0.000000e+00  1.000000e+00
   outer loop
     vertex -5.318727e+00 -1.583039e+01  3.200000e+01
     vertex -7.618718e+00 -1.486086e+01  3.200000e+01
     vertex -6.868495e+00 -1.522215e+01  3.200000e+01
   endloop
 endfacet
 facet normal  0.000000e+00  0.000000e+00  1.000000e+00
   outer loop
     vertex -5.318727e+00 -1.583039e+01  3.200000e+01
     vertex -6.868495e+00 -1.522215e+01  3.200000e+01
     vertex -6.101195e+00 -1.554559e+01  3.200000e+01
   endloop
 endfacet
 facet normal  0.000000e+00  0.000000e+00  1.000000e+00
   outer loop
     vertex -4.523036e+00 -1.607582e+01  3.200000e+01
     vertex -7.618718e+00 -1.486086e+01  3.200000e+01
     vertex -5.318727e+00 -1.583039e+01  3.200000e+01
   endloop
 endfacet
 facet normal  0.000000e+00  0.000000e+00  1.000000e+00
   outer loop
     vertex -4.523036e+00 -1.607582e+01  3.200000e+01
     vertex -8.350000e+00 -1.446262e+01  3.200000e+01
     vertex -7.618718e+00 -1.486086e+01  3.200000e+01
   endloop
 endfacet
 facet normal  0.000000e+00  0.000000e+00  1.000000e+00
   outer loop
     vertex -1.651347e+01 -2.489006e+00  3.200000e+01
     vertex -1.636888e+01 -3.309041e+00  3.200000e+01
     vertex -1.618359e+01 -4.120849e+00  3.200000e+01
   endloop
 endfacet
 facet normal  0.000000e+00  0.000000e+00  1.000000e+00
   outer loop
     vertex -1.651347e+01 -2.489006e+00  3.200000e+01
     vertex -1.618359e+01 -4.120849e+00  3.200000e+01
     vertex -1.595807e+01 -4.922411e+00  3.200000e+01
   endloop
 endfacet
 facet normal  0.000000e+00  0.000000e+00  1.000000e+00
   outer loop
     vertex -1.651347e+01 -2.489006e+00  3.200000e+01
     vertex -1.595807e+01 -4.922411e+00  3.200000e+01
     vertex -1.569287e+01 -5.711736e+00  3.200000e+01
   endloop
 endfacet
 facet normal  0.000000e+00  0.000000e+00  1.000000e+00
   outer loop
     vertex -1.651347e+01 -2.489006e+00  3.200000e+01
     vertex -1.569287e+01 -5.711736e+00  3.200000e+01
     vertex -1.538865e+01 -6.486861e+00  3.200000e+01
   endloop
 endfacet
 facet normal  0.000000e+00  0.000000e+00  1.000000e+00
   outer loop
     vertex -1.651347e+01 -2.489006e+00  3.200000e+01
     vertex -1.538865e+01 -6.486861e+00  3.200000e+01
     vertex -1.504618e+01 -7.245858e+00  3.200000e+01
   endloop
 endfacet
 facet normal  0.000000e+00  0.000000e+00  1.000000e+00
   outer loop
     vertex -1.247993e+00 -1.665330e+01  3.200000e+01
     vertex -3.716100e+00 -1.628130e+01  3.200000e+01
     vertex -2.899925e+00 -1.644629e+01  3.200000e+01
   endloop
 endfacet
 facet normal  0.000000e+00  0.000000e+00  1.000000e+00
   outer loop
     vertex -1.247993e+00 -1.665330e+01  3.200000e+01
     vertex -2.899925e+00 -1.644629e+01  3.200000e+01
     vertex -2.076540e+00 -1.657039e+01  3.200000e+01
   endloop
 endfacet
 facet normal  0.000000e+00  0.000000e+00  1.000000e+00
   outer loop
     vertex -1.670000e+01 -5.728516e-14  3.200000e+01
     vertex -1.651347e+01 -2.489006e+00  3.200000e+01
     vertex -1.504618e+01 -7.245858e+00  3.200000e+01
   endloop
 endfacet
 facet normal  0.000000e+00  0.000000e+00  1.000000e+00
   outer loop
     vertex -1.670000e+01 -5.728516e-14  3.200000e+01
     vertex -1.667924e+01 -8.324263e-01  3.200000e+01
     vertex -1.661701e+01 -1.662783e+00  3.200000e+01
   endloop
 endfacet
 facet normal  0.000000e+00  0.000000e+00  1.000000e+00
   outer loop
     vertex -1.670000e+01 -5.728516e-14  3.200000e+01
     vertex -1.661701e+01 -1.662783e+00  3.200000e+01
     vertex -1.651347e+01 -2.489006e+00  3.200000e+01
   endloop
 endfacet
 facet normal  0.000000e+00  0.000000e+00  1.000000e+00
   outer loop
     vertex -1.670000e+01 -5.728516e-14  3.200000e+01
     vertex -1.504618e+01 -7.245858e+00  3.200000e+01
     vertex -1.466630e+01 -7.986841e+00  3.200000e+01
   endloop
 endfacet
 facet normal  0.000000e+00  0.000000e+00  1.000000e+00
   outer loop
     vertex -1.670000e+01 -5.728516e-14  3.200000e+01
     vertex -1.466630e+01 -7.986841e+00  3.200000e+01
     vertex -1.424996e+01 -8.707968e+00  3.200000e+01
   endloop
 endfacet
 facet normal  0.000000e+00  0.000000e+00  1.000000e+00
   outer loop
     vertex  1.247993e+00 -1.665330e+01  3.200000e+01
     vertex -3.716100e+00 -1.628130e+01  3.200000e+01
     vertex -1.247993e+00 -1.665330e+01  3.200000e+01
   endloop
 endfacet
 facet normal  0.000000e+00  0.000000e+00  1.000000e+00
   outer loop
     vertex  1.247993e+00 -1.665330e+01  3.200000e+01
     vertex -4.523036e+00 -1.607582e+01  3.200000e+01
     vertex -3.716100e+00 -1.628130e+01  3.200000e+01
   endloop
 endfacet
 facet normal  0.000000e+00  0.000000e+00  1.000000e+00
   outer loop
     vertex  1.247993e+00 -1.665330e+01  3.200000e+01
     vertex -1.247993e+00 -1.665330e+01  3.200000e+01
     vertex -4.163426e-01 -1.669481e+01  3.200000e+01
   endloop
 endfacet
 facet normal  0.000000e+00  0.000000e+00  1.000000e+00
   outer loop
     vertex  1.247993e+00 -1.665330e+01  3.200000e+01
     vertex -4.163426e-01 -1.669481e+01  3.200000e+01
     vertex  4.163426e-01 -1.669481e+01  3.200000e+01
   endloop
 endfacet
 facet normal  0.000000e+00  0.000000e+00  1.000000e+00
   outer loop
     vertex  2.076540e+00 -1.657039e+01  3.200000e+01
     vertex -4.523036e+00 -1.607582e+01  3.200000e+01
     vertex  1.247993e+00 -1.665330e+01  3.200000e+01
   endloop
 endfacet
 facet normal  0.000000e+00  0.000000e+00  1.000000e+00
   outer loop
     vertex -1.651347e+01  2.489006e+00  3.200000e+01
     vertex -1.661701e+01  1.662783e+00  3.200000e+01
     vertex -1.667924e+01  8.324263e-01  3.200000e+01
   endloop
 endfacet
 facet normal  0.000000e+00  0.000000e+00  1.000000e+00
   outer loop
     vertex -1.618359e+01  4.120849e+00  3.200000e+01
     vertex -1.636888e+01  3.309041e+00  3.200000e+01
     vertex -1.651347e+01  2.489006e+00  3.200000e+01
   endloop
 endfacet
 facet normal  0.000000e+00  0.000000e+00  1.000000e+00
   outer loop
     vertex  4.523036e+00 -1.607582e+01  3.200000e+01
     vertex  2.899925e+00 -1.644629e+01  3.200000e+01
     vertex  3.716100e+00 -1.628130e+01  3.200000e+01
   endloop
 endfacet
 facet normal  0.000000e+00  0.000000e+00  1.000000e+00
   outer loop
     vertex -1.595807e+01  4.922411e+00  3.200000e+01
     vertex -1.651347e+01  2.489006e+00  3.200000e+01
     vertex -1.667924e+01  8.324263e-01  3.200000e+01
   endloop
 endfacet
 facet normal  0.000000e+00  0.000000e+00  1.000000e+00
   outer loop
     vertex -1.595807e+01  4.922411e+00  3.200000e+01
     vertex -1.618359e+01  4.120849e+00  3.200000e+01
     vertex -1.651347e+01  2.489006e+00  3.200000e+01
   endloop
 endfacet
 facet normal  0.000000e+00  0.000000e+00  1.000000e+00
   outer loop
     vertex -1.595807e+01  4.922411e+00  3.200000e+01
     vertex -1.379819e+01 -9.407445e+00  3.200000e+01
     vertex -1.224197e+01 -1.135888e+01  3.200000e+01
   endloop
 endfacet
 facet normal  0.000000e+00  0.000000e+00  1.000000e+00
   outer loop
     vertex -1.595807e+01  4.922411e+00  3.200000e+01
     vertex -1.166055e+01 -1.195498e+01  3.200000e+01
     vertex -8.350000e+00 -1.446262e+01  3.200000e+01
   endloop
 endfacet
 facet normal  0.000000e+00  0.000000e+00  1.000000e+00
   outer loop
     vertex -1.595807e+01  4.922411e+00  3.200000e+01
     vertex -1.670000e+01 -5.728516e-14  3.200000e+01
     vertex -1.424996e+01 -8.707968e+00  3.200000e+01
   endloop
 endfacet
 facet normal  0.000000e+00  0.000000e+00  1.000000e+00
   outer loop
     vertex -1.595807e+01  4.922411e+00  3.200000e+01
     vertex -1.667924e+01  8.324263e-01  3.200000e+01
     vertex -1.670000e+01 -5.728516e-14  3.200000e+01
   endloop
 endfacet
 facet normal  0.000000e+00  0.000000e+00  1.000000e+00
   outer loop
     vertex -1.595807e+01  4.922411e+00  3.200000e+01
     vertex -1.424996e+01 -8.707968e+00  3.200000e+01
     vertex -1.379819e+01 -9.407445e+00  3.200000e+01
   endloop
 endfacet
 facet normal  0.000000e+00  0.000000e+00  1.000000e+00
   outer loop
     vertex -1.595807e+01  4.922411e+00  3.200000e+01
     vertex -1.224197e+01 -1.135888e+01  3.200000e+01
     vertex -1.166055e+01 -1.195498e+01  3.200000e+01
   endloop
 endfacet
 facet normal  0.000000e+00  0.000000e+00  1.000000e+00
   outer loop
     vertex -1.504618e+01  7.245858e+00  3.200000e+01
     vertex -1.538865e+01  6.486861e+00  3.200000e+01
     vertex -1.569287e+01  5.711736e+00  3.200000e+01
   endloop
 endfacet
 facet normal  0.000000e+00  0.000000e+00  1.000000e+00
   outer loop
     vertex -1.504618e+01  7.245858e+00  3.200000e+01
     vertex -1.569287e+01  5.711736e+00  3.200000e+01
     vertex -1.595807e+01  4.922411e+00  3.200000e+01
   endloop
 endfacet
 facet normal  0.000000e+00  0.000000e+00  1.000000e+00
   outer loop
     vertex  7.618718e+00 -1.486086e+01  3.200000e+01
     vertex  4.523036e+00 -1.607582e+01  3.200000e+01
     vertex  5.318727e+00 -1.583039e+01  3.200000e+01
   endloop
 endfacet
 facet normal  0.000000e+00  0.000000e+00  1.000000e+00
   outer loop
     vertex  7.618718e+00 -1.486086e+01  3.200000e+01
     vertex  5.318727e+00 -1.583039e+01  3.200000e+01
     vertex  6.101195e+00 -1.554559e+01  3.200000e+01
   endloop
 endfacet
 facet normal  0.000000e+00  0.000000e+00  1.000000e+00
   outer loop
     vertex  7.618718e+00 -1.486086e+01  3.200000e+01
     vertex  6.101195e+00 -1.554559e+01  3.200000e+01
     vertex  6.868495e+00 -1.522215e+01  3.200000e+01
   endloop
 endfacet
 facet normal  0.000000e+00  0.000000e+00  1.000000e+00
   outer loop
     vertex  9.060523e+00 -1.402843e+01  3.200000e+01
     vertex  7.618718e+00 -1.486086e+01  3.200000e+01
     vertex  8.350000e+00 -1.446262e+01  3.200000e+01
   endloop
 endfacet
 facet normal  0.000000e+00  0.000000e+00  1.000000e+00
   outer loop
     vertex  9.060523e+00 -1.402843e+01  3.200000e+01
     vertex  2.899925e+00 -1.644629e+01  3.200000e+01
     vertex  4.523036e+00 -1.607582e+01  3.200000e+01
   endloop
 endfacet
 facet normal  0.000000e+00  0.000000e+00  1.000000e+00
   outer loop
     vertex  9.060523e+00 -1.402843e+01  3.200000e+01
     vertex  4.523036e+00 -1.607582e+01  3.200000e+01
     vertex  7.618718e+00 -1.486086e+01  3.200000e+01
   endloop
 endfacet
 facet normal  0.000000e+00  0.000000e+00  1.000000e+00
   outer loop
     vertex -1.331211e+01  1.008353e+01  3.200000e+01
     vertex -1.379819e+01  9.407445e+00  3.200000e+01
     vertex -1.424996e+01  8.707968e+00  3.200000e+01
   endloop
 endfacet
 facet normal  0.000000e+00  0.000000e+00  1.000000e+00
   outer loop
     vertex -1.331211e+01  1.008353e+01  3.200000e+01
     vertex -1.424996e+01  8.707968e+00  3.200000e+01
     vertex -1.466630e+01  7.986841e+00  3.200000e+01
   endloop
 endfacet
 facet normal  0.000000e+00  0.000000e+00  1.000000e+00
   outer loop
     vertex  1.041228e+01 -1.305659e+01  3.200000e+01
     vertex  9.060523e+00 -1.402843e+01  3.200000e+01
     vertex  9.748519e+00 -1.355936e+01  3.200000e+01
   endloop
 endfacet
 facet normal  0.000000e+00  0.000000e+00  1.000000e+00
   outer loop
     vertex -1.279294e+01  1.073455e+01  3.200000e+01
     vertex -1.331211e+01  1.008353e+01  3.200000e+01
     vertex -1.466630e+01  7.986841e+00  3.200000e+01
   endloop
 endfacet
 facet normal  0.000000e+00  0.000000e+00  1.000000e+00
   outer loop
     vertex -1.224197e+01  1.135888e+01  3.200000e+01
     vertex -4.523036e+00 -1.607582e+01  3.200000e+01
     vertex  2.076540e+00 -1.657039e+01  3.200000e+01
   endloop
 endfacet
 facet normal  0.000000e+00  0.000000e+00  1.000000e+00
   outer loop
     vertex -1.224197e+01  1.135888e+01  3.200000e+01
     vertex -1.504618e+01  7.245858e+00  3.200000e+01
     vertex -1.595807e+01  4.922411e+00  3.200000e+01
   endloop
 endfacet
 facet normal  0.000000e+00  0.000000e+00  1.000000e+00
   outer loop
     vertex -1.224197e+01  1.135888e+01  3.200000e+01
     vertex -1.279294e+01  1.073455e+01  3.200000e+01
     vertex -1.466630e+01  7.986841e+00  3.200000e+01
   endloop
 endfacet
 facet normal  0.000000e+00  0.000000e+00  1.000000e+00
   outer loop
     vertex -1.224197e+01  1.135888e+01  3.200000e+01
     vertex -8.350000e+00 -1.446262e+01  3.200000e+01
     vertex -4.523036e+00 -1.607582e+01  3.200000e+01
   endloop
 endfacet
 facet normal  0.000000e+00  0.000000e+00  1.000000e+00
   outer loop
     vertex -1.224197e+01  1.135888e+01  3.200000e+01
     vertex -1.466630e+01  7.986841e+00  3.200000e+01
     vertex -1.504618e+01  7.245858e+00  3.200000e+01
   endloop
 endfacet
 facet normal  0.000000e+00  0.000000e+00  1.000000e+00
   outer loop
     vertex -1.224197e+01  1.135888e+01  3.200000e+01
     vertex -1.595807e+01  4.922411e+00  3.200000e+01
     vertex -8.350000e+00 -1.446262e+01  3.200000e+01
   endloop
 endfacet
 facet normal  0.000000e+00  0.000000e+00  1.000000e+00
   outer loop
     vertex -1.166055e+01  1.195498e+01  3.200000e+01
     vertex  1.041228e+01 -1.305659e+01  3.200000e+01
     vertex  1.105015e+01 -1.252135e+01  3.200000e+01
   endloop
 endfacet
 facet normal  0.000000e+00  0.000000e+00  1.000000e+00
   outer loop
     vertex -1.166055e+01  1.195498e+01  3.200000e+01
     vertex  2.899925e+00 -1.644629e+01  3.200000e+01
     vertex  9.060523e+00 -1.402843e+01  3.200000e+01
   endloop
 endfacet
 facet normal  0.000000e+00  0.000000e+00  1.000000e+00
   outer loop
     vertex -1.166055e+01  1.195498e+01  3.200000e+01
     vertex -1.224197e+01  1.135888e+01  3.200000e+01
     vertex  2.076540e+00 -1.657039e+01  3.200000e+01
   endloop
 endfacet
 facet normal  0.000000e+00  0.000000e+00  1.000000e+00
   outer loop
     vertex -1.166055e+01  1.195498e+01  3.200000e+01
     vertex  9.060523e+00 -1.402843e+01  3.200000e+01
     vertex  1.041228e+01 -1.305659e+01  3.200000e+01
   endloop
 endfacet
 facet normal  0.000000e+00  0.000000e+00  1.000000e+00
   outer loop
     vertex -1.166055e+01  1.195498e+01  3.200000e+01
     vertex  2.076540e+00 -1.657039e+01  3.200000e+01
     vertex  2.899925e+00 -1.644629e+01  3.200000e+01
   endloop
 endfacet
 facet normal  0.000000e+00  0.000000e+00  1.000000e+00
   outer loop
     vertex  1.224197e+01 -1.135888e+01  3.200000e+01
     vertex  1.105015e+01 -1.252135e+01  3.200000e+01
     vertex  1.166055e+01 -1.195498e+01  3.200000e+01
   endloop
 endfacet
 facet normal  0.000000e+00  0.000000e+00  1.000000e+00
   outer loop
     vertex  1.331211e+01 -1.008353e+01  3.200000e+01
     vertex  1.224197e+01 -1.135888e+01  3.200000e+01
     vertex  1.279294e+01 -1.073455e+01  3.200000e+01
   endloop
 endfacet
 facet normal  0.000000e+00  0.000000e+00  1.000000e+00
   outer loop
     vertex -9.748519e+00  1.355936e+01  3.200000e+01
     vertex -1.041228e+01  1.305659e+01  3.200000e+01
     vertex -1.105015e+01  1.252135e+01  3.200000e+01
   endloop
 endfacet
 facet normal  0.000000e+00  0.000000e+00  1.000000e+00
   outer loop
     vertex -9.748519e+00  1.355936e+01  3.200000e+01
     vertex -1.105015e+01  1.252135e+01  3.200000e+01
     vertex -1.166055e+01  1.195498e+01  3.200000e+01
   endloop
 endfacet
 facet normal  0.000000e+00  0.000000e+00  1.000000e+00
   outer loop
     vertex -9.748519e+00  1.355936e+01  3.200000e+01
     vertex -1.166055e+01  1.195498e+01  3.200000e+01
     vertex  1.105015e+01 -1.252135e+01  3.200000e+01
   endloop
 endfacet
 facet normal  0.000000e+00  0.000000e+00  1.000000e+00
   outer loop
     vertex  1.424996e+01 -8.707968e+00  3.200000e+01
     vertex  1.331211e+01 -1.008353e+01  3.200000e+01
     vertex  1.379819e+01 -9.407445e+00  3.200000e+01
   endloop
 endfacet
 facet normal  0.000000e+00  0.000000e+00  1.000000e+00
   outer loop
     vertex  1.424996e+01 -8.707968e+00  3.200000e+01
     vertex  1.224197e+01 -1.135888e+01  3.200000e+01
     vertex  1.331211e+01 -1.008353e+01  3.200000e+01
   endloop
 endfacet
 facet normal  0.000000e+00  0.000000e+00  1.000000e+00
   outer loop
     vertex -8.350000e+00  1.446262e+01  3.200000e+01
     vertex -9.060523e+00  1.402843e+01  3.200000e+01
     vertex -9.748519e+00  1.355936e+01  3.200000e+01
   endloop
 endfacet
 facet normal  0.000000e+00  0.000000e+00  1.000000e+00
   outer loop
     vertex -7.618718e+00  1.486086e+01  3.200000e+01
     vertex  1.105015e+01 -1.252135e+01  3.200000e+01
     vertex  1.224197e+01 -1.135888e+01  3.200000e+01
   endloop
 endfacet
 facet normal  0.000000e+00  0.000000e+00  1.000000e+00
   outer loop
     vertex -7.618718e+00  1.486086e+01  3.200000e+01
     vertex -9.748519e+00  1.355936e+01  3.200000e+01
     vertex  1.105015e+01 -1.252135e+01  3.200000e+01
   endloop
 endfacet
 facet normal  0.000000e+00  0.000000e+00  1.000000e+00
   outer loop
     vertex -7.618718e+00  1.486086e+01  3.200000e+01
     vertex -8.350000e+00  1.446262e+01  3.200000e+01
     vertex -9.748519e+00  1.355936e+01  3.200000e+01
   endloop
 endfacet
 facet normal  0.000000e+00  0.000000e+00  1.000000e+00
   outer loop
     vertex  1.569287e+01 -5.711736e+00  3.200000e+01
     vertex  1.424996e+01 -8.707968e+00  3.200000e+01
     vertex  1.466630e+01 -7.986841e+00  3.200000e+01
   endloop
 endfacet
 facet normal  0.000000e+00  0.000000e+00  1.000000e+00
   outer loop
     vertex  1.569287e+01 -5.711736e+00  3.200000e+01
     vertex  1.466630e+01 -7.986841e+00  3.200000e+01
     vertex  1.504618e+01 -7.245858e+00  3.200000e+01
   endloop
 endfacet
 facet normal  0.000000e+00  0.000000e+00  1.000000e+00
   outer loop
     vertex  1.569287e+01 -5.711736e+00  3.200000e+01
     vertex  1.504618e+01 -7.245858e+00  3.200000e+01
     vertex  1.538865e+01 -6.486861e+00  3.200000e+01
   endloop
 endfacet
 facet normal  0.000000e+00  0.000000e+00  1.000000e+00
   outer loop
     vertex  1.569287e+01 -5.711736e+00  3.200000e+01
     vertex  1.224197e+01 -1.135888e+01  3.200000e+01
     vertex  1.424996e+01 -8.707968e+00  3.200000e+01
   endloop
 endfacet
 facet normal  0.000000e+00  0.000000e+00  1.000000e+00
   outer loop
     vertex -4.523036e+00  1.607582e+01  3.200000e+01
     vertex -5.318727e+00  1.583039e+01  3.200000e+01
     vertex -6.101195e+00  1.554559e+01  3.200000e+01
   endloop
 endfacet
 facet normal  0.000000e+00  0.000000e+00  1.000000e+00
   outer loop
     vertex -4.523036e+00  1.607582e+01  3.200000e+01
     vertex -6.101195e+00  1.554559e+01  3.200000e+01
     vertex -6.868495e+00  1.522215e+01  3.200000e+01
   endloop
 endfacet
 facet normal  0.000000e+00  0.000000e+00  1.000000e+00
   outer loop
     vertex -2.899925e+00  1.644629e+01  3.200000e+01
     vertex -3.716100e+00  1.628130e+01  3.200000e+01
     vertex -4.523036e+00  1.607582e+01  3.200000e+01
   endloop
 endfacet
 facet normal  0.000000e+00  0.000000e+00  1.000000e+00
   outer loop
     vertex -2.899925e+00  1.644629e+01  3.200000e+01
     vertex -4.523036e+00  1.607582e+01  3.200000e+01
     vertex -6.868495e+00  1.522215e+01  3.200000e+01
   endloop
 endfacet
 facet normal  0.000000e+00  0.000000e+00  1.000000e+00
   outer loop
     vertex  1.651347e+01 -2.489006e+00  3.200000e+01
     vertex  1.569287e+01 -5.711736e+00  3.200000e+01
     vertex  1.595807e+01 -4.922411e+00  3.200000e+01
   endloop
 endfacet
 facet normal  0.000000e+00  0.000000e+00  1.000000e+00
   outer loop
     vertex  1.651347e+01 -2.489006e+00  3.200000e+01
     vertex  1.595807e+01 -4.922411e+00  3.200000e+01
     vertex  1.618359e+01 -4.120849e+00  3.200000e+01
   endloop
 endfacet
 facet normal  0.000000e+00  0.000000e+00  1.000000e+00
   outer loop
     vertex  1.651347e+01 -2.489006e+00  3.200000e+01
     vertex  1.618359e+01 -4.120849e+00  3.200000e+01
     vertex  1.636888e+01 -3.309041e+00  3.200000e+01
   endloop
 endfacet
 facet normal  0.000000e+00  0.000000e+00  1.000000e+00
   outer loop
     vertex  1.661701e+01 -1.662783e+00  3.200000e+01
     vertex  1.569287e+01 -5.711736e+00  3.200000e+01
     vertex  1.651347e+01 -2.489006e+00  3.200000e+01
   endloop
 endfacet
 facet normal  0.000000e+00  0.000000e+00  1.000000e+00
   outer loop
     vertex  1.667924e+01 -8.324263e-01  3.200000e+01
     vertex  1.569287e+01 -5.711736e+00  3.200000e+01
     vertex  1.661701e+01 -1.662783e+00  3.200000e+01
   endloop
 endfacet
 facet normal  0.000000e+00  0.000000e+00  1.000000e+00
   outer loop
     vertex  1.667924e+01 -8.324263e-01  3.200000e+01
     vertex  1.224197e+01 -1.135888e+01  3.200000e+01
     vertex  1.569287e+01 -5.711736e+00  3.200000e+01
   endloop
 endfacet
 facet normal  0.000000e+00  0.000000e+00  1.000000e+00
   outer loop
     vertex -4.163426e-01  1.669481e+01  3.200000e+01
     vertex -1.247993e+00  1.665330e+01  3.200000e+01
     vertex -2.076540e+00  1.657039e+01  3.200000e+01
   endloop
 endfacet
 facet normal  0.000000e+00  0.000000e+00  1.000000e+00
   outer loop
     vertex -4.163426e-01  1.669481e+01  3.200000e+01
     vertex -2.076540e+00  1.657039e+01  3.200000e+01
     vertex -2.899925e+00  1.644629e+01  3.200000e+01
   endloop
 endfacet
 facet normal  0.000000e+00  0.000000e+00  1.000000e+00
   outer loop
     vertex -4.163426e-01  1.669481e+01  3.200000e+01
     vertex -6.868495e+00  1.522215e+01  3.200000e+01
     vertex -7.618718e+00  1.486086e+01  3.200000e+01
   endloop
 endfacet
 facet normal  0.000000e+00  0.000000e+00  1.000000e+00
   outer loop
     vertex -4.163426e-01  1.669481e+01  3.200000e+01
     vertex -2.899925e+00  1.644629e+01  3.200000e+01
     vertex -6.868495e+00  1.522215e+01  3.200000e+01
   endloop
 endfacet
 facet normal  0.000000e+00  0.000000e+00  1.000000e+00
   outer loop
     vertex  4.163426e-01  1.669481e+01  3.200000e+01
     vertex -4.163426e-01  1.669481e+01  3.200000e+01
     vertex -7.618718e+00  1.486086e+01  3.200000e+01
   endloop
 endfacet
 facet normal  0.000000e+00  0.000000e+00  1.000000e+00
   outer loop
     vertex  4.163426e-01  1.669481e+01  3.200000e+01
     vertex -7.618718e+00  1.486086e+01  3.200000e+01
     vertex  1.224197e+01 -1.135888e+01  3.200000e+01
   endloop
 endfacet
 facet normal  0.000000e+00  0.000000e+00  1.000000e+00
   outer loop
     vertex  1.667924e+01  8.324263e-01  3.200000e+01
     vertex  1.667924e+01 -8.324263e-01  3.200000e+01
     vertex  1.670000e+01  0.000000e+00  3.200000e+01
   endloop
 endfacet
 facet normal  0.000000e+00  0.000000e+00  1.000000e+00
   outer loop
     vertex  1.661701e+01  1.662783e+00  3.200000e+01
     vertex  1.667924e+01 -8.324263e-01  3.200000e+01
     vertex  1.667924e+01  8.324263e-01  3.200000e+01
   endloop
 endfacet
 facet normal  0.000000e+00  0.000000e+00  1.000000e+00
   outer loop
     vertex  2.899925e+00  1.644629e+01  3.200000e+01
     vertex  2.076540e+00  1.657039e+01  3.200000e+01
     vertex  1.247993e+00  1.665330e+01  3.200000e+01
   endloop
 endfacet
 facet normal  0.000000e+00  0.000000e+00  1.000000e+00
   outer loop
     vertex  2.899925e+00  1.644629e+01  3.200000e+01
     vertex  1.247993e+00  1.665330e+01  3.200000e+01
     vertex  4.163426e-01  1.669481e+01  3.200000e+01
   endloop
 endfacet
 facet normal  0.000000e+00  0.000000e+00  1.000000e+00
   outer loop
     vertex  1.636888e+01  3.309041e+00  3.200000e+01
     vertex  1.661701e+01  1.662783e+00  3.200000e+01
     vertex  1.651347e+01  2.489006e+00  3.200000e+01
   endloop
 endfacet
 facet normal  0.000000e+00  0.000000e+00  1.000000e+00
   outer loop
     vertex  1.636888e+01  3.309041e+00  3.200000e+01
     vertex  1.667924e+01 -8.324263e-01  3.200000e+01
     vertex  1.661701e+01  1.662783e+00  3.200000e+01
   endloop
 endfacet
 facet normal  0.000000e+00  0.000000e+00  1.000000e+00
   outer loop
     vertex  3.716100e+00  1.628130e+01  3.200000e+01
     vertex  2.899925e+00  1.644629e+01  3.200000e+01
     vertex  4.163426e-01  1.669481e+01  3.200000e+01
   endloop
 endfacet
 facet normal  0.000000e+00  0.000000e+00  1.000000e+00
   outer loop
     vertex  4.523036e+00  1.607582e+01  3.200000e+01
     vertex  3.716100e+00  1.628130e+01  3.200000e+01
     vertex  4.163426e-01  1.669481e+01  3.200000e+01
   endloop
 endfacet
 facet normal  0.000000e+00  0.000000e+00  1.000000e+00
   outer loop
     vertex  1.569287e+01  5.711736e+00  3.200000e+01
     vertex  1.618359e+01  4.120849e+00  3.200000e+01
     vertex  1.595807e+01  4.922411e+00  3.200000e+01
   endloop
 endfacet
 facet normal  0.000000e+00  0.000000e+00  1.000000e+00
   outer loop
     vertex  6.101195e+00  1.554559e+01  3.200000e+01
     vertex  5.318727e+00  1.583039e+01  3.200000e+01
     vertex  4.523036e+00  1.607582e+01  3.200000e+01
   endloop
 endfacet
 facet normal  0.000000e+00  0.000000e+00  1.000000e+00
   outer loop
     vertex  6.101195e+00  1.554559e+01  3.200000e+01
     vertex  4.523036e+00  1.607582e+01  3.200000e+01
     vertex  4.163426e-01  1.669481e+01  3.200000e+01
   endloop
 endfacet
 facet normal  0.000000e+00  0.000000e+00  1.000000e+00
   outer loop
     vertex  1.538865e+01  6.486861e+00  3.200000e+01
     vertex  1.618359e+01  4.120849e+00  3.200000e+01
     vertex  1.569287e+01  5.711736e+00  3.200000e+01
   endloop
 endfacet
 facet normal  0.000000e+00  0.000000e+00  1.000000e+00
   outer loop
     vertex  6.868495e+00  1.522215e+01  3.200000e+01
     vertex  4.163426e-01  1.669481e+01  3.200000e+01
     vertex  1.224197e+01 -1.135888e+01  3.200000e+01
   endloop
 endfacet
 facet normal  0.000000e+00  0.000000e+00  1.000000e+00
   outer loop
     vertex  6.868495e+00  1.522215e+01  3.200000e+01
     vertex  1.224197e+01 -1.135888e+01  3.200000e+01
     vertex  1.667924e+01 -8.324263e-01  3.200000e+01
   endloop
 endfacet
 facet normal  0.000000e+00  0.000000e+00  1.000000e+00
   outer loop
     vertex  6.868495e+00  1.522215e+01  3.200000e+01
     vertex  6.101195e+00  1.554559e+01  3.200000e+01
     vertex  4.163426e-01  1.669481e+01  3.200000e+01
   endloop
 endfacet
 facet normal  0.000000e+00  0.000000e+00  1.000000e+00
   outer loop
     vertex  6.868495e+00  1.522215e+01  3.200000e+01
     vertex  1.667924e+01 -8.324263e-01  3.200000e+01
     vertex  1.636888e+01  3.309041e+00  3.200000e+01
   endloop
 endfacet
 facet normal  0.000000e+00  0.000000e+00  1.000000e+00
   outer loop
     vertex  1.504618e+01  7.245858e+00  3.200000e+01
     vertex  1.636888e+01  3.309041e+00  3.200000e+01
     vertex  1.618359e+01  4.120849e+00  3.200000e+01
   endloop
 endfacet
 facet normal  0.000000e+00  0.000000e+00  1.000000e+00
   outer loop
     vertex  1.504618e+01  7.245858e+00  3.200000e+01
     vertex  1.618359e+01  4.120849e+00  3.200000e+01
     vertex  1.538865e+01  6.486861e+00  3.200000e+01
   endloop
 endfacet
 facet normal  0.000000e+00  0.000000e+00  1.000000e+00
   outer loop
     vertex  1.466630e+01  7.986841e+00  3.200000e+01
     vertex  1.636888e+01  3.309041e+00  3.200000e+01
     vertex  1.504618e+01  7.245858e+00  3.200000e+01
   endloop
 endfacet
 facet normal  0.000000e+00  0.000000e+00  1.000000e+00
   outer loop
     vertex  1.379819e+01  9.407445e+00  3.200000e+01
     vertex  1.466630e+01  7.986841e+00  3.200000e+01
     vertex  1.424996e+01  8.707968e+00  3.200000e+01
   endloop
 endfacet
 facet normal  0.000000e+00  0.000000e+00  1.000000e+00
   outer loop
     vertex  1.379819e+01  9.407445e+00  3.200000e+01
     vertex  1.636888e+01  3.309041e+00  3.200000e+01
     vertex  1.466630e+01  7.986841e+00  3.200000e+01
   endloop
 endfacet
 facet normal  0.000000e+00  0.000000e+00  1.000000e+00
   outer loop
     vertex  9.748519e+00  1.355936e+01  3.200000e+01
     vertex  9.060523e+00  1.402843e+01  3.200000e+01
     vertex  8.350000e+00  1.446262e+01  3.200000e+01
   endloop
 endfacet
 facet normal  0.000000e+00  0.000000e+00  1.000000e+00
   outer loop
     vertex  9.748519e+00  1.355936e+01  3.200000e+01
     vertex  8.350000e+00  1.446262e+01  3.200000e+01
     vertex  7.618718e+00  1.486086e+01  3.200000e+01
   endloop
 endfacet
 facet normal  0.000000e+00  0.000000e+00  1.000000e+00
   outer loop
     vertex  9.748519e+00  1.355936e+01  3.200000e+01
     vertex  7.618718e+00  1.486086e+01  3.200000e+01
     vertex  6.868495e+00  1.522215e+01  3.200000e+01
   endloop
 endfacet
 facet normal  0.000000e+00  0.000000e+00  1.000000e+00
   outer loop
     vertex  9.748519e+00  1.355936e+01  3.200000e+01
     vertex  6.868495e+00  1.522215e+01  3.200000e+01
     vertex  1.636888e+01  3.309041e+00  3.200000e+01
   endloop
 endfacet
 facet normal  0.000000e+00  0.000000e+00  1.000000e+00
   outer loop
     vertex  9.748519e+00  1.355936e+01  3.200000e+01
     vertex  1.636888e+01  3.309041e+00  3.200000e+01
     vertex  1.379819e+01  9.407445e+00  3.200000e+01
   endloop
 endfacet
 facet normal  0.000000e+00  0.000000e+00  1.000000e+00
   outer loop
     vertex  1.041228e+01  1.305659e+01  3.200000e+01
     vertex  9.748519e+00  1.355936e+01  3.200000e+01
     vertex  1.379819e+01  9.407445e+00  3.200000e+01
   endloop
 endfacet
 facet normal  0.000000e+00  0.000000e+00  1.000000e+00
   outer loop
     vertex  1.279294e+01  1.073455e+01  3.200000e+01
     vertex  1.379819e+01  9.407445e+00  3.200000e+01
     vertex  1.331211e+01  1.008353e+01  3.200000e+01
   endloop
 endfacet
 facet normal  0.000000e+00  0.000000e+00  1.000000e+00
   outer loop
     vertex  1.166055e+01  1.195498e+01  3.200000e+01
     vertex  1.279294e+01  1.073455e+01  3.200000e+01
     vertex  1.224197e+01  1.135888e+01  3.200000e+01
   endloop
 endfacet
 facet normal  0.000000e+00  0.000000e+00  1.000000e+00
   outer loop
     vertex  1.166055e+01  1.195498e+01  3.200000e+01
     vertex  1.105015e+01  1.252135e+01  3.200000e+01
     vertex  1.041228e+01  1.305659e+01  3.200000e+01
   endloop
 endfacet
 facet normal  0.000000e+00  0.000000e+00  1.000000e+00
   outer loop
     vertex  1.166055e+01  1.195498e+01  3.200000e+01
     vertex  1.041228e+01  1.305659e+01  3.200000e+01
     vertex  1.379819e+01  9.407445e+00  3.200000e+01
   endloop
 endfacet
 facet normal  0.000000e+00  0.000000e+00  1.000000e+00
   outer loop
     vertex  1.166055e+01  1.195498e+01  3.200000e+01
     vertex  1.379819e+01  9.407445e+00  3.200000e+01
     vertex  1.279294e+01  1.073455e+01  3.200000e+01
   endloop
 endfacet
endsolid
