solid 
 facet normal  9.960527e-01  2.484000e-02  8.521784e-02
   outer loop
     vertex  2.071500e+01  0.000000e+00  4.500000e+00
     vertex  2.110000e+01  0.000000e+00  0.000000e+00
     vertex  2.107377e+01  1.051748e+00  0.000000e+00
   endloop
 endfacet
 facet normal  9.960527e-01  2.484000e-02  8.521784e-02
   outer loop
     vertex  1.722856e+01  8.598415e-01  4.500000e+01
     vertex  1.725000e+01  0.000000e+00  4.500000e+01
     vertex  1.763500e+01  0.000000e+00  4.050000e+01
   endloop
 endfacet
 facet normal  9.960527e-01 -2.484000e-02  8.521784e-02
   outer loop
     vertex  2.071500e+01  0.000000e+00  4.500000e+00
     vertex  2.107377e+01 -1.051748e+00  0.000000e+00
     vertex  2.110000e+01  0.000000e+00  0.000000e+00
   endloop
 endfacet
 facet normal  9.960527e-01 -2.484000e-02  8.521784e-02
   outer loop
     vertex  1.725000e+01  0.000000e+00  4.500000e+01
     vertex  1.722856e+01 -8.598415e-01  4.500000e+01
     vertex  1.763500e+01  0.000000e+00  4.050000e+01
   endloop
 endfacet
 facet normal  9.936454e-01  7.446342e-02  8.440448e-02
   outer loop
     vertex  2.062917e+01  1.883716e+00  4.500000e+00
     vertex  2.107377e+01  1.051748e+00  0.000000e+00
     vertex  2.099515e+01  2.100882e+00  0.000000e+00
   endloop
 endfacet
 facet normal  9.885311e-01  1.238790e-01  8.637329e-02
   outer loop
     vertex  2.062917e+01  1.883716e+00  4.500000e+00
     vertex  2.099515e+01  2.100882e+00  0.000000e+00
     vertex  2.086433e+01  3.144792e+00  0.000000e+00
   endloop
 endfacet
 facet normal  9.953350e-01  4.534927e-02  8.515644e-02
   outer loop
     vertex  2.062917e+01  1.883716e+00  4.500000e+00
     vertex  2.033000e+01  0.000000e+00  9.000000e+00
     vertex  2.071500e+01  0.000000e+00  4.500000e+00
   endloop
 endfacet
 facet normal  9.949172e-01  4.533023e-02  8.991633e-02
   outer loop
     vertex  2.062917e+01  1.883716e+00  4.500000e+00
     vertex  2.071500e+01  0.000000e+00  4.500000e+00
     vertex  2.107377e+01  1.051748e+00  0.000000e+00
   endloop
 endfacet
 facet normal  9.813327e-01  1.730354e-01  8.393348e-02
   outer loop
     vertex  2.037241e+01  3.751822e+00  4.500000e+00
     vertex  2.086433e+01  3.144792e+00  0.000000e+00
     vertex  2.068164e+01  4.180884e+00  0.000000e+00
   endloop
 endfacet
 facet normal  9.711568e-01  2.216602e-01  8.787044e-02
   outer loop
     vertex  2.037241e+01  3.751822e+00  4.500000e+00
     vertex  2.068164e+01  4.180884e+00  0.000000e+00
     vertex  2.044753e+01  5.206581e+00  0.000000e+00
   endloop
 endfacet
 facet normal  9.867041e-01  1.356194e-01  8.956793e-02
   outer loop
     vertex  2.037241e+01  3.751822e+00  4.500000e+00
     vertex  2.062917e+01  1.883716e+00  4.500000e+00
     vertex  2.086433e+01  3.144792e+00  0.000000e+00
   endloop
 endfacet
 facet normal  9.592379e-01  2.698877e-01  8.380502e-02
   outer loop
     vertex  1.994683e+01  5.588840e+00  4.500000e+00
     vertex  2.044753e+01  5.206581e+00  0.000000e+00
     vertex  2.016259e+01  6.219334e+00  0.000000e+00
   endloop
 endfacet
 facet normal  9.703443e-01  2.247974e-01  8.887105e-02
   outer loop
     vertex  1.994683e+01  5.588840e+00  4.500000e+00
     vertex  2.037241e+01  3.751822e+00  4.500000e+00
     vertex  2.044753e+01  5.206581e+00  0.000000e+00
   endloop
 endfacet
 facet normal  9.953350e-01  4.534927e-02  8.515644e-02
   outer loop
     vertex  2.024577e+01  1.848706e+00  9.000000e+00
     vertex  2.033000e+01  0.000000e+00  9.000000e+00
     vertex  2.062917e+01  1.883716e+00  4.500000e+00
   endloop
 endfacet
 facet normal  9.442946e-01  3.172661e-01  8.746415e-02
   outer loop
     vertex  1.935597e+01  7.379547e+00  4.500000e+00
     vertex  2.016259e+01  6.219334e+00  0.000000e+00
     vertex  1.982751e+01  7.216625e+00  0.000000e+00
   endloop
 endfacet
 facet normal  9.275823e-01  3.640492e-01  8.401912e-02
   outer loop
     vertex  1.935597e+01  7.379547e+00  4.500000e+00
     vertex  1.982751e+01  7.216625e+00  0.000000e+00
     vertex  1.944315e+01  8.195974e+00  0.000000e+00
   endloop
 endfacet
 facet normal  9.458646e-01  3.120983e-01  8.907795e-02
   outer loop
     vertex  1.935597e+01  7.379547e+00  4.500000e+00
     vertex  1.994683e+01  5.588840e+00  4.500000e+00
     vertex  2.016259e+01  6.219334e+00  0.000000e+00
   endloop
 endfacet
 facet normal  9.870874e-01  1.356720e-01  8.515644e-02
   outer loop
     vertex  1.999378e+01  3.682093e+00  9.000000e+00
     vertex  2.062917e+01  1.883716e+00  4.500000e+00
     vertex  2.037241e+01  3.751822e+00  4.500000e+00
   endloop
 endfacet
 facet normal  9.870874e-01  1.356720e-01  8.515644e-02
   outer loop
     vertex  1.999378e+01  3.682093e+00  9.000000e+00
     vertex  2.024577e+01  1.848706e+00  9.000000e+00
     vertex  2.062917e+01  1.883716e+00  4.500000e+00
   endloop
 endfacet
 facet normal  9.081247e-01  4.097615e-01  8.605238e-02
   outer loop
     vertex  1.860472e+01  9.109105e+00  4.500000e+00
     vertex  1.944315e+01  8.195974e+00  0.000000e+00
     vertex  1.901044e+01  9.154947e+00  0.000000e+00
   endloop
 endfacet
 facet normal  8.866834e-01  4.545761e-01  8.457573e-02
   outer loop
     vertex  1.860472e+01  9.109105e+00  4.500000e+00
     vertex  1.901044e+01  9.154947e+00  0.000000e+00
     vertex  1.853048e+01  1.009116e+01  0.000000e+00
   endloop
 endfacet
 facet normal  9.135149e-01  3.967955e-01  8.968769e-02
   outer loop
     vertex  1.860472e+01  9.109105e+00  4.500000e+00
     vertex  1.935597e+01  7.379547e+00  4.500000e+00
     vertex  1.944315e+01  8.195974e+00  0.000000e+00
   endloop
 endfacet
 facet normal  9.706604e-01  2.248706e-01  8.515644e-02
   outer loop
     vertex  1.957611e+01  5.484968e+00  9.000000e+00
     vertex  1.999378e+01  3.682093e+00  9.000000e+00
     vertex  2.037241e+01  3.751822e+00  4.500000e+00
   endloop
 endfacet
 facet normal  9.706604e-01  2.248706e-01  8.515644e-02
   outer loop
     vertex  1.957611e+01  5.484968e+00  9.000000e+00
     vertex  2.037241e+01  3.751822e+00  4.500000e+00
     vertex  1.994683e+01  5.588840e+00  4.500000e+00
   endloop
 endfacet
 facet normal  8.628925e-01  4.981912e-01  8.498241e-02
   outer loop
     vertex  1.769930e+01  1.076318e+01  4.500000e+00
     vertex  1.853048e+01  1.009116e+01  0.000000e+00
     vertex  1.800444e+01  1.100228e+01  0.000000e+00
   endloop
 endfacet
 facet normal  8.369517e-01  5.405607e-01  8.547464e-02
   outer loop
     vertex  1.769930e+01  1.076318e+01  4.500000e+00
     vertex  1.800444e+01  1.100228e+01  0.000000e+00
     vertex  1.743364e+01  1.188605e+01  0.000000e+00
   endloop
 endfacet
 facet normal  8.736268e-01  4.782106e-01  8.994899e-02
   outer loop
     vertex  1.769930e+01  1.076318e+01  4.500000e+00
     vertex  1.860472e+01  9.109105e+00  4.500000e+00
     vertex  1.853048e+01  1.009116e+01  0.000000e+00
   endloop
 endfacet
 facet normal  9.953350e-01  4.534927e-02  8.515644e-02
   outer loop
     vertex  1.986236e+01  1.813696e+00  1.350000e+01
     vertex  1.994500e+01  0.000000e+00  1.350000e+01
     vertex  2.033000e+01  0.000000e+00  9.000000e+00
   endloop
 endfacet
 facet normal  9.953350e-01  4.534927e-02  8.515644e-02
   outer loop
     vertex  1.986236e+01  1.813696e+00  1.350000e+01
     vertex  2.033000e+01  0.000000e+00  9.000000e+00
     vertex  2.024577e+01  1.848706e+00  9.000000e+00
   endloop
 endfacet
 facet normal  9.461902e-01  3.122058e-01  8.515644e-02
   outer loop
     vertex  1.899623e+01  7.242394e+00  9.000000e+00
     vertex  1.994683e+01  5.588840e+00  4.500000e+00
     vertex  1.935597e+01  7.379547e+00  4.500000e+00
   endloop
 endfacet
 facet normal  9.461902e-01  3.122058e-01  8.515644e-02
   outer loop
     vertex  1.899623e+01  7.242394e+00  9.000000e+00
     vertex  1.957611e+01  5.484968e+00  9.000000e+00
     vertex  1.994683e+01  5.588840e+00  4.500000e+00
   endloop
 endfacet
 facet normal  9.138796e-01  3.969539e-01  8.515644e-02
   outer loop
     vertex  1.899623e+01  7.242394e+00  9.000000e+00
     vertex  1.935597e+01  7.379547e+00  4.500000e+00
     vertex  1.860472e+01  9.109105e+00  4.500000e+00
   endloop
 endfacet
 facet normal  8.090510e-01  5.816680e-01  8.425462e-02
   outer loop
     vertex  1.664722e+01  1.232807e+01  4.500000e+00
     vertex  1.743364e+01  1.188605e+01  0.000000e+00
     vertex  1.681950e+01  1.274027e+01  0.000000e+00
   endloop
 endfacet
 facet normal  7.788864e-01  6.211412e-01  8.671556e-02
   outer loop
     vertex  1.664722e+01  1.232807e+01  4.500000e+00
     vertex  1.681950e+01  1.274027e+01  0.000000e+00
     vertex  1.616354e+01  1.356282e+01  0.000000e+00
   endloop
 endfacet
 facet normal  8.265278e-01  5.556768e-01  8.986189e-02
   outer loop
     vertex  1.664722e+01  1.232807e+01  4.500000e+00
     vertex  1.769930e+01  1.076318e+01  4.500000e+00
     vertex  1.743364e+01  1.188605e+01  0.000000e+00
   endloop
 endfacet
 facet normal  9.870874e-01  1.356720e-01  8.515644e-02
   outer loop
     vertex  1.961514e+01  3.612363e+00  1.350000e+01
     vertex  2.024577e+01  1.848706e+00  9.000000e+00
     vertex  1.999378e+01  3.682093e+00  9.000000e+00
   endloop
 endfacet
 facet normal  9.870874e-01  1.356720e-01  8.515644e-02
   outer loop
     vertex  1.961514e+01  3.612363e+00  1.350000e+01
     vertex  1.986236e+01  1.813696e+00  1.350000e+01
     vertex  2.024577e+01  1.848706e+00  9.000000e+00
   endloop
 endfacet
 facet normal  9.138796e-01  3.969539e-01  8.515644e-02
   outer loop
     vertex  1.825894e+01  8.939807e+00  9.000000e+00
     vertex  1.899623e+01  7.242394e+00  9.000000e+00
     vertex  1.860472e+01  9.109105e+00  4.500000e+00
   endloop
 endfacet
 facet normal  7.726034e-01  6.285594e-01  8.942638e-02
   outer loop
     vertex  1.545720e+01  1.379081e+01  4.500000e+00
     vertex  1.664722e+01  1.232807e+01  4.500000e+00
     vertex  1.616354e+01  1.356282e+01  0.000000e+00
   endloop
 endfacet
 facet normal  7.471395e-01  6.593546e-01  8.386925e-02
   outer loop
     vertex  1.545720e+01  1.379081e+01  4.500000e+00
     vertex  1.616354e+01  1.356282e+01  0.000000e+00
     vertex  1.546739e+01  1.435164e+01  0.000000e+00
   endloop
 endfacet
 facet normal  7.130707e-01  6.955096e-01  8.829806e-02
   outer loop
     vertex  1.545720e+01  1.379081e+01  4.500000e+00
     vertex  1.546739e+01  1.435164e+01  0.000000e+00
     vertex  1.473280e+01  1.510479e+01  0.000000e+00
   endloop
 endfacet
 facet normal  9.706604e-01  2.248706e-01  8.515644e-02
   outer loop
     vertex  1.920539e+01  5.381097e+00  1.350000e+01
     vertex  1.999378e+01  3.682093e+00  9.000000e+00
     vertex  1.957611e+01  5.484968e+00  9.000000e+00
   endloop
 endfacet
 facet normal  9.706604e-01  2.248706e-01  8.515644e-02
   outer loop
     vertex  1.920539e+01  5.381097e+00  1.350000e+01
     vertex  1.961514e+01  3.612363e+00  1.350000e+01
     vertex  1.999378e+01  3.682093e+00  9.000000e+00
   endloop
 endfacet
 facet normal  9.461902e-01  3.122058e-01  8.515644e-02
   outer loop
     vertex  1.920539e+01  5.381097e+00  1.350000e+01
     vertex  1.957611e+01  5.484968e+00  9.000000e+00
     vertex  1.899623e+01  7.242394e+00  9.000000e+00
   endloop
 endfacet
 facet normal  8.739963e-01  4.784128e-01  8.515644e-02
   outer loop
     vertex  1.737035e+01  1.056314e+01  9.000000e+00
     vertex  1.825894e+01  8.939807e+00  9.000000e+00
     vertex  1.860472e+01  9.109105e+00  4.500000e+00
   endloop
 endfacet
 facet normal  8.739963e-01  4.784128e-01  8.515644e-02
   outer loop
     vertex  1.737035e+01  1.056314e+01  9.000000e+00
     vertex  1.860472e+01  9.109105e+00  4.500000e+00
     vertex  1.769930e+01  1.076318e+01  4.500000e+00
   endloop
 endfacet
 facet normal  9.953350e-01  4.534927e-02  8.515644e-02
   outer loop
     vertex  1.947896e+01  1.778686e+00  1.800000e+01
     vertex  1.994500e+01  0.000000e+00  1.350000e+01
     vertex  1.986236e+01  1.813696e+00  1.350000e+01
   endloop
 endfacet
 facet normal  9.953350e-01  4.534927e-02  8.515644e-02
   outer loop
     vertex  1.947896e+01  1.778686e+00  1.800000e+01
     vertex  1.956000e+01  0.000000e+00  1.800000e+01
     vertex  1.994500e+01  0.000000e+00  1.350000e+01
   endloop
 endfacet
 facet normal  9.953350e-01  4.534927e-02  8.515644e-02
   outer loop
     vertex  1.947896e+01  1.778686e+00  1.800000e+01
     vertex  1.917500e+01  0.000000e+00  2.250000e+01
     vertex  1.956000e+01  0.000000e+00  1.800000e+01
   endloop
 endfacet
 facet normal  6.777788e-01  7.304718e-01  8.382643e-02
   outer loop
     vertex  1.413909e+01  1.513927e+01  4.500000e+00
     vertex  1.473280e+01  1.510479e+01  0.000000e+00
     vertex  1.396157e+01  1.582038e+01  0.000000e+00
   endloop
 endfacet
 facet normal  7.122945e-01  6.962608e-01  8.864237e-02
   outer loop
     vertex  1.413909e+01  1.513927e+01  4.500000e+00
     vertex  1.545720e+01  1.379081e+01  4.500000e+00
     vertex  1.473280e+01  1.510479e+01  0.000000e+00
   endloop
 endfacet
 facet normal  9.461902e-01  3.122058e-01  8.515644e-02
   outer loop
     vertex  1.863649e+01  7.105241e+00  1.350000e+01
     vertex  1.920539e+01  5.381097e+00  1.350000e+01
     vertex  1.899623e+01  7.242394e+00  9.000000e+00
   endloop
 endfacet
 facet normal  8.268708e-01  5.559074e-01  8.515644e-02
   outer loop
     vertex  1.633782e+01  1.209895e+01  9.000000e+00
     vertex  1.769930e+01  1.076318e+01  4.500000e+00
     vertex  1.664722e+01  1.232807e+01  4.500000e+00
   endloop
 endfacet
 facet normal  8.268708e-01  5.559074e-01  8.515644e-02
   outer loop
     vertex  1.633782e+01  1.209895e+01  9.000000e+00
     vertex  1.737035e+01  1.056314e+01  9.000000e+00
     vertex  1.769930e+01  1.076318e+01  4.500000e+00
   endloop
 endfacet
 facet normal  9.870874e-01  1.356720e-01  8.515644e-02
   outer loop
     vertex  1.923651e+01  3.542633e+00  1.800000e+01
     vertex  1.986236e+01  1.813696e+00  1.350000e+01
     vertex  1.961514e+01  3.612363e+00  1.350000e+01
   endloop
 endfacet
 facet normal  9.870874e-01  1.356720e-01  8.515644e-02
   outer loop
     vertex  1.923651e+01  3.542633e+00  1.800000e+01
     vertex  1.947896e+01  1.778686e+00  1.800000e+01
     vertex  1.986236e+01  1.813696e+00  1.350000e+01
   endloop
 endfacet
 facet normal  6.403459e-01  7.631345e-01  8.707918e-02
   outer loop
     vertex  1.270382e+01  1.636228e+01  4.500000e+00
     vertex  1.396157e+01  1.582038e+01  0.000000e+00
     vertex  1.315563e+01  1.649664e+01  0.000000e+00
   endloop
 endfacet
 facet normal  6.016640e-01  7.943068e-01  8.412617e-02
   outer loop
     vertex  1.270382e+01  1.636228e+01  4.500000e+00
     vertex  1.315563e+01  1.649664e+01  0.000000e+00
     vertex  1.231699e+01  1.713189e+01  0.000000e+00
   endloop
 endfacet
 facet normal  6.459930e-01  7.581063e-01  8.926306e-02
   outer loop
     vertex  1.270382e+01  1.636228e+01  4.500000e+00
     vertex  1.413909e+01  1.513927e+01  4.500000e+00
     vertex  1.396157e+01  1.582038e+01  0.000000e+00
   endloop
 endfacet
 facet normal  9.138796e-01  3.969539e-01  8.515644e-02
   outer loop
     vertex  1.791316e+01  8.770509e+00  1.350000e+01
     vertex  1.863649e+01  7.105241e+00  1.350000e+01
     vertex  1.899623e+01  7.242394e+00  9.000000e+00
   endloop
 endfacet
 facet normal  9.138796e-01  3.969539e-01  8.515644e-02
   outer loop
     vertex  1.791316e+01  8.770509e+00  1.350000e+01
     vertex  1.899623e+01  7.242394e+00  9.000000e+00
     vertex  1.825894e+01  8.939807e+00  9.000000e+00
   endloop
 endfacet
 facet normal  7.728936e-01  6.287956e-01  8.515644e-02
   outer loop
     vertex  1.516991e+01  1.353450e+01  9.000000e+00
     vertex  1.633782e+01  1.209895e+01  9.000000e+00
     vertex  1.664722e+01  1.232807e+01  4.500000e+00
   endloop
 endfacet
 facet normal  7.125119e-01  6.964733e-01  8.515644e-02
   outer loop
     vertex  1.516991e+01  1.353450e+01  9.000000e+00
     vertex  1.545720e+01  1.379081e+01  4.500000e+00
     vertex  1.413909e+01  1.513927e+01  4.500000e+00
   endloop
 endfacet
 facet normal  7.728936e-01  6.287956e-01  8.515644e-02
   outer loop
     vertex  1.516991e+01  1.353450e+01  9.000000e+00
     vertex  1.664722e+01  1.232807e+01  4.500000e+00
     vertex  1.545720e+01  1.379081e+01  4.500000e+00
   endloop
 endfacet
 facet normal  9.706604e-01  2.248706e-01  8.515644e-02
   outer loop
     vertex  1.883466e+01  5.277225e+00  1.800000e+01
     vertex  1.961514e+01  3.612363e+00  1.350000e+01
     vertex  1.920539e+01  5.381097e+00  1.350000e+01
   endloop
 endfacet
 facet normal  9.706604e-01  2.248706e-01  8.515644e-02
   outer loop
     vertex  1.883466e+01  5.277225e+00  1.800000e+01
     vertex  1.923651e+01  3.542633e+00  1.800000e+01
     vertex  1.961514e+01  3.612363e+00  1.350000e+01
   endloop
 endfacet
 facet normal  5.612450e-01  8.231953e-01  8.575283e-02
   outer loop
     vertex  1.116329e+01  1.744971e+01  4.500000e+00
     vertex  1.231699e+01  1.713189e+01  0.000000e+00
     vertex  1.144773e+01  1.772455e+01  0.000000e+00
   endloop
 endfacet
 facet normal  5.195584e-01  8.502196e-01  8.476838e-02
   outer loop
     vertex  1.116329e+01  1.744971e+01  4.500000e+00
     vertex  1.144773e+01  1.772455e+01  0.000000e+00
     vertex  1.055000e+01  1.827314e+01  0.000000e+00
   endloop
 endfacet
 facet normal  5.743512e-01  8.136702e-01  8.978568e-02
   outer loop
     vertex  1.116329e+01  1.744971e+01  4.500000e+00
     vertex  1.270382e+01  1.636228e+01  4.500000e+00
     vertex  1.231699e+01  1.713189e+01  0.000000e+00
   endloop
 endfacet
 facet normal  8.268708e-01  5.559074e-01  8.515644e-02
   outer loop
     vertex  1.704140e+01  1.036310e+01  1.350000e+01
     vertex  1.737035e+01  1.056314e+01  9.000000e+00
     vertex  1.633782e+01  1.209895e+01  9.000000e+00
   endloop
 endfacet
 facet normal  8.739963e-01  4.784128e-01  8.515644e-02
   outer loop
     vertex  1.704140e+01  1.036310e+01  1.350000e+01
     vertex  1.791316e+01  8.770509e+00  1.350000e+01
     vertex  1.825894e+01  8.939807e+00  9.000000e+00
   endloop
 endfacet
 facet normal  8.739963e-01  4.784128e-01  8.515644e-02
   outer loop
     vertex  1.704140e+01  1.036310e+01  1.350000e+01
     vertex  1.825894e+01  8.939807e+00  9.000000e+00
     vertex  1.737035e+01  1.056314e+01  9.000000e+00
   endloop
 endfacet
 facet normal  9.953350e-01  4.534927e-02  8.515644e-02
   outer loop
     vertex  1.909555e+01  1.743676e+00  2.250000e+01
     vertex  1.917500e+01  0.000000e+00  2.250000e+01
     vertex  1.947896e+01  1.778686e+00  1.800000e+01
   endloop
 endfacet
 facet normal  9.953350e-01  4.534927e-02  8.515644e-02
   outer loop
     vertex  1.909555e+01  1.743676e+00  2.250000e+01
     vertex  1.879000e+01  0.000000e+00  2.700000e+01
     vertex  1.917500e+01  0.000000e+00  2.250000e+01
   endloop
 endfacet
 facet normal  7.125119e-01  6.964733e-01  8.515644e-02
   outer loop
     vertex  1.387631e+01  1.485790e+01  9.000000e+00
     vertex  1.516991e+01  1.353450e+01  9.000000e+00
     vertex  1.413909e+01  1.513927e+01  4.500000e+00
   endloop
 endfacet
 facet normal  9.461902e-01  3.122058e-01  8.515644e-02
   outer loop
     vertex  1.827674e+01  6.968088e+00  1.800000e+01
     vertex  1.920539e+01  5.381097e+00  1.350000e+01
     vertex  1.863649e+01  7.105241e+00  1.350000e+01
   endloop
 endfacet
 facet normal  9.461902e-01  3.122058e-01  8.515644e-02
   outer loop
     vertex  1.827674e+01  6.968088e+00  1.800000e+01
     vertex  1.883466e+01  5.277225e+00  1.800000e+01
     vertex  1.920539e+01  5.381097e+00  1.350000e+01
   endloop
 endfacet
 facet normal  4.765326e-01  8.750606e-01  8.476838e-02
   outer loop
     vertex  9.530247e+00  1.839254e+01  4.500000e+00
     vertex  1.055000e+01  1.827314e+01  0.000000e+00
     vertex  9.626045e+00  1.877630e+01  0.000000e+00
   endloop
 endfacet
 facet normal  4.322855e-01  8.976501e-01  8.575283e-02
   outer loop
     vertex  9.530247e+00  1.839254e+01  4.500000e+00
     vertex  9.626045e+00  1.877630e+01  0.000000e+00
     vertex  8.678158e+00  1.923277e+01  0.000000e+00
   endloop
 endfacet
 facet normal  4.979727e-01  8.625140e-01  8.995987e-02
   outer loop
     vertex  9.530247e+00  1.839254e+01  4.500000e+00
     vertex  1.116329e+01  1.744971e+01  4.500000e+00
     vertex  1.055000e+01  1.827314e+01  0.000000e+00
   endloop
 endfacet
 facet normal  8.268708e-01  5.559074e-01  8.515644e-02
   outer loop
     vertex  1.602842e+01  1.186982e+01  1.350000e+01
     vertex  1.704140e+01  1.036310e+01  1.350000e+01
     vertex  1.633782e+01  1.209895e+01  9.000000e+00
   endloop
 endfacet
 facet normal  9.870874e-01  1.356720e-01  8.515644e-02
   outer loop
     vertex  1.885788e+01  3.472903e+00  2.250000e+01
     vertex  1.909555e+01  1.743676e+00  2.250000e+01
     vertex  1.947896e+01  1.778686e+00  1.800000e+01
   endloop
 endfacet
 facet normal  9.870874e-01  1.356720e-01  8.515644e-02
   outer loop
     vertex  1.885788e+01  3.472903e+00  2.250000e+01
     vertex  1.947896e+01  1.778686e+00  1.800000e+01
     vertex  1.923651e+01  3.542633e+00  1.800000e+01
   endloop
 endfacet
 facet normal  6.462262e-01  7.583799e-01  8.515644e-02
   outer loop
     vertex  1.246771e+01  1.605818e+01  9.000000e+00
     vertex  1.413909e+01  1.513927e+01  4.500000e+00
     vertex  1.270382e+01  1.636228e+01  4.500000e+00
   endloop
 endfacet
 facet normal  6.462262e-01  7.583799e-01  8.515644e-02
   outer loop
     vertex  1.246771e+01  1.605818e+01  9.000000e+00
     vertex  1.387631e+01  1.485790e+01  9.000000e+00
     vertex  1.413909e+01  1.513927e+01  4.500000e+00
   endloop
 endfacet
 facet normal  9.138796e-01  3.969539e-01  8.515644e-02
   outer loop
     vertex  1.756738e+01  8.601211e+00  1.800000e+01
     vertex  1.863649e+01  7.105241e+00  1.350000e+01
     vertex  1.791316e+01  8.770509e+00  1.350000e+01
   endloop
 endfacet
 facet normal  9.138796e-01  3.969539e-01  8.515644e-02
   outer loop
     vertex  1.756738e+01  8.601211e+00  1.800000e+01
     vertex  1.827674e+01  6.968088e+00  1.800000e+01
     vertex  1.863649e+01  7.105241e+00  1.350000e+01
   endloop
 endfacet
 facet normal  3.870578e-01  9.182097e-01  8.412617e-02
   outer loop
     vertex  7.818239e+00  1.918297e+01  4.500000e+00
     vertex  8.678158e+00  1.923277e+01  0.000000e+00
     vertex  7.708696e+00  1.964144e+01  0.000000e+00
   endloop
 endfacet
 facet normal  3.407209e-01  9.361231e-01  8.707918e-02
   outer loop
     vertex  7.818239e+00  1.918297e+01  4.500000e+00
     vertex  7.708696e+00  1.964144e+01  0.000000e+00
     vertex  6.720068e+00  2.000127e+01  0.000000e+00
   endloop
 endfacet
 facet normal  4.174835e-01  9.042378e-01  8.978568e-02
   outer loop
     vertex  7.818239e+00  1.918297e+01  4.500000e+00
     vertex  9.530247e+00  1.839254e+01  4.500000e+00
     vertex  8.678158e+00  1.923277e+01  0.000000e+00
   endloop
 endfacet
 facet normal  7.728936e-01  6.287956e-01  8.515644e-02
   outer loop
     vertex  1.488263e+01  1.327819e+01  1.350000e+01
     vertex  1.602842e+01  1.186982e+01  1.350000e+01
     vertex  1.633782e+01  1.209895e+01  9.000000e+00
   endloop
 endfacet
 facet normal  7.728936e-01  6.287956e-01  8.515644e-02
   outer loop
     vertex  1.488263e+01  1.327819e+01  1.350000e+01
     vertex  1.633782e+01  1.209895e+01  9.000000e+00
     vertex  1.516991e+01  1.353450e+01  9.000000e+00
   endloop
 endfacet
 facet normal  9.706604e-01  2.248706e-01  8.515644e-02
   outer loop
     vertex  1.846394e+01  5.173353e+00  2.250000e+01
     vertex  1.923651e+01  3.542633e+00  1.800000e+01
     vertex  1.883466e+01  5.277225e+00  1.800000e+01
   endloop
 endfacet
 facet normal  9.706604e-01  2.248706e-01  8.515644e-02
   outer loop
     vertex  1.846394e+01  5.173353e+00  2.250000e+01
     vertex  1.885788e+01  3.472903e+00  2.250000e+01
     vertex  1.923651e+01  3.542633e+00  1.800000e+01
   endloop
 endfacet
 facet normal  9.461902e-01  3.122058e-01  8.515644e-02
   outer loop
     vertex  1.846394e+01  5.173353e+00  2.250000e+01
     vertex  1.883466e+01  5.277225e+00  1.800000e+01
     vertex  1.827674e+01  6.968088e+00  1.800000e+01
   endloop
 endfacet
 facet normal  5.745856e-01  8.140023e-01  8.515644e-02
   outer loop
     vertex  1.095581e+01  1.712539e+01  9.000000e+00
     vertex  1.246771e+01  1.605818e+01  9.000000e+00
     vertex  1.270382e+01  1.636228e+01  4.500000e+00
   endloop
 endfacet
 facet normal  5.745856e-01  8.140023e-01  8.515644e-02
   outer loop
     vertex  1.095581e+01  1.712539e+01  9.000000e+00
     vertex  1.270382e+01  1.636228e+01  4.500000e+00
     vertex  1.116329e+01  1.744971e+01  4.500000e+00
   endloop
 endfacet
 facet normal  8.739963e-01  4.784128e-01  8.515644e-02
   outer loop
     vertex  1.671244e+01  1.016306e+01  1.800000e+01
     vertex  1.791316e+01  8.770509e+00  1.350000e+01
     vertex  1.704140e+01  1.036310e+01  1.350000e+01
   endloop
 endfacet
 facet normal  8.739963e-01  4.784128e-01  8.515644e-02
   outer loop
     vertex  1.671244e+01  1.016306e+01  1.800000e+01
     vertex  1.756738e+01  8.601211e+00  1.800000e+01
     vertex  1.791316e+01  8.770509e+00  1.350000e+01
   endloop
 endfacet
 facet normal  9.953350e-01  4.534927e-02  8.515644e-02
   outer loop
     vertex  1.871215e+01  1.708666e+00  2.700000e+01
     vertex  1.879000e+01  0.000000e+00  2.700000e+01
     vertex  1.909555e+01  1.743676e+00  2.250000e+01
   endloop
 endfacet
 facet normal  9.953350e-01  4.534927e-02  8.515644e-02
   outer loop
     vertex  1.871215e+01  1.708666e+00  2.700000e+01
     vertex  1.840500e+01  0.000000e+00  3.150000e+01
     vertex  1.879000e+01  0.000000e+00  2.700000e+01
   endloop
 endfacet
 facet normal  2.937177e-01  9.522095e-01  8.382643e-02
   outer loop
     vertex  6.041446e+00  1.981444e+01  4.500000e+00
     vertex  6.720068e+00  2.000127e+01  0.000000e+00
     vertex  5.714734e+00  2.031137e+01  0.000000e+00
   endloop
 endfacet
 facet normal  3.335428e-01  9.384995e-01  8.926306e-02
   outer loop
     vertex  6.041446e+00  1.981444e+01  4.500000e+00
     vertex  7.818239e+00  1.918297e+01  4.500000e+00
     vertex  6.720068e+00  2.000127e+01  0.000000e+00
   endloop
 endfacet
 facet normal  7.125119e-01  6.964733e-01  8.515644e-02
   outer loop
     vertex  1.361352e+01  1.457652e+01  1.350000e+01
     vertex  1.516991e+01  1.353450e+01  9.000000e+00
     vertex  1.387631e+01  1.485790e+01  9.000000e+00
   endloop
 endfacet
 facet normal  7.125119e-01  6.964733e-01  8.515644e-02
   outer loop
     vertex  1.361352e+01  1.457652e+01  1.350000e+01
     vertex  1.488263e+01  1.327819e+01  1.350000e+01
     vertex  1.516991e+01  1.353450e+01  9.000000e+00
   endloop
 endfacet
 facet normal  9.461902e-01  3.122058e-01  8.515644e-02
   outer loop
     vertex  1.791700e+01  6.830935e+00  2.250000e+01
     vertex  1.846394e+01  5.173353e+00  2.250000e+01
     vertex  1.827674e+01  6.968088e+00  1.800000e+01
   endloop
 endfacet
 facet normal  9.138796e-01  3.969539e-01  8.515644e-02
   outer loop
     vertex  1.791700e+01  6.830935e+00  2.250000e+01
     vertex  1.827674e+01  6.968088e+00  1.800000e+01
     vertex  1.756738e+01  8.601211e+00  1.800000e+01
   endloop
 endfacet
 facet normal  4.981838e-01  8.628796e-01  8.515644e-02
   outer loop
     vertex  9.353122e+00  1.805071e+01  9.000000e+00
     vertex  1.095581e+01  1.712539e+01  9.000000e+00
     vertex  1.116329e+01  1.744971e+01  4.500000e+00
   endloop
 endfacet
 facet normal  4.981838e-01  8.628796e-01  8.515644e-02
   outer loop
     vertex  9.353122e+00  1.805071e+01  9.000000e+00
     vertex  1.116329e+01  1.744971e+01  4.500000e+00
     vertex  9.530247e+00  1.839254e+01  4.500000e+00
   endloop
 endfacet
 facet normal  7.728936e-01  6.287956e-01  8.515644e-02
   outer loop
     vertex  1.571902e+01  1.164070e+01  1.800000e+01
     vertex  1.602842e+01  1.186982e+01  1.350000e+01
     vertex  1.488263e+01  1.327819e+01  1.350000e+01
   endloop
 endfacet
 facet normal  8.268708e-01  5.559074e-01  8.515644e-02
   outer loop
     vertex  1.571902e+01  1.164070e+01  1.800000e+01
     vertex  1.671244e+01  1.016306e+01  1.800000e+01
     vertex  1.704140e+01  1.036310e+01  1.350000e+01
   endloop
 endfacet
 facet normal  8.268708e-01  5.559074e-01  8.515644e-02
   outer loop
     vertex  1.571902e+01  1.164070e+01  1.800000e+01
     vertex  1.704140e+01  1.036310e+01  1.350000e+01
     vertex  1.602842e+01  1.186982e+01  1.350000e+01
   endloop
 endfacet
 facet normal  9.706604e-01  2.248706e-01  8.515644e-02
   outer loop
     vertex  1.847925e+01  3.403174e+00  2.700000e+01
     vertex  1.885788e+01  3.472903e+00  2.250000e+01
     vertex  1.846394e+01  5.173353e+00  2.250000e+01
   endloop
 endfacet
 facet normal  9.870874e-01  1.356720e-01  8.515644e-02
   outer loop
     vertex  1.847925e+01  3.403174e+00  2.700000e+01
     vertex  1.909555e+01  1.743676e+00  2.250000e+01
     vertex  1.885788e+01  3.472903e+00  2.250000e+01
   endloop
 endfacet
 facet normal  9.870874e-01  1.356720e-01  8.515644e-02
   outer loop
     vertex  1.847925e+01  3.403174e+00  2.700000e+01
     vertex  1.871215e+01  1.708666e+00  2.700000e+01
     vertex  1.909555e+01  1.743676e+00  2.250000e+01
   endloop
 endfacet
 facet normal  2.457936e-01  9.652922e-01  8.829806e-02
   outer loop
     vertex  4.214591e+00  2.028173e+01  4.500000e+00
     vertex  5.714734e+00  2.031137e+01  0.000000e+00
     vertex  4.695192e+00  2.057098e+01  0.000000e+00
   endloop
 endfacet
 facet normal  1.974480e-01  9.767191e-01  8.386925e-02
   outer loop
     vertex  4.214591e+00  2.028173e+01  4.500000e+00
     vertex  4.695192e+00  2.057098e+01  0.000000e+00
     vertex  3.663977e+00  2.077944e+01  0.000000e+00
   endloop
 endfacet
 facet normal  2.468323e-01  9.649955e-01  8.864237e-02
   outer loop
     vertex  4.214591e+00  2.028173e+01  4.500000e+00
     vertex  6.041446e+00  1.981444e+01  4.500000e+00
     vertex  5.714734e+00  2.031137e+01  0.000000e+00
   endloop
 endfacet
 facet normal  6.462262e-01  7.583799e-01  8.515644e-02
   outer loop
     vertex  1.223161e+01  1.575407e+01  1.350000e+01
     vertex  1.387631e+01  1.485790e+01  9.000000e+00
     vertex  1.246771e+01  1.605818e+01  9.000000e+00
   endloop
 endfacet
 facet normal  6.462262e-01  7.583799e-01  8.515644e-02
   outer loop
     vertex  1.223161e+01  1.575407e+01  1.350000e+01
     vertex  1.361352e+01  1.457652e+01  1.350000e+01
     vertex  1.387631e+01  1.485790e+01  9.000000e+00
   endloop
 endfacet
 facet normal  9.138796e-01  3.969539e-01  8.515644e-02
   outer loop
     vertex  1.722160e+01  8.431913e+00  2.250000e+01
     vertex  1.791700e+01  6.830935e+00  2.250000e+01
     vertex  1.756738e+01  8.601211e+00  1.800000e+01
   endloop
 endfacet
 facet normal  4.176539e-01  9.046069e-01  8.515644e-02
   outer loop
     vertex  7.672932e+00  1.882644e+01  9.000000e+00
     vertex  9.530247e+00  1.839254e+01  4.500000e+00
     vertex  7.818239e+00  1.918297e+01  4.500000e+00
   endloop
 endfacet
 facet normal  4.176539e-01  9.046069e-01  8.515644e-02
   outer loop
     vertex  7.672932e+00  1.882644e+01  9.000000e+00
     vertex  9.353122e+00  1.805071e+01  9.000000e+00
     vertex  9.530247e+00  1.839254e+01  4.500000e+00
   endloop
 endfacet
 facet normal  7.728936e-01  6.287956e-01  8.515644e-02
   outer loop
     vertex  1.459535e+01  1.302188e+01  1.800000e+01
     vertex  1.571902e+01  1.164070e+01  1.800000e+01
     vertex  1.488263e+01  1.327819e+01  1.350000e+01
   endloop
 endfacet
 facet normal  9.706604e-01  2.248706e-01  8.515644e-02
   outer loop
     vertex  1.809322e+01  5.069481e+00  2.700000e+01
     vertex  1.847925e+01  3.403174e+00  2.700000e+01
     vertex  1.846394e+01  5.173353e+00  2.250000e+01
   endloop
 endfacet
 facet normal  1.484808e-01  9.851060e-01  8.671556e-02
   outer loop
     vertex  2.352814e+00  2.058095e+01  4.500000e+00
     vertex  3.663977e+00  2.077944e+01  0.000000e+00
     vertex  2.623652e+00  2.093625e+01  0.000000e+00
   endloop
 endfacet
 facet normal  9.921381e-02  9.914927e-01  8.425462e-02
   outer loop
     vertex  2.352814e+00  2.058095e+01  4.500000e+00
     vertex  2.623652e+00  2.093625e+01  0.000000e+00
     vertex  1.576805e+00  2.104100e+01  0.000000e+00
   endloop
 endfacet
 facet normal  1.580468e-01  9.833739e-01  8.942638e-02
   outer loop
     vertex  2.352814e+00  2.058095e+01  4.500000e+00
     vertex  4.214591e+00  2.028173e+01  4.500000e+00
     vertex  3.663977e+00  2.077944e+01  0.000000e+00
   endloop
 endfacet
 facet normal  5.745856e-01  8.140023e-01  8.515644e-02
   outer loop
     vertex  1.074833e+01  1.680108e+01  1.350000e+01
     vertex  1.246771e+01  1.605818e+01  9.000000e+00
     vertex  1.095581e+01  1.712539e+01  9.000000e+00
   endloop
 endfacet
 facet normal  5.745856e-01  8.140023e-01  8.515644e-02
   outer loop
     vertex  1.074833e+01  1.680108e+01  1.350000e+01
     vertex  1.223161e+01  1.575407e+01  1.350000e+01
     vertex  1.246771e+01  1.605818e+01  9.000000e+00
   endloop
 endfacet
 facet normal  8.268708e-01  5.559074e-01  8.515644e-02
   outer loop
     vertex  1.638349e+01  9.963022e+00  2.250000e+01
     vertex  1.671244e+01  1.016306e+01  1.800000e+01
     vertex  1.571902e+01  1.164070e+01  1.800000e+01
   endloop
 endfacet
 facet normal  8.739963e-01  4.784128e-01  8.515644e-02
   outer loop
     vertex  1.638349e+01  9.963022e+00  2.250000e+01
     vertex  1.756738e+01  8.601211e+00  1.800000e+01
     vertex  1.671244e+01  1.016306e+01  1.800000e+01
   endloop
 endfacet
 facet normal  8.739963e-01  4.784128e-01  8.515644e-02
   outer loop
     vertex  1.638349e+01  9.963022e+00  2.250000e+01
     vertex  1.722160e+01  8.431913e+00  2.250000e+01
     vertex  1.756738e+01  8.601211e+00  1.800000e+01
   endloop
 endfacet
 facet normal  9.953350e-01  4.534927e-02  8.515644e-02
   outer loop
     vertex  1.832875e+01  1.673656e+00  3.150000e+01
     vertex  1.840500e+01  0.000000e+00  3.150000e+01
     vertex  1.871215e+01  1.708666e+00  2.700000e+01
   endloop
 endfacet
 facet normal  9.953350e-01  4.534927e-02  8.515644e-02
   outer loop
     vertex  1.832875e+01  1.673656e+00  3.150000e+01
     vertex  1.802000e+01  0.000000e+00  3.600000e+01
     vertex  1.840500e+01  0.000000e+00  3.150000e+01
   endloop
 endfacet
 facet normal  3.336632e-01  9.388382e-01  8.515644e-02
   outer loop
     vertex  5.929162e+00  1.944618e+01  9.000000e+00
     vertex  7.672932e+00  1.882644e+01  9.000000e+00
     vertex  7.818239e+00  1.918297e+01  4.500000e+00
   endloop
 endfacet
 facet normal  3.336632e-01  9.388382e-01  8.515644e-02
   outer loop
     vertex  5.929162e+00  1.944618e+01  9.000000e+00
     vertex  7.818239e+00  1.918297e+01  4.500000e+00
     vertex  6.041446e+00  1.981444e+01  4.500000e+00
   endloop
 endfacet
 facet normal  7.125119e-01  6.964733e-01  8.515644e-02
   outer loop
     vertex  1.335074e+01  1.429515e+01  1.800000e+01
     vertex  1.488263e+01  1.327819e+01  1.350000e+01
     vertex  1.361352e+01  1.457652e+01  1.350000e+01
   endloop
 endfacet
 facet normal  7.125119e-01  6.964733e-01  8.515644e-02
   outer loop
     vertex  1.335074e+01  1.429515e+01  1.800000e+01
     vertex  1.459535e+01  1.302188e+01  1.800000e+01
     vertex  1.488263e+01  1.327819e+01  1.350000e+01
   endloop
 endfacet
 facet normal  9.461902e-01  3.122058e-01  8.515644e-02
   outer loop
     vertex  1.755726e+01  6.693782e+00  2.700000e+01
     vertex  1.809322e+01  5.069481e+00  2.700000e+01
     vertex  1.846394e+01  5.173353e+00  2.250000e+01
   endloop
 endfacet
 facet normal  9.461902e-01  3.122058e-01  8.515644e-02
   outer loop
     vertex  1.755726e+01  6.693782e+00  2.700000e+01
     vertex  1.846394e+01  5.173353e+00  2.250000e+01
     vertex  1.791700e+01  6.830935e+00  2.250000e+01
   endloop
 endfacet
 facet normal  9.138796e-01  3.969539e-01  8.515644e-02
   outer loop
     vertex  1.755726e+01  6.693782e+00  2.700000e+01
     vertex  1.791700e+01  6.830935e+00  2.250000e+01
     vertex  1.722160e+01  8.431913e+00  2.250000e+01
   endloop
 endfacet
 facet normal  4.966347e-02  9.951018e-01  8.547464e-02
   outer loop
     vertex  4.715396e-01  2.070963e+01  4.500000e+00
     vertex  1.576805e+00  2.104100e+01  0.000000e+00
     vertex  5.260376e-01  2.109344e+01  0.000000e+00
   endloop
 endfacet
 facet normal  0.000000e+00  9.963825e-01  8.498241e-02
   outer loop
     vertex  4.715396e-01  2.070963e+01  4.500000e+00
     vertex  5.260376e-01  2.109344e+01  0.000000e+00
     vertex -5.260376e-01  2.109344e+01  0.000000e+00
   endloop
 endfacet
 facet normal  6.796632e-02  9.936324e-01  8.986189e-02
   outer loop
     vertex  4.715396e-01  2.070963e+01  4.500000e+00
     vertex  2.352814e+00  2.058095e+01  4.500000e+00
     vertex  1.576805e+00  2.104100e+01  0.000000e+00
   endloop
 endfacet
 facet normal  4.981838e-01  8.628796e-01  8.515644e-02
   outer loop
     vertex  9.175997e+00  1.770887e+01  1.350000e+01
     vertex  1.074833e+01  1.680108e+01  1.350000e+01
     vertex  1.095581e+01  1.712539e+01  9.000000e+00
   endloop
 endfacet
 facet normal  4.981838e-01  8.628796e-01  8.515644e-02
   outer loop
     vertex  9.175997e+00  1.770887e+01  1.350000e+01
     vertex  1.095581e+01  1.712539e+01  9.000000e+00
     vertex  9.353122e+00  1.805071e+01  9.000000e+00
   endloop
 endfacet
 facet normal  4.176539e-01  9.046069e-01  8.515644e-02
   outer loop
     vertex  9.175997e+00  1.770887e+01  1.350000e+01
     vertex  9.353122e+00  1.805071e+01  9.000000e+00
     vertex  7.672932e+00  1.882644e+01  9.000000e+00
   endloop
 endfacet
 facet normal  8.268708e-01  5.559074e-01  8.515644e-02
   outer loop
     vertex  1.540963e+01  1.141157e+01  2.250000e+01
     vertex  1.638349e+01  9.963022e+00  2.250000e+01
     vertex  1.571902e+01  1.164070e+01  1.800000e+01
   endloop
 endfacet
 facet normal  9.870874e-01  1.356720e-01  8.515644e-02
   outer loop
     vertex  1.810061e+01  3.333444e+00  3.150000e+01
     vertex  1.871215e+01  1.708666e+00  2.700000e+01
     vertex  1.847925e+01  3.403174e+00  2.700000e+01
   endloop
 endfacet
 facet normal  9.870874e-01  1.356720e-01  8.515644e-02
   outer loop
     vertex  1.810061e+01  3.333444e+00  3.150000e+01
     vertex  1.832875e+01  1.673656e+00  3.150000e+01
     vertex  1.871215e+01  1.708666e+00  2.700000e+01
   endloop
 endfacet
 facet normal  1.581061e-01  9.837433e-01  8.515644e-02
   outer loop
     vertex  4.136261e+00  1.990478e+01  9.000000e+00
     vertex  4.214591e+00  2.028173e+01  4.500000e+00
     vertex  2.352814e+00  2.058095e+01  4.500000e+00
   endloop
 endfacet
 facet normal  2.469076e-01  9.652901e-01  8.515644e-02
   outer loop
     vertex  4.136261e+00  1.990478e+01  9.000000e+00
     vertex  6.041446e+00  1.981444e+01  4.500000e+00
     vertex  4.214591e+00  2.028173e+01  4.500000e+00
   endloop
 endfacet
 facet normal  2.469076e-01  9.652901e-01  8.515644e-02
   outer loop
     vertex  4.136261e+00  1.990478e+01  9.000000e+00
     vertex  5.929162e+00  1.944618e+01  9.000000e+00
     vertex  6.041446e+00  1.981444e+01  4.500000e+00
   endloop
 endfacet
 facet normal  6.462262e-01  7.583799e-01  8.515644e-02
   outer loop
     vertex  1.199550e+01  1.544997e+01  1.800000e+01
     vertex  1.335074e+01  1.429515e+01  1.800000e+01
     vertex  1.361352e+01  1.457652e+01  1.350000e+01
   endloop
 endfacet
 facet normal  6.462262e-01  7.583799e-01  8.515644e-02
   outer loop
     vertex  1.199550e+01  1.544997e+01  1.800000e+01
     vertex  1.361352e+01  1.457652e+01  1.350000e+01
     vertex  1.223161e+01  1.575407e+01  1.350000e+01
   endloop
 endfacet
 facet normal  9.138796e-01  3.969539e-01  8.515644e-02
   outer loop
     vertex  1.687582e+01  8.262615e+00  2.700000e+01
     vertex  1.755726e+01  6.693782e+00  2.700000e+01
     vertex  1.722160e+01  8.431913e+00  2.250000e+01
   endloop
 endfacet
 facet normal -4.966729e-02  9.951784e-01  8.457573e-02
   outer loop
     vertex -1.413642e+00  2.066671e+01  4.500000e+00
     vertex -5.260376e-01  2.109344e+01  0.000000e+00
     vertex -1.576805e+00  2.104100e+01  0.000000e+00
   endloop
 endfacet
 facet normal -9.919851e-02  9.913398e-01  8.605238e-02
   outer loop
     vertex -1.413642e+00  2.066671e+01  4.500000e+00
     vertex -1.576805e+00  2.104100e+01  0.000000e+00
     vertex -2.623652e+00  2.093625e+01  0.000000e+00
   endloop
 endfacet
 facet normal -2.267092e-02  9.956883e-01  8.994899e-02
   outer loop
     vertex -1.413642e+00  2.066671e+01  4.500000e+00
     vertex  4.715396e-01  2.070963e+01  4.500000e+00
     vertex -5.260376e-01  2.109344e+01  0.000000e+00
   endloop
 endfacet
 facet normal  4.176539e-01  9.046069e-01  8.515644e-02
   outer loop
     vertex  7.527626e+00  1.846992e+01  1.350000e+01
     vertex  9.175997e+00  1.770887e+01  1.350000e+01
     vertex  7.672932e+00  1.882644e+01  9.000000e+00
   endloop
 endfacet
 facet normal  7.728936e-01  6.287956e-01  8.515644e-02
   outer loop
     vertex  1.430807e+01  1.276557e+01  2.250000e+01
     vertex  1.571902e+01  1.164070e+01  1.800000e+01
     vertex  1.459535e+01  1.302188e+01  1.800000e+01
   endloop
 endfacet
 facet normal  7.728936e-01  6.287956e-01  8.515644e-02
   outer loop
     vertex  1.430807e+01  1.276557e+01  2.250000e+01
     vertex  1.540963e+01  1.141157e+01  2.250000e+01
     vertex  1.571902e+01  1.164070e+01  1.800000e+01
   endloop
 endfacet
 facet normal  9.706604e-01  2.248706e-01  8.515644e-02
   outer loop
     vertex  1.772249e+01  4.965610e+00  3.150000e+01
     vertex  1.847925e+01  3.403174e+00  2.700000e+01
     vertex  1.809322e+01  5.069481e+00  2.700000e+01
   endloop
 endfacet
 facet normal  9.706604e-01  2.248706e-01  8.515644e-02
   outer loop
     vertex  1.772249e+01  4.965610e+00  3.150000e+01
     vertex  1.810061e+01  3.333444e+00  3.150000e+01
     vertex  1.847925e+01  3.403174e+00  2.700000e+01
   endloop
 endfacet
 facet normal  1.581061e-01  9.837433e-01  8.515644e-02
   outer loop
     vertex  2.309085e+00  2.019844e+01  9.000000e+00
     vertex  4.136261e+00  1.990478e+01  9.000000e+00
     vertex  2.352814e+00  2.058095e+01  4.500000e+00
   endloop
 endfacet
 facet normal  5.745856e-01  8.140023e-01  8.515644e-02
   outer loop
     vertex  1.054086e+01  1.647677e+01  1.800000e+01
     vertex  1.223161e+01  1.575407e+01  1.350000e+01
     vertex  1.074833e+01  1.680108e+01  1.350000e+01
   endloop
 endfacet
 facet normal  5.745856e-01  8.140023e-01  8.515644e-02
   outer loop
     vertex  1.054086e+01  1.647677e+01  1.800000e+01
     vertex  1.199550e+01  1.544997e+01  1.800000e+01
     vertex  1.223161e+01  1.575407e+01  1.350000e+01
   endloop
 endfacet
 facet normal  8.739963e-01  4.784128e-01  8.515644e-02
   outer loop
     vertex  1.605454e+01  9.762982e+00  2.700000e+01
     vertex  1.722160e+01  8.431913e+00  2.250000e+01
     vertex  1.638349e+01  9.963022e+00  2.250000e+01
   endloop
 endfacet
 facet normal  8.739963e-01  4.784128e-01  8.515644e-02
   outer loop
     vertex  1.605454e+01  9.762982e+00  2.700000e+01
     vertex  1.687582e+01  8.262615e+00  2.700000e+01
     vertex  1.722160e+01  8.431913e+00  2.250000e+01
   endloop
 endfacet
 facet normal  8.268708e-01  5.559074e-01  8.515644e-02
   outer loop
     vertex  1.605454e+01  9.762982e+00  2.700000e+01
     vertex  1.638349e+01  9.963022e+00  2.250000e+01
     vertex  1.540963e+01  1.141157e+01  2.250000e+01
   endloop
 endfacet
 facet normal -1.485153e-01  9.853345e-01  8.401912e-02
   outer loop
     vertex -3.287109e+00  2.045253e+01  4.500000e+00
     vertex -2.623652e+00  2.093625e+01  0.000000e+00
     vertex -3.663977e+00  2.077944e+01  0.000000e+00
   endloop
 endfacet
 facet normal -1.973868e-01  9.764161e-01  8.746415e-02
   outer loop
     vertex -3.287109e+00  2.045253e+01  4.500000e+00
     vertex -3.663977e+00  2.077944e+01  0.000000e+00
     vertex -4.695192e+00  2.057098e+01  0.000000e+00
   endloop
 endfacet
 facet normal -1.131225e-01  9.895249e-01  8.968769e-02
   outer loop
     vertex -3.287109e+00  2.045253e+01  4.500000e+00
     vertex -1.413642e+00  2.066671e+01  4.500000e+00
     vertex -2.623652e+00  2.093625e+01  0.000000e+00
   endloop
 endfacet
 facet normal  9.953350e-01  4.534927e-02  8.515644e-02
   outer loop
     vertex  1.794534e+01  1.638646e+00  3.600000e+01
     vertex  1.802000e+01  0.000000e+00  3.600000e+01
     vertex  1.832875e+01  1.673656e+00  3.150000e+01
   endloop
 endfacet
 facet normal  2.469076e-01  9.652901e-01  8.515644e-02
   outer loop
     vertex  5.816878e+00  1.907792e+01  1.350000e+01
     vertex  5.929162e+00  1.944618e+01  9.000000e+00
     vertex  4.136261e+00  1.990478e+01  9.000000e+00
   endloop
 endfacet
 facet normal  3.336632e-01  9.388382e-01  8.515644e-02
   outer loop
     vertex  5.816878e+00  1.907792e+01  1.350000e+01
     vertex  7.672932e+00  1.882644e+01  9.000000e+00
     vertex  5.929162e+00  1.944618e+01  9.000000e+00
   endloop
 endfacet
 facet normal  3.336632e-01  9.388382e-01  8.515644e-02
   outer loop
     vertex  5.816878e+00  1.907792e+01  1.350000e+01
     vertex  7.527626e+00  1.846992e+01  1.350000e+01
     vertex  7.672932e+00  1.882644e+01  9.000000e+00
   endloop
 endfacet
 facet normal  7.125119e-01  6.964733e-01  8.515644e-02
   outer loop
     vertex  1.308796e+01  1.401378e+01  2.250000e+01
     vertex  1.430807e+01  1.276557e+01  2.250000e+01
     vertex  1.459535e+01  1.302188e+01  1.800000e+01
   endloop
 endfacet
 facet normal  7.125119e-01  6.964733e-01  8.515644e-02
   outer loop
     vertex  1.308796e+01  1.401378e+01  2.250000e+01
     vertex  1.459535e+01  1.302188e+01  1.800000e+01
     vertex  1.335074e+01  1.429515e+01  1.800000e+01
   endloop
 endfacet
 facet normal  9.461902e-01  3.122058e-01  8.515644e-02
   outer loop
     vertex  1.719752e+01  6.556629e+00  3.150000e+01
     vertex  1.809322e+01  5.069481e+00  2.700000e+01
     vertex  1.755726e+01  6.693782e+00  2.700000e+01
   endloop
 endfacet
 facet normal  9.461902e-01  3.122058e-01  8.515644e-02
   outer loop
     vertex  1.719752e+01  6.556629e+00  3.150000e+01
     vertex  1.772249e+01  4.965610e+00  3.150000e+01
     vertex  1.809322e+01  5.069481e+00  2.700000e+01
   endloop
 endfacet
 facet normal  9.138796e-01  3.969539e-01  8.515644e-02
   outer loop
     vertex  1.719752e+01  6.556629e+00  3.150000e+01
     vertex  1.755726e+01  6.693782e+00  2.700000e+01
     vertex  1.687582e+01  8.262615e+00  2.700000e+01
   endloop
 endfacet
 facet normal  6.799453e-02  9.940448e-01  8.515644e-02
   outer loop
     vertex  4.627758e-01  2.032473e+01  9.000000e+00
     vertex  2.309085e+00  2.019844e+01  9.000000e+00
     vertex  2.352814e+00  2.058095e+01  4.500000e+00
   endloop
 endfacet
 facet normal  6.799453e-02  9.940448e-01  8.515644e-02
   outer loop
     vertex  4.627758e-01  2.032473e+01  9.000000e+00
     vertex  2.352814e+00  2.058095e+01  4.500000e+00
     vertex  4.715396e-01  2.070963e+01  4.500000e+00
   endloop
 endfacet
 facet normal  4.981838e-01  8.628796e-01  8.515644e-02
   outer loop
     vertex  8.998872e+00  1.736703e+01  1.800000e+01
     vertex  1.074833e+01  1.680108e+01  1.350000e+01
     vertex  9.175997e+00  1.770887e+01  1.350000e+01
   endloop
 endfacet
 facet normal  4.176539e-01  9.046069e-01  8.515644e-02
   outer loop
     vertex  8.998872e+00  1.736703e+01  1.800000e+01
     vertex  9.175997e+00  1.770887e+01  1.350000e+01
     vertex  7.527626e+00  1.846992e+01  1.350000e+01
   endloop
 endfacet
 facet normal  4.981838e-01  8.628796e-01  8.515644e-02
   outer loop
     vertex  8.998872e+00  1.736703e+01  1.800000e+01
     vertex  1.054086e+01  1.647677e+01  1.800000e+01
     vertex  1.074833e+01  1.680108e+01  1.350000e+01
   endloop
 endfacet
 facet normal  8.268708e-01  5.559074e-01  8.515644e-02
   outer loop
     vertex  1.510023e+01  1.118245e+01  2.700000e+01
     vertex  1.605454e+01  9.762982e+00  2.700000e+01
     vertex  1.540963e+01  1.141157e+01  2.250000e+01
   endloop
 endfacet
 facet normal -2.026472e-01  9.751919e-01  8.907795e-02
   outer loop
     vertex -5.133338e+00  2.006888e+01  4.500000e+00
     vertex -3.287109e+00  2.045253e+01  4.500000e+00
     vertex -4.695192e+00  2.057098e+01  0.000000e+00
   endloop
 endfacet
 facet normal -2.458893e-01  9.656682e-01  8.380502e-02
   outer loop
     vertex -5.133338e+00  2.006888e+01  4.500000e+00
     vertex -4.695192e+00  2.057098e+01  0.000000e+00
     vertex -5.714734e+00  2.031137e+01  0.000000e+00
   endloop
 endfacet
 facet normal  9.870874e-01  1.356720e-01  8.515644e-02
   outer loop
     vertex  1.772198e+01  3.263714e+00  3.600000e+01
     vertex  1.794534e+01  1.638646e+00  3.600000e+01
     vertex  1.832875e+01  1.673656e+00  3.150000e+01
   endloop
 endfacet
 facet normal  9.870874e-01  1.356720e-01  8.515644e-02
   outer loop
     vertex  1.772198e+01  3.263714e+00  3.600000e+01
     vertex  1.832875e+01  1.673656e+00  3.150000e+01
     vertex  1.810061e+01  3.333444e+00  3.150000e+01
   endloop
 endfacet
 facet normal  2.469076e-01  9.652901e-01  8.515644e-02
   outer loop
     vertex  4.057930e+00  1.952783e+01  1.350000e+01
     vertex  5.816878e+00  1.907792e+01  1.350000e+01
     vertex  4.136261e+00  1.990478e+01  9.000000e+00
   endloop
 endfacet
 facet normal  6.462262e-01  7.583799e-01  8.515644e-02
   outer loop
     vertex  1.175939e+01  1.514587e+01  2.250000e+01
     vertex  1.308796e+01  1.401378e+01  2.250000e+01
     vertex  1.335074e+01  1.429515e+01  1.800000e+01
   endloop
 endfacet
 facet normal  5.745856e-01  8.140023e-01  8.515644e-02
   outer loop
     vertex  1.175939e+01  1.514587e+01  2.250000e+01
     vertex  1.199550e+01  1.544997e+01  1.800000e+01
     vertex  1.054086e+01  1.647677e+01  1.800000e+01
   endloop
 endfacet
 facet normal  6.462262e-01  7.583799e-01  8.515644e-02
   outer loop
     vertex  1.175939e+01  1.514587e+01  2.250000e+01
     vertex  1.335074e+01  1.429515e+01  1.800000e+01
     vertex  1.199550e+01  1.544997e+01  1.800000e+01
   endloop
 endfacet
 facet normal  9.138796e-01  3.969539e-01  8.515644e-02
   outer loop
     vertex  1.653004e+01  8.093318e+00  3.150000e+01
     vertex  1.719752e+01  6.556629e+00  3.150000e+01
     vertex  1.687582e+01  8.262615e+00  2.700000e+01
   endloop
 endfacet
 facet normal -2.268051e-02  9.961094e-01  8.515644e-02
   outer loop
     vertex -1.387368e+00  2.028261e+01  9.000000e+00
     vertex  4.715396e-01  2.070963e+01  4.500000e+00
     vertex -1.413642e+00  2.066671e+01  4.500000e+00
   endloop
 endfacet
 facet normal -2.268051e-02  9.961094e-01  8.515644e-02
   outer loop
     vertex -1.387368e+00  2.028261e+01  9.000000e+00
     vertex  4.627758e-01  2.032473e+01  9.000000e+00
     vertex  4.715396e-01  2.070963e+01  4.500000e+00
   endloop
 endfacet
 facet normal -1.131676e-01  9.899199e-01  8.515644e-02
   outer loop
     vertex -1.387368e+00  2.028261e+01  9.000000e+00
     vertex -1.413642e+00  2.066671e+01  4.500000e+00
     vertex -3.287109e+00  2.045253e+01  4.500000e+00
   endloop
 endfacet
 facet normal  4.176539e-01  9.046069e-01  8.515644e-02
   outer loop
     vertex  7.382319e+00  1.811339e+01  1.800000e+01
     vertex  8.998872e+00  1.736703e+01  1.800000e+01
     vertex  7.527626e+00  1.846992e+01  1.350000e+01
   endloop
 endfacet
 facet normal  7.125119e-01  6.964733e-01  8.515644e-02
   outer loop
     vertex  1.402079e+01  1.250926e+01  2.700000e+01
     vertex  1.430807e+01  1.276557e+01  2.250000e+01
     vertex  1.308796e+01  1.401378e+01  2.250000e+01
   endloop
 endfacet
 facet normal  7.728936e-01  6.287956e-01  8.515644e-02
   outer loop
     vertex  1.402079e+01  1.250926e+01  2.700000e+01
     vertex  1.540963e+01  1.141157e+01  2.250000e+01
     vertex  1.430807e+01  1.276557e+01  2.250000e+01
   endloop
 endfacet
 facet normal  7.728936e-01  6.287956e-01  8.515644e-02
   outer loop
     vertex  1.402079e+01  1.250926e+01  2.700000e+01
     vertex  1.510023e+01  1.118245e+01  2.700000e+01
     vertex  1.540963e+01  1.141157e+01  2.250000e+01
   endloop
 endfacet
 facet normal -2.904919e-01  9.527415e-01  8.887105e-02
   outer loop
     vertex -6.937031e+00  1.951894e+01  4.500000e+00
     vertex -5.133338e+00  2.006888e+01  4.500000e+00
     vertex -5.714734e+00  2.031137e+01  0.000000e+00
   endloop
 endfacet
 facet normal -2.936150e-01  9.518766e-01  8.787044e-02
   outer loop
     vertex -6.937031e+00  1.951894e+01  4.500000e+00
     vertex -5.714734e+00  2.031137e+01  0.000000e+00
     vertex -6.720068e+00  2.000127e+01  0.000000e+00
   endloop
 endfacet
 facet normal -3.408133e-01  9.363768e-01  8.393348e-02
   outer loop
     vertex -6.937031e+00  1.951894e+01  4.500000e+00
     vertex -6.720068e+00  2.000127e+01  0.000000e+00
     vertex -7.708696e+00  1.964144e+01  0.000000e+00
   endloop
 endfacet
 facet normal  9.706604e-01  2.248706e-01  8.515644e-02
   outer loop
     vertex  1.735177e+01  4.861738e+00  3.600000e+01
     vertex  1.772198e+01  3.263714e+00  3.600000e+01
     vertex  1.810061e+01  3.333444e+00  3.150000e+01
   endloop
 endfacet
 facet normal  9.461902e-01  3.122058e-01  8.515644e-02
   outer loop
     vertex  1.735177e+01  4.861738e+00  3.600000e+01
     vertex  1.772249e+01  4.965610e+00  3.150000e+01
     vertex  1.719752e+01  6.556629e+00  3.150000e+01
   endloop
 endfacet
 facet normal  9.706604e-01  2.248706e-01  8.515644e-02
   outer loop
     vertex  1.735177e+01  4.861738e+00  3.600000e+01
     vertex  1.810061e+01  3.333444e+00  3.150000e+01
     vertex  1.772249e+01  4.965610e+00  3.150000e+01
   endloop
 endfacet
 facet normal  1.581061e-01  9.837433e-01  8.515644e-02
   outer loop
     vertex  2.265357e+00  1.981593e+01  1.350000e+01
     vertex  4.136261e+00  1.990478e+01  9.000000e+00
     vertex  2.309085e+00  2.019844e+01  9.000000e+00
   endloop
 endfacet
 facet normal  1.581061e-01  9.837433e-01  8.515644e-02
   outer loop
     vertex  2.265357e+00  1.981593e+01  1.350000e+01
     vertex  4.057930e+00  1.952783e+01  1.350000e+01
     vertex  4.136261e+00  1.990478e+01  9.000000e+00
   endloop
 endfacet
 facet normal  5.745856e-01  8.140023e-01  8.515644e-02
   outer loop
     vertex  1.033338e+01  1.615246e+01  2.250000e+01
     vertex  1.175939e+01  1.514587e+01  2.250000e+01
     vertex  1.054086e+01  1.647677e+01  1.800000e+01
   endloop
 endfacet
 facet normal  8.739963e-01  4.784128e-01  8.515644e-02
   outer loop
     vertex  1.572559e+01  9.562943e+00  3.150000e+01
     vertex  1.653004e+01  8.093318e+00  3.150000e+01
     vertex  1.687582e+01  8.262615e+00  2.700000e+01
   endloop
 endfacet
 facet normal  8.739963e-01  4.784128e-01  8.515644e-02
   outer loop
     vertex  1.572559e+01  9.562943e+00  3.150000e+01
     vertex  1.687582e+01  8.262615e+00  2.700000e+01
     vertex  1.605454e+01  9.762982e+00  2.700000e+01
   endloop
 endfacet
 facet normal -1.131676e-01  9.899199e-01  8.515644e-02
   outer loop
     vertex -3.226016e+00  2.007241e+01  9.000000e+00
     vertex -1.387368e+00  2.028261e+01  9.000000e+00
     vertex -3.287109e+00  2.045253e+01  4.500000e+00
   endloop
 endfacet
 facet normal  9.953350e-01  4.534927e-02  8.515644e-02
   outer loop
     vertex  1.756194e+01  1.603636e+00  4.050000e+01
     vertex  1.802000e+01  0.000000e+00  3.600000e+01
     vertex  1.794534e+01  1.638646e+00  3.600000e+01
   endloop
 endfacet
 facet normal  9.870874e-01  1.356720e-01  8.515644e-02
   outer loop
     vertex  1.756194e+01  1.603636e+00  4.050000e+01
     vertex  1.794534e+01  1.638646e+00  3.600000e+01
     vertex  1.772198e+01  3.263714e+00  3.600000e+01
   endloop
 endfacet
 facet normal  9.935170e-01  7.445381e-02  8.591013e-02
   outer loop
     vertex  1.756194e+01  1.603636e+00  4.050000e+01
     vertex  1.716428e+01  1.717545e+00  4.500000e+01
     vertex  1.722856e+01  8.598415e-01  4.500000e+01
   endloop
 endfacet
 facet normal  9.887128e-01  1.239018e-01  8.423391e-02
   outer loop
     vertex  1.756194e+01  1.603636e+00  4.050000e+01
     vertex  1.705733e+01  2.570979e+00  4.500000e+01
     vertex  1.716428e+01  1.717545e+00  4.500000e+01
   endloop
 endfacet
 facet normal  9.953350e-01  4.534927e-02  8.515644e-02
   outer loop
     vertex  1.756194e+01  1.603636e+00  4.050000e+01
     vertex  1.763500e+01  0.000000e+00  4.050000e+01
     vertex  1.802000e+01  0.000000e+00  3.600000e+01
   endloop
 endfacet
 facet normal  9.956600e-01  4.536408e-02  8.126072e-02
   outer loop
     vertex  1.756194e+01  1.603636e+00  4.050000e+01
     vertex  1.722856e+01  8.598415e-01  4.500000e+01
     vertex  1.763500e+01  0.000000e+00  4.050000e+01
   endloop
 endfacet
 facet normal  3.336632e-01  9.388382e-01  8.515644e-02
   outer loop
     vertex  5.704595e+00  1.870966e+01  1.800000e+01
     vertex  7.527626e+00  1.846992e+01  1.350000e+01
     vertex  5.816878e+00  1.907792e+01  1.350000e+01
   endloop
 endfacet
 facet normal  3.336632e-01  9.388382e-01  8.515644e-02
   outer loop
     vertex  5.704595e+00  1.870966e+01  1.800000e+01
     vertex  7.382319e+00  1.811339e+01  1.800000e+01
     vertex  7.527626e+00  1.846992e+01  1.350000e+01
   endloop
 endfacet
 facet normal  7.125119e-01  6.964733e-01  8.515644e-02
   outer loop
     vertex  1.282517e+01  1.373241e+01  2.700000e+01
     vertex  1.402079e+01  1.250926e+01  2.700000e+01
     vertex  1.308796e+01  1.401378e+01  2.250000e+01
   endloop
 endfacet
 facet normal  6.462262e-01  7.583799e-01  8.515644e-02
   outer loop
     vertex  1.282517e+01  1.373241e+01  2.700000e+01
     vertex  1.308796e+01  1.401378e+01  2.250000e+01
     vertex  1.175939e+01  1.514587e+01  2.250000e+01
   endloop
 endfacet
 facet normal -3.869832e-01  9.180325e-01  8.637329e-02
   outer loop
     vertex -8.683242e+00  1.880725e+01  4.500000e+00
     vertex -7.708696e+00  1.964144e+01  0.000000e+00
     vertex -8.678158e+00  1.923277e+01  0.000000e+00
   endloop
 endfacet
 facet normal -4.323355e-01  8.977538e-01  8.440448e-02
   outer loop
     vertex -8.683242e+00  1.880725e+01  4.500000e+00
     vertex -8.678158e+00  1.923277e+01  0.000000e+00
     vertex -9.626045e+00  1.877630e+01  0.000000e+00
   endloop
 endfacet
 facet normal -3.759022e-01  9.223205e-01  8.956793e-02
   outer loop
     vertex -8.683242e+00  1.880725e+01  4.500000e+00
     vertex -6.937031e+00  1.951894e+01  4.500000e+00
     vertex -7.708696e+00  1.964144e+01  0.000000e+00
   endloop
 endfacet
 facet normal  9.461902e-01  3.122058e-01  8.515644e-02
   outer loop
     vertex  1.683778e+01  6.419476e+00  3.600000e+01
     vertex  1.735177e+01  4.861738e+00  3.600000e+01
     vertex  1.719752e+01  6.556629e+00  3.150000e+01
   endloop
 endfacet
 facet normal  6.799453e-02  9.940448e-01  8.515644e-02
   outer loop
     vertex  4.540120e-01  1.993983e+01  1.350000e+01
     vertex  2.309085e+00  2.019844e+01  9.000000e+00
     vertex  4.627758e-01  2.032473e+01  9.000000e+00
   endloop
 endfacet
 facet normal  6.799453e-02  9.940448e-01  8.515644e-02
   outer loop
     vertex  4.540120e-01  1.993983e+01  1.350000e+01
     vertex  2.265357e+00  1.981593e+01  1.350000e+01
     vertex  2.309085e+00  2.019844e+01  9.000000e+00
   endloop
 endfacet
 facet normal  4.981838e-01  8.628796e-01  8.515644e-02
   outer loop
     vertex  8.821747e+00  1.702520e+01  2.250000e+01
     vertex  1.033338e+01  1.615246e+01  2.250000e+01
     vertex  1.054086e+01  1.647677e+01  1.800000e+01
   endloop
 endfacet
 facet normal  4.981838e-01  8.628796e-01  8.515644e-02
   outer loop
     vertex  8.821747e+00  1.702520e+01  2.250000e+01
     vertex  1.054086e+01  1.647677e+01  1.800000e+01
     vertex  8.998872e+00  1.736703e+01  1.800000e+01
   endloop
 endfacet
 facet normal  8.268708e-01  5.559074e-01  8.515644e-02
   outer loop
     vertex  1.479083e+01  1.095333e+01  3.150000e+01
     vertex  1.572559e+01  9.562943e+00  3.150000e+01
     vertex  1.605454e+01  9.762982e+00  2.700000e+01
   endloop
 endfacet
 facet normal  8.268708e-01  5.559074e-01  8.515644e-02
   outer loop
     vertex  1.479083e+01  1.095333e+01  3.150000e+01
     vertex  1.605454e+01  9.762982e+00  2.700000e+01
     vertex  1.510023e+01  1.118245e+01  2.700000e+01
   endloop
 endfacet
 facet normal -2.905866e-01  9.530519e-01  8.515644e-02
   outer loop
     vertex -5.037932e+00  1.969589e+01  9.000000e+00
     vertex -5.133338e+00  2.006888e+01  4.500000e+00
     vertex -6.937031e+00  1.951894e+01  4.500000e+00
   endloop
 endfacet
 facet normal -2.027170e-01  9.755277e-01  8.515644e-02
   outer loop
     vertex -5.037932e+00  1.969589e+01  9.000000e+00
     vertex -3.287109e+00  2.045253e+01  4.500000e+00
     vertex -5.133338e+00  2.006888e+01  4.500000e+00
   endloop
 endfacet
 facet normal -2.027170e-01  9.755277e-01  8.515644e-02
   outer loop
     vertex -5.037932e+00  1.969589e+01  9.000000e+00
     vertex -3.226016e+00  2.007241e+01  9.000000e+00
     vertex -3.287109e+00  2.045253e+01  4.500000e+00
   endloop
 endfacet
 facet normal  9.873865e-01  1.357132e-01  8.154616e-02
   outer loop
     vertex  1.734335e+01  3.193984e+00  4.050000e+01
     vertex  1.705733e+01  2.570979e+00  4.500000e+01
     vertex  1.756194e+01  1.603636e+00  4.050000e+01
   endloop
 endfacet
 facet normal  9.811327e-01  1.730002e-01  8.631090e-02
   outer loop
     vertex  1.734335e+01  3.193984e+00  4.050000e+01
     vertex  1.690798e+01  3.418021e+00  4.500000e+01
     vertex  1.705733e+01  2.570979e+00  4.500000e+01
   endloop
 endfacet
 facet normal  9.715674e-01  2.217539e-01  8.295821e-02
   outer loop
     vertex  1.734335e+01  3.193984e+00  4.050000e+01
     vertex  1.671658e+01  4.256565e+00  4.500000e+01
     vertex  1.690798e+01  3.418021e+00  4.500000e+01
   endloop
 endfacet
 facet normal  9.870874e-01  1.356720e-01  8.515644e-02
   outer loop
     vertex  1.734335e+01  3.193984e+00  4.050000e+01
     vertex  1.756194e+01  1.603636e+00  4.050000e+01
     vertex  1.772198e+01  3.263714e+00  3.600000e+01
   endloop
 endfacet
 facet normal  2.469076e-01  9.652901e-01  8.515644e-02
   outer loop
     vertex  3.979600e+00  1.915088e+01  1.800000e+01
     vertex  5.704595e+00  1.870966e+01  1.800000e+01
     vertex  5.816878e+00  1.907792e+01  1.350000e+01
   endloop
 endfacet
 facet normal  2.469076e-01  9.652901e-01  8.515644e-02
   outer loop
     vertex  3.979600e+00  1.915088e+01  1.800000e+01
     vertex  5.816878e+00  1.907792e+01  1.350000e+01
     vertex  4.057930e+00  1.952783e+01  1.350000e+01
   endloop
 endfacet
 facet normal  6.462262e-01  7.583799e-01  8.515644e-02
   outer loop
     vertex  1.152328e+01  1.484177e+01  2.700000e+01
     vertex  1.282517e+01  1.373241e+01  2.700000e+01
     vertex  1.175939e+01  1.514587e+01  2.250000e+01
   endloop
 endfacet
 facet normal -4.582015e-01  8.842887e-01  8.991633e-02
   outer loop
     vertex -1.035750e+01  1.793972e+01  4.500000e+00
     vertex -8.683242e+00  1.880725e+01  4.500000e+00
     vertex -9.626045e+00  1.877630e+01  0.000000e+00
   endloop
 endfacet
 facet normal -4.765143e-01  8.750269e-01  8.521784e-02
   outer loop
     vertex -1.035750e+01  1.793972e+01  4.500000e+00
     vertex -9.626045e+00  1.877630e+01  0.000000e+00
     vertex -1.055000e+01  1.827314e+01  0.000000e+00
   endloop
 endfacet
 facet normal -5.195384e-01  8.501869e-01  8.521784e-02
   outer loop
     vertex -1.035750e+01  1.793972e+01  4.500000e+00
     vertex -1.055000e+01  1.827314e+01  0.000000e+00
     vertex -1.144773e+01  1.772455e+01  0.000000e+00
   endloop
 endfacet
 facet normal  9.138796e-01  3.969539e-01  8.515644e-02
   outer loop
     vertex  1.618426e+01  7.924020e+00  3.600000e+01
     vertex  1.683778e+01  6.419476e+00  3.600000e+01
     vertex  1.719752e+01  6.556629e+00  3.150000e+01
   endloop
 endfacet
 facet normal  9.138796e-01  3.969539e-01  8.515644e-02
   outer loop
     vertex  1.618426e+01  7.924020e+00  3.600000e+01
     vertex  1.719752e+01  6.556629e+00  3.150000e+01
     vertex  1.653004e+01  8.093318e+00  3.150000e+01
   endloop
 endfacet
 facet normal -2.268051e-02  9.961094e-01  8.515644e-02
   outer loop
     vertex -1.361095e+00  1.989850e+01  1.350000e+01
     vertex  4.627758e-01  2.032473e+01  9.000000e+00
     vertex -1.387368e+00  2.028261e+01  9.000000e+00
   endloop
 endfacet
 facet normal -2.268051e-02  9.961094e-01  8.515644e-02
   outer loop
     vertex -1.361095e+00  1.989850e+01  1.350000e+01
     vertex  4.540120e-01  1.993983e+01  1.350000e+01
     vertex  4.627758e-01  2.032473e+01  9.000000e+00
   endloop
 endfacet
 facet normal  4.176539e-01  9.046069e-01  8.515644e-02
   outer loop
     vertex  7.237013e+00  1.775687e+01  2.250000e+01
     vertex  8.998872e+00  1.736703e+01  1.800000e+01
     vertex  7.382319e+00  1.811339e+01  1.800000e+01
   endloop
 endfacet
 facet normal  3.336632e-01  9.388382e-01  8.515644e-02
   outer loop
     vertex  7.237013e+00  1.775687e+01  2.250000e+01
     vertex  7.382319e+00  1.811339e+01  1.800000e+01
     vertex  5.704595e+00  1.870966e+01  1.800000e+01
   endloop
 endfacet
 facet normal  4.176539e-01  9.046069e-01  8.515644e-02
   outer loop
     vertex  7.237013e+00  1.775687e+01  2.250000e+01
     vertex  8.821747e+00  1.702520e+01  2.250000e+01
     vertex  8.998872e+00  1.736703e+01  1.800000e+01
   endloop
 endfacet
 facet normal  7.728936e-01  6.287956e-01  8.515644e-02
   outer loop
     vertex  1.373351e+01  1.225295e+01  3.150000e+01
     vertex  1.479083e+01  1.095333e+01  3.150000e+01
     vertex  1.510023e+01  1.118245e+01  2.700000e+01
   endloop
 endfacet
 facet normal  7.728936e-01  6.287956e-01  8.515644e-02
   outer loop
     vertex  1.373351e+01  1.225295e+01  3.150000e+01
     vertex  1.510023e+01  1.118245e+01  2.700000e+01
     vertex  1.402079e+01  1.250926e+01  2.700000e+01
   endloop
 endfacet
 facet normal -2.905866e-01  9.530519e-01  8.515644e-02
   outer loop
     vertex -6.808103e+00  1.915616e+01  9.000000e+00
     vertex -5.037932e+00  1.969589e+01  9.000000e+00
     vertex -6.937031e+00  1.951894e+01  4.500000e+00
   endloop
 endfacet
 facet normal -3.760483e-01  9.226788e-01  8.515644e-02
   outer loop
     vertex -6.808103e+00  1.915616e+01  9.000000e+00
     vertex -6.937031e+00  1.951894e+01  4.500000e+00
     vertex -8.683242e+00  1.880725e+01  4.500000e+00
   endloop
 endfacet
 facet normal  9.709089e-01  2.249282e-01  8.211697e-02
   outer loop
     vertex  1.698105e+01  4.757866e+00  4.050000e+01
     vertex  1.671658e+01  4.256565e+00  4.500000e+01
     vertex  1.734335e+01  3.193984e+00  4.050000e+01
   endloop
 endfacet
 facet normal  9.590229e-01  2.698272e-01  8.642019e-02
   outer loop
     vertex  1.698105e+01  4.757866e+00  4.050000e+01
     vertex  1.648363e+01  5.084527e+00  4.500000e+01
     vertex  1.671658e+01  4.256565e+00  4.500000e+01
   endloop
 endfacet
 facet normal  9.706604e-01  2.248706e-01  8.515644e-02
   outer loop
     vertex  1.698105e+01  4.757866e+00  4.050000e+01
     vertex  1.734335e+01  3.193984e+00  4.050000e+01
     vertex  1.772198e+01  3.263714e+00  3.600000e+01
   endloop
 endfacet
 facet normal  9.706604e-01  2.248706e-01  8.515644e-02
   outer loop
     vertex  1.698105e+01  4.757866e+00  4.050000e+01
     vertex  1.772198e+01  3.263714e+00  3.600000e+01
     vertex  1.735177e+01  4.861738e+00  3.600000e+01
   endloop
 endfacet
 facet normal  6.799453e-02  9.940448e-01  8.515644e-02
   outer loop
     vertex  2.221628e+00  1.943342e+01  1.800000e+01
     vertex  2.265357e+00  1.981593e+01  1.350000e+01
     vertex  4.540120e-01  1.993983e+01  1.350000e+01
   endloop
 endfacet
 facet normal  1.581061e-01  9.837433e-01  8.515644e-02
   outer loop
     vertex  2.221628e+00  1.943342e+01  1.800000e+01
     vertex  4.057930e+00  1.952783e+01  1.350000e+01
     vertex  2.265357e+00  1.981593e+01  1.350000e+01
   endloop
 endfacet
 facet normal  1.581061e-01  9.837433e-01  8.515644e-02
   outer loop
     vertex  2.221628e+00  1.943342e+01  1.800000e+01
     vertex  3.979600e+00  1.915088e+01  1.800000e+01
     vertex  4.057930e+00  1.952783e+01  1.350000e+01
   endloop
 endfacet
 facet normal  5.745856e-01  8.140023e-01  8.515644e-02
   outer loop
     vertex  1.012591e+01  1.582814e+01  2.700000e+01
     vertex  1.175939e+01  1.514587e+01  2.250000e+01
     vertex  1.033338e+01  1.615246e+01  2.250000e+01
   endloop
 endfacet
 facet normal  5.745856e-01  8.140023e-01  8.515644e-02
   outer loop
     vertex  1.012591e+01  1.582814e+01  2.700000e+01
     vertex  1.152328e+01  1.484177e+01  2.700000e+01
     vertex  1.175939e+01  1.514587e+01  2.250000e+01
   endloop
 endfacet
 facet normal -5.367157e-01  8.389584e-01  8.991633e-02
   outer loop
     vertex -1.194593e+01  1.692353e+01  4.500000e+00
     vertex -1.035750e+01  1.793972e+01  4.500000e+00
     vertex -1.144773e+01  1.772455e+01  0.000000e+00
   endloop
 endfacet
 facet normal -5.613099e-01  8.232904e-01  8.440448e-02
   outer loop
     vertex -1.194593e+01  1.692353e+01  4.500000e+00
     vertex -1.144773e+01  1.772455e+01  0.000000e+00
     vertex -1.231699e+01  1.713189e+01  0.000000e+00
   endloop
 endfacet
 facet normal -6.015479e-01  7.941535e-01  8.637329e-02
   outer loop
     vertex -1.194593e+01  1.692353e+01  4.500000e+00
     vertex -1.231699e+01  1.713189e+01  0.000000e+00
     vertex -1.315563e+01  1.649664e+01  0.000000e+00
   endloop
 endfacet
 facet normal  8.739963e-01  4.784128e-01  8.515644e-02
   outer loop
     vertex  1.539664e+01  9.362903e+00  3.600000e+01
     vertex  1.653004e+01  8.093318e+00  3.150000e+01
     vertex  1.572559e+01  9.562943e+00  3.150000e+01
   endloop
 endfacet
 facet normal  8.739963e-01  4.784128e-01  8.515644e-02
   outer loop
     vertex  1.539664e+01  9.362903e+00  3.600000e+01
     vertex  1.618426e+01  7.924020e+00  3.600000e+01
     vertex  1.653004e+01  8.093318e+00  3.150000e+01
   endloop
 endfacet
 facet normal -1.131676e-01  9.899199e-01  8.515644e-02
   outer loop
     vertex -3.164923e+00  1.969229e+01  1.350000e+01
     vertex -1.387368e+00  2.028261e+01  9.000000e+00
     vertex -3.226016e+00  2.007241e+01  9.000000e+00
   endloop
 endfacet
 facet normal -1.131676e-01  9.899199e-01  8.515644e-02
   outer loop
     vertex -3.164923e+00  1.969229e+01  1.350000e+01
     vertex -1.361095e+00  1.989850e+01  1.350000e+01
     vertex -1.387368e+00  2.028261e+01  9.000000e+00
   endloop
 endfacet
 facet normal  3.336632e-01  9.388382e-01  8.515644e-02
   outer loop
     vertex  5.592311e+00  1.834139e+01  2.250000e+01
     vertex  7.237013e+00  1.775687e+01  2.250000e+01
     vertex  5.704595e+00  1.870966e+01  1.800000e+01
   endloop
 endfacet
 facet normal  7.125119e-01  6.964733e-01  8.515644e-02
   outer loop
     vertex  1.256239e+01  1.345104e+01  3.150000e+01
     vertex  1.402079e+01  1.250926e+01  2.700000e+01
     vertex  1.282517e+01  1.373241e+01  2.700000e+01
   endloop
 endfacet
 facet normal  7.125119e-01  6.964733e-01  8.515644e-02
   outer loop
     vertex  1.256239e+01  1.345104e+01  3.150000e+01
     vertex  1.373351e+01  1.225295e+01  3.150000e+01
     vertex  1.402079e+01  1.250926e+01  2.700000e+01
   endloop
 endfacet
 facet normal -4.583939e-01  8.846601e-01  8.515644e-02
   outer loop
     vertex -8.521859e+00  1.845770e+01  9.000000e+00
     vertex -8.683242e+00  1.880725e+01  4.500000e+00
     vertex -1.035750e+01  1.793972e+01  4.500000e+00
   endloop
 endfacet
 facet normal -3.760483e-01  9.226788e-01  8.515644e-02
   outer loop
     vertex -8.521859e+00  1.845770e+01  9.000000e+00
     vertex -6.808103e+00  1.915616e+01  9.000000e+00
     vertex -8.683242e+00  1.880725e+01  4.500000e+00
   endloop
 endfacet
 facet normal  9.446325e-01  3.173796e-01  8.330450e-02
   outer loop
     vertex  1.647804e+01  6.282323e+00  4.050000e+01
     vertex  1.620970e+01  5.899847e+00  4.500000e+01
     vertex  1.648363e+01  5.084527e+00  4.500000e+01
   endloop
 endfacet
 facet normal  9.274058e-01  3.639800e-01  8.623803e-02
   outer loop
     vertex  1.647804e+01  6.282323e+00  4.050000e+01
     vertex  1.589546e+01  6.700500e+00  4.500000e+01
     vertex  1.620970e+01  5.899847e+00  4.500000e+01
   endloop
 endfacet
 facet normal  9.464457e-01  3.122901e-01  8.194752e-02
   outer loop
     vertex  1.647804e+01  6.282323e+00  4.050000e+01
     vertex  1.648363e+01  5.084527e+00  4.500000e+01
     vertex  1.698105e+01  4.757866e+00  4.050000e+01
   endloop
 endfacet
 facet normal  9.461902e-01  3.122058e-01  8.515644e-02
   outer loop
     vertex  1.647804e+01  6.282323e+00  4.050000e+01
     vertex  1.735177e+01  4.861738e+00  3.600000e+01
     vertex  1.683778e+01  6.419476e+00  3.600000e+01
   endloop
 endfacet
 facet normal  9.461902e-01  3.122058e-01  8.515644e-02
   outer loop
     vertex  1.647804e+01  6.282323e+00  4.050000e+01
     vertex  1.698105e+01  4.757866e+00  4.050000e+01
     vertex  1.735177e+01  4.861738e+00  3.600000e+01
   endloop
 endfacet
 facet normal  6.799453e-02  9.940448e-01  8.515644e-02
   outer loop
     vertex  4.452482e-01  1.955493e+01  1.800000e+01
     vertex  2.221628e+00  1.943342e+01  1.800000e+01
     vertex  4.540120e-01  1.993983e+01  1.350000e+01
   endloop
 endfacet
 facet normal  4.981838e-01  8.628796e-01  8.515644e-02
   outer loop
     vertex  8.644622e+00  1.668336e+01  2.700000e+01
     vertex  1.033338e+01  1.615246e+01  2.250000e+01
     vertex  8.821747e+00  1.702520e+01  2.250000e+01
   endloop
 endfacet
 facet normal  4.981838e-01  8.628796e-01  8.515644e-02
   outer loop
     vertex  8.644622e+00  1.668336e+01  2.700000e+01
     vertex  1.012591e+01  1.582814e+01  2.700000e+01
     vertex  1.033338e+01  1.615246e+01  2.250000e+01
   endloop
 endfacet
 facet normal  4.176539e-01  9.046069e-01  8.515644e-02
   outer loop
     vertex  8.644622e+00  1.668336e+01  2.700000e+01
     vertex  8.821747e+00  1.702520e+01  2.250000e+01
     vertex  7.237013e+00  1.775687e+01  2.250000e+01
   endloop
 endfacet
 facet normal -6.108019e-01  7.867011e-01  8.956793e-02
   outer loop
     vertex -1.343538e+01  1.576711e+01  4.500000e+00
     vertex -1.194593e+01  1.692353e+01  4.500000e+00
     vertex -1.315563e+01  1.649664e+01  0.000000e+00
   endloop
 endfacet
 facet normal -6.405194e-01  7.633413e-01  8.393348e-02
   outer loop
     vertex -1.343538e+01  1.576711e+01  4.500000e+00
     vertex -1.315563e+01  1.649664e+01  0.000000e+00
     vertex -1.396157e+01  1.582038e+01  0.000000e+00
   endloop
 endfacet
 facet normal -6.775418e-01  7.302164e-01  8.787044e-02
   outer loop
     vertex -1.343538e+01  1.576711e+01  4.500000e+00
     vertex -1.396157e+01  1.582038e+01  0.000000e+00
     vertex -1.473280e+01  1.510479e+01  0.000000e+00
   endloop
 endfacet
 facet normal  7.728936e-01  6.287956e-01  8.515644e-02
   outer loop
     vertex  1.448143e+01  1.072420e+01  3.600000e+01
     vertex  1.479083e+01  1.095333e+01  3.150000e+01
     vertex  1.373351e+01  1.225295e+01  3.150000e+01
   endloop
 endfacet
 facet normal  8.268708e-01  5.559074e-01  8.515644e-02
   outer loop
     vertex  1.448143e+01  1.072420e+01  3.600000e+01
     vertex  1.539664e+01  9.362903e+00  3.600000e+01
     vertex  1.572559e+01  9.562943e+00  3.150000e+01
   endloop
 endfacet
 facet normal  8.268708e-01  5.559074e-01  8.515644e-02
   outer loop
     vertex  1.448143e+01  1.072420e+01  3.600000e+01
     vertex  1.572559e+01  9.562943e+00  3.150000e+01
     vertex  1.479083e+01  1.095333e+01  3.150000e+01
   endloop
 endfacet
 facet normal -2.027170e-01  9.755277e-01  8.515644e-02
   outer loop
     vertex -4.942526e+00  1.932290e+01  1.350000e+01
     vertex -3.164923e+00  1.969229e+01  1.350000e+01
     vertex -3.226016e+00  2.007241e+01  9.000000e+00
   endloop
 endfacet
 facet normal -2.027170e-01  9.755277e-01  8.515644e-02
   outer loop
     vertex -4.942526e+00  1.932290e+01  1.350000e+01
     vertex -3.226016e+00  2.007241e+01  9.000000e+00
     vertex -5.037932e+00  1.969589e+01  9.000000e+00
   endloop
 endfacet
 facet normal  2.469076e-01  9.652901e-01  8.515644e-02
   outer loop
     vertex  3.901269e+00  1.877394e+01  2.250000e+01
     vertex  5.704595e+00  1.870966e+01  1.800000e+01
     vertex  3.979600e+00  1.915088e+01  1.800000e+01
   endloop
 endfacet
 facet normal  2.469076e-01  9.652901e-01  8.515644e-02
   outer loop
     vertex  3.901269e+00  1.877394e+01  2.250000e+01
     vertex  5.592311e+00  1.834139e+01  2.250000e+01
     vertex  5.704595e+00  1.870966e+01  1.800000e+01
   endloop
 endfacet
 facet normal  6.462262e-01  7.583799e-01  8.515644e-02
   outer loop
     vertex  1.128717e+01  1.453767e+01  3.150000e+01
     vertex  1.282517e+01  1.373241e+01  2.700000e+01
     vertex  1.152328e+01  1.484177e+01  2.700000e+01
   endloop
 endfacet
 facet normal  6.462262e-01  7.583799e-01  8.515644e-02
   outer loop
     vertex  1.128717e+01  1.453767e+01  3.150000e+01
     vertex  1.256239e+01  1.345104e+01  3.150000e+01
     vertex  1.282517e+01  1.373241e+01  2.700000e+01
   endloop
 endfacet
 facet normal -4.583939e-01  8.846601e-01  8.515644e-02
   outer loop
     vertex -1.016500e+01  1.760630e+01  9.000000e+00
     vertex -8.521859e+00  1.845770e+01  9.000000e+00
     vertex -1.035750e+01  1.793972e+01  4.500000e+00
   endloop
 endfacet
 facet normal  9.138796e-01  3.969539e-01  8.515644e-02
   outer loop
     vertex  1.583848e+01  7.754722e+00  4.050000e+01
     vertex  1.683778e+01  6.419476e+00  3.600000e+01
     vertex  1.618426e+01  7.924020e+00  3.600000e+01
   endloop
 endfacet
 facet normal  9.082453e-01  4.098159e-01  8.450724e-02
   outer loop
     vertex  1.583848e+01  7.754722e+00  4.050000e+01
     vertex  1.554171e+01  7.484494e+00  4.500000e+01
     vertex  1.589546e+01  6.700500e+00  4.500000e+01
   endloop
 endfacet
 facet normal  8.865930e-01  4.545297e-01  8.576439e-02
   outer loop
     vertex  1.583848e+01  7.754722e+00  4.050000e+01
     vertex  1.514932e+01  8.249881e+00  4.500000e+01
     vertex  1.554171e+01  7.484494e+00  4.500000e+01
   endloop
 endfacet
 facet normal  9.141639e-01  3.970774e-01  8.144804e-02
   outer loop
     vertex  1.583848e+01  7.754722e+00  4.050000e+01
     vertex  1.589546e+01  6.700500e+00  4.500000e+01
     vertex  1.647804e+01  6.282323e+00  4.050000e+01
   endloop
 endfacet
 facet normal  9.138796e-01  3.969539e-01  8.515644e-02
   outer loop
     vertex  1.583848e+01  7.754722e+00  4.050000e+01
     vertex  1.647804e+01  6.282323e+00  4.050000e+01
     vertex  1.683778e+01  6.419476e+00  3.600000e+01
   endloop
 endfacet
 facet normal -2.268051e-02  9.961094e-01  8.515644e-02
   outer loop
     vertex -1.334822e+00  1.951440e+01  1.800000e+01
     vertex  4.452482e-01  1.955493e+01  1.800000e+01
     vertex  4.540120e-01  1.993983e+01  1.350000e+01
   endloop
 endfacet
 facet normal -2.268051e-02  9.961094e-01  8.515644e-02
   outer loop
     vertex -1.334822e+00  1.951440e+01  1.800000e+01
     vertex  4.540120e-01  1.993983e+01  1.350000e+01
     vertex -1.361095e+00  1.989850e+01  1.350000e+01
   endloop
 endfacet
 facet normal  4.176539e-01  9.046069e-01  8.515644e-02
   outer loop
     vertex  7.091707e+00  1.740034e+01  2.700000e+01
     vertex  8.644622e+00  1.668336e+01  2.700000e+01
     vertex  7.237013e+00  1.775687e+01  2.250000e+01
   endloop
 endfacet
 facet normal -6.798524e-01  7.279441e-01  8.887105e-02
   outer loop
     vertex -1.481349e+01  1.448004e+01  4.500000e+00
     vertex -1.343538e+01  1.576711e+01  4.500000e+00
     vertex -1.473280e+01  1.510479e+01  0.000000e+00
   endloop
 endfacet
 facet normal -7.133486e-01  6.957805e-01  8.380502e-02
   outer loop
     vertex -1.481349e+01  1.448004e+01  4.500000e+00
     vertex -1.473280e+01  1.510479e+01  0.000000e+00
     vertex -1.546739e+01  1.435164e+01  0.000000e+00
   endloop
 endfacet
 facet normal  7.728936e-01  6.287956e-01  8.515644e-02
   outer loop
     vertex  1.344623e+01  1.199664e+01  3.600000e+01
     vertex  1.448143e+01  1.072420e+01  3.600000e+01
     vertex  1.373351e+01  1.225295e+01  3.150000e+01
   endloop
 endfacet
 facet normal -2.905866e-01  9.530519e-01  8.515644e-02
   outer loop
     vertex -6.679174e+00  1.879339e+01  1.350000e+01
     vertex -4.942526e+00  1.932290e+01  1.350000e+01
     vertex -5.037932e+00  1.969589e+01  9.000000e+00
   endloop
 endfacet
 facet normal -2.905866e-01  9.530519e-01  8.515644e-02
   outer loop
     vertex -6.679174e+00  1.879339e+01  1.350000e+01
     vertex -5.037932e+00  1.969589e+01  9.000000e+00
     vertex -6.808103e+00  1.915616e+01  9.000000e+00
   endloop
 endfacet
 facet normal  1.581061e-01  9.837433e-01  8.515644e-02
   outer loop
     vertex  2.177900e+00  1.905092e+01  2.250000e+01
     vertex  3.979600e+00  1.915088e+01  1.800000e+01
     vertex  2.221628e+00  1.943342e+01  1.800000e+01
   endloop
 endfacet
 facet normal  1.581061e-01  9.837433e-01  8.515644e-02
   outer loop
     vertex  2.177900e+00  1.905092e+01  2.250000e+01
     vertex  3.901269e+00  1.877394e+01  2.250000e+01
     vertex  3.979600e+00  1.915088e+01  1.800000e+01
   endloop
 endfacet
 facet normal  5.745856e-01  8.140023e-01  8.515644e-02
   outer loop
     vertex  9.918429e+00  1.550383e+01  3.150000e+01
     vertex  1.128717e+01  1.453767e+01  3.150000e+01
     vertex  1.152328e+01  1.484177e+01  2.700000e+01
   endloop
 endfacet
 facet normal  5.745856e-01  8.140023e-01  8.515644e-02
   outer loop
     vertex  9.918429e+00  1.550383e+01  3.150000e+01
     vertex  1.152328e+01  1.484177e+01  2.700000e+01
     vertex  1.012591e+01  1.582814e+01  2.700000e+01
   endloop
 endfacet
 facet normal -5.369411e-01  8.393108e-01  8.515644e-02
   outer loop
     vertex -1.172391e+01  1.660900e+01  9.000000e+00
     vertex -1.016500e+01  1.760630e+01  9.000000e+00
     vertex -1.035750e+01  1.793972e+01  4.500000e+00
   endloop
 endfacet
 facet normal -5.369411e-01  8.393108e-01  8.515644e-02
   outer loop
     vertex -1.172391e+01  1.660900e+01  9.000000e+00
     vertex -1.035750e+01  1.793972e+01  4.500000e+00
     vertex -1.194593e+01  1.692353e+01  4.500000e+00
   endloop
 endfacet
 facet normal -6.110391e-01  7.870067e-01  8.515644e-02
   outer loop
     vertex -1.172391e+01  1.660900e+01  9.000000e+00
     vertex -1.194593e+01  1.692353e+01  4.500000e+00
     vertex -1.343538e+01  1.576711e+01  4.500000e+00
   endloop
 endfacet
 facet normal  8.742836e-01  4.785700e-01  8.123395e-02
   outer loop
     vertex  1.506769e+01  9.162863e+00  4.050000e+01
     vertex  1.514932e+01  8.249881e+00  4.500000e+01
     vertex  1.583848e+01  7.754722e+00  4.050000e+01
   endloop
 endfacet
 facet normal  8.739963e-01  4.784128e-01  8.515644e-02
   outer loop
     vertex  1.506769e+01  9.162863e+00  4.050000e+01
     vertex  1.583848e+01  7.754722e+00  4.050000e+01
     vertex  1.618426e+01  7.924020e+00  3.600000e+01
   endloop
 endfacet
 facet normal  8.628602e-01  4.981726e-01  8.541825e-02
   outer loop
     vertex  1.506769e+01  9.162863e+00  4.050000e+01
     vertex  1.471927e+01  8.994757e+00  4.500000e+01
     vertex  1.514932e+01  8.249881e+00  4.500000e+01
   endloop
 endfacet
 facet normal  8.369859e-01  5.405828e-01  8.499920e-02
   outer loop
     vertex  1.506769e+01  9.162863e+00  4.050000e+01
     vertex  1.425262e+01  9.717271e+00  4.500000e+01
     vertex  1.471927e+01  8.994757e+00  4.500000e+01
   endloop
 endfacet
 facet normal  8.739963e-01  4.784128e-01  8.515644e-02
   outer loop
     vertex  1.506769e+01  9.162863e+00  4.050000e+01
     vertex  1.618426e+01  7.924020e+00  3.600000e+01
     vertex  1.539664e+01  9.362903e+00  3.600000e+01
   endloop
 endfacet
 facet normal -2.027170e-01  9.755277e-01  8.515644e-02
   outer loop
     vertex -3.103831e+00  1.931217e+01  1.800000e+01
     vertex -3.164923e+00  1.969229e+01  1.350000e+01
     vertex -4.942526e+00  1.932290e+01  1.350000e+01
   endloop
 endfacet
 facet normal -1.131676e-01  9.899199e-01  8.515644e-02
   outer loop
     vertex -3.103831e+00  1.931217e+01  1.800000e+01
     vertex -1.361095e+00  1.989850e+01  1.350000e+01
     vertex -3.164923e+00  1.969229e+01  1.350000e+01
   endloop
 endfacet
 facet normal -1.131676e-01  9.899199e-01  8.515644e-02
   outer loop
     vertex -3.103831e+00  1.931217e+01  1.800000e+01
     vertex -1.334822e+00  1.951440e+01  1.800000e+01
     vertex -1.361095e+00  1.989850e+01  1.350000e+01
   endloop
 endfacet
 facet normal  3.336632e-01  9.388382e-01  8.515644e-02
   outer loop
     vertex  5.480027e+00  1.797313e+01  2.700000e+01
     vertex  7.237013e+00  1.775687e+01  2.250000e+01
     vertex  5.592311e+00  1.834139e+01  2.250000e+01
   endloop
 endfacet
 facet normal  2.469076e-01  9.652901e-01  8.515644e-02
   outer loop
     vertex  5.480027e+00  1.797313e+01  2.700000e+01
     vertex  5.592311e+00  1.834139e+01  2.250000e+01
     vertex  3.901269e+00  1.877394e+01  2.250000e+01
   endloop
 endfacet
 facet normal  3.336632e-01  9.388382e-01  8.515644e-02
   outer loop
     vertex  5.480027e+00  1.797313e+01  2.700000e+01
     vertex  7.091707e+00  1.740034e+01  2.700000e+01
     vertex  7.237013e+00  1.775687e+01  2.250000e+01
   endloop
 endfacet
 facet normal -7.432174e-01  6.630936e-01  8.907795e-02
   outer loop
     vertex -1.606886e+01  1.307299e+01  4.500000e+00
     vertex -1.481349e+01  1.448004e+01  4.500000e+00
     vertex -1.546739e+01  1.435164e+01  0.000000e+00
   endloop
 endfacet
 facet normal -7.469078e-01  6.591500e-01  8.746415e-02
   outer loop
     vertex -1.606886e+01  1.307299e+01  4.500000e+00
     vertex -1.546739e+01  1.435164e+01  0.000000e+00
     vertex -1.616354e+01  1.356282e+01  0.000000e+00
   endloop
 endfacet
 facet normal -7.790670e-01  6.212852e-01  8.401912e-02
   outer loop
     vertex -1.606886e+01  1.307299e+01  4.500000e+00
     vertex -1.616354e+01  1.356282e+01  0.000000e+00
     vertex -1.681950e+01  1.274027e+01  0.000000e+00
   endloop
 endfacet
 facet normal  7.125119e-01  6.964733e-01  8.515644e-02
   outer loop
     vertex  1.229961e+01  1.316966e+01  3.600000e+01
     vertex  1.373351e+01  1.225295e+01  3.150000e+01
     vertex  1.256239e+01  1.345104e+01  3.150000e+01
   endloop
 endfacet
 facet normal  7.125119e-01  6.964733e-01  8.515644e-02
   outer loop
     vertex  1.229961e+01  1.316966e+01  3.600000e+01
     vertex  1.344623e+01  1.199664e+01  3.600000e+01
     vertex  1.373351e+01  1.225295e+01  3.150000e+01
   endloop
 endfacet
 facet normal -3.760483e-01  9.226788e-01  8.515644e-02
   outer loop
     vertex -8.360476e+00  1.810816e+01  1.350000e+01
     vertex -6.808103e+00  1.915616e+01  9.000000e+00
     vertex -8.521859e+00  1.845770e+01  9.000000e+00
   endloop
 endfacet
 facet normal -3.760483e-01  9.226788e-01  8.515644e-02
   outer loop
     vertex -8.360476e+00  1.810816e+01  1.350000e+01
     vertex -6.679174e+00  1.879339e+01  1.350000e+01
     vertex -6.808103e+00  1.915616e+01  9.000000e+00
   endloop
 endfacet
 facet normal  6.799453e-02  9.940448e-01  8.515644e-02
   outer loop
     vertex  4.364843e-01  1.917003e+01  2.250000e+01
     vertex  2.177900e+00  1.905092e+01  2.250000e+01
     vertex  2.221628e+00  1.943342e+01  1.800000e+01
   endloop
 endfacet
 facet normal  6.799453e-02  9.940448e-01  8.515644e-02
   outer loop
     vertex  4.364843e-01  1.917003e+01  2.250000e+01
     vertex  2.221628e+00  1.943342e+01  1.800000e+01
     vertex  4.452482e-01  1.955493e+01  1.800000e+01
   endloop
 endfacet
 facet normal  4.981838e-01  8.628796e-01  8.515644e-02
   outer loop
     vertex  8.467497e+00  1.634153e+01  3.150000e+01
     vertex  9.918429e+00  1.550383e+01  3.150000e+01
     vertex  1.012591e+01  1.582814e+01  2.700000e+01
   endloop
 endfacet
 facet normal  4.981838e-01  8.628796e-01  8.515644e-02
   outer loop
     vertex  8.467497e+00  1.634153e+01  3.150000e+01
     vertex  1.012591e+01  1.582814e+01  2.700000e+01
     vertex  8.644622e+00  1.668336e+01  2.700000e+01
   endloop
 endfacet
 facet normal -6.110391e-01  7.870067e-01  8.515644e-02
   outer loop
     vertex -1.318567e+01  1.547407e+01  9.000000e+00
     vertex -1.172391e+01  1.660900e+01  9.000000e+00
     vertex -1.343538e+01  1.576711e+01  4.500000e+00
   endloop
 endfacet
 facet normal  8.089272e-01  5.815791e-01  8.603765e-02
   outer loop
     vertex  1.417203e+01  1.049508e+01  4.050000e+01
     vertex  1.375054e+01  1.041563e+01  4.500000e+01
     vertex  1.425262e+01  9.717271e+00  4.500000e+01
   endloop
 endfacet
 facet normal  7.790721e-01  6.212893e-01  8.394235e-02
   outer loop
     vertex  1.417203e+01  1.049508e+01  4.050000e+01
     vertex  1.321427e+01  1.108809e+01  4.500000e+01
     vertex  1.375054e+01  1.041563e+01  4.500000e+01
   endloop
 endfacet
 facet normal  8.268708e-01  5.559074e-01  8.515644e-02
   outer loop
     vertex  1.417203e+01  1.049508e+01  4.050000e+01
     vertex  1.506769e+01  9.162863e+00  4.050000e+01
     vertex  1.539664e+01  9.362903e+00  3.600000e+01
   endloop
 endfacet
 facet normal  8.268708e-01  5.559074e-01  8.515644e-02
   outer loop
     vertex  1.417203e+01  1.049508e+01  4.050000e+01
     vertex  1.539664e+01  9.362903e+00  3.600000e+01
     vertex  1.448143e+01  1.072420e+01  3.600000e+01
   endloop
 endfacet
 facet normal  8.271377e-01  5.560869e-01  8.130532e-02
   outer loop
     vertex  1.417203e+01  1.049508e+01  4.050000e+01
     vertex  1.425262e+01  9.717271e+00  4.500000e+01
     vertex  1.506769e+01  9.162863e+00  4.050000e+01
   endloop
 endfacet
 facet normal -2.027170e-01  9.755277e-01  8.515644e-02
   outer loop
     vertex -4.847120e+00  1.894991e+01  1.800000e+01
     vertex -3.103831e+00  1.931217e+01  1.800000e+01
     vertex -4.942526e+00  1.932290e+01  1.350000e+01
   endloop
 endfacet
 facet normal  2.469076e-01  9.652901e-01  8.515644e-02
   outer loop
     vertex  3.822938e+00  1.839699e+01  2.700000e+01
     vertex  5.480027e+00  1.797313e+01  2.700000e+01
     vertex  3.901269e+00  1.877394e+01  2.250000e+01
   endloop
 endfacet
 facet normal -8.003924e-01  5.927293e-01  8.968769e-02
   outer loop
     vertex -1.719107e+01  1.155760e+01  4.500000e+00
     vertex -1.606886e+01  1.307299e+01  4.500000e+00
     vertex -1.681950e+01  1.274027e+01  0.000000e+00
   endloop
 endfacet
 facet normal -8.089262e-01  5.815783e-01  8.605238e-02
   outer loop
     vertex -1.719107e+01  1.155760e+01  4.500000e+00
     vertex -1.681950e+01  1.274027e+01  0.000000e+00
     vertex -1.743364e+01  1.188605e+01  0.000000e+00
   endloop
 endfacet
 facet normal -8.370162e-01  5.406024e-01  8.457573e-02
   outer loop
     vertex -1.719107e+01  1.155760e+01  4.500000e+00
     vertex -1.743364e+01  1.188605e+01  0.000000e+00
     vertex -1.800444e+01  1.100228e+01  0.000000e+00
   endloop
 endfacet
 facet normal  6.462262e-01  7.583799e-01  8.515644e-02
   outer loop
     vertex  1.105107e+01  1.423356e+01  3.600000e+01
     vertex  1.229961e+01  1.316966e+01  3.600000e+01
     vertex  1.256239e+01  1.345104e+01  3.150000e+01
   endloop
 endfacet
 facet normal  6.462262e-01  7.583799e-01  8.515644e-02
   outer loop
     vertex  1.105107e+01  1.423356e+01  3.600000e+01
     vertex  1.256239e+01  1.345104e+01  3.150000e+01
     vertex  1.128717e+01  1.453767e+01  3.150000e+01
   endloop
 endfacet
 facet normal -4.583939e-01  8.846601e-01  8.515644e-02
   outer loop
     vertex -9.972500e+00  1.727288e+01  1.350000e+01
     vertex -8.521859e+00  1.845770e+01  9.000000e+00
     vertex -1.016500e+01  1.760630e+01  9.000000e+00
   endloop
 endfacet
 facet normal -4.583939e-01  8.846601e-01  8.515644e-02
   outer loop
     vertex -9.972500e+00  1.727288e+01  1.350000e+01
     vertex -8.360476e+00  1.810816e+01  1.350000e+01
     vertex -8.521859e+00  1.845770e+01  9.000000e+00
   endloop
 endfacet
 facet normal -2.268051e-02  9.961094e-01  8.515644e-02
   outer loop
     vertex -1.308548e+00  1.913030e+01  2.250000e+01
     vertex  4.452482e-01  1.955493e+01  1.800000e+01
     vertex -1.334822e+00  1.951440e+01  1.800000e+01
   endloop
 endfacet
 facet normal -2.268051e-02  9.961094e-01  8.515644e-02
   outer loop
     vertex -1.308548e+00  1.913030e+01  2.250000e+01
     vertex  4.364843e-01  1.917003e+01  2.250000e+01
     vertex  4.452482e-01  1.955493e+01  1.800000e+01
   endloop
 endfacet
 facet normal  4.176539e-01  9.046069e-01  8.515644e-02
   outer loop
     vertex  6.946400e+00  1.704381e+01  3.150000e+01
     vertex  8.467497e+00  1.634153e+01  3.150000e+01
     vertex  8.644622e+00  1.668336e+01  2.700000e+01
   endloop
 endfacet
 facet normal  4.176539e-01  9.046069e-01  8.515644e-02
   outer loop
     vertex  6.946400e+00  1.704381e+01  3.150000e+01
     vertex  8.644622e+00  1.668336e+01  2.700000e+01
     vertex  7.091707e+00  1.740034e+01  2.700000e+01
   endloop
 endfacet
 facet normal  3.336632e-01  9.388382e-01  8.515644e-02
   outer loop
     vertex  6.946400e+00  1.704381e+01  3.150000e+01
     vertex  7.091707e+00  1.740034e+01  2.700000e+01
     vertex  5.480027e+00  1.797313e+01  2.700000e+01
   endloop
 endfacet
 facet normal -6.800738e-01  7.281813e-01  8.515644e-02
   outer loop
     vertex -1.453818e+01  1.421092e+01  9.000000e+00
     vertex -1.343538e+01  1.576711e+01  4.500000e+00
     vertex -1.481349e+01  1.448004e+01  4.500000e+00
   endloop
 endfacet
 facet normal -7.434732e-01  6.633219e-01  8.515644e-02
   outer loop
     vertex -1.453818e+01  1.421092e+01  9.000000e+00
     vertex -1.481349e+01  1.448004e+01  4.500000e+00
     vertex -1.606886e+01  1.307299e+01  4.500000e+00
   endloop
 endfacet
 facet normal -6.800738e-01  7.281813e-01  8.515644e-02
   outer loop
     vertex -1.453818e+01  1.421092e+01  9.000000e+00
     vertex -1.318567e+01  1.547407e+01  9.000000e+00
     vertex -1.343538e+01  1.576711e+01  4.500000e+00
   endloop
 endfacet
 facet normal  7.728936e-01  6.287956e-01  8.515644e-02
   outer loop
     vertex  1.315895e+01  1.174033e+01  4.050000e+01
     vertex  1.448143e+01  1.072420e+01  3.600000e+01
     vertex  1.344623e+01  1.199664e+01  3.600000e+01
   endloop
 endfacet
 facet normal  7.728936e-01  6.287956e-01  8.515644e-02
   outer loop
     vertex  1.315895e+01  1.174033e+01  4.050000e+01
     vertex  1.417203e+01  1.049508e+01  4.050000e+01
     vertex  1.448143e+01  1.072420e+01  3.600000e+01
   endloop
 endfacet
 facet normal  7.469797e-01  6.592135e-01  8.636554e-02
   outer loop
     vertex  1.315895e+01  1.174033e+01  4.050000e+01
     vertex  1.264514e+01  1.173298e+01  4.500000e+01
     vertex  1.321427e+01  1.108809e+01  4.500000e+01
   endloop
 endfacet
 facet normal  7.134210e-01  6.958512e-01  8.259367e-02
   outer loop
     vertex  1.315895e+01  1.174033e+01  4.050000e+01
     vertex  1.204459e+01  1.234870e+01  4.500000e+01
     vertex  1.264514e+01  1.173298e+01  4.500000e+01
   endloop
 endfacet
 facet normal  7.731205e-01  6.289802e-01  8.166211e-02
   outer loop
     vertex  1.315895e+01  1.174033e+01  4.050000e+01
     vertex  1.321427e+01  1.108809e+01  4.500000e+01
     vertex  1.417203e+01  1.049508e+01  4.050000e+01
   endloop
 endfacet
 facet normal -2.905866e-01  9.530519e-01  8.515644e-02
   outer loop
     vertex -6.550245e+00  1.843062e+01  1.800000e+01
     vertex -4.942526e+00  1.932290e+01  1.350000e+01
     vertex -6.679174e+00  1.879339e+01  1.350000e+01
   endloop
 endfacet
 facet normal -2.905866e-01  9.530519e-01  8.515644e-02
   outer loop
     vertex -6.550245e+00  1.843062e+01  1.800000e+01
     vertex -4.847120e+00  1.894991e+01  1.800000e+01
     vertex -4.942526e+00  1.932290e+01  1.350000e+01
   endloop
 endfacet
 facet normal -3.760483e-01  9.226788e-01  8.515644e-02
   outer loop
     vertex -6.550245e+00  1.843062e+01  1.800000e+01
     vertex -6.679174e+00  1.879339e+01  1.350000e+01
     vertex -8.360476e+00  1.810816e+01  1.350000e+01
   endloop
 endfacet
 facet normal  1.581061e-01  9.837433e-01  8.515644e-02
   outer loop
     vertex  2.134172e+00  1.866841e+01  2.700000e+01
     vertex  3.822938e+00  1.839699e+01  2.700000e+01
     vertex  3.901269e+00  1.877394e+01  2.250000e+01
   endloop
 endfacet
 facet normal  1.581061e-01  9.837433e-01  8.515644e-02
   outer loop
     vertex  2.134172e+00  1.866841e+01  2.700000e+01
     vertex  3.901269e+00  1.877394e+01  2.250000e+01
     vertex  2.177900e+00  1.905092e+01  2.250000e+01
   endloop
 endfacet
 facet normal -8.509559e-01  5.174778e-01  8.994899e-02
   outer loop
     vertex -1.817084e+01  9.946451e+00  4.500000e+00
     vertex -1.719107e+01  1.155760e+01  4.500000e+00
     vertex -1.800444e+01  1.100228e+01  0.000000e+00
   endloop
 endfacet
 facet normal -8.628925e-01  4.981912e-01  8.498241e-02
   outer loop
     vertex -1.817084e+01  9.946451e+00  4.500000e+00
     vertex -1.800444e+01  1.100228e+01  0.000000e+00
     vertex -1.853048e+01  1.009116e+01  0.000000e+00
   endloop
 endfacet
 facet normal -8.866152e-01  4.545411e-01  8.547464e-02
   outer loop
     vertex -1.817084e+01  9.946451e+00  4.500000e+00
     vertex -1.853048e+01  1.009116e+01  0.000000e+00
     vertex -1.901044e+01  9.154947e+00  0.000000e+00
   endloop
 endfacet
 facet normal  5.745856e-01  8.140023e-01  8.515644e-02
   outer loop
     vertex  9.710953e+00  1.517952e+01  3.600000e+01
     vertex  1.105107e+01  1.423356e+01  3.600000e+01
     vertex  1.128717e+01  1.453767e+01  3.150000e+01
   endloop
 endfacet
 facet normal  5.745856e-01  8.140023e-01  8.515644e-02
   outer loop
     vertex  9.710953e+00  1.517952e+01  3.600000e+01
     vertex  1.128717e+01  1.453767e+01  3.150000e+01
     vertex  9.918429e+00  1.550383e+01  3.150000e+01
   endloop
 endfacet
 facet normal -5.369411e-01  8.393108e-01  8.515644e-02
   outer loop
     vertex -1.150189e+01  1.629446e+01  1.350000e+01
     vertex -1.016500e+01  1.760630e+01  9.000000e+00
     vertex -1.172391e+01  1.660900e+01  9.000000e+00
   endloop
 endfacet
 facet normal -5.369411e-01  8.393108e-01  8.515644e-02
   outer loop
     vertex -1.150189e+01  1.629446e+01  1.350000e+01
     vertex -9.972500e+00  1.727288e+01  1.350000e+01
     vertex -1.016500e+01  1.760630e+01  9.000000e+00
   endloop
 endfacet
 facet normal -1.131676e-01  9.899199e-01  8.515644e-02
   outer loop
     vertex -3.042738e+00  1.893205e+01  2.250000e+01
     vertex -1.334822e+00  1.951440e+01  1.800000e+01
     vertex -3.103831e+00  1.931217e+01  1.800000e+01
   endloop
 endfacet
 facet normal -1.131676e-01  9.899199e-01  8.515644e-02
   outer loop
     vertex -3.042738e+00  1.893205e+01  2.250000e+01
     vertex -1.308548e+00  1.913030e+01  2.250000e+01
     vertex -1.334822e+00  1.951440e+01  1.800000e+01
   endloop
 endfacet
 facet normal  2.469076e-01  9.652901e-01  8.515644e-02
   outer loop
     vertex  5.367744e+00  1.760487e+01  3.150000e+01
     vertex  5.480027e+00  1.797313e+01  2.700000e+01
     vertex  3.822938e+00  1.839699e+01  2.700000e+01
   endloop
 endfacet
 facet normal  3.336632e-01  9.388382e-01  8.515644e-02
   outer loop
     vertex  5.367744e+00  1.760487e+01  3.150000e+01
     vertex  6.946400e+00  1.704381e+01  3.150000e+01
     vertex  5.480027e+00  1.797313e+01  2.700000e+01
   endloop
 endfacet
 facet normal -7.434732e-01  6.633219e-01  8.515644e-02
   outer loop
     vertex -1.577021e+01  1.283002e+01  9.000000e+00
     vertex -1.453818e+01  1.421092e+01  9.000000e+00
     vertex -1.606886e+01  1.307299e+01  4.500000e+00
   endloop
 endfacet
 facet normal  7.125119e-01  6.964733e-01  8.515644e-02
   outer loop
     vertex  1.203682e+01  1.288829e+01  4.050000e+01
     vertex  1.344623e+01  1.199664e+01  3.600000e+01
     vertex  1.229961e+01  1.316966e+01  3.600000e+01
   endloop
 endfacet
 facet normal  6.776291e-01  7.303105e-01  8.640197e-02
   outer loop
     vertex  1.203682e+01  1.288829e+01  4.050000e+01
     vertex  1.141408e+01  1.293373e+01  4.500000e+01
     vertex  1.204459e+01  1.234870e+01  4.500000e+01
   endloop
 endfacet
 facet normal  7.126833e-01  6.966409e-01  8.230424e-02
   outer loop
     vertex  1.203682e+01  1.288829e+01  4.050000e+01
     vertex  1.204459e+01  1.234870e+01  4.500000e+01
     vertex  1.315895e+01  1.174033e+01  4.050000e+01
   endloop
 endfacet
 facet normal  7.125119e-01  6.964733e-01  8.515644e-02
   outer loop
     vertex  1.203682e+01  1.288829e+01  4.050000e+01
     vertex  1.315895e+01  1.174033e+01  4.050000e+01
     vertex  1.344623e+01  1.199664e+01  3.600000e+01
   endloop
 endfacet
 facet normal -4.583939e-01  8.846601e-01  8.515644e-02
   outer loop
     vertex -8.199093e+00  1.775862e+01  1.800000e+01
     vertex -8.360476e+00  1.810816e+01  1.350000e+01
     vertex -9.972500e+00  1.727288e+01  1.350000e+01
   endloop
 endfacet
 facet normal -3.760483e-01  9.226788e-01  8.515644e-02
   outer loop
     vertex -8.199093e+00  1.775862e+01  1.800000e+01
     vertex -6.550245e+00  1.843062e+01  1.800000e+01
     vertex -8.360476e+00  1.810816e+01  1.350000e+01
   endloop
 endfacet
 facet normal  6.799453e-02  9.940448e-01  8.515644e-02
   outer loop
     vertex  4.277205e-01  1.878513e+01  2.700000e+01
     vertex  2.177900e+00  1.905092e+01  2.250000e+01
     vertex  4.364843e-01  1.917003e+01  2.250000e+01
   endloop
 endfacet
 facet normal  6.799453e-02  9.940448e-01  8.515644e-02
   outer loop
     vertex  4.277205e-01  1.878513e+01  2.700000e+01
     vertex  2.134172e+00  1.866841e+01  2.700000e+01
     vertex  2.177900e+00  1.905092e+01  2.250000e+01
   endloop
 endfacet
 facet normal -8.944941e-01  4.379557e-01  8.986189e-02
   outer loop
     vertex -1.900003e+01  8.252879e+00  4.500000e+00
     vertex -1.817084e+01  9.946451e+00  4.500000e+00
     vertex -1.901044e+01  9.154947e+00  0.000000e+00
   endloop
 endfacet
 facet normal -9.082648e-01  4.098247e-01  8.425462e-02
   outer loop
     vertex -1.900003e+01  8.252879e+00  4.500000e+00
     vertex -1.901044e+01  9.154947e+00  0.000000e+00
     vertex -1.944315e+01  8.195974e+00  0.000000e+00
   endloop
 endfacet
 facet normal -9.273673e-01  3.639648e-01  8.671556e-02
   outer loop
     vertex -1.900003e+01  8.252879e+00  4.500000e+00
     vertex -1.944315e+01  8.195974e+00  0.000000e+00
     vertex -1.982751e+01  7.216625e+00  0.000000e+00
   endloop
 endfacet
 facet normal  4.981838e-01  8.628796e-01  8.515644e-02
   outer loop
     vertex  8.290372e+00  1.599969e+01  3.600000e+01
     vertex  9.918429e+00  1.550383e+01  3.150000e+01
     vertex  8.467497e+00  1.634153e+01  3.150000e+01
   endloop
 endfacet
 facet normal  4.981838e-01  8.628796e-01  8.515644e-02
   outer loop
     vertex  8.290372e+00  1.599969e+01  3.600000e+01
     vertex  9.710953e+00  1.517952e+01  3.600000e+01
     vertex  9.918429e+00  1.550383e+01  3.150000e+01
   endloop
 endfacet
 facet normal -6.110391e-01  7.870067e-01  8.515644e-02
   outer loop
     vertex -1.293597e+01  1.518103e+01  1.350000e+01
     vertex -1.150189e+01  1.629446e+01  1.350000e+01
     vertex -1.172391e+01  1.660900e+01  9.000000e+00
   endloop
 endfacet
 facet normal -6.110391e-01  7.870067e-01  8.515644e-02
   outer loop
     vertex -1.293597e+01  1.518103e+01  1.350000e+01
     vertex -1.172391e+01  1.660900e+01  9.000000e+00
     vertex -1.318567e+01  1.547407e+01  9.000000e+00
   endloop
 endfacet
 facet normal -2.027170e-01  9.755277e-01  8.515644e-02
   outer loop
     vertex -4.751714e+00  1.857692e+01  2.250000e+01
     vertex -3.103831e+00  1.931217e+01  1.800000e+01
     vertex -4.847120e+00  1.894991e+01  1.800000e+01
   endloop
 endfacet
 facet normal -2.027170e-01  9.755277e-01  8.515644e-02
   outer loop
     vertex -4.751714e+00  1.857692e+01  2.250000e+01
     vertex -3.042738e+00  1.893205e+01  2.250000e+01
     vertex -3.103831e+00  1.931217e+01  1.800000e+01
   endloop
 endfacet
 facet normal -2.905866e-01  9.530519e-01  8.515644e-02
   outer loop
     vertex -4.751714e+00  1.857692e+01  2.250000e+01
     vertex -4.847120e+00  1.894991e+01  1.800000e+01
     vertex -6.550245e+00  1.843062e+01  1.800000e+01
   endloop
 endfacet
 facet normal  2.469076e-01  9.652901e-01  8.515644e-02
   outer loop
     vertex  3.744608e+00  1.802004e+01  3.150000e+01
     vertex  5.367744e+00  1.760487e+01  3.150000e+01
     vertex  3.822938e+00  1.839699e+01  2.700000e+01
   endloop
 endfacet
 facet normal -8.007120e-01  5.929660e-01  8.515644e-02
   outer loop
     vertex -1.687157e+01  1.134280e+01  9.000000e+00
     vertex -1.606886e+01  1.307299e+01  4.500000e+00
     vertex -1.719107e+01  1.155760e+01  4.500000e+00
   endloop
 endfacet
 facet normal -8.007120e-01  5.929660e-01  8.515644e-02
   outer loop
     vertex -1.687157e+01  1.134280e+01  9.000000e+00
     vertex -1.577021e+01  1.283002e+01  9.000000e+00
     vertex -1.606886e+01  1.307299e+01  4.500000e+00
   endloop
 endfacet
 facet normal  6.462262e-01  7.583799e-01  8.515644e-02
   outer loop
     vertex  1.081496e+01  1.392946e+01  4.050000e+01
     vertex  1.229961e+01  1.316966e+01  3.600000e+01
     vertex  1.105107e+01  1.423356e+01  3.600000e+01
   endloop
 endfacet
 facet normal  6.464088e-01  7.585942e-01  8.179590e-02
   outer loop
     vertex  1.081496e+01  1.392946e+01  4.050000e+01
     vertex  1.141408e+01  1.293373e+01  4.500000e+01
     vertex  1.203682e+01  1.288829e+01  4.050000e+01
   endloop
 endfacet
 facet normal  6.405357e-01  7.633607e-01  8.363254e-02
   outer loop
     vertex  1.081496e+01  1.392946e+01  4.050000e+01
     vertex  1.075520e+01  1.348659e+01  4.500000e+01
     vertex  1.141408e+01  1.293373e+01  4.500000e+01
   endloop
 endfacet
 facet normal  6.015597e-01  7.941691e-01  8.614695e-02
   outer loop
     vertex  1.081496e+01  1.392946e+01  4.050000e+01
     vertex  1.006958e+01  1.400593e+01  4.500000e+01
     vertex  1.075520e+01  1.348659e+01  4.500000e+01
   endloop
 endfacet
 facet normal  6.462262e-01  7.583799e-01  8.515644e-02
   outer loop
     vertex  1.081496e+01  1.392946e+01  4.050000e+01
     vertex  1.203682e+01  1.288829e+01  4.050000e+01
     vertex  1.229961e+01  1.316966e+01  3.600000e+01
   endloop
 endfacet
 facet normal -5.369411e-01  8.393108e-01  8.515644e-02
   outer loop
     vertex -9.780000e+00  1.693946e+01  1.800000e+01
     vertex -9.972500e+00  1.727288e+01  1.350000e+01
     vertex -1.150189e+01  1.629446e+01  1.350000e+01
   endloop
 endfacet
 facet normal -4.583939e-01  8.846601e-01  8.515644e-02
   outer loop
     vertex -9.780000e+00  1.693946e+01  1.800000e+01
     vertex -8.199093e+00  1.775862e+01  1.800000e+01
     vertex -9.972500e+00  1.727288e+01  1.350000e+01
   endloop
 endfacet
 facet normal -1.131676e-01  9.899199e-01  8.515644e-02
   outer loop
     vertex -1.282275e+00  1.874620e+01  2.700000e+01
     vertex -1.308548e+00  1.913030e+01  2.250000e+01
     vertex -3.042738e+00  1.893205e+01  2.250000e+01
   endloop
 endfacet
 facet normal -2.268051e-02  9.961094e-01  8.515644e-02
   outer loop
     vertex -1.282275e+00  1.874620e+01  2.700000e+01
     vertex  4.277205e-01  1.878513e+01  2.700000e+01
     vertex  4.364843e-01  1.917003e+01  2.250000e+01
   endloop
 endfacet
 facet normal -2.268051e-02  9.961094e-01  8.515644e-02
   outer loop
     vertex -1.282275e+00  1.874620e+01  2.700000e+01
     vertex  4.364843e-01  1.917003e+01  2.250000e+01
     vertex -1.308548e+00  1.913030e+01  2.250000e+01
   endloop
 endfacet
 facet normal -9.445876e-01  3.173645e-01  8.386925e-02
   outer loop
     vertex -1.967179e+01  6.490920e+00  4.500000e+00
     vertex -1.982751e+01  7.216625e+00  0.000000e+00
     vertex -2.016259e+01  6.219334e+00  0.000000e+00
   endloop
 endfacet
 facet normal -9.588643e-01  2.697826e-01  8.829806e-02
   outer loop
     vertex -1.967179e+01  6.490920e+00  4.500000e+00
     vertex -2.016259e+01  6.219334e+00  0.000000e+00
     vertex -2.044753e+01  5.206581e+00  0.000000e+00
   endloop
 endfacet
 facet normal -9.306501e-01  3.548144e-01  8.942638e-02
   outer loop
     vertex -1.967179e+01  6.490920e+00  4.500000e+00
     vertex -1.900003e+01  8.252879e+00  4.500000e+00
     vertex -1.982751e+01  7.216625e+00  0.000000e+00
   endloop
 endfacet
 facet normal  4.176539e-01  9.046069e-01  8.515644e-02
   outer loop
     vertex  6.801094e+00  1.668729e+01  3.600000e+01
     vertex  8.467497e+00  1.634153e+01  3.150000e+01
     vertex  6.946400e+00  1.704381e+01  3.150000e+01
   endloop
 endfacet
 facet normal  4.176539e-01  9.046069e-01  8.515644e-02
   outer loop
     vertex  6.801094e+00  1.668729e+01  3.600000e+01
     vertex  8.290372e+00  1.599969e+01  3.600000e+01
     vertex  8.467497e+00  1.634153e+01  3.150000e+01
   endloop
 endfacet
 facet normal -7.434732e-01  6.633219e-01  8.515644e-02
   outer loop
     vertex -1.426286e+01  1.394180e+01  1.350000e+01
     vertex -1.453818e+01  1.421092e+01  9.000000e+00
     vertex -1.577021e+01  1.283002e+01  9.000000e+00
   endloop
 endfacet
 facet normal -6.800738e-01  7.281813e-01  8.515644e-02
   outer loop
     vertex -1.426286e+01  1.394180e+01  1.350000e+01
     vertex -1.293597e+01  1.518103e+01  1.350000e+01
     vertex -1.318567e+01  1.547407e+01  9.000000e+00
   endloop
 endfacet
 facet normal -6.800738e-01  7.281813e-01  8.515644e-02
   outer loop
     vertex -1.426286e+01  1.394180e+01  1.350000e+01
     vertex -1.318567e+01  1.547407e+01  9.000000e+00
     vertex -1.453818e+01  1.421092e+01  9.000000e+00
   endloop
 endfacet
 facet normal -2.905866e-01  9.530519e-01  8.515644e-02
   outer loop
     vertex -6.421317e+00  1.806785e+01  2.250000e+01
     vertex -4.751714e+00  1.857692e+01  2.250000e+01
     vertex -6.550245e+00  1.843062e+01  1.800000e+01
   endloop
 endfacet
 facet normal  6.799453e-02  9.940448e-01  8.515644e-02
   outer loop
     vertex  2.090443e+00  1.828590e+01  3.150000e+01
     vertex  2.134172e+00  1.866841e+01  2.700000e+01
     vertex  4.277205e-01  1.878513e+01  2.700000e+01
   endloop
 endfacet
 facet normal  1.581061e-01  9.837433e-01  8.515644e-02
   outer loop
     vertex  2.090443e+00  1.828590e+01  3.150000e+01
     vertex  3.744608e+00  1.802004e+01  3.150000e+01
     vertex  3.822938e+00  1.839699e+01  2.700000e+01
   endloop
 endfacet
 facet normal  1.581061e-01  9.837433e-01  8.515644e-02
   outer loop
     vertex  2.090443e+00  1.828590e+01  3.150000e+01
     vertex  3.822938e+00  1.839699e+01  2.700000e+01
     vertex  2.134172e+00  1.866841e+01  2.700000e+01
   endloop
 endfacet
 facet normal -8.513158e-01  5.176966e-01  8.515644e-02
   outer loop
     vertex -1.783312e+01  9.761590e+00  9.000000e+00
     vertex -1.719107e+01  1.155760e+01  4.500000e+00
     vertex -1.817084e+01  9.946451e+00  4.500000e+00
   endloop
 endfacet
 facet normal -8.513158e-01  5.176966e-01  8.515644e-02
   outer loop
     vertex -1.783312e+01  9.761590e+00  9.000000e+00
     vertex -1.687157e+01  1.134280e+01  9.000000e+00
     vertex -1.719107e+01  1.155760e+01  4.500000e+00
   endloop
 endfacet
 facet normal  5.745856e-01  8.140023e-01  8.515644e-02
   outer loop
     vertex  9.503477e+00  1.485521e+01  4.050000e+01
     vertex  1.081496e+01  1.392946e+01  4.050000e+01
     vertex  1.105107e+01  1.423356e+01  3.600000e+01
   endloop
 endfacet
 facet normal  5.745856e-01  8.140023e-01  8.515644e-02
   outer loop
     vertex  9.503477e+00  1.485521e+01  4.050000e+01
     vertex  1.105107e+01  1.423356e+01  3.600000e+01
     vertex  9.710953e+00  1.517952e+01  3.600000e+01
   endloop
 endfacet
 facet normal  5.612928e-01  8.232653e-01  8.476234e-02
   outer loop
     vertex  9.503477e+00  1.485521e+01  4.050000e+01
     vertex  9.358923e+00  1.449045e+01  4.500000e+01
     vertex  1.006958e+01  1.400593e+01  4.500000e+01
   endloop
 endfacet
 facet normal  5.195213e-01  8.501589e-01  8.560043e-02
   outer loop
     vertex  9.503477e+00  1.485521e+01  4.050000e+01
     vertex  8.625000e+00  1.493894e+01  4.500000e+01
     vertex  9.358923e+00  1.449045e+01  4.500000e+01
   endloop
 endfacet
 facet normal  5.747681e-01  8.142609e-01  8.136776e-02
   outer loop
     vertex  9.503477e+00  1.485521e+01  4.050000e+01
     vertex  1.006958e+01  1.400593e+01  4.500000e+01
     vertex  1.081496e+01  1.392946e+01  4.050000e+01
   endloop
 endfacet
 facet normal -5.369411e-01  8.393108e-01  8.515644e-02
   outer loop
     vertex -1.127987e+01  1.597993e+01  1.800000e+01
     vertex -9.780000e+00  1.693946e+01  1.800000e+01
     vertex -1.150189e+01  1.629446e+01  1.350000e+01
   endloop
 endfacet
 facet normal -1.131676e-01  9.899199e-01  8.515644e-02
   outer loop
     vertex -2.981645e+00  1.855192e+01  2.700000e+01
     vertex -1.282275e+00  1.874620e+01  2.700000e+01
     vertex -3.042738e+00  1.893205e+01  2.250000e+01
   endloop
 endfacet
 facet normal -2.027170e-01  9.755277e-01  8.515644e-02
   outer loop
     vertex -2.981645e+00  1.855192e+01  2.700000e+01
     vertex -3.042738e+00  1.893205e+01  2.250000e+01
     vertex -4.751714e+00  1.857692e+01  2.250000e+01
   endloop
 endfacet
 facet normal -9.714965e-01  2.217377e-01  8.382643e-02
   outer loop
     vertex -2.018053e+01  4.675176e+00  4.500000e+00
     vertex -2.044753e+01  5.206581e+00  0.000000e+00
     vertex -2.068164e+01  4.180884e+00  0.000000e+00
   endloop
 endfacet
 facet normal -9.591268e-01  2.687347e-01  8.864237e-02
   outer loop
     vertex -2.018053e+01  4.675176e+00  4.500000e+00
     vertex -1.967179e+01  6.490920e+00  4.500000e+00
     vertex -2.044753e+01  5.206581e+00  0.000000e+00
   endloop
 endfacet
 facet normal  3.336632e-01  9.388382e-01  8.515644e-02
   outer loop
     vertex  5.255460e+00  1.723660e+01  3.600000e+01
     vertex  6.801094e+00  1.668729e+01  3.600000e+01
     vertex  6.946400e+00  1.704381e+01  3.150000e+01
   endloop
 endfacet
 facet normal  3.336632e-01  9.388382e-01  8.515644e-02
   outer loop
     vertex  5.255460e+00  1.723660e+01  3.600000e+01
     vertex  6.946400e+00  1.704381e+01  3.150000e+01
     vertex  5.367744e+00  1.760487e+01  3.150000e+01
   endloop
 endfacet
 facet normal -8.007120e-01  5.929660e-01  8.515644e-02
   outer loop
     vertex -1.547156e+01  1.258705e+01  1.350000e+01
     vertex -1.577021e+01  1.283002e+01  9.000000e+00
     vertex -1.687157e+01  1.134280e+01  9.000000e+00
   endloop
 endfacet
 facet normal -7.434732e-01  6.633219e-01  8.515644e-02
   outer loop
     vertex -1.547156e+01  1.258705e+01  1.350000e+01
     vertex -1.426286e+01  1.394180e+01  1.350000e+01
     vertex -1.577021e+01  1.283002e+01  9.000000e+00
   endloop
 endfacet
 facet normal -3.760483e-01  9.226788e-01  8.515644e-02
   outer loop
     vertex -8.037710e+00  1.740907e+01  2.250000e+01
     vertex -6.550245e+00  1.843062e+01  1.800000e+01
     vertex -8.199093e+00  1.775862e+01  1.800000e+01
   endloop
 endfacet
 facet normal -3.760483e-01  9.226788e-01  8.515644e-02
   outer loop
     vertex -8.037710e+00  1.740907e+01  2.250000e+01
     vertex -6.421317e+00  1.806785e+01  2.250000e+01
     vertex -6.550245e+00  1.843062e+01  1.800000e+01
   endloop
 endfacet
 facet normal  6.799453e-02  9.940448e-01  8.515644e-02
   outer loop
     vertex  4.189567e-01  1.840023e+01  3.150000e+01
     vertex  2.090443e+00  1.828590e+01  3.150000e+01
     vertex  4.277205e-01  1.878513e+01  2.700000e+01
   endloop
 endfacet
 facet normal -8.948653e-01  4.381374e-01  8.515644e-02
   outer loop
     vertex -1.864691e+01  8.099494e+00  9.000000e+00
     vertex -1.783312e+01  9.761590e+00  9.000000e+00
     vertex -1.817084e+01  9.946451e+00  4.500000e+00
   endloop
 endfacet
 facet normal -8.948653e-01  4.381374e-01  8.515644e-02
   outer loop
     vertex -1.864691e+01  8.099494e+00  9.000000e+00
     vertex -1.817084e+01  9.946451e+00  4.500000e+00
     vertex -1.900003e+01  8.252879e+00  4.500000e+00
   endloop
 endfacet
 facet normal  4.981838e-01  8.628796e-01  8.515644e-02
   outer loop
     vertex  8.113247e+00  1.565786e+01  4.050000e+01
     vertex  9.503477e+00  1.485521e+01  4.050000e+01
     vertex  9.710953e+00  1.517952e+01  3.600000e+01
   endloop
 endfacet
 facet normal  4.764986e-01  8.749981e-01  8.560043e-02
   outer loop
     vertex  8.113247e+00  1.565786e+01  4.050000e+01
     vertex  7.869634e+00  1.535029e+01  4.500000e+01
     vertex  8.625000e+00  1.493894e+01  4.500000e+01
   endloop
 endfacet
 facet normal  4.323223e-01  8.977265e-01  8.476234e-02
   outer loop
     vertex  8.113247e+00  1.565786e+01  4.050000e+01
     vertex  7.094703e+00  1.572348e+01  4.500000e+01
     vertex  7.869634e+00  1.535029e+01  4.500000e+01
   endloop
 endfacet
 facet normal  4.983479e-01  8.631639e-01  8.122503e-02
   outer loop
     vertex  8.113247e+00  1.565786e+01  4.050000e+01
     vertex  8.625000e+00  1.493894e+01  4.500000e+01
     vertex  9.503477e+00  1.485521e+01  4.050000e+01
   endloop
 endfacet
 facet normal  4.981838e-01  8.628796e-01  8.515644e-02
   outer loop
     vertex  8.113247e+00  1.565786e+01  4.050000e+01
     vertex  9.710953e+00  1.517952e+01  3.600000e+01
     vertex  8.290372e+00  1.599969e+01  3.600000e+01
   endloop
 endfacet
 facet normal -6.110391e-01  7.870067e-01  8.515644e-02
   outer loop
     vertex -1.268627e+01  1.488799e+01  1.800000e+01
     vertex -1.150189e+01  1.629446e+01  1.350000e+01
     vertex -1.293597e+01  1.518103e+01  1.350000e+01
   endloop
 endfacet
 facet normal -6.110391e-01  7.870067e-01  8.515644e-02
   outer loop
     vertex -1.268627e+01  1.488799e+01  1.800000e+01
     vertex -1.127987e+01  1.597993e+01  1.800000e+01
     vertex -1.150189e+01  1.629446e+01  1.350000e+01
   endloop
 endfacet
 facet normal -2.905866e-01  9.530519e-01  8.515644e-02
   outer loop
     vertex -4.656308e+00  1.820393e+01  2.700000e+01
     vertex -4.751714e+00  1.857692e+01  2.250000e+01
     vertex -6.421317e+00  1.806785e+01  2.250000e+01
   endloop
 endfacet
 facet normal -2.027170e-01  9.755277e-01  8.515644e-02
   outer loop
     vertex -4.656308e+00  1.820393e+01  2.700000e+01
     vertex -2.981645e+00  1.855192e+01  2.700000e+01
     vertex -4.751714e+00  1.857692e+01  2.250000e+01
   endloop
 endfacet
 facet normal -9.795358e-01  1.803932e-01  8.926306e-02
   outer loop
     vertex -2.052206e+01  2.820692e+00  4.500000e+00
     vertex -2.018053e+01  4.675176e+00  4.500000e+00
     vertex -2.068164e+01  4.180884e+00  0.000000e+00
   endloop
 endfacet
 facet normal -9.810669e-01  1.729886e-01  8.707918e-02
   outer loop
     vertex -2.052206e+01  2.820692e+00  4.500000e+00
     vertex -2.068164e+01  4.180884e+00  0.000000e+00
     vertex -2.086433e+01  3.144792e+00  0.000000e+00
   endloop
 endfacet
 facet normal -9.887218e-01  1.239029e-01  8.412617e-02
   outer loop
     vertex -2.052206e+01  2.820692e+00  4.500000e+00
     vertex -2.086433e+01  3.144792e+00  0.000000e+00
     vertex -2.099515e+01  2.100882e+00  0.000000e+00
   endloop
 endfacet
 facet normal  2.469076e-01  9.652901e-01  8.515644e-02
   outer loop
     vertex  3.666277e+00  1.764310e+01  3.600000e+01
     vertex  5.255460e+00  1.723660e+01  3.600000e+01
     vertex  5.367744e+00  1.760487e+01  3.150000e+01
   endloop
 endfacet
 facet normal  2.469076e-01  9.652901e-01  8.515644e-02
   outer loop
     vertex  3.666277e+00  1.764310e+01  3.600000e+01
     vertex  5.367744e+00  1.760487e+01  3.150000e+01
     vertex  3.744608e+00  1.802004e+01  3.150000e+01
   endloop
 endfacet
 facet normal -8.007120e-01  5.929660e-01  8.515644e-02
   outer loop
     vertex -1.655206e+01  1.112799e+01  1.350000e+01
     vertex -1.547156e+01  1.258705e+01  1.350000e+01
     vertex -1.687157e+01  1.134280e+01  9.000000e+00
   endloop
 endfacet
 facet normal -4.583939e-01  8.846601e-01  8.515644e-02
   outer loop
     vertex -9.587500e+00  1.660604e+01  2.250000e+01
     vertex -8.199093e+00  1.775862e+01  1.800000e+01
     vertex -9.780000e+00  1.693946e+01  1.800000e+01
   endloop
 endfacet
 facet normal -4.583939e-01  8.846601e-01  8.515644e-02
   outer loop
     vertex -9.587500e+00  1.660604e+01  2.250000e+01
     vertex -8.037710e+00  1.740907e+01  2.250000e+01
     vertex -8.199093e+00  1.775862e+01  1.800000e+01
   endloop
 endfacet
 facet normal -2.268051e-02  9.961094e-01  8.515644e-02
   outer loop
     vertex -1.256002e+00  1.836209e+01  3.150000e+01
     vertex  4.189567e-01  1.840023e+01  3.150000e+01
     vertex  4.277205e-01  1.878513e+01  2.700000e+01
   endloop
 endfacet
 facet normal -2.268051e-02  9.961094e-01  8.515644e-02
   outer loop
     vertex -1.256002e+00  1.836209e+01  3.150000e+01
     vertex  4.277205e-01  1.878513e+01  2.700000e+01
     vertex -1.282275e+00  1.874620e+01  2.700000e+01
   endloop
 endfacet
 facet normal -9.594196e-01  2.688168e-01  8.515644e-02
   outer loop
     vertex -1.930618e+01  6.370283e+00  9.000000e+00
     vertex -1.967179e+01  6.490920e+00  4.500000e+00
     vertex -2.018053e+01  4.675176e+00  4.500000e+00
   endloop
 endfacet
 facet normal -9.309997e-01  3.549477e-01  8.515644e-02
   outer loop
     vertex -1.930618e+01  6.370283e+00  9.000000e+00
     vertex -1.900003e+01  8.252879e+00  4.500000e+00
     vertex -1.967179e+01  6.490920e+00  4.500000e+00
   endloop
 endfacet
 facet normal -9.309997e-01  3.549477e-01  8.515644e-02
   outer loop
     vertex -1.930618e+01  6.370283e+00  9.000000e+00
     vertex -1.864691e+01  8.099494e+00  9.000000e+00
     vertex -1.900003e+01  8.252879e+00  4.500000e+00
   endloop
 endfacet
 facet normal  4.176539e-01  9.046069e-01  8.515644e-02
   outer loop
     vertex  6.655788e+00  1.633076e+01  4.050000e+01
     vertex  8.113247e+00  1.565786e+01  4.050000e+01
     vertex  8.290372e+00  1.599969e+01  3.600000e+01
   endloop
 endfacet
 facet normal  3.869908e-01  9.180506e-01  8.614695e-02
   outer loop
     vertex  6.655788e+00  1.633076e+01  4.050000e+01
     vertex  6.302133e+00  1.605757e+01  4.500000e+01
     vertex  7.094703e+00  1.572348e+01  4.500000e+01
   endloop
 endfacet
 facet normal  3.408219e-01  9.364006e-01  8.363254e-02
   outer loop
     vertex  6.655788e+00  1.633076e+01  4.050000e+01
     vertex  5.493895e+00  1.635175e+01  4.500000e+01
     vertex  6.302133e+00  1.605757e+01  4.500000e+01
   endloop
 endfacet
 facet normal  4.176539e-01  9.046069e-01  8.515644e-02
   outer loop
     vertex  6.655788e+00  1.633076e+01  4.050000e+01
     vertex  8.290372e+00  1.599969e+01  3.600000e+01
     vertex  6.801094e+00  1.668729e+01  3.600000e+01
   endloop
 endfacet
 facet normal  4.177866e-01  9.048943e-01  8.136776e-02
   outer loop
     vertex  6.655788e+00  1.633076e+01  4.050000e+01
     vertex  7.094703e+00  1.572348e+01  4.500000e+01
     vertex  8.113247e+00  1.565786e+01  4.050000e+01
   endloop
 endfacet
 facet normal -6.800738e-01  7.281813e-01  8.515644e-02
   outer loop
     vertex -1.398754e+01  1.367268e+01  1.800000e+01
     vertex -1.268627e+01  1.488799e+01  1.800000e+01
     vertex -1.293597e+01  1.518103e+01  1.350000e+01
   endloop
 endfacet
 facet normal -6.800738e-01  7.281813e-01  8.515644e-02
   outer loop
     vertex -1.398754e+01  1.367268e+01  1.800000e+01
     vertex -1.293597e+01  1.518103e+01  1.350000e+01
     vertex -1.426286e+01  1.394180e+01  1.350000e+01
   endloop
 endfacet
 facet normal -7.434732e-01  6.633219e-01  8.515644e-02
   outer loop
     vertex -1.398754e+01  1.367268e+01  1.800000e+01
     vertex -1.426286e+01  1.394180e+01  1.350000e+01
     vertex -1.547156e+01  1.258705e+01  1.350000e+01
   endloop
 endfacet
 facet normal -2.905866e-01  9.530519e-01  8.515644e-02
   outer loop
     vertex -6.292388e+00  1.770508e+01  2.700000e+01
     vertex -4.656308e+00  1.820393e+01  2.700000e+01
     vertex -6.421317e+00  1.806785e+01  2.250000e+01
   endloop
 endfacet
 facet normal -9.918347e-01  9.056759e-02  8.978568e-02
   outer loop
     vertex -2.069353e+01  9.428349e-01  4.500000e+00
     vertex -2.052206e+01  2.820692e+00  4.500000e+00
     vertex -2.099515e+01  2.100882e+00  0.000000e+00
   endloop
 endfacet
 facet normal -9.935305e-01  7.445482e-02  8.575283e-02
   outer loop
     vertex -2.069353e+01  9.428349e-01  4.500000e+00
     vertex -2.099515e+01  2.100882e+00  0.000000e+00
     vertex -2.107377e+01  1.051748e+00  0.000000e+00
   endloop
 endfacet
 facet normal -9.960910e-01  2.484096e-02  8.476838e-02
   outer loop
     vertex -2.069353e+01  9.428349e-01  4.500000e+00
     vertex -2.107377e+01  1.051748e+00  0.000000e+00
     vertex -2.110000e+01 -7.237825e-14  0.000000e+00
   endloop
 endfacet
 facet normal  1.581061e-01  9.837433e-01  8.515644e-02
   outer loop
     vertex  2.046715e+00  1.790339e+01  3.600000e+01
     vertex  3.744608e+00  1.802004e+01  3.150000e+01
     vertex  2.090443e+00  1.828590e+01  3.150000e+01
   endloop
 endfacet
 facet normal  1.581061e-01  9.837433e-01  8.515644e-02
   outer loop
     vertex  2.046715e+00  1.790339e+01  3.600000e+01
     vertex  3.666277e+00  1.764310e+01  3.600000e+01
     vertex  3.744608e+00  1.802004e+01  3.150000e+01
   endloop
 endfacet
 facet normal -8.513158e-01  5.176966e-01  8.515644e-02
   outer loop
     vertex -1.749541e+01  9.576730e+00  1.350000e+01
     vertex -1.655206e+01  1.112799e+01  1.350000e+01
     vertex -1.687157e+01  1.134280e+01  9.000000e+00
   endloop
 endfacet
 facet normal -8.948653e-01  4.381374e-01  8.515644e-02
   outer loop
     vertex -1.749541e+01  9.576730e+00  1.350000e+01
     vertex -1.783312e+01  9.761590e+00  9.000000e+00
     vertex -1.864691e+01  8.099494e+00  9.000000e+00
   endloop
 endfacet
 facet normal -8.513158e-01  5.176966e-01  8.515644e-02
   outer loop
     vertex -1.749541e+01  9.576730e+00  1.350000e+01
     vertex -1.687157e+01  1.134280e+01  9.000000e+00
     vertex -1.783312e+01  9.761590e+00  9.000000e+00
   endloop
 endfacet
 facet normal -5.369411e-01  8.393108e-01  8.515644e-02
   outer loop
     vertex -1.105785e+01  1.566540e+01  2.250000e+01
     vertex -9.780000e+00  1.693946e+01  1.800000e+01
     vertex -1.127987e+01  1.597993e+01  1.800000e+01
   endloop
 endfacet
 facet normal -5.369411e-01  8.393108e-01  8.515644e-02
   outer loop
     vertex -1.105785e+01  1.566540e+01  2.250000e+01
     vertex -9.587500e+00  1.660604e+01  2.250000e+01
     vertex -9.780000e+00  1.693946e+01  1.800000e+01
   endloop
 endfacet
 facet normal -1.131676e-01  9.899199e-01  8.515644e-02
   outer loop
     vertex -2.920552e+00  1.817180e+01  3.150000e+01
     vertex -1.282275e+00  1.874620e+01  2.700000e+01
     vertex -2.981645e+00  1.855192e+01  2.700000e+01
   endloop
 endfacet
 facet normal -2.027170e-01  9.755277e-01  8.515644e-02
   outer loop
     vertex -2.920552e+00  1.817180e+01  3.150000e+01
     vertex -2.981645e+00  1.855192e+01  2.700000e+01
     vertex -4.656308e+00  1.820393e+01  2.700000e+01
   endloop
 endfacet
 facet normal -1.131676e-01  9.899199e-01  8.515644e-02
   outer loop
     vertex -2.920552e+00  1.817180e+01  3.150000e+01
     vertex -1.256002e+00  1.836209e+01  3.150000e+01
     vertex -1.282275e+00  1.874620e+01  2.700000e+01
   endloop
 endfacet
 facet normal -9.594196e-01  2.688168e-01  8.515644e-02
   outer loop
     vertex -1.980547e+01  4.588285e+00  9.000000e+00
     vertex -1.930618e+01  6.370283e+00  9.000000e+00
     vertex -2.018053e+01  4.675176e+00  4.500000e+00
   endloop
 endfacet
 facet normal  3.337575e-01  9.391035e-01  8.179590e-02
   outer loop
     vertex  5.143176e+00  1.686834e+01  4.050000e+01
     vertex  5.493895e+00  1.635175e+01  4.500000e+01
     vertex  6.655788e+00  1.633076e+01  4.050000e+01
   endloop
 endfacet
 facet normal  3.336632e-01  9.388382e-01  8.515644e-02
   outer loop
     vertex  5.143176e+00  1.686834e+01  4.050000e+01
     vertex  6.655788e+00  1.633076e+01  4.050000e+01
     vertex  6.801094e+00  1.668729e+01  3.600000e+01
   endloop
 endfacet
 facet normal  3.336632e-01  9.388382e-01  8.515644e-02
   outer loop
     vertex  5.143176e+00  1.686834e+01  4.050000e+01
     vertex  6.801094e+00  1.668729e+01  3.600000e+01
     vertex  5.255460e+00  1.723660e+01  3.600000e+01
   endloop
 endfacet
 facet normal  2.936529e-01  9.519993e-01  8.640197e-02
   outer loop
     vertex  5.143176e+00  1.686834e+01  4.050000e+01
     vertex  4.671998e+00  1.660527e+01  4.500000e+01
     vertex  5.493895e+00  1.635175e+01  4.500000e+01
   endloop
 endfacet
 facet normal -7.434732e-01  6.633219e-01  8.515644e-02
   outer loop
     vertex -1.517291e+01  1.234408e+01  1.800000e+01
     vertex -1.398754e+01  1.367268e+01  1.800000e+01
     vertex -1.547156e+01  1.258705e+01  1.350000e+01
   endloop
 endfacet
 facet normal -4.583939e-01  8.846601e-01  8.515644e-02
   outer loop
     vertex -7.876327e+00  1.705953e+01  2.700000e+01
     vertex -8.037710e+00  1.740907e+01  2.250000e+01
     vertex -9.587500e+00  1.660604e+01  2.250000e+01
   endloop
 endfacet
 facet normal -3.760483e-01  9.226788e-01  8.515644e-02
   outer loop
     vertex -7.876327e+00  1.705953e+01  2.700000e+01
     vertex -6.292388e+00  1.770508e+01  2.700000e+01
     vertex -6.421317e+00  1.806785e+01  2.250000e+01
   endloop
 endfacet
 facet normal -3.760483e-01  9.226788e-01  8.515644e-02
   outer loop
     vertex -7.876327e+00  1.705953e+01  2.700000e+01
     vertex -6.421317e+00  1.806785e+01  2.250000e+01
     vertex -8.037710e+00  1.740907e+01  2.250000e+01
   endloop
 endfacet
 facet normal -9.959454e-01 -1.876420e-15  8.995987e-02
   outer loop
     vertex -2.069353e+01 -9.428349e-01  4.500000e+00
     vertex -2.069353e+01  9.428349e-01  4.500000e+00
     vertex -2.110000e+01 -7.237825e-14  0.000000e+00
   endloop
 endfacet
 facet normal -9.960910e-01 -2.484096e-02  8.476838e-02
   outer loop
     vertex -2.069353e+01 -9.428349e-01  4.500000e+00
     vertex -2.110000e+01 -7.237825e-14  0.000000e+00
     vertex -2.107377e+01 -1.051748e+00  0.000000e+00
   endloop
 endfacet
 facet normal -9.935305e-01 -7.445482e-02  8.575283e-02
   outer loop
     vertex -2.069353e+01 -9.428349e-01  4.500000e+00
     vertex -2.107377e+01 -1.051748e+00  0.000000e+00
     vertex -2.099515e+01 -2.100882e+00  0.000000e+00
   endloop
 endfacet
 facet normal  6.799453e-02  9.940448e-01  8.515644e-02
   outer loop
     vertex  4.101928e-01  1.801533e+01  3.600000e+01
     vertex  2.046715e+00  1.790339e+01  3.600000e+01
     vertex  2.090443e+00  1.828590e+01  3.150000e+01
   endloop
 endfacet
 facet normal  6.799453e-02  9.940448e-01  8.515644e-02
   outer loop
     vertex  4.101928e-01  1.801533e+01  3.600000e+01
     vertex  2.090443e+00  1.828590e+01  3.150000e+01
     vertex  4.189567e-01  1.840023e+01  3.150000e+01
   endloop
 endfacet
 facet normal -8.948653e-01  4.381374e-01  8.515644e-02
   outer loop
     vertex -1.829378e+01  7.946110e+00  1.350000e+01
     vertex -1.749541e+01  9.576730e+00  1.350000e+01
     vertex -1.864691e+01  8.099494e+00  9.000000e+00
   endloop
 endfacet
 facet normal -6.110391e-01  7.870067e-01  8.515644e-02
   outer loop
     vertex -1.243656e+01  1.459495e+01  2.250000e+01
     vertex -1.105785e+01  1.566540e+01  2.250000e+01
     vertex -1.127987e+01  1.597993e+01  1.800000e+01
   endloop
 endfacet
 facet normal -6.800738e-01  7.281813e-01  8.515644e-02
   outer loop
     vertex -1.243656e+01  1.459495e+01  2.250000e+01
     vertex -1.268627e+01  1.488799e+01  1.800000e+01
     vertex -1.398754e+01  1.367268e+01  1.800000e+01
   endloop
 endfacet
 facet normal -6.110391e-01  7.870067e-01  8.515644e-02
   outer loop
     vertex -1.243656e+01  1.459495e+01  2.250000e+01
     vertex -1.127987e+01  1.597993e+01  1.800000e+01
     vertex -1.268627e+01  1.488799e+01  1.800000e+01
   endloop
 endfacet
 facet normal -2.027170e-01  9.755277e-01  8.515644e-02
   outer loop
     vertex -4.560902e+00  1.783093e+01  3.150000e+01
     vertex -2.920552e+00  1.817180e+01  3.150000e+01
     vertex -4.656308e+00  1.820393e+01  2.700000e+01
   endloop
 endfacet
 facet normal -9.798894e-01  1.804583e-01  8.515644e-02
   outer loop
     vertex -2.014065e+01  2.768268e+00  9.000000e+00
     vertex -2.018053e+01  4.675176e+00  4.500000e+00
     vertex -2.052206e+01  2.820692e+00  4.500000e+00
   endloop
 endfacet
 facet normal -9.798894e-01  1.804583e-01  8.515644e-02
   outer loop
     vertex -2.014065e+01  2.768268e+00  9.000000e+00
     vertex -1.980547e+01  4.588285e+00  9.000000e+00
     vertex -2.018053e+01  4.675176e+00  4.500000e+00
   endloop
 endfacet
 facet normal  2.469670e-01  9.655223e-01  8.230424e-02
   outer loop
     vertex  3.587947e+00  1.726615e+01  4.050000e+01
     vertex  4.671998e+00  1.660527e+01  4.500000e+01
     vertex  5.143176e+00  1.686834e+01  4.050000e+01
   endloop
 endfacet
 facet normal  2.459143e-01  9.657662e-01  8.259367e-02
   outer loop
     vertex  3.587947e+00  1.726615e+01  4.050000e+01
     vertex  3.838486e+00  1.681751e+01  4.500000e+01
     vertex  4.671998e+00  1.660527e+01  4.500000e+01
   endloop
 endfacet
 facet normal  1.974058e-01  9.765101e-01  8.636554e-02
   outer loop
     vertex  3.587947e+00  1.726615e+01  4.050000e+01
     vertex  2.995431e+00  1.698793e+01  4.500000e+01
     vertex  3.838486e+00  1.681751e+01  4.500000e+01
   endloop
 endfacet
 facet normal  2.469076e-01  9.652901e-01  8.515644e-02
   outer loop
     vertex  3.587947e+00  1.726615e+01  4.050000e+01
     vertex  5.255460e+00  1.723660e+01  3.600000e+01
     vertex  3.666277e+00  1.764310e+01  3.600000e+01
   endloop
 endfacet
 facet normal  2.469076e-01  9.652901e-01  8.515644e-02
   outer loop
     vertex  3.587947e+00  1.726615e+01  4.050000e+01
     vertex  5.143176e+00  1.686834e+01  4.050000e+01
     vertex  5.255460e+00  1.723660e+01  3.600000e+01
   endloop
 endfacet
 facet normal -8.007120e-01  5.929660e-01  8.515644e-02
   outer loop
     vertex -1.623256e+01  1.091319e+01  1.800000e+01
     vertex -1.547156e+01  1.258705e+01  1.350000e+01
     vertex -1.655206e+01  1.112799e+01  1.350000e+01
   endloop
 endfacet
 facet normal -8.007120e-01  5.929660e-01  8.515644e-02
   outer loop
     vertex -1.623256e+01  1.091319e+01  1.800000e+01
     vertex -1.517291e+01  1.234408e+01  1.800000e+01
     vertex -1.547156e+01  1.258705e+01  1.350000e+01
   endloop
 endfacet
 facet normal -5.369411e-01  8.393108e-01  8.515644e-02
   outer loop
     vertex -9.395000e+00  1.627262e+01  2.700000e+01
     vertex -9.587500e+00  1.660604e+01  2.250000e+01
     vertex -1.105785e+01  1.566540e+01  2.250000e+01
   endloop
 endfacet
 facet normal -4.583939e-01  8.846601e-01  8.515644e-02
   outer loop
     vertex -9.395000e+00  1.627262e+01  2.700000e+01
     vertex -7.876327e+00  1.705953e+01  2.700000e+01
     vertex -9.587500e+00  1.660604e+01  2.250000e+01
   endloop
 endfacet
 facet normal -9.887218e-01 -1.239029e-01  8.412617e-02
   outer loop
     vertex -2.052206e+01 -2.820692e+00  4.500000e+00
     vertex -2.099515e+01 -2.100882e+00  0.000000e+00
     vertex -2.086433e+01 -3.144792e+00  0.000000e+00
   endloop
 endfacet
 facet normal -9.810669e-01 -1.729886e-01  8.707918e-02
   outer loop
     vertex -2.052206e+01 -2.820692e+00  4.500000e+00
     vertex -2.086433e+01 -3.144792e+00  0.000000e+00
     vertex -2.068164e+01 -4.180884e+00  0.000000e+00
   endloop
 endfacet
 facet normal -9.918347e-01 -9.056759e-02  8.978568e-02
   outer loop
     vertex -2.052206e+01 -2.820692e+00  4.500000e+00
     vertex -2.069353e+01 -9.428349e-01  4.500000e+00
     vertex -2.099515e+01 -2.100882e+00  0.000000e+00
   endloop
 endfacet
 facet normal -2.268051e-02  9.961094e-01  8.515644e-02
   outer loop
     vertex -1.229728e+00  1.797799e+01  3.600000e+01
     vertex  4.101928e-01  1.801533e+01  3.600000e+01
     vertex  4.189567e-01  1.840023e+01  3.150000e+01
   endloop
 endfacet
 facet normal -2.268051e-02  9.961094e-01  8.515644e-02
   outer loop
     vertex -1.229728e+00  1.797799e+01  3.600000e+01
     vertex  4.189567e-01  1.840023e+01  3.150000e+01
     vertex -1.256002e+00  1.836209e+01  3.150000e+01
   endloop
 endfacet
 facet normal -9.309997e-01  3.549477e-01  8.515644e-02
   outer loop
     vertex -1.894056e+01  6.249645e+00  1.350000e+01
     vertex -1.864691e+01  8.099494e+00  9.000000e+00
     vertex -1.930618e+01  6.370283e+00  9.000000e+00
   endloop
 endfacet
 facet normal -9.594196e-01  2.688168e-01  8.515644e-02
   outer loop
     vertex -1.894056e+01  6.249645e+00  1.350000e+01
     vertex -1.930618e+01  6.370283e+00  9.000000e+00
     vertex -1.980547e+01  4.588285e+00  9.000000e+00
   endloop
 endfacet
 facet normal -9.309997e-01  3.549477e-01  8.515644e-02
   outer loop
     vertex -1.894056e+01  6.249645e+00  1.350000e+01
     vertex -1.829378e+01  7.946110e+00  1.350000e+01
     vertex -1.864691e+01  8.099494e+00  9.000000e+00
   endloop
 endfacet
 facet normal -6.800738e-01  7.281813e-01  8.515644e-02
   outer loop
     vertex -1.371222e+01  1.340356e+01  2.250000e+01
     vertex -1.243656e+01  1.459495e+01  2.250000e+01
     vertex -1.398754e+01  1.367268e+01  1.800000e+01
   endloop
 endfacet
 facet normal -2.905866e-01  9.530519e-01  8.515644e-02
   outer loop
     vertex -6.163459e+00  1.734231e+01  3.150000e+01
     vertex -4.560902e+00  1.783093e+01  3.150000e+01
     vertex -4.656308e+00  1.820393e+01  2.700000e+01
   endloop
 endfacet
 facet normal -2.905866e-01  9.530519e-01  8.515644e-02
   outer loop
     vertex -6.163459e+00  1.734231e+01  3.150000e+01
     vertex -4.656308e+00  1.820393e+01  2.700000e+01
     vertex -6.292388e+00  1.770508e+01  2.700000e+01
   endloop
 endfacet
 facet normal -3.760483e-01  9.226788e-01  8.515644e-02
   outer loop
     vertex -6.163459e+00  1.734231e+01  3.150000e+01
     vertex -6.292388e+00  1.770508e+01  2.700000e+01
     vertex -7.876327e+00  1.705953e+01  2.700000e+01
   endloop
 endfacet
 facet normal -9.922395e-01  9.060455e-02  8.515644e-02
   outer loop
     vertex -2.030893e+01  9.253118e-01  9.000000e+00
     vertex -2.052206e+01  2.820692e+00  4.500000e+00
     vertex -2.069353e+01  9.428349e-01  4.500000e+00
   endloop
 endfacet
 facet normal -9.922395e-01  9.060455e-02  8.515644e-02
   outer loop
     vertex -2.030893e+01  9.253118e-01  9.000000e+00
     vertex -2.014065e+01  2.768268e+00  9.000000e+00
     vertex -2.052206e+01  2.820692e+00  4.500000e+00
   endloop
 endfacet
 facet normal -9.963676e-01 -1.877216e-15  8.515644e-02
   outer loop
     vertex -2.030893e+01  9.253118e-01  9.000000e+00
     vertex -2.069353e+01  9.428349e-01  4.500000e+00
     vertex -2.069353e+01 -9.428349e-01  4.500000e+00
   endloop
 endfacet
 facet normal  1.581061e-01  9.837433e-01  8.515644e-02
   outer loop
     vertex  2.002987e+00  1.752088e+01  4.050000e+01
     vertex  3.587947e+00  1.726615e+01  4.050000e+01
     vertex  3.666277e+00  1.764310e+01  3.600000e+01
   endloop
 endfacet
 facet normal  6.799453e-02  9.940448e-01  8.515644e-02
   outer loop
     vertex  2.002987e+00  1.752088e+01  4.050000e+01
     vertex  2.046715e+00  1.790339e+01  3.600000e+01
     vertex  4.101928e-01  1.801533e+01  3.600000e+01
   endloop
 endfacet
 facet normal  1.485162e-01  9.853409e-01  8.394235e-02
   outer loop
     vertex  2.002987e+00  1.752088e+01  4.050000e+01
     vertex  2.144929e+00  1.711613e+01  4.500000e+01
     vertex  2.995431e+00  1.698793e+01  4.500000e+01
   endloop
 endfacet
 facet normal  9.919864e-02  9.913411e-01  8.603765e-02
   outer loop
     vertex  2.002987e+00  1.752088e+01  4.050000e+01
     vertex  1.289094e+00  1.720177e+01  4.500000e+01
     vertex  2.144929e+00  1.711613e+01  4.500000e+01
   endloop
 endfacet
 facet normal  1.581061e-01  9.837433e-01  8.515644e-02
   outer loop
     vertex  2.002987e+00  1.752088e+01  4.050000e+01
     vertex  3.666277e+00  1.764310e+01  3.600000e+01
     vertex  2.046715e+00  1.790339e+01  3.600000e+01
   endloop
 endfacet
 facet normal  1.581526e-01  9.840320e-01  8.166211e-02
   outer loop
     vertex  2.002987e+00  1.752088e+01  4.050000e+01
     vertex  2.995431e+00  1.698793e+01  4.500000e+01
     vertex  3.587947e+00  1.726615e+01  4.050000e+01
   endloop
 endfacet
 facet normal -8.513158e-01  5.176966e-01  8.515644e-02
   outer loop
     vertex -1.715769e+01  9.391870e+00  1.800000e+01
     vertex -1.623256e+01  1.091319e+01  1.800000e+01
     vertex -1.655206e+01  1.112799e+01  1.350000e+01
   endloop
 endfacet
 facet normal -8.513158e-01  5.176966e-01  8.515644e-02
   outer loop
     vertex -1.715769e+01  9.391870e+00  1.800000e+01
     vertex -1.655206e+01  1.112799e+01  1.350000e+01
     vertex -1.749541e+01  9.576730e+00  1.350000e+01
   endloop
 endfacet
 facet normal -5.369411e-01  8.393108e-01  8.515644e-02
   outer loop
     vertex -1.083582e+01  1.535086e+01  2.700000e+01
     vertex -9.395000e+00  1.627262e+01  2.700000e+01
     vertex -1.105785e+01  1.566540e+01  2.250000e+01
   endloop
 endfacet
 facet normal -9.714965e-01 -2.217377e-01  8.382643e-02
   outer loop
     vertex -2.018053e+01 -4.675176e+00  4.500000e+00
     vertex -2.068164e+01 -4.180884e+00  0.000000e+00
     vertex -2.044753e+01 -5.206581e+00  0.000000e+00
   endloop
 endfacet
 facet normal -9.795358e-01 -1.803932e-01  8.926306e-02
   outer loop
     vertex -2.018053e+01 -4.675176e+00  4.500000e+00
     vertex -2.052206e+01 -2.820692e+00  4.500000e+00
     vertex -2.068164e+01 -4.180884e+00  0.000000e+00
   endloop
 endfacet
 facet normal -1.131676e-01  9.899199e-01  8.515644e-02
   outer loop
     vertex -2.859459e+00  1.779168e+01  3.600000e+01
     vertex -1.256002e+00  1.836209e+01  3.150000e+01
     vertex -2.920552e+00  1.817180e+01  3.150000e+01
   endloop
 endfacet
 facet normal -1.131676e-01  9.899199e-01  8.515644e-02
   outer loop
     vertex -2.859459e+00  1.779168e+01  3.600000e+01
     vertex -1.229728e+00  1.797799e+01  3.600000e+01
     vertex -1.256002e+00  1.836209e+01  3.150000e+01
   endloop
 endfacet
 facet normal -9.594196e-01  2.688168e-01  8.515644e-02
   outer loop
     vertex -1.943040e+01  4.501395e+00  1.350000e+01
     vertex -1.894056e+01  6.249645e+00  1.350000e+01
     vertex -1.980547e+01  4.588285e+00  9.000000e+00
   endloop
 endfacet
 facet normal -7.434732e-01  6.633219e-01  8.515644e-02
   outer loop
     vertex -1.487426e+01  1.210111e+01  2.250000e+01
     vertex -1.398754e+01  1.367268e+01  1.800000e+01
     vertex -1.517291e+01  1.234408e+01  1.800000e+01
   endloop
 endfacet
 facet normal -8.007120e-01  5.929660e-01  8.515644e-02
   outer loop
     vertex -1.487426e+01  1.210111e+01  2.250000e+01
     vertex -1.517291e+01  1.234408e+01  1.800000e+01
     vertex -1.623256e+01  1.091319e+01  1.800000e+01
   endloop
 endfacet
 facet normal -7.434732e-01  6.633219e-01  8.515644e-02
   outer loop
     vertex -1.487426e+01  1.210111e+01  2.250000e+01
     vertex -1.371222e+01  1.340356e+01  2.250000e+01
     vertex -1.398754e+01  1.367268e+01  1.800000e+01
   endloop
 endfacet
 facet normal -3.760483e-01  9.226788e-01  8.515644e-02
   outer loop
     vertex -7.714944e+00  1.670999e+01  3.150000e+01
     vertex -6.163459e+00  1.734231e+01  3.150000e+01
     vertex -7.876327e+00  1.705953e+01  2.700000e+01
   endloop
 endfacet
 facet normal -9.963676e-01 -1.912765e-15  8.515644e-02
   outer loop
     vertex -2.030893e+01 -9.253118e-01  9.000000e+00
     vertex -2.030893e+01  9.253118e-01  9.000000e+00
     vertex -2.069353e+01 -9.428349e-01  4.500000e+00
   endloop
 endfacet
 facet normal -9.922395e-01 -9.060455e-02  8.515644e-02
   outer loop
     vertex -2.030893e+01 -9.253118e-01  9.000000e+00
     vertex -2.069353e+01 -9.428349e-01  4.500000e+00
     vertex -2.052206e+01 -2.820692e+00  4.500000e+00
   endloop
 endfacet
 facet normal  6.799453e-02  9.940448e-01  8.515644e-02
   outer loop
     vertex  4.014290e-01  1.763043e+01  4.050000e+01
     vertex  2.002987e+00  1.752088e+01  4.050000e+01
     vertex  4.101928e-01  1.801533e+01  3.600000e+01
   endloop
 endfacet
 facet normal  4.966549e-02  9.951424e-01  8.499920e-02
   outer loop
     vertex  4.014290e-01  1.763043e+01  4.050000e+01
     vertex  4.300544e-01  1.724464e+01  4.500000e+01
     vertex  1.289094e+00  1.720177e+01  4.500000e+01
   endloop
 endfacet
 facet normal  0.000000e+00  9.963452e-01  8.541825e-02
   outer loop
     vertex  4.014290e-01  1.763043e+01  4.050000e+01
     vertex -4.300544e-01  1.724464e+01  4.500000e+01
     vertex  4.300544e-01  1.724464e+01  4.500000e+01
   endloop
 endfacet
 facet normal  6.801648e-02  9.943657e-01  8.130532e-02
   outer loop
     vertex  4.014290e-01  1.763043e+01  4.050000e+01
     vertex  1.289094e+00  1.720177e+01  4.500000e+01
     vertex  2.002987e+00  1.752088e+01  4.050000e+01
   endloop
 endfacet
 facet normal -8.948653e-01  4.381374e-01  8.515644e-02
   outer loop
     vertex -1.794065e+01  7.792725e+00  1.800000e+01
     vertex -1.715769e+01  9.391870e+00  1.800000e+01
     vertex -1.749541e+01  9.576730e+00  1.350000e+01
   endloop
 endfacet
 facet normal -8.948653e-01  4.381374e-01  8.515644e-02
   outer loop
     vertex -1.794065e+01  7.792725e+00  1.800000e+01
     vertex -1.749541e+01  9.576730e+00  1.350000e+01
     vertex -1.829378e+01  7.946110e+00  1.350000e+01
   endloop
 endfacet
 facet normal -6.110391e-01  7.870067e-01  8.515644e-02
   outer loop
     vertex -1.218686e+01  1.430191e+01  2.700000e+01
     vertex -1.105785e+01  1.566540e+01  2.250000e+01
     vertex -1.243656e+01  1.459495e+01  2.250000e+01
   endloop
 endfacet
 facet normal -6.110391e-01  7.870067e-01  8.515644e-02
   outer loop
     vertex -1.218686e+01  1.430191e+01  2.700000e+01
     vertex -1.083582e+01  1.535086e+01  2.700000e+01
     vertex -1.105785e+01  1.566540e+01  2.250000e+01
   endloop
 endfacet
 facet normal -9.591268e-01 -2.687347e-01  8.864237e-02
   outer loop
     vertex -1.967179e+01 -6.490920e+00  4.500000e+00
     vertex -2.018053e+01 -4.675176e+00  4.500000e+00
     vertex -2.044753e+01 -5.206581e+00  0.000000e+00
   endloop
 endfacet
 facet normal -9.588643e-01 -2.697826e-01  8.829806e-02
   outer loop
     vertex -1.967179e+01 -6.490920e+00  4.500000e+00
     vertex -2.044753e+01 -5.206581e+00  0.000000e+00
     vertex -2.016259e+01 -6.219334e+00  0.000000e+00
   endloop
 endfacet
 facet normal -9.445876e-01 -3.173645e-01  8.386925e-02
   outer loop
     vertex -1.967179e+01 -6.490920e+00  4.500000e+00
     vertex -2.016259e+01 -6.219334e+00  0.000000e+00
     vertex -1.982751e+01 -7.216625e+00  0.000000e+00
   endloop
 endfacet
 facet normal -2.027170e-01  9.755277e-01  8.515644e-02
   outer loop
     vertex -4.465496e+00  1.745794e+01  3.600000e+01
     vertex -2.859459e+00  1.779168e+01  3.600000e+01
     vertex -2.920552e+00  1.817180e+01  3.150000e+01
   endloop
 endfacet
 facet normal -2.027170e-01  9.755277e-01  8.515644e-02
   outer loop
     vertex -4.465496e+00  1.745794e+01  3.600000e+01
     vertex -2.920552e+00  1.817180e+01  3.150000e+01
     vertex -4.560902e+00  1.783093e+01  3.150000e+01
   endloop
 endfacet
 facet normal -2.905866e-01  9.530519e-01  8.515644e-02
   outer loop
     vertex -4.465496e+00  1.745794e+01  3.600000e+01
     vertex -4.560902e+00  1.783093e+01  3.150000e+01
     vertex -6.163459e+00  1.734231e+01  3.150000e+01
   endloop
 endfacet
 facet normal -9.922395e-01  9.060455e-02  8.515644e-02
   outer loop
     vertex -1.975923e+01  2.715844e+00  1.350000e+01
     vertex -2.014065e+01  2.768268e+00  9.000000e+00
     vertex -2.030893e+01  9.253118e-01  9.000000e+00
   endloop
 endfacet
 facet normal -9.798894e-01  1.804583e-01  8.515644e-02
   outer loop
     vertex -1.975923e+01  2.715844e+00  1.350000e+01
     vertex -1.943040e+01  4.501395e+00  1.350000e+01
     vertex -1.980547e+01  4.588285e+00  9.000000e+00
   endloop
 endfacet
 facet normal -9.798894e-01  1.804583e-01  8.515644e-02
   outer loop
     vertex -1.975923e+01  2.715844e+00  1.350000e+01
     vertex -1.980547e+01  4.588285e+00  9.000000e+00
     vertex -2.014065e+01  2.768268e+00  9.000000e+00
   endloop
 endfacet
 facet normal -8.513158e-01  5.176966e-01  8.515644e-02
   outer loop
     vertex -1.591305e+01  1.069839e+01  2.250000e+01
     vertex -1.623256e+01  1.091319e+01  1.800000e+01
     vertex -1.715769e+01  9.391870e+00  1.800000e+01
   endloop
 endfacet
 facet normal -8.007120e-01  5.929660e-01  8.515644e-02
   outer loop
     vertex -1.591305e+01  1.069839e+01  2.250000e+01
     vertex -1.487426e+01  1.210111e+01  2.250000e+01
     vertex -1.623256e+01  1.091319e+01  1.800000e+01
   endloop
 endfacet
 facet normal -4.583939e-01  8.846601e-01  8.515644e-02
   outer loop
     vertex -9.202500e+00  1.593920e+01  3.150000e+01
     vertex -7.714944e+00  1.670999e+01  3.150000e+01
     vertex -7.876327e+00  1.705953e+01  2.700000e+01
   endloop
 endfacet
 facet normal -4.583939e-01  8.846601e-01  8.515644e-02
   outer loop
     vertex -9.202500e+00  1.593920e+01  3.150000e+01
     vertex -7.876327e+00  1.705953e+01  2.700000e+01
     vertex -9.395000e+00  1.627262e+01  2.700000e+01
   endloop
 endfacet
 facet normal -5.369411e-01  8.393108e-01  8.515644e-02
   outer loop
     vertex -9.202500e+00  1.593920e+01  3.150000e+01
     vertex -9.395000e+00  1.627262e+01  2.700000e+01
     vertex -1.083582e+01  1.535086e+01  2.700000e+01
   endloop
 endfacet
 facet normal -9.922395e-01 -9.060455e-02  8.515644e-02
   outer loop
     vertex -2.014065e+01 -2.768268e+00  9.000000e+00
     vertex -2.030893e+01 -9.253118e-01  9.000000e+00
     vertex -2.052206e+01 -2.820692e+00  4.500000e+00
   endloop
 endfacet
 facet normal -2.268051e-02  9.961094e-01  8.515644e-02
   outer loop
     vertex -1.203455e+00  1.759389e+01  4.050000e+01
     vertex  4.014290e-01  1.763043e+01  4.050000e+01
     vertex  4.101928e-01  1.801533e+01  3.600000e+01
   endloop
 endfacet
 facet normal -2.268797e-02  9.964368e-01  8.123395e-02
   outer loop
     vertex -1.203455e+00  1.759389e+01  4.050000e+01
     vertex -4.300544e-01  1.724464e+01  4.500000e+01
     vertex  4.014290e-01  1.763043e+01  4.050000e+01
   endloop
 endfacet
 facet normal -1.131676e-01  9.899199e-01  8.515644e-02
   outer loop
     vertex -1.203455e+00  1.759389e+01  4.050000e+01
     vertex -1.229728e+00  1.797799e+01  3.600000e+01
     vertex -2.859459e+00  1.779168e+01  3.600000e+01
   endloop
 endfacet
 facet normal -2.268051e-02  9.961094e-01  8.515644e-02
   outer loop
     vertex -1.203455e+00  1.759389e+01  4.050000e+01
     vertex  4.101928e-01  1.801533e+01  3.600000e+01
     vertex -1.229728e+00  1.797799e+01  3.600000e+01
   endloop
 endfacet
 facet normal -4.966223e-02  9.950769e-01  8.576439e-02
   outer loop
     vertex -1.203455e+00  1.759389e+01  4.050000e+01
     vertex -1.289094e+00  1.720177e+01  4.500000e+01
     vertex -4.300544e-01  1.724464e+01  4.500000e+01
   endloop
 endfacet
 facet normal -9.921168e-02  9.914714e-01  8.450724e-02
   outer loop
     vertex -1.203455e+00  1.759389e+01  4.050000e+01
     vertex -2.144929e+00  1.711613e+01  4.500000e+01
     vertex -1.289094e+00  1.720177e+01  4.500000e+01
   endloop
 endfacet
 facet normal -9.309997e-01  3.549477e-01  8.515644e-02
   outer loop
     vertex -1.857495e+01  6.129008e+00  1.800000e+01
     vertex -1.829378e+01  7.946110e+00  1.350000e+01
     vertex -1.894056e+01  6.249645e+00  1.350000e+01
   endloop
 endfacet
 facet normal -9.309997e-01  3.549477e-01  8.515644e-02
   outer loop
     vertex -1.857495e+01  6.129008e+00  1.800000e+01
     vertex -1.794065e+01  7.792725e+00  1.800000e+01
     vertex -1.829378e+01  7.946110e+00  1.350000e+01
   endloop
 endfacet
 facet normal -6.800738e-01  7.281813e-01  8.515644e-02
   outer loop
     vertex -1.343691e+01  1.313444e+01  2.700000e+01
     vertex -1.218686e+01  1.430191e+01  2.700000e+01
     vertex -1.243656e+01  1.459495e+01  2.250000e+01
   endloop
 endfacet
 facet normal -7.434732e-01  6.633219e-01  8.515644e-02
   outer loop
     vertex -1.343691e+01  1.313444e+01  2.700000e+01
     vertex -1.371222e+01  1.340356e+01  2.250000e+01
     vertex -1.487426e+01  1.210111e+01  2.250000e+01
   endloop
 endfacet
 facet normal -6.800738e-01  7.281813e-01  8.515644e-02
   outer loop
     vertex -1.343691e+01  1.313444e+01  2.700000e+01
     vertex -1.243656e+01  1.459495e+01  2.250000e+01
     vertex -1.371222e+01  1.340356e+01  2.250000e+01
   endloop
 endfacet
 facet normal -9.306501e-01 -3.548144e-01  8.942638e-02
   outer loop
     vertex -1.900003e+01 -8.252879e+00  4.500000e+00
     vertex -1.967179e+01 -6.490920e+00  4.500000e+00
     vertex -1.982751e+01 -7.216625e+00  0.000000e+00
   endloop
 endfacet
 facet normal -9.273673e-01 -3.639648e-01  8.671556e-02
   outer loop
     vertex -1.900003e+01 -8.252879e+00  4.500000e+00
     vertex -1.982751e+01 -7.216625e+00  0.000000e+00
     vertex -1.944315e+01 -8.195974e+00  0.000000e+00
   endloop
 endfacet
 facet normal -9.082648e-01 -4.098247e-01  8.425462e-02
   outer loop
     vertex -1.900003e+01 -8.252879e+00  4.500000e+00
     vertex -1.944315e+01 -8.195974e+00  0.000000e+00
     vertex -1.901044e+01 -9.154947e+00  0.000000e+00
   endloop
 endfacet
 facet normal -2.905866e-01  9.530519e-01  8.515644e-02
   outer loop
     vertex -6.034531e+00  1.697954e+01  3.600000e+01
     vertex -4.465496e+00  1.745794e+01  3.600000e+01
     vertex -6.163459e+00  1.734231e+01  3.150000e+01
   endloop
 endfacet
 facet normal -9.963676e-01 -1.912765e-15  8.515644e-02
   outer loop
     vertex -1.992433e+01  9.077887e-01  1.350000e+01
     vertex -2.030893e+01  9.253118e-01  9.000000e+00
     vertex -2.030893e+01 -9.253118e-01  9.000000e+00
   endloop
 endfacet
 facet normal -9.922395e-01  9.060455e-02  8.515644e-02
   outer loop
     vertex -1.992433e+01  9.077887e-01  1.350000e+01
     vertex -1.975923e+01  2.715844e+00  1.350000e+01
     vertex -2.030893e+01  9.253118e-01  9.000000e+00
   endloop
 endfacet
 facet normal -8.948653e-01  4.381374e-01  8.515644e-02
   outer loop
     vertex -1.681998e+01  9.207009e+00  2.250000e+01
     vertex -1.715769e+01  9.391870e+00  1.800000e+01
     vertex -1.794065e+01  7.792725e+00  1.800000e+01
   endloop
 endfacet
 facet normal -8.513158e-01  5.176966e-01  8.515644e-02
   outer loop
     vertex -1.681998e+01  9.207009e+00  2.250000e+01
     vertex -1.591305e+01  1.069839e+01  2.250000e+01
     vertex -1.715769e+01  9.391870e+00  1.800000e+01
   endloop
 endfacet
 facet normal -6.110391e-01  7.870067e-01  8.515644e-02
   outer loop
     vertex -1.061380e+01  1.503633e+01  3.150000e+01
     vertex -1.083582e+01  1.535086e+01  2.700000e+01
     vertex -1.218686e+01  1.430191e+01  2.700000e+01
   endloop
 endfacet
 facet normal -5.369411e-01  8.393108e-01  8.515644e-02
   outer loop
     vertex -1.061380e+01  1.503633e+01  3.150000e+01
     vertex -9.202500e+00  1.593920e+01  3.150000e+01
     vertex -1.083582e+01  1.535086e+01  2.700000e+01
   endloop
 endfacet
 facet normal -9.798894e-01 -1.804583e-01  8.515644e-02
   outer loop
     vertex -1.980547e+01 -4.588285e+00  9.000000e+00
     vertex -2.014065e+01 -2.768268e+00  9.000000e+00
     vertex -2.052206e+01 -2.820692e+00  4.500000e+00
   endloop
 endfacet
 facet normal -9.798894e-01 -1.804583e-01  8.515644e-02
   outer loop
     vertex -1.980547e+01 -4.588285e+00  9.000000e+00
     vertex -2.052206e+01 -2.820692e+00  4.500000e+00
     vertex -2.018053e+01 -4.675176e+00  4.500000e+00
   endloop
 endfacet
 facet normal -9.594196e-01 -2.688168e-01  8.515644e-02
   outer loop
     vertex -1.980547e+01 -4.588285e+00  9.000000e+00
     vertex -2.018053e+01 -4.675176e+00  4.500000e+00
     vertex -1.967179e+01 -6.490920e+00  4.500000e+00
   endloop
 endfacet
 facet normal -2.027170e-01  9.755277e-01  8.515644e-02
   outer loop
     vertex -2.798367e+00  1.741156e+01  4.050000e+01
     vertex -2.859459e+00  1.779168e+01  3.600000e+01
     vertex -4.465496e+00  1.745794e+01  3.600000e+01
   endloop
 endfacet
 facet normal -1.132028e-01  9.902279e-01  8.144804e-02
   outer loop
     vertex -2.798367e+00  1.741156e+01  4.050000e+01
     vertex -2.144929e+00  1.711613e+01  4.500000e+01
     vertex -1.203455e+00  1.759389e+01  4.050000e+01
   endloop
 endfacet
 facet normal -1.131676e-01  9.899199e-01  8.515644e-02
   outer loop
     vertex -2.798367e+00  1.741156e+01  4.050000e+01
     vertex -1.203455e+00  1.759389e+01  4.050000e+01
     vertex -2.859459e+00  1.779168e+01  3.600000e+01
   endloop
 endfacet
 facet normal -1.484870e-01  9.851470e-01  8.623803e-02
   outer loop
     vertex -2.798367e+00  1.741156e+01  4.050000e+01
     vertex -2.995431e+00  1.698793e+01  4.500000e+01
     vertex -2.144929e+00  1.711613e+01  4.500000e+01
   endloop
 endfacet
 facet normal -1.974574e-01  9.767655e-01  8.330450e-02
   outer loop
     vertex -2.798367e+00  1.741156e+01  4.050000e+01
     vertex -3.838486e+00  1.681751e+01  4.500000e+01
     vertex -2.995431e+00  1.698793e+01  4.500000e+01
   endloop
 endfacet
 facet normal -9.594196e-01  2.688168e-01  8.515644e-02
   outer loop
     vertex -1.905533e+01  4.414504e+00  1.800000e+01
     vertex -1.894056e+01  6.249645e+00  1.350000e+01
     vertex -1.943040e+01  4.501395e+00  1.350000e+01
   endloop
 endfacet
 facet normal -9.594196e-01  2.688168e-01  8.515644e-02
   outer loop
     vertex -1.905533e+01  4.414504e+00  1.800000e+01
     vertex -1.857495e+01  6.129008e+00  1.800000e+01
     vertex -1.894056e+01  6.249645e+00  1.350000e+01
   endloop
 endfacet
 facet normal -8.007120e-01  5.929660e-01  8.515644e-02
   outer loop
     vertex -1.457562e+01  1.185814e+01  2.700000e+01
     vertex -1.487426e+01  1.210111e+01  2.250000e+01
     vertex -1.591305e+01  1.069839e+01  2.250000e+01
   endloop
 endfacet
 facet normal -7.434732e-01  6.633219e-01  8.515644e-02
   outer loop
     vertex -1.457562e+01  1.185814e+01  2.700000e+01
     vertex -1.343691e+01  1.313444e+01  2.700000e+01
     vertex -1.487426e+01  1.210111e+01  2.250000e+01
   endloop
 endfacet
 facet normal -8.944941e-01 -4.379557e-01  8.986189e-02
   outer loop
     vertex -1.817084e+01 -9.946451e+00  4.500000e+00
     vertex -1.900003e+01 -8.252879e+00  4.500000e+00
     vertex -1.901044e+01 -9.154947e+00  0.000000e+00
   endloop
 endfacet
 facet normal -8.866152e-01 -4.545411e-01  8.547464e-02
   outer loop
     vertex -1.817084e+01 -9.946451e+00  4.500000e+00
     vertex -1.901044e+01 -9.154947e+00  0.000000e+00
     vertex -1.853048e+01 -1.009116e+01  0.000000e+00
   endloop
 endfacet
 facet normal -8.628925e-01 -4.981912e-01  8.498241e-02
   outer loop
     vertex -1.817084e+01 -9.946451e+00  4.500000e+00
     vertex -1.853048e+01 -1.009116e+01  0.000000e+00
     vertex -1.800444e+01 -1.100228e+01  0.000000e+00
   endloop
 endfacet
 facet normal -4.583939e-01  8.846601e-01  8.515644e-02
   outer loop
     vertex -7.553561e+00  1.636044e+01  3.600000e+01
     vertex -7.714944e+00  1.670999e+01  3.150000e+01
     vertex -9.202500e+00  1.593920e+01  3.150000e+01
   endloop
 endfacet
 facet normal -3.760483e-01  9.226788e-01  8.515644e-02
   outer loop
     vertex -7.553561e+00  1.636044e+01  3.600000e+01
     vertex -6.163459e+00  1.734231e+01  3.150000e+01
     vertex -7.714944e+00  1.670999e+01  3.150000e+01
   endloop
 endfacet
 facet normal -3.760483e-01  9.226788e-01  8.515644e-02
   outer loop
     vertex -7.553561e+00  1.636044e+01  3.600000e+01
     vertex -6.034531e+00  1.697954e+01  3.600000e+01
     vertex -6.163459e+00  1.734231e+01  3.150000e+01
   endloop
 endfacet
 facet normal -9.963676e-01 -1.949688e-15  8.515644e-02
   outer loop
     vertex -1.992433e+01 -9.077887e-01  1.350000e+01
     vertex -1.992433e+01  9.077887e-01  1.350000e+01
     vertex -2.030893e+01 -9.253118e-01  9.000000e+00
   endloop
 endfacet
 facet normal -9.922395e-01 -9.060455e-02  8.515644e-02
   outer loop
     vertex -1.992433e+01 -9.077887e-01  1.350000e+01
     vertex -2.030893e+01 -9.253118e-01  9.000000e+00
     vertex -2.014065e+01 -2.768268e+00  9.000000e+00
   endloop
 endfacet
 facet normal -8.948653e-01  4.381374e-01  8.515644e-02
   outer loop
     vertex -1.758753e+01  7.639341e+00  2.250000e+01
     vertex -1.681998e+01  9.207009e+00  2.250000e+01
     vertex -1.794065e+01  7.792725e+00  1.800000e+01
   endloop
 endfacet
 facet normal -6.110391e-01  7.870067e-01  8.515644e-02
   outer loop
     vertex -1.193715e+01  1.400887e+01  3.150000e+01
     vertex -1.061380e+01  1.503633e+01  3.150000e+01
     vertex -1.218686e+01  1.430191e+01  2.700000e+01
   endloop
 endfacet
 facet normal -9.594196e-01 -2.688168e-01  8.515644e-02
   outer loop
     vertex -1.930618e+01 -6.370283e+00  9.000000e+00
     vertex -1.980547e+01 -4.588285e+00  9.000000e+00
     vertex -1.967179e+01 -6.490920e+00  4.500000e+00
   endloop
 endfacet
 facet normal -2.027170e-01  9.755277e-01  8.515644e-02
   outer loop
     vertex -4.370090e+00  1.708495e+01  4.050000e+01
     vertex -2.798367e+00  1.741156e+01  4.050000e+01
     vertex -4.465496e+00  1.745794e+01  3.600000e+01
   endloop
 endfacet
 facet normal -2.458342e-01  9.654518e-01  8.642019e-02
   outer loop
     vertex -4.370090e+00  1.708495e+01  4.050000e+01
     vertex -4.671998e+00  1.660527e+01  4.500000e+01
     vertex -3.838486e+00  1.681751e+01  4.500000e+01
   endloop
 endfacet
 facet normal -2.027717e-01  9.757911e-01  8.194752e-02
   outer loop
     vertex -4.370090e+00  1.708495e+01  4.050000e+01
     vertex -3.838486e+00  1.681751e+01  4.500000e+01
     vertex -2.798367e+00  1.741156e+01  4.050000e+01
   endloop
 endfacet
 facet normal -9.798894e-01  1.804583e-01  8.515644e-02
   outer loop
     vertex -1.937782e+01  2.663420e+00  1.800000e+01
     vertex -1.905533e+01  4.414504e+00  1.800000e+01
     vertex -1.943040e+01  4.501395e+00  1.350000e+01
   endloop
 endfacet
 facet normal -9.798894e-01  1.804583e-01  8.515644e-02
   outer loop
     vertex -1.937782e+01  2.663420e+00  1.800000e+01
     vertex -1.943040e+01  4.501395e+00  1.350000e+01
     vertex -1.975923e+01  2.715844e+00  1.350000e+01
   endloop
 endfacet
 facet normal -8.007120e-01  5.929660e-01  8.515644e-02
   outer loop
     vertex -1.559354e+01  1.048358e+01  2.700000e+01
     vertex -1.457562e+01  1.185814e+01  2.700000e+01
     vertex -1.591305e+01  1.069839e+01  2.250000e+01
   endloop
 endfacet
 facet normal -8.370162e-01 -5.406024e-01  8.457573e-02
   outer loop
     vertex -1.719107e+01 -1.155760e+01  4.500000e+00
     vertex -1.800444e+01 -1.100228e+01  0.000000e+00
     vertex -1.743364e+01 -1.188605e+01  0.000000e+00
   endloop
 endfacet
 facet normal -8.089262e-01 -5.815783e-01  8.605238e-02
   outer loop
     vertex -1.719107e+01 -1.155760e+01  4.500000e+00
     vertex -1.743364e+01 -1.188605e+01  0.000000e+00
     vertex -1.681950e+01 -1.274027e+01  0.000000e+00
   endloop
 endfacet
 facet normal -8.509559e-01 -5.174778e-01  8.994899e-02
   outer loop
     vertex -1.719107e+01 -1.155760e+01  4.500000e+00
     vertex -1.817084e+01 -9.946451e+00  4.500000e+00
     vertex -1.800444e+01 -1.100228e+01  0.000000e+00
   endloop
 endfacet
 facet normal -5.369411e-01  8.393108e-01  8.515644e-02
   outer loop
     vertex -9.010000e+00  1.560578e+01  3.600000e+01
     vertex -9.202500e+00  1.593920e+01  3.150000e+01
     vertex -1.061380e+01  1.503633e+01  3.150000e+01
   endloop
 endfacet
 facet normal -4.583939e-01  8.846601e-01  8.515644e-02
   outer loop
     vertex -9.010000e+00  1.560578e+01  3.600000e+01
     vertex -7.553561e+00  1.636044e+01  3.600000e+01
     vertex -9.202500e+00  1.593920e+01  3.150000e+01
   endloop
 endfacet
 facet normal -9.922395e-01 -9.060455e-02  8.515644e-02
   outer loop
     vertex -1.975923e+01 -2.715844e+00  1.350000e+01
     vertex -1.992433e+01 -9.077887e-01  1.350000e+01
     vertex -2.014065e+01 -2.768268e+00  9.000000e+00
   endloop
 endfacet
 facet normal -9.594196e-01  2.688168e-01  8.515644e-02
   outer loop
     vertex -1.820934e+01  6.008371e+00  2.250000e+01
     vertex -1.857495e+01  6.129008e+00  1.800000e+01
     vertex -1.905533e+01  4.414504e+00  1.800000e+01
   endloop
 endfacet
 facet normal -9.309997e-01  3.549477e-01  8.515644e-02
   outer loop
     vertex -1.820934e+01  6.008371e+00  2.250000e+01
     vertex -1.794065e+01  7.792725e+00  1.800000e+01
     vertex -1.857495e+01  6.129008e+00  1.800000e+01
   endloop
 endfacet
 facet normal -9.309997e-01  3.549477e-01  8.515644e-02
   outer loop
     vertex -1.820934e+01  6.008371e+00  2.250000e+01
     vertex -1.758753e+01  7.639341e+00  2.250000e+01
     vertex -1.794065e+01  7.792725e+00  1.800000e+01
   endloop
 endfacet
 facet normal -6.800738e-01  7.281813e-01  8.515644e-02
   outer loop
     vertex -1.316159e+01  1.286532e+01  3.150000e+01
     vertex -1.218686e+01  1.430191e+01  2.700000e+01
     vertex -1.343691e+01  1.313444e+01  2.700000e+01
   endloop
 endfacet
 facet normal -6.800738e-01  7.281813e-01  8.515644e-02
   outer loop
     vertex -1.316159e+01  1.286532e+01  3.150000e+01
     vertex -1.193715e+01  1.400887e+01  3.150000e+01
     vertex -1.218686e+01  1.430191e+01  2.700000e+01
   endloop
 endfacet
 facet normal -7.434732e-01  6.633219e-01  8.515644e-02
   outer loop
     vertex -1.316159e+01  1.286532e+01  3.150000e+01
     vertex -1.343691e+01  1.313444e+01  2.700000e+01
     vertex -1.457562e+01  1.185814e+01  2.700000e+01
   endloop
 endfacet
 facet normal -9.309997e-01 -3.549477e-01  8.515644e-02
   outer loop
     vertex -1.864691e+01 -8.099494e+00  9.000000e+00
     vertex -1.930618e+01 -6.370283e+00  9.000000e+00
     vertex -1.967179e+01 -6.490920e+00  4.500000e+00
   endloop
 endfacet
 facet normal -9.309997e-01 -3.549477e-01  8.515644e-02
   outer loop
     vertex -1.864691e+01 -8.099494e+00  9.000000e+00
     vertex -1.967179e+01 -6.490920e+00  4.500000e+00
     vertex -1.900003e+01 -8.252879e+00  4.500000e+00
   endloop
 endfacet
 facet normal -2.906610e-01  9.532959e-01  8.211697e-02
   outer loop
     vertex -5.905602e+00  1.661677e+01  4.050000e+01
     vertex -4.671998e+00  1.660527e+01  4.500000e+01
     vertex -4.370090e+00  1.708495e+01  4.050000e+01
   endloop
 endfacet
 facet normal -2.905866e-01  9.530519e-01  8.515644e-02
   outer loop
     vertex -5.905602e+00  1.661677e+01  4.050000e+01
     vertex -4.465496e+00  1.745794e+01  3.600000e+01
     vertex -6.034531e+00  1.697954e+01  3.600000e+01
   endloop
 endfacet
 facet normal -3.760483e-01  9.226788e-01  8.515644e-02
   outer loop
     vertex -5.905602e+00  1.661677e+01  4.050000e+01
     vertex -6.034531e+00  1.697954e+01  3.600000e+01
     vertex -7.553561e+00  1.636044e+01  3.600000e+01
   endloop
 endfacet
 facet normal -2.937392e-01  9.522790e-01  8.295821e-02
   outer loop
     vertex -5.905602e+00  1.661677e+01  4.050000e+01
     vertex -5.493895e+00  1.635175e+01  4.500000e+01
     vertex -4.671998e+00  1.660527e+01  4.500000e+01
   endloop
 endfacet
 facet normal -3.407438e-01  9.361859e-01  8.631090e-02
   outer loop
     vertex -5.905602e+00  1.661677e+01  4.050000e+01
     vertex -6.302133e+00  1.605757e+01  4.500000e+01
     vertex -5.493895e+00  1.635175e+01  4.500000e+01
   endloop
 endfacet
 facet normal -2.905866e-01  9.530519e-01  8.515644e-02
   outer loop
     vertex -5.905602e+00  1.661677e+01  4.050000e+01
     vertex -4.370090e+00  1.708495e+01  4.050000e+01
     vertex -4.465496e+00  1.745794e+01  3.600000e+01
   endloop
 endfacet
 facet normal -9.922395e-01  9.060455e-02  8.515644e-02
   outer loop
     vertex -1.953973e+01  8.902656e-01  1.800000e+01
     vertex -1.937782e+01  2.663420e+00  1.800000e+01
     vertex -1.975923e+01  2.715844e+00  1.350000e+01
   endloop
 endfacet
 facet normal -9.922395e-01  9.060455e-02  8.515644e-02
   outer loop
     vertex -1.953973e+01  8.902656e-01  1.800000e+01
     vertex -1.975923e+01  2.715844e+00  1.350000e+01
     vertex -1.992433e+01  9.077887e-01  1.350000e+01
   endloop
 endfacet
 facet normal -8.513158e-01  5.176966e-01  8.515644e-02
   outer loop
     vertex -1.648226e+01  9.022149e+00  2.700000e+01
     vertex -1.591305e+01  1.069839e+01  2.250000e+01
     vertex -1.681998e+01  9.207009e+00  2.250000e+01
   endloop
 endfacet
 facet normal -8.513158e-01  5.176966e-01  8.515644e-02
   outer loop
     vertex -1.648226e+01  9.022149e+00  2.700000e+01
     vertex -1.559354e+01  1.048358e+01  2.700000e+01
     vertex -1.591305e+01  1.069839e+01  2.250000e+01
   endloop
 endfacet
 facet normal -8.948653e-01  4.381374e-01  8.515644e-02
   outer loop
     vertex -1.648226e+01  9.022149e+00  2.700000e+01
     vertex -1.681998e+01  9.207009e+00  2.250000e+01
     vertex -1.758753e+01  7.639341e+00  2.250000e+01
   endloop
 endfacet
 facet normal -8.003924e-01 -5.927293e-01  8.968769e-02
   outer loop
     vertex -1.606886e+01 -1.307299e+01  4.500000e+00
     vertex -1.719107e+01 -1.155760e+01  4.500000e+00
     vertex -1.681950e+01 -1.274027e+01  0.000000e+00
   endloop
 endfacet
 facet normal -7.790670e-01 -6.212852e-01  8.401912e-02
   outer loop
     vertex -1.606886e+01 -1.307299e+01  4.500000e+00
     vertex -1.681950e+01 -1.274027e+01  0.000000e+00
     vertex -1.616354e+01 -1.356282e+01  0.000000e+00
   endloop
 endfacet
 facet normal -7.469078e-01 -6.591500e-01  8.746415e-02
   outer loop
     vertex -1.606886e+01 -1.307299e+01  4.500000e+00
     vertex -1.616354e+01 -1.356282e+01  0.000000e+00
     vertex -1.546739e+01 -1.435164e+01  0.000000e+00
   endloop
 endfacet
 facet normal -5.369411e-01  8.393108e-01  8.515644e-02
   outer loop
     vertex -1.039178e+01  1.472180e+01  3.600000e+01
     vertex -9.010000e+00  1.560578e+01  3.600000e+01
     vertex -1.061380e+01  1.503633e+01  3.150000e+01
   endloop
 endfacet
 facet normal -9.798894e-01 -1.804583e-01  8.515644e-02
   outer loop
     vertex -1.943040e+01 -4.501395e+00  1.350000e+01
     vertex -1.975923e+01 -2.715844e+00  1.350000e+01
     vertex -2.014065e+01 -2.768268e+00  9.000000e+00
   endloop
 endfacet
 facet normal -9.798894e-01 -1.804583e-01  8.515644e-02
   outer loop
     vertex -1.943040e+01 -4.501395e+00  1.350000e+01
     vertex -2.014065e+01 -2.768268e+00  9.000000e+00
     vertex -1.980547e+01 -4.588285e+00  9.000000e+00
   endloop
 endfacet
 facet normal -9.594196e-01  2.688168e-01  8.515644e-02
   outer loop
     vertex -1.868027e+01  4.327613e+00  2.250000e+01
     vertex -1.820934e+01  6.008371e+00  2.250000e+01
     vertex -1.905533e+01  4.414504e+00  1.800000e+01
   endloop
 endfacet
 facet normal -7.434732e-01  6.633219e-01  8.515644e-02
   outer loop
     vertex -1.427697e+01  1.161517e+01  3.150000e+01
     vertex -1.316159e+01  1.286532e+01  3.150000e+01
     vertex -1.457562e+01  1.185814e+01  2.700000e+01
   endloop
 endfacet
 facet normal -8.948653e-01 -4.381374e-01  8.515644e-02
   outer loop
     vertex -1.783312e+01 -9.761590e+00  9.000000e+00
     vertex -1.900003e+01 -8.252879e+00  4.500000e+00
     vertex -1.817084e+01 -9.946451e+00  4.500000e+00
   endloop
 endfacet
 facet normal -8.948653e-01 -4.381374e-01  8.515644e-02
   outer loop
     vertex -1.783312e+01 -9.761590e+00  9.000000e+00
     vertex -1.864691e+01 -8.099494e+00  9.000000e+00
     vertex -1.900003e+01 -8.252879e+00  4.500000e+00
   endloop
 endfacet
 facet normal -8.513158e-01 -5.176966e-01  8.515644e-02
   outer loop
     vertex -1.783312e+01 -9.761590e+00  9.000000e+00
     vertex -1.817084e+01 -9.946451e+00  4.500000e+00
     vertex -1.719107e+01 -1.155760e+01  4.500000e+00
   endloop
 endfacet
 facet normal -3.761622e-01  9.229584e-01  8.154616e-02
   outer loop
     vertex -7.392178e+00  1.601090e+01  4.050000e+01
     vertex -6.302133e+00  1.605757e+01  4.500000e+01
     vertex -5.905602e+00  1.661677e+01  4.050000e+01
   endloop
 endfacet
 facet normal -3.760483e-01  9.226788e-01  8.515644e-02
   outer loop
     vertex -7.392178e+00  1.601090e+01  4.050000e+01
     vertex -5.905602e+00  1.661677e+01  4.050000e+01
     vertex -7.553561e+00  1.636044e+01  3.600000e+01
   endloop
 endfacet
 facet normal -3.870543e-01  9.182013e-01  8.423391e-02
   outer loop
     vertex -7.392178e+00  1.601090e+01  4.050000e+01
     vertex -7.094703e+00  1.572348e+01  4.500000e+01
     vertex -6.302133e+00  1.605757e+01  4.500000e+01
   endloop
 endfacet
 facet normal -4.322796e-01  8.976379e-01  8.591013e-02
   outer loop
     vertex -7.392178e+00  1.601090e+01  4.050000e+01
     vertex -7.869634e+00  1.535029e+01  4.500000e+01
     vertex -7.094703e+00  1.572348e+01  4.500000e+01
   endloop
 endfacet
 facet normal -9.963676e-01 -1.949688e-15  8.515644e-02
   outer loop
     vertex -1.953973e+01 -8.902656e-01  1.800000e+01
     vertex -1.992433e+01  9.077887e-01  1.350000e+01
     vertex -1.992433e+01 -9.077887e-01  1.350000e+01
   endloop
 endfacet
 facet normal -9.963676e-01 -1.988063e-15  8.515644e-02
   outer loop
     vertex -1.953973e+01 -8.902656e-01  1.800000e+01
     vertex -1.953973e+01  8.902656e-01  1.800000e+01
     vertex -1.992433e+01  9.077887e-01  1.350000e+01
   endloop
 endfacet
 facet normal -8.948653e-01  4.381374e-01  8.515644e-02
   outer loop
     vertex -1.723440e+01  7.485956e+00  2.700000e+01
     vertex -1.648226e+01  9.022149e+00  2.700000e+01
     vertex -1.758753e+01  7.639341e+00  2.250000e+01
   endloop
 endfacet
 facet normal -7.432174e-01 -6.630936e-01  8.907795e-02
   outer loop
     vertex -1.481349e+01 -1.448004e+01  4.500000e+00
     vertex -1.606886e+01 -1.307299e+01  4.500000e+00
     vertex -1.546739e+01 -1.435164e+01  0.000000e+00
   endloop
 endfacet
 facet normal -7.133486e-01 -6.957805e-01  8.380502e-02
   outer loop
     vertex -1.481349e+01 -1.448004e+01  4.500000e+00
     vertex -1.546739e+01 -1.435164e+01  0.000000e+00
     vertex -1.473280e+01 -1.510479e+01  0.000000e+00
   endloop
 endfacet
 facet normal -6.110391e-01  7.870067e-01  8.515644e-02
   outer loop
     vertex -1.168745e+01  1.371583e+01  3.600000e+01
     vertex -1.039178e+01  1.472180e+01  3.600000e+01
     vertex -1.061380e+01  1.503633e+01  3.150000e+01
   endloop
 endfacet
 facet normal -6.110391e-01  7.870067e-01  8.515644e-02
   outer loop
     vertex -1.168745e+01  1.371583e+01  3.600000e+01
     vertex -1.061380e+01  1.503633e+01  3.150000e+01
     vertex -1.193715e+01  1.400887e+01  3.150000e+01
   endloop
 endfacet
 facet normal -9.594196e-01 -2.688168e-01  8.515644e-02
   outer loop
     vertex -1.894056e+01 -6.249645e+00  1.350000e+01
     vertex -1.980547e+01 -4.588285e+00  9.000000e+00
     vertex -1.930618e+01 -6.370283e+00  9.000000e+00
   endloop
 endfacet
 facet normal -9.594196e-01 -2.688168e-01  8.515644e-02
   outer loop
     vertex -1.894056e+01 -6.249645e+00  1.350000e+01
     vertex -1.943040e+01 -4.501395e+00  1.350000e+01
     vertex -1.980547e+01 -4.588285e+00  9.000000e+00
   endloop
 endfacet
 facet normal -9.798894e-01  1.804583e-01  8.515644e-02
   outer loop
     vertex -1.899640e+01  2.610995e+00  2.250000e+01
     vertex -1.905533e+01  4.414504e+00  1.800000e+01
     vertex -1.937782e+01  2.663420e+00  1.800000e+01
   endloop
 endfacet
 facet normal -9.922395e-01  9.060455e-02  8.515644e-02
   outer loop
     vertex -1.899640e+01  2.610995e+00  2.250000e+01
     vertex -1.937782e+01  2.663420e+00  1.800000e+01
     vertex -1.953973e+01  8.902656e-01  1.800000e+01
   endloop
 endfacet
 facet normal -9.798894e-01  1.804583e-01  8.515644e-02
   outer loop
     vertex -1.899640e+01  2.610995e+00  2.250000e+01
     vertex -1.868027e+01  4.327613e+00  2.250000e+01
     vertex -1.905533e+01  4.414504e+00  1.800000e+01
   endloop
 endfacet
 facet normal -8.513158e-01  5.176966e-01  8.515644e-02
   outer loop
     vertex -1.527404e+01  1.026878e+01  3.150000e+01
     vertex -1.559354e+01  1.048358e+01  2.700000e+01
     vertex -1.648226e+01  9.022149e+00  2.700000e+01
   endloop
 endfacet
 facet normal -8.007120e-01  5.929660e-01  8.515644e-02
   outer loop
     vertex -1.527404e+01  1.026878e+01  3.150000e+01
     vertex -1.427697e+01  1.161517e+01  3.150000e+01
     vertex -1.457562e+01  1.185814e+01  2.700000e+01
   endloop
 endfacet
 facet normal -8.007120e-01  5.929660e-01  8.515644e-02
   outer loop
     vertex -1.527404e+01  1.026878e+01  3.150000e+01
     vertex -1.457562e+01  1.185814e+01  2.700000e+01
     vertex -1.559354e+01  1.048358e+01  2.700000e+01
   endloop
 endfacet
 facet normal -8.513158e-01 -5.176966e-01  8.515644e-02
   outer loop
     vertex -1.687157e+01 -1.134280e+01  9.000000e+00
     vertex -1.783312e+01 -9.761590e+00  9.000000e+00
     vertex -1.719107e+01 -1.155760e+01  4.500000e+00
   endloop
 endfacet
 facet normal -5.369411e-01  8.393108e-01  8.515644e-02
   outer loop
     vertex -8.817500e+00  1.527236e+01  4.050000e+01
     vertex -9.010000e+00  1.560578e+01  3.600000e+01
     vertex -1.039178e+01  1.472180e+01  3.600000e+01
   endloop
 endfacet
 facet normal -4.583939e-01  8.846601e-01  8.515644e-02
   outer loop
     vertex -8.817500e+00  1.527236e+01  4.050000e+01
     vertex -7.553561e+00  1.636044e+01  3.600000e+01
     vertex -9.010000e+00  1.560578e+01  3.600000e+01
   endloop
 endfacet
 facet normal -4.585435e-01  8.849489e-01  8.126072e-02
   outer loop
     vertex -8.817500e+00  1.527236e+01  4.050000e+01
     vertex -7.869634e+00  1.535029e+01  4.500000e+01
     vertex -7.392178e+00  1.601090e+01  4.050000e+01
   endloop
 endfacet
 facet normal -4.583939e-01  8.846601e-01  8.515644e-02
   outer loop
     vertex -8.817500e+00  1.527236e+01  4.050000e+01
     vertex -7.392178e+00  1.601090e+01  4.050000e+01
     vertex -7.553561e+00  1.636044e+01  3.600000e+01
   endloop
 endfacet
 facet normal -4.765143e-01  8.750269e-01  8.521784e-02
   outer loop
     vertex -8.817500e+00  1.527236e+01  4.050000e+01
     vertex -8.625000e+00  1.493894e+01  4.500000e+01
     vertex -7.869634e+00  1.535029e+01  4.500000e+01
   endloop
 endfacet
 facet normal -5.195384e-01  8.501869e-01  8.521784e-02
   outer loop
     vertex -8.817500e+00  1.527236e+01  4.050000e+01
     vertex -9.358923e+00  1.449045e+01  4.500000e+01
     vertex -8.625000e+00  1.493894e+01  4.500000e+01
   endloop
 endfacet
 facet normal -9.922395e-01 -9.060455e-02  8.515644e-02
   outer loop
     vertex -1.937782e+01 -2.663420e+00  1.800000e+01
     vertex -1.953973e+01 -8.902656e-01  1.800000e+01
     vertex -1.992433e+01 -9.077887e-01  1.350000e+01
   endloop
 endfacet
 facet normal -9.922395e-01 -9.060455e-02  8.515644e-02
   outer loop
     vertex -1.937782e+01 -2.663420e+00  1.800000e+01
     vertex -1.992433e+01 -9.077887e-01  1.350000e+01
     vertex -1.975923e+01 -2.715844e+00  1.350000e+01
   endloop
 endfacet
 facet normal -9.309997e-01  3.549477e-01  8.515644e-02
   outer loop
     vertex -1.784373e+01  5.887733e+00  2.700000e+01
     vertex -1.758753e+01  7.639341e+00  2.250000e+01
     vertex -1.820934e+01  6.008371e+00  2.250000e+01
   endloop
 endfacet
 facet normal -9.309997e-01  3.549477e-01  8.515644e-02
   outer loop
     vertex -1.784373e+01  5.887733e+00  2.700000e+01
     vertex -1.723440e+01  7.485956e+00  2.700000e+01
     vertex -1.758753e+01  7.639341e+00  2.250000e+01
   endloop
 endfacet
 facet normal -6.798524e-01 -7.279441e-01  8.887105e-02
   outer loop
     vertex -1.343538e+01 -1.576711e+01  4.500000e+00
     vertex -1.481349e+01 -1.448004e+01  4.500000e+00
     vertex -1.473280e+01 -1.510479e+01  0.000000e+00
   endloop
 endfacet
 facet normal -6.775418e-01 -7.302164e-01  8.787044e-02
   outer loop
     vertex -1.343538e+01 -1.576711e+01  4.500000e+00
     vertex -1.473280e+01 -1.510479e+01  0.000000e+00
     vertex -1.396157e+01 -1.582038e+01  0.000000e+00
   endloop
 endfacet
 facet normal -6.405194e-01 -7.633413e-01  8.393348e-02
   outer loop
     vertex -1.343538e+01 -1.576711e+01  4.500000e+00
     vertex -1.396157e+01 -1.582038e+01  0.000000e+00
     vertex -1.315563e+01 -1.649664e+01  0.000000e+00
   endloop
 endfacet
 facet normal -6.800738e-01  7.281813e-01  8.515644e-02
   outer loop
     vertex -1.288627e+01  1.259620e+01  3.600000e+01
     vertex -1.193715e+01  1.400887e+01  3.150000e+01
     vertex -1.316159e+01  1.286532e+01  3.150000e+01
   endloop
 endfacet
 facet normal -7.434732e-01  6.633219e-01  8.515644e-02
   outer loop
     vertex -1.288627e+01  1.259620e+01  3.600000e+01
     vertex -1.316159e+01  1.286532e+01  3.150000e+01
     vertex -1.427697e+01  1.161517e+01  3.150000e+01
   endloop
 endfacet
 facet normal -6.800738e-01  7.281813e-01  8.515644e-02
   outer loop
     vertex -1.288627e+01  1.259620e+01  3.600000e+01
     vertex -1.168745e+01  1.371583e+01  3.600000e+01
     vertex -1.193715e+01  1.400887e+01  3.150000e+01
   endloop
 endfacet
 facet normal -9.309997e-01 -3.549477e-01  8.515644e-02
   outer loop
     vertex -1.829378e+01 -7.946110e+00  1.350000e+01
     vertex -1.930618e+01 -6.370283e+00  9.000000e+00
     vertex -1.864691e+01 -8.099494e+00  9.000000e+00
   endloop
 endfacet
 facet normal -9.309997e-01 -3.549477e-01  8.515644e-02
   outer loop
     vertex -1.829378e+01 -7.946110e+00  1.350000e+01
     vertex -1.894056e+01 -6.249645e+00  1.350000e+01
     vertex -1.930618e+01 -6.370283e+00  9.000000e+00
   endloop
 endfacet
 facet normal -9.922395e-01  9.060455e-02  8.515644e-02
   outer loop
     vertex -1.915513e+01  8.727424e-01  2.250000e+01
     vertex -1.899640e+01  2.610995e+00  2.250000e+01
     vertex -1.953973e+01  8.902656e-01  1.800000e+01
   endloop
 endfacet
 facet normal -8.948653e-01  4.381374e-01  8.515644e-02
   outer loop
     vertex -1.614455e+01  8.837288e+00  3.150000e+01
     vertex -1.648226e+01  9.022149e+00  2.700000e+01
     vertex -1.723440e+01  7.485956e+00  2.700000e+01
   endloop
 endfacet
 facet normal -8.513158e-01  5.176966e-01  8.515644e-02
   outer loop
     vertex -1.614455e+01  8.837288e+00  3.150000e+01
     vertex -1.527404e+01  1.026878e+01  3.150000e+01
     vertex -1.648226e+01  9.022149e+00  2.700000e+01
   endloop
 endfacet
 facet normal -8.007120e-01 -5.929660e-01  8.515644e-02
   outer loop
     vertex -1.577021e+01 -1.283002e+01  9.000000e+00
     vertex -1.687157e+01 -1.134280e+01  9.000000e+00
     vertex -1.719107e+01 -1.155760e+01  4.500000e+00
   endloop
 endfacet
 facet normal -8.007120e-01 -5.929660e-01  8.515644e-02
   outer loop
     vertex -1.577021e+01 -1.283002e+01  9.000000e+00
     vertex -1.719107e+01 -1.155760e+01  4.500000e+00
     vertex -1.606886e+01 -1.307299e+01  4.500000e+00
   endloop
 endfacet
 facet normal -7.434732e-01 -6.633219e-01  8.515644e-02
   outer loop
     vertex -1.577021e+01 -1.283002e+01  9.000000e+00
     vertex -1.606886e+01 -1.307299e+01  4.500000e+00
     vertex -1.481349e+01 -1.448004e+01  4.500000e+00
   endloop
 endfacet
 facet normal -5.371164e-01  8.395848e-01  8.126072e-02
   outer loop
     vertex -1.016976e+01  1.440726e+01  4.050000e+01
     vertex -9.358923e+00  1.449045e+01  4.500000e+01
     vertex -8.817500e+00  1.527236e+01  4.050000e+01
   endloop
 endfacet
 facet normal -5.369411e-01  8.393108e-01  8.515644e-02
   outer loop
     vertex -1.016976e+01  1.440726e+01  4.050000e+01
     vertex -8.817500e+00  1.527236e+01  4.050000e+01
     vertex -1.039178e+01  1.472180e+01  3.600000e+01
   endloop
 endfacet
 facet normal -5.612374e-01  8.231841e-01  8.591013e-02
   outer loop
     vertex -1.016976e+01  1.440726e+01  4.050000e+01
     vertex -1.006958e+01  1.400593e+01  4.500000e+01
     vertex -9.358923e+00  1.449045e+01  4.500000e+01
   endloop
 endfacet
 facet normal -6.016585e-01  7.942995e-01  8.423391e-02
   outer loop
     vertex -1.016976e+01  1.440726e+01  4.050000e+01
     vertex -1.075520e+01  1.348659e+01  4.500000e+01
     vertex -1.006958e+01  1.400593e+01  4.500000e+01
   endloop
 endfacet
 facet normal -9.594196e-01 -2.688168e-01  8.515644e-02
   outer loop
     vertex -1.905533e+01 -4.414504e+00  1.800000e+01
     vertex -1.943040e+01 -4.501395e+00  1.350000e+01
     vertex -1.894056e+01 -6.249645e+00  1.350000e+01
   endloop
 endfacet
 facet normal -9.798894e-01 -1.804583e-01  8.515644e-02
   outer loop
     vertex -1.905533e+01 -4.414504e+00  1.800000e+01
     vertex -1.937782e+01 -2.663420e+00  1.800000e+01
     vertex -1.975923e+01 -2.715844e+00  1.350000e+01
   endloop
 endfacet
 facet normal -9.798894e-01 -1.804583e-01  8.515644e-02
   outer loop
     vertex -1.905533e+01 -4.414504e+00  1.800000e+01
     vertex -1.975923e+01 -2.715844e+00  1.350000e+01
     vertex -1.943040e+01 -4.501395e+00  1.350000e+01
   endloop
 endfacet
 facet normal -9.594196e-01  2.688168e-01  8.515644e-02
   outer loop
     vertex -1.830520e+01  4.240722e+00  2.700000e+01
     vertex -1.820934e+01  6.008371e+00  2.250000e+01
     vertex -1.868027e+01  4.327613e+00  2.250000e+01
   endloop
 endfacet
 facet normal -9.594196e-01  2.688168e-01  8.515644e-02
   outer loop
     vertex -1.830520e+01  4.240722e+00  2.700000e+01
     vertex -1.784373e+01  5.887733e+00  2.700000e+01
     vertex -1.820934e+01  6.008371e+00  2.250000e+01
   endloop
 endfacet
 facet normal -6.108019e-01 -7.867011e-01  8.956793e-02
   outer loop
     vertex -1.194593e+01 -1.692353e+01  4.500000e+00
     vertex -1.343538e+01 -1.576711e+01  4.500000e+00
     vertex -1.315563e+01 -1.649664e+01  0.000000e+00
   endloop
 endfacet
 facet normal -6.015479e-01 -7.941535e-01  8.637329e-02
   outer loop
     vertex -1.194593e+01 -1.692353e+01  4.500000e+00
     vertex -1.315563e+01 -1.649664e+01  0.000000e+00
     vertex -1.231699e+01 -1.713189e+01  0.000000e+00
   endloop
 endfacet
 facet normal -5.613099e-01 -8.232904e-01  8.440448e-02
   outer loop
     vertex -1.194593e+01 -1.692353e+01  4.500000e+00
     vertex -1.231699e+01 -1.713189e+01  0.000000e+00
     vertex -1.144773e+01 -1.772455e+01  0.000000e+00
   endloop
 endfacet
 facet normal -7.434732e-01  6.633219e-01  8.515644e-02
   outer loop
     vertex -1.397832e+01  1.137220e+01  3.600000e+01
     vertex -1.288627e+01  1.259620e+01  3.600000e+01
     vertex -1.427697e+01  1.161517e+01  3.150000e+01
   endloop
 endfacet
 facet normal -8.007120e-01  5.929660e-01  8.515644e-02
   outer loop
     vertex -1.397832e+01  1.137220e+01  3.600000e+01
     vertex -1.427697e+01  1.161517e+01  3.150000e+01
     vertex -1.527404e+01  1.026878e+01  3.150000e+01
   endloop
 endfacet
 facet normal -8.948653e-01 -4.381374e-01  8.515644e-02
   outer loop
     vertex -1.749541e+01 -9.576730e+00  1.350000e+01
     vertex -1.864691e+01 -8.099494e+00  9.000000e+00
     vertex -1.783312e+01 -9.761590e+00  9.000000e+00
   endloop
 endfacet
 facet normal -8.513158e-01 -5.176966e-01  8.515644e-02
   outer loop
     vertex -1.749541e+01 -9.576730e+00  1.350000e+01
     vertex -1.783312e+01 -9.761590e+00  9.000000e+00
     vertex -1.687157e+01 -1.134280e+01  9.000000e+00
   endloop
 endfacet
 facet normal -8.948653e-01 -4.381374e-01  8.515644e-02
   outer loop
     vertex -1.749541e+01 -9.576730e+00  1.350000e+01
     vertex -1.829378e+01 -7.946110e+00  1.350000e+01
     vertex -1.864691e+01 -8.099494e+00  9.000000e+00
   endloop
 endfacet
 facet normal -9.963676e-01 -2.027980e-15  8.515644e-02
   outer loop
     vertex -1.915513e+01 -8.727424e-01  2.250000e+01
     vertex -1.915513e+01  8.727424e-01  2.250000e+01
     vertex -1.953973e+01  8.902656e-01  1.800000e+01
   endloop
 endfacet
 facet normal -9.963676e-01 -1.988063e-15  8.515644e-02
   outer loop
     vertex -1.915513e+01 -8.727424e-01  2.250000e+01
     vertex -1.953973e+01  8.902656e-01  1.800000e+01
     vertex -1.953973e+01 -8.902656e-01  1.800000e+01
   endloop
 endfacet
 facet normal -8.948653e-01  4.381374e-01  8.515644e-02
   outer loop
     vertex -1.688127e+01  7.332572e+00  3.150000e+01
     vertex -1.614455e+01  8.837288e+00  3.150000e+01
     vertex -1.723440e+01  7.485956e+00  2.700000e+01
   endloop
 endfacet
 facet normal -7.434732e-01 -6.633219e-01  8.515644e-02
   outer loop
     vertex -1.453818e+01 -1.421092e+01  9.000000e+00
     vertex -1.577021e+01 -1.283002e+01  9.000000e+00
     vertex -1.481349e+01 -1.448004e+01  4.500000e+00
   endloop
 endfacet
 facet normal -6.112243e-01  7.872452e-01  8.154616e-02
   outer loop
     vertex -1.143775e+01  1.342279e+01  4.050000e+01
     vertex -1.075520e+01  1.348659e+01  4.500000e+01
     vertex -1.016976e+01  1.440726e+01  4.050000e+01
   endloop
 endfacet
 facet normal -6.110391e-01  7.870067e-01  8.515644e-02
   outer loop
     vertex -1.143775e+01  1.342279e+01  4.050000e+01
     vertex -1.016976e+01  1.440726e+01  4.050000e+01
     vertex -1.039178e+01  1.472180e+01  3.600000e+01
   endloop
 endfacet
 facet normal -6.110391e-01  7.870067e-01  8.515644e-02
   outer loop
     vertex -1.143775e+01  1.342279e+01  4.050000e+01
     vertex -1.039178e+01  1.472180e+01  3.600000e+01
     vertex -1.168745e+01  1.371583e+01  3.600000e+01
   endloop
 endfacet
 facet normal -6.403889e-01  7.631858e-01  8.631090e-02
   outer loop
     vertex -1.143775e+01  1.342279e+01  4.050000e+01
     vertex -1.141408e+01  1.293373e+01  4.500000e+01
     vertex -1.075520e+01  1.348659e+01  4.500000e+01
   endloop
 endfacet
 facet normal -6.778282e-01  7.305251e-01  8.295821e-02
   outer loop
     vertex -1.143775e+01  1.342279e+01  4.050000e+01
     vertex -1.204459e+01  1.234870e+01  4.500000e+01
     vertex -1.141408e+01  1.293373e+01  4.500000e+01
   endloop
 endfacet
 facet normal -9.594196e-01 -2.688168e-01  8.515644e-02
   outer loop
     vertex -1.857495e+01 -6.129008e+00  1.800000e+01
     vertex -1.905533e+01 -4.414504e+00  1.800000e+01
     vertex -1.894056e+01 -6.249645e+00  1.350000e+01
   endloop
 endfacet
 facet normal -9.798894e-01  1.804583e-01  8.515644e-02
   outer loop
     vertex -1.861499e+01  2.558571e+00  2.700000e+01
     vertex -1.868027e+01  4.327613e+00  2.250000e+01
     vertex -1.899640e+01  2.610995e+00  2.250000e+01
   endloop
 endfacet
 facet normal -9.798894e-01  1.804583e-01  8.515644e-02
   outer loop
     vertex -1.861499e+01  2.558571e+00  2.700000e+01
     vertex -1.830520e+01  4.240722e+00  2.700000e+01
     vertex -1.868027e+01  4.327613e+00  2.250000e+01
   endloop
 endfacet
 facet normal -5.367157e-01 -8.389584e-01  8.991633e-02
   outer loop
     vertex -1.035750e+01 -1.793972e+01  4.500000e+00
     vertex -1.194593e+01 -1.692353e+01  4.500000e+00
     vertex -1.144773e+01 -1.772455e+01  0.000000e+00
   endloop
 endfacet
 facet normal -5.195384e-01 -8.501869e-01  8.521784e-02
   outer loop
     vertex -1.035750e+01 -1.793972e+01  4.500000e+00
     vertex -1.144773e+01 -1.772455e+01  0.000000e+00
     vertex -1.055000e+01 -1.827314e+01  0.000000e+00
   endloop
 endfacet
 facet normal -4.765143e-01 -8.750269e-01  8.521784e-02
   outer loop
     vertex -1.035750e+01 -1.793972e+01  4.500000e+00
     vertex -1.055000e+01 -1.827314e+01  0.000000e+00
     vertex -9.626045e+00 -1.877630e+01  0.000000e+00
   endloop
 endfacet
 facet normal -8.007120e-01  5.929660e-01  8.515644e-02
   outer loop
     vertex -1.495453e+01  1.005397e+01  3.600000e+01
     vertex -1.397832e+01  1.137220e+01  3.600000e+01
     vertex -1.527404e+01  1.026878e+01  3.150000e+01
   endloop
 endfacet
 facet normal -8.007120e-01 -5.929660e-01  8.515644e-02
   outer loop
     vertex -1.655206e+01 -1.112799e+01  1.350000e+01
     vertex -1.687157e+01 -1.134280e+01  9.000000e+00
     vertex -1.577021e+01 -1.283002e+01  9.000000e+00
   endloop
 endfacet
 facet normal -8.513158e-01 -5.176966e-01  8.515644e-02
   outer loop
     vertex -1.655206e+01 -1.112799e+01  1.350000e+01
     vertex -1.749541e+01 -9.576730e+00  1.350000e+01
     vertex -1.687157e+01 -1.134280e+01  9.000000e+00
   endloop
 endfacet
 facet normal -9.922395e-01 -9.060455e-02  8.515644e-02
   outer loop
     vertex -1.899640e+01 -2.610995e+00  2.250000e+01
     vertex -1.953973e+01 -8.902656e-01  1.800000e+01
     vertex -1.937782e+01 -2.663420e+00  1.800000e+01
   endloop
 endfacet
 facet normal -9.922395e-01 -9.060455e-02  8.515644e-02
   outer loop
     vertex -1.899640e+01 -2.610995e+00  2.250000e+01
     vertex -1.915513e+01 -8.727424e-01  2.250000e+01
     vertex -1.953973e+01 -8.902656e-01  1.800000e+01
   endloop
 endfacet
 facet normal -9.309997e-01  3.549477e-01  8.515644e-02
   outer loop
     vertex -1.747812e+01  5.767096e+00  3.150000e+01
     vertex -1.723440e+01  7.485956e+00  2.700000e+01
     vertex -1.784373e+01  5.887733e+00  2.700000e+01
   endloop
 endfacet
 facet normal -9.309997e-01  3.549477e-01  8.515644e-02
   outer loop
     vertex -1.747812e+01  5.767096e+00  3.150000e+01
     vertex -1.688127e+01  7.332572e+00  3.150000e+01
     vertex -1.723440e+01  7.485956e+00  2.700000e+01
   endloop
 endfacet
 facet normal -6.800738e-01 -7.281813e-01  8.515644e-02
   outer loop
     vertex -1.318567e+01 -1.547407e+01  9.000000e+00
     vertex -1.481349e+01 -1.448004e+01  4.500000e+00
     vertex -1.343538e+01 -1.576711e+01  4.500000e+00
   endloop
 endfacet
 facet normal -6.800738e-01 -7.281813e-01  8.515644e-02
   outer loop
     vertex -1.318567e+01 -1.547407e+01  9.000000e+00
     vertex -1.453818e+01 -1.421092e+01  9.000000e+00
     vertex -1.481349e+01 -1.448004e+01  4.500000e+00
   endloop
 endfacet
 facet normal -6.802480e-01  7.283677e-01  8.211697e-02
   outer loop
     vertex -1.261096e+01  1.232708e+01  4.050000e+01
     vertex -1.204459e+01  1.234870e+01  4.500000e+01
     vertex -1.143775e+01  1.342279e+01  4.050000e+01
   endloop
 endfacet
 facet normal -6.800738e-01  7.281813e-01  8.515644e-02
   outer loop
     vertex -1.261096e+01  1.232708e+01  4.050000e+01
     vertex -1.143775e+01  1.342279e+01  4.050000e+01
     vertex -1.168745e+01  1.371583e+01  3.600000e+01
   endloop
 endfacet
 facet normal -7.131886e-01  6.956246e-01  8.642019e-02
   outer loop
     vertex -1.261096e+01  1.232708e+01  4.050000e+01
     vertex -1.264514e+01  1.173298e+01  4.500000e+01
     vertex -1.204459e+01  1.234870e+01  4.500000e+01
   endloop
 endfacet
 facet normal -7.434732e-01  6.633219e-01  8.515644e-02
   outer loop
     vertex -1.261096e+01  1.232708e+01  4.050000e+01
     vertex -1.288627e+01  1.259620e+01  3.600000e+01
     vertex -1.397832e+01  1.137220e+01  3.600000e+01
   endloop
 endfacet
 facet normal -6.800738e-01  7.281813e-01  8.515644e-02
   outer loop
     vertex -1.261096e+01  1.232708e+01  4.050000e+01
     vertex -1.168745e+01  1.371583e+01  3.600000e+01
     vertex -1.288627e+01  1.259620e+01  3.600000e+01
   endloop
 endfacet
 facet normal -8.948653e-01 -4.381374e-01  8.515644e-02
   outer loop
     vertex -1.794065e+01 -7.792725e+00  1.800000e+01
     vertex -1.829378e+01 -7.946110e+00  1.350000e+01
     vertex -1.749541e+01 -9.576730e+00  1.350000e+01
   endloop
 endfacet
 facet normal -9.309997e-01 -3.549477e-01  8.515644e-02
   outer loop
     vertex -1.794065e+01 -7.792725e+00  1.800000e+01
     vertex -1.857495e+01 -6.129008e+00  1.800000e+01
     vertex -1.894056e+01 -6.249645e+00  1.350000e+01
   endloop
 endfacet
 facet normal -9.309997e-01 -3.549477e-01  8.515644e-02
   outer loop
     vertex -1.794065e+01 -7.792725e+00  1.800000e+01
     vertex -1.894056e+01 -6.249645e+00  1.350000e+01
     vertex -1.829378e+01 -7.946110e+00  1.350000e+01
   endloop
 endfacet
 facet normal -9.922395e-01  9.060455e-02  8.515644e-02
   outer loop
     vertex -1.877053e+01  8.552193e-01  2.700000e+01
     vertex -1.899640e+01  2.610995e+00  2.250000e+01
     vertex -1.915513e+01  8.727424e-01  2.250000e+01
   endloop
 endfacet
 facet normal -9.963676e-01 -2.027980e-15  8.515644e-02
   outer loop
     vertex -1.877053e+01  8.552193e-01  2.700000e+01
     vertex -1.915513e+01  8.727424e-01  2.250000e+01
     vertex -1.915513e+01 -8.727424e-01  2.250000e+01
   endloop
 endfacet
 facet normal -9.922395e-01  9.060455e-02  8.515644e-02
   outer loop
     vertex -1.877053e+01  8.552193e-01  2.700000e+01
     vertex -1.861499e+01  2.558571e+00  2.700000e+01
     vertex -1.899640e+01  2.610995e+00  2.250000e+01
   endloop
 endfacet
 facet normal -4.582015e-01 -8.842887e-01  8.991633e-02
   outer loop
     vertex -8.683242e+00 -1.880725e+01  4.500000e+00
     vertex -1.035750e+01 -1.793972e+01  4.500000e+00
     vertex -9.626045e+00 -1.877630e+01  0.000000e+00
   endloop
 endfacet
 facet normal -4.323355e-01 -8.977538e-01  8.440448e-02
   outer loop
     vertex -8.683242e+00 -1.880725e+01  4.500000e+00
     vertex -9.626045e+00 -1.877630e+01  0.000000e+00
     vertex -8.678158e+00 -1.923277e+01  0.000000e+00
   endloop
 endfacet
 facet normal -3.869832e-01 -9.180325e-01  8.637329e-02
   outer loop
     vertex -8.683242e+00 -1.880725e+01  4.500000e+00
     vertex -8.678158e+00 -1.923277e+01  0.000000e+00
     vertex -7.708696e+00 -1.964144e+01  0.000000e+00
   endloop
 endfacet
 facet normal -8.513158e-01  5.176966e-01  8.515644e-02
   outer loop
     vertex -1.580683e+01  8.652428e+00  3.600000e+01
     vertex -1.527404e+01  1.026878e+01  3.150000e+01
     vertex -1.614455e+01  8.837288e+00  3.150000e+01
   endloop
 endfacet
 facet normal -8.948653e-01  4.381374e-01  8.515644e-02
   outer loop
     vertex -1.580683e+01  8.652428e+00  3.600000e+01
     vertex -1.614455e+01  8.837288e+00  3.150000e+01
     vertex -1.688127e+01  7.332572e+00  3.150000e+01
   endloop
 endfacet
 facet normal -8.513158e-01  5.176966e-01  8.515644e-02
   outer loop
     vertex -1.580683e+01  8.652428e+00  3.600000e+01
     vertex -1.495453e+01  1.005397e+01  3.600000e+01
     vertex -1.527404e+01  1.026878e+01  3.150000e+01
   endloop
 endfacet
 facet normal -8.007120e-01 -5.929660e-01  8.515644e-02
   outer loop
     vertex -1.547156e+01 -1.258705e+01  1.350000e+01
     vertex -1.655206e+01 -1.112799e+01  1.350000e+01
     vertex -1.577021e+01 -1.283002e+01  9.000000e+00
   endloop
 endfacet
 facet normal -9.798894e-01 -1.804583e-01  8.515644e-02
   outer loop
     vertex -1.868027e+01 -4.327613e+00  2.250000e+01
     vertex -1.937782e+01 -2.663420e+00  1.800000e+01
     vertex -1.905533e+01 -4.414504e+00  1.800000e+01
   endloop
 endfacet
 facet normal -9.594196e-01 -2.688168e-01  8.515644e-02
   outer loop
     vertex -1.868027e+01 -4.327613e+00  2.250000e+01
     vertex -1.905533e+01 -4.414504e+00  1.800000e+01
     vertex -1.857495e+01 -6.129008e+00  1.800000e+01
   endloop
 endfacet
 facet normal -9.798894e-01 -1.804583e-01  8.515644e-02
   outer loop
     vertex -1.868027e+01 -4.327613e+00  2.250000e+01
     vertex -1.899640e+01 -2.610995e+00  2.250000e+01
     vertex -1.937782e+01 -2.663420e+00  1.800000e+01
   endloop
 endfacet
 facet normal -9.594196e-01  2.688168e-01  8.515644e-02
   outer loop
     vertex -1.793013e+01  4.153831e+00  3.150000e+01
     vertex -1.747812e+01  5.767096e+00  3.150000e+01
     vertex -1.784373e+01  5.887733e+00  2.700000e+01
   endloop
 endfacet
 facet normal -9.798894e-01  1.804583e-01  8.515644e-02
   outer loop
     vertex -1.793013e+01  4.153831e+00  3.150000e+01
     vertex -1.830520e+01  4.240722e+00  2.700000e+01
     vertex -1.861499e+01  2.558571e+00  2.700000e+01
   endloop
 endfacet
 facet normal -9.594196e-01  2.688168e-01  8.515644e-02
   outer loop
     vertex -1.793013e+01  4.153831e+00  3.150000e+01
     vertex -1.784373e+01  5.887733e+00  2.700000e+01
     vertex -1.830520e+01  4.240722e+00  2.700000e+01
   endloop
 endfacet
 facet normal -6.110391e-01 -7.870067e-01  8.515644e-02
   outer loop
     vertex -1.172391e+01 -1.660900e+01  9.000000e+00
     vertex -1.343538e+01 -1.576711e+01  4.500000e+00
     vertex -1.194593e+01 -1.692353e+01  4.500000e+00
   endloop
 endfacet
 facet normal -5.369411e-01 -8.393108e-01  8.515644e-02
   outer loop
     vertex -1.172391e+01 -1.660900e+01  9.000000e+00
     vertex -1.194593e+01 -1.692353e+01  4.500000e+00
     vertex -1.035750e+01 -1.793972e+01  4.500000e+00
   endloop
 endfacet
 facet normal -6.110391e-01 -7.870067e-01  8.515644e-02
   outer loop
     vertex -1.172391e+01 -1.660900e+01  9.000000e+00
     vertex -1.318567e+01 -1.547407e+01  9.000000e+00
     vertex -1.343538e+01 -1.576711e+01  4.500000e+00
   endloop
 endfacet
 facet normal -7.434732e-01  6.633219e-01  8.515644e-02
   outer loop
     vertex -1.367967e+01  1.112924e+01  4.050000e+01
     vertex -1.261096e+01  1.232708e+01  4.050000e+01
     vertex -1.397832e+01  1.137220e+01  3.600000e+01
   endloop
 endfacet
 facet normal -8.007120e-01  5.929660e-01  8.515644e-02
   outer loop
     vertex -1.367967e+01  1.112924e+01  4.050000e+01
     vertex -1.397832e+01  1.137220e+01  3.600000e+01
     vertex -1.495453e+01  1.005397e+01  3.600000e+01
   endloop
 endfacet
 facet normal -7.436740e-01  6.635010e-01  8.194752e-02
   outer loop
     vertex -1.367967e+01  1.112924e+01  4.050000e+01
     vertex -1.264514e+01  1.173298e+01  4.500000e+01
     vertex -1.261096e+01  1.232708e+01  4.050000e+01
   endloop
 endfacet
 facet normal -7.471751e-01  6.593859e-01  8.330450e-02
   outer loop
     vertex -1.367967e+01  1.112924e+01  4.050000e+01
     vertex -1.321427e+01  1.108809e+01  4.500000e+01
     vertex -1.264514e+01  1.173298e+01  4.500000e+01
   endloop
 endfacet
 facet normal -7.789188e-01  6.211670e-01  8.623803e-02
   outer loop
     vertex -1.367967e+01  1.112924e+01  4.050000e+01
     vertex -1.375054e+01  1.041563e+01  4.500000e+01
     vertex -1.321427e+01  1.108809e+01  4.500000e+01
   endloop
 endfacet
 facet normal -8.948653e-01 -4.381374e-01  8.515644e-02
   outer loop
     vertex -1.715769e+01 -9.391870e+00  1.800000e+01
     vertex -1.794065e+01 -7.792725e+00  1.800000e+01
     vertex -1.749541e+01 -9.576730e+00  1.350000e+01
   endloop
 endfacet
 facet normal -9.963676e-01 -4.139066e-15  8.515644e-02
   outer loop
     vertex -1.877053e+01 -8.552193e-01  2.700000e+01
     vertex -1.877053e+01  8.552193e-01  2.700000e+01
     vertex -1.915513e+01 -8.727424e-01  2.250000e+01
   endloop
 endfacet
 facet normal -9.922395e-01 -9.060455e-02  8.515644e-02
   outer loop
     vertex -1.877053e+01 -8.552193e-01  2.700000e+01
     vertex -1.915513e+01 -8.727424e-01  2.250000e+01
     vertex -1.899640e+01 -2.610995e+00  2.250000e+01
   endloop
 endfacet
 facet normal -3.759022e-01 -9.223205e-01  8.956793e-02
   outer loop
     vertex -6.937031e+00 -1.951894e+01  4.500000e+00
     vertex -8.683242e+00 -1.880725e+01  4.500000e+00
     vertex -7.708696e+00 -1.964144e+01  0.000000e+00
   endloop
 endfacet
 facet normal -3.408133e-01 -9.363768e-01  8.393348e-02
   outer loop
     vertex -6.937031e+00 -1.951894e+01  4.500000e+00
     vertex -7.708696e+00 -1.964144e+01  0.000000e+00
     vertex -6.720068e+00 -2.000127e+01  0.000000e+00
   endloop
 endfacet
 facet normal -2.936150e-01 -9.518766e-01  8.787044e-02
   outer loop
     vertex -6.937031e+00 -1.951894e+01  4.500000e+00
     vertex -6.720068e+00 -2.000127e+01  0.000000e+00
     vertex -5.714734e+00 -2.031137e+01  0.000000e+00
   endloop
 endfacet
 facet normal -8.948653e-01  4.381374e-01  8.515644e-02
   outer loop
     vertex -1.652815e+01  7.179188e+00  3.600000e+01
     vertex -1.580683e+01  8.652428e+00  3.600000e+01
     vertex -1.688127e+01  7.332572e+00  3.150000e+01
   endloop
 endfacet
 facet normal -7.434732e-01 -6.633219e-01  8.515644e-02
   outer loop
     vertex -1.426286e+01 -1.394180e+01  1.350000e+01
     vertex -1.547156e+01 -1.258705e+01  1.350000e+01
     vertex -1.577021e+01 -1.283002e+01  9.000000e+00
   endloop
 endfacet
 facet normal -7.434732e-01 -6.633219e-01  8.515644e-02
   outer loop
     vertex -1.426286e+01 -1.394180e+01  1.350000e+01
     vertex -1.577021e+01 -1.283002e+01  9.000000e+00
     vertex -1.453818e+01 -1.421092e+01  9.000000e+00
   endloop
 endfacet
 facet normal -9.594196e-01 -2.688168e-01  8.515644e-02
   outer loop
     vertex -1.820934e+01 -6.008371e+00  2.250000e+01
     vertex -1.868027e+01 -4.327613e+00  2.250000e+01
     vertex -1.857495e+01 -6.129008e+00  1.800000e+01
   endloop
 endfacet
 facet normal -9.798894e-01  1.804583e-01  8.515644e-02
   outer loop
     vertex -1.823357e+01  2.506147e+00  3.150000e+01
     vertex -1.793013e+01  4.153831e+00  3.150000e+01
     vertex -1.861499e+01  2.558571e+00  2.700000e+01
   endloop
 endfacet
 facet normal -5.369411e-01 -8.393108e-01  8.515644e-02
   outer loop
     vertex -1.016500e+01 -1.760630e+01  9.000000e+00
     vertex -1.172391e+01 -1.660900e+01  9.000000e+00
     vertex -1.035750e+01 -1.793972e+01  4.500000e+00
   endloop
 endfacet
 facet normal -8.009611e-01  5.931505e-01  8.144804e-02
   outer loop
     vertex -1.463503e+01  9.839167e+00  4.050000e+01
     vertex -1.375054e+01  1.041563e+01  4.500000e+01
     vertex -1.367967e+01  1.112924e+01  4.050000e+01
   endloop
 endfacet
 facet normal -8.007120e-01  5.929660e-01  8.515644e-02
   outer loop
     vertex -1.463503e+01  9.839167e+00  4.050000e+01
     vertex -1.367967e+01  1.112924e+01  4.050000e+01
     vertex -1.495453e+01  1.005397e+01  3.600000e+01
   endloop
 endfacet
 facet normal -8.513158e-01  5.176966e-01  8.515644e-02
   outer loop
     vertex -1.463503e+01  9.839167e+00  4.050000e+01
     vertex -1.495453e+01  1.005397e+01  3.600000e+01
     vertex -1.580683e+01  8.652428e+00  3.600000e+01
   endloop
 endfacet
 facet normal -8.090336e-01  5.816555e-01  8.450724e-02
   outer loop
     vertex -1.463503e+01  9.839167e+00  4.050000e+01
     vertex -1.425262e+01  9.717271e+00  4.500000e+01
     vertex -1.375054e+01  1.041563e+01  4.500000e+01
   endloop
 endfacet
 facet normal -8.369308e-01  5.405472e-01  8.576439e-02
   outer loop
     vertex -1.463503e+01  9.839167e+00  4.050000e+01
     vertex -1.471927e+01  8.994757e+00  4.500000e+01
     vertex -1.425262e+01  9.717271e+00  4.500000e+01
   endloop
 endfacet
 facet normal -8.513158e-01 -5.176966e-01  8.515644e-02
   outer loop
     vertex -1.623256e+01 -1.091319e+01  1.800000e+01
     vertex -1.715769e+01 -9.391870e+00  1.800000e+01
     vertex -1.749541e+01 -9.576730e+00  1.350000e+01
   endloop
 endfacet
 facet normal -8.513158e-01 -5.176966e-01  8.515644e-02
   outer loop
     vertex -1.623256e+01 -1.091319e+01  1.800000e+01
     vertex -1.749541e+01 -9.576730e+00  1.350000e+01
     vertex -1.655206e+01 -1.112799e+01  1.350000e+01
   endloop
 endfacet
 facet normal -9.922395e-01 -9.060455e-02  8.515644e-02
   outer loop
     vertex -1.861499e+01 -2.558571e+00  2.700000e+01
     vertex -1.877053e+01 -8.552193e-01  2.700000e+01
     vertex -1.899640e+01 -2.610995e+00  2.250000e+01
   endloop
 endfacet
 facet normal -2.904919e-01 -9.527415e-01  8.887105e-02
   outer loop
     vertex -5.133338e+00 -2.006888e+01  4.500000e+00
     vertex -6.937031e+00 -1.951894e+01  4.500000e+00
     vertex -5.714734e+00 -2.031137e+01  0.000000e+00
   endloop
 endfacet
 facet normal -2.458893e-01 -9.656682e-01  8.380502e-02
   outer loop
     vertex -5.133338e+00 -2.006888e+01  4.500000e+00
     vertex -5.714734e+00 -2.031137e+01  0.000000e+00
     vertex -4.695192e+00 -2.057098e+01  0.000000e+00
   endloop
 endfacet
 facet normal -9.309997e-01  3.549477e-01  8.515644e-02
   outer loop
     vertex -1.711251e+01  5.646458e+00  3.600000e+01
     vertex -1.652815e+01  7.179188e+00  3.600000e+01
     vertex -1.688127e+01  7.332572e+00  3.150000e+01
   endloop
 endfacet
 facet normal -9.309997e-01  3.549477e-01  8.515644e-02
   outer loop
     vertex -1.711251e+01  5.646458e+00  3.600000e+01
     vertex -1.688127e+01  7.332572e+00  3.150000e+01
     vertex -1.747812e+01  5.767096e+00  3.150000e+01
   endloop
 endfacet
 facet normal -9.594196e-01  2.688168e-01  8.515644e-02
   outer loop
     vertex -1.711251e+01  5.646458e+00  3.600000e+01
     vertex -1.747812e+01  5.767096e+00  3.150000e+01
     vertex -1.793013e+01  4.153831e+00  3.150000e+01
   endloop
 endfacet
 facet normal -6.800738e-01 -7.281813e-01  8.515644e-02
   outer loop
     vertex -1.293597e+01 -1.518103e+01  1.350000e+01
     vertex -1.426286e+01 -1.394180e+01  1.350000e+01
     vertex -1.453818e+01 -1.421092e+01  9.000000e+00
   endloop
 endfacet
 facet normal -6.800738e-01 -7.281813e-01  8.515644e-02
   outer loop
     vertex -1.293597e+01 -1.518103e+01  1.350000e+01
     vertex -1.453818e+01 -1.421092e+01  9.000000e+00
     vertex -1.318567e+01 -1.547407e+01  9.000000e+00
   endloop
 endfacet
 facet normal -9.309997e-01 -3.549477e-01  8.515644e-02
   outer loop
     vertex -1.758753e+01 -7.639341e+00  2.250000e+01
     vertex -1.820934e+01 -6.008371e+00  2.250000e+01
     vertex -1.857495e+01 -6.129008e+00  1.800000e+01
   endloop
 endfacet
 facet normal -9.309997e-01 -3.549477e-01  8.515644e-02
   outer loop
     vertex -1.758753e+01 -7.639341e+00  2.250000e+01
     vertex -1.857495e+01 -6.129008e+00  1.800000e+01
     vertex -1.794065e+01 -7.792725e+00  1.800000e+01
   endloop
 endfacet
 facet normal -8.948653e-01 -4.381374e-01  8.515644e-02
   outer loop
     vertex -1.758753e+01 -7.639341e+00  2.250000e+01
     vertex -1.794065e+01 -7.792725e+00  1.800000e+01
     vertex -1.715769e+01 -9.391870e+00  1.800000e+01
   endloop
 endfacet
 facet normal -9.922395e-01  9.060455e-02  8.515644e-02
   outer loop
     vertex -1.838593e+01  8.376962e-01  3.150000e+01
     vertex -1.823357e+01  2.506147e+00  3.150000e+01
     vertex -1.861499e+01  2.558571e+00  2.700000e+01
   endloop
 endfacet
 facet normal -9.922395e-01  9.060455e-02  8.515644e-02
   outer loop
     vertex -1.838593e+01  8.376962e-01  3.150000e+01
     vertex -1.861499e+01  2.558571e+00  2.700000e+01
     vertex -1.877053e+01  8.552193e-01  2.700000e+01
   endloop
 endfacet
 facet normal -4.583939e-01 -8.846601e-01  8.515644e-02
   outer loop
     vertex -8.521859e+00 -1.845770e+01  9.000000e+00
     vertex -1.016500e+01 -1.760630e+01  9.000000e+00
     vertex -1.035750e+01 -1.793972e+01  4.500000e+00
   endloop
 endfacet
 facet normal -4.583939e-01 -8.846601e-01  8.515644e-02
   outer loop
     vertex -8.521859e+00 -1.845770e+01  9.000000e+00
     vertex -1.035750e+01 -1.793972e+01  4.500000e+00
     vertex -8.683242e+00 -1.880725e+01  4.500000e+00
   endloop
 endfacet
 facet normal -8.513158e-01  5.176966e-01  8.515644e-02
   outer loop
     vertex -1.546912e+01  8.467568e+00  4.050000e+01
     vertex -1.463503e+01  9.839167e+00  4.050000e+01
     vertex -1.580683e+01  8.652428e+00  3.600000e+01
   endloop
 endfacet
 facet normal -8.628602e-01  4.981726e-01  8.541825e-02
   outer loop
     vertex -1.546912e+01  8.467568e+00  4.050000e+01
     vertex -1.514932e+01  8.249881e+00  4.500000e+01
     vertex -1.471927e+01  8.994757e+00  4.500000e+01
   endloop
 endfacet
 facet normal -8.866514e-01  4.545596e-01  8.499920e-02
   outer loop
     vertex -1.546912e+01  8.467568e+00  4.050000e+01
     vertex -1.554171e+01  7.484494e+00  4.500000e+01
     vertex -1.514932e+01  8.249881e+00  4.500000e+01
   endloop
 endfacet
 facet normal -8.515956e-01  5.178668e-01  8.123395e-02
   outer loop
     vertex -1.546912e+01  8.467568e+00  4.050000e+01
     vertex -1.471927e+01  8.994757e+00  4.500000e+01
     vertex -1.463503e+01  9.839167e+00  4.050000e+01
   endloop
 endfacet
 facet normal -8.007120e-01 -5.929660e-01  8.515644e-02
   outer loop
     vertex -1.517291e+01 -1.234408e+01  1.800000e+01
     vertex -1.623256e+01 -1.091319e+01  1.800000e+01
     vertex -1.655206e+01 -1.112799e+01  1.350000e+01
   endloop
 endfacet
 facet normal -8.007120e-01 -5.929660e-01  8.515644e-02
   outer loop
     vertex -1.517291e+01 -1.234408e+01  1.800000e+01
     vertex -1.655206e+01 -1.112799e+01  1.350000e+01
     vertex -1.547156e+01 -1.258705e+01  1.350000e+01
   endloop
 endfacet
 facet normal -9.798894e-01 -1.804583e-01  8.515644e-02
   outer loop
     vertex -1.830520e+01 -4.240722e+00  2.700000e+01
     vertex -1.861499e+01 -2.558571e+00  2.700000e+01
     vertex -1.899640e+01 -2.610995e+00  2.250000e+01
   endloop
 endfacet
 facet normal -9.798894e-01 -1.804583e-01  8.515644e-02
   outer loop
     vertex -1.830520e+01 -4.240722e+00  2.700000e+01
     vertex -1.899640e+01 -2.610995e+00  2.250000e+01
     vertex -1.868027e+01 -4.327613e+00  2.250000e+01
   endloop
 endfacet
 facet normal -2.026472e-01 -9.751919e-01  8.907795e-02
   outer loop
     vertex -3.287109e+00 -2.045253e+01  4.500000e+00
     vertex -5.133338e+00 -2.006888e+01  4.500000e+00
     vertex -4.695192e+00 -2.057098e+01  0.000000e+00
   endloop
 endfacet
 facet normal -1.973868e-01 -9.764161e-01  8.746415e-02
   outer loop
     vertex -3.287109e+00 -2.045253e+01  4.500000e+00
     vertex -4.695192e+00 -2.057098e+01  0.000000e+00
     vertex -3.663977e+00 -2.077944e+01  0.000000e+00
   endloop
 endfacet
 facet normal -1.485153e-01 -9.853345e-01  8.401912e-02
   outer loop
     vertex -3.287109e+00 -2.045253e+01  4.500000e+00
     vertex -3.663977e+00 -2.077944e+01  0.000000e+00
     vertex -2.623652e+00 -2.093625e+01  0.000000e+00
   endloop
 endfacet
 facet normal -9.594196e-01  2.688168e-01  8.515644e-02
   outer loop
     vertex -1.755507e+01  4.066941e+00  3.600000e+01
     vertex -1.711251e+01  5.646458e+00  3.600000e+01
     vertex -1.793013e+01  4.153831e+00  3.150000e+01
   endloop
 endfacet
 facet normal -6.110391e-01 -7.870067e-01  8.515644e-02
   outer loop
     vertex -1.150189e+01 -1.629446e+01  1.350000e+01
     vertex -1.318567e+01 -1.547407e+01  9.000000e+00
     vertex -1.172391e+01 -1.660900e+01  9.000000e+00
   endloop
 endfacet
 facet normal -6.110391e-01 -7.870067e-01  8.515644e-02
   outer loop
     vertex -1.150189e+01 -1.629446e+01  1.350000e+01
     vertex -1.293597e+01 -1.518103e+01  1.350000e+01
     vertex -1.318567e+01 -1.547407e+01  9.000000e+00
   endloop
 endfacet
 facet normal -8.948653e-01 -4.381374e-01  8.515644e-02
   outer loop
     vertex -1.681998e+01 -9.207009e+00  2.250000e+01
     vertex -1.758753e+01 -7.639341e+00  2.250000e+01
     vertex -1.715769e+01 -9.391870e+00  1.800000e+01
   endloop
 endfacet
 facet normal -9.963676e-01 -2.112824e-15  8.515644e-02
   outer loop
     vertex -1.838593e+01 -8.376962e-01  3.150000e+01
     vertex -1.838593e+01  8.376962e-01  3.150000e+01
     vertex -1.877053e+01  8.552193e-01  2.700000e+01
   endloop
 endfacet
 facet normal -9.963676e-01 -4.139066e-15  8.515644e-02
   outer loop
     vertex -1.838593e+01 -8.376962e-01  3.150000e+01
     vertex -1.877053e+01  8.552193e-01  2.700000e+01
     vertex -1.877053e+01 -8.552193e-01  2.700000e+01
   endloop
 endfacet
 facet normal -9.922395e-01 -9.060455e-02  8.515644e-02
   outer loop
     vertex -1.838593e+01 -8.376962e-01  3.150000e+01
     vertex -1.877053e+01 -8.552193e-01  2.700000e+01
     vertex -1.861499e+01 -2.558571e+00  2.700000e+01
   endloop
 endfacet
 facet normal -3.760483e-01 -9.226788e-01  8.515644e-02
   outer loop
     vertex -6.808103e+00 -1.915616e+01  9.000000e+00
     vertex -8.683242e+00 -1.880725e+01  4.500000e+00
     vertex -6.937031e+00 -1.951894e+01  4.500000e+00
   endloop
 endfacet
 facet normal -3.760483e-01 -9.226788e-01  8.515644e-02
   outer loop
     vertex -6.808103e+00 -1.915616e+01  9.000000e+00
     vertex -8.521859e+00 -1.845770e+01  9.000000e+00
     vertex -8.683242e+00 -1.880725e+01  4.500000e+00
   endloop
 endfacet
 facet normal -2.905866e-01 -9.530519e-01  8.515644e-02
   outer loop
     vertex -6.808103e+00 -1.915616e+01  9.000000e+00
     vertex -6.937031e+00 -1.951894e+01  4.500000e+00
     vertex -5.133338e+00 -2.006888e+01  4.500000e+00
   endloop
 endfacet
 facet normal -8.951542e-01  4.382789e-01  8.130532e-02
   outer loop
     vertex -1.617502e+01  7.025803e+00  4.050000e+01
     vertex -1.554171e+01  7.484494e+00  4.500000e+01
     vertex -1.546912e+01  8.467568e+00  4.050000e+01
   endloop
 endfacet
 facet normal -8.948653e-01  4.381374e-01  8.515644e-02
   outer loop
     vertex -1.617502e+01  7.025803e+00  4.050000e+01
     vertex -1.580683e+01  8.652428e+00  3.600000e+01
     vertex -1.652815e+01  7.179188e+00  3.600000e+01
   endloop
 endfacet
 facet normal -8.948653e-01  4.381374e-01  8.515644e-02
   outer loop
     vertex -1.617502e+01  7.025803e+00  4.050000e+01
     vertex -1.546912e+01  8.467568e+00  4.050000e+01
     vertex -1.580683e+01  8.652428e+00  3.600000e+01
   endloop
 endfacet
 facet normal -9.081259e-01  4.097620e-01  8.603765e-02
   outer loop
     vertex -1.617502e+01  7.025803e+00  4.050000e+01
     vertex -1.589546e+01  6.700500e+00  4.500000e+01
     vertex -1.554171e+01  7.484494e+00  4.500000e+01
   endloop
 endfacet
 facet normal -9.275883e-01  3.640516e-01  8.394235e-02
   outer loop
     vertex -1.617502e+01  7.025803e+00  4.050000e+01
     vertex -1.620970e+01  5.899847e+00  4.500000e+01
     vertex -1.589546e+01  6.700500e+00  4.500000e+01
   endloop
 endfacet
 facet normal -7.434732e-01 -6.633219e-01  8.515644e-02
   outer loop
     vertex -1.398754e+01 -1.367268e+01  1.800000e+01
     vertex -1.517291e+01 -1.234408e+01  1.800000e+01
     vertex -1.547156e+01 -1.258705e+01  1.350000e+01
   endloop
 endfacet
 facet normal -7.434732e-01 -6.633219e-01  8.515644e-02
   outer loop
     vertex -1.398754e+01 -1.367268e+01  1.800000e+01
     vertex -1.547156e+01 -1.258705e+01  1.350000e+01
     vertex -1.426286e+01 -1.394180e+01  1.350000e+01
   endloop
 endfacet
 facet normal -9.594196e-01 -2.688168e-01  8.515644e-02
   outer loop
     vertex -1.784373e+01 -5.887733e+00  2.700000e+01
     vertex -1.868027e+01 -4.327613e+00  2.250000e+01
     vertex -1.820934e+01 -6.008371e+00  2.250000e+01
   endloop
 endfacet
 facet normal -9.309997e-01 -3.549477e-01  8.515644e-02
   outer loop
     vertex -1.784373e+01 -5.887733e+00  2.700000e+01
     vertex -1.820934e+01 -6.008371e+00  2.250000e+01
     vertex -1.758753e+01 -7.639341e+00  2.250000e+01
   endloop
 endfacet
 facet normal -9.594196e-01 -2.688168e-01  8.515644e-02
   outer loop
     vertex -1.784373e+01 -5.887733e+00  2.700000e+01
     vertex -1.830520e+01 -4.240722e+00  2.700000e+01
     vertex -1.868027e+01 -4.327613e+00  2.250000e+01
   endloop
 endfacet
 facet normal -1.131225e-01 -9.895249e-01  8.968769e-02
   outer loop
     vertex -1.413642e+00 -2.066671e+01  4.500000e+00
     vertex -3.287109e+00 -2.045253e+01  4.500000e+00
     vertex -2.623652e+00 -2.093625e+01  0.000000e+00
   endloop
 endfacet
 facet normal -9.919851e-02 -9.913398e-01  8.605238e-02
   outer loop
     vertex -1.413642e+00 -2.066671e+01  4.500000e+00
     vertex -2.623652e+00 -2.093625e+01  0.000000e+00
     vertex -1.576805e+00 -2.104100e+01  0.000000e+00
   endloop
 endfacet
 facet normal -4.966729e-02 -9.951784e-01  8.457573e-02
   outer loop
     vertex -1.413642e+00 -2.066671e+01  4.500000e+00
     vertex -1.576805e+00 -2.104100e+01  0.000000e+00
     vertex -5.260376e-01 -2.109344e+01  0.000000e+00
   endloop
 endfacet
 facet normal -9.798894e-01  1.804583e-01  8.515644e-02
   outer loop
     vertex -1.785216e+01  2.453723e+00  3.600000e+01
     vertex -1.793013e+01  4.153831e+00  3.150000e+01
     vertex -1.823357e+01  2.506147e+00  3.150000e+01
   endloop
 endfacet
 facet normal -9.798894e-01  1.804583e-01  8.515644e-02
   outer loop
     vertex -1.785216e+01  2.453723e+00  3.600000e+01
     vertex -1.755507e+01  4.066941e+00  3.600000e+01
     vertex -1.793013e+01  4.153831e+00  3.150000e+01
   endloop
 endfacet
 facet normal -5.369411e-01 -8.393108e-01  8.515644e-02
   outer loop
     vertex -9.972500e+00 -1.727288e+01  1.350000e+01
     vertex -1.150189e+01 -1.629446e+01  1.350000e+01
     vertex -1.172391e+01 -1.660900e+01  9.000000e+00
   endloop
 endfacet
 facet normal -5.369411e-01 -8.393108e-01  8.515644e-02
   outer loop
     vertex -9.972500e+00 -1.727288e+01  1.350000e+01
     vertex -1.172391e+01 -1.660900e+01  9.000000e+00
     vertex -1.016500e+01 -1.760630e+01  9.000000e+00
   endloop
 endfacet
 facet normal -8.513158e-01 -5.176966e-01  8.515644e-02
   outer loop
     vertex -1.591305e+01 -1.069839e+01  2.250000e+01
     vertex -1.715769e+01 -9.391870e+00  1.800000e+01
     vertex -1.623256e+01 -1.091319e+01  1.800000e+01
   endloop
 endfacet
 facet normal -8.513158e-01 -5.176966e-01  8.515644e-02
   outer loop
     vertex -1.591305e+01 -1.069839e+01  2.250000e+01
     vertex -1.681998e+01 -9.207009e+00  2.250000e+01
     vertex -1.715769e+01 -9.391870e+00  1.800000e+01
   endloop
 endfacet
 facet normal -9.922395e-01 -9.060455e-02  8.515644e-02
   outer loop
     vertex -1.823357e+01 -2.506147e+00  3.150000e+01
     vertex -1.838593e+01 -8.376962e-01  3.150000e+01
     vertex -1.861499e+01 -2.558571e+00  2.700000e+01
   endloop
 endfacet
 facet normal -2.905866e-01 -9.530519e-01  8.515644e-02
   outer loop
     vertex -5.037932e+00 -1.969589e+01  9.000000e+00
     vertex -6.808103e+00 -1.915616e+01  9.000000e+00
     vertex -5.133338e+00 -2.006888e+01  4.500000e+00
   endloop
 endfacet
 facet normal -9.309997e-01  3.549477e-01  8.515644e-02
   outer loop
     vertex -1.674690e+01  5.525821e+00  4.050000e+01
     vertex -1.617502e+01  7.025803e+00  4.050000e+01
     vertex -1.652815e+01  7.179188e+00  3.600000e+01
   endloop
 endfacet
 facet normal -9.312730e-01  3.550519e-01  8.166211e-02
   outer loop
     vertex -1.674690e+01  5.525821e+00  4.050000e+01
     vertex -1.620970e+01  5.899847e+00  4.500000e+01
     vertex -1.617502e+01  7.025803e+00  4.050000e+01
   endloop
 endfacet
 facet normal -9.309997e-01  3.549477e-01  8.515644e-02
   outer loop
     vertex -1.674690e+01  5.525821e+00  4.050000e+01
     vertex -1.652815e+01  7.179188e+00  3.600000e+01
     vertex -1.711251e+01  5.646458e+00  3.600000e+01
   endloop
 endfacet
 facet normal -9.443854e-01  3.172966e-01  8.636554e-02
   outer loop
     vertex -1.674690e+01  5.525821e+00  4.050000e+01
     vertex -1.648363e+01  5.084527e+00  4.500000e+01
     vertex -1.620970e+01  5.899847e+00  4.500000e+01
   endloop
 endfacet
 facet normal -9.593353e-01  2.699151e-01  8.259367e-02
   outer loop
     vertex -1.674690e+01  5.525821e+00  4.050000e+01
     vertex -1.671658e+01  4.256565e+00  4.500000e+01
     vertex -1.648363e+01  5.084527e+00  4.500000e+01
   endloop
 endfacet
 facet normal -6.800738e-01 -7.281813e-01  8.515644e-02
   outer loop
     vertex -1.268627e+01 -1.488799e+01  1.800000e+01
     vertex -1.398754e+01 -1.367268e+01  1.800000e+01
     vertex -1.426286e+01 -1.394180e+01  1.350000e+01
   endloop
 endfacet
 facet normal -6.800738e-01 -7.281813e-01  8.515644e-02
   outer loop
     vertex -1.268627e+01 -1.488799e+01  1.800000e+01
     vertex -1.426286e+01 -1.394180e+01  1.350000e+01
     vertex -1.293597e+01 -1.518103e+01  1.350000e+01
   endloop
 endfacet
 facet normal -6.110391e-01 -7.870067e-01  8.515644e-02
   outer loop
     vertex -1.268627e+01 -1.488799e+01  1.800000e+01
     vertex -1.293597e+01 -1.518103e+01  1.350000e+01
     vertex -1.150189e+01 -1.629446e+01  1.350000e+01
   endloop
 endfacet
 facet normal -9.309997e-01 -3.549477e-01  8.515644e-02
   outer loop
     vertex -1.723440e+01 -7.485956e+00  2.700000e+01
     vertex -1.784373e+01 -5.887733e+00  2.700000e+01
     vertex -1.758753e+01 -7.639341e+00  2.250000e+01
   endloop
 endfacet
 facet normal -2.267092e-02 -9.956883e-01  8.994899e-02
   outer loop
     vertex  4.715396e-01 -2.070963e+01  4.500000e+00
     vertex -1.413642e+00 -2.066671e+01  4.500000e+00
     vertex -5.260376e-01 -2.109344e+01  0.000000e+00
   endloop
 endfacet
 facet normal  1.009394e-14 -9.963825e-01  8.498241e-02
   outer loop
     vertex  4.715396e-01 -2.070963e+01  4.500000e+00
     vertex -5.260376e-01 -2.109344e+01  0.000000e+00
     vertex  5.260376e-01 -2.109344e+01  0.000000e+00
   endloop
 endfacet
 facet normal  4.966347e-02 -9.951018e-01  8.547464e-02
   outer loop
     vertex  4.715396e-01 -2.070963e+01  4.500000e+00
     vertex  5.260376e-01 -2.109344e+01  0.000000e+00
     vertex  1.576805e+00 -2.104100e+01  0.000000e+00
   endloop
 endfacet
 facet normal -9.963676e-01 -2.112824e-15  8.515644e-02
   outer loop
     vertex -1.800133e+01  8.201731e-01  3.600000e+01
     vertex -1.838593e+01  8.376962e-01  3.150000e+01
     vertex -1.838593e+01 -8.376962e-01  3.150000e+01
   endloop
 endfacet
 facet normal -9.922395e-01  9.060455e-02  8.515644e-02
   outer loop
     vertex -1.800133e+01  8.201731e-01  3.600000e+01
     vertex -1.823357e+01  2.506147e+00  3.150000e+01
     vertex -1.838593e+01  8.376962e-01  3.150000e+01
   endloop
 endfacet
 facet normal -9.922395e-01  9.060455e-02  8.515644e-02
   outer loop
     vertex -1.800133e+01  8.201731e-01  3.600000e+01
     vertex -1.785216e+01  2.453723e+00  3.600000e+01
     vertex -1.823357e+01  2.506147e+00  3.150000e+01
   endloop
 endfacet
 facet normal -4.583939e-01 -8.846601e-01  8.515644e-02
   outer loop
     vertex -8.360476e+00 -1.810816e+01  1.350000e+01
     vertex -9.972500e+00 -1.727288e+01  1.350000e+01
     vertex -1.016500e+01 -1.760630e+01  9.000000e+00
   endloop
 endfacet
 facet normal -4.583939e-01 -8.846601e-01  8.515644e-02
   outer loop
     vertex -8.360476e+00 -1.810816e+01  1.350000e+01
     vertex -1.016500e+01 -1.760630e+01  9.000000e+00
     vertex -8.521859e+00 -1.845770e+01  9.000000e+00
   endloop
 endfacet
 facet normal -8.007120e-01 -5.929660e-01  8.515644e-02
   outer loop
     vertex -1.487426e+01 -1.210111e+01  2.250000e+01
     vertex -1.623256e+01 -1.091319e+01  1.800000e+01
     vertex -1.517291e+01 -1.234408e+01  1.800000e+01
   endloop
 endfacet
 facet normal -8.007120e-01 -5.929660e-01  8.515644e-02
   outer loop
     vertex -1.487426e+01 -1.210111e+01  2.250000e+01
     vertex -1.591305e+01 -1.069839e+01  2.250000e+01
     vertex -1.623256e+01 -1.091319e+01  1.800000e+01
   endloop
 endfacet
 facet normal -7.434732e-01 -6.633219e-01  8.515644e-02
   outer loop
     vertex -1.487426e+01 -1.210111e+01  2.250000e+01
     vertex -1.517291e+01 -1.234408e+01  1.800000e+01
     vertex -1.398754e+01 -1.367268e+01  1.800000e+01
   endloop
 endfacet
 facet normal -9.594196e-01 -2.688168e-01  8.515644e-02
   outer loop
     vertex -1.793013e+01 -4.153831e+00  3.150000e+01
     vertex -1.830520e+01 -4.240722e+00  2.700000e+01
     vertex -1.784373e+01 -5.887733e+00  2.700000e+01
   endloop
 endfacet
 facet normal -9.798894e-01 -1.804583e-01  8.515644e-02
   outer loop
     vertex -1.793013e+01 -4.153831e+00  3.150000e+01
     vertex -1.823357e+01 -2.506147e+00  3.150000e+01
     vertex -1.861499e+01 -2.558571e+00  2.700000e+01
   endloop
 endfacet
 facet normal -9.798894e-01 -1.804583e-01  8.515644e-02
   outer loop
     vertex -1.793013e+01 -4.153831e+00  3.150000e+01
     vertex -1.861499e+01 -2.558571e+00  2.700000e+01
     vertex -1.830520e+01 -4.240722e+00  2.700000e+01
   endloop
 endfacet
 facet normal -2.027170e-01 -9.755277e-01  8.515644e-02
   outer loop
     vertex -3.226016e+00 -2.007241e+01  9.000000e+00
     vertex -5.037932e+00 -1.969589e+01  9.000000e+00
     vertex -5.133338e+00 -2.006888e+01  4.500000e+00
   endloop
 endfacet
 facet normal -2.027170e-01 -9.755277e-01  8.515644e-02
   outer loop
     vertex -3.226016e+00 -2.007241e+01  9.000000e+00
     vertex -5.133338e+00 -2.006888e+01  4.500000e+00
     vertex -3.287109e+00 -2.045253e+01  4.500000e+00
   endloop
 endfacet
 facet normal -9.594196e-01  2.688168e-01  8.515644e-02
   outer loop
     vertex -1.718000e+01  3.980050e+00  4.050000e+01
     vertex -1.674690e+01  5.525821e+00  4.050000e+01
     vertex -1.711251e+01  5.646458e+00  3.600000e+01
   endloop
 endfacet
 facet normal -9.596504e-01  2.688814e-01  8.230424e-02
   outer loop
     vertex -1.718000e+01  3.980050e+00  4.050000e+01
     vertex -1.671658e+01  4.256565e+00  4.500000e+01
     vertex -1.674690e+01  5.525821e+00  4.050000e+01
   endloop
 endfacet
 facet normal -9.798894e-01  1.804583e-01  8.515644e-02
   outer loop
     vertex -1.718000e+01  3.980050e+00  4.050000e+01
     vertex -1.755507e+01  4.066941e+00  3.600000e+01
     vertex -1.785216e+01  2.453723e+00  3.600000e+01
   endloop
 endfacet
 facet normal -9.594196e-01  2.688168e-01  8.515644e-02
   outer loop
     vertex -1.718000e+01  3.980050e+00  4.050000e+01
     vertex -1.711251e+01  5.646458e+00  3.600000e+01
     vertex -1.755507e+01  4.066941e+00  3.600000e+01
   endloop
 endfacet
 facet normal -9.712820e-01  2.216888e-01  8.640197e-02
   outer loop
     vertex -1.718000e+01  3.980050e+00  4.050000e+01
     vertex -1.690798e+01  3.418021e+00  4.500000e+01
     vertex -1.671658e+01  4.256565e+00  4.500000e+01
   endloop
 endfacet
 facet normal -6.110391e-01 -7.870067e-01  8.515644e-02
   outer loop
     vertex -1.127987e+01 -1.597993e+01  1.800000e+01
     vertex -1.268627e+01 -1.488799e+01  1.800000e+01
     vertex -1.150189e+01 -1.629446e+01  1.350000e+01
   endloop
 endfacet
 facet normal -8.948653e-01 -4.381374e-01  8.515644e-02
   outer loop
     vertex -1.648226e+01 -9.022149e+00  2.700000e+01
     vertex -1.723440e+01 -7.485956e+00  2.700000e+01
     vertex -1.758753e+01 -7.639341e+00  2.250000e+01
   endloop
 endfacet
 facet normal -8.513158e-01 -5.176966e-01  8.515644e-02
   outer loop
     vertex -1.648226e+01 -9.022149e+00  2.700000e+01
     vertex -1.681998e+01 -9.207009e+00  2.250000e+01
     vertex -1.591305e+01 -1.069839e+01  2.250000e+01
   endloop
 endfacet
 facet normal -8.948653e-01 -4.381374e-01  8.515644e-02
   outer loop
     vertex -1.648226e+01 -9.022149e+00  2.700000e+01
     vertex -1.758753e+01 -7.639341e+00  2.250000e+01
     vertex -1.681998e+01 -9.207009e+00  2.250000e+01
   endloop
 endfacet
 facet normal  6.796632e-02 -9.936324e-01  8.986189e-02
   outer loop
     vertex  2.352814e+00 -2.058095e+01  4.500000e+00
     vertex  4.715396e-01 -2.070963e+01  4.500000e+00
     vertex  1.576805e+00 -2.104100e+01  0.000000e+00
   endloop
 endfacet
 facet normal  9.921381e-02 -9.914927e-01  8.425462e-02
   outer loop
     vertex  2.352814e+00 -2.058095e+01  4.500000e+00
     vertex  1.576805e+00 -2.104100e+01  0.000000e+00
     vertex  2.623652e+00 -2.093625e+01  0.000000e+00
   endloop
 endfacet
 facet normal  1.484808e-01 -9.851060e-01  8.671556e-02
   outer loop
     vertex  2.352814e+00 -2.058095e+01  4.500000e+00
     vertex  2.623652e+00 -2.093625e+01  0.000000e+00
     vertex  3.663977e+00 -2.077944e+01  0.000000e+00
   endloop
 endfacet
 facet normal -9.963676e-01 -4.315929e-15  8.515644e-02
   outer loop
     vertex -1.800133e+01 -8.201731e-01  3.600000e+01
     vertex -1.800133e+01  8.201731e-01  3.600000e+01
     vertex -1.838593e+01 -8.376962e-01  3.150000e+01
   endloop
 endfacet
 facet normal -9.922395e-01 -9.060455e-02  8.515644e-02
   outer loop
     vertex -1.800133e+01 -8.201731e-01  3.600000e+01
     vertex -1.838593e+01 -8.376962e-01  3.150000e+01
     vertex -1.823357e+01 -2.506147e+00  3.150000e+01
   endloop
 endfacet
 facet normal -3.760483e-01 -9.226788e-01  8.515644e-02
   outer loop
     vertex -6.679174e+00 -1.879339e+01  1.350000e+01
     vertex -8.360476e+00 -1.810816e+01  1.350000e+01
     vertex -8.521859e+00 -1.845770e+01  9.000000e+00
   endloop
 endfacet
 facet normal -3.760483e-01 -9.226788e-01  8.515644e-02
   outer loop
     vertex -6.679174e+00 -1.879339e+01  1.350000e+01
     vertex -8.521859e+00 -1.845770e+01  9.000000e+00
     vertex -6.808103e+00 -1.915616e+01  9.000000e+00
   endloop
 endfacet
 facet normal -7.434732e-01 -6.633219e-01  8.515644e-02
   outer loop
     vertex -1.371222e+01 -1.340356e+01  2.250000e+01
     vertex -1.487426e+01 -1.210111e+01  2.250000e+01
     vertex -1.398754e+01 -1.367268e+01  1.800000e+01
   endloop
 endfacet
 facet normal -9.594196e-01 -2.688168e-01  8.515644e-02
   outer loop
     vertex -1.747812e+01 -5.767096e+00  3.150000e+01
     vertex -1.793013e+01 -4.153831e+00  3.150000e+01
     vertex -1.784373e+01 -5.887733e+00  2.700000e+01
   endloop
 endfacet
 facet normal -1.131676e-01 -9.899199e-01  8.515644e-02
   outer loop
     vertex -1.387368e+00 -2.028261e+01  9.000000e+00
     vertex -3.226016e+00 -2.007241e+01  9.000000e+00
     vertex -3.287109e+00 -2.045253e+01  4.500000e+00
   endloop
 endfacet
 facet normal -2.268051e-02 -9.961094e-01  8.515644e-02
   outer loop
     vertex -1.387368e+00 -2.028261e+01  9.000000e+00
     vertex -1.413642e+00 -2.066671e+01  4.500000e+00
     vertex  4.715396e-01 -2.070963e+01  4.500000e+00
   endloop
 endfacet
 facet normal -1.131676e-01 -9.899199e-01  8.515644e-02
   outer loop
     vertex -1.387368e+00 -2.028261e+01  9.000000e+00
     vertex -3.287109e+00 -2.045253e+01  4.500000e+00
     vertex -1.413642e+00 -2.066671e+01  4.500000e+00
   endloop
 endfacet
 facet normal -9.798894e-01  1.804583e-01  8.515644e-02
   outer loop
     vertex -1.747075e+01  2.401299e+00  4.050000e+01
     vertex -1.718000e+01  3.980050e+00  4.050000e+01
     vertex -1.785216e+01  2.453723e+00  3.600000e+01
   endloop
 endfacet
 facet normal -9.801662e-01  1.805093e-01  8.179590e-02
   outer loop
     vertex -1.747075e+01  2.401299e+00  4.050000e+01
     vertex -1.690798e+01  3.418021e+00  4.500000e+01
     vertex -1.718000e+01  3.980050e+00  4.050000e+01
   endloop
 endfacet
 facet normal -9.813576e-01  1.730398e-01  8.363254e-02
   outer loop
     vertex -1.747075e+01  2.401299e+00  4.050000e+01
     vertex -1.705733e+01  2.570979e+00  4.500000e+01
     vertex -1.690798e+01  3.418021e+00  4.500000e+01
   endloop
 endfacet
 facet normal -9.885505e-01  1.238814e-01  8.614695e-02
   outer loop
     vertex -1.747075e+01  2.401299e+00  4.050000e+01
     vertex -1.716428e+01  1.717545e+00  4.500000e+01
     vertex -1.705733e+01  2.570979e+00  4.500000e+01
   endloop
 endfacet
 facet normal -5.369411e-01 -8.393108e-01  8.515644e-02
   outer loop
     vertex -9.780000e+00 -1.693946e+01  1.800000e+01
     vertex -1.127987e+01 -1.597993e+01  1.800000e+01
     vertex -1.150189e+01 -1.629446e+01  1.350000e+01
   endloop
 endfacet
 facet normal -5.369411e-01 -8.393108e-01  8.515644e-02
   outer loop
     vertex -9.780000e+00 -1.693946e+01  1.800000e+01
     vertex -1.150189e+01 -1.629446e+01  1.350000e+01
     vertex -9.972500e+00 -1.727288e+01  1.350000e+01
   endloop
 endfacet
 facet normal -8.513158e-01 -5.176966e-01  8.515644e-02
   outer loop
     vertex -1.559354e+01 -1.048358e+01  2.700000e+01
     vertex -1.648226e+01 -9.022149e+00  2.700000e+01
     vertex -1.591305e+01 -1.069839e+01  2.250000e+01
   endloop
 endfacet
 facet normal  1.580468e-01 -9.833739e-01  8.942638e-02
   outer loop
     vertex  4.214591e+00 -2.028173e+01  4.500000e+00
     vertex  2.352814e+00 -2.058095e+01  4.500000e+00
     vertex  3.663977e+00 -2.077944e+01  0.000000e+00
   endloop
 endfacet
 facet normal  1.974480e-01 -9.767191e-01  8.386925e-02
   outer loop
     vertex  4.214591e+00 -2.028173e+01  4.500000e+00
     vertex  3.663977e+00 -2.077944e+01  0.000000e+00
     vertex  4.695192e+00 -2.057098e+01  0.000000e+00
   endloop
 endfacet
 facet normal  2.457936e-01 -9.652922e-01  8.829806e-02
   outer loop
     vertex  4.214591e+00 -2.028173e+01  4.500000e+00
     vertex  4.695192e+00 -2.057098e+01  0.000000e+00
     vertex  5.714734e+00 -2.031137e+01  0.000000e+00
   endloop
 endfacet
 facet normal -9.922395e-01 -9.060455e-02  8.515644e-02
   outer loop
     vertex -1.785216e+01 -2.453723e+00  3.600000e+01
     vertex -1.800133e+01 -8.201731e-01  3.600000e+01
     vertex -1.823357e+01 -2.506147e+00  3.150000e+01
   endloop
 endfacet
 facet normal -2.905866e-01 -9.530519e-01  8.515644e-02
   outer loop
     vertex -4.942526e+00 -1.932290e+01  1.350000e+01
     vertex -6.808103e+00 -1.915616e+01  9.000000e+00
     vertex -5.037932e+00 -1.969589e+01  9.000000e+00
   endloop
 endfacet
 facet normal -2.905866e-01 -9.530519e-01  8.515644e-02
   outer loop
     vertex -4.942526e+00 -1.932290e+01  1.350000e+01
     vertex -6.679174e+00 -1.879339e+01  1.350000e+01
     vertex -6.808103e+00 -1.915616e+01  9.000000e+00
   endloop
 endfacet
 facet normal -6.110391e-01 -7.870067e-01  8.515644e-02
   outer loop
     vertex -1.243656e+01 -1.459495e+01  2.250000e+01
     vertex -1.268627e+01 -1.488799e+01  1.800000e+01
     vertex -1.127987e+01 -1.597993e+01  1.800000e+01
   endloop
 endfacet
 facet normal -6.800738e-01 -7.281813e-01  8.515644e-02
   outer loop
     vertex -1.243656e+01 -1.459495e+01  2.250000e+01
     vertex -1.371222e+01 -1.340356e+01  2.250000e+01
     vertex -1.398754e+01 -1.367268e+01  1.800000e+01
   endloop
 endfacet
 facet normal -6.800738e-01 -7.281813e-01  8.515644e-02
   outer loop
     vertex -1.243656e+01 -1.459495e+01  2.250000e+01
     vertex -1.398754e+01 -1.367268e+01  1.800000e+01
     vertex -1.268627e+01 -1.488799e+01  1.800000e+01
   endloop
 endfacet
 facet normal -9.309997e-01 -3.549477e-01  8.515644e-02
   outer loop
     vertex -1.688127e+01 -7.332572e+00  3.150000e+01
     vertex -1.784373e+01 -5.887733e+00  2.700000e+01
     vertex -1.723440e+01 -7.485956e+00  2.700000e+01
   endloop
 endfacet
 facet normal -9.309997e-01 -3.549477e-01  8.515644e-02
   outer loop
     vertex -1.688127e+01 -7.332572e+00  3.150000e+01
     vertex -1.747812e+01 -5.767096e+00  3.150000e+01
     vertex -1.784373e+01 -5.887733e+00  2.700000e+01
   endloop
 endfacet
 facet normal -8.948653e-01 -4.381374e-01  8.515644e-02
   outer loop
     vertex -1.688127e+01 -7.332572e+00  3.150000e+01
     vertex -1.723440e+01 -7.485956e+00  2.700000e+01
     vertex -1.648226e+01 -9.022149e+00  2.700000e+01
   endloop
 endfacet
 facet normal -2.268051e-02 -9.961094e-01  8.515644e-02
   outer loop
     vertex  4.627758e-01 -2.032473e+01  9.000000e+00
     vertex -1.387368e+00 -2.028261e+01  9.000000e+00
     vertex  4.715396e-01 -2.070963e+01  4.500000e+00
   endloop
 endfacet
 facet normal -9.925547e-01  9.063334e-02  8.136776e-02
   outer loop
     vertex -1.761672e+01  8.026500e-01  4.050000e+01
     vertex -1.716428e+01  1.717545e+00  4.500000e+01
     vertex -1.747075e+01  2.401299e+00  4.050000e+01
   endloop
 endfacet
 facet normal -9.963676e-01 -4.315929e-15  8.515644e-02
   outer loop
     vertex -1.761672e+01  8.026500e-01  4.050000e+01
     vertex -1.800133e+01  8.201731e-01  3.600000e+01
     vertex -1.800133e+01 -8.201731e-01  3.600000e+01
   endloop
 endfacet
 facet normal -9.922395e-01  9.060455e-02  8.515644e-02
   outer loop
     vertex -1.761672e+01  8.026500e-01  4.050000e+01
     vertex -1.747075e+01  2.401299e+00  4.050000e+01
     vertex -1.785216e+01  2.453723e+00  3.600000e+01
   endloop
 endfacet
 facet normal -9.922395e-01  9.060455e-02  8.515644e-02
   outer loop
     vertex -1.761672e+01  8.026500e-01  4.050000e+01
     vertex -1.785216e+01  2.453723e+00  3.600000e+01
     vertex -1.800133e+01  8.201731e-01  3.600000e+01
   endloop
 endfacet
 facet normal -9.936151e-01  7.446115e-02  8.476234e-02
   outer loop
     vertex -1.761672e+01  8.026500e-01  4.050000e+01
     vertex -1.722856e+01  8.598415e-01  4.500000e+01
     vertex -1.716428e+01  1.717545e+00  4.500000e+01
   endloop
 endfacet
 facet normal -9.960199e-01  2.483918e-02  8.560043e-02
   outer loop
     vertex -1.761672e+01  8.026500e-01  4.050000e+01
     vertex -1.725000e+01 -5.917180e-14  4.500000e+01
     vertex -1.722856e+01  8.598415e-01  4.500000e+01
   endloop
 endfacet
 facet normal -4.583939e-01 -8.846601e-01  8.515644e-02
   outer loop
     vertex -8.199093e+00 -1.775862e+01  1.800000e+01
     vertex -9.972500e+00 -1.727288e+01  1.350000e+01
     vertex -8.360476e+00 -1.810816e+01  1.350000e+01
   endloop
 endfacet
 facet normal -4.583939e-01 -8.846601e-01  8.515644e-02
   outer loop
     vertex -8.199093e+00 -1.775862e+01  1.800000e+01
     vertex -9.780000e+00 -1.693946e+01  1.800000e+01
     vertex -9.972500e+00 -1.727288e+01  1.350000e+01
   endloop
 endfacet
 facet normal -3.760483e-01 -9.226788e-01  8.515644e-02
   outer loop
     vertex -8.199093e+00 -1.775862e+01  1.800000e+01
     vertex -8.360476e+00 -1.810816e+01  1.350000e+01
     vertex -6.679174e+00 -1.879339e+01  1.350000e+01
   endloop
 endfacet
 facet normal -8.007120e-01 -5.929660e-01  8.515644e-02
   outer loop
     vertex -1.457562e+01 -1.185814e+01  2.700000e+01
     vertex -1.591305e+01 -1.069839e+01  2.250000e+01
     vertex -1.487426e+01 -1.210111e+01  2.250000e+01
   endloop
 endfacet
 facet normal -8.007120e-01 -5.929660e-01  8.515644e-02
   outer loop
     vertex -1.457562e+01 -1.185814e+01  2.700000e+01
     vertex -1.559354e+01 -1.048358e+01  2.700000e+01
     vertex -1.591305e+01 -1.069839e+01  2.250000e+01
   endloop
 endfacet
 facet normal  2.937177e-01 -9.522095e-01  8.382643e-02
   outer loop
     vertex  6.041446e+00 -1.981444e+01  4.500000e+00
     vertex  5.714734e+00 -2.031137e+01  0.000000e+00
     vertex  6.720068e+00 -2.000127e+01  0.000000e+00
   endloop
 endfacet
 facet normal  2.468323e-01 -9.649955e-01  8.864237e-02
   outer loop
     vertex  6.041446e+00 -1.981444e+01  4.500000e+00
     vertex  4.214591e+00 -2.028173e+01  4.500000e+00
     vertex  5.714734e+00 -2.031137e+01  0.000000e+00
   endloop
 endfacet
 facet normal -9.798894e-01 -1.804583e-01  8.515644e-02
   outer loop
     vertex -1.755507e+01 -4.066941e+00  3.600000e+01
     vertex -1.823357e+01 -2.506147e+00  3.150000e+01
     vertex -1.793013e+01 -4.153831e+00  3.150000e+01
   endloop
 endfacet
 facet normal -9.798894e-01 -1.804583e-01  8.515644e-02
   outer loop
     vertex -1.755507e+01 -4.066941e+00  3.600000e+01
     vertex -1.785216e+01 -2.453723e+00  3.600000e+01
     vertex -1.823357e+01 -2.506147e+00  3.150000e+01
   endloop
 endfacet
 facet normal -2.027170e-01 -9.755277e-01  8.515644e-02
   outer loop
     vertex -3.164923e+00 -1.969229e+01  1.350000e+01
     vertex -5.037932e+00 -1.969589e+01  9.000000e+00
     vertex -3.226016e+00 -2.007241e+01  9.000000e+00
   endloop
 endfacet
 facet normal -2.027170e-01 -9.755277e-01  8.515644e-02
   outer loop
     vertex -3.164923e+00 -1.969229e+01  1.350000e+01
     vertex -4.942526e+00 -1.932290e+01  1.350000e+01
     vertex -5.037932e+00 -1.969589e+01  9.000000e+00
   endloop
 endfacet
 facet normal -6.110391e-01 -7.870067e-01  8.515644e-02
   outer loop
     vertex -1.105785e+01 -1.566540e+01  2.250000e+01
     vertex -1.243656e+01 -1.459495e+01  2.250000e+01
     vertex -1.127987e+01 -1.597993e+01  1.800000e+01
   endloop
 endfacet
 facet normal -8.948653e-01 -4.381374e-01  8.515644e-02
   outer loop
     vertex -1.614455e+01 -8.837288e+00  3.150000e+01
     vertex -1.688127e+01 -7.332572e+00  3.150000e+01
     vertex -1.648226e+01 -9.022149e+00  2.700000e+01
   endloop
 endfacet
 facet normal  6.799453e-02 -9.940448e-01  8.515644e-02
   outer loop
     vertex  2.309085e+00 -2.019844e+01  9.000000e+00
     vertex  4.627758e-01 -2.032473e+01  9.000000e+00
     vertex  4.715396e-01 -2.070963e+01  4.500000e+00
   endloop
 endfacet
 facet normal  6.799453e-02 -9.940448e-01  8.515644e-02
   outer loop
     vertex  2.309085e+00 -2.019844e+01  9.000000e+00
     vertex  4.715396e-01 -2.070963e+01  4.500000e+00
     vertex  2.352814e+00 -2.058095e+01  4.500000e+00
   endloop
 endfacet
 facet normal -9.966958e-01 -2.205803e-15  8.122503e-02
   outer loop
     vertex -1.761672e+01 -8.026500e-01  4.050000e+01
     vertex -1.725000e+01 -5.917180e-14  4.500000e+01
     vertex -1.761672e+01  8.026500e-01  4.050000e+01
   endloop
 endfacet
 facet normal -9.963676e-01 -2.205076e-15  8.515644e-02
   outer loop
     vertex -1.761672e+01 -8.026500e-01  4.050000e+01
     vertex -1.761672e+01  8.026500e-01  4.050000e+01
     vertex -1.800133e+01 -8.201731e-01  3.600000e+01
   endloop
 endfacet
 facet normal -9.960199e-01 -2.483918e-02  8.560043e-02
   outer loop
     vertex -1.761672e+01 -8.026500e-01  4.050000e+01
     vertex -1.722856e+01 -8.598415e-01  4.500000e+01
     vertex -1.725000e+01 -5.917180e-14  4.500000e+01
   endloop
 endfacet
 facet normal -9.936151e-01 -7.446115e-02  8.476234e-02
   outer loop
     vertex -1.761672e+01 -8.026500e-01  4.050000e+01
     vertex -1.716428e+01 -1.717545e+00  4.500000e+01
     vertex -1.722856e+01 -8.598415e-01  4.500000e+01
   endloop
 endfacet
 facet normal -3.760483e-01 -9.226788e-01  8.515644e-02
   outer loop
     vertex -6.550245e+00 -1.843062e+01  1.800000e+01
     vertex -8.199093e+00 -1.775862e+01  1.800000e+01
     vertex -6.679174e+00 -1.879339e+01  1.350000e+01
   endloop
 endfacet
 facet normal -2.905866e-01 -9.530519e-01  8.515644e-02
   outer loop
     vertex -6.550245e+00 -1.843062e+01  1.800000e+01
     vertex -6.679174e+00 -1.879339e+01  1.350000e+01
     vertex -4.942526e+00 -1.932290e+01  1.350000e+01
   endloop
 endfacet
 facet normal -7.434732e-01 -6.633219e-01  8.515644e-02
   outer loop
     vertex -1.343691e+01 -1.313444e+01  2.700000e+01
     vertex -1.457562e+01 -1.185814e+01  2.700000e+01
     vertex -1.487426e+01 -1.210111e+01  2.250000e+01
   endloop
 endfacet
 facet normal -6.800738e-01 -7.281813e-01  8.515644e-02
   outer loop
     vertex -1.343691e+01 -1.313444e+01  2.700000e+01
     vertex -1.371222e+01 -1.340356e+01  2.250000e+01
     vertex -1.243656e+01 -1.459495e+01  2.250000e+01
   endloop
 endfacet
 facet normal -7.434732e-01 -6.633219e-01  8.515644e-02
   outer loop
     vertex -1.343691e+01 -1.313444e+01  2.700000e+01
     vertex -1.487426e+01 -1.210111e+01  2.250000e+01
     vertex -1.371222e+01 -1.340356e+01  2.250000e+01
   endloop
 endfacet
 facet normal  3.407209e-01 -9.361231e-01  8.707918e-02
   outer loop
     vertex  7.818239e+00 -1.918297e+01  4.500000e+00
     vertex  6.720068e+00 -2.000127e+01  0.000000e+00
     vertex  7.708696e+00 -1.964144e+01  0.000000e+00
   endloop
 endfacet
 facet normal  3.870578e-01 -9.182097e-01  8.412617e-02
   outer loop
     vertex  7.818239e+00 -1.918297e+01  4.500000e+00
     vertex  7.708696e+00 -1.964144e+01  0.000000e+00
     vertex  8.678158e+00 -1.923277e+01  0.000000e+00
   endloop
 endfacet
 facet normal  3.335428e-01 -9.384995e-01  8.926306e-02
   outer loop
     vertex  7.818239e+00 -1.918297e+01  4.500000e+00
     vertex  6.041446e+00 -1.981444e+01  4.500000e+00
     vertex  6.720068e+00 -2.000127e+01  0.000000e+00
   endloop
 endfacet
 facet normal -9.309997e-01 -3.549477e-01  8.515644e-02
   outer loop
     vertex -1.711251e+01 -5.646458e+00  3.600000e+01
     vertex -1.747812e+01 -5.767096e+00  3.150000e+01
     vertex -1.688127e+01 -7.332572e+00  3.150000e+01
   endloop
 endfacet
 facet normal -9.594196e-01 -2.688168e-01  8.515644e-02
   outer loop
     vertex -1.711251e+01 -5.646458e+00  3.600000e+01
     vertex -1.755507e+01 -4.066941e+00  3.600000e+01
     vertex -1.793013e+01 -4.153831e+00  3.150000e+01
   endloop
 endfacet
 facet normal -9.594196e-01 -2.688168e-01  8.515644e-02
   outer loop
     vertex -1.711251e+01 -5.646458e+00  3.600000e+01
     vertex -1.793013e+01 -4.153831e+00  3.150000e+01
     vertex -1.747812e+01 -5.767096e+00  3.150000e+01
   endloop
 endfacet
 facet normal -1.131676e-01 -9.899199e-01  8.515644e-02
   outer loop
     vertex -1.361095e+00 -1.989850e+01  1.350000e+01
     vertex -3.164923e+00 -1.969229e+01  1.350000e+01
     vertex -3.226016e+00 -2.007241e+01  9.000000e+00
   endloop
 endfacet
 facet normal -1.131676e-01 -9.899199e-01  8.515644e-02
   outer loop
     vertex -1.361095e+00 -1.989850e+01  1.350000e+01
     vertex -3.226016e+00 -2.007241e+01  9.000000e+00
     vertex -1.387368e+00 -2.028261e+01  9.000000e+00
   endloop
 endfacet
 facet normal -5.369411e-01 -8.393108e-01  8.515644e-02
   outer loop
     vertex -9.587500e+00 -1.660604e+01  2.250000e+01
     vertex -1.127987e+01 -1.597993e+01  1.800000e+01
     vertex -9.780000e+00 -1.693946e+01  1.800000e+01
   endloop
 endfacet
 facet normal -5.369411e-01 -8.393108e-01  8.515644e-02
   outer loop
     vertex -9.587500e+00 -1.660604e+01  2.250000e+01
     vertex -1.105785e+01 -1.566540e+01  2.250000e+01
     vertex -1.127987e+01 -1.597993e+01  1.800000e+01
   endloop
 endfacet
 facet normal -8.513158e-01 -5.176966e-01  8.515644e-02
   outer loop
     vertex -1.527404e+01 -1.026878e+01  3.150000e+01
     vertex -1.614455e+01 -8.837288e+00  3.150000e+01
     vertex -1.648226e+01 -9.022149e+00  2.700000e+01
   endloop
 endfacet
 facet normal -8.513158e-01 -5.176966e-01  8.515644e-02
   outer loop
     vertex -1.527404e+01 -1.026878e+01  3.150000e+01
     vertex -1.648226e+01 -9.022149e+00  2.700000e+01
     vertex -1.559354e+01 -1.048358e+01  2.700000e+01
   endloop
 endfacet
 facet normal  1.581061e-01 -9.837433e-01  8.515644e-02
   outer loop
     vertex  4.136261e+00 -1.990478e+01  9.000000e+00
     vertex  2.352814e+00 -2.058095e+01  4.500000e+00
     vertex  4.214591e+00 -2.028173e+01  4.500000e+00
   endloop
 endfacet
 facet normal  2.469076e-01 -9.652901e-01  8.515644e-02
   outer loop
     vertex  4.136261e+00 -1.990478e+01  9.000000e+00
     vertex  4.214591e+00 -2.028173e+01  4.500000e+00
     vertex  6.041446e+00 -1.981444e+01  4.500000e+00
   endloop
 endfacet
 facet normal  1.581061e-01 -9.837433e-01  8.515644e-02
   outer loop
     vertex  4.136261e+00 -1.990478e+01  9.000000e+00
     vertex  2.309085e+00 -2.019844e+01  9.000000e+00
     vertex  2.352814e+00 -2.058095e+01  4.500000e+00
   endloop
 endfacet
 facet normal -9.885505e-01 -1.238814e-01  8.614695e-02
   outer loop
     vertex -1.747075e+01 -2.401299e+00  4.050000e+01
     vertex -1.705733e+01 -2.570979e+00  4.500000e+01
     vertex -1.716428e+01 -1.717545e+00  4.500000e+01
   endloop
 endfacet
 facet normal -9.813576e-01 -1.730398e-01  8.363254e-02
   outer loop
     vertex -1.747075e+01 -2.401299e+00  4.050000e+01
     vertex -1.690798e+01 -3.418021e+00  4.500000e+01
     vertex -1.705733e+01 -2.570979e+00  4.500000e+01
   endloop
 endfacet
 facet normal -9.922395e-01 -9.060455e-02  8.515644e-02
   outer loop
     vertex -1.747075e+01 -2.401299e+00  4.050000e+01
     vertex -1.761672e+01 -8.026500e-01  4.050000e+01
     vertex -1.800133e+01 -8.201731e-01  3.600000e+01
   endloop
 endfacet
 facet normal -9.925547e-01 -9.063334e-02  8.136776e-02
   outer loop
     vertex -1.747075e+01 -2.401299e+00  4.050000e+01
     vertex -1.716428e+01 -1.717545e+00  4.500000e+01
     vertex -1.761672e+01 -8.026500e-01  4.050000e+01
   endloop
 endfacet
 facet normal -9.922395e-01 -9.060455e-02  8.515644e-02
   outer loop
     vertex -1.747075e+01 -2.401299e+00  4.050000e+01
     vertex -1.800133e+01 -8.201731e-01  3.600000e+01
     vertex -1.785216e+01 -2.453723e+00  3.600000e+01
   endloop
 endfacet
 facet normal -2.905866e-01 -9.530519e-01  8.515644e-02
   outer loop
     vertex -4.847120e+00 -1.894991e+01  1.800000e+01
     vertex -6.550245e+00 -1.843062e+01  1.800000e+01
     vertex -4.942526e+00 -1.932290e+01  1.350000e+01
   endloop
 endfacet
 facet normal -2.027170e-01 -9.755277e-01  8.515644e-02
   outer loop
     vertex -4.847120e+00 -1.894991e+01  1.800000e+01
     vertex -4.942526e+00 -1.932290e+01  1.350000e+01
     vertex -3.164923e+00 -1.969229e+01  1.350000e+01
   endloop
 endfacet
 facet normal -6.800738e-01 -7.281813e-01  8.515644e-02
   outer loop
     vertex -1.218686e+01 -1.430191e+01  2.700000e+01
     vertex -1.343691e+01 -1.313444e+01  2.700000e+01
     vertex -1.243656e+01 -1.459495e+01  2.250000e+01
   endloop
 endfacet
 facet normal  4.322855e-01 -8.976501e-01  8.575283e-02
   outer loop
     vertex  9.530247e+00 -1.839254e+01  4.500000e+00
     vertex  8.678158e+00 -1.923277e+01  0.000000e+00
     vertex  9.626045e+00 -1.877630e+01  0.000000e+00
   endloop
 endfacet
 facet normal  4.765326e-01 -8.750606e-01  8.476838e-02
   outer loop
     vertex  9.530247e+00 -1.839254e+01  4.500000e+00
     vertex  9.626045e+00 -1.877630e+01  0.000000e+00
     vertex  1.055000e+01 -1.827314e+01  0.000000e+00
   endloop
 endfacet
 facet normal  4.174835e-01 -9.042378e-01  8.978568e-02
   outer loop
     vertex  9.530247e+00 -1.839254e+01  4.500000e+00
     vertex  7.818239e+00 -1.918297e+01  4.500000e+00
     vertex  8.678158e+00 -1.923277e+01  0.000000e+00
   endloop
 endfacet
 facet normal -9.309997e-01 -3.549477e-01  8.515644e-02
   outer loop
     vertex -1.652815e+01 -7.179188e+00  3.600000e+01
     vertex -1.711251e+01 -5.646458e+00  3.600000e+01
     vertex -1.688127e+01 -7.332572e+00  3.150000e+01
   endloop
 endfacet
 facet normal -2.268051e-02 -9.961094e-01  8.515644e-02
   outer loop
     vertex  4.540120e-01 -1.993983e+01  1.350000e+01
     vertex -1.387368e+00 -2.028261e+01  9.000000e+00
     vertex  4.627758e-01 -2.032473e+01  9.000000e+00
   endloop
 endfacet
 facet normal  6.799453e-02 -9.940448e-01  8.515644e-02
   outer loop
     vertex  4.540120e-01 -1.993983e+01  1.350000e+01
     vertex  4.627758e-01 -2.032473e+01  9.000000e+00
     vertex  2.309085e+00 -2.019844e+01  9.000000e+00
   endloop
 endfacet
 facet normal -2.268051e-02 -9.961094e-01  8.515644e-02
   outer loop
     vertex  4.540120e-01 -1.993983e+01  1.350000e+01
     vertex -1.361095e+00 -1.989850e+01  1.350000e+01
     vertex -1.387368e+00 -2.028261e+01  9.000000e+00
   endloop
 endfacet
 facet normal -4.583939e-01 -8.846601e-01  8.515644e-02
   outer loop
     vertex -8.037710e+00 -1.740907e+01  2.250000e+01
     vertex -9.587500e+00 -1.660604e+01  2.250000e+01
     vertex -9.780000e+00 -1.693946e+01  1.800000e+01
   endloop
 endfacet
 facet normal -3.760483e-01 -9.226788e-01  8.515644e-02
   outer loop
     vertex -8.037710e+00 -1.740907e+01  2.250000e+01
     vertex -8.199093e+00 -1.775862e+01  1.800000e+01
     vertex -6.550245e+00 -1.843062e+01  1.800000e+01
   endloop
 endfacet
 facet normal -4.583939e-01 -8.846601e-01  8.515644e-02
   outer loop
     vertex -8.037710e+00 -1.740907e+01  2.250000e+01
     vertex -9.780000e+00 -1.693946e+01  1.800000e+01
     vertex -8.199093e+00 -1.775862e+01  1.800000e+01
   endloop
 endfacet
 facet normal -8.007120e-01 -5.929660e-01  8.515644e-02
   outer loop
     vertex -1.427697e+01 -1.161517e+01  3.150000e+01
     vertex -1.559354e+01 -1.048358e+01  2.700000e+01
     vertex -1.457562e+01 -1.185814e+01  2.700000e+01
   endloop
 endfacet
 facet normal -7.434732e-01 -6.633219e-01  8.515644e-02
   outer loop
     vertex -1.427697e+01 -1.161517e+01  3.150000e+01
     vertex -1.457562e+01 -1.185814e+01  2.700000e+01
     vertex -1.343691e+01 -1.313444e+01  2.700000e+01
   endloop
 endfacet
 facet normal -8.007120e-01 -5.929660e-01  8.515644e-02
   outer loop
     vertex -1.427697e+01 -1.161517e+01  3.150000e+01
     vertex -1.527404e+01 -1.026878e+01  3.150000e+01
     vertex -1.559354e+01 -1.048358e+01  2.700000e+01
   endloop
 endfacet
 facet normal  2.469076e-01 -9.652901e-01  8.515644e-02
   outer loop
     vertex  5.929162e+00 -1.944618e+01  9.000000e+00
     vertex  4.136261e+00 -1.990478e+01  9.000000e+00
     vertex  6.041446e+00 -1.981444e+01  4.500000e+00
   endloop
 endfacet
 facet normal -9.712820e-01 -2.216888e-01  8.640197e-02
   outer loop
     vertex -1.718000e+01 -3.980050e+00  4.050000e+01
     vertex -1.671658e+01 -4.256565e+00  4.500000e+01
     vertex -1.690798e+01 -3.418021e+00  4.500000e+01
   endloop
 endfacet
 facet normal -9.801662e-01 -1.805093e-01  8.179590e-02
   outer loop
     vertex -1.718000e+01 -3.980050e+00  4.050000e+01
     vertex -1.690798e+01 -3.418021e+00  4.500000e+01
     vertex -1.747075e+01 -2.401299e+00  4.050000e+01
   endloop
 endfacet
 facet normal -9.798894e-01 -1.804583e-01  8.515644e-02
   outer loop
     vertex -1.718000e+01 -3.980050e+00  4.050000e+01
     vertex -1.785216e+01 -2.453723e+00  3.600000e+01
     vertex -1.755507e+01 -4.066941e+00  3.600000e+01
   endloop
 endfacet
 facet normal -9.594196e-01 -2.688168e-01  8.515644e-02
   outer loop
     vertex -1.718000e+01 -3.980050e+00  4.050000e+01
     vertex -1.755507e+01 -4.066941e+00  3.600000e+01
     vertex -1.711251e+01 -5.646458e+00  3.600000e+01
   endloop
 endfacet
 facet normal -9.798894e-01 -1.804583e-01  8.515644e-02
   outer loop
     vertex -1.718000e+01 -3.980050e+00  4.050000e+01
     vertex -1.747075e+01 -2.401299e+00  4.050000e+01
     vertex -1.785216e+01 -2.453723e+00  3.600000e+01
   endloop
 endfacet
 facet normal -2.027170e-01 -9.755277e-01  8.515644e-02
   outer loop
     vertex -3.103831e+00 -1.931217e+01  1.800000e+01
     vertex -4.847120e+00 -1.894991e+01  1.800000e+01
     vertex -3.164923e+00 -1.969229e+01  1.350000e+01
   endloop
 endfacet
 facet normal -6.110391e-01 -7.870067e-01  8.515644e-02
   outer loop
     vertex -1.083582e+01 -1.535086e+01  2.700000e+01
     vertex -1.243656e+01 -1.459495e+01  2.250000e+01
     vertex -1.105785e+01 -1.566540e+01  2.250000e+01
   endloop
 endfacet
 facet normal -6.110391e-01 -7.870067e-01  8.515644e-02
   outer loop
     vertex -1.083582e+01 -1.535086e+01  2.700000e+01
     vertex -1.218686e+01 -1.430191e+01  2.700000e+01
     vertex -1.243656e+01 -1.459495e+01  2.250000e+01
   endloop
 endfacet
 facet normal  5.195584e-01 -8.502196e-01  8.476838e-02
   outer loop
     vertex  1.116329e+01 -1.744971e+01  4.500000e+00
     vertex  1.055000e+01 -1.827314e+01  0.000000e+00
     vertex  1.144773e+01 -1.772455e+01  0.000000e+00
   endloop
 endfacet
 facet normal  5.612450e-01 -8.231953e-01  8.575283e-02
   outer loop
     vertex  1.116329e+01 -1.744971e+01  4.500000e+00
     vertex  1.144773e+01 -1.772455e+01  0.000000e+00
     vertex  1.231699e+01 -1.713189e+01  0.000000e+00
   endloop
 endfacet
 facet normal  4.979727e-01 -8.625140e-01  8.995987e-02
   outer loop
     vertex  1.116329e+01 -1.744971e+01  4.500000e+00
     vertex  9.530247e+00 -1.839254e+01  4.500000e+00
     vertex  1.055000e+01 -1.827314e+01  0.000000e+00
   endloop
 endfacet
 facet normal -8.948653e-01 -4.381374e-01  8.515644e-02
   outer loop
     vertex -1.580683e+01 -8.652428e+00  3.600000e+01
     vertex -1.688127e+01 -7.332572e+00  3.150000e+01
     vertex -1.614455e+01 -8.837288e+00  3.150000e+01
   endloop
 endfacet
 facet normal -8.513158e-01 -5.176966e-01  8.515644e-02
   outer loop
     vertex -1.580683e+01 -8.652428e+00  3.600000e+01
     vertex -1.614455e+01 -8.837288e+00  3.150000e+01
     vertex -1.527404e+01 -1.026878e+01  3.150000e+01
   endloop
 endfacet
 facet normal -8.948653e-01 -4.381374e-01  8.515644e-02
   outer loop
     vertex -1.580683e+01 -8.652428e+00  3.600000e+01
     vertex -1.652815e+01 -7.179188e+00  3.600000e+01
     vertex -1.688127e+01 -7.332572e+00  3.150000e+01
   endloop
 endfacet
 facet normal  6.799453e-02 -9.940448e-01  8.515644e-02
   outer loop
     vertex  2.265357e+00 -1.981593e+01  1.350000e+01
     vertex  4.540120e-01 -1.993983e+01  1.350000e+01
     vertex  2.309085e+00 -2.019844e+01  9.000000e+00
   endloop
 endfacet
 facet normal -3.760483e-01 -9.226788e-01  8.515644e-02
   outer loop
     vertex -6.421317e+00 -1.806785e+01  2.250000e+01
     vertex -8.037710e+00 -1.740907e+01  2.250000e+01
     vertex -6.550245e+00 -1.843062e+01  1.800000e+01
   endloop
 endfacet
 facet normal -7.434732e-01 -6.633219e-01  8.515644e-02
   outer loop
     vertex -1.316159e+01 -1.286532e+01  3.150000e+01
     vertex -1.427697e+01 -1.161517e+01  3.150000e+01
     vertex -1.343691e+01 -1.313444e+01  2.700000e+01
   endloop
 endfacet
 facet normal  3.336632e-01 -9.388382e-01  8.515644e-02
   outer loop
     vertex  7.672932e+00 -1.882644e+01  9.000000e+00
     vertex  6.041446e+00 -1.981444e+01  4.500000e+00
     vertex  7.818239e+00 -1.918297e+01  4.500000e+00
   endloop
 endfacet
 facet normal  3.336632e-01 -9.388382e-01  8.515644e-02
   outer loop
     vertex  7.672932e+00 -1.882644e+01  9.000000e+00
     vertex  5.929162e+00 -1.944618e+01  9.000000e+00
     vertex  6.041446e+00 -1.981444e+01  4.500000e+00
   endloop
 endfacet
 facet normal -9.593353e-01 -2.699151e-01  8.259367e-02
   outer loop
     vertex -1.674690e+01 -5.525821e+00  4.050000e+01
     vertex -1.648363e+01 -5.084527e+00  4.500000e+01
     vertex -1.671658e+01 -4.256565e+00  4.500000e+01
   endloop
 endfacet
 facet normal -9.443854e-01 -3.172966e-01  8.636554e-02
   outer loop
     vertex -1.674690e+01 -5.525821e+00  4.050000e+01
     vertex -1.620970e+01 -5.899847e+00  4.500000e+01
     vertex -1.648363e+01 -5.084527e+00  4.500000e+01
   endloop
 endfacet
 facet normal -9.596504e-01 -2.688814e-01  8.230424e-02
   outer loop
     vertex -1.674690e+01 -5.525821e+00  4.050000e+01
     vertex -1.671658e+01 -4.256565e+00  4.500000e+01
     vertex -1.718000e+01 -3.980050e+00  4.050000e+01
   endloop
 endfacet
 facet normal -9.594196e-01 -2.688168e-01  8.515644e-02
   outer loop
     vertex -1.674690e+01 -5.525821e+00  4.050000e+01
     vertex -1.718000e+01 -3.980050e+00  4.050000e+01
     vertex -1.711251e+01 -5.646458e+00  3.600000e+01
   endloop
 endfacet
 facet normal -1.131676e-01 -9.899199e-01  8.515644e-02
   outer loop
     vertex -1.334822e+00 -1.951440e+01  1.800000e+01
     vertex -3.164923e+00 -1.969229e+01  1.350000e+01
     vertex -1.361095e+00 -1.989850e+01  1.350000e+01
   endloop
 endfacet
 facet normal -2.268051e-02 -9.961094e-01  8.515644e-02
   outer loop
     vertex -1.334822e+00 -1.951440e+01  1.800000e+01
     vertex -1.361095e+00 -1.989850e+01  1.350000e+01
     vertex  4.540120e-01 -1.993983e+01  1.350000e+01
   endloop
 endfacet
 facet normal -1.131676e-01 -9.899199e-01  8.515644e-02
   outer loop
     vertex -1.334822e+00 -1.951440e+01  1.800000e+01
     vertex -3.103831e+00 -1.931217e+01  1.800000e+01
     vertex -3.164923e+00 -1.969229e+01  1.350000e+01
   endloop
 endfacet
 facet normal -5.369411e-01 -8.393108e-01  8.515644e-02
   outer loop
     vertex -9.395000e+00 -1.627262e+01  2.700000e+01
     vertex -1.083582e+01 -1.535086e+01  2.700000e+01
     vertex -1.105785e+01 -1.566540e+01  2.250000e+01
   endloop
 endfacet
 facet normal -5.369411e-01 -8.393108e-01  8.515644e-02
   outer loop
     vertex -9.395000e+00 -1.627262e+01  2.700000e+01
     vertex -1.105785e+01 -1.566540e+01  2.250000e+01
     vertex -9.587500e+00 -1.660604e+01  2.250000e+01
   endloop
 endfacet
 facet normal  6.016640e-01 -7.943068e-01  8.412617e-02
   outer loop
     vertex  1.270382e+01 -1.636228e+01  4.500000e+00
     vertex  1.231699e+01 -1.713189e+01  0.000000e+00
     vertex  1.315563e+01 -1.649664e+01  0.000000e+00
   endloop
 endfacet
 facet normal  6.403459e-01 -7.631345e-01  8.707918e-02
   outer loop
     vertex  1.270382e+01 -1.636228e+01  4.500000e+00
     vertex  1.315563e+01 -1.649664e+01  0.000000e+00
     vertex  1.396157e+01 -1.582038e+01  0.000000e+00
   endloop
 endfacet
 facet normal  5.743512e-01 -8.136702e-01  8.978568e-02
   outer loop
     vertex  1.270382e+01 -1.636228e+01  4.500000e+00
     vertex  1.116329e+01 -1.744971e+01  4.500000e+00
     vertex  1.231699e+01 -1.713189e+01  0.000000e+00
   endloop
 endfacet
 facet normal -8.513158e-01 -5.176966e-01  8.515644e-02
   outer loop
     vertex -1.495453e+01 -1.005397e+01  3.600000e+01
     vertex -1.580683e+01 -8.652428e+00  3.600000e+01
     vertex -1.527404e+01 -1.026878e+01  3.150000e+01
   endloop
 endfacet
 facet normal  1.581061e-01 -9.837433e-01  8.515644e-02
   outer loop
     vertex  4.057930e+00 -1.952783e+01  1.350000e+01
     vertex  2.309085e+00 -2.019844e+01  9.000000e+00
     vertex  4.136261e+00 -1.990478e+01  9.000000e+00
   endloop
 endfacet
 facet normal  2.469076e-01 -9.652901e-01  8.515644e-02
   outer loop
     vertex  4.057930e+00 -1.952783e+01  1.350000e+01
     vertex  4.136261e+00 -1.990478e+01  9.000000e+00
     vertex  5.929162e+00 -1.944618e+01  9.000000e+00
   endloop
 endfacet
 facet normal  1.581061e-01 -9.837433e-01  8.515644e-02
   outer loop
     vertex  4.057930e+00 -1.952783e+01  1.350000e+01
     vertex  2.265357e+00 -1.981593e+01  1.350000e+01
     vertex  2.309085e+00 -2.019844e+01  9.000000e+00
   endloop
 endfacet
 facet normal -2.905866e-01 -9.530519e-01  8.515644e-02
   outer loop
     vertex -4.751714e+00 -1.857692e+01  2.250000e+01
     vertex -6.421317e+00 -1.806785e+01  2.250000e+01
     vertex -6.550245e+00 -1.843062e+01  1.800000e+01
   endloop
 endfacet
 facet normal -2.027170e-01 -9.755277e-01  8.515644e-02
   outer loop
     vertex -4.751714e+00 -1.857692e+01  2.250000e+01
     vertex -4.847120e+00 -1.894991e+01  1.800000e+01
     vertex -3.103831e+00 -1.931217e+01  1.800000e+01
   endloop
 endfacet
 facet normal -2.905866e-01 -9.530519e-01  8.515644e-02
   outer loop
     vertex -4.751714e+00 -1.857692e+01  2.250000e+01
     vertex -6.550245e+00 -1.843062e+01  1.800000e+01
     vertex -4.847120e+00 -1.894991e+01  1.800000e+01
   endloop
 endfacet
 facet normal -6.800738e-01 -7.281813e-01  8.515644e-02
   outer loop
     vertex -1.193715e+01 -1.400887e+01  3.150000e+01
     vertex -1.316159e+01 -1.286532e+01  3.150000e+01
     vertex -1.343691e+01 -1.313444e+01  2.700000e+01
   endloop
 endfacet
 facet normal -6.800738e-01 -7.281813e-01  8.515644e-02
   outer loop
     vertex -1.193715e+01 -1.400887e+01  3.150000e+01
     vertex -1.343691e+01 -1.313444e+01  2.700000e+01
     vertex -1.218686e+01 -1.430191e+01  2.700000e+01
   endloop
 endfacet
 facet normal -6.110391e-01 -7.870067e-01  8.515644e-02
   outer loop
     vertex -1.193715e+01 -1.400887e+01  3.150000e+01
     vertex -1.218686e+01 -1.430191e+01  2.700000e+01
     vertex -1.083582e+01 -1.535086e+01  2.700000e+01
   endloop
 endfacet
 facet normal  4.176539e-01 -9.046069e-01  8.515644e-02
   outer loop
     vertex  9.353122e+00 -1.805071e+01  9.000000e+00
     vertex  7.672932e+00 -1.882644e+01  9.000000e+00
     vertex  7.818239e+00 -1.918297e+01  4.500000e+00
   endloop
 endfacet
 facet normal  4.176539e-01 -9.046069e-01  8.515644e-02
   outer loop
     vertex  9.353122e+00 -1.805071e+01  9.000000e+00
     vertex  7.818239e+00 -1.918297e+01  4.500000e+00
     vertex  9.530247e+00 -1.839254e+01  4.500000e+00
   endloop
 endfacet
 facet normal  4.981838e-01 -8.628796e-01  8.515644e-02
   outer loop
     vertex  9.353122e+00 -1.805071e+01  9.000000e+00
     vertex  9.530247e+00 -1.839254e+01  4.500000e+00
     vertex  1.116329e+01 -1.744971e+01  4.500000e+00
   endloop
 endfacet
 facet normal -8.948653e-01 -4.381374e-01  8.515644e-02
   outer loop
     vertex -1.617502e+01 -7.025803e+00  4.050000e+01
     vertex -1.652815e+01 -7.179188e+00  3.600000e+01
     vertex -1.580683e+01 -8.652428e+00  3.600000e+01
   endloop
 endfacet
 facet normal -9.275883e-01 -3.640516e-01  8.394235e-02
   outer loop
     vertex -1.617502e+01 -7.025803e+00  4.050000e+01
     vertex -1.589546e+01 -6.700500e+00  4.500000e+01
     vertex -1.620970e+01 -5.899847e+00  4.500000e+01
   endloop
 endfacet
 facet normal -9.081259e-01 -4.097620e-01  8.603765e-02
   outer loop
     vertex -1.617502e+01 -7.025803e+00  4.050000e+01
     vertex -1.554171e+01 -7.484494e+00  4.500000e+01
     vertex -1.589546e+01 -6.700500e+00  4.500000e+01
   endloop
 endfacet
 facet normal -9.312730e-01 -3.550519e-01  8.166211e-02
   outer loop
     vertex -1.617502e+01 -7.025803e+00  4.050000e+01
     vertex -1.620970e+01 -5.899847e+00  4.500000e+01
     vertex -1.674690e+01 -5.525821e+00  4.050000e+01
   endloop
 endfacet
 facet normal -9.309997e-01 -3.549477e-01  8.515644e-02
   outer loop
     vertex -1.617502e+01 -7.025803e+00  4.050000e+01
     vertex -1.674690e+01 -5.525821e+00  4.050000e+01
     vertex -1.711251e+01 -5.646458e+00  3.600000e+01
   endloop
 endfacet
 facet normal -9.309997e-01 -3.549477e-01  8.515644e-02
   outer loop
     vertex -1.617502e+01 -7.025803e+00  4.050000e+01
     vertex -1.711251e+01 -5.646458e+00  3.600000e+01
     vertex -1.652815e+01 -7.179188e+00  3.600000e+01
   endloop
 endfacet
 facet normal  6.799453e-02 -9.940448e-01  8.515644e-02
   outer loop
     vertex  4.452482e-01 -1.955493e+01  1.800000e+01
     vertex  4.540120e-01 -1.993983e+01  1.350000e+01
     vertex  2.265357e+00 -1.981593e+01  1.350000e+01
   endloop
 endfacet
 facet normal -2.268051e-02 -9.961094e-01  8.515644e-02
   outer loop
     vertex  4.452482e-01 -1.955493e+01  1.800000e+01
     vertex -1.334822e+00 -1.951440e+01  1.800000e+01
     vertex  4.540120e-01 -1.993983e+01  1.350000e+01
   endloop
 endfacet
 facet normal -4.583939e-01 -8.846601e-01  8.515644e-02
   outer loop
     vertex -7.876327e+00 -1.705953e+01  2.700000e+01
     vertex -9.395000e+00 -1.627262e+01  2.700000e+01
     vertex -9.587500e+00 -1.660604e+01  2.250000e+01
   endloop
 endfacet
 facet normal -4.583939e-01 -8.846601e-01  8.515644e-02
   outer loop
     vertex -7.876327e+00 -1.705953e+01  2.700000e+01
     vertex -9.587500e+00 -1.660604e+01  2.250000e+01
     vertex -8.037710e+00 -1.740907e+01  2.250000e+01
   endloop
 endfacet
 facet normal -3.760483e-01 -9.226788e-01  8.515644e-02
   outer loop
     vertex -7.876327e+00 -1.705953e+01  2.700000e+01
     vertex -8.037710e+00 -1.740907e+01  2.250000e+01
     vertex -6.421317e+00 -1.806785e+01  2.250000e+01
   endloop
 endfacet
 facet normal  6.777788e-01 -7.304718e-01  8.382643e-02
   outer loop
     vertex  1.413909e+01 -1.513927e+01  4.500000e+00
     vertex  1.396157e+01 -1.582038e+01  0.000000e+00
     vertex  1.473280e+01 -1.510479e+01  0.000000e+00
   endloop
 endfacet
 facet normal  6.459930e-01 -7.581063e-01  8.926306e-02
   outer loop
     vertex  1.413909e+01 -1.513927e+01  4.500000e+00
     vertex  1.270382e+01 -1.636228e+01  4.500000e+00
     vertex  1.396157e+01 -1.582038e+01  0.000000e+00
   endloop
 endfacet
 facet normal -8.007120e-01 -5.929660e-01  8.515644e-02
   outer loop
     vertex -1.397832e+01 -1.137220e+01  3.600000e+01
     vertex -1.495453e+01 -1.005397e+01  3.600000e+01
     vertex -1.527404e+01 -1.026878e+01  3.150000e+01
   endloop
 endfacet
 facet normal -8.007120e-01 -5.929660e-01  8.515644e-02
   outer loop
     vertex -1.397832e+01 -1.137220e+01  3.600000e+01
     vertex -1.527404e+01 -1.026878e+01  3.150000e+01
     vertex -1.427697e+01 -1.161517e+01  3.150000e+01
   endloop
 endfacet
 facet normal  2.469076e-01 -9.652901e-01  8.515644e-02
   outer loop
     vertex  5.816878e+00 -1.907792e+01  1.350000e+01
     vertex  4.057930e+00 -1.952783e+01  1.350000e+01
     vertex  5.929162e+00 -1.944618e+01  9.000000e+00
   endloop
 endfacet
 facet normal -2.027170e-01 -9.755277e-01  8.515644e-02
   outer loop
     vertex -3.042738e+00 -1.893205e+01  2.250000e+01
     vertex -4.751714e+00 -1.857692e+01  2.250000e+01
     vertex -3.103831e+00 -1.931217e+01  1.800000e+01
   endloop
 endfacet
 facet normal -6.110391e-01 -7.870067e-01  8.515644e-02
   outer loop
     vertex -1.061380e+01 -1.503633e+01  3.150000e+01
     vertex -1.193715e+01 -1.400887e+01  3.150000e+01
     vertex -1.083582e+01 -1.535086e+01  2.700000e+01
   endloop
 endfacet
 facet normal  4.981838e-01 -8.628796e-01  8.515644e-02
   outer loop
     vertex  1.095581e+01 -1.712539e+01  9.000000e+00
     vertex  9.353122e+00 -1.805071e+01  9.000000e+00
     vertex  1.116329e+01 -1.744971e+01  4.500000e+00
   endloop
 endfacet
 facet normal -8.866514e-01 -4.545596e-01  8.499920e-02
   outer loop
     vertex -1.546912e+01 -8.467568e+00  4.050000e+01
     vertex -1.514932e+01 -8.249881e+00  4.500000e+01
     vertex -1.554171e+01 -7.484494e+00  4.500000e+01
   endloop
 endfacet
 facet normal -8.628602e-01 -4.981726e-01  8.541825e-02
   outer loop
     vertex -1.546912e+01 -8.467568e+00  4.050000e+01
     vertex -1.471927e+01 -8.994757e+00  4.500000e+01
     vertex -1.514932e+01 -8.249881e+00  4.500000e+01
   endloop
 endfacet
 facet normal -8.948653e-01 -4.381374e-01  8.515644e-02
   outer loop
     vertex -1.546912e+01 -8.467568e+00  4.050000e+01
     vertex -1.617502e+01 -7.025803e+00  4.050000e+01
     vertex -1.580683e+01 -8.652428e+00  3.600000e+01
   endloop
 endfacet
 facet normal -8.951542e-01 -4.382789e-01  8.130532e-02
   outer loop
     vertex -1.546912e+01 -8.467568e+00  4.050000e+01
     vertex -1.554171e+01 -7.484494e+00  4.500000e+01
     vertex -1.617502e+01 -7.025803e+00  4.050000e+01
   endloop
 endfacet
 facet normal  6.799453e-02 -9.940448e-01  8.515644e-02
   outer loop
     vertex  2.221628e+00 -1.943342e+01  1.800000e+01
     vertex  4.452482e-01 -1.955493e+01  1.800000e+01
     vertex  2.265357e+00 -1.981593e+01  1.350000e+01
   endloop
 endfacet
 facet normal -3.760483e-01 -9.226788e-01  8.515644e-02
   outer loop
     vertex -6.292388e+00 -1.770508e+01  2.700000e+01
     vertex -7.876327e+00 -1.705953e+01  2.700000e+01
     vertex -6.421317e+00 -1.806785e+01  2.250000e+01
   endloop
 endfacet
 facet normal  7.130707e-01 -6.955096e-01  8.829806e-02
   outer loop
     vertex  1.545720e+01 -1.379081e+01  4.500000e+00
     vertex  1.473280e+01 -1.510479e+01  0.000000e+00
     vertex  1.546739e+01 -1.435164e+01  0.000000e+00
   endloop
 endfacet
 facet normal  7.471395e-01 -6.593546e-01  8.386925e-02
   outer loop
     vertex  1.545720e+01 -1.379081e+01  4.500000e+00
     vertex  1.546739e+01 -1.435164e+01  0.000000e+00
     vertex  1.616354e+01 -1.356282e+01  0.000000e+00
   endloop
 endfacet
 facet normal  7.122945e-01 -6.962608e-01  8.864237e-02
   outer loop
     vertex  1.545720e+01 -1.379081e+01  4.500000e+00
     vertex  1.413909e+01 -1.513927e+01  4.500000e+00
     vertex  1.473280e+01 -1.510479e+01  0.000000e+00
   endloop
 endfacet
 facet normal -7.434732e-01 -6.633219e-01  8.515644e-02
   outer loop
     vertex -1.288627e+01 -1.259620e+01  3.600000e+01
     vertex -1.427697e+01 -1.161517e+01  3.150000e+01
     vertex -1.316159e+01 -1.286532e+01  3.150000e+01
   endloop
 endfacet
 facet normal -6.800738e-01 -7.281813e-01  8.515644e-02
   outer loop
     vertex -1.288627e+01 -1.259620e+01  3.600000e+01
     vertex -1.316159e+01 -1.286532e+01  3.150000e+01
     vertex -1.193715e+01 -1.400887e+01  3.150000e+01
   endloop
 endfacet
 facet normal -7.434732e-01 -6.633219e-01  8.515644e-02
   outer loop
     vertex -1.288627e+01 -1.259620e+01  3.600000e+01
     vertex -1.397832e+01 -1.137220e+01  3.600000e+01
     vertex -1.427697e+01 -1.161517e+01  3.150000e+01
   endloop
 endfacet
 facet normal  3.336632e-01 -9.388382e-01  8.515644e-02
   outer loop
     vertex  7.527626e+00 -1.846992e+01  1.350000e+01
     vertex  5.929162e+00 -1.944618e+01  9.000000e+00
     vertex  7.672932e+00 -1.882644e+01  9.000000e+00
   endloop
 endfacet
 facet normal  3.336632e-01 -9.388382e-01  8.515644e-02
   outer loop
     vertex  7.527626e+00 -1.846992e+01  1.350000e+01
     vertex  5.816878e+00 -1.907792e+01  1.350000e+01
     vertex  5.929162e+00 -1.944618e+01  9.000000e+00
   endloop
 endfacet
 facet normal -1.131676e-01 -9.899199e-01  8.515644e-02
   outer loop
     vertex -1.308548e+00 -1.913030e+01  2.250000e+01
     vertex -3.042738e+00 -1.893205e+01  2.250000e+01
     vertex -3.103831e+00 -1.931217e+01  1.800000e+01
   endloop
 endfacet
 facet normal -1.131676e-01 -9.899199e-01  8.515644e-02
   outer loop
     vertex -1.308548e+00 -1.913030e+01  2.250000e+01
     vertex -3.103831e+00 -1.931217e+01  1.800000e+01
     vertex -1.334822e+00 -1.951440e+01  1.800000e+01
   endloop
 endfacet
 facet normal -5.369411e-01 -8.393108e-01  8.515644e-02
   outer loop
     vertex -9.202500e+00 -1.593920e+01  3.150000e+01
     vertex -1.083582e+01 -1.535086e+01  2.700000e+01
     vertex -9.395000e+00 -1.627262e+01  2.700000e+01
   endloop
 endfacet
 facet normal -5.369411e-01 -8.393108e-01  8.515644e-02
   outer loop
     vertex -9.202500e+00 -1.593920e+01  3.150000e+01
     vertex -1.061380e+01 -1.503633e+01  3.150000e+01
     vertex -1.083582e+01 -1.535086e+01  2.700000e+01
   endloop
 endfacet
 facet normal  5.745856e-01 -8.140023e-01  8.515644e-02
   outer loop
     vertex  1.246771e+01 -1.605818e+01  9.000000e+00
     vertex  1.095581e+01 -1.712539e+01  9.000000e+00
     vertex  1.116329e+01 -1.744971e+01  4.500000e+00
   endloop
 endfacet
 facet normal  5.745856e-01 -8.140023e-01  8.515644e-02
   outer loop
     vertex  1.246771e+01 -1.605818e+01  9.000000e+00
     vertex  1.116329e+01 -1.744971e+01  4.500000e+00
     vertex  1.270382e+01 -1.636228e+01  4.500000e+00
   endloop
 endfacet
 facet normal -8.369308e-01 -5.405472e-01  8.576439e-02
   outer loop
     vertex -1.463503e+01 -9.839167e+00  4.050000e+01
     vertex -1.425262e+01 -9.717271e+00  4.500000e+01
     vertex -1.471927e+01 -8.994757e+00  4.500000e+01
   endloop
 endfacet
 facet normal -8.090336e-01 -5.816555e-01  8.450724e-02
   outer loop
     vertex -1.463503e+01 -9.839167e+00  4.050000e+01
     vertex -1.375054e+01 -1.041563e+01  4.500000e+01
     vertex -1.425262e+01 -9.717271e+00  4.500000e+01
   endloop
 endfacet
 facet normal -8.513158e-01 -5.176966e-01  8.515644e-02
   outer loop
     vertex -1.463503e+01 -9.839167e+00  4.050000e+01
     vertex -1.580683e+01 -8.652428e+00  3.600000e+01
     vertex -1.495453e+01 -1.005397e+01  3.600000e+01
   endloop
 endfacet
 facet normal -8.515956e-01 -5.178668e-01  8.123395e-02
   outer loop
     vertex -1.463503e+01 -9.839167e+00  4.050000e+01
     vertex -1.471927e+01 -8.994757e+00  4.500000e+01
     vertex -1.546912e+01 -8.467568e+00  4.050000e+01
   endloop
 endfacet
 facet normal -8.513158e-01 -5.176966e-01  8.515644e-02
   outer loop
     vertex -1.463503e+01 -9.839167e+00  4.050000e+01
     vertex -1.546912e+01 -8.467568e+00  4.050000e+01
     vertex -1.580683e+01 -8.652428e+00  3.600000e+01
   endloop
 endfacet
 facet normal  1.581061e-01 -9.837433e-01  8.515644e-02
   outer loop
     vertex  3.979600e+00 -1.915088e+01  1.800000e+01
     vertex  2.265357e+00 -1.981593e+01  1.350000e+01
     vertex  4.057930e+00 -1.952783e+01  1.350000e+01
   endloop
 endfacet
 facet normal  1.581061e-01 -9.837433e-01  8.515644e-02
   outer loop
     vertex  3.979600e+00 -1.915088e+01  1.800000e+01
     vertex  2.221628e+00 -1.943342e+01  1.800000e+01
     vertex  2.265357e+00 -1.981593e+01  1.350000e+01
   endloop
 endfacet
 facet normal  2.469076e-01 -9.652901e-01  8.515644e-02
   outer loop
     vertex  3.979600e+00 -1.915088e+01  1.800000e+01
     vertex  4.057930e+00 -1.952783e+01  1.350000e+01
     vertex  5.816878e+00 -1.907792e+01  1.350000e+01
   endloop
 endfacet
 facet normal -2.905866e-01 -9.530519e-01  8.515644e-02
   outer loop
     vertex -4.656308e+00 -1.820393e+01  2.700000e+01
     vertex -6.292388e+00 -1.770508e+01  2.700000e+01
     vertex -6.421317e+00 -1.806785e+01  2.250000e+01
   endloop
 endfacet
 facet normal -2.905866e-01 -9.530519e-01  8.515644e-02
   outer loop
     vertex -4.656308e+00 -1.820393e+01  2.700000e+01
     vertex -6.421317e+00 -1.806785e+01  2.250000e+01
     vertex -4.751714e+00 -1.857692e+01  2.250000e+01
   endloop
 endfacet
 facet normal  7.788864e-01 -6.211412e-01  8.671556e-02
   outer loop
     vertex  1.664722e+01 -1.232807e+01  4.500000e+00
     vertex  1.616354e+01 -1.356282e+01  0.000000e+00
     vertex  1.681950e+01 -1.274027e+01  0.000000e+00
   endloop
 endfacet
 facet normal  8.090510e-01 -5.816680e-01  8.425462e-02
   outer loop
     vertex  1.664722e+01 -1.232807e+01  4.500000e+00
     vertex  1.681950e+01 -1.274027e+01  0.000000e+00
     vertex  1.743364e+01 -1.188605e+01  0.000000e+00
   endloop
 endfacet
 facet normal  7.726034e-01 -6.285594e-01  8.942638e-02
   outer loop
     vertex  1.664722e+01 -1.232807e+01  4.500000e+00
     vertex  1.545720e+01 -1.379081e+01  4.500000e+00
     vertex  1.616354e+01 -1.356282e+01  0.000000e+00
   endloop
 endfacet
 facet normal -6.800738e-01 -7.281813e-01  8.515644e-02
   outer loop
     vertex -1.168745e+01 -1.371583e+01  3.600000e+01
     vertex -1.288627e+01 -1.259620e+01  3.600000e+01
     vertex -1.193715e+01 -1.400887e+01  3.150000e+01
   endloop
 endfacet
 facet normal  4.176539e-01 -9.046069e-01  8.515644e-02
   outer loop
     vertex  9.175997e+00 -1.770887e+01  1.350000e+01
     vertex  7.672932e+00 -1.882644e+01  9.000000e+00
     vertex  9.353122e+00 -1.805071e+01  9.000000e+00
   endloop
 endfacet
 facet normal  4.176539e-01 -9.046069e-01  8.515644e-02
   outer loop
     vertex  9.175997e+00 -1.770887e+01  1.350000e+01
     vertex  7.527626e+00 -1.846992e+01  1.350000e+01
     vertex  7.672932e+00 -1.882644e+01  9.000000e+00
   endloop
 endfacet
 facet normal -2.268051e-02 -9.961094e-01  8.515644e-02
   outer loop
     vertex  4.364843e-01 -1.917003e+01  2.250000e+01
     vertex -1.334822e+00 -1.951440e+01  1.800000e+01
     vertex  4.452482e-01 -1.955493e+01  1.800000e+01
   endloop
 endfacet
 facet normal  6.799453e-02 -9.940448e-01  8.515644e-02
   outer loop
     vertex  4.364843e-01 -1.917003e+01  2.250000e+01
     vertex  4.452482e-01 -1.955493e+01  1.800000e+01
     vertex  2.221628e+00 -1.943342e+01  1.800000e+01
   endloop
 endfacet
 facet normal -2.268051e-02 -9.961094e-01  8.515644e-02
   outer loop
     vertex  4.364843e-01 -1.917003e+01  2.250000e+01
     vertex -1.308548e+00 -1.913030e+01  2.250000e+01
     vertex -1.334822e+00 -1.951440e+01  1.800000e+01
   endloop
 endfacet
 facet normal -3.760483e-01 -9.226788e-01  8.515644e-02
   outer loop
     vertex -7.714944e+00 -1.670999e+01  3.150000e+01
     vertex -7.876327e+00 -1.705953e+01  2.700000e+01
     vertex -6.292388e+00 -1.770508e+01  2.700000e+01
   endloop
 endfacet
 facet normal -4.583939e-01 -8.846601e-01  8.515644e-02
   outer loop
     vertex -7.714944e+00 -1.670999e+01  3.150000e+01
     vertex -9.202500e+00 -1.593920e+01  3.150000e+01
     vertex -9.395000e+00 -1.627262e+01  2.700000e+01
   endloop
 endfacet
 facet normal -4.583939e-01 -8.846601e-01  8.515644e-02
   outer loop
     vertex -7.714944e+00 -1.670999e+01  3.150000e+01
     vertex -9.395000e+00 -1.627262e+01  2.700000e+01
     vertex -7.876327e+00 -1.705953e+01  2.700000e+01
   endloop
 endfacet
 facet normal  7.125119e-01 -6.964733e-01  8.515644e-02
   outer loop
     vertex  1.387631e+01 -1.485790e+01  9.000000e+00
     vertex  1.413909e+01 -1.513927e+01  4.500000e+00
     vertex  1.545720e+01 -1.379081e+01  4.500000e+00
   endloop
 endfacet
 facet normal  6.462262e-01 -7.583799e-01  8.515644e-02
   outer loop
     vertex  1.387631e+01 -1.485790e+01  9.000000e+00
     vertex  1.270382e+01 -1.636228e+01  4.500000e+00
     vertex  1.413909e+01 -1.513927e+01  4.500000e+00
   endloop
 endfacet
 facet normal  6.462262e-01 -7.583799e-01  8.515644e-02
   outer loop
     vertex  1.387631e+01 -1.485790e+01  9.000000e+00
     vertex  1.246771e+01 -1.605818e+01  9.000000e+00
     vertex  1.270382e+01 -1.636228e+01  4.500000e+00
   endloop
 endfacet
 facet normal -7.789188e-01 -6.211670e-01  8.623803e-02
   outer loop
     vertex -1.367967e+01 -1.112924e+01  4.050000e+01
     vertex -1.321427e+01 -1.108809e+01  4.500000e+01
     vertex -1.375054e+01 -1.041563e+01  4.500000e+01
   endloop
 endfacet
 facet normal -7.471751e-01 -6.593859e-01  8.330450e-02
   outer loop
     vertex -1.367967e+01 -1.112924e+01  4.050000e+01
     vertex -1.264514e+01 -1.173298e+01  4.500000e+01
     vertex -1.321427e+01 -1.108809e+01  4.500000e+01
   endloop
 endfacet
 facet normal -8.009611e-01 -5.931505e-01  8.144804e-02
   outer loop
     vertex -1.367967e+01 -1.112924e+01  4.050000e+01
     vertex -1.375054e+01 -1.041563e+01  4.500000e+01
     vertex -1.463503e+01 -9.839167e+00  4.050000e+01
   endloop
 endfacet
 facet normal -8.007120e-01 -5.929660e-01  8.515644e-02
   outer loop
     vertex -1.367967e+01 -1.112924e+01  4.050000e+01
     vertex -1.463503e+01 -9.839167e+00  4.050000e+01
     vertex -1.495453e+01 -1.005397e+01  3.600000e+01
   endloop
 endfacet
 facet normal -7.434732e-01 -6.633219e-01  8.515644e-02
   outer loop
     vertex -1.367967e+01 -1.112924e+01  4.050000e+01
     vertex -1.397832e+01 -1.137220e+01  3.600000e+01
     vertex -1.288627e+01 -1.259620e+01  3.600000e+01
   endloop
 endfacet
 facet normal -8.007120e-01 -5.929660e-01  8.515644e-02
   outer loop
     vertex -1.367967e+01 -1.112924e+01  4.050000e+01
     vertex -1.495453e+01 -1.005397e+01  3.600000e+01
     vertex -1.397832e+01 -1.137220e+01  3.600000e+01
   endloop
 endfacet
 facet normal  2.469076e-01 -9.652901e-01  8.515644e-02
   outer loop
     vertex  5.704595e+00 -1.870966e+01  1.800000e+01
     vertex  3.979600e+00 -1.915088e+01  1.800000e+01
     vertex  5.816878e+00 -1.907792e+01  1.350000e+01
   endloop
 endfacet
 facet normal -2.027170e-01 -9.755277e-01  8.515644e-02
   outer loop
     vertex -2.981645e+00 -1.855192e+01  2.700000e+01
     vertex -4.656308e+00 -1.820393e+01  2.700000e+01
     vertex -4.751714e+00 -1.857692e+01  2.250000e+01
   endloop
 endfacet
 facet normal -2.027170e-01 -9.755277e-01  8.515644e-02
   outer loop
     vertex -2.981645e+00 -1.855192e+01  2.700000e+01
     vertex -4.751714e+00 -1.857692e+01  2.250000e+01
     vertex -3.042738e+00 -1.893205e+01  2.250000e+01
   endloop
 endfacet
 facet normal  8.265278e-01 -5.556768e-01  8.986189e-02
   outer loop
     vertex  1.769930e+01 -1.076318e+01  4.500000e+00
     vertex  1.664722e+01 -1.232807e+01  4.500000e+00
     vertex  1.743364e+01 -1.188605e+01  0.000000e+00
   endloop
 endfacet
 facet normal  8.369517e-01 -5.405607e-01  8.547464e-02
   outer loop
     vertex  1.769930e+01 -1.076318e+01  4.500000e+00
     vertex  1.743364e+01 -1.188605e+01  0.000000e+00
     vertex  1.800444e+01 -1.100228e+01  0.000000e+00
   endloop
 endfacet
 facet normal  8.628925e-01 -4.981912e-01  8.498241e-02
   outer loop
     vertex  1.769930e+01 -1.076318e+01  4.500000e+00
     vertex  1.800444e+01 -1.100228e+01  0.000000e+00
     vertex  1.853048e+01 -1.009116e+01  0.000000e+00
   endloop
 endfacet
 facet normal -6.110391e-01 -7.870067e-01  8.515644e-02
   outer loop
     vertex -1.039178e+01 -1.472180e+01  3.600000e+01
     vertex -1.168745e+01 -1.371583e+01  3.600000e+01
     vertex -1.193715e+01 -1.400887e+01  3.150000e+01
   endloop
 endfacet
 facet normal -6.110391e-01 -7.870067e-01  8.515644e-02
   outer loop
     vertex -1.039178e+01 -1.472180e+01  3.600000e+01
     vertex -1.193715e+01 -1.400887e+01  3.150000e+01
     vertex -1.061380e+01 -1.503633e+01  3.150000e+01
   endloop
 endfacet
 facet normal  5.745856e-01 -8.140023e-01  8.515644e-02
   outer loop
     vertex  1.074833e+01 -1.680108e+01  1.350000e+01
     vertex  1.095581e+01 -1.712539e+01  9.000000e+00
     vertex  1.246771e+01 -1.605818e+01  9.000000e+00
   endloop
 endfacet
 facet normal  4.981838e-01 -8.628796e-01  8.515644e-02
   outer loop
     vertex  1.074833e+01 -1.680108e+01  1.350000e+01
     vertex  9.353122e+00 -1.805071e+01  9.000000e+00
     vertex  1.095581e+01 -1.712539e+01  9.000000e+00
   endloop
 endfacet
 facet normal  4.981838e-01 -8.628796e-01  8.515644e-02
   outer loop
     vertex  1.074833e+01 -1.680108e+01  1.350000e+01
     vertex  9.175997e+00 -1.770887e+01  1.350000e+01
     vertex  9.353122e+00 -1.805071e+01  9.000000e+00
   endloop
 endfacet
 facet normal  6.799453e-02 -9.940448e-01  8.515644e-02
   outer loop
     vertex  2.177900e+00 -1.905092e+01  2.250000e+01
     vertex  4.364843e-01 -1.917003e+01  2.250000e+01
     vertex  2.221628e+00 -1.943342e+01  1.800000e+01
   endloop
 endfacet
 facet normal -3.760483e-01 -9.226788e-01  8.515644e-02
   outer loop
     vertex -6.163459e+00 -1.734231e+01  3.150000e+01
     vertex -7.714944e+00 -1.670999e+01  3.150000e+01
     vertex -6.292388e+00 -1.770508e+01  2.700000e+01
   endloop
 endfacet
 facet normal  7.125119e-01 -6.964733e-01  8.515644e-02
   outer loop
     vertex  1.516991e+01 -1.353450e+01  9.000000e+00
     vertex  1.387631e+01 -1.485790e+01  9.000000e+00
     vertex  1.545720e+01 -1.379081e+01  4.500000e+00
   endloop
 endfacet
 facet normal -7.131886e-01 -6.956246e-01  8.642019e-02
   outer loop
     vertex -1.261096e+01 -1.232708e+01  4.050000e+01
     vertex -1.204459e+01 -1.234870e+01  4.500000e+01
     vertex -1.264514e+01 -1.173298e+01  4.500000e+01
   endloop
 endfacet
 facet normal -7.434732e-01 -6.633219e-01  8.515644e-02
   outer loop
     vertex -1.261096e+01 -1.232708e+01  4.050000e+01
     vertex -1.367967e+01 -1.112924e+01  4.050000e+01
     vertex -1.288627e+01 -1.259620e+01  3.600000e+01
   endloop
 endfacet
 facet normal -7.436740e-01 -6.635010e-01  8.194752e-02
   outer loop
     vertex -1.261096e+01 -1.232708e+01  4.050000e+01
     vertex -1.264514e+01 -1.173298e+01  4.500000e+01
     vertex -1.367967e+01 -1.112924e+01  4.050000e+01
   endloop
 endfacet
 facet normal  3.336632e-01 -9.388382e-01  8.515644e-02
   outer loop
     vertex  7.382319e+00 -1.811339e+01  1.800000e+01
     vertex  5.704595e+00 -1.870966e+01  1.800000e+01
     vertex  5.816878e+00 -1.907792e+01  1.350000e+01
   endloop
 endfacet
 facet normal  3.336632e-01 -9.388382e-01  8.515644e-02
   outer loop
     vertex  7.382319e+00 -1.811339e+01  1.800000e+01
     vertex  5.816878e+00 -1.907792e+01  1.350000e+01
     vertex  7.527626e+00 -1.846992e+01  1.350000e+01
   endloop
 endfacet
 facet normal -1.131676e-01 -9.899199e-01  8.515644e-02
   outer loop
     vertex -1.282275e+00 -1.874620e+01  2.700000e+01
     vertex -2.981645e+00 -1.855192e+01  2.700000e+01
     vertex -3.042738e+00 -1.893205e+01  2.250000e+01
   endloop
 endfacet
 facet normal -2.268051e-02 -9.961094e-01  8.515644e-02
   outer loop
     vertex -1.282275e+00 -1.874620e+01  2.700000e+01
     vertex -1.308548e+00 -1.913030e+01  2.250000e+01
     vertex  4.364843e-01 -1.917003e+01  2.250000e+01
   endloop
 endfacet
 facet normal -1.131676e-01 -9.899199e-01  8.515644e-02
   outer loop
     vertex -1.282275e+00 -1.874620e+01  2.700000e+01
     vertex -3.042738e+00 -1.893205e+01  2.250000e+01
     vertex -1.308548e+00 -1.913030e+01  2.250000e+01
   endloop
 endfacet
 facet normal  8.866834e-01 -4.545761e-01  8.457573e-02
   outer loop
     vertex  1.860472e+01 -9.109105e+00  4.500000e+00
     vertex  1.853048e+01 -1.009116e+01  0.000000e+00
     vertex  1.901044e+01 -9.154947e+00  0.000000e+00
   endloop
 endfacet
 facet normal  9.081247e-01 -4.097615e-01  8.605238e-02
   outer loop
     vertex  1.860472e+01 -9.109105e+00  4.500000e+00
     vertex  1.901044e+01 -9.154947e+00  0.000000e+00
     vertex  1.944315e+01 -8.195974e+00  0.000000e+00
   endloop
 endfacet
 facet normal  8.736268e-01 -4.782106e-01  8.994899e-02
   outer loop
     vertex  1.860472e+01 -9.109105e+00  4.500000e+00
     vertex  1.769930e+01 -1.076318e+01  4.500000e+00
     vertex  1.853048e+01 -1.009116e+01  0.000000e+00
   endloop
 endfacet
 facet normal -5.369411e-01 -8.393108e-01  8.515644e-02
   outer loop
     vertex -9.010000e+00 -1.560578e+01  3.600000e+01
     vertex -1.039178e+01 -1.472180e+01  3.600000e+01
     vertex -1.061380e+01 -1.503633e+01  3.150000e+01
   endloop
 endfacet
 facet normal -5.369411e-01 -8.393108e-01  8.515644e-02
   outer loop
     vertex -9.010000e+00 -1.560578e+01  3.600000e+01
     vertex -1.061380e+01 -1.503633e+01  3.150000e+01
     vertex -9.202500e+00 -1.593920e+01  3.150000e+01
   endloop
 endfacet
 facet normal  5.745856e-01 -8.140023e-01  8.515644e-02
   outer loop
     vertex  1.223161e+01 -1.575407e+01  1.350000e+01
     vertex  1.074833e+01 -1.680108e+01  1.350000e+01
     vertex  1.246771e+01 -1.605818e+01  9.000000e+00
   endloop
 endfacet
 facet normal  2.469076e-01 -9.652901e-01  8.515644e-02
   outer loop
     vertex  3.901269e+00 -1.877394e+01  2.250000e+01
     vertex  3.979600e+00 -1.915088e+01  1.800000e+01
     vertex  5.704595e+00 -1.870966e+01  1.800000e+01
   endloop
 endfacet
 facet normal  1.581061e-01 -9.837433e-01  8.515644e-02
   outer loop
     vertex  3.901269e+00 -1.877394e+01  2.250000e+01
     vertex  2.177900e+00 -1.905092e+01  2.250000e+01
     vertex  2.221628e+00 -1.943342e+01  1.800000e+01
   endloop
 endfacet
 facet normal  1.581061e-01 -9.837433e-01  8.515644e-02
   outer loop
     vertex  3.901269e+00 -1.877394e+01  2.250000e+01
     vertex  2.221628e+00 -1.943342e+01  1.800000e+01
     vertex  3.979600e+00 -1.915088e+01  1.800000e+01
   endloop
 endfacet
 facet normal -2.905866e-01 -9.530519e-01  8.515644e-02
   outer loop
     vertex -4.560902e+00 -1.783093e+01  3.150000e+01
     vertex -6.292388e+00 -1.770508e+01  2.700000e+01
     vertex -4.656308e+00 -1.820393e+01  2.700000e+01
   endloop
 endfacet
 facet normal -2.027170e-01 -9.755277e-01  8.515644e-02
   outer loop
     vertex -4.560902e+00 -1.783093e+01  3.150000e+01
     vertex -4.656308e+00 -1.820393e+01  2.700000e+01
     vertex -2.981645e+00 -1.855192e+01  2.700000e+01
   endloop
 endfacet
 facet normal -2.905866e-01 -9.530519e-01  8.515644e-02
   outer loop
     vertex -4.560902e+00 -1.783093e+01  3.150000e+01
     vertex -6.163459e+00 -1.734231e+01  3.150000e+01
     vertex -6.292388e+00 -1.770508e+01  2.700000e+01
   endloop
 endfacet
 facet normal  7.728936e-01 -6.287956e-01  8.515644e-02
   outer loop
     vertex  1.633782e+01 -1.209895e+01  9.000000e+00
     vertex  1.545720e+01 -1.379081e+01  4.500000e+00
     vertex  1.664722e+01 -1.232807e+01  4.500000e+00
   endloop
 endfacet
 facet normal  7.728936e-01 -6.287956e-01  8.515644e-02
   outer loop
     vertex  1.633782e+01 -1.209895e+01  9.000000e+00
     vertex  1.516991e+01 -1.353450e+01  9.000000e+00
     vertex  1.545720e+01 -1.379081e+01  4.500000e+00
   endloop
 endfacet
 facet normal -6.802480e-01 -7.283677e-01  8.211697e-02
   outer loop
     vertex -1.143775e+01 -1.342279e+01  4.050000e+01
     vertex -1.204459e+01 -1.234870e+01  4.500000e+01
     vertex -1.261096e+01 -1.232708e+01  4.050000e+01
   endloop
 endfacet
 facet normal -6.778282e-01 -7.305251e-01  8.295821e-02
   outer loop
     vertex -1.143775e+01 -1.342279e+01  4.050000e+01
     vertex -1.141408e+01 -1.293373e+01  4.500000e+01
     vertex -1.204459e+01 -1.234870e+01  4.500000e+01
   endloop
 endfacet
 facet normal -6.403889e-01 -7.631858e-01  8.631090e-02
   outer loop
     vertex -1.143775e+01 -1.342279e+01  4.050000e+01
     vertex -1.075520e+01 -1.348659e+01  4.500000e+01
     vertex -1.141408e+01 -1.293373e+01  4.500000e+01
   endloop
 endfacet
 facet normal -6.800738e-01 -7.281813e-01  8.515644e-02
   outer loop
     vertex -1.143775e+01 -1.342279e+01  4.050000e+01
     vertex -1.288627e+01 -1.259620e+01  3.600000e+01
     vertex -1.168745e+01 -1.371583e+01  3.600000e+01
   endloop
 endfacet
 facet normal -6.110391e-01 -7.870067e-01  8.515644e-02
   outer loop
     vertex -1.143775e+01 -1.342279e+01  4.050000e+01
     vertex -1.168745e+01 -1.371583e+01  3.600000e+01
     vertex -1.039178e+01 -1.472180e+01  3.600000e+01
   endloop
 endfacet
 facet normal -6.800738e-01 -7.281813e-01  8.515644e-02
   outer loop
     vertex -1.143775e+01 -1.342279e+01  4.050000e+01
     vertex -1.261096e+01 -1.232708e+01  4.050000e+01
     vertex -1.288627e+01 -1.259620e+01  3.600000e+01
   endloop
 endfacet
 facet normal  4.176539e-01 -9.046069e-01  8.515644e-02
   outer loop
     vertex  8.998872e+00 -1.736703e+01  1.800000e+01
     vertex  7.527626e+00 -1.846992e+01  1.350000e+01
     vertex  9.175997e+00 -1.770887e+01  1.350000e+01
   endloop
 endfacet
 facet normal  4.176539e-01 -9.046069e-01  8.515644e-02
   outer loop
     vertex  8.998872e+00 -1.736703e+01  1.800000e+01
     vertex  7.382319e+00 -1.811339e+01  1.800000e+01
     vertex  7.527626e+00 -1.846992e+01  1.350000e+01
   endloop
 endfacet
 facet normal -2.268051e-02 -9.961094e-01  8.515644e-02
   outer loop
     vertex  4.277205e-01 -1.878513e+01  2.700000e+01
     vertex -1.282275e+00 -1.874620e+01  2.700000e+01
     vertex  4.364843e-01 -1.917003e+01  2.250000e+01
   endloop
 endfacet
 facet normal  9.275823e-01 -3.640492e-01  8.401912e-02
   outer loop
     vertex  1.935597e+01 -7.379547e+00  4.500000e+00
     vertex  1.944315e+01 -8.195974e+00  0.000000e+00
     vertex  1.982751e+01 -7.216625e+00  0.000000e+00
   endloop
 endfacet
 facet normal  9.442946e-01 -3.172661e-01  8.746415e-02
   outer loop
     vertex  1.935597e+01 -7.379547e+00  4.500000e+00
     vertex  1.982751e+01 -7.216625e+00  0.000000e+00
     vertex  2.016259e+01 -6.219334e+00  0.000000e+00
   endloop
 endfacet
 facet normal  9.135149e-01 -3.967955e-01  8.968769e-02
   outer loop
     vertex  1.935597e+01 -7.379547e+00  4.500000e+00
     vertex  1.860472e+01 -9.109105e+00  4.500000e+00
     vertex  1.944315e+01 -8.195974e+00  0.000000e+00
   endloop
 endfacet
 facet normal -4.583939e-01 -8.846601e-01  8.515644e-02
   outer loop
     vertex -7.553561e+00 -1.636044e+01  3.600000e+01
     vertex -9.010000e+00 -1.560578e+01  3.600000e+01
     vertex -9.202500e+00 -1.593920e+01  3.150000e+01
   endloop
 endfacet
 facet normal -3.760483e-01 -9.226788e-01  8.515644e-02
   outer loop
     vertex -7.553561e+00 -1.636044e+01  3.600000e+01
     vertex -7.714944e+00 -1.670999e+01  3.150000e+01
     vertex -6.163459e+00 -1.734231e+01  3.150000e+01
   endloop
 endfacet
 facet normal -4.583939e-01 -8.846601e-01  8.515644e-02
   outer loop
     vertex -7.553561e+00 -1.636044e+01  3.600000e+01
     vertex -9.202500e+00 -1.593920e+01  3.150000e+01
     vertex -7.714944e+00 -1.670999e+01  3.150000e+01
   endloop
 endfacet
 facet normal  6.462262e-01 -7.583799e-01  8.515644e-02
   outer loop
     vertex  1.361352e+01 -1.457652e+01  1.350000e+01
     vertex  1.246771e+01 -1.605818e+01  9.000000e+00
     vertex  1.387631e+01 -1.485790e+01  9.000000e+00
   endloop
 endfacet
 facet normal  6.462262e-01 -7.583799e-01  8.515644e-02
   outer loop
     vertex  1.361352e+01 -1.457652e+01  1.350000e+01
     vertex  1.223161e+01 -1.575407e+01  1.350000e+01
     vertex  1.246771e+01 -1.605818e+01  9.000000e+00
   endloop
 endfacet
 facet normal  2.469076e-01 -9.652901e-01  8.515644e-02
   outer loop
     vertex  5.592311e+00 -1.834139e+01  2.250000e+01
     vertex  3.901269e+00 -1.877394e+01  2.250000e+01
     vertex  5.704595e+00 -1.870966e+01  1.800000e+01
   endloop
 endfacet
 facet normal -2.027170e-01 -9.755277e-01  8.515644e-02
   outer loop
     vertex -2.920552e+00 -1.817180e+01  3.150000e+01
     vertex -4.560902e+00 -1.783093e+01  3.150000e+01
     vertex -2.981645e+00 -1.855192e+01  2.700000e+01
   endloop
 endfacet
 facet normal  8.268708e-01 -5.559074e-01  8.515644e-02
   outer loop
     vertex  1.737035e+01 -1.056314e+01  9.000000e+00
     vertex  1.664722e+01 -1.232807e+01  4.500000e+00
     vertex  1.769930e+01 -1.076318e+01  4.500000e+00
   endloop
 endfacet
 facet normal  8.268708e-01 -5.559074e-01  8.515644e-02
   outer loop
     vertex  1.737035e+01 -1.056314e+01  9.000000e+00
     vertex  1.633782e+01 -1.209895e+01  9.000000e+00
     vertex  1.664722e+01 -1.232807e+01  4.500000e+00
   endloop
 endfacet
 facet normal  8.739963e-01 -4.784128e-01  8.515644e-02
   outer loop
     vertex  1.737035e+01 -1.056314e+01  9.000000e+00
     vertex  1.769930e+01 -1.076318e+01  4.500000e+00
     vertex  1.860472e+01 -9.109105e+00  4.500000e+00
   endloop
 endfacet
 facet normal -6.016585e-01 -7.942995e-01  8.423391e-02
   outer loop
     vertex -1.016976e+01 -1.440726e+01  4.050000e+01
     vertex -1.006958e+01 -1.400593e+01  4.500000e+01
     vertex -1.075520e+01 -1.348659e+01  4.500000e+01
   endloop
 endfacet
 facet normal -5.612374e-01 -8.231841e-01  8.591013e-02
   outer loop
     vertex -1.016976e+01 -1.440726e+01  4.050000e+01
     vertex -9.358923e+00 -1.449045e+01  4.500000e+01
     vertex -1.006958e+01 -1.400593e+01  4.500000e+01
   endloop
 endfacet
 facet normal -6.110391e-01 -7.870067e-01  8.515644e-02
   outer loop
     vertex -1.016976e+01 -1.440726e+01  4.050000e+01
     vertex -1.143775e+01 -1.342279e+01  4.050000e+01
     vertex -1.039178e+01 -1.472180e+01  3.600000e+01
   endloop
 endfacet
 facet normal -6.112243e-01 -7.872452e-01  8.154616e-02
   outer loop
     vertex -1.016976e+01 -1.440726e+01  4.050000e+01
     vertex -1.075520e+01 -1.348659e+01  4.500000e+01
     vertex -1.143775e+01 -1.342279e+01  4.050000e+01
   endloop
 endfacet
 facet normal  4.981838e-01 -8.628796e-01  8.515644e-02
   outer loop
     vertex  1.054086e+01 -1.647677e+01  1.800000e+01
     vertex  9.175997e+00 -1.770887e+01  1.350000e+01
     vertex  1.074833e+01 -1.680108e+01  1.350000e+01
   endloop
 endfacet
 facet normal  4.981838e-01 -8.628796e-01  8.515644e-02
   outer loop
     vertex  1.054086e+01 -1.647677e+01  1.800000e+01
     vertex  8.998872e+00 -1.736703e+01  1.800000e+01
     vertex  9.175997e+00 -1.770887e+01  1.350000e+01
   endloop
 endfacet
 facet normal  6.799453e-02 -9.940448e-01  8.515644e-02
   outer loop
     vertex  2.134172e+00 -1.866841e+01  2.700000e+01
     vertex  4.364843e-01 -1.917003e+01  2.250000e+01
     vertex  2.177900e+00 -1.905092e+01  2.250000e+01
   endloop
 endfacet
 facet normal  6.799453e-02 -9.940448e-01  8.515644e-02
   outer loop
     vertex  2.134172e+00 -1.866841e+01  2.700000e+01
     vertex  4.277205e-01 -1.878513e+01  2.700000e+01
     vertex  4.364843e-01 -1.917003e+01  2.250000e+01
   endloop
 endfacet
 facet normal  9.592379e-01 -2.698877e-01  8.380502e-02
   outer loop
     vertex  1.994683e+01 -5.588840e+00  4.500000e+00
     vertex  2.016259e+01 -6.219334e+00  0.000000e+00
     vertex  2.044753e+01 -5.206581e+00  0.000000e+00
   endloop
 endfacet
 facet normal  9.458646e-01 -3.120983e-01  8.907795e-02
   outer loop
     vertex  1.994683e+01 -5.588840e+00  4.500000e+00
     vertex  1.935597e+01 -7.379547e+00  4.500000e+00
     vertex  2.016259e+01 -6.219334e+00  0.000000e+00
   endloop
 endfacet
 facet normal -3.760483e-01 -9.226788e-01  8.515644e-02
   outer loop
     vertex -6.034531e+00 -1.697954e+01  3.600000e+01
     vertex -7.553561e+00 -1.636044e+01  3.600000e+01
     vertex -6.163459e+00 -1.734231e+01  3.150000e+01
   endloop
 endfacet
 facet normal  7.125119e-01 -6.964733e-01  8.515644e-02
   outer loop
     vertex  1.488263e+01 -1.327819e+01  1.350000e+01
     vertex  1.387631e+01 -1.485790e+01  9.000000e+00
     vertex  1.516991e+01 -1.353450e+01  9.000000e+00
   endloop
 endfacet
 facet normal  7.125119e-01 -6.964733e-01  8.515644e-02
   outer loop
     vertex  1.488263e+01 -1.327819e+01  1.350000e+01
     vertex  1.361352e+01 -1.457652e+01  1.350000e+01
     vertex  1.387631e+01 -1.485790e+01  9.000000e+00
   endloop
 endfacet
 facet normal  3.336632e-01 -9.388382e-01  8.515644e-02
   outer loop
     vertex  7.237013e+00 -1.775687e+01  2.250000e+01
     vertex  5.704595e+00 -1.870966e+01  1.800000e+01
     vertex  7.382319e+00 -1.811339e+01  1.800000e+01
   endloop
 endfacet
 facet normal  3.336632e-01 -9.388382e-01  8.515644e-02
   outer loop
     vertex  7.237013e+00 -1.775687e+01  2.250000e+01
     vertex  5.592311e+00 -1.834139e+01  2.250000e+01
     vertex  5.704595e+00 -1.870966e+01  1.800000e+01
   endloop
 endfacet
 facet normal -1.131676e-01 -9.899199e-01  8.515644e-02
   outer loop
     vertex -1.256002e+00 -1.836209e+01  3.150000e+01
     vertex -2.981645e+00 -1.855192e+01  2.700000e+01
     vertex -1.282275e+00 -1.874620e+01  2.700000e+01
   endloop
 endfacet
 facet normal -1.131676e-01 -9.899199e-01  8.515644e-02
   outer loop
     vertex -1.256002e+00 -1.836209e+01  3.150000e+01
     vertex -2.920552e+00 -1.817180e+01  3.150000e+01
     vertex -2.981645e+00 -1.855192e+01  2.700000e+01
   endloop
 endfacet
 facet normal  9.138796e-01 -3.969539e-01  8.515644e-02
   outer loop
     vertex  1.825894e+01 -8.939807e+00  9.000000e+00
     vertex  1.860472e+01 -9.109105e+00  4.500000e+00
     vertex  1.935597e+01 -7.379547e+00  4.500000e+00
   endloop
 endfacet
 facet normal  8.739963e-01 -4.784128e-01  8.515644e-02
   outer loop
     vertex  1.825894e+01 -8.939807e+00  9.000000e+00
     vertex  1.737035e+01 -1.056314e+01  9.000000e+00
     vertex  1.860472e+01 -9.109105e+00  4.500000e+00
   endloop
 endfacet
 facet normal -5.369411e-01 -8.393108e-01  8.515644e-02
   outer loop
     vertex -8.817500e+00 -1.527236e+01  4.050000e+01
     vertex -1.016976e+01 -1.440726e+01  4.050000e+01
     vertex -1.039178e+01 -1.472180e+01  3.600000e+01
   endloop
 endfacet
 facet normal -5.371164e-01 -8.395848e-01  8.126072e-02
   outer loop
     vertex -8.817500e+00 -1.527236e+01  4.050000e+01
     vertex -9.358923e+00 -1.449045e+01  4.500000e+01
     vertex -1.016976e+01 -1.440726e+01  4.050000e+01
   endloop
 endfacet
 facet normal -5.195384e-01 -8.501869e-01  8.521784e-02
   outer loop
     vertex -8.817500e+00 -1.527236e+01  4.050000e+01
     vertex -8.625000e+00 -1.493894e+01  4.500000e+01
     vertex -9.358923e+00 -1.449045e+01  4.500000e+01
   endloop
 endfacet
 facet normal -4.765143e-01 -8.750269e-01  8.521784e-02
   outer loop
     vertex -8.817500e+00 -1.527236e+01  4.050000e+01
     vertex -7.869634e+00 -1.535029e+01  4.500000e+01
     vertex -8.625000e+00 -1.493894e+01  4.500000e+01
   endloop
 endfacet
 facet normal -5.369411e-01 -8.393108e-01  8.515644e-02
   outer loop
     vertex -8.817500e+00 -1.527236e+01  4.050000e+01
     vertex -1.039178e+01 -1.472180e+01  3.600000e+01
     vertex -9.010000e+00 -1.560578e+01  3.600000e+01
   endloop
 endfacet
 facet normal  6.462262e-01 -7.583799e-01  8.515644e-02
   outer loop
     vertex  1.199550e+01 -1.544997e+01  1.800000e+01
     vertex  1.223161e+01 -1.575407e+01  1.350000e+01
     vertex  1.361352e+01 -1.457652e+01  1.350000e+01
   endloop
 endfacet
 facet normal  5.745856e-01 -8.140023e-01  8.515644e-02
   outer loop
     vertex  1.199550e+01 -1.544997e+01  1.800000e+01
     vertex  1.074833e+01 -1.680108e+01  1.350000e+01
     vertex  1.223161e+01 -1.575407e+01  1.350000e+01
   endloop
 endfacet
 facet normal  5.745856e-01 -8.140023e-01  8.515644e-02
   outer loop
     vertex  1.199550e+01 -1.544997e+01  1.800000e+01
     vertex  1.054086e+01 -1.647677e+01  1.800000e+01
     vertex  1.074833e+01 -1.680108e+01  1.350000e+01
   endloop
 endfacet
 facet normal  1.581061e-01 -9.837433e-01  8.515644e-02
   outer loop
     vertex  3.822938e+00 -1.839699e+01  2.700000e+01
     vertex  2.177900e+00 -1.905092e+01  2.250000e+01
     vertex  3.901269e+00 -1.877394e+01  2.250000e+01
   endloop
 endfacet
 facet normal  1.581061e-01 -9.837433e-01  8.515644e-02
   outer loop
     vertex  3.822938e+00 -1.839699e+01  2.700000e+01
     vertex  2.134172e+00 -1.866841e+01  2.700000e+01
     vertex  2.177900e+00 -1.905092e+01  2.250000e+01
   endloop
 endfacet
 facet normal  2.469076e-01 -9.652901e-01  8.515644e-02
   outer loop
     vertex  3.822938e+00 -1.839699e+01  2.700000e+01
     vertex  3.901269e+00 -1.877394e+01  2.250000e+01
     vertex  5.592311e+00 -1.834139e+01  2.250000e+01
   endloop
 endfacet
 facet normal  9.703443e-01 -2.247974e-01  8.887105e-02
   outer loop
     vertex  2.037241e+01 -3.751822e+00  4.500000e+00
     vertex  1.994683e+01 -5.588840e+00  4.500000e+00
     vertex  2.044753e+01 -5.206581e+00  0.000000e+00
   endloop
 endfacet
 facet normal  9.711568e-01 -2.216602e-01  8.787044e-02
   outer loop
     vertex  2.037241e+01 -3.751822e+00  4.500000e+00
     vertex  2.044753e+01 -5.206581e+00  0.000000e+00
     vertex  2.068164e+01 -4.180884e+00  0.000000e+00
   endloop
 endfacet
 facet normal  9.813327e-01 -1.730354e-01  8.393348e-02
   outer loop
     vertex  2.037241e+01 -3.751822e+00  4.500000e+00
     vertex  2.068164e+01 -4.180884e+00  0.000000e+00
     vertex  2.086433e+01 -3.144792e+00  0.000000e+00
   endloop
 endfacet
 facet normal -2.905866e-01 -9.530519e-01  8.515644e-02
   outer loop
     vertex -4.465496e+00 -1.745794e+01  3.600000e+01
     vertex -6.034531e+00 -1.697954e+01  3.600000e+01
     vertex -6.163459e+00 -1.734231e+01  3.150000e+01
   endloop
 endfacet
 facet normal -2.905866e-01 -9.530519e-01  8.515644e-02
   outer loop
     vertex -4.465496e+00 -1.745794e+01  3.600000e+01
     vertex -6.163459e+00 -1.734231e+01  3.150000e+01
     vertex -4.560902e+00 -1.783093e+01  3.150000e+01
   endloop
 endfacet
 facet normal  7.728936e-01 -6.287956e-01  8.515644e-02
   outer loop
     vertex  1.602842e+01 -1.186982e+01  1.350000e+01
     vertex  1.488263e+01 -1.327819e+01  1.350000e+01
     vertex  1.516991e+01 -1.353450e+01  9.000000e+00
   endloop
 endfacet
 facet normal  7.728936e-01 -6.287956e-01  8.515644e-02
   outer loop
     vertex  1.602842e+01 -1.186982e+01  1.350000e+01
     vertex  1.516991e+01 -1.353450e+01  9.000000e+00
     vertex  1.633782e+01 -1.209895e+01  9.000000e+00
   endloop
 endfacet
 facet normal  4.981838e-01 -8.628796e-01  8.515644e-02
   outer loop
     vertex  8.821747e+00 -1.702520e+01  2.250000e+01
     vertex  8.998872e+00 -1.736703e+01  1.800000e+01
     vertex  1.054086e+01 -1.647677e+01  1.800000e+01
   endloop
 endfacet
 facet normal  4.176539e-01 -9.046069e-01  8.515644e-02
   outer loop
     vertex  8.821747e+00 -1.702520e+01  2.250000e+01
     vertex  7.237013e+00 -1.775687e+01  2.250000e+01
     vertex  7.382319e+00 -1.811339e+01  1.800000e+01
   endloop
 endfacet
 facet normal  4.176539e-01 -9.046069e-01  8.515644e-02
   outer loop
     vertex  8.821747e+00 -1.702520e+01  2.250000e+01
     vertex  7.382319e+00 -1.811339e+01  1.800000e+01
     vertex  8.998872e+00 -1.736703e+01  1.800000e+01
   endloop
 endfacet
 facet normal -2.268051e-02 -9.961094e-01  8.515644e-02
   outer loop
     vertex  4.189567e-01 -1.840023e+01  3.150000e+01
     vertex -1.282275e+00 -1.874620e+01  2.700000e+01
     vertex  4.277205e-01 -1.878513e+01  2.700000e+01
   endloop
 endfacet
 facet normal  6.799453e-02 -9.940448e-01  8.515644e-02
   outer loop
     vertex  4.189567e-01 -1.840023e+01  3.150000e+01
     vertex  4.277205e-01 -1.878513e+01  2.700000e+01
     vertex  2.134172e+00 -1.866841e+01  2.700000e+01
   endloop
 endfacet
 facet normal -2.268051e-02 -9.961094e-01  8.515644e-02
   outer loop
     vertex  4.189567e-01 -1.840023e+01  3.150000e+01
     vertex -1.256002e+00 -1.836209e+01  3.150000e+01
     vertex -1.282275e+00 -1.874620e+01  2.700000e+01
   endloop
 endfacet
 facet normal  9.138796e-01 -3.969539e-01  8.515644e-02
   outer loop
     vertex  1.899623e+01 -7.242394e+00  9.000000e+00
     vertex  1.825894e+01 -8.939807e+00  9.000000e+00
     vertex  1.935597e+01 -7.379547e+00  4.500000e+00
   endloop
 endfacet
 facet normal -4.322796e-01 -8.976379e-01  8.591013e-02
   outer loop
     vertex -7.392178e+00 -1.601090e+01  4.050000e+01
     vertex -7.094703e+00 -1.572348e+01  4.500000e+01
     vertex -7.869634e+00 -1.535029e+01  4.500000e+01
   endloop
 endfacet
 facet normal -3.870543e-01 -9.182013e-01  8.423391e-02
   outer loop
     vertex -7.392178e+00 -1.601090e+01  4.050000e+01
     vertex -6.302133e+00 -1.605757e+01  4.500000e+01
     vertex -7.094703e+00 -1.572348e+01  4.500000e+01
   endloop
 endfacet
 facet normal -4.583939e-01 -8.846601e-01  8.515644e-02
   outer loop
     vertex -7.392178e+00 -1.601090e+01  4.050000e+01
     vertex -8.817500e+00 -1.527236e+01  4.050000e+01
     vertex -9.010000e+00 -1.560578e+01  3.600000e+01
   endloop
 endfacet
 facet normal -4.583939e-01 -8.846601e-01  8.515644e-02
   outer loop
     vertex -7.392178e+00 -1.601090e+01  4.050000e+01
     vertex -9.010000e+00 -1.560578e+01  3.600000e+01
     vertex -7.553561e+00 -1.636044e+01  3.600000e+01
   endloop
 endfacet
 facet normal -3.760483e-01 -9.226788e-01  8.515644e-02
   outer loop
     vertex -7.392178e+00 -1.601090e+01  4.050000e+01
     vertex -7.553561e+00 -1.636044e+01  3.600000e+01
     vertex -6.034531e+00 -1.697954e+01  3.600000e+01
   endloop
 endfacet
 facet normal -4.585435e-01 -8.849489e-01  8.126072e-02
   outer loop
     vertex -7.392178e+00 -1.601090e+01  4.050000e+01
     vertex -7.869634e+00 -1.535029e+01  4.500000e+01
     vertex -8.817500e+00 -1.527236e+01  4.050000e+01
   endloop
 endfacet
 facet normal  6.462262e-01 -7.583799e-01  8.515644e-02
   outer loop
     vertex  1.335074e+01 -1.429515e+01  1.800000e+01
     vertex  1.199550e+01 -1.544997e+01  1.800000e+01
     vertex  1.361352e+01 -1.457652e+01  1.350000e+01
   endloop
 endfacet
 facet normal  2.469076e-01 -9.652901e-01  8.515644e-02
   outer loop
     vertex  5.480027e+00 -1.797313e+01  2.700000e+01
     vertex  3.822938e+00 -1.839699e+01  2.700000e+01
     vertex  5.592311e+00 -1.834139e+01  2.250000e+01
   endloop
 endfacet
 facet normal  9.949172e-01 -4.533023e-02  8.991633e-02
   outer loop
     vertex  2.062917e+01 -1.883716e+00  4.500000e+00
     vertex  2.107377e+01 -1.051748e+00  0.000000e+00
     vertex  2.071500e+01  0.000000e+00  4.500000e+00
   endloop
 endfacet
 facet normal  9.867041e-01 -1.356194e-01  8.956793e-02
   outer loop
     vertex  2.062917e+01 -1.883716e+00  4.500000e+00
     vertex  2.037241e+01 -3.751822e+00  4.500000e+00
     vertex  2.086433e+01 -3.144792e+00  0.000000e+00
   endloop
 endfacet
 facet normal  9.885311e-01 -1.238790e-01  8.637329e-02
   outer loop
     vertex  2.062917e+01 -1.883716e+00  4.500000e+00
     vertex  2.086433e+01 -3.144792e+00  0.000000e+00
     vertex  2.099515e+01 -2.100882e+00  0.000000e+00
   endloop
 endfacet
 facet normal  9.936454e-01 -7.446342e-02  8.440448e-02
   outer loop
     vertex  2.062917e+01 -1.883716e+00  4.500000e+00
     vertex  2.099515e+01 -2.100882e+00  0.000000e+00
     vertex  2.107377e+01 -1.051748e+00  0.000000e+00
   endloop
 endfacet
 facet normal -2.027170e-01 -9.755277e-01  8.515644e-02
   outer loop
     vertex -2.859459e+00 -1.779168e+01  3.600000e+01
     vertex -4.465496e+00 -1.745794e+01  3.600000e+01
     vertex -4.560902e+00 -1.783093e+01  3.150000e+01
   endloop
 endfacet
 facet normal -2.027170e-01 -9.755277e-01  8.515644e-02
   outer loop
     vertex -2.859459e+00 -1.779168e+01  3.600000e+01
     vertex -4.560902e+00 -1.783093e+01  3.150000e+01
     vertex -2.920552e+00 -1.817180e+01  3.150000e+01
   endloop
 endfacet
 facet normal  8.268708e-01 -5.559074e-01  8.515644e-02
   outer loop
     vertex  1.704140e+01 -1.036310e+01  1.350000e+01
     vertex  1.602842e+01 -1.186982e+01  1.350000e+01
     vertex  1.633782e+01 -1.209895e+01  9.000000e+00
   endloop
 endfacet
 facet normal  8.268708e-01 -5.559074e-01  8.515644e-02
   outer loop
     vertex  1.704140e+01 -1.036310e+01  1.350000e+01
     vertex  1.633782e+01 -1.209895e+01  9.000000e+00
     vertex  1.737035e+01 -1.056314e+01  9.000000e+00
   endloop
 endfacet
 facet normal  4.981838e-01 -8.628796e-01  8.515644e-02
   outer loop
     vertex  1.033338e+01 -1.615246e+01  2.250000e+01
     vertex  8.821747e+00 -1.702520e+01  2.250000e+01
     vertex  1.054086e+01 -1.647677e+01  1.800000e+01
   endloop
 endfacet
 facet normal  6.799453e-02 -9.940448e-01  8.515644e-02
   outer loop
     vertex  2.090443e+00 -1.828590e+01  3.150000e+01
     vertex  4.189567e-01 -1.840023e+01  3.150000e+01
     vertex  2.134172e+00 -1.866841e+01  2.700000e+01
   endloop
 endfacet
 facet normal  9.706604e-01 -2.248706e-01  8.515644e-02
   outer loop
     vertex  1.957611e+01 -5.484968e+00  9.000000e+00
     vertex  1.994683e+01 -5.588840e+00  4.500000e+00
     vertex  2.037241e+01 -3.751822e+00  4.500000e+00
   endloop
 endfacet
 facet normal  9.461902e-01 -3.122058e-01  8.515644e-02
   outer loop
     vertex  1.957611e+01 -5.484968e+00  9.000000e+00
     vertex  1.935597e+01 -7.379547e+00  4.500000e+00
     vertex  1.994683e+01 -5.588840e+00  4.500000e+00
   endloop
 endfacet
 facet normal  9.461902e-01 -3.122058e-01  8.515644e-02
   outer loop
     vertex  1.957611e+01 -5.484968e+00  9.000000e+00
     vertex  1.899623e+01 -7.242394e+00  9.000000e+00
     vertex  1.935597e+01 -7.379547e+00  4.500000e+00
   endloop
 endfacet
 facet normal -3.407438e-01 -9.361859e-01  8.631090e-02
   outer loop
     vertex -5.905602e+00 -1.661677e+01  4.050000e+01
     vertex -5.493895e+00 -1.635175e+01  4.500000e+01
     vertex -6.302133e+00 -1.605757e+01  4.500000e+01
   endloop
 endfacet
 facet normal -2.937392e-01 -9.522790e-01  8.295821e-02
   outer loop
     vertex -5.905602e+00 -1.661677e+01  4.050000e+01
     vertex -4.671998e+00 -1.660527e+01  4.500000e+01
     vertex -5.493895e+00 -1.635175e+01  4.500000e+01
   endloop
 endfacet
 facet normal -3.760483e-01 -9.226788e-01  8.515644e-02
   outer loop
     vertex -5.905602e+00 -1.661677e+01  4.050000e+01
     vertex -7.392178e+00 -1.601090e+01  4.050000e+01
     vertex -6.034531e+00 -1.697954e+01  3.600000e+01
   endloop
 endfacet
 facet normal -3.761622e-01 -9.229584e-01  8.154616e-02
   outer loop
     vertex -5.905602e+00 -1.661677e+01  4.050000e+01
     vertex -6.302133e+00 -1.605757e+01  4.500000e+01
     vertex -7.392178e+00 -1.601090e+01  4.050000e+01
   endloop
 endfacet
 facet normal  7.125119e-01 -6.964733e-01  8.515644e-02
   outer loop
     vertex  1.459535e+01 -1.302188e+01  1.800000e+01
     vertex  1.361352e+01 -1.457652e+01  1.350000e+01
     vertex  1.488263e+01 -1.327819e+01  1.350000e+01
   endloop
 endfacet
 facet normal  7.125119e-01 -6.964733e-01  8.515644e-02
   outer loop
     vertex  1.459535e+01 -1.302188e+01  1.800000e+01
     vertex  1.335074e+01 -1.429515e+01  1.800000e+01
     vertex  1.361352e+01 -1.457652e+01  1.350000e+01
   endloop
 endfacet
 facet normal  3.336632e-01 -9.388382e-01  8.515644e-02
   outer loop
     vertex  7.091707e+00 -1.740034e+01  2.700000e+01
     vertex  5.592311e+00 -1.834139e+01  2.250000e+01
     vertex  7.237013e+00 -1.775687e+01  2.250000e+01
   endloop
 endfacet
 facet normal  3.336632e-01 -9.388382e-01  8.515644e-02
   outer loop
     vertex  7.091707e+00 -1.740034e+01  2.700000e+01
     vertex  5.480027e+00 -1.797313e+01  2.700000e+01
     vertex  5.592311e+00 -1.834139e+01  2.250000e+01
   endloop
 endfacet
 facet normal -2.268051e-02 -9.961094e-01  8.515644e-02
   outer loop
     vertex -1.229728e+00 -1.797799e+01  3.600000e+01
     vertex -1.256002e+00 -1.836209e+01  3.150000e+01
     vertex  4.189567e-01 -1.840023e+01  3.150000e+01
   endloop
 endfacet
 facet normal -1.131676e-01 -9.899199e-01  8.515644e-02
   outer loop
     vertex -1.229728e+00 -1.797799e+01  3.600000e+01
     vertex -2.859459e+00 -1.779168e+01  3.600000e+01
     vertex -2.920552e+00 -1.817180e+01  3.150000e+01
   endloop
 endfacet
 facet normal -1.131676e-01 -9.899199e-01  8.515644e-02
   outer loop
     vertex -1.229728e+00 -1.797799e+01  3.600000e+01
     vertex -2.920552e+00 -1.817180e+01  3.150000e+01
     vertex -1.256002e+00 -1.836209e+01  3.150000e+01
   endloop
 endfacet
 facet normal  8.739963e-01 -4.784128e-01  8.515644e-02
   outer loop
     vertex  1.791316e+01 -8.770509e+00  1.350000e+01
     vertex  1.737035e+01 -1.056314e+01  9.000000e+00
     vertex  1.825894e+01 -8.939807e+00  9.000000e+00
   endloop
 endfacet
 facet normal  8.739963e-01 -4.784128e-01  8.515644e-02
   outer loop
     vertex  1.791316e+01 -8.770509e+00  1.350000e+01
     vertex  1.704140e+01 -1.036310e+01  1.350000e+01
     vertex  1.737035e+01 -1.056314e+01  9.000000e+00
   endloop
 endfacet
 facet normal  5.745856e-01 -8.140023e-01  8.515644e-02
   outer loop
     vertex  1.175939e+01 -1.514587e+01  2.250000e+01
     vertex  1.054086e+01 -1.647677e+01  1.800000e+01
     vertex  1.199550e+01 -1.544997e+01  1.800000e+01
   endloop
 endfacet
 facet normal  6.462262e-01 -7.583799e-01  8.515644e-02
   outer loop
     vertex  1.175939e+01 -1.514587e+01  2.250000e+01
     vertex  1.199550e+01 -1.544997e+01  1.800000e+01
     vertex  1.335074e+01 -1.429515e+01  1.800000e+01
   endloop
 endfacet
 facet normal  5.745856e-01 -8.140023e-01  8.515644e-02
   outer loop
     vertex  1.175939e+01 -1.514587e+01  2.250000e+01
     vertex  1.033338e+01 -1.615246e+01  2.250000e+01
     vertex  1.054086e+01 -1.647677e+01  1.800000e+01
   endloop
 endfacet
 facet normal  1.581061e-01 -9.837433e-01  8.515644e-02
   outer loop
     vertex  3.744608e+00 -1.802004e+01  3.150000e+01
     vertex  2.090443e+00 -1.828590e+01  3.150000e+01
     vertex  2.134172e+00 -1.866841e+01  2.700000e+01
   endloop
 endfacet
 facet normal  1.581061e-01 -9.837433e-01  8.515644e-02
   outer loop
     vertex  3.744608e+00 -1.802004e+01  3.150000e+01
     vertex  2.134172e+00 -1.866841e+01  2.700000e+01
     vertex  3.822938e+00 -1.839699e+01  2.700000e+01
   endloop
 endfacet
 facet normal  2.469076e-01 -9.652901e-01  8.515644e-02
   outer loop
     vertex  3.744608e+00 -1.802004e+01  3.150000e+01
     vertex  3.822938e+00 -1.839699e+01  2.700000e+01
     vertex  5.480027e+00 -1.797313e+01  2.700000e+01
   endloop
 endfacet
 facet normal  9.706604e-01 -2.248706e-01  8.515644e-02
   outer loop
     vertex  1.999378e+01 -3.682093e+00  9.000000e+00
     vertex  1.957611e+01 -5.484968e+00  9.000000e+00
     vertex  2.037241e+01 -3.751822e+00  4.500000e+00
   endloop
 endfacet
 facet normal -2.458342e-01 -9.654518e-01  8.642019e-02
   outer loop
     vertex -4.370090e+00 -1.708495e+01  4.050000e+01
     vertex -3.838486e+00 -1.681751e+01  4.500000e+01
     vertex -4.671998e+00 -1.660527e+01  4.500000e+01
   endloop
 endfacet
 facet normal -2.905866e-01 -9.530519e-01  8.515644e-02
   outer loop
     vertex -4.370090e+00 -1.708495e+01  4.050000e+01
     vertex -6.034531e+00 -1.697954e+01  3.600000e+01
     vertex -4.465496e+00 -1.745794e+01  3.600000e+01
   endloop
 endfacet
 facet normal -2.906610e-01 -9.532959e-01  8.211697e-02
   outer loop
     vertex -4.370090e+00 -1.708495e+01  4.050000e+01
     vertex -4.671998e+00 -1.660527e+01  4.500000e+01
     vertex -5.905602e+00 -1.661677e+01  4.050000e+01
   endloop
 endfacet
 facet normal -2.027170e-01 -9.755277e-01  8.515644e-02
   outer loop
     vertex -4.370090e+00 -1.708495e+01  4.050000e+01
     vertex -4.465496e+00 -1.745794e+01  3.600000e+01
     vertex -2.859459e+00 -1.779168e+01  3.600000e+01
   endloop
 endfacet
 facet normal -2.905866e-01 -9.530519e-01  8.515644e-02
   outer loop
     vertex -4.370090e+00 -1.708495e+01  4.050000e+01
     vertex -5.905602e+00 -1.661677e+01  4.050000e+01
     vertex -6.034531e+00 -1.697954e+01  3.600000e+01
   endloop
 endfacet
 facet normal  7.728936e-01 -6.287956e-01  8.515644e-02
   outer loop
     vertex  1.571902e+01 -1.164070e+01  1.800000e+01
     vertex  1.488263e+01 -1.327819e+01  1.350000e+01
     vertex  1.602842e+01 -1.186982e+01  1.350000e+01
   endloop
 endfacet
 facet normal  7.728936e-01 -6.287956e-01  8.515644e-02
   outer loop
     vertex  1.571902e+01 -1.164070e+01  1.800000e+01
     vertex  1.459535e+01 -1.302188e+01  1.800000e+01
     vertex  1.488263e+01 -1.327819e+01  1.350000e+01
   endloop
 endfacet
 facet normal  8.268708e-01 -5.559074e-01  8.515644e-02
   outer loop
     vertex  1.571902e+01 -1.164070e+01  1.800000e+01
     vertex  1.602842e+01 -1.186982e+01  1.350000e+01
     vertex  1.704140e+01 -1.036310e+01  1.350000e+01
   endloop
 endfacet
 facet normal  4.176539e-01 -9.046069e-01  8.515644e-02
   outer loop
     vertex  8.644622e+00 -1.668336e+01  2.700000e+01
     vertex  7.237013e+00 -1.775687e+01  2.250000e+01
     vertex  8.821747e+00 -1.702520e+01  2.250000e+01
   endloop
 endfacet
 facet normal  4.176539e-01 -9.046069e-01  8.515644e-02
   outer loop
     vertex  8.644622e+00 -1.668336e+01  2.700000e+01
     vertex  7.091707e+00 -1.740034e+01  2.700000e+01
     vertex  7.237013e+00 -1.775687e+01  2.250000e+01
   endloop
 endfacet
 facet normal -2.268051e-02 -9.961094e-01  8.515644e-02
   outer loop
     vertex  4.101928e-01 -1.801533e+01  3.600000e+01
     vertex -1.229728e+00 -1.797799e+01  3.600000e+01
     vertex  4.189567e-01 -1.840023e+01  3.150000e+01
   endloop
 endfacet
 facet normal  9.138796e-01 -3.969539e-01  8.515644e-02
   outer loop
     vertex  1.863649e+01 -7.105241e+00  1.350000e+01
     vertex  1.825894e+01 -8.939807e+00  9.000000e+00
     vertex  1.899623e+01 -7.242394e+00  9.000000e+00
   endloop
 endfacet
 facet normal  9.138796e-01 -3.969539e-01  8.515644e-02
   outer loop
     vertex  1.863649e+01 -7.105241e+00  1.350000e+01
     vertex  1.791316e+01 -8.770509e+00  1.350000e+01
     vertex  1.825894e+01 -8.939807e+00  9.000000e+00
   endloop
 endfacet
 facet normal  6.462262e-01 -7.583799e-01  8.515644e-02
   outer loop
     vertex  1.308796e+01 -1.401378e+01  2.250000e+01
     vertex  1.175939e+01 -1.514587e+01  2.250000e+01
     vertex  1.335074e+01 -1.429515e+01  1.800000e+01
   endloop
 endfacet
 facet normal  2.469076e-01 -9.652901e-01  8.515644e-02
   outer loop
     vertex  5.367744e+00 -1.760487e+01  3.150000e+01
     vertex  3.744608e+00 -1.802004e+01  3.150000e+01
     vertex  5.480027e+00 -1.797313e+01  2.700000e+01
   endloop
 endfacet
 facet normal  9.870874e-01 -1.356720e-01  8.515644e-02
   outer loop
     vertex  2.024577e+01 -1.848706e+00  9.000000e+00
     vertex  1.999378e+01 -3.682093e+00  9.000000e+00
     vertex  2.037241e+01 -3.751822e+00  4.500000e+00
   endloop
 endfacet
 facet normal  9.953350e-01 -4.534927e-02  8.515644e-02
   outer loop
     vertex  2.024577e+01 -1.848706e+00  9.000000e+00
     vertex  2.062917e+01 -1.883716e+00  4.500000e+00
     vertex  2.071500e+01  0.000000e+00  4.500000e+00
   endloop
 endfacet
 facet normal  9.953350e-01 -4.534927e-02  8.515644e-02
   outer loop
     vertex  2.024577e+01 -1.848706e+00  9.000000e+00
     vertex  2.071500e+01  0.000000e+00  4.500000e+00
     vertex  2.033000e+01  0.000000e+00  9.000000e+00
   endloop
 endfacet
 facet normal  9.870874e-01 -1.356720e-01  8.515644e-02
   outer loop
     vertex  2.024577e+01 -1.848706e+00  9.000000e+00
     vertex  2.037241e+01 -3.751822e+00  4.500000e+00
     vertex  2.062917e+01 -1.883716e+00  4.500000e+00
   endloop
 endfacet
 facet normal -2.027170e-01 -9.755277e-01  8.515644e-02
   outer loop
     vertex -2.798367e+00 -1.741156e+01  4.050000e+01
     vertex -4.370090e+00 -1.708495e+01  4.050000e+01
     vertex -2.859459e+00 -1.779168e+01  3.600000e+01
   endloop
 endfacet
 facet normal -1.974574e-01 -9.767655e-01  8.330450e-02
   outer loop
     vertex -2.798367e+00 -1.741156e+01  4.050000e+01
     vertex -2.995431e+00 -1.698793e+01  4.500000e+01
     vertex -3.838486e+00 -1.681751e+01  4.500000e+01
   endloop
 endfacet
 facet normal -1.484870e-01 -9.851470e-01  8.623803e-02
   outer loop
     vertex -2.798367e+00 -1.741156e+01  4.050000e+01
     vertex -2.144929e+00 -1.711613e+01  4.500000e+01
     vertex -2.995431e+00 -1.698793e+01  4.500000e+01
   endloop
 endfacet
 facet normal -2.027717e-01 -9.757911e-01  8.194752e-02
   outer loop
     vertex -2.798367e+00 -1.741156e+01  4.050000e+01
     vertex -3.838486e+00 -1.681751e+01  4.500000e+01
     vertex -4.370090e+00 -1.708495e+01  4.050000e+01
   endloop
 endfacet
 facet normal  8.268708e-01 -5.559074e-01  8.515644e-02
   outer loop
     vertex  1.671244e+01 -1.016306e+01  1.800000e+01
     vertex  1.571902e+01 -1.164070e+01  1.800000e+01
     vertex  1.704140e+01 -1.036310e+01  1.350000e+01
   endloop
 endfacet
 facet normal  4.981838e-01 -8.628796e-01  8.515644e-02
   outer loop
     vertex  1.012591e+01 -1.582814e+01  2.700000e+01
     vertex  8.644622e+00 -1.668336e+01  2.700000e+01
     vertex  8.821747e+00 -1.702520e+01  2.250000e+01
   endloop
 endfacet
 facet normal  4.981838e-01 -8.628796e-01  8.515644e-02
   outer loop
     vertex  1.012591e+01 -1.582814e+01  2.700000e+01
     vertex  8.821747e+00 -1.702520e+01  2.250000e+01
     vertex  1.033338e+01 -1.615246e+01  2.250000e+01
   endloop
 endfacet
 facet normal  5.745856e-01 -8.140023e-01  8.515644e-02
   outer loop
     vertex  1.012591e+01 -1.582814e+01  2.700000e+01
     vertex  1.033338e+01 -1.615246e+01  2.250000e+01
     vertex  1.175939e+01 -1.514587e+01  2.250000e+01
   endloop
 endfacet
 facet normal  6.799453e-02 -9.940448e-01  8.515644e-02
   outer loop
     vertex  2.046715e+00 -1.790339e+01  3.600000e+01
     vertex  4.189567e-01 -1.840023e+01  3.150000e+01
     vertex  2.090443e+00 -1.828590e+01  3.150000e+01
   endloop
 endfacet
 facet normal  6.799453e-02 -9.940448e-01  8.515644e-02
   outer loop
     vertex  2.046715e+00 -1.790339e+01  3.600000e+01
     vertex  4.101928e-01 -1.801533e+01  3.600000e+01
     vertex  4.189567e-01 -1.840023e+01  3.150000e+01
   endloop
 endfacet
 facet normal  9.461902e-01 -3.122058e-01  8.515644e-02
   outer loop
     vertex  1.920539e+01 -5.381097e+00  1.350000e+01
     vertex  1.863649e+01 -7.105241e+00  1.350000e+01
     vertex  1.899623e+01 -7.242394e+00  9.000000e+00
   endloop
 endfacet
 facet normal  9.461902e-01 -3.122058e-01  8.515644e-02
   outer loop
     vertex  1.920539e+01 -5.381097e+00  1.350000e+01
     vertex  1.899623e+01 -7.242394e+00  9.000000e+00
     vertex  1.957611e+01 -5.484968e+00  9.000000e+00
   endloop
 endfacet
 facet normal  7.125119e-01 -6.964733e-01  8.515644e-02
   outer loop
     vertex  1.430807e+01 -1.276557e+01  2.250000e+01
     vertex  1.308796e+01 -1.401378e+01  2.250000e+01
     vertex  1.335074e+01 -1.429515e+01  1.800000e+01
   endloop
 endfacet
 facet normal  7.125119e-01 -6.964733e-01  8.515644e-02
   outer loop
     vertex  1.430807e+01 -1.276557e+01  2.250000e+01
     vertex  1.335074e+01 -1.429515e+01  1.800000e+01
     vertex  1.459535e+01 -1.302188e+01  1.800000e+01
   endloop
 endfacet
 facet normal  3.336632e-01 -9.388382e-01  8.515644e-02
   outer loop
     vertex  6.946400e+00 -1.704381e+01  3.150000e+01
     vertex  5.480027e+00 -1.797313e+01  2.700000e+01
     vertex  7.091707e+00 -1.740034e+01  2.700000e+01
   endloop
 endfacet
 facet normal  3.336632e-01 -9.388382e-01  8.515644e-02
   outer loop
     vertex  6.946400e+00 -1.704381e+01  3.150000e+01
     vertex  5.367744e+00 -1.760487e+01  3.150000e+01
     vertex  5.480027e+00 -1.797313e+01  2.700000e+01
   endloop
 endfacet
 facet normal -9.921168e-02 -9.914714e-01  8.450724e-02
   outer loop
     vertex -1.203455e+00 -1.759389e+01  4.050000e+01
     vertex -1.289094e+00 -1.720177e+01  4.500000e+01
     vertex -2.144929e+00 -1.711613e+01  4.500000e+01
   endloop
 endfacet
 facet normal -4.966223e-02 -9.950769e-01  8.576439e-02
   outer loop
     vertex -1.203455e+00 -1.759389e+01  4.050000e+01
     vertex -4.300544e-01 -1.724464e+01  4.500000e+01
     vertex -1.289094e+00 -1.720177e+01  4.500000e+01
   endloop
 endfacet
 facet normal -1.132028e-01 -9.902279e-01  8.144804e-02
   outer loop
     vertex -1.203455e+00 -1.759389e+01  4.050000e+01
     vertex -2.144929e+00 -1.711613e+01  4.500000e+01
     vertex -2.798367e+00 -1.741156e+01  4.050000e+01
   endloop
 endfacet
 facet normal -1.131676e-01 -9.899199e-01  8.515644e-02
   outer loop
     vertex -1.203455e+00 -1.759389e+01  4.050000e+01
     vertex -2.859459e+00 -1.779168e+01  3.600000e+01
     vertex -1.229728e+00 -1.797799e+01  3.600000e+01
   endloop
 endfacet
 facet normal -1.131676e-01 -9.899199e-01  8.515644e-02
   outer loop
     vertex -1.203455e+00 -1.759389e+01  4.050000e+01
     vertex -2.798367e+00 -1.741156e+01  4.050000e+01
     vertex -2.859459e+00 -1.779168e+01  3.600000e+01
   endloop
 endfacet
 facet normal  9.138796e-01 -3.969539e-01  8.515644e-02
   outer loop
     vertex  1.756738e+01 -8.601211e+00  1.800000e+01
     vertex  1.791316e+01 -8.770509e+00  1.350000e+01
     vertex  1.863649e+01 -7.105241e+00  1.350000e+01
   endloop
 endfacet
 facet normal  8.739963e-01 -4.784128e-01  8.515644e-02
   outer loop
     vertex  1.756738e+01 -8.601211e+00  1.800000e+01
     vertex  1.671244e+01 -1.016306e+01  1.800000e+01
     vertex  1.704140e+01 -1.036310e+01  1.350000e+01
   endloop
 endfacet
 facet normal  8.739963e-01 -4.784128e-01  8.515644e-02
   outer loop
     vertex  1.756738e+01 -8.601211e+00  1.800000e+01
     vertex  1.704140e+01 -1.036310e+01  1.350000e+01
     vertex  1.791316e+01 -8.770509e+00  1.350000e+01
   endloop
 endfacet
 facet normal  5.745856e-01 -8.140023e-01  8.515644e-02
   outer loop
     vertex  1.152328e+01 -1.484177e+01  2.700000e+01
     vertex  1.012591e+01 -1.582814e+01  2.700000e+01
     vertex  1.175939e+01 -1.514587e+01  2.250000e+01
   endloop
 endfacet
 facet normal  2.469076e-01 -9.652901e-01  8.515644e-02
   outer loop
     vertex  3.666277e+00 -1.764310e+01  3.600000e+01
     vertex  3.744608e+00 -1.802004e+01  3.150000e+01
     vertex  5.367744e+00 -1.760487e+01  3.150000e+01
   endloop
 endfacet
 facet normal  1.581061e-01 -9.837433e-01  8.515644e-02
   outer loop
     vertex  3.666277e+00 -1.764310e+01  3.600000e+01
     vertex  2.090443e+00 -1.828590e+01  3.150000e+01
     vertex  3.744608e+00 -1.802004e+01  3.150000e+01
   endloop
 endfacet
 facet normal  1.581061e-01 -9.837433e-01  8.515644e-02
   outer loop
     vertex  3.666277e+00 -1.764310e+01  3.600000e+01
     vertex  2.046715e+00 -1.790339e+01  3.600000e+01
     vertex  2.090443e+00 -1.828590e+01  3.150000e+01
   endloop
 endfacet
 facet normal  9.706604e-01 -2.248706e-01  8.515644e-02
   outer loop
     vertex  1.961514e+01 -3.612363e+00  1.350000e+01
     vertex  1.957611e+01 -5.484968e+00  9.000000e+00
     vertex  1.999378e+01 -3.682093e+00  9.000000e+00
   endloop
 endfacet
 facet normal  9.706604e-01 -2.248706e-01  8.515644e-02
   outer loop
     vertex  1.961514e+01 -3.612363e+00  1.350000e+01
     vertex  1.920539e+01 -5.381097e+00  1.350000e+01
     vertex  1.957611e+01 -5.484968e+00  9.000000e+00
   endloop
 endfacet
 facet normal  7.728936e-01 -6.287956e-01  8.515644e-02
   outer loop
     vertex  1.540963e+01 -1.141157e+01  2.250000e+01
     vertex  1.459535e+01 -1.302188e+01  1.800000e+01
     vertex  1.571902e+01 -1.164070e+01  1.800000e+01
   endloop
 endfacet
 facet normal  7.728936e-01 -6.287956e-01  8.515644e-02
   outer loop
     vertex  1.540963e+01 -1.141157e+01  2.250000e+01
     vertex  1.430807e+01 -1.276557e+01  2.250000e+01
     vertex  1.459535e+01 -1.302188e+01  1.800000e+01
   endloop
 endfacet
 facet normal  4.981838e-01 -8.628796e-01  8.515644e-02
   outer loop
     vertex  8.467497e+00 -1.634153e+01  3.150000e+01
     vertex  8.644622e+00 -1.668336e+01  2.700000e+01
     vertex  1.012591e+01 -1.582814e+01  2.700000e+01
   endloop
 endfacet
 facet normal  4.176539e-01 -9.046069e-01  8.515644e-02
   outer loop
     vertex  8.467497e+00 -1.634153e+01  3.150000e+01
     vertex  6.946400e+00 -1.704381e+01  3.150000e+01
     vertex  7.091707e+00 -1.740034e+01  2.700000e+01
   endloop
 endfacet
 facet normal  4.176539e-01 -9.046069e-01  8.515644e-02
   outer loop
     vertex  8.467497e+00 -1.634153e+01  3.150000e+01
     vertex  7.091707e+00 -1.740034e+01  2.700000e+01
     vertex  8.644622e+00 -1.668336e+01  2.700000e+01
   endloop
 endfacet
 facet normal  8.230886e-15 -9.963452e-01  8.541825e-02
   outer loop
     vertex  4.014290e-01 -1.763043e+01  4.050000e+01
     vertex  4.300544e-01 -1.724464e+01  4.500000e+01
     vertex -4.300544e-01 -1.724464e+01  4.500000e+01
   endloop
 endfacet
 facet normal  4.966549e-02 -9.951424e-01  8.499920e-02
   outer loop
     vertex  4.014290e-01 -1.763043e+01  4.050000e+01
     vertex  1.289094e+00 -1.720177e+01  4.500000e+01
     vertex  4.300544e-01 -1.724464e+01  4.500000e+01
   endloop
 endfacet
 facet normal -2.268797e-02 -9.964368e-01  8.123395e-02
   outer loop
     vertex  4.014290e-01 -1.763043e+01  4.050000e+01
     vertex -4.300544e-01 -1.724464e+01  4.500000e+01
     vertex -1.203455e+00 -1.759389e+01  4.050000e+01
   endloop
 endfacet
 facet normal -2.268051e-02 -9.961094e-01  8.515644e-02
   outer loop
     vertex  4.014290e-01 -1.763043e+01  4.050000e+01
     vertex -1.203455e+00 -1.759389e+01  4.050000e+01
     vertex -1.229728e+00 -1.797799e+01  3.600000e+01
   endloop
 endfacet
 facet normal -2.268051e-02 -9.961094e-01  8.515644e-02
   outer loop
     vertex  4.014290e-01 -1.763043e+01  4.050000e+01
     vertex -1.229728e+00 -1.797799e+01  3.600000e+01
     vertex  4.101928e-01 -1.801533e+01  3.600000e+01
   endloop
 endfacet
 facet normal  9.138796e-01 -3.969539e-01  8.515644e-02
   outer loop
     vertex  1.827674e+01 -6.968088e+00  1.800000e+01
     vertex  1.756738e+01 -8.601211e+00  1.800000e+01
     vertex  1.863649e+01 -7.105241e+00  1.350000e+01
   endloop
 endfacet
 facet normal  6.462262e-01 -7.583799e-01  8.515644e-02
   outer loop
     vertex  1.282517e+01 -1.373241e+01  2.700000e+01
     vertex  1.175939e+01 -1.514587e+01  2.250000e+01
     vertex  1.308796e+01 -1.401378e+01  2.250000e+01
   endloop
 endfacet
 facet normal  6.462262e-01 -7.583799e-01  8.515644e-02
   outer loop
     vertex  1.282517e+01 -1.373241e+01  2.700000e+01
     vertex  1.152328e+01 -1.484177e+01  2.700000e+01
     vertex  1.175939e+01 -1.514587e+01  2.250000e+01
   endloop
 endfacet
 facet normal  2.469076e-01 -9.652901e-01  8.515644e-02
   outer loop
     vertex  5.255460e+00 -1.723660e+01  3.600000e+01
     vertex  3.666277e+00 -1.764310e+01  3.600000e+01
     vertex  5.367744e+00 -1.760487e+01  3.150000e+01
   endloop
 endfacet
 facet normal  9.870874e-01 -1.356720e-01  8.515644e-02
   outer loop
     vertex  1.986236e+01 -1.813696e+00  1.350000e+01
     vertex  1.961514e+01 -3.612363e+00  1.350000e+01
     vertex  1.999378e+01 -3.682093e+00  9.000000e+00
   endloop
 endfacet
 facet normal  9.953350e-01 -4.534927e-02  8.515644e-02
   outer loop
     vertex  1.986236e+01 -1.813696e+00  1.350000e+01
     vertex  2.024577e+01 -1.848706e+00  9.000000e+00
     vertex  2.033000e+01  0.000000e+00  9.000000e+00
   endloop
 endfacet
 facet normal  9.953350e-01 -4.534927e-02  8.515644e-02
   outer loop
     vertex  1.986236e+01 -1.813696e+00  1.350000e+01
     vertex  2.033000e+01  0.000000e+00  9.000000e+00
     vertex  1.994500e+01  0.000000e+00  1.350000e+01
   endloop
 endfacet
 facet normal  9.870874e-01 -1.356720e-01  8.515644e-02
   outer loop
     vertex  1.986236e+01 -1.813696e+00  1.350000e+01
     vertex  1.999378e+01 -3.682093e+00  9.000000e+00
     vertex  2.024577e+01 -1.848706e+00  9.000000e+00
   endloop
 endfacet
 facet normal  8.268708e-01 -5.559074e-01  8.515644e-02
   outer loop
     vertex  1.638349e+01 -9.963022e+00  2.250000e+01
     vertex  1.540963e+01 -1.141157e+01  2.250000e+01
     vertex  1.571902e+01 -1.164070e+01  1.800000e+01
   endloop
 endfacet
 facet normal  8.268708e-01 -5.559074e-01  8.515644e-02
   outer loop
     vertex  1.638349e+01 -9.963022e+00  2.250000e+01
     vertex  1.571902e+01 -1.164070e+01  1.800000e+01
     vertex  1.671244e+01 -1.016306e+01  1.800000e+01
   endloop
 endfacet
 facet normal  4.981838e-01 -8.628796e-01  8.515644e-02
   outer loop
     vertex  9.918429e+00 -1.550383e+01  3.150000e+01
     vertex  8.467497e+00 -1.634153e+01  3.150000e+01
     vertex  1.012591e+01 -1.582814e+01  2.700000e+01
   endloop
 endfacet
 facet normal  6.799453e-02 -9.940448e-01  8.515644e-02
   outer loop
     vertex  2.002987e+00 -1.752088e+01  4.050000e+01
     vertex  4.101928e-01 -1.801533e+01  3.600000e+01
     vertex  2.046715e+00 -1.790339e+01  3.600000e+01
   endloop
 endfacet
 facet normal  9.919864e-02 -9.913411e-01  8.603765e-02
   outer loop
     vertex  2.002987e+00 -1.752088e+01  4.050000e+01
     vertex  2.144929e+00 -1.711613e+01  4.500000e+01
     vertex  1.289094e+00 -1.720177e+01  4.500000e+01
   endloop
 endfacet
 facet normal  1.485162e-01 -9.853409e-01  8.394235e-02
   outer loop
     vertex  2.002987e+00 -1.752088e+01  4.050000e+01
     vertex  2.995431e+00 -1.698793e+01  4.500000e+01
     vertex  2.144929e+00 -1.711613e+01  4.500000e+01
   endloop
 endfacet
 facet normal  6.799453e-02 -9.940448e-01  8.515644e-02
   outer loop
     vertex  2.002987e+00 -1.752088e+01  4.050000e+01
     vertex  4.014290e-01 -1.763043e+01  4.050000e+01
     vertex  4.101928e-01 -1.801533e+01  3.600000e+01
   endloop
 endfacet
 facet normal  6.801648e-02 -9.943657e-01  8.130532e-02
   outer loop
     vertex  2.002987e+00 -1.752088e+01  4.050000e+01
     vertex  1.289094e+00 -1.720177e+01  4.500000e+01
     vertex  4.014290e-01 -1.763043e+01  4.050000e+01
   endloop
 endfacet
 facet normal  9.706604e-01 -2.248706e-01  8.515644e-02
   outer loop
     vertex  1.883466e+01 -5.277225e+00  1.800000e+01
     vertex  1.920539e+01 -5.381097e+00  1.350000e+01
     vertex  1.961514e+01 -3.612363e+00  1.350000e+01
   endloop
 endfacet
 facet normal  9.461902e-01 -3.122058e-01  8.515644e-02
   outer loop
     vertex  1.883466e+01 -5.277225e+00  1.800000e+01
     vertex  1.827674e+01 -6.968088e+00  1.800000e+01
     vertex  1.863649e+01 -7.105241e+00  1.350000e+01
   endloop
 endfacet
 facet normal  9.461902e-01 -3.122058e-01  8.515644e-02
   outer loop
     vertex  1.883466e+01 -5.277225e+00  1.800000e+01
     vertex  1.863649e+01 -7.105241e+00  1.350000e+01
     vertex  1.920539e+01 -5.381097e+00  1.350000e+01
   endloop
 endfacet
 facet normal  7.125119e-01 -6.964733e-01  8.515644e-02
   outer loop
     vertex  1.402079e+01 -1.250926e+01  2.700000e+01
     vertex  1.282517e+01 -1.373241e+01  2.700000e+01
     vertex  1.308796e+01 -1.401378e+01  2.250000e+01
   endloop
 endfacet
 facet normal  7.728936e-01 -6.287956e-01  8.515644e-02
   outer loop
     vertex  1.402079e+01 -1.250926e+01  2.700000e+01
     vertex  1.430807e+01 -1.276557e+01  2.250000e+01
     vertex  1.540963e+01 -1.141157e+01  2.250000e+01
   endloop
 endfacet
 facet normal  7.125119e-01 -6.964733e-01  8.515644e-02
   outer loop
     vertex  1.402079e+01 -1.250926e+01  2.700000e+01
     vertex  1.308796e+01 -1.401378e+01  2.250000e+01
     vertex  1.430807e+01 -1.276557e+01  2.250000e+01
   endloop
 endfacet
 facet normal  3.336632e-01 -9.388382e-01  8.515644e-02
   outer loop
     vertex  6.801094e+00 -1.668729e+01  3.600000e+01
     vertex  5.255460e+00 -1.723660e+01  3.600000e+01
     vertex  5.367744e+00 -1.760487e+01  3.150000e+01
   endloop
 endfacet
 facet normal  3.336632e-01 -9.388382e-01  8.515644e-02
   outer loop
     vertex  6.801094e+00 -1.668729e+01  3.600000e+01
     vertex  5.367744e+00 -1.760487e+01  3.150000e+01
     vertex  6.946400e+00 -1.704381e+01  3.150000e+01
   endloop
 endfacet
 facet normal  8.739963e-01 -4.784128e-01  8.515644e-02
   outer loop
     vertex  1.722160e+01 -8.431913e+00  2.250000e+01
     vertex  1.671244e+01 -1.016306e+01  1.800000e+01
     vertex  1.756738e+01 -8.601211e+00  1.800000e+01
   endloop
 endfacet
 facet normal  9.138796e-01 -3.969539e-01  8.515644e-02
   outer loop
     vertex  1.722160e+01 -8.431913e+00  2.250000e+01
     vertex  1.756738e+01 -8.601211e+00  1.800000e+01
     vertex  1.827674e+01 -6.968088e+00  1.800000e+01
   endloop
 endfacet
 facet normal  8.739963e-01 -4.784128e-01  8.515644e-02
   outer loop
     vertex  1.722160e+01 -8.431913e+00  2.250000e+01
     vertex  1.638349e+01 -9.963022e+00  2.250000e+01
     vertex  1.671244e+01 -1.016306e+01  1.800000e+01
   endloop
 endfacet
 facet normal  6.462262e-01 -7.583799e-01  8.515644e-02
   outer loop
     vertex  1.128717e+01 -1.453767e+01  3.150000e+01
     vertex  1.152328e+01 -1.484177e+01  2.700000e+01
     vertex  1.282517e+01 -1.373241e+01  2.700000e+01
   endloop
 endfacet
 facet normal  5.745856e-01 -8.140023e-01  8.515644e-02
   outer loop
     vertex  1.128717e+01 -1.453767e+01  3.150000e+01
     vertex  1.012591e+01 -1.582814e+01  2.700000e+01
     vertex  1.152328e+01 -1.484177e+01  2.700000e+01
   endloop
 endfacet
 facet normal  5.745856e-01 -8.140023e-01  8.515644e-02
   outer loop
     vertex  1.128717e+01 -1.453767e+01  3.150000e+01
     vertex  9.918429e+00 -1.550383e+01  3.150000e+01
     vertex  1.012591e+01 -1.582814e+01  2.700000e+01
   endloop
 endfacet
 facet normal  1.974058e-01 -9.765101e-01  8.636554e-02
   outer loop
     vertex  3.587947e+00 -1.726615e+01  4.050000e+01
     vertex  3.838486e+00 -1.681751e+01  4.500000e+01
     vertex  2.995431e+00 -1.698793e+01  4.500000e+01
   endloop
 endfacet
 facet normal  2.459143e-01 -9.657662e-01  8.259367e-02
   outer loop
     vertex  3.587947e+00 -1.726615e+01  4.050000e+01
     vertex  4.671998e+00 -1.660527e+01  4.500000e+01
     vertex  3.838486e+00 -1.681751e+01  4.500000e+01
   endloop
 endfacet
 facet normal  1.581061e-01 -9.837433e-01  8.515644e-02
   outer loop
     vertex  3.587947e+00 -1.726615e+01  4.050000e+01
     vertex  2.046715e+00 -1.790339e+01  3.600000e+01
     vertex  3.666277e+00 -1.764310e+01  3.600000e+01
   endloop
 endfacet
 facet normal  1.581526e-01 -9.840320e-01  8.166211e-02
   outer loop
     vertex  3.587947e+00 -1.726615e+01  4.050000e+01
     vertex  2.995431e+00 -1.698793e+01  4.500000e+01
     vertex  2.002987e+00 -1.752088e+01  4.050000e+01
   endloop
 endfacet
 facet normal  1.581061e-01 -9.837433e-01  8.515644e-02
   outer loop
     vertex  3.587947e+00 -1.726615e+01  4.050000e+01
     vertex  2.002987e+00 -1.752088e+01  4.050000e+01
     vertex  2.046715e+00 -1.790339e+01  3.600000e+01
   endloop
 endfacet
 facet normal  2.469076e-01 -9.652901e-01  8.515644e-02
   outer loop
     vertex  3.587947e+00 -1.726615e+01  4.050000e+01
     vertex  3.666277e+00 -1.764310e+01  3.600000e+01
     vertex  5.255460e+00 -1.723660e+01  3.600000e+01
   endloop
 endfacet
 facet normal  9.706604e-01 -2.248706e-01  8.515644e-02
   outer loop
     vertex  1.923651e+01 -3.542633e+00  1.800000e+01
     vertex  1.883466e+01 -5.277225e+00  1.800000e+01
     vertex  1.961514e+01 -3.612363e+00  1.350000e+01
   endloop
 endfacet
 facet normal  7.728936e-01 -6.287956e-01  8.515644e-02
   outer loop
     vertex  1.510023e+01 -1.118245e+01  2.700000e+01
     vertex  1.402079e+01 -1.250926e+01  2.700000e+01
     vertex  1.540963e+01 -1.141157e+01  2.250000e+01
   endloop
 endfacet
 facet normal  4.176539e-01 -9.046069e-01  8.515644e-02
   outer loop
     vertex  8.290372e+00 -1.599969e+01  3.600000e+01
     vertex  6.946400e+00 -1.704381e+01  3.150000e+01
     vertex  8.467497e+00 -1.634153e+01  3.150000e+01
   endloop
 endfacet
 facet normal  4.176539e-01 -9.046069e-01  8.515644e-02
   outer loop
     vertex  8.290372e+00 -1.599969e+01  3.600000e+01
     vertex  6.801094e+00 -1.668729e+01  3.600000e+01
     vertex  6.946400e+00 -1.704381e+01  3.150000e+01
   endloop
 endfacet
 facet normal  9.138796e-01 -3.969539e-01  8.515644e-02
   outer loop
     vertex  1.791700e+01 -6.830935e+00  2.250000e+01
     vertex  1.722160e+01 -8.431913e+00  2.250000e+01
     vertex  1.827674e+01 -6.968088e+00  1.800000e+01
   endloop
 endfacet
 facet normal  6.462262e-01 -7.583799e-01  8.515644e-02
   outer loop
     vertex  1.256239e+01 -1.345104e+01  3.150000e+01
     vertex  1.128717e+01 -1.453767e+01  3.150000e+01
     vertex  1.282517e+01 -1.373241e+01  2.700000e+01
   endloop
 endfacet
 facet normal  2.469076e-01 -9.652901e-01  8.515644e-02
   outer loop
     vertex  5.143176e+00 -1.686834e+01  4.050000e+01
     vertex  3.587947e+00 -1.726615e+01  4.050000e+01
     vertex  5.255460e+00 -1.723660e+01  3.600000e+01
   endloop
 endfacet
 facet normal  2.936529e-01 -9.519993e-01  8.640197e-02
   outer loop
     vertex  5.143176e+00 -1.686834e+01  4.050000e+01
     vertex  5.493895e+00 -1.635175e+01  4.500000e+01
     vertex  4.671998e+00 -1.660527e+01  4.500000e+01
   endloop
 endfacet
 facet normal  2.469670e-01 -9.655223e-01  8.230424e-02
   outer loop
     vertex  5.143176e+00 -1.686834e+01  4.050000e+01
     vertex  4.671998e+00 -1.660527e+01  4.500000e+01
     vertex  3.587947e+00 -1.726615e+01  4.050000e+01
   endloop
 endfacet
 facet normal  9.870874e-01 -1.356720e-01  8.515644e-02
   outer loop
     vertex  1.947896e+01 -1.778686e+00  1.800000e+01
     vertex  1.923651e+01 -3.542633e+00  1.800000e+01
     vertex  1.961514e+01 -3.612363e+00  1.350000e+01
   endloop
 endfacet
 facet normal  9.953350e-01 -4.534927e-02  8.515644e-02
   outer loop
     vertex  1.947896e+01 -1.778686e+00  1.800000e+01
     vertex  1.994500e+01  0.000000e+00  1.350000e+01
     vertex  1.956000e+01  0.000000e+00  1.800000e+01
   endloop
 endfacet
 facet normal  9.870874e-01 -1.356720e-01  8.515644e-02
   outer loop
     vertex  1.947896e+01 -1.778686e+00  1.800000e+01
     vertex  1.961514e+01 -3.612363e+00  1.350000e+01
     vertex  1.986236e+01 -1.813696e+00  1.350000e+01
   endloop
 endfacet
 facet normal  9.953350e-01 -4.534927e-02  8.515644e-02
   outer loop
     vertex  1.947896e+01 -1.778686e+00  1.800000e+01
     vertex  1.986236e+01 -1.813696e+00  1.350000e+01
     vertex  1.994500e+01  0.000000e+00  1.350000e+01
   endloop
 endfacet
 facet normal  8.268708e-01 -5.559074e-01  8.515644e-02
   outer loop
     vertex  1.605454e+01 -9.762982e+00  2.700000e+01
     vertex  1.510023e+01 -1.118245e+01  2.700000e+01
     vertex  1.540963e+01 -1.141157e+01  2.250000e+01
   endloop
 endfacet
 facet normal  8.268708e-01 -5.559074e-01  8.515644e-02
   outer loop
     vertex  1.605454e+01 -9.762982e+00  2.700000e+01
     vertex  1.540963e+01 -1.141157e+01  2.250000e+01
     vertex  1.638349e+01 -9.963022e+00  2.250000e+01
   endloop
 endfacet
 facet normal  4.981838e-01 -8.628796e-01  8.515644e-02
   outer loop
     vertex  9.710953e+00 -1.517952e+01  3.600000e+01
     vertex  8.290372e+00 -1.599969e+01  3.600000e+01
     vertex  8.467497e+00 -1.634153e+01  3.150000e+01
   endloop
 endfacet
 facet normal  5.745856e-01 -8.140023e-01  8.515644e-02
   outer loop
     vertex  9.710953e+00 -1.517952e+01  3.600000e+01
     vertex  9.918429e+00 -1.550383e+01  3.150000e+01
     vertex  1.128717e+01 -1.453767e+01  3.150000e+01
   endloop
 endfacet
 facet normal  4.981838e-01 -8.628796e-01  8.515644e-02
   outer loop
     vertex  9.710953e+00 -1.517952e+01  3.600000e+01
     vertex  8.467497e+00 -1.634153e+01  3.150000e+01
     vertex  9.918429e+00 -1.550383e+01  3.150000e+01
   endloop
 endfacet
 facet normal  9.461902e-01 -3.122058e-01  8.515644e-02
   outer loop
     vertex  1.846394e+01 -5.173353e+00  2.250000e+01
     vertex  1.791700e+01 -6.830935e+00  2.250000e+01
     vertex  1.827674e+01 -6.968088e+00  1.800000e+01
   endloop
 endfacet
 facet normal  9.461902e-01 -3.122058e-01  8.515644e-02
   outer loop
     vertex  1.846394e+01 -5.173353e+00  2.250000e+01
     vertex  1.827674e+01 -6.968088e+00  1.800000e+01
     vertex  1.883466e+01 -5.277225e+00  1.800000e+01
   endloop
 endfacet
 facet normal  7.125119e-01 -6.964733e-01  8.515644e-02
   outer loop
     vertex  1.373351e+01 -1.225295e+01  3.150000e+01
     vertex  1.282517e+01 -1.373241e+01  2.700000e+01
     vertex  1.402079e+01 -1.250926e+01  2.700000e+01
   endloop
 endfacet
 facet normal  7.125119e-01 -6.964733e-01  8.515644e-02
   outer loop
     vertex  1.373351e+01 -1.225295e+01  3.150000e+01
     vertex  1.256239e+01 -1.345104e+01  3.150000e+01
     vertex  1.282517e+01 -1.373241e+01  2.700000e+01
   endloop
 endfacet
 facet normal  3.408219e-01 -9.364006e-01  8.363254e-02
   outer loop
     vertex  6.655788e+00 -1.633076e+01  4.050000e+01
     vertex  6.302133e+00 -1.605757e+01  4.500000e+01
     vertex  5.493895e+00 -1.635175e+01  4.500000e+01
   endloop
 endfacet
 facet normal  3.869908e-01 -9.180506e-01  8.614695e-02
   outer loop
     vertex  6.655788e+00 -1.633076e+01  4.050000e+01
     vertex  7.094703e+00 -1.572348e+01  4.500000e+01
     vertex  6.302133e+00 -1.605757e+01  4.500000e+01
   endloop
 endfacet
 facet normal  3.337575e-01 -9.391035e-01  8.179590e-02
   outer loop
     vertex  6.655788e+00 -1.633076e+01  4.050000e+01
     vertex  5.493895e+00 -1.635175e+01  4.500000e+01
     vertex  5.143176e+00 -1.686834e+01  4.050000e+01
   endloop
 endfacet
 facet normal  3.336632e-01 -9.388382e-01  8.515644e-02
   outer loop
     vertex  6.655788e+00 -1.633076e+01  4.050000e+01
     vertex  5.143176e+00 -1.686834e+01  4.050000e+01
     vertex  5.255460e+00 -1.723660e+01  3.600000e+01
   endloop
 endfacet
 facet normal  3.336632e-01 -9.388382e-01  8.515644e-02
   outer loop
     vertex  6.655788e+00 -1.633076e+01  4.050000e+01
     vertex  5.255460e+00 -1.723660e+01  3.600000e+01
     vertex  6.801094e+00 -1.668729e+01  3.600000e+01
   endloop
 endfacet
 facet normal  8.739963e-01 -4.784128e-01  8.515644e-02
   outer loop
     vertex  1.687582e+01 -8.262615e+00  2.700000e+01
     vertex  1.638349e+01 -9.963022e+00  2.250000e+01
     vertex  1.722160e+01 -8.431913e+00  2.250000e+01
   endloop
 endfacet
 facet normal  8.739963e-01 -4.784128e-01  8.515644e-02
   outer loop
     vertex  1.687582e+01 -8.262615e+00  2.700000e+01
     vertex  1.605454e+01 -9.762982e+00  2.700000e+01
     vertex  1.638349e+01 -9.963022e+00  2.250000e+01
   endloop
 endfacet
 facet normal  5.745856e-01 -8.140023e-01  8.515644e-02
   outer loop
     vertex  1.105107e+01 -1.423356e+01  3.600000e+01
     vertex  9.710953e+00 -1.517952e+01  3.600000e+01
     vertex  1.128717e+01 -1.453767e+01  3.150000e+01
   endloop
 endfacet
 facet normal  9.706604e-01 -2.248706e-01  8.515644e-02
   outer loop
     vertex  1.885788e+01 -3.472903e+00  2.250000e+01
     vertex  1.883466e+01 -5.277225e+00  1.800000e+01
     vertex  1.923651e+01 -3.542633e+00  1.800000e+01
   endloop
 endfacet
 facet normal  9.706604e-01 -2.248706e-01  8.515644e-02
   outer loop
     vertex  1.885788e+01 -3.472903e+00  2.250000e+01
     vertex  1.846394e+01 -5.173353e+00  2.250000e+01
     vertex  1.883466e+01 -5.277225e+00  1.800000e+01
   endloop
 endfacet
 facet normal  7.728936e-01 -6.287956e-01  8.515644e-02
   outer loop
     vertex  1.479083e+01 -1.095333e+01  3.150000e+01
     vertex  1.373351e+01 -1.225295e+01  3.150000e+01
     vertex  1.402079e+01 -1.250926e+01  2.700000e+01
   endloop
 endfacet
 facet normal  8.268708e-01 -5.559074e-01  8.515644e-02
   outer loop
     vertex  1.479083e+01 -1.095333e+01  3.150000e+01
     vertex  1.510023e+01 -1.118245e+01  2.700000e+01
     vertex  1.605454e+01 -9.762982e+00  2.700000e+01
   endloop
 endfacet
 facet normal  7.728936e-01 -6.287956e-01  8.515644e-02
   outer loop
     vertex  1.479083e+01 -1.095333e+01  3.150000e+01
     vertex  1.402079e+01 -1.250926e+01  2.700000e+01
     vertex  1.510023e+01 -1.118245e+01  2.700000e+01
   endloop
 endfacet
 facet normal  4.981838e-01 -8.628796e-01  8.515644e-02
   outer loop
     vertex  8.113247e+00 -1.565786e+01  4.050000e+01
     vertex  8.290372e+00 -1.599969e+01  3.600000e+01
     vertex  9.710953e+00 -1.517952e+01  3.600000e+01
   endloop
 endfacet
 facet normal  4.177866e-01 -9.048943e-01  8.136776e-02
   outer loop
     vertex  8.113247e+00 -1.565786e+01  4.050000e+01
     vertex  7.094703e+00 -1.572348e+01  4.500000e+01
     vertex  6.655788e+00 -1.633076e+01  4.050000e+01
   endloop
 endfacet
 facet normal  4.176539e-01 -9.046069e-01  8.515644e-02
   outer loop
     vertex  8.113247e+00 -1.565786e+01  4.050000e+01
     vertex  6.801094e+00 -1.668729e+01  3.600000e+01
     vertex  8.290372e+00 -1.599969e+01  3.600000e+01
   endloop
 endfacet
 facet normal  4.323223e-01 -8.977265e-01  8.476234e-02
   outer loop
     vertex  8.113247e+00 -1.565786e+01  4.050000e+01
     vertex  7.869634e+00 -1.535029e+01  4.500000e+01
     vertex  7.094703e+00 -1.572348e+01  4.500000e+01
   endloop
 endfacet
 facet normal  4.764986e-01 -8.749981e-01  8.560043e-02
   outer loop
     vertex  8.113247e+00 -1.565786e+01  4.050000e+01
     vertex  8.625000e+00 -1.493894e+01  4.500000e+01
     vertex  7.869634e+00 -1.535029e+01  4.500000e+01
   endloop
 endfacet
 facet normal  4.176539e-01 -9.046069e-01  8.515644e-02
   outer loop
     vertex  8.113247e+00 -1.565786e+01  4.050000e+01
     vertex  6.655788e+00 -1.633076e+01  4.050000e+01
     vertex  6.801094e+00 -1.668729e+01  3.600000e+01
   endloop
 endfacet
 facet normal  9.138796e-01 -3.969539e-01  8.515644e-02
   outer loop
     vertex  1.755726e+01 -6.693782e+00  2.700000e+01
     vertex  1.687582e+01 -8.262615e+00  2.700000e+01
     vertex  1.722160e+01 -8.431913e+00  2.250000e+01
   endloop
 endfacet
 facet normal  9.138796e-01 -3.969539e-01  8.515644e-02
   outer loop
     vertex  1.755726e+01 -6.693782e+00  2.700000e+01
     vertex  1.722160e+01 -8.431913e+00  2.250000e+01
     vertex  1.791700e+01 -6.830935e+00  2.250000e+01
   endloop
 endfacet
 facet normal  6.462262e-01 -7.583799e-01  8.515644e-02
   outer loop
     vertex  1.229961e+01 -1.316966e+01  3.600000e+01
     vertex  1.128717e+01 -1.453767e+01  3.150000e+01
     vertex  1.256239e+01 -1.345104e+01  3.150000e+01
   endloop
 endfacet
 facet normal  6.462262e-01 -7.583799e-01  8.515644e-02
   outer loop
     vertex  1.229961e+01 -1.316966e+01  3.600000e+01
     vertex  1.105107e+01 -1.423356e+01  3.600000e+01
     vertex  1.128717e+01 -1.453767e+01  3.150000e+01
   endloop
 endfacet
 facet normal  9.870874e-01 -1.356720e-01  8.515644e-02
   outer loop
     vertex  1.909555e+01 -1.743676e+00  2.250000e+01
     vertex  1.885788e+01 -3.472903e+00  2.250000e+01
     vertex  1.923651e+01 -3.542633e+00  1.800000e+01
   endloop
 endfacet
 facet normal  9.953350e-01 -4.534927e-02  8.515644e-02
   outer loop
     vertex  1.909555e+01 -1.743676e+00  2.250000e+01
     vertex  1.956000e+01  0.000000e+00  1.800000e+01
     vertex  1.917500e+01  0.000000e+00  2.250000e+01
   endloop
 endfacet
 facet normal  9.953350e-01 -4.534927e-02  8.515644e-02
   outer loop
     vertex  1.909555e+01 -1.743676e+00  2.250000e+01
     vertex  1.947896e+01 -1.778686e+00  1.800000e+01
     vertex  1.956000e+01  0.000000e+00  1.800000e+01
   endloop
 endfacet
 facet normal  9.870874e-01 -1.356720e-01  8.515644e-02
   outer loop
     vertex  1.909555e+01 -1.743676e+00  2.250000e+01
     vertex  1.923651e+01 -3.542633e+00  1.800000e+01
     vertex  1.947896e+01 -1.778686e+00  1.800000e+01
   endloop
 endfacet
 facet normal  8.268708e-01 -5.559074e-01  8.515644e-02
   outer loop
     vertex  1.572559e+01 -9.562943e+00  3.150000e+01
     vertex  1.479083e+01 -1.095333e+01  3.150000e+01
     vertex  1.605454e+01 -9.762982e+00  2.700000e+01
   endloop
 endfacet
 facet normal  4.983479e-01 -8.631639e-01  8.122503e-02
   outer loop
     vertex  9.503477e+00 -1.485521e+01  4.050000e+01
     vertex  8.625000e+00 -1.493894e+01  4.500000e+01
     vertex  8.113247e+00 -1.565786e+01  4.050000e+01
   endloop
 endfacet
 facet normal  4.981838e-01 -8.628796e-01  8.515644e-02
   outer loop
     vertex  9.503477e+00 -1.485521e+01  4.050000e+01
     vertex  8.113247e+00 -1.565786e+01  4.050000e+01
     vertex  9.710953e+00 -1.517952e+01  3.600000e+01
   endloop
 endfacet
 facet normal  5.195213e-01 -8.501589e-01  8.560043e-02
   outer loop
     vertex  9.503477e+00 -1.485521e+01  4.050000e+01
     vertex  9.358923e+00 -1.449045e+01  4.500000e+01
     vertex  8.625000e+00 -1.493894e+01  4.500000e+01
   endloop
 endfacet
 facet normal  5.612928e-01 -8.232653e-01  8.476234e-02
   outer loop
     vertex  9.503477e+00 -1.485521e+01  4.050000e+01
     vertex  1.006958e+01 -1.400593e+01  4.500000e+01
     vertex  9.358923e+00 -1.449045e+01  4.500000e+01
   endloop
 endfacet
 facet normal  9.461902e-01 -3.122058e-01  8.515644e-02
   outer loop
     vertex  1.809322e+01 -5.069481e+00  2.700000e+01
     vertex  1.791700e+01 -6.830935e+00  2.250000e+01
     vertex  1.846394e+01 -5.173353e+00  2.250000e+01
   endloop
 endfacet
 facet normal  9.706604e-01 -2.248706e-01  8.515644e-02
   outer loop
     vertex  1.809322e+01 -5.069481e+00  2.700000e+01
     vertex  1.846394e+01 -5.173353e+00  2.250000e+01
     vertex  1.885788e+01 -3.472903e+00  2.250000e+01
   endloop
 endfacet
 facet normal  9.461902e-01 -3.122058e-01  8.515644e-02
   outer loop
     vertex  1.809322e+01 -5.069481e+00  2.700000e+01
     vertex  1.755726e+01 -6.693782e+00  2.700000e+01
     vertex  1.791700e+01 -6.830935e+00  2.250000e+01
   endloop
 endfacet
 facet normal  7.728936e-01 -6.287956e-01  8.515644e-02
   outer loop
     vertex  1.344623e+01 -1.199664e+01  3.600000e+01
     vertex  1.373351e+01 -1.225295e+01  3.150000e+01
     vertex  1.479083e+01 -1.095333e+01  3.150000e+01
   endloop
 endfacet
 facet normal  7.125119e-01 -6.964733e-01  8.515644e-02
   outer loop
     vertex  1.344623e+01 -1.199664e+01  3.600000e+01
     vertex  1.229961e+01 -1.316966e+01  3.600000e+01
     vertex  1.256239e+01 -1.345104e+01  3.150000e+01
   endloop
 endfacet
 facet normal  7.125119e-01 -6.964733e-01  8.515644e-02
   outer loop
     vertex  1.344623e+01 -1.199664e+01  3.600000e+01
     vertex  1.256239e+01 -1.345104e+01  3.150000e+01
     vertex  1.373351e+01 -1.225295e+01  3.150000e+01
   endloop
 endfacet
 facet normal  8.739963e-01 -4.784128e-01  8.515644e-02
   outer loop
     vertex  1.653004e+01 -8.093318e+00  3.150000e+01
     vertex  1.605454e+01 -9.762982e+00  2.700000e+01
     vertex  1.687582e+01 -8.262615e+00  2.700000e+01
   endloop
 endfacet
 facet normal  8.739963e-01 -4.784128e-01  8.515644e-02
   outer loop
     vertex  1.653004e+01 -8.093318e+00  3.150000e+01
     vertex  1.572559e+01 -9.562943e+00  3.150000e+01
     vertex  1.605454e+01 -9.762982e+00  2.700000e+01
   endloop
 endfacet
 facet normal  9.138796e-01 -3.969539e-01  8.515644e-02
   outer loop
     vertex  1.653004e+01 -8.093318e+00  3.150000e+01
     vertex  1.687582e+01 -8.262615e+00  2.700000e+01
     vertex  1.755726e+01 -6.693782e+00  2.700000e+01
   endloop
 endfacet
 facet normal  6.015597e-01 -7.941691e-01  8.614695e-02
   outer loop
     vertex  1.081496e+01 -1.392946e+01  4.050000e+01
     vertex  1.075520e+01 -1.348659e+01  4.500000e+01
     vertex  1.006958e+01 -1.400593e+01  4.500000e+01
   endloop
 endfacet
 facet normal  6.405357e-01 -7.633607e-01  8.363254e-02
   outer loop
     vertex  1.081496e+01 -1.392946e+01  4.050000e+01
     vertex  1.141408e+01 -1.293373e+01  4.500000e+01
     vertex  1.075520e+01 -1.348659e+01  4.500000e+01
   endloop
 endfacet
 facet normal  6.462262e-01 -7.583799e-01  8.515644e-02
   outer loop
     vertex  1.081496e+01 -1.392946e+01  4.050000e+01
     vertex  1.105107e+01 -1.423356e+01  3.600000e+01
     vertex  1.229961e+01 -1.316966e+01  3.600000e+01
   endloop
 endfacet
 facet normal  5.745856e-01 -8.140023e-01  8.515644e-02
   outer loop
     vertex  1.081496e+01 -1.392946e+01  4.050000e+01
     vertex  9.503477e+00 -1.485521e+01  4.050000e+01
     vertex  9.710953e+00 -1.517952e+01  3.600000e+01
   endloop
 endfacet
 facet normal  5.747681e-01 -8.142609e-01  8.136776e-02
   outer loop
     vertex  1.081496e+01 -1.392946e+01  4.050000e+01
     vertex  1.006958e+01 -1.400593e+01  4.500000e+01
     vertex  9.503477e+00 -1.485521e+01  4.050000e+01
   endloop
 endfacet
 facet normal  5.745856e-01 -8.140023e-01  8.515644e-02
   outer loop
     vertex  1.081496e+01 -1.392946e+01  4.050000e+01
     vertex  9.710953e+00 -1.517952e+01  3.600000e+01
     vertex  1.105107e+01 -1.423356e+01  3.600000e+01
   endloop
 endfacet
 facet normal  9.706604e-01 -2.248706e-01  8.515644e-02
   outer loop
     vertex  1.847925e+01 -3.403174e+00  2.700000e+01
     vertex  1.809322e+01 -5.069481e+00  2.700000e+01
     vertex  1.885788e+01 -3.472903e+00  2.250000e+01
   endloop
 endfacet
 facet normal  7.728936e-01 -6.287956e-01  8.515644e-02
   outer loop
     vertex  1.448143e+01 -1.072420e+01  3.600000e+01
     vertex  1.344623e+01 -1.199664e+01  3.600000e+01
     vertex  1.479083e+01 -1.095333e+01  3.150000e+01
   endloop
 endfacet
 facet normal  9.138796e-01 -3.969539e-01  8.515644e-02
   outer loop
     vertex  1.719752e+01 -6.556629e+00  3.150000e+01
     vertex  1.653004e+01 -8.093318e+00  3.150000e+01
     vertex  1.755726e+01 -6.693782e+00  2.700000e+01
   endloop
 endfacet
 facet normal  6.776291e-01 -7.303105e-01  8.640197e-02
   outer loop
     vertex  1.203682e+01 -1.288829e+01  4.050000e+01
     vertex  1.204459e+01 -1.234870e+01  4.500000e+01
     vertex  1.141408e+01 -1.293373e+01  4.500000e+01
   endloop
 endfacet
 facet normal  6.464088e-01 -7.585942e-01  8.179590e-02
   outer loop
     vertex  1.203682e+01 -1.288829e+01  4.050000e+01
     vertex  1.141408e+01 -1.293373e+01  4.500000e+01
     vertex  1.081496e+01 -1.392946e+01  4.050000e+01
   endloop
 endfacet
 facet normal  6.462262e-01 -7.583799e-01  8.515644e-02
   outer loop
     vertex  1.203682e+01 -1.288829e+01  4.050000e+01
     vertex  1.081496e+01 -1.392946e+01  4.050000e+01
     vertex  1.229961e+01 -1.316966e+01  3.600000e+01
   endloop
 endfacet
 facet normal  9.953350e-01 -4.534927e-02  8.515644e-02
   outer loop
     vertex  1.871215e+01 -1.708666e+00  2.700000e+01
     vertex  1.917500e+01  0.000000e+00  2.250000e+01
     vertex  1.879000e+01  0.000000e+00  2.700000e+01
   endloop
 endfacet
 facet normal  9.870874e-01 -1.356720e-01  8.515644e-02
   outer loop
     vertex  1.871215e+01 -1.708666e+00  2.700000e+01
     vertex  1.885788e+01 -3.472903e+00  2.250000e+01
     vertex  1.909555e+01 -1.743676e+00  2.250000e+01
   endloop
 endfacet
 facet normal  9.953350e-01 -4.534927e-02  8.515644e-02
   outer loop
     vertex  1.871215e+01 -1.708666e+00  2.700000e+01
     vertex  1.909555e+01 -1.743676e+00  2.250000e+01
     vertex  1.917500e+01  0.000000e+00  2.250000e+01
   endloop
 endfacet
 facet normal  9.870874e-01 -1.356720e-01  8.515644e-02
   outer loop
     vertex  1.871215e+01 -1.708666e+00  2.700000e+01
     vertex  1.847925e+01 -3.403174e+00  2.700000e+01
     vertex  1.885788e+01 -3.472903e+00  2.250000e+01
   endloop
 endfacet
 facet normal  8.268708e-01 -5.559074e-01  8.515644e-02
   outer loop
     vertex  1.539664e+01 -9.362903e+00  3.600000e+01
     vertex  1.479083e+01 -1.095333e+01  3.150000e+01
     vertex  1.572559e+01 -9.562943e+00  3.150000e+01
   endloop
 endfacet
 facet normal  8.268708e-01 -5.559074e-01  8.515644e-02
   outer loop
     vertex  1.539664e+01 -9.362903e+00  3.600000e+01
     vertex  1.448143e+01 -1.072420e+01  3.600000e+01
     vertex  1.479083e+01 -1.095333e+01  3.150000e+01
   endloop
 endfacet
 facet normal  9.461902e-01 -3.122058e-01  8.515644e-02
   outer loop
     vertex  1.772249e+01 -4.965610e+00  3.150000e+01
     vertex  1.755726e+01 -6.693782e+00  2.700000e+01
     vertex  1.809322e+01 -5.069481e+00  2.700000e+01
   endloop
 endfacet
 facet normal  9.706604e-01 -2.248706e-01  8.515644e-02
   outer loop
     vertex  1.772249e+01 -4.965610e+00  3.150000e+01
     vertex  1.809322e+01 -5.069481e+00  2.700000e+01
     vertex  1.847925e+01 -3.403174e+00  2.700000e+01
   endloop
 endfacet
 facet normal  9.461902e-01 -3.122058e-01  8.515644e-02
   outer loop
     vertex  1.772249e+01 -4.965610e+00  3.150000e+01
     vertex  1.719752e+01 -6.556629e+00  3.150000e+01
     vertex  1.755726e+01 -6.693782e+00  2.700000e+01
   endloop
 endfacet
 facet normal  7.125119e-01 -6.964733e-01  8.515644e-02
   outer loop
     vertex  1.315895e+01 -1.174033e+01  4.050000e+01
     vertex  1.229961e+01 -1.316966e+01  3.600000e+01
     vertex  1.344623e+01 -1.199664e+01  3.600000e+01
   endloop
 endfacet
 facet normal  7.134210e-01 -6.958512e-01  8.259367e-02
   outer loop
     vertex  1.315895e+01 -1.174033e+01  4.050000e+01
     vertex  1.264514e+01 -1.173298e+01  4.500000e+01
     vertex  1.204459e+01 -1.234870e+01  4.500000e+01
   endloop
 endfacet
 facet normal  7.469797e-01 -6.592135e-01  8.636554e-02
   outer loop
     vertex  1.315895e+01 -1.174033e+01  4.050000e+01
     vertex  1.321427e+01 -1.108809e+01  4.500000e+01
     vertex  1.264514e+01 -1.173298e+01  4.500000e+01
   endloop
 endfacet
 facet normal  7.126833e-01 -6.966409e-01  8.230424e-02
   outer loop
     vertex  1.315895e+01 -1.174033e+01  4.050000e+01
     vertex  1.204459e+01 -1.234870e+01  4.500000e+01
     vertex  1.203682e+01 -1.288829e+01  4.050000e+01
   endloop
 endfacet
 facet normal  7.125119e-01 -6.964733e-01  8.515644e-02
   outer loop
     vertex  1.315895e+01 -1.174033e+01  4.050000e+01
     vertex  1.203682e+01 -1.288829e+01  4.050000e+01
     vertex  1.229961e+01 -1.316966e+01  3.600000e+01
   endloop
 endfacet
 facet normal  8.739963e-01 -4.784128e-01  8.515644e-02
   outer loop
     vertex  1.618426e+01 -7.924020e+00  3.600000e+01
     vertex  1.539664e+01 -9.362903e+00  3.600000e+01
     vertex  1.572559e+01 -9.562943e+00  3.150000e+01
   endloop
 endfacet
 facet normal  8.739963e-01 -4.784128e-01  8.515644e-02
   outer loop
     vertex  1.618426e+01 -7.924020e+00  3.600000e+01
     vertex  1.572559e+01 -9.562943e+00  3.150000e+01
     vertex  1.653004e+01 -8.093318e+00  3.150000e+01
   endloop
 endfacet
 facet normal  9.706604e-01 -2.248706e-01  8.515644e-02
   outer loop
     vertex  1.810061e+01 -3.333444e+00  3.150000e+01
     vertex  1.772249e+01 -4.965610e+00  3.150000e+01
     vertex  1.847925e+01 -3.403174e+00  2.700000e+01
   endloop
 endfacet
 facet normal  7.728936e-01 -6.287956e-01  8.515644e-02
   outer loop
     vertex  1.417203e+01 -1.049508e+01  4.050000e+01
     vertex  1.315895e+01 -1.174033e+01  4.050000e+01
     vertex  1.344623e+01 -1.199664e+01  3.600000e+01
   endloop
 endfacet
 facet normal  7.790721e-01 -6.212893e-01  8.394235e-02
   outer loop
     vertex  1.417203e+01 -1.049508e+01  4.050000e+01
     vertex  1.375054e+01 -1.041563e+01  4.500000e+01
     vertex  1.321427e+01 -1.108809e+01  4.500000e+01
   endloop
 endfacet
 facet normal  8.089272e-01 -5.815791e-01  8.603765e-02
   outer loop
     vertex  1.417203e+01 -1.049508e+01  4.050000e+01
     vertex  1.425262e+01 -9.717271e+00  4.500000e+01
     vertex  1.375054e+01 -1.041563e+01  4.500000e+01
   endloop
 endfacet
 facet normal  7.731205e-01 -6.289802e-01  8.166211e-02
   outer loop
     vertex  1.417203e+01 -1.049508e+01  4.050000e+01
     vertex  1.321427e+01 -1.108809e+01  4.500000e+01
     vertex  1.315895e+01 -1.174033e+01  4.050000e+01
   endloop
 endfacet
 facet normal  8.268708e-01 -5.559074e-01  8.515644e-02
   outer loop
     vertex  1.417203e+01 -1.049508e+01  4.050000e+01
     vertex  1.448143e+01 -1.072420e+01  3.600000e+01
     vertex  1.539664e+01 -9.362903e+00  3.600000e+01
   endloop
 endfacet
 facet normal  7.728936e-01 -6.287956e-01  8.515644e-02
   outer loop
     vertex  1.417203e+01 -1.049508e+01  4.050000e+01
     vertex  1.344623e+01 -1.199664e+01  3.600000e+01
     vertex  1.448143e+01 -1.072420e+01  3.600000e+01
   endloop
 endfacet
 facet normal  9.138796e-01 -3.969539e-01  8.515644e-02
   outer loop
     vertex  1.683778e+01 -6.419476e+00  3.600000e+01
     vertex  1.618426e+01 -7.924020e+00  3.600000e+01
     vertex  1.653004e+01 -8.093318e+00  3.150000e+01
   endloop
 endfacet
 facet normal  9.138796e-01 -3.969539e-01  8.515644e-02
   outer loop
     vertex  1.683778e+01 -6.419476e+00  3.600000e+01
     vertex  1.653004e+01 -8.093318e+00  3.150000e+01
     vertex  1.719752e+01 -6.556629e+00  3.150000e+01
   endloop
 endfacet
 facet normal  9.870874e-01 -1.356720e-01  8.515644e-02
   outer loop
     vertex  1.832875e+01 -1.673656e+00  3.150000e+01
     vertex  1.847925e+01 -3.403174e+00  2.700000e+01
     vertex  1.871215e+01 -1.708666e+00  2.700000e+01
   endloop
 endfacet
 facet normal  9.870874e-01 -1.356720e-01  8.515644e-02
   outer loop
     vertex  1.832875e+01 -1.673656e+00  3.150000e+01
     vertex  1.810061e+01 -3.333444e+00  3.150000e+01
     vertex  1.847925e+01 -3.403174e+00  2.700000e+01
   endloop
 endfacet
 facet normal  9.953350e-01 -4.534927e-02  8.515644e-02
   outer loop
     vertex  1.832875e+01 -1.673656e+00  3.150000e+01
     vertex  1.879000e+01  0.000000e+00  2.700000e+01
     vertex  1.840500e+01  0.000000e+00  3.150000e+01
   endloop
 endfacet
 facet normal  9.953350e-01 -4.534927e-02  8.515644e-02
   outer loop
     vertex  1.832875e+01 -1.673656e+00  3.150000e+01
     vertex  1.871215e+01 -1.708666e+00  2.700000e+01
     vertex  1.879000e+01  0.000000e+00  2.700000e+01
   endloop
 endfacet
 facet normal  8.271377e-01 -5.560869e-01  8.130532e-02
   outer loop
     vertex  1.506769e+01 -9.162863e+00  4.050000e+01
     vertex  1.425262e+01 -9.717271e+00  4.500000e+01
     vertex  1.417203e+01 -1.049508e+01  4.050000e+01
   endloop
 endfacet
 facet normal  8.268708e-01 -5.559074e-01  8.515644e-02
   outer loop
     vertex  1.506769e+01 -9.162863e+00  4.050000e+01
     vertex  1.417203e+01 -1.049508e+01  4.050000e+01
     vertex  1.539664e+01 -9.362903e+00  3.600000e+01
   endloop
 endfacet
 facet normal  8.369859e-01 -5.405828e-01  8.499920e-02
   outer loop
     vertex  1.506769e+01 -9.162863e+00  4.050000e+01
     vertex  1.471927e+01 -8.994757e+00  4.500000e+01
     vertex  1.425262e+01 -9.717271e+00  4.500000e+01
   endloop
 endfacet
 facet normal  8.628602e-01 -4.981726e-01  8.541825e-02
   outer loop
     vertex  1.506769e+01 -9.162863e+00  4.050000e+01
     vertex  1.514932e+01 -8.249881e+00  4.500000e+01
     vertex  1.471927e+01 -8.994757e+00  4.500000e+01
   endloop
 endfacet
 facet normal  9.706604e-01 -2.248706e-01  8.515644e-02
   outer loop
     vertex  1.735177e+01 -4.861738e+00  3.600000e+01
     vertex  1.772249e+01 -4.965610e+00  3.150000e+01
     vertex  1.810061e+01 -3.333444e+00  3.150000e+01
   endloop
 endfacet
 facet normal  9.461902e-01 -3.122058e-01  8.515644e-02
   outer loop
     vertex  1.735177e+01 -4.861738e+00  3.600000e+01
     vertex  1.683778e+01 -6.419476e+00  3.600000e+01
     vertex  1.719752e+01 -6.556629e+00  3.150000e+01
   endloop
 endfacet
 facet normal  9.461902e-01 -3.122058e-01  8.515644e-02
   outer loop
     vertex  1.735177e+01 -4.861738e+00  3.600000e+01
     vertex  1.719752e+01 -6.556629e+00  3.150000e+01
     vertex  1.772249e+01 -4.965610e+00  3.150000e+01
   endloop
 endfacet
 facet normal  8.739963e-01 -4.784128e-01  8.515644e-02
   outer loop
     vertex  1.583848e+01 -7.754722e+00  4.050000e+01
     vertex  1.506769e+01 -9.162863e+00  4.050000e+01
     vertex  1.539664e+01 -9.362903e+00  3.600000e+01
   endloop
 endfacet
 facet normal  8.739963e-01 -4.784128e-01  8.515644e-02
   outer loop
     vertex  1.583848e+01 -7.754722e+00  4.050000e+01
     vertex  1.539664e+01 -9.362903e+00  3.600000e+01
     vertex  1.618426e+01 -7.924020e+00  3.600000e+01
   endloop
 endfacet
 facet normal  9.138796e-01 -3.969539e-01  8.515644e-02
   outer loop
     vertex  1.583848e+01 -7.754722e+00  4.050000e+01
     vertex  1.618426e+01 -7.924020e+00  3.600000e+01
     vertex  1.683778e+01 -6.419476e+00  3.600000e+01
   endloop
 endfacet
 facet normal  8.865930e-01 -4.545297e-01  8.576439e-02
   outer loop
     vertex  1.583848e+01 -7.754722e+00  4.050000e+01
     vertex  1.554171e+01 -7.484494e+00  4.500000e+01
     vertex  1.514932e+01 -8.249881e+00  4.500000e+01
   endloop
 endfacet
 facet normal  9.082453e-01 -4.098159e-01  8.450724e-02
   outer loop
     vertex  1.583848e+01 -7.754722e+00  4.050000e+01
     vertex  1.589546e+01 -6.700500e+00  4.500000e+01
     vertex  1.554171e+01 -7.484494e+00  4.500000e+01
   endloop
 endfacet
 facet normal  8.742836e-01 -4.785700e-01  8.123395e-02
   outer loop
     vertex  1.583848e+01 -7.754722e+00  4.050000e+01
     vertex  1.514932e+01 -8.249881e+00  4.500000e+01
     vertex  1.506769e+01 -9.162863e+00  4.050000e+01
   endloop
 endfacet
 facet normal  9.706604e-01 -2.248706e-01  8.515644e-02
   outer loop
     vertex  1.772198e+01 -3.263714e+00  3.600000e+01
     vertex  1.735177e+01 -4.861738e+00  3.600000e+01
     vertex  1.810061e+01 -3.333444e+00  3.150000e+01
   endloop
 endfacet
 facet normal  9.870874e-01 -1.356720e-01  8.515644e-02
   outer loop
     vertex  1.772198e+01 -3.263714e+00  3.600000e+01
     vertex  1.810061e+01 -3.333444e+00  3.150000e+01
     vertex  1.832875e+01 -1.673656e+00  3.150000e+01
   endloop
 endfacet
 facet normal  9.141639e-01 -3.970774e-01  8.144804e-02
   outer loop
     vertex  1.647804e+01 -6.282323e+00  4.050000e+01
     vertex  1.589546e+01 -6.700500e+00  4.500000e+01
     vertex  1.583848e+01 -7.754722e+00  4.050000e+01
   endloop
 endfacet
 facet normal  9.274058e-01 -3.639800e-01  8.623803e-02
   outer loop
     vertex  1.647804e+01 -6.282323e+00  4.050000e+01
     vertex  1.620970e+01 -5.899847e+00  4.500000e+01
     vertex  1.589546e+01 -6.700500e+00  4.500000e+01
   endloop
 endfacet
 facet normal  9.446325e-01 -3.173796e-01  8.330450e-02
   outer loop
     vertex  1.647804e+01 -6.282323e+00  4.050000e+01
     vertex  1.648363e+01 -5.084527e+00  4.500000e+01
     vertex  1.620970e+01 -5.899847e+00  4.500000e+01
   endloop
 endfacet
 facet normal  9.138796e-01 -3.969539e-01  8.515644e-02
   outer loop
     vertex  1.647804e+01 -6.282323e+00  4.050000e+01
     vertex  1.583848e+01 -7.754722e+00  4.050000e+01
     vertex  1.683778e+01 -6.419476e+00  3.600000e+01
   endloop
 endfacet
 facet normal  9.870874e-01 -1.356720e-01  8.515644e-02
   outer loop
     vertex  1.794534e+01 -1.638646e+00  3.600000e+01
     vertex  1.772198e+01 -3.263714e+00  3.600000e+01
     vertex  1.832875e+01 -1.673656e+00  3.150000e+01
   endloop
 endfacet
 facet normal  9.953350e-01 -4.534927e-02  8.515644e-02
   outer loop
     vertex  1.794534e+01 -1.638646e+00  3.600000e+01
     vertex  1.832875e+01 -1.673656e+00  3.150000e+01
     vertex  1.840500e+01  0.000000e+00  3.150000e+01
   endloop
 endfacet
 facet normal  9.953350e-01 -4.534927e-02  8.515644e-02
   outer loop
     vertex  1.794534e+01 -1.638646e+00  3.600000e+01
     vertex  1.840500e+01  0.000000e+00  3.150000e+01
     vertex  1.802000e+01  0.000000e+00  3.600000e+01
   endloop
 endfacet
 facet normal  9.706604e-01 -2.248706e-01  8.515644e-02
   outer loop
     vertex  1.698105e+01 -4.757866e+00  4.050000e+01
     vertex  1.735177e+01 -4.861738e+00  3.600000e+01
     vertex  1.772198e+01 -3.263714e+00  3.600000e+01
   endloop
 endfacet
 facet normal  9.464457e-01 -3.122901e-01  8.194752e-02
   outer loop
     vertex  1.698105e+01 -4.757866e+00  4.050000e+01
     vertex  1.648363e+01 -5.084527e+00  4.500000e+01
     vertex  1.647804e+01 -6.282323e+00  4.050000e+01
   endloop
 endfacet
 facet normal  9.461902e-01 -3.122058e-01  8.515644e-02
   outer loop
     vertex  1.698105e+01 -4.757866e+00  4.050000e+01
     vertex  1.647804e+01 -6.282323e+00  4.050000e+01
     vertex  1.683778e+01 -6.419476e+00  3.600000e+01
   endloop
 endfacet
 facet normal  9.590229e-01 -2.698272e-01  8.642019e-02
   outer loop
     vertex  1.698105e+01 -4.757866e+00  4.050000e+01
     vertex  1.671658e+01 -4.256565e+00  4.500000e+01
     vertex  1.648363e+01 -5.084527e+00  4.500000e+01
   endloop
 endfacet
 facet normal  9.461902e-01 -3.122058e-01  8.515644e-02
   outer loop
     vertex  1.698105e+01 -4.757866e+00  4.050000e+01
     vertex  1.683778e+01 -6.419476e+00  3.600000e+01
     vertex  1.735177e+01 -4.861738e+00  3.600000e+01
   endloop
 endfacet
 facet normal  9.706604e-01 -2.248706e-01  8.515644e-02
   outer loop
     vertex  1.734335e+01 -3.193984e+00  4.050000e+01
     vertex  1.698105e+01 -4.757866e+00  4.050000e+01
     vertex  1.772198e+01 -3.263714e+00  3.600000e+01
   endloop
 endfacet
 facet normal  9.709089e-01 -2.249282e-01  8.211697e-02
   outer loop
     vertex  1.734335e+01 -3.193984e+00  4.050000e+01
     vertex  1.671658e+01 -4.256565e+00  4.500000e+01
     vertex  1.698105e+01 -4.757866e+00  4.050000e+01
   endloop
 endfacet
 facet normal  9.715674e-01 -2.217539e-01  8.295821e-02
   outer loop
     vertex  1.734335e+01 -3.193984e+00  4.050000e+01
     vertex  1.690798e+01 -3.418021e+00  4.500000e+01
     vertex  1.671658e+01 -4.256565e+00  4.500000e+01
   endloop
 endfacet
 facet normal  9.811327e-01 -1.730002e-01  8.631090e-02
   outer loop
     vertex  1.734335e+01 -3.193984e+00  4.050000e+01
     vertex  1.705733e+01 -2.570979e+00  4.500000e+01
     vertex  1.690798e+01 -3.418021e+00  4.500000e+01
   endloop
 endfacet
 facet normal  9.956600e-01 -4.536408e-02  8.126072e-02
   outer loop
     vertex  1.756194e+01 -1.603636e+00  4.050000e+01
     vertex  1.763500e+01  0.000000e+00  4.050000e+01
     vertex  1.722856e+01 -8.598415e-01  4.500000e+01
   endloop
 endfacet
 facet normal  9.953350e-01 -4.534927e-02  8.515644e-02
   outer loop
     vertex  1.756194e+01 -1.603636e+00  4.050000e+01
     vertex  1.802000e+01  0.000000e+00  3.600000e+01
     vertex  1.763500e+01  0.000000e+00  4.050000e+01
   endloop
 endfacet
 facet normal  9.870874e-01 -1.356720e-01  8.515644e-02
   outer loop
     vertex  1.756194e+01 -1.603636e+00  4.050000e+01
     vertex  1.772198e+01 -3.263714e+00  3.600000e+01
     vertex  1.794534e+01 -1.638646e+00  3.600000e+01
   endloop
 endfacet
 facet normal  9.870874e-01 -1.356720e-01  8.515644e-02
   outer loop
     vertex  1.756194e+01 -1.603636e+00  4.050000e+01
     vertex  1.734335e+01 -3.193984e+00  4.050000e+01
     vertex  1.772198e+01 -3.263714e+00  3.600000e+01
   endloop
 endfacet
 facet normal  9.953350e-01 -4.534927e-02  8.515644e-02
   outer loop
     vertex  1.756194e+01 -1.603636e+00  4.050000e+01
     vertex  1.794534e+01 -1.638646e+00  3.600000e+01
     vertex  1.802000e+01  0.000000e+00  3.600000e+01
   endloop
 endfacet
 facet normal  9.873865e-01 -1.357132e-01  8.154616e-02
   outer loop
     vertex  1.756194e+01 -1.603636e+00  4.050000e+01
     vertex  1.705733e+01 -2.570979e+00  4.500000e+01
     vertex  1.734335e+01 -3.193984e+00  4.050000e+01
   endloop
 endfacet
 facet normal  9.887128e-01 -1.239018e-01  8.423391e-02
   outer loop
     vertex  1.756194e+01 -1.603636e+00  4.050000e+01
     vertex  1.716428e+01 -1.717545e+00  4.500000e+01
     vertex  1.705733e+01 -2.570979e+00  4.500000e+01
   endloop
 endfacet
 facet normal  9.935170e-01 -7.445381e-02  8.591013e-02
   outer loop
     vertex  1.756194e+01 -1.603636e+00  4.050000e+01
     vertex  1.722856e+01 -8.598415e-01  4.500000e+01
     vertex  1.716428e+01 -1.717545e+00  4.500000e+01
   endloop
 endfacet
 facet normal  0.000000e+00  0.000000e+00 -1.000000e+00
   outer loop
     vertex -9.749590e+00 -9.046297e+00  0.000000e+00
     vertex -1.473280e+01 -1.510479e+01  0.000000e+00
     vertex -1.546739e+01 -1.435164e+01  0.000000e+00
   endloop
 endfacet
 facet normal  0.000000e+00 -0.000000e+00 -1.000000e+00
   outer loop
     vertex -9.749590e+00 -9.046297e+00  0.000000e+00
     vertex -9.286550e+00 -9.521029e+00  0.000000e+00
     vertex -1.473280e+01 -1.510479e+01  0.000000e+00
   endloop
 endfacet
 facet normal  0.000000e+00  0.000000e+00 -1.000000e+00
   outer loop
     vertex -8.800422e+00 -9.972090e+00  0.000000e+00
     vertex -1.396157e+01 -1.582038e+01  0.000000e+00
     vertex -1.473280e+01 -1.510479e+01  0.000000e+00
   endloop
 endfacet
 facet normal  0.000000e+00  0.000000e+00 -1.000000e+00
   outer loop
     vertex -8.800422e+00 -9.972090e+00  0.000000e+00
     vertex -1.315563e+01 -1.649664e+01  0.000000e+00
     vertex -1.396157e+01 -1.582038e+01  0.000000e+00
   endloop
 endfacet
 facet normal -0.000000e+00  0.000000e+00 -1.000000e+00
   outer loop
     vertex -8.800422e+00 -9.972090e+00  0.000000e+00
     vertex -1.473280e+01 -1.510479e+01  0.000000e+00
     vertex -9.286550e+00 -9.521029e+00  0.000000e+00
   endloop
 endfacet
 facet normal  0.000000e+00 -0.000000e+00 -1.000000e+00
   outer loop
     vertex -1.018839e+01 -8.549075e+00  0.000000e+00
     vertex -9.749590e+00 -9.046297e+00  0.000000e+00
     vertex -1.546739e+01 -1.435164e+01  0.000000e+00
   endloop
 endfacet
 facet normal  0.000000e+00  0.000000e+00 -1.000000e+00
   outer loop
     vertex -1.018839e+01 -8.549075e+00  0.000000e+00
     vertex -1.616354e+01 -1.356282e+01  0.000000e+00
     vertex -1.681950e+01 -1.274027e+01  0.000000e+00
   endloop
 endfacet
 facet normal  0.000000e+00  0.000000e+00 -1.000000e+00
   outer loop
     vertex -1.018839e+01 -8.549075e+00  0.000000e+00
     vertex -1.546739e+01 -1.435164e+01  0.000000e+00
     vertex -1.616354e+01 -1.356282e+01  0.000000e+00
   endloop
 endfacet
 facet normal -0.000000e+00  0.000000e+00 -1.000000e+00
   outer loop
     vertex -8.292414e+00 -1.039836e+01  0.000000e+00
     vertex -1.315563e+01 -1.649664e+01  0.000000e+00
     vertex -8.800422e+00 -9.972090e+00  0.000000e+00
   endloop
 endfacet
 facet normal  0.000000e+00 -0.000000e+00 -1.000000e+00
   outer loop
     vertex -1.060186e+01 -8.030599e+00  0.000000e+00
     vertex -1.018839e+01 -8.549075e+00  0.000000e+00
     vertex -1.681950e+01 -1.274027e+01  0.000000e+00
   endloop
 endfacet
 facet normal  0.000000e+00  0.000000e+00 -1.000000e+00
   outer loop
     vertex -1.060186e+01 -8.030599e+00  0.000000e+00
     vertex -1.681950e+01 -1.274027e+01  0.000000e+00
     vertex -1.743364e+01 -1.188605e+01  0.000000e+00
   endloop
 endfacet
 facet normal -0.000000e+00  0.000000e+00 -1.000000e+00
   outer loop
     vertex -7.763791e+00 -1.079878e+01  0.000000e+00
     vertex -1.315563e+01 -1.649664e+01  0.000000e+00
     vertex -8.292414e+00 -1.039836e+01  0.000000e+00
   endloop
 endfacet
 facet normal  0.000000e+00  0.000000e+00 -1.000000e+00
   outer loop
     vertex -7.763791e+00 -1.079878e+01  0.000000e+00
     vertex -1.231699e+01 -1.713189e+01  0.000000e+00
     vertex -1.315563e+01 -1.649664e+01  0.000000e+00
   endloop
 endfacet
 facet normal  0.000000e+00 -0.000000e+00 -1.000000e+00
   outer loop
     vertex -1.098898e+01 -7.492157e+00  0.000000e+00
     vertex -1.060186e+01 -8.030599e+00  0.000000e+00
     vertex -1.743364e+01 -1.188605e+01  0.000000e+00
   endloop
 endfacet
 facet normal -0.000000e+00  0.000000e+00 -1.000000e+00
   outer loop
     vertex -7.215865e+00 -1.117234e+01  0.000000e+00
     vertex -1.231699e+01 -1.713189e+01  0.000000e+00
     vertex -7.763791e+00 -1.079878e+01  0.000000e+00
   endloop
 endfacet
 facet normal  0.000000e+00  0.000000e+00 -1.000000e+00
   outer loop
     vertex -7.215865e+00 -1.117234e+01  0.000000e+00
     vertex -1.144773e+01 -1.772455e+01  0.000000e+00
     vertex -1.231699e+01 -1.713189e+01  0.000000e+00
   endloop
 endfacet
 facet normal  0.000000e+00 -0.000000e+00 -1.000000e+00
   outer loop
     vertex -1.134877e+01 -6.935088e+00  0.000000e+00
     vertex -1.098898e+01 -7.492157e+00  0.000000e+00
     vertex -1.743364e+01 -1.188605e+01  0.000000e+00
   endloop
 endfacet
 facet normal  0.000000e+00  0.000000e+00 -1.000000e+00
   outer loop
     vertex -1.134877e+01 -6.935088e+00  0.000000e+00
     vertex -1.743364e+01 -1.188605e+01  0.000000e+00
     vertex -1.800444e+01 -1.100228e+01  0.000000e+00
   endloop
 endfacet
 facet normal -0.000000e+00  0.000000e+00 -1.000000e+00
   outer loop
     vertex -6.650000e+00 -1.151814e+01  0.000000e+00
     vertex -1.144773e+01 -1.772455e+01  0.000000e+00
     vertex -7.215865e+00 -1.117234e+01  0.000000e+00
   endloop
 endfacet
 facet normal  0.000000e+00  0.000000e+00 -1.000000e+00
   outer loop
     vertex -6.650000e+00 -1.151814e+01  0.000000e+00
     vertex -1.055000e+01 -1.827314e+01  0.000000e+00
     vertex -1.144773e+01 -1.772455e+01  0.000000e+00
   endloop
 endfacet
 facet normal  0.000000e+00 -0.000000e+00 -1.000000e+00
   outer loop
     vertex -1.168035e+01 -6.360778e+00  0.000000e+00
     vertex -1.134877e+01 -6.935088e+00  0.000000e+00
     vertex -1.800444e+01 -1.100228e+01  0.000000e+00
   endloop
 endfacet
 facet normal  0.000000e+00  0.000000e+00 -1.000000e+00
   outer loop
     vertex -1.168035e+01 -6.360778e+00  0.000000e+00
     vertex -1.800444e+01 -1.100228e+01  0.000000e+00
     vertex -1.853048e+01 -1.009116e+01  0.000000e+00
   endloop
 endfacet
 facet normal -0.000000e+00  0.000000e+00 -1.000000e+00
   outer loop
     vertex -6.067602e+00 -1.183530e+01  0.000000e+00
     vertex -1.055000e+01 -1.827314e+01  0.000000e+00
     vertex -6.650000e+00 -1.151814e+01  0.000000e+00
   endloop
 endfacet
 facet normal  0.000000e+00  0.000000e+00 -1.000000e+00
   outer loop
     vertex -6.067602e+00 -1.183530e+01  0.000000e+00
     vertex -9.626045e+00 -1.877630e+01  0.000000e+00
     vertex -1.055000e+01 -1.827314e+01  0.000000e+00
   endloop
 endfacet
 facet normal  0.000000e+00  0.000000e+00 -1.000000e+00
   outer loop
     vertex -6.067602e+00 -1.183530e+01  0.000000e+00
     vertex -8.678158e+00 -1.923277e+01  0.000000e+00
     vertex -9.626045e+00 -1.877630e+01  0.000000e+00
   endloop
 endfacet
 facet normal  0.000000e+00 -0.000000e+00 -1.000000e+00
   outer loop
     vertex -1.198289e+01 -5.770654e+00  0.000000e+00
     vertex -1.168035e+01 -6.360778e+00  0.000000e+00
     vertex -1.853048e+01 -1.009116e+01  0.000000e+00
   endloop
 endfacet
 facet normal  0.000000e+00  0.000000e+00 -1.000000e+00
   outer loop
     vertex -1.198289e+01 -5.770654e+00  0.000000e+00
     vertex -1.901044e+01 -9.154947e+00  0.000000e+00
     vertex -1.944315e+01 -8.195974e+00  0.000000e+00
   endloop
 endfacet
 facet normal  0.000000e+00  0.000000e+00 -1.000000e+00
   outer loop
     vertex -1.198289e+01 -5.770654e+00  0.000000e+00
     vertex -1.853048e+01 -1.009116e+01  0.000000e+00
     vertex -1.901044e+01 -9.154947e+00  0.000000e+00
   endloop
 endfacet
 facet normal -0.000000e+00  0.000000e+00 -1.000000e+00
   outer loop
     vertex -5.470118e+00 -1.212303e+01  0.000000e+00
     vertex -8.678158e+00 -1.923277e+01  0.000000e+00
     vertex -6.067602e+00 -1.183530e+01  0.000000e+00
   endloop
 endfacet
 facet normal  0.000000e+00 -0.000000e+00 -1.000000e+00
   outer loop
     vertex -1.225563e+01 -5.166183e+00  0.000000e+00
     vertex -1.198289e+01 -5.770654e+00  0.000000e+00
     vertex -1.944315e+01 -8.195974e+00  0.000000e+00
   endloop
 endfacet
 facet normal -0.000000e+00  0.000000e+00 -1.000000e+00
   outer loop
     vertex -4.859036e+00 -1.238062e+01  0.000000e+00
     vertex -8.678158e+00 -1.923277e+01  0.000000e+00
     vertex -5.470118e+00 -1.212303e+01  0.000000e+00
   endloop
 endfacet
 facet normal  0.000000e+00  0.000000e+00 -1.000000e+00
   outer loop
     vertex -4.859036e+00 -1.238062e+01  0.000000e+00
     vertex -7.708696e+00 -1.964144e+01  0.000000e+00
     vertex -8.678158e+00 -1.923277e+01  0.000000e+00
   endloop
 endfacet
 facet normal  0.000000e+00 -0.000000e+00 -1.000000e+00
   outer loop
     vertex -1.249791e+01 -4.548868e+00  0.000000e+00
     vertex -1.225563e+01 -5.166183e+00  0.000000e+00
     vertex -1.944315e+01 -8.195974e+00  0.000000e+00
   endloop
 endfacet
 facet normal  0.000000e+00  0.000000e+00 -1.000000e+00
   outer loop
     vertex -1.249791e+01 -4.548868e+00  0.000000e+00
     vertex -1.944315e+01 -8.195974e+00  0.000000e+00
     vertex -1.982751e+01 -7.216625e+00  0.000000e+00
   endloop
 endfacet
 facet normal  0.000000e+00  0.000000e+00 -1.000000e+00
   outer loop
     vertex -4.235872e+00 -1.260743e+01  0.000000e+00
     vertex -6.720068e+00 -2.000127e+01  0.000000e+00
     vertex -7.708696e+00 -1.964144e+01  0.000000e+00
   endloop
 endfacet
 facet normal -0.000000e+00  0.000000e+00 -1.000000e+00
   outer loop
     vertex -4.235872e+00 -1.260743e+01  0.000000e+00
     vertex -7.708696e+00 -1.964144e+01  0.000000e+00
     vertex -4.859036e+00 -1.238062e+01  0.000000e+00
   endloop
 endfacet
 facet normal  0.000000e+00 -0.000000e+00 -1.000000e+00
   outer loop
     vertex -1.270912e+01 -3.920244e+00  0.000000e+00
     vertex -1.249791e+01 -4.548868e+00  0.000000e+00
     vertex -1.982751e+01 -7.216625e+00  0.000000e+00
   endloop
 endfacet
 facet normal  0.000000e+00  0.000000e+00 -1.000000e+00
   outer loop
     vertex -1.270912e+01 -3.920244e+00  0.000000e+00
     vertex -1.982751e+01 -7.216625e+00  0.000000e+00
     vertex -2.016259e+01 -6.219334e+00  0.000000e+00
   endloop
 endfacet
 facet normal -0.000000e+00  0.000000e+00 -1.000000e+00
   outer loop
     vertex -3.602178e+00 -1.280290e+01  0.000000e+00
     vertex -6.720068e+00 -2.000127e+01  0.000000e+00
     vertex -4.235872e+00 -1.260743e+01  0.000000e+00
   endloop
 endfacet
 facet normal  0.000000e+00  0.000000e+00 -1.000000e+00
   outer loop
     vertex -3.602178e+00 -1.280290e+01  0.000000e+00
     vertex -5.714734e+00 -2.031137e+01  0.000000e+00
     vertex -6.720068e+00 -2.000127e+01  0.000000e+00
   endloop
 endfacet
 facet normal  0.000000e+00  0.000000e+00 -1.000000e+00
   outer loop
     vertex -3.602178e+00 -1.280290e+01  0.000000e+00
     vertex -4.695192e+00 -2.057098e+01  0.000000e+00
     vertex -5.714734e+00 -2.031137e+01  0.000000e+00
   endloop
 endfacet
 facet normal  0.000000e+00  0.000000e+00 -1.000000e+00
   outer loop
     vertex -1.288873e+01 -3.281873e+00  0.000000e+00
     vertex -2.044753e+01 -5.206581e+00  0.000000e+00
     vertex -2.068164e+01 -4.180884e+00  0.000000e+00
   endloop
 endfacet
 facet normal  0.000000e+00  0.000000e+00 -1.000000e+00
   outer loop
     vertex -1.288873e+01 -3.281873e+00  0.000000e+00
     vertex -2.016259e+01 -6.219334e+00  0.000000e+00
     vertex -2.044753e+01 -5.206581e+00  0.000000e+00
   endloop
 endfacet
 facet normal  0.000000e+00 -0.000000e+00 -1.000000e+00
   outer loop
     vertex -1.288873e+01 -3.281873e+00  0.000000e+00
     vertex -1.270912e+01 -3.920244e+00  0.000000e+00
     vertex -2.016259e+01 -6.219334e+00  0.000000e+00
   endloop
 endfacet
 facet normal -0.000000e+00  0.000000e+00 -1.000000e+00
   outer loop
     vertex -2.959528e+00 -1.296654e+01  0.000000e+00
     vertex -4.695192e+00 -2.057098e+01  0.000000e+00
     vertex -3.602178e+00 -1.280290e+01  0.000000e+00
   endloop
 endfacet
 facet normal  0.000000e+00 -0.000000e+00 -1.000000e+00
   outer loop
     vertex -1.303629e+01 -2.635344e+00  0.000000e+00
     vertex -1.288873e+01 -3.281873e+00  0.000000e+00
     vertex -2.068164e+01 -4.180884e+00  0.000000e+00
   endloop
 endfacet
 facet normal -0.000000e+00  0.000000e+00 -1.000000e+00
   outer loop
     vertex -2.309521e+00 -1.309794e+01  0.000000e+00
     vertex -4.695192e+00 -2.057098e+01  0.000000e+00
     vertex -2.959528e+00 -1.296654e+01  0.000000e+00
   endloop
 endfacet
 facet normal  0.000000e+00  0.000000e+00 -1.000000e+00
   outer loop
     vertex -2.309521e+00 -1.309794e+01  0.000000e+00
     vertex -3.663977e+00 -2.077944e+01  0.000000e+00
     vertex -4.695192e+00 -2.057098e+01  0.000000e+00
   endloop
 endfacet
 facet normal  0.000000e+00 -0.000000e+00 -1.000000e+00
   outer loop
     vertex -1.315145e+01 -1.982262e+00  0.000000e+00
     vertex -1.303629e+01 -2.635344e+00  0.000000e+00
     vertex -2.068164e+01 -4.180884e+00  0.000000e+00
   endloop
 endfacet
 facet normal  0.000000e+00  0.000000e+00 -1.000000e+00
   outer loop
     vertex -1.315145e+01 -1.982262e+00  0.000000e+00
     vertex -2.086433e+01 -3.144792e+00  0.000000e+00
     vertex -2.099515e+01 -2.100882e+00  0.000000e+00
   endloop
 endfacet
 facet normal  0.000000e+00  0.000000e+00 -1.000000e+00
   outer loop
     vertex -1.315145e+01 -1.982262e+00  0.000000e+00
     vertex -2.068164e+01 -4.180884e+00  0.000000e+00
     vertex -2.086433e+01 -3.144792e+00  0.000000e+00
   endloop
 endfacet
 facet normal -0.000000e+00  0.000000e+00 -1.000000e+00
   outer loop
     vertex -1.653771e+00 -1.319678e+01  0.000000e+00
     vertex -3.663977e+00 -2.077944e+01  0.000000e+00
     vertex -2.309521e+00 -1.309794e+01  0.000000e+00
   endloop
 endfacet
 facet normal  0.000000e+00  0.000000e+00 -1.000000e+00
   outer loop
     vertex -1.653771e+00 -1.319678e+01  0.000000e+00
     vertex -2.623652e+00 -2.093625e+01  0.000000e+00
     vertex -3.663977e+00 -2.077944e+01  0.000000e+00
   endloop
 endfacet
 facet normal  0.000000e+00 -0.000000e+00 -1.000000e+00
   outer loop
     vertex -1.323391e+01 -1.324252e+00  0.000000e+00
     vertex -1.315145e+01 -1.982262e+00  0.000000e+00
     vertex -2.099515e+01 -2.100882e+00  0.000000e+00
   endloop
 endfacet
 facet normal -0.000000e+00  0.000000e+00 -1.000000e+00
   outer loop
     vertex -9.939102e-01 -1.326281e+01  0.000000e+00
     vertex -2.623652e+00 -2.093625e+01  0.000000e+00
     vertex -1.653771e+00 -1.319678e+01  0.000000e+00
   endloop
 endfacet
 facet normal  0.000000e+00  0.000000e+00 -1.000000e+00
   outer loop
     vertex -9.939102e-01 -1.326281e+01  0.000000e+00
     vertex -1.576805e+00 -2.104100e+01  0.000000e+00
     vertex -2.623652e+00 -2.093625e+01  0.000000e+00
   endloop
 endfacet
 facet normal  0.000000e+00 -0.000000e+00 -1.000000e+00
   outer loop
     vertex -9.939102e-01 -1.326281e+01  0.000000e+00
     vertex -5.260376e-01 -2.109344e+01  0.000000e+00
     vertex -1.576805e+00 -2.104100e+01  0.000000e+00
   endloop
 endfacet
 facet normal -0.000000e+00  0.000000e+00 -1.000000e+00
   outer loop
     vertex -1.328347e+01 -6.629503e-01  0.000000e+00
     vertex -2.107377e+01 -1.051748e+00  0.000000e+00
     vertex -2.110000e+01 -7.237825e-14  0.000000e+00
   endloop
 endfacet
 facet normal  0.000000e+00  0.000000e+00 -1.000000e+00
   outer loop
     vertex -1.328347e+01 -6.629503e-01  0.000000e+00
     vertex -2.099515e+01 -2.100882e+00  0.000000e+00
     vertex -2.107377e+01 -1.051748e+00  0.000000e+00
   endloop
 endfacet
 facet normal  0.000000e+00 -0.000000e+00 -1.000000e+00
   outer loop
     vertex -1.328347e+01 -6.629503e-01  0.000000e+00
     vertex -1.323391e+01 -1.324252e+00  0.000000e+00
     vertex -2.099515e+01 -2.100882e+00  0.000000e+00
   endloop
 endfacet
 facet normal -0.000000e+00  0.000000e+00 -1.000000e+00
   outer loop
     vertex -3.315782e-01 -1.329587e+01  0.000000e+00
     vertex -5.260376e-01 -2.109344e+01  0.000000e+00
     vertex -9.939102e-01 -1.326281e+01  0.000000e+00
   endloop
 endfacet
 facet normal  0.000000e+00 -0.000000e+00 -1.000000e+00
   outer loop
     vertex -1.330000e+01 -4.562231e-14  0.000000e+00
     vertex -1.328347e+01 -6.629503e-01  0.000000e+00
     vertex -2.110000e+01 -7.237825e-14  0.000000e+00
   endloop
 endfacet
 facet normal  0.000000e+00  0.000000e+00 -1.000000e+00
   outer loop
     vertex  3.315782e-01 -1.329587e+01  0.000000e+00
     vertex -5.260376e-01 -2.109344e+01  0.000000e+00
     vertex -3.315782e-01 -1.329587e+01  0.000000e+00
   endloop
 endfacet
 facet normal  0.000000e+00 -0.000000e+00 -1.000000e+00
   outer loop
     vertex  3.315782e-01 -1.329587e+01  0.000000e+00
     vertex  5.260376e-01 -2.109344e+01  0.000000e+00
     vertex -5.260376e-01 -2.109344e+01  0.000000e+00
   endloop
 endfacet
 facet normal -0.000000e+00  0.000000e+00 -1.000000e+00
   outer loop
     vertex -1.328347e+01  6.629503e-01  0.000000e+00
     vertex -2.110000e+01 -7.237825e-14  0.000000e+00
     vertex -2.107377e+01  1.051748e+00  0.000000e+00
   endloop
 endfacet
 facet normal  0.000000e+00  0.000000e+00 -1.000000e+00
   outer loop
     vertex -1.328347e+01  6.629503e-01  0.000000e+00
     vertex -1.330000e+01 -4.562231e-14  0.000000e+00
     vertex -2.110000e+01 -7.237825e-14  0.000000e+00
   endloop
 endfacet
 facet normal  0.000000e+00  0.000000e+00 -1.000000e+00
   outer loop
     vertex  9.939102e-01 -1.326281e+01  0.000000e+00
     vertex  5.260376e-01 -2.109344e+01  0.000000e+00
     vertex  3.315782e-01 -1.329587e+01  0.000000e+00
   endloop
 endfacet
 facet normal  0.000000e+00 -0.000000e+00 -1.000000e+00
   outer loop
     vertex  9.939102e-01 -1.326281e+01  0.000000e+00
     vertex  1.576805e+00 -2.104100e+01  0.000000e+00
     vertex  5.260376e-01 -2.109344e+01  0.000000e+00
   endloop
 endfacet
 facet normal  0.000000e+00  0.000000e+00 -1.000000e+00
   outer loop
     vertex  9.939102e-01 -1.326281e+01  0.000000e+00
     vertex  2.623652e+00 -2.093625e+01  0.000000e+00
     vertex  1.576805e+00 -2.104100e+01  0.000000e+00
   endloop
 endfacet
 facet normal -0.000000e+00  0.000000e+00 -1.000000e+00
   outer loop
     vertex -1.323391e+01  1.324252e+00  0.000000e+00
     vertex -2.107377e+01  1.051748e+00  0.000000e+00
     vertex -2.099515e+01  2.100882e+00  0.000000e+00
   endloop
 endfacet
 facet normal  0.000000e+00  0.000000e+00 -1.000000e+00
   outer loop
     vertex -1.323391e+01  1.324252e+00  0.000000e+00
     vertex -1.328347e+01  6.629503e-01  0.000000e+00
     vertex -2.107377e+01  1.051748e+00  0.000000e+00
   endloop
 endfacet
 facet normal  0.000000e+00 -0.000000e+00 -1.000000e+00
   outer loop
     vertex  1.653771e+00 -1.319678e+01  0.000000e+00
     vertex  2.623652e+00 -2.093625e+01  0.000000e+00
     vertex  9.939102e-01 -1.326281e+01  0.000000e+00
   endloop
 endfacet
 facet normal  0.000000e+00  0.000000e+00 -1.000000e+00
   outer loop
     vertex -1.315145e+01  1.982262e+00  0.000000e+00
     vertex -2.099515e+01  2.100882e+00  0.000000e+00
     vertex -2.086433e+01  3.144792e+00  0.000000e+00
   endloop
 endfacet
 facet normal -0.000000e+00  0.000000e+00 -1.000000e+00
   outer loop
     vertex -1.315145e+01  1.982262e+00  0.000000e+00
     vertex -1.323391e+01  1.324252e+00  0.000000e+00
     vertex -2.099515e+01  2.100882e+00  0.000000e+00
   endloop
 endfacet
 facet normal  0.000000e+00 -0.000000e+00 -1.000000e+00
   outer loop
     vertex  2.309521e+00 -1.309794e+01  0.000000e+00
     vertex  2.623652e+00 -2.093625e+01  0.000000e+00
     vertex  1.653771e+00 -1.319678e+01  0.000000e+00
   endloop
 endfacet
 facet normal  0.000000e+00  0.000000e+00 -1.000000e+00
   outer loop
     vertex  2.309521e+00 -1.309794e+01  0.000000e+00
     vertex  3.663977e+00 -2.077944e+01  0.000000e+00
     vertex  2.623652e+00 -2.093625e+01  0.000000e+00
   endloop
 endfacet
 facet normal -0.000000e+00  0.000000e+00 -1.000000e+00
   outer loop
     vertex -1.303629e+01  2.635344e+00  0.000000e+00
     vertex -1.315145e+01  1.982262e+00  0.000000e+00
     vertex -2.086433e+01  3.144792e+00  0.000000e+00
   endloop
 endfacet
 facet normal  0.000000e+00  0.000000e+00 -1.000000e+00
   outer loop
     vertex -1.303629e+01  2.635344e+00  0.000000e+00
     vertex -2.086433e+01  3.144792e+00  0.000000e+00
     vertex -2.068164e+01  4.180884e+00  0.000000e+00
   endloop
 endfacet
 facet normal  0.000000e+00 -0.000000e+00 -1.000000e+00
   outer loop
     vertex  2.959528e+00 -1.296654e+01  0.000000e+00
     vertex  3.663977e+00 -2.077944e+01  0.000000e+00
     vertex  2.309521e+00 -1.309794e+01  0.000000e+00
   endloop
 endfacet
 facet normal  0.000000e+00  0.000000e+00 -1.000000e+00
   outer loop
     vertex  2.959528e+00 -1.296654e+01  0.000000e+00
     vertex  4.695192e+00 -2.057098e+01  0.000000e+00
     vertex  3.663977e+00 -2.077944e+01  0.000000e+00
   endloop
 endfacet
 facet normal -0.000000e+00  0.000000e+00 -1.000000e+00
   outer loop
     vertex -1.288873e+01  3.281873e+00  0.000000e+00
     vertex -1.303629e+01  2.635344e+00  0.000000e+00
     vertex -2.068164e+01  4.180884e+00  0.000000e+00
   endloop
 endfacet
 facet normal  0.000000e+00  0.000000e+00 -1.000000e+00
   outer loop
     vertex -1.288873e+01  3.281873e+00  0.000000e+00
     vertex -2.068164e+01  4.180884e+00  0.000000e+00
     vertex -2.044753e+01  5.206581e+00  0.000000e+00
   endloop
 endfacet
 facet normal  0.000000e+00 -0.000000e+00 -1.000000e+00
   outer loop
     vertex  3.602178e+00 -1.280290e+01  0.000000e+00
     vertex  4.695192e+00 -2.057098e+01  0.000000e+00
     vertex  2.959528e+00 -1.296654e+01  0.000000e+00
   endloop
 endfacet
 facet normal  0.000000e+00  0.000000e+00 -1.000000e+00
   outer loop
     vertex  3.602178e+00 -1.280290e+01  0.000000e+00
     vertex  5.714734e+00 -2.031137e+01  0.000000e+00
     vertex  4.695192e+00 -2.057098e+01  0.000000e+00
   endloop
 endfacet
 facet normal -0.000000e+00  0.000000e+00 -1.000000e+00
   outer loop
     vertex -1.270912e+01  3.920244e+00  0.000000e+00
     vertex -1.288873e+01  3.281873e+00  0.000000e+00
     vertex -2.044753e+01  5.206581e+00  0.000000e+00
   endloop
 endfacet
 facet normal  0.000000e+00  0.000000e+00 -1.000000e+00
   outer loop
     vertex -1.270912e+01  3.920244e+00  0.000000e+00
     vertex -2.044753e+01  5.206581e+00  0.000000e+00
     vertex -2.016259e+01  6.219334e+00  0.000000e+00
   endloop
 endfacet
 facet normal  0.000000e+00  0.000000e+00 -1.000000e+00
   outer loop
     vertex  4.235872e+00 -1.260743e+01  0.000000e+00
     vertex  6.720068e+00 -2.000127e+01  0.000000e+00
     vertex  5.714734e+00 -2.031137e+01  0.000000e+00
   endloop
 endfacet
 facet normal  0.000000e+00 -0.000000e+00 -1.000000e+00
   outer loop
     vertex  4.235872e+00 -1.260743e+01  0.000000e+00
     vertex  5.714734e+00 -2.031137e+01  0.000000e+00
     vertex  3.602178e+00 -1.280290e+01  0.000000e+00
   endloop
 endfacet
 facet normal -0.000000e+00  0.000000e+00 -1.000000e+00
   outer loop
     vertex -1.249791e+01  4.548868e+00  0.000000e+00
     vertex -1.270912e+01  3.920244e+00  0.000000e+00
     vertex -2.016259e+01  6.219334e+00  0.000000e+00
   endloop
 endfacet
 facet normal  0.000000e+00  0.000000e+00 -1.000000e+00
   outer loop
     vertex -1.249791e+01  4.548868e+00  0.000000e+00
     vertex -1.982751e+01  7.216625e+00  0.000000e+00
     vertex -1.944315e+01  8.195974e+00  0.000000e+00
   endloop
 endfacet
 facet normal  0.000000e+00  0.000000e+00 -1.000000e+00
   outer loop
     vertex -1.249791e+01  4.548868e+00  0.000000e+00
     vertex -2.016259e+01  6.219334e+00  0.000000e+00
     vertex -1.982751e+01  7.216625e+00  0.000000e+00
   endloop
 endfacet
 facet normal  0.000000e+00  0.000000e+00 -1.000000e+00
   outer loop
     vertex  4.859036e+00 -1.238062e+01  0.000000e+00
     vertex  7.708696e+00 -1.964144e+01  0.000000e+00
     vertex  6.720068e+00 -2.000127e+01  0.000000e+00
   endloop
 endfacet
 facet normal  0.000000e+00 -0.000000e+00 -1.000000e+00
   outer loop
     vertex  4.859036e+00 -1.238062e+01  0.000000e+00
     vertex  6.720068e+00 -2.000127e+01  0.000000e+00
     vertex  4.235872e+00 -1.260743e+01  0.000000e+00
   endloop
 endfacet
 facet normal -0.000000e+00  0.000000e+00 -1.000000e+00
   outer loop
     vertex -1.225563e+01  5.166183e+00  0.000000e+00
     vertex -1.249791e+01  4.548868e+00  0.000000e+00
     vertex -1.944315e+01  8.195974e+00  0.000000e+00
   endloop
 endfacet
 facet normal  0.000000e+00  0.000000e+00 -1.000000e+00
   outer loop
     vertex  5.470118e+00 -1.212303e+01  0.000000e+00
     vertex  8.678158e+00 -1.923277e+01  0.000000e+00
     vertex  7.708696e+00 -1.964144e+01  0.000000e+00
   endloop
 endfacet
 facet normal  0.000000e+00 -0.000000e+00 -1.000000e+00
   outer loop
     vertex  5.470118e+00 -1.212303e+01  0.000000e+00
     vertex  7.708696e+00 -1.964144e+01  0.000000e+00
     vertex  4.859036e+00 -1.238062e+01  0.000000e+00
   endloop
 endfacet
 facet normal -0.000000e+00  0.000000e+00 -1.000000e+00
   outer loop
     vertex -1.198289e+01  5.770654e+00  0.000000e+00
     vertex -1.225563e+01  5.166183e+00  0.000000e+00
     vertex -1.944315e+01  8.195974e+00  0.000000e+00
   endloop
 endfacet
 facet normal  0.000000e+00  0.000000e+00 -1.000000e+00
   outer loop
     vertex -1.198289e+01  5.770654e+00  0.000000e+00
     vertex -1.901044e+01  9.154947e+00  0.000000e+00
     vertex -1.853048e+01  1.009116e+01  0.000000e+00
   endloop
 endfacet
 facet normal  0.000000e+00  0.000000e+00 -1.000000e+00
   outer loop
     vertex -1.198289e+01  5.770654e+00  0.000000e+00
     vertex -1.944315e+01  8.195974e+00  0.000000e+00
     vertex -1.901044e+01  9.154947e+00  0.000000e+00
   endloop
 endfacet
 facet normal  0.000000e+00  0.000000e+00 -1.000000e+00
   outer loop
     vertex  6.067602e+00 -1.183530e+01  0.000000e+00
     vertex  9.626045e+00 -1.877630e+01  0.000000e+00
     vertex  8.678158e+00 -1.923277e+01  0.000000e+00
   endloop
 endfacet
 facet normal  0.000000e+00 -0.000000e+00 -1.000000e+00
   outer loop
     vertex  6.067602e+00 -1.183530e+01  0.000000e+00
     vertex  8.678158e+00 -1.923277e+01  0.000000e+00
     vertex  5.470118e+00 -1.212303e+01  0.000000e+00
   endloop
 endfacet
 facet normal -0.000000e+00  0.000000e+00 -1.000000e+00
   outer loop
     vertex -1.168035e+01  6.360778e+00  0.000000e+00
     vertex -1.198289e+01  5.770654e+00  0.000000e+00
     vertex -1.853048e+01  1.009116e+01  0.000000e+00
   endloop
 endfacet
 facet normal  0.000000e+00  0.000000e+00 -1.000000e+00
   outer loop
     vertex  6.650000e+00 -1.151814e+01  0.000000e+00
     vertex  1.055000e+01 -1.827314e+01  0.000000e+00
     vertex  9.626045e+00 -1.877630e+01  0.000000e+00
   endloop
 endfacet
 facet normal  0.000000e+00 -0.000000e+00 -1.000000e+00
   outer loop
     vertex  6.650000e+00 -1.151814e+01  0.000000e+00
     vertex  9.626045e+00 -1.877630e+01  0.000000e+00
     vertex  6.067602e+00 -1.183530e+01  0.000000e+00
   endloop
 endfacet
 facet normal  0.000000e+00  0.000000e+00 -1.000000e+00
   outer loop
     vertex -1.134877e+01  6.935088e+00  0.000000e+00
     vertex -1.853048e+01  1.009116e+01  0.000000e+00
     vertex -1.800444e+01  1.100228e+01  0.000000e+00
   endloop
 endfacet
 facet normal -0.000000e+00  0.000000e+00 -1.000000e+00
   outer loop
     vertex -1.134877e+01  6.935088e+00  0.000000e+00
     vertex -1.168035e+01  6.360778e+00  0.000000e+00
     vertex -1.853048e+01  1.009116e+01  0.000000e+00
   endloop
 endfacet
 facet normal  0.000000e+00  0.000000e+00 -1.000000e+00
   outer loop
     vertex  7.215865e+00 -1.117234e+01  0.000000e+00
     vertex  1.144773e+01 -1.772455e+01  0.000000e+00
     vertex  1.055000e+01 -1.827314e+01  0.000000e+00
   endloop
 endfacet
 facet normal  0.000000e+00 -0.000000e+00 -1.000000e+00
   outer loop
     vertex  7.215865e+00 -1.117234e+01  0.000000e+00
     vertex  1.055000e+01 -1.827314e+01  0.000000e+00
     vertex  6.650000e+00 -1.151814e+01  0.000000e+00
   endloop
 endfacet
 facet normal  0.000000e+00  0.000000e+00 -1.000000e+00
   outer loop
     vertex -1.098898e+01  7.492157e+00  0.000000e+00
     vertex -1.800444e+01  1.100228e+01  0.000000e+00
     vertex -1.743364e+01  1.188605e+01  0.000000e+00
   endloop
 endfacet
 facet normal -0.000000e+00  0.000000e+00 -1.000000e+00
   outer loop
     vertex -1.098898e+01  7.492157e+00  0.000000e+00
     vertex -1.134877e+01  6.935088e+00  0.000000e+00
     vertex -1.800444e+01  1.100228e+01  0.000000e+00
   endloop
 endfacet
 facet normal  0.000000e+00  0.000000e+00 -1.000000e+00
   outer loop
     vertex  7.763791e+00 -1.079878e+01  0.000000e+00
     vertex  1.231699e+01 -1.713189e+01  0.000000e+00
     vertex  1.144773e+01 -1.772455e+01  0.000000e+00
   endloop
 endfacet
 facet normal  0.000000e+00 -0.000000e+00 -1.000000e+00
   outer loop
     vertex  7.763791e+00 -1.079878e+01  0.000000e+00
     vertex  1.144773e+01 -1.772455e+01  0.000000e+00
     vertex  7.215865e+00 -1.117234e+01  0.000000e+00
   endloop
 endfacet
 facet normal  0.000000e+00  0.000000e+00 -1.000000e+00
   outer loop
     vertex -1.060186e+01  8.030599e+00  0.000000e+00
     vertex -1.743364e+01  1.188605e+01  0.000000e+00
     vertex -1.681950e+01  1.274027e+01  0.000000e+00
   endloop
 endfacet
 facet normal -0.000000e+00  0.000000e+00 -1.000000e+00
   outer loop
     vertex -1.060186e+01  8.030599e+00  0.000000e+00
     vertex -1.098898e+01  7.492157e+00  0.000000e+00
     vertex -1.743364e+01  1.188605e+01  0.000000e+00
   endloop
 endfacet
 facet normal  0.000000e+00  0.000000e+00 -1.000000e+00
   outer loop
     vertex  8.292414e+00 -1.039836e+01  0.000000e+00
     vertex  1.315563e+01 -1.649664e+01  0.000000e+00
     vertex  1.231699e+01 -1.713189e+01  0.000000e+00
   endloop
 endfacet
 facet normal  0.000000e+00 -0.000000e+00 -1.000000e+00
   outer loop
     vertex  8.292414e+00 -1.039836e+01  0.000000e+00
     vertex  1.231699e+01 -1.713189e+01  0.000000e+00
     vertex  7.763791e+00 -1.079878e+01  0.000000e+00
   endloop
 endfacet
 facet normal  0.000000e+00  0.000000e+00 -1.000000e+00
   outer loop
     vertex -1.018839e+01  8.549075e+00  0.000000e+00
     vertex -1.681950e+01  1.274027e+01  0.000000e+00
     vertex -1.616354e+01  1.356282e+01  0.000000e+00
   endloop
 endfacet
 facet normal -0.000000e+00  0.000000e+00 -1.000000e+00
   outer loop
     vertex -1.018839e+01  8.549075e+00  0.000000e+00
     vertex -1.060186e+01  8.030599e+00  0.000000e+00
     vertex -1.681950e+01  1.274027e+01  0.000000e+00
   endloop
 endfacet
 facet normal  0.000000e+00  0.000000e+00 -1.000000e+00
   outer loop
     vertex  8.800422e+00 -9.972090e+00  0.000000e+00
     vertex  1.396157e+01 -1.582038e+01  0.000000e+00
     vertex  1.315563e+01 -1.649664e+01  0.000000e+00
   endloop
 endfacet
 facet normal  0.000000e+00 -0.000000e+00 -1.000000e+00
   outer loop
     vertex  8.800422e+00 -9.972090e+00  0.000000e+00
     vertex  1.315563e+01 -1.649664e+01  0.000000e+00
     vertex  8.292414e+00 -1.039836e+01  0.000000e+00
   endloop
 endfacet
 facet normal  0.000000e+00  0.000000e+00 -1.000000e+00
   outer loop
     vertex -9.749590e+00  9.046297e+00  0.000000e+00
     vertex -1.616354e+01  1.356282e+01  0.000000e+00
     vertex -1.546739e+01  1.435164e+01  0.000000e+00
   endloop
 endfacet
 facet normal -0.000000e+00  0.000000e+00 -1.000000e+00
   outer loop
     vertex -9.749590e+00  9.046297e+00  0.000000e+00
     vertex -1.018839e+01  8.549075e+00  0.000000e+00
     vertex -1.616354e+01  1.356282e+01  0.000000e+00
   endloop
 endfacet
 facet normal  0.000000e+00  0.000000e+00 -1.000000e+00
   outer loop
     vertex  9.286550e+00 -9.521029e+00  0.000000e+00
     vertex  1.473280e+01 -1.510479e+01  0.000000e+00
     vertex  1.396157e+01 -1.582038e+01  0.000000e+00
   endloop
 endfacet
 facet normal  0.000000e+00 -0.000000e+00 -1.000000e+00
   outer loop
     vertex  9.286550e+00 -9.521029e+00  0.000000e+00
     vertex  1.396157e+01 -1.582038e+01  0.000000e+00
     vertex  8.800422e+00 -9.972090e+00  0.000000e+00
   endloop
 endfacet
 facet normal  0.000000e+00  0.000000e+00 -1.000000e+00
   outer loop
     vertex -1.473280e+01  1.510479e+01  0.000000e+00
     vertex -9.286550e+00  9.521029e+00  0.000000e+00
     vertex -9.749590e+00  9.046297e+00  0.000000e+00
   endloop
 endfacet
 facet normal  0.000000e+00 -0.000000e+00 -1.000000e+00
   outer loop
     vertex -1.473280e+01  1.510479e+01  0.000000e+00
     vertex -9.749590e+00  9.046297e+00  0.000000e+00
     vertex -1.546739e+01  1.435164e+01  0.000000e+00
   endloop
 endfacet
 facet normal  0.000000e+00  0.000000e+00 -1.000000e+00
   outer loop
     vertex  1.546739e+01 -1.435164e+01  0.000000e+00
     vertex  9.286550e+00 -9.521029e+00  0.000000e+00
     vertex  9.749590e+00 -9.046297e+00  0.000000e+00
   endloop
 endfacet
 facet normal -0.000000e+00  0.000000e+00 -1.000000e+00
   outer loop
     vertex  1.546739e+01 -1.435164e+01  0.000000e+00
     vertex  1.473280e+01 -1.510479e+01  0.000000e+00
     vertex  9.286550e+00 -9.521029e+00  0.000000e+00
   endloop
 endfacet
 facet normal -0.000000e+00  0.000000e+00 -1.000000e+00
   outer loop
     vertex -8.800422e+00  9.972090e+00  0.000000e+00
     vertex -9.286550e+00  9.521029e+00  0.000000e+00
     vertex -1.473280e+01  1.510479e+01  0.000000e+00
   endloop
 endfacet
 facet normal  0.000000e+00 -0.000000e+00 -1.000000e+00
   outer loop
     vertex  1.018839e+01 -8.549075e+00  0.000000e+00
     vertex  1.546739e+01 -1.435164e+01  0.000000e+00
     vertex  9.749590e+00 -9.046297e+00  0.000000e+00
   endloop
 endfacet
 facet normal  0.000000e+00 -0.000000e+00 -1.000000e+00
   outer loop
     vertex -1.396157e+01  1.582038e+01  0.000000e+00
     vertex -8.800422e+00  9.972090e+00  0.000000e+00
     vertex -1.473280e+01  1.510479e+01  0.000000e+00
   endloop
 endfacet
 facet normal -0.000000e+00  0.000000e+00 -1.000000e+00
   outer loop
     vertex  1.616354e+01 -1.356282e+01  0.000000e+00
     vertex  1.546739e+01 -1.435164e+01  0.000000e+00
     vertex  1.018839e+01 -8.549075e+00  0.000000e+00
   endloop
 endfacet
 facet normal  0.000000e+00 -0.000000e+00 -1.000000e+00
   outer loop
     vertex -1.315563e+01  1.649664e+01  0.000000e+00
     vertex -8.800422e+00  9.972090e+00  0.000000e+00
     vertex -1.396157e+01  1.582038e+01  0.000000e+00
   endloop
 endfacet
 facet normal  0.000000e+00  0.000000e+00 -1.000000e+00
   outer loop
     vertex -1.315563e+01  1.649664e+01  0.000000e+00
     vertex -8.292414e+00  1.039836e+01  0.000000e+00
     vertex -8.800422e+00  9.972090e+00  0.000000e+00
   endloop
 endfacet
 facet normal -0.000000e+00  0.000000e+00 -1.000000e+00
   outer loop
     vertex  1.681950e+01 -1.274027e+01  0.000000e+00
     vertex  1.616354e+01 -1.356282e+01  0.000000e+00
     vertex  1.018839e+01 -8.549075e+00  0.000000e+00
   endloop
 endfacet
 facet normal  0.000000e+00  0.000000e+00 -1.000000e+00
   outer loop
     vertex  1.681950e+01 -1.274027e+01  0.000000e+00
     vertex  1.018839e+01 -8.549075e+00  0.000000e+00
     vertex  1.060186e+01 -8.030599e+00  0.000000e+00
   endloop
 endfacet
 facet normal  0.000000e+00  0.000000e+00 -1.000000e+00
   outer loop
     vertex  1.681950e+01 -1.274027e+01  0.000000e+00
     vertex  1.060186e+01 -8.030599e+00  0.000000e+00
     vertex  1.098898e+01 -7.492157e+00  0.000000e+00
   endloop
 endfacet
 facet normal  0.000000e+00 -0.000000e+00 -1.000000e+00
   outer loop
     vertex -1.231699e+01  1.713189e+01  0.000000e+00
     vertex -8.292414e+00  1.039836e+01  0.000000e+00
     vertex -1.315563e+01  1.649664e+01  0.000000e+00
   endloop
 endfacet
 facet normal  0.000000e+00  0.000000e+00 -1.000000e+00
   outer loop
     vertex -1.231699e+01  1.713189e+01  0.000000e+00
     vertex -7.215865e+00  1.117234e+01  0.000000e+00
     vertex -7.763791e+00  1.079878e+01  0.000000e+00
   endloop
 endfacet
 facet normal  0.000000e+00  0.000000e+00 -1.000000e+00
   outer loop
     vertex -1.231699e+01  1.713189e+01  0.000000e+00
     vertex -7.763791e+00  1.079878e+01  0.000000e+00
     vertex -8.292414e+00  1.039836e+01  0.000000e+00
   endloop
 endfacet
 facet normal -0.000000e+00  0.000000e+00 -1.000000e+00
   outer loop
     vertex  1.743364e+01 -1.188605e+01  0.000000e+00
     vertex  1.681950e+01 -1.274027e+01  0.000000e+00
     vertex  1.098898e+01 -7.492157e+00  0.000000e+00
   endloop
 endfacet
 facet normal  0.000000e+00 -0.000000e+00 -1.000000e+00
   outer loop
     vertex -1.144773e+01  1.772455e+01  0.000000e+00
     vertex -7.215865e+00  1.117234e+01  0.000000e+00
     vertex -1.231699e+01  1.713189e+01  0.000000e+00
   endloop
 endfacet
 facet normal  0.000000e+00  0.000000e+00 -1.000000e+00
   outer loop
     vertex -1.144773e+01  1.772455e+01  0.000000e+00
     vertex -6.650000e+00  1.151814e+01  0.000000e+00
     vertex -7.215865e+00  1.117234e+01  0.000000e+00
   endloop
 endfacet
 facet normal  0.000000e+00  0.000000e+00 -1.000000e+00
   outer loop
     vertex  1.800444e+01 -1.100228e+01  0.000000e+00
     vertex  1.098898e+01 -7.492157e+00  0.000000e+00
     vertex  1.134877e+01 -6.935088e+00  0.000000e+00
   endloop
 endfacet
 facet normal  0.000000e+00  0.000000e+00 -1.000000e+00
   outer loop
     vertex  1.800444e+01 -1.100228e+01  0.000000e+00
     vertex  1.134877e+01 -6.935088e+00  0.000000e+00
     vertex  1.168035e+01 -6.360778e+00  0.000000e+00
   endloop
 endfacet
 facet normal -0.000000e+00  0.000000e+00 -1.000000e+00
   outer loop
     vertex  1.800444e+01 -1.100228e+01  0.000000e+00
     vertex  1.743364e+01 -1.188605e+01  0.000000e+00
     vertex  1.098898e+01 -7.492157e+00  0.000000e+00
   endloop
 endfacet
 facet normal  0.000000e+00 -0.000000e+00 -1.000000e+00
   outer loop
     vertex -1.055000e+01  1.827314e+01  0.000000e+00
     vertex -6.650000e+00  1.151814e+01  0.000000e+00
     vertex -1.144773e+01  1.772455e+01  0.000000e+00
   endloop
 endfacet
 facet normal -0.000000e+00  0.000000e+00 -1.000000e+00
   outer loop
     vertex  1.853048e+01 -1.009116e+01  0.000000e+00
     vertex  1.800444e+01 -1.100228e+01  0.000000e+00
     vertex  1.168035e+01 -6.360778e+00  0.000000e+00
   endloop
 endfacet
 facet normal  0.000000e+00 -0.000000e+00 -1.000000e+00
   outer loop
     vertex -9.626045e+00  1.877630e+01  0.000000e+00
     vertex -6.650000e+00  1.151814e+01  0.000000e+00
     vertex -1.055000e+01  1.827314e+01  0.000000e+00
   endloop
 endfacet
 facet normal  0.000000e+00  0.000000e+00 -1.000000e+00
   outer loop
     vertex -9.626045e+00  1.877630e+01  0.000000e+00
     vertex -6.067602e+00  1.183530e+01  0.000000e+00
     vertex -6.650000e+00  1.151814e+01  0.000000e+00
   endloop
 endfacet
 facet normal  0.000000e+00  0.000000e+00 -1.000000e+00
   outer loop
     vertex  1.901044e+01 -9.154947e+00  0.000000e+00
     vertex  1.168035e+01 -6.360778e+00  0.000000e+00
     vertex  1.198289e+01 -5.770654e+00  0.000000e+00
   endloop
 endfacet
 facet normal -0.000000e+00  0.000000e+00 -1.000000e+00
   outer loop
     vertex  1.901044e+01 -9.154947e+00  0.000000e+00
     vertex  1.853048e+01 -1.009116e+01  0.000000e+00
     vertex  1.168035e+01 -6.360778e+00  0.000000e+00
   endloop
 endfacet
 facet normal  0.000000e+00  0.000000e+00 -1.000000e+00
   outer loop
     vertex -8.678158e+00  1.923277e+01  0.000000e+00
     vertex -5.470118e+00  1.212303e+01  0.000000e+00
     vertex -6.067602e+00  1.183530e+01  0.000000e+00
   endloop
 endfacet
 facet normal  0.000000e+00 -0.000000e+00 -1.000000e+00
   outer loop
     vertex -8.678158e+00  1.923277e+01  0.000000e+00
     vertex -6.067602e+00  1.183530e+01  0.000000e+00
     vertex -9.626045e+00  1.877630e+01  0.000000e+00
   endloop
 endfacet
 facet normal  0.000000e+00  0.000000e+00 -1.000000e+00
   outer loop
     vertex  1.944315e+01 -8.195974e+00  0.000000e+00
     vertex  1.198289e+01 -5.770654e+00  0.000000e+00
     vertex  1.225563e+01 -5.166183e+00  0.000000e+00
   endloop
 endfacet
 facet normal -0.000000e+00  0.000000e+00 -1.000000e+00
   outer loop
     vertex  1.944315e+01 -8.195974e+00  0.000000e+00
     vertex  1.901044e+01 -9.154947e+00  0.000000e+00
     vertex  1.198289e+01 -5.770654e+00  0.000000e+00
   endloop
 endfacet
 facet normal  0.000000e+00  0.000000e+00 -1.000000e+00
   outer loop
     vertex -7.708696e+00  1.964144e+01  0.000000e+00
     vertex -4.859036e+00  1.238062e+01  0.000000e+00
     vertex -5.470118e+00  1.212303e+01  0.000000e+00
   endloop
 endfacet
 facet normal  0.000000e+00 -0.000000e+00 -1.000000e+00
   outer loop
     vertex -7.708696e+00  1.964144e+01  0.000000e+00
     vertex -5.470118e+00  1.212303e+01  0.000000e+00
     vertex -8.678158e+00  1.923277e+01  0.000000e+00
   endloop
 endfacet
 facet normal  0.000000e+00  0.000000e+00 -1.000000e+00
   outer loop
     vertex  1.982751e+01 -7.216625e+00  0.000000e+00
     vertex  1.225563e+01 -5.166183e+00  0.000000e+00
     vertex  1.249791e+01 -4.548868e+00  0.000000e+00
   endloop
 endfacet
 facet normal -0.000000e+00  0.000000e+00 -1.000000e+00
   outer loop
     vertex  1.982751e+01 -7.216625e+00  0.000000e+00
     vertex  1.944315e+01 -8.195974e+00  0.000000e+00
     vertex  1.225563e+01 -5.166183e+00  0.000000e+00
   endloop
 endfacet
 facet normal  0.000000e+00  0.000000e+00 -1.000000e+00
   outer loop
     vertex -6.720068e+00  2.000127e+01  0.000000e+00
     vertex -3.602178e+00  1.280290e+01  0.000000e+00
     vertex -4.235872e+00  1.260743e+01  0.000000e+00
   endloop
 endfacet
 facet normal  0.000000e+00  0.000000e+00 -1.000000e+00
   outer loop
     vertex -6.720068e+00  2.000127e+01  0.000000e+00
     vertex -4.235872e+00  1.260743e+01  0.000000e+00
     vertex -4.859036e+00  1.238062e+01  0.000000e+00
   endloop
 endfacet
 facet normal  0.000000e+00 -0.000000e+00 -1.000000e+00
   outer loop
     vertex -6.720068e+00  2.000127e+01  0.000000e+00
     vertex -4.859036e+00  1.238062e+01  0.000000e+00
     vertex -7.708696e+00  1.964144e+01  0.000000e+00
   endloop
 endfacet
 facet normal  0.000000e+00  0.000000e+00 -1.000000e+00
   outer loop
     vertex  2.016259e+01 -6.219334e+00  0.000000e+00
     vertex  1.249791e+01 -4.548868e+00  0.000000e+00
     vertex  1.270912e+01 -3.920244e+00  0.000000e+00
   endloop
 endfacet
 facet normal -0.000000e+00  0.000000e+00 -1.000000e+00
   outer loop
     vertex  2.016259e+01 -6.219334e+00  0.000000e+00
     vertex  1.982751e+01 -7.216625e+00  0.000000e+00
     vertex  1.249791e+01 -4.548868e+00  0.000000e+00
   endloop
 endfacet
 facet normal  0.000000e+00 -0.000000e+00 -1.000000e+00
   outer loop
     vertex -5.714734e+00  2.031137e+01  0.000000e+00
     vertex -3.602178e+00  1.280290e+01  0.000000e+00
     vertex -6.720068e+00  2.000127e+01  0.000000e+00
   endloop
 endfacet
 facet normal  0.000000e+00  0.000000e+00 -1.000000e+00
   outer loop
     vertex  2.044753e+01 -5.206581e+00  0.000000e+00
     vertex  1.270912e+01 -3.920244e+00  0.000000e+00
     vertex  1.288873e+01 -3.281873e+00  0.000000e+00
   endloop
 endfacet
 facet normal -0.000000e+00  0.000000e+00 -1.000000e+00
   outer loop
     vertex  2.044753e+01 -5.206581e+00  0.000000e+00
     vertex  2.016259e+01 -6.219334e+00  0.000000e+00
     vertex  1.270912e+01 -3.920244e+00  0.000000e+00
   endloop
 endfacet
 facet normal  0.000000e+00  0.000000e+00 -1.000000e+00
   outer loop
     vertex -4.695192e+00  2.057098e+01  0.000000e+00
     vertex -2.309521e+00  1.309794e+01  0.000000e+00
     vertex -2.959528e+00  1.296654e+01  0.000000e+00
   endloop
 endfacet
 facet normal  0.000000e+00  0.000000e+00 -1.000000e+00
   outer loop
     vertex -4.695192e+00  2.057098e+01  0.000000e+00
     vertex -2.959528e+00  1.296654e+01  0.000000e+00
     vertex -3.602178e+00  1.280290e+01  0.000000e+00
   endloop
 endfacet
 facet normal  0.000000e+00 -0.000000e+00 -1.000000e+00
   outer loop
     vertex -4.695192e+00  2.057098e+01  0.000000e+00
     vertex -3.602178e+00  1.280290e+01  0.000000e+00
     vertex -5.714734e+00  2.031137e+01  0.000000e+00
   endloop
 endfacet
 facet normal  0.000000e+00  0.000000e+00 -1.000000e+00
   outer loop
     vertex  2.068164e+01 -4.180884e+00  0.000000e+00
     vertex  1.288873e+01 -3.281873e+00  0.000000e+00
     vertex  1.303629e+01 -2.635344e+00  0.000000e+00
   endloop
 endfacet
 facet normal -0.000000e+00  0.000000e+00 -1.000000e+00
   outer loop
     vertex  2.068164e+01 -4.180884e+00  0.000000e+00
     vertex  2.044753e+01 -5.206581e+00  0.000000e+00
     vertex  1.288873e+01 -3.281873e+00  0.000000e+00
   endloop
 endfacet
 facet normal  0.000000e+00 -0.000000e+00 -1.000000e+00
   outer loop
     vertex -3.663977e+00  2.077944e+01  0.000000e+00
     vertex -2.309521e+00  1.309794e+01  0.000000e+00
     vertex -4.695192e+00  2.057098e+01  0.000000e+00
   endloop
 endfacet
 facet normal -0.000000e+00  0.000000e+00 -1.000000e+00
   outer loop
     vertex  2.086433e+01 -3.144792e+00  0.000000e+00
     vertex  2.068164e+01 -4.180884e+00  0.000000e+00
     vertex  1.303629e+01 -2.635344e+00  0.000000e+00
   endloop
 endfacet
 facet normal  0.000000e+00  0.000000e+00 -1.000000e+00
   outer loop
     vertex  2.086433e+01 -3.144792e+00  0.000000e+00
     vertex  1.303629e+01 -2.635344e+00  0.000000e+00
     vertex  1.315145e+01 -1.982262e+00  0.000000e+00
   endloop
 endfacet
 facet normal  0.000000e+00 -0.000000e+00 -1.000000e+00
   outer loop
     vertex -2.623652e+00  2.093625e+01  0.000000e+00
     vertex -2.309521e+00  1.309794e+01  0.000000e+00
     vertex -3.663977e+00  2.077944e+01  0.000000e+00
   endloop
 endfacet
 facet normal  0.000000e+00  0.000000e+00 -1.000000e+00
   outer loop
     vertex -2.623652e+00  2.093625e+01  0.000000e+00
     vertex -1.653771e+00  1.319678e+01  0.000000e+00
     vertex -2.309521e+00  1.309794e+01  0.000000e+00
   endloop
 endfacet
 facet normal -0.000000e+00  0.000000e+00 -1.000000e+00
   outer loop
     vertex  2.099515e+01 -2.100882e+00  0.000000e+00
     vertex  2.086433e+01 -3.144792e+00  0.000000e+00
     vertex  1.315145e+01 -1.982262e+00  0.000000e+00
   endloop
 endfacet
 facet normal  0.000000e+00  0.000000e+00 -1.000000e+00
   outer loop
     vertex  2.099515e+01 -2.100882e+00  0.000000e+00
     vertex  1.315145e+01 -1.982262e+00  0.000000e+00
     vertex  1.323391e+01 -1.324252e+00  0.000000e+00
   endloop
 endfacet
 facet normal  0.000000e+00  0.000000e+00 -1.000000e+00
   outer loop
     vertex  2.099515e+01 -2.100882e+00  0.000000e+00
     vertex  1.323391e+01 -1.324252e+00  0.000000e+00
     vertex  1.328347e+01 -6.629503e-01  0.000000e+00
   endloop
 endfacet
 facet normal  0.000000e+00 -0.000000e+00 -1.000000e+00
   outer loop
     vertex -1.576805e+00  2.104100e+01  0.000000e+00
     vertex -9.939102e-01  1.326281e+01  0.000000e+00
     vertex -1.653771e+00  1.319678e+01  0.000000e+00
   endloop
 endfacet
 facet normal  0.000000e+00  0.000000e+00 -1.000000e+00
   outer loop
     vertex -1.576805e+00  2.104100e+01  0.000000e+00
     vertex -1.653771e+00  1.319678e+01  0.000000e+00
     vertex -2.623652e+00  2.093625e+01  0.000000e+00
   endloop
 endfacet
 facet normal -0.000000e+00  0.000000e+00 -1.000000e+00
   outer loop
     vertex  2.107377e+01 -1.051748e+00  0.000000e+00
     vertex  2.099515e+01 -2.100882e+00  0.000000e+00
     vertex  1.328347e+01 -6.629503e-01  0.000000e+00
   endloop
 endfacet
 facet normal  0.000000e+00 -0.000000e+00 -1.000000e+00
   outer loop
     vertex -5.260376e-01  2.109344e+01  0.000000e+00
     vertex -3.315782e-01  1.329587e+01  0.000000e+00
     vertex -9.939102e-01  1.326281e+01  0.000000e+00
   endloop
 endfacet
 facet normal  0.000000e+00  0.000000e+00 -1.000000e+00
   outer loop
     vertex -5.260376e-01  2.109344e+01  0.000000e+00
     vertex -9.939102e-01  1.326281e+01  0.000000e+00
     vertex -1.576805e+00  2.104100e+01  0.000000e+00
   endloop
 endfacet
 facet normal -0.000000e+00  0.000000e+00 -1.000000e+00
   outer loop
     vertex  2.110000e+01  0.000000e+00  0.000000e+00
     vertex  1.328347e+01 -6.629503e-01  0.000000e+00
     vertex  1.330000e+01  0.000000e+00  0.000000e+00
   endloop
 endfacet
 facet normal  0.000000e+00  0.000000e+00 -1.000000e+00
   outer loop
     vertex  2.110000e+01  0.000000e+00  0.000000e+00
     vertex  2.107377e+01 -1.051748e+00  0.000000e+00
     vertex  1.328347e+01 -6.629503e-01  0.000000e+00
   endloop
 endfacet
 facet normal  0.000000e+00 -0.000000e+00 -1.000000e+00
   outer loop
     vertex  5.260376e-01  2.109344e+01  0.000000e+00
     vertex  9.939102e-01  1.326281e+01  0.000000e+00
     vertex  3.315782e-01  1.329587e+01  0.000000e+00
   endloop
 endfacet
 facet normal  0.000000e+00  0.000000e+00 -1.000000e+00
   outer loop
     vertex  5.260376e-01  2.109344e+01  0.000000e+00
     vertex  3.315782e-01  1.329587e+01  0.000000e+00
     vertex -3.315782e-01  1.329587e+01  0.000000e+00
   endloop
 endfacet
 facet normal -0.000000e+00  0.000000e+00 -1.000000e+00
   outer loop
     vertex  5.260376e-01  2.109344e+01  0.000000e+00
     vertex -3.315782e-01  1.329587e+01  0.000000e+00
     vertex -5.260376e-01  2.109344e+01  0.000000e+00
   endloop
 endfacet
 facet normal  0.000000e+00  0.000000e+00 -1.000000e+00
   outer loop
     vertex  2.107377e+01  1.051748e+00  0.000000e+00
     vertex  1.330000e+01  0.000000e+00  0.000000e+00
     vertex  1.328347e+01  6.629503e-01  0.000000e+00
   endloop
 endfacet
 facet normal  0.000000e+00 -0.000000e+00 -1.000000e+00
   outer loop
     vertex  2.107377e+01  1.051748e+00  0.000000e+00
     vertex  2.110000e+01  0.000000e+00  0.000000e+00
     vertex  1.330000e+01  0.000000e+00  0.000000e+00
   endloop
 endfacet
 facet normal -0.000000e+00  0.000000e+00 -1.000000e+00
   outer loop
     vertex  1.576805e+00  2.104100e+01  0.000000e+00
     vertex  9.939102e-01  1.326281e+01  0.000000e+00
     vertex  5.260376e-01  2.109344e+01  0.000000e+00
   endloop
 endfacet
 facet normal  0.000000e+00  0.000000e+00 -1.000000e+00
   outer loop
     vertex  2.099515e+01  2.100882e+00  0.000000e+00
     vertex  1.328347e+01  6.629503e-01  0.000000e+00
     vertex  1.323391e+01  1.324252e+00  0.000000e+00
   endloop
 endfacet
 facet normal  0.000000e+00  0.000000e+00 -1.000000e+00
   outer loop
     vertex  2.099515e+01  2.100882e+00  0.000000e+00
     vertex  1.323391e+01  1.324252e+00  0.000000e+00
     vertex  1.315145e+01  1.982262e+00  0.000000e+00
   endloop
 endfacet
 facet normal  0.000000e+00 -0.000000e+00 -1.000000e+00
   outer loop
     vertex  2.099515e+01  2.100882e+00  0.000000e+00
     vertex  2.107377e+01  1.051748e+00  0.000000e+00
     vertex  1.328347e+01  6.629503e-01  0.000000e+00
   endloop
 endfacet
 facet normal  0.000000e+00  0.000000e+00 -1.000000e+00
   outer loop
     vertex  2.623652e+00  2.093625e+01  0.000000e+00
     vertex  1.653771e+00  1.319678e+01  0.000000e+00
     vertex  9.939102e-01  1.326281e+01  0.000000e+00
   endloop
 endfacet
 facet normal -0.000000e+00  0.000000e+00 -1.000000e+00
   outer loop
     vertex  2.623652e+00  2.093625e+01  0.000000e+00
     vertex  9.939102e-01  1.326281e+01  0.000000e+00
     vertex  1.576805e+00  2.104100e+01  0.000000e+00
   endloop
 endfacet
 facet normal  0.000000e+00 -0.000000e+00 -1.000000e+00
   outer loop
     vertex  2.086433e+01  3.144792e+00  0.000000e+00
     vertex  2.099515e+01  2.100882e+00  0.000000e+00
     vertex  1.315145e+01  1.982262e+00  0.000000e+00
   endloop
 endfacet
 facet normal -0.000000e+00  0.000000e+00 -1.000000e+00
   outer loop
     vertex  3.663977e+00  2.077944e+01  0.000000e+00
     vertex  1.653771e+00  1.319678e+01  0.000000e+00
     vertex  2.623652e+00  2.093625e+01  0.000000e+00
   endloop
 endfacet
 facet normal  0.000000e+00  0.000000e+00 -1.000000e+00
   outer loop
     vertex  3.663977e+00  2.077944e+01  0.000000e+00
     vertex  2.309521e+00  1.309794e+01  0.000000e+00
     vertex  1.653771e+00  1.319678e+01  0.000000e+00
   endloop
 endfacet
 facet normal  0.000000e+00  0.000000e+00 -1.000000e+00
   outer loop
     vertex  2.068164e+01  4.180884e+00  0.000000e+00
     vertex  1.315145e+01  1.982262e+00  0.000000e+00
     vertex  1.303629e+01  2.635344e+00  0.000000e+00
   endloop
 endfacet
 facet normal  0.000000e+00 -0.000000e+00 -1.000000e+00
   outer loop
     vertex  2.068164e+01  4.180884e+00  0.000000e+00
     vertex  2.086433e+01  3.144792e+00  0.000000e+00
     vertex  1.315145e+01  1.982262e+00  0.000000e+00
   endloop
 endfacet
 facet normal -0.000000e+00  0.000000e+00 -1.000000e+00
   outer loop
     vertex  4.695192e+00  2.057098e+01  0.000000e+00
     vertex  2.309521e+00  1.309794e+01  0.000000e+00
     vertex  3.663977e+00  2.077944e+01  0.000000e+00
   endloop
 endfacet
 facet normal  0.000000e+00  0.000000e+00 -1.000000e+00
   outer loop
     vertex  4.695192e+00  2.057098e+01  0.000000e+00
     vertex  3.602178e+00  1.280290e+01  0.000000e+00
     vertex  2.959528e+00  1.296654e+01  0.000000e+00
   endloop
 endfacet
 facet normal  0.000000e+00  0.000000e+00 -1.000000e+00
   outer loop
     vertex  4.695192e+00  2.057098e+01  0.000000e+00
     vertex  2.959528e+00  1.296654e+01  0.000000e+00
     vertex  2.309521e+00  1.309794e+01  0.000000e+00
   endloop
 endfacet
 facet normal  0.000000e+00  0.000000e+00 -1.000000e+00
   outer loop
     vertex  2.044753e+01  5.206581e+00  0.000000e+00
     vertex  1.303629e+01  2.635344e+00  0.000000e+00
     vertex  1.288873e+01  3.281873e+00  0.000000e+00
   endloop
 endfacet
 facet normal  0.000000e+00  0.000000e+00 -1.000000e+00
   outer loop
     vertex  2.044753e+01  5.206581e+00  0.000000e+00
     vertex  1.288873e+01  3.281873e+00  0.000000e+00
     vertex  1.270912e+01  3.920244e+00  0.000000e+00
   endloop
 endfacet
 facet normal  0.000000e+00 -0.000000e+00 -1.000000e+00
   outer loop
     vertex  2.044753e+01  5.206581e+00  0.000000e+00
     vertex  2.068164e+01  4.180884e+00  0.000000e+00
     vertex  1.303629e+01  2.635344e+00  0.000000e+00
   endloop
 endfacet
 facet normal -0.000000e+00  0.000000e+00 -1.000000e+00
   outer loop
     vertex  5.714734e+00  2.031137e+01  0.000000e+00
     vertex  3.602178e+00  1.280290e+01  0.000000e+00
     vertex  4.695192e+00  2.057098e+01  0.000000e+00
   endloop
 endfacet
 facet normal  0.000000e+00  0.000000e+00 -1.000000e+00
   outer loop
     vertex  5.714734e+00  2.031137e+01  0.000000e+00
     vertex  4.235872e+00  1.260743e+01  0.000000e+00
     vertex  3.602178e+00  1.280290e+01  0.000000e+00
   endloop
 endfacet
 facet normal  0.000000e+00 -0.000000e+00 -1.000000e+00
   outer loop
     vertex  2.016259e+01  6.219334e+00  0.000000e+00
     vertex  2.044753e+01  5.206581e+00  0.000000e+00
     vertex  1.270912e+01  3.920244e+00  0.000000e+00
   endloop
 endfacet
 facet normal -0.000000e+00  0.000000e+00 -1.000000e+00
   outer loop
     vertex  6.720068e+00  2.000127e+01  0.000000e+00
     vertex  4.235872e+00  1.260743e+01  0.000000e+00
     vertex  5.714734e+00  2.031137e+01  0.000000e+00
   endloop
 endfacet
 facet normal  0.000000e+00  0.000000e+00 -1.000000e+00
   outer loop
     vertex  1.982751e+01  7.216625e+00  0.000000e+00
     vertex  1.270912e+01  3.920244e+00  0.000000e+00
     vertex  1.249791e+01  4.548868e+00  0.000000e+00
   endloop
 endfacet
 facet normal  0.000000e+00  0.000000e+00 -1.000000e+00
   outer loop
     vertex  1.982751e+01  7.216625e+00  0.000000e+00
     vertex  1.249791e+01  4.548868e+00  0.000000e+00
     vertex  1.225563e+01  5.166183e+00  0.000000e+00
   endloop
 endfacet
 facet normal  0.000000e+00 -0.000000e+00 -1.000000e+00
   outer loop
     vertex  1.982751e+01  7.216625e+00  0.000000e+00
     vertex  2.016259e+01  6.219334e+00  0.000000e+00
     vertex  1.270912e+01  3.920244e+00  0.000000e+00
   endloop
 endfacet
 facet normal -0.000000e+00  0.000000e+00 -1.000000e+00
   outer loop
     vertex  7.708696e+00  1.964144e+01  0.000000e+00
     vertex  4.235872e+00  1.260743e+01  0.000000e+00
     vertex  6.720068e+00  2.000127e+01  0.000000e+00
   endloop
 endfacet
 facet normal  0.000000e+00  0.000000e+00 -1.000000e+00
   outer loop
     vertex  7.708696e+00  1.964144e+01  0.000000e+00
     vertex  4.859036e+00  1.238062e+01  0.000000e+00
     vertex  4.235872e+00  1.260743e+01  0.000000e+00
   endloop
 endfacet
 facet normal  0.000000e+00 -0.000000e+00 -1.000000e+00
   outer loop
     vertex  1.944315e+01  8.195974e+00  0.000000e+00
     vertex  1.982751e+01  7.216625e+00  0.000000e+00
     vertex  1.225563e+01  5.166183e+00  0.000000e+00
   endloop
 endfacet
 facet normal -0.000000e+00  0.000000e+00 -1.000000e+00
   outer loop
     vertex  8.678158e+00  1.923277e+01  0.000000e+00
     vertex  4.859036e+00  1.238062e+01  0.000000e+00
     vertex  7.708696e+00  1.964144e+01  0.000000e+00
   endloop
 endfacet
 facet normal  0.000000e+00  0.000000e+00 -1.000000e+00
   outer loop
     vertex  8.678158e+00  1.923277e+01  0.000000e+00
     vertex  6.067602e+00  1.183530e+01  0.000000e+00
     vertex  5.470118e+00  1.212303e+01  0.000000e+00
   endloop
 endfacet
 facet normal  0.000000e+00  0.000000e+00 -1.000000e+00
   outer loop
     vertex  8.678158e+00  1.923277e+01  0.000000e+00
     vertex  5.470118e+00  1.212303e+01  0.000000e+00
     vertex  4.859036e+00  1.238062e+01  0.000000e+00
   endloop
 endfacet
 facet normal  0.000000e+00 -0.000000e+00 -1.000000e+00
   outer loop
     vertex  1.901044e+01  9.154947e+00  0.000000e+00
     vertex  1.944315e+01  8.195974e+00  0.000000e+00
     vertex  1.225563e+01  5.166183e+00  0.000000e+00
   endloop
 endfacet
 facet normal  0.000000e+00  0.000000e+00 -1.000000e+00
   outer loop
     vertex  1.901044e+01  9.154947e+00  0.000000e+00
     vertex  1.225563e+01  5.166183e+00  0.000000e+00
     vertex  1.198289e+01  5.770654e+00  0.000000e+00
   endloop
 endfacet
 facet normal  0.000000e+00  0.000000e+00 -1.000000e+00
   outer loop
     vertex  1.901044e+01  9.154947e+00  0.000000e+00
     vertex  1.198289e+01  5.770654e+00  0.000000e+00
     vertex  1.168035e+01  6.360778e+00  0.000000e+00
   endloop
 endfacet
 facet normal -0.000000e+00  0.000000e+00 -1.000000e+00
   outer loop
     vertex  9.626045e+00  1.877630e+01  0.000000e+00
     vertex  6.067602e+00  1.183530e+01  0.000000e+00
     vertex  8.678158e+00  1.923277e+01  0.000000e+00
   endloop
 endfacet
 facet normal  0.000000e+00 -0.000000e+00 -1.000000e+00
   outer loop
     vertex  1.853048e+01  1.009116e+01  0.000000e+00
     vertex  1.901044e+01  9.154947e+00  0.000000e+00
     vertex  1.168035e+01  6.360778e+00  0.000000e+00
   endloop
 endfacet
 facet normal  0.000000e+00  0.000000e+00 -1.000000e+00
   outer loop
     vertex  1.055000e+01  1.827314e+01  0.000000e+00
     vertex  6.650000e+00  1.151814e+01  0.000000e+00
     vertex  6.067602e+00  1.183530e+01  0.000000e+00
   endloop
 endfacet
 facet normal -0.000000e+00  0.000000e+00 -1.000000e+00
   outer loop
     vertex  1.055000e+01  1.827314e+01  0.000000e+00
     vertex  6.067602e+00  1.183530e+01  0.000000e+00
     vertex  9.626045e+00  1.877630e+01  0.000000e+00
   endloop
 endfacet
 facet normal  0.000000e+00 -0.000000e+00 -1.000000e+00
   outer loop
     vertex  1.800444e+01  1.100228e+01  0.000000e+00
     vertex  1.853048e+01  1.009116e+01  0.000000e+00
     vertex  1.168035e+01  6.360778e+00  0.000000e+00
   endloop
 endfacet
 facet normal  0.000000e+00  0.000000e+00 -1.000000e+00
   outer loop
     vertex  1.800444e+01  1.100228e+01  0.000000e+00
     vertex  1.168035e+01  6.360778e+00  0.000000e+00
     vertex  1.134877e+01  6.935088e+00  0.000000e+00
   endloop
 endfacet
 facet normal -0.000000e+00  0.000000e+00 -1.000000e+00
   outer loop
     vertex  1.144773e+01  1.772455e+01  0.000000e+00
     vertex  6.650000e+00  1.151814e+01  0.000000e+00
     vertex  1.055000e+01  1.827314e+01  0.000000e+00
   endloop
 endfacet
 facet normal  0.000000e+00  0.000000e+00 -1.000000e+00
   outer loop
     vertex  1.144773e+01  1.772455e+01  0.000000e+00
     vertex  7.763791e+00  1.079878e+01  0.000000e+00
     vertex  7.215865e+00  1.117234e+01  0.000000e+00
   endloop
 endfacet
 facet normal  0.000000e+00  0.000000e+00 -1.000000e+00
   outer loop
     vertex  1.144773e+01  1.772455e+01  0.000000e+00
     vertex  7.215865e+00  1.117234e+01  0.000000e+00
     vertex  6.650000e+00  1.151814e+01  0.000000e+00
   endloop
 endfacet
 facet normal  0.000000e+00 -0.000000e+00 -1.000000e+00
   outer loop
     vertex  1.743364e+01  1.188605e+01  0.000000e+00
     vertex  1.800444e+01  1.100228e+01  0.000000e+00
     vertex  1.134877e+01  6.935088e+00  0.000000e+00
   endloop
 endfacet
 facet normal  0.000000e+00  0.000000e+00 -1.000000e+00
   outer loop
     vertex  1.743364e+01  1.188605e+01  0.000000e+00
     vertex  1.134877e+01  6.935088e+00  0.000000e+00
     vertex  1.098898e+01  7.492157e+00  0.000000e+00
   endloop
 endfacet
 facet normal -0.000000e+00  0.000000e+00 -1.000000e+00
   outer loop
     vertex  1.231699e+01  1.713189e+01  0.000000e+00
     vertex  7.763791e+00  1.079878e+01  0.000000e+00
     vertex  1.144773e+01  1.772455e+01  0.000000e+00
   endloop
 endfacet
 facet normal  0.000000e+00  0.000000e+00 -1.000000e+00
   outer loop
     vertex  1.681950e+01  1.274027e+01  0.000000e+00
     vertex  1.098898e+01  7.492157e+00  0.000000e+00
     vertex  1.060186e+01  8.030599e+00  0.000000e+00
   endloop
 endfacet
 facet normal  0.000000e+00 -0.000000e+00 -1.000000e+00
   outer loop
     vertex  1.681950e+01  1.274027e+01  0.000000e+00
     vertex  1.743364e+01  1.188605e+01  0.000000e+00
     vertex  1.098898e+01  7.492157e+00  0.000000e+00
   endloop
 endfacet
 facet normal -0.000000e+00  0.000000e+00 -1.000000e+00
   outer loop
     vertex  1.315563e+01  1.649664e+01  0.000000e+00
     vertex  7.763791e+00  1.079878e+01  0.000000e+00
     vertex  1.231699e+01  1.713189e+01  0.000000e+00
   endloop
 endfacet
 facet normal  0.000000e+00  0.000000e+00 -1.000000e+00
   outer loop
     vertex  1.315563e+01  1.649664e+01  0.000000e+00
     vertex  8.800422e+00  9.972090e+00  0.000000e+00
     vertex  8.292414e+00  1.039836e+01  0.000000e+00
   endloop
 endfacet
 facet normal  0.000000e+00  0.000000e+00 -1.000000e+00
   outer loop
     vertex  1.315563e+01  1.649664e+01  0.000000e+00
     vertex  8.292414e+00  1.039836e+01  0.000000e+00
     vertex  7.763791e+00  1.079878e+01  0.000000e+00
   endloop
 endfacet
 facet normal  0.000000e+00 -0.000000e+00 -1.000000e+00
   outer loop
     vertex  1.616354e+01  1.356282e+01  0.000000e+00
     vertex  1.681950e+01  1.274027e+01  0.000000e+00
     vertex  1.060186e+01  8.030599e+00  0.000000e+00
   endloop
 endfacet
 facet normal  0.000000e+00  0.000000e+00 -1.000000e+00
   outer loop
     vertex  1.616354e+01  1.356282e+01  0.000000e+00
     vertex  1.060186e+01  8.030599e+00  0.000000e+00
     vertex  1.018839e+01  8.549075e+00  0.000000e+00
   endloop
 endfacet
 facet normal -0.000000e+00  0.000000e+00 -1.000000e+00
   outer loop
     vertex  1.396157e+01  1.582038e+01  0.000000e+00
     vertex  8.800422e+00  9.972090e+00  0.000000e+00
     vertex  1.315563e+01  1.649664e+01  0.000000e+00
   endloop
 endfacet
 facet normal  0.000000e+00  0.000000e+00 -1.000000e+00
   outer loop
     vertex  1.546739e+01  1.435164e+01  0.000000e+00
     vertex  1.018839e+01  8.549075e+00  0.000000e+00
     vertex  9.749590e+00  9.046297e+00  0.000000e+00
   endloop
 endfacet
 facet normal  0.000000e+00 -0.000000e+00 -1.000000e+00
   outer loop
     vertex  1.546739e+01  1.435164e+01  0.000000e+00
     vertex  1.616354e+01  1.356282e+01  0.000000e+00
     vertex  1.018839e+01  8.549075e+00  0.000000e+00
   endloop
 endfacet
 facet normal  0.000000e+00  0.000000e+00 -1.000000e+00
   outer loop
     vertex  1.473280e+01  1.510479e+01  0.000000e+00
     vertex  9.749590e+00  9.046297e+00  0.000000e+00
     vertex  9.286550e+00  9.521029e+00  0.000000e+00
   endloop
 endfacet
 facet normal  0.000000e+00  0.000000e+00 -1.000000e+00
   outer loop
     vertex  1.473280e+01  1.510479e+01  0.000000e+00
     vertex  9.286550e+00  9.521029e+00  0.000000e+00
     vertex  8.800422e+00  9.972090e+00  0.000000e+00
   endloop
 endfacet
 facet normal  0.000000e+00 -0.000000e+00 -1.000000e+00
   outer loop
     vertex  1.473280e+01  1.510479e+01  0.000000e+00
     vertex  1.546739e+01  1.435164e+01  0.000000e+00
     vertex  9.749590e+00  9.046297e+00  0.000000e+00
   endloop
 endfacet
 facet normal -0.000000e+00  0.000000e+00 -1.000000e+00
   outer loop
     vertex  1.473280e+01  1.510479e+01  0.000000e+00
     vertex  8.800422e+00  9.972090e+00  0.000000e+00
     vertex  1.396157e+01  1.582038e+01  0.000000e+00
   endloop
 endfacet
 facet normal  0.000000e+00  0.000000e+00  1.000000e+00
   outer loop
     vertex -9.749590e+00 -9.046297e+00  4.500000e+01
     vertex -1.264514e+01 -1.173298e+01  4.500000e+01
     vertex -1.204459e+01 -1.234870e+01  4.500000e+01
   endloop
 endfacet
 facet normal  0.000000e+00  0.000000e+00  1.000000e+00
   outer loop
     vertex -9.749590e+00 -9.046297e+00  4.500000e+01
     vertex -1.204459e+01 -1.234870e+01  4.500000e+01
     vertex -9.286550e+00 -9.521029e+00  4.500000e+01
   endloop
 endfacet
 facet normal  0.000000e+00  0.000000e+00  1.000000e+00
   outer loop
     vertex -8.800422e+00 -9.972090e+00  4.500000e+01
     vertex -1.204459e+01 -1.234870e+01  4.500000e+01
     vertex -1.141408e+01 -1.293373e+01  4.500000e+01
   endloop
 endfacet
 facet normal  0.000000e+00  0.000000e+00  1.000000e+00
   outer loop
     vertex -8.800422e+00 -9.972090e+00  4.500000e+01
     vertex -1.141408e+01 -1.293373e+01  4.500000e+01
     vertex -1.075520e+01 -1.348659e+01  4.500000e+01
   endloop
 endfacet
 facet normal  0.000000e+00  0.000000e+00  1.000000e+00
   outer loop
     vertex -8.800422e+00 -9.972090e+00  4.500000e+01
     vertex -9.286550e+00 -9.521029e+00  4.500000e+01
     vertex -1.204459e+01 -1.234870e+01  4.500000e+01
   endloop
 endfacet
 facet normal  0.000000e+00  0.000000e+00  1.000000e+00
   outer loop
     vertex -1.018839e+01 -8.549075e+00  4.500000e+01
     vertex -1.264514e+01 -1.173298e+01  4.500000e+01
     vertex -9.749590e+00 -9.046297e+00  4.500000e+01
   endloop
 endfacet
 facet normal  0.000000e+00  0.000000e+00  1.000000e+00
   outer loop
     vertex -1.018839e+01 -8.549075e+00  4.500000e+01
     vertex -1.321427e+01 -1.108809e+01  4.500000e+01
     vertex -1.264514e+01 -1.173298e+01  4.500000e+01
   endloop
 endfacet
 facet normal  0.000000e+00  0.000000e+00  1.000000e+00
   outer loop
     vertex -8.292414e+00 -1.039836e+01  4.500000e+01
     vertex -8.800422e+00 -9.972090e+00  4.500000e+01
     vertex -1.075520e+01 -1.348659e+01  4.500000e+01
   endloop
 endfacet
 facet normal  0.000000e+00  0.000000e+00  1.000000e+00
   outer loop
     vertex -1.060186e+01 -8.030599e+00  4.500000e+01
     vertex -1.321427e+01 -1.108809e+01  4.500000e+01
     vertex -1.018839e+01 -8.549075e+00  4.500000e+01
   endloop
 endfacet
 facet normal  0.000000e+00  0.000000e+00  1.000000e+00
   outer loop
     vertex -1.060186e+01 -8.030599e+00  4.500000e+01
     vertex -1.375054e+01 -1.041563e+01  4.500000e+01
     vertex -1.321427e+01 -1.108809e+01  4.500000e+01
   endloop
 endfacet
 facet normal  0.000000e+00  0.000000e+00  1.000000e+00
   outer loop
     vertex -7.763791e+00 -1.079878e+01  4.500000e+01
     vertex -8.292414e+00 -1.039836e+01  4.500000e+01
     vertex -1.075520e+01 -1.348659e+01  4.500000e+01
   endloop
 endfacet
 facet normal  0.000000e+00  0.000000e+00  1.000000e+00
   outer loop
     vertex -7.763791e+00 -1.079878e+01  4.500000e+01
     vertex -1.075520e+01 -1.348659e+01  4.500000e+01
     vertex -1.006958e+01 -1.400593e+01  4.500000e+01
   endloop
 endfacet
 facet normal  0.000000e+00  0.000000e+00  1.000000e+00
   outer loop
     vertex -1.098898e+01 -7.492157e+00  4.500000e+01
     vertex -1.375054e+01 -1.041563e+01  4.500000e+01
     vertex -1.060186e+01 -8.030599e+00  4.500000e+01
   endloop
 endfacet
 facet normal  0.000000e+00  0.000000e+00  1.000000e+00
   outer loop
     vertex -1.098898e+01 -7.492157e+00  4.500000e+01
     vertex -1.425262e+01 -9.717271e+00  4.500000e+01
     vertex -1.375054e+01 -1.041563e+01  4.500000e+01
   endloop
 endfacet
 facet normal  0.000000e+00  0.000000e+00  1.000000e+00
   outer loop
     vertex -7.215865e+00 -1.117234e+01  4.500000e+01
     vertex -7.763791e+00 -1.079878e+01  4.500000e+01
     vertex -1.006958e+01 -1.400593e+01  4.500000e+01
   endloop
 endfacet
 facet normal  0.000000e+00  0.000000e+00  1.000000e+00
   outer loop
     vertex -7.215865e+00 -1.117234e+01  4.500000e+01
     vertex -1.006958e+01 -1.400593e+01  4.500000e+01
     vertex -9.358923e+00 -1.449045e+01  4.500000e+01
   endloop
 endfacet
 facet normal  0.000000e+00  0.000000e+00  1.000000e+00
   outer loop
     vertex -1.134877e+01 -6.935088e+00  4.500000e+01
     vertex -1.425262e+01 -9.717271e+00  4.500000e+01
     vertex -1.098898e+01 -7.492157e+00  4.500000e+01
   endloop
 endfacet
 facet normal  0.000000e+00  0.000000e+00  1.000000e+00
   outer loop
     vertex -1.134877e+01 -6.935088e+00  4.500000e+01
     vertex -1.514932e+01 -8.249881e+00  4.500000e+01
     vertex -1.471927e+01 -8.994757e+00  4.500000e+01
   endloop
 endfacet
 facet normal  0.000000e+00  0.000000e+00  1.000000e+00
   outer loop
     vertex -1.134877e+01 -6.935088e+00  4.500000e+01
     vertex -1.471927e+01 -8.994757e+00  4.500000e+01
     vertex -1.425262e+01 -9.717271e+00  4.500000e+01
   endloop
 endfacet
 facet normal  0.000000e+00  0.000000e+00  1.000000e+00
   outer loop
     vertex -6.650000e+00 -1.151814e+01  4.500000e+01
     vertex -7.215865e+00 -1.117234e+01  4.500000e+01
     vertex -9.358923e+00 -1.449045e+01  4.500000e+01
   endloop
 endfacet
 facet normal  0.000000e+00  0.000000e+00  1.000000e+00
   outer loop
     vertex -6.650000e+00 -1.151814e+01  4.500000e+01
     vertex -9.358923e+00 -1.449045e+01  4.500000e+01
     vertex -8.625000e+00 -1.493894e+01  4.500000e+01
   endloop
 endfacet
 facet normal  0.000000e+00  0.000000e+00  1.000000e+00
   outer loop
     vertex -6.650000e+00 -1.151814e+01  4.500000e+01
     vertex -8.625000e+00 -1.493894e+01  4.500000e+01
     vertex -7.869634e+00 -1.535029e+01  4.500000e+01
   endloop
 endfacet
 facet normal  0.000000e+00  0.000000e+00  1.000000e+00
   outer loop
     vertex -1.168035e+01 -6.360778e+00  4.500000e+01
     vertex -1.514932e+01 -8.249881e+00  4.500000e+01
     vertex -1.134877e+01 -6.935088e+00  4.500000e+01
   endloop
 endfacet
 facet normal  0.000000e+00  0.000000e+00  1.000000e+00
   outer loop
     vertex -6.067602e+00 -1.183530e+01  4.500000e+01
     vertex -6.650000e+00 -1.151814e+01  4.500000e+01
     vertex -7.869634e+00 -1.535029e+01  4.500000e+01
   endloop
 endfacet
 facet normal  0.000000e+00  0.000000e+00  1.000000e+00
   outer loop
     vertex -1.198289e+01 -5.770654e+00  4.500000e+01
     vertex -1.514932e+01 -8.249881e+00  4.500000e+01
     vertex -1.168035e+01 -6.360778e+00  4.500000e+01
   endloop
 endfacet
 facet normal  0.000000e+00  0.000000e+00  1.000000e+00
   outer loop
     vertex -1.198289e+01 -5.770654e+00  4.500000e+01
     vertex -1.554171e+01 -7.484494e+00  4.500000e+01
     vertex -1.514932e+01 -8.249881e+00  4.500000e+01
   endloop
 endfacet
 facet normal  0.000000e+00  0.000000e+00  1.000000e+00
   outer loop
     vertex -5.470118e+00 -1.212303e+01  4.500000e+01
     vertex -7.869634e+00 -1.535029e+01  4.500000e+01
     vertex -7.094703e+00 -1.572348e+01  4.500000e+01
   endloop
 endfacet
 facet normal  0.000000e+00  0.000000e+00  1.000000e+00
   outer loop
     vertex -5.470118e+00 -1.212303e+01  4.500000e+01
     vertex -6.067602e+00 -1.183530e+01  4.500000e+01
     vertex -7.869634e+00 -1.535029e+01  4.500000e+01
   endloop
 endfacet
 facet normal  0.000000e+00  0.000000e+00  1.000000e+00
   outer loop
     vertex -1.225563e+01 -5.166183e+00  4.500000e+01
     vertex -1.554171e+01 -7.484494e+00  4.500000e+01
     vertex -1.198289e+01 -5.770654e+00  4.500000e+01
   endloop
 endfacet
 facet normal  0.000000e+00  0.000000e+00  1.000000e+00
   outer loop
     vertex -1.225563e+01 -5.166183e+00  4.500000e+01
     vertex -1.589546e+01 -6.700500e+00  4.500000e+01
     vertex -1.554171e+01 -7.484494e+00  4.500000e+01
   endloop
 endfacet
 facet normal  0.000000e+00  0.000000e+00  1.000000e+00
   outer loop
     vertex -4.859036e+00 -1.238062e+01  4.500000e+01
     vertex -5.470118e+00 -1.212303e+01  4.500000e+01
     vertex -7.094703e+00 -1.572348e+01  4.500000e+01
   endloop
 endfacet
 facet normal  0.000000e+00  0.000000e+00  1.000000e+00
   outer loop
     vertex -4.859036e+00 -1.238062e+01  4.500000e+01
     vertex -7.094703e+00 -1.572348e+01  4.500000e+01
     vertex -6.302133e+00 -1.605757e+01  4.500000e+01
   endloop
 endfacet
 facet normal  0.000000e+00  0.000000e+00  1.000000e+00
   outer loop
     vertex -1.249791e+01 -4.548868e+00  4.500000e+01
     vertex -1.589546e+01 -6.700500e+00  4.500000e+01
     vertex -1.225563e+01 -5.166183e+00  4.500000e+01
   endloop
 endfacet
 facet normal  0.000000e+00  0.000000e+00  1.000000e+00
   outer loop
     vertex -1.249791e+01 -4.548868e+00  4.500000e+01
     vertex -1.648363e+01 -5.084527e+00  4.500000e+01
     vertex -1.620970e+01 -5.899847e+00  4.500000e+01
   endloop
 endfacet
 facet normal  0.000000e+00  0.000000e+00  1.000000e+00
   outer loop
     vertex -1.249791e+01 -4.548868e+00  4.500000e+01
     vertex -1.620970e+01 -5.899847e+00  4.500000e+01
     vertex -1.589546e+01 -6.700500e+00  4.500000e+01
   endloop
 endfacet
 facet normal  0.000000e+00  0.000000e+00  1.000000e+00
   outer loop
     vertex -4.235872e+00 -1.260743e+01  4.500000e+01
     vertex -4.859036e+00 -1.238062e+01  4.500000e+01
     vertex -6.302133e+00 -1.605757e+01  4.500000e+01
   endloop
 endfacet
 facet normal  0.000000e+00  0.000000e+00  1.000000e+00
   outer loop
     vertex -4.235872e+00 -1.260743e+01  4.500000e+01
     vertex -6.302133e+00 -1.605757e+01  4.500000e+01
     vertex -5.493895e+00 -1.635175e+01  4.500000e+01
   endloop
 endfacet
 facet normal  0.000000e+00  0.000000e+00  1.000000e+00
   outer loop
     vertex -1.270912e+01 -3.920244e+00  4.500000e+01
     vertex -1.648363e+01 -5.084527e+00  4.500000e+01
     vertex -1.249791e+01 -4.548868e+00  4.500000e+01
   endloop
 endfacet
 facet normal  0.000000e+00  0.000000e+00  1.000000e+00
   outer loop
     vertex -3.602178e+00 -1.280290e+01  4.500000e+01
     vertex -4.235872e+00 -1.260743e+01  4.500000e+01
     vertex -5.493895e+00 -1.635175e+01  4.500000e+01
   endloop
 endfacet
 facet normal  0.000000e+00  0.000000e+00  1.000000e+00
   outer loop
     vertex -3.602178e+00 -1.280290e+01  4.500000e+01
     vertex -5.493895e+00 -1.635175e+01  4.500000e+01
     vertex -4.671998e+00 -1.660527e+01  4.500000e+01
   endloop
 endfacet
 facet normal  0.000000e+00  0.000000e+00  1.000000e+00
   outer loop
     vertex -1.288873e+01 -3.281873e+00  4.500000e+01
     vertex -1.690798e+01 -3.418021e+00  4.500000e+01
     vertex -1.671658e+01 -4.256565e+00  4.500000e+01
   endloop
 endfacet
 facet normal  0.000000e+00  0.000000e+00  1.000000e+00
   outer loop
     vertex -1.288873e+01 -3.281873e+00  4.500000e+01
     vertex -1.671658e+01 -4.256565e+00  4.500000e+01
     vertex -1.648363e+01 -5.084527e+00  4.500000e+01
   endloop
 endfacet
 facet normal  0.000000e+00  0.000000e+00  1.000000e+00
   outer loop
     vertex -1.288873e+01 -3.281873e+00  4.500000e+01
     vertex -1.648363e+01 -5.084527e+00  4.500000e+01
     vertex -1.270912e+01 -3.920244e+00  4.500000e+01
   endloop
 endfacet
 facet normal  0.000000e+00  0.000000e+00  1.000000e+00
   outer loop
     vertex -2.959528e+00 -1.296654e+01  4.500000e+01
     vertex -3.602178e+00 -1.280290e+01  4.500000e+01
     vertex -4.671998e+00 -1.660527e+01  4.500000e+01
   endloop
 endfacet
 facet normal  0.000000e+00  0.000000e+00  1.000000e+00
   outer loop
     vertex -2.959528e+00 -1.296654e+01  4.500000e+01
     vertex -4.671998e+00 -1.660527e+01  4.500000e+01
     vertex -3.838486e+00 -1.681751e+01  4.500000e+01
   endloop
 endfacet
 facet normal  0.000000e+00  0.000000e+00  1.000000e+00
   outer loop
     vertex -1.303629e+01 -2.635344e+00  4.500000e+01
     vertex -1.690798e+01 -3.418021e+00  4.500000e+01
     vertex -1.288873e+01 -3.281873e+00  4.500000e+01
   endloop
 endfacet
 facet normal  0.000000e+00  0.000000e+00  1.000000e+00
   outer loop
     vertex -2.309521e+00 -1.309794e+01  4.500000e+01
     vertex -2.959528e+00 -1.296654e+01  4.500000e+01
     vertex -3.838486e+00 -1.681751e+01  4.500000e+01
   endloop
 endfacet
 facet normal  0.000000e+00  0.000000e+00  1.000000e+00
   outer loop
     vertex -2.309521e+00 -1.309794e+01  4.500000e+01
     vertex -3.838486e+00 -1.681751e+01  4.500000e+01
     vertex -2.995431e+00 -1.698793e+01  4.500000e+01
   endloop
 endfacet
 facet normal  0.000000e+00  0.000000e+00  1.000000e+00
   outer loop
     vertex -1.315145e+01 -1.982262e+00  4.500000e+01
     vertex -1.690798e+01 -3.418021e+00  4.500000e+01
     vertex -1.303629e+01 -2.635344e+00  4.500000e+01
   endloop
 endfacet
 facet normal  0.000000e+00  0.000000e+00  1.000000e+00
   outer loop
     vertex -1.315145e+01 -1.982262e+00  4.500000e+01
     vertex -1.705733e+01 -2.570979e+00  4.500000e+01
     vertex -1.690798e+01 -3.418021e+00  4.500000e+01
   endloop
 endfacet
 facet normal  0.000000e+00  0.000000e+00  1.000000e+00
   outer loop
     vertex -1.653771e+00 -1.319678e+01  4.500000e+01
     vertex -2.309521e+00 -1.309794e+01  4.500000e+01
     vertex -2.995431e+00 -1.698793e+01  4.500000e+01
   endloop
 endfacet
 facet normal  0.000000e+00  0.000000e+00  1.000000e+00
   outer loop
     vertex -1.653771e+00 -1.319678e+01  4.500000e+01
     vertex -2.995431e+00 -1.698793e+01  4.500000e+01
     vertex -2.144929e+00 -1.711613e+01  4.500000e+01
   endloop
 endfacet
 facet normal  0.000000e+00  0.000000e+00  1.000000e+00
   outer loop
     vertex -1.653771e+00 -1.319678e+01  4.500000e+01
     vertex -2.144929e+00 -1.711613e+01  4.500000e+01
     vertex -1.289094e+00 -1.720177e+01  4.500000e+01
   endloop
 endfacet
 facet normal  0.000000e+00  0.000000e+00  1.000000e+00
   outer loop
     vertex -1.323391e+01 -1.324252e+00  4.500000e+01
     vertex -1.722856e+01 -8.598415e-01  4.500000e+01
     vertex -1.716428e+01 -1.717545e+00  4.500000e+01
   endloop
 endfacet
 facet normal  0.000000e+00  0.000000e+00  1.000000e+00
   outer loop
     vertex -1.323391e+01 -1.324252e+00  4.500000e+01
     vertex -1.716428e+01 -1.717545e+00  4.500000e+01
     vertex -1.705733e+01 -2.570979e+00  4.500000e+01
   endloop
 endfacet
 facet normal  0.000000e+00  0.000000e+00  1.000000e+00
   outer loop
     vertex -1.323391e+01 -1.324252e+00  4.500000e+01
     vertex -1.705733e+01 -2.570979e+00  4.500000e+01
     vertex -1.315145e+01 -1.982262e+00  4.500000e+01
   endloop
 endfacet
 facet normal  0.000000e+00  0.000000e+00  1.000000e+00
   outer loop
     vertex -9.939102e-01 -1.326281e+01  4.500000e+01
     vertex -1.653771e+00 -1.319678e+01  4.500000e+01
     vertex -1.289094e+00 -1.720177e+01  4.500000e+01
   endloop
 endfacet
 facet normal  0.000000e+00  0.000000e+00  1.000000e+00
   outer loop
     vertex -9.939102e-01 -1.326281e+01  4.500000e+01
     vertex -1.289094e+00 -1.720177e+01  4.500000e+01
     vertex -4.300544e-01 -1.724464e+01  4.500000e+01
   endloop
 endfacet
 facet normal  0.000000e+00  0.000000e+00  1.000000e+00
   outer loop
     vertex -1.328347e+01 -6.629503e-01  4.500000e+01
     vertex -1.722856e+01 -8.598415e-01  4.500000e+01
     vertex -1.323391e+01 -1.324252e+00  4.500000e+01
   endloop
 endfacet
 facet normal  0.000000e+00  0.000000e+00  1.000000e+00
   outer loop
     vertex -3.315782e-01 -1.329587e+01  4.500000e+01
     vertex -9.939102e-01 -1.326281e+01  4.500000e+01
     vertex -4.300544e-01 -1.724464e+01  4.500000e+01
   endloop
 endfacet
 facet normal  0.000000e+00  0.000000e+00  1.000000e+00
   outer loop
     vertex -1.330000e+01 -4.562231e-14  4.500000e+01
     vertex -1.725000e+01 -5.917180e-14  4.500000e+01
     vertex -1.722856e+01 -8.598415e-01  4.500000e+01
   endloop
 endfacet
 facet normal  0.000000e+00  0.000000e+00  1.000000e+00
   outer loop
     vertex -1.330000e+01 -4.562231e-14  4.500000e+01
     vertex -1.722856e+01 -8.598415e-01  4.500000e+01
     vertex -1.328347e+01 -6.629503e-01  4.500000e+01
   endloop
 endfacet
 facet normal  0.000000e+00  0.000000e+00  1.000000e+00
   outer loop
     vertex  3.315782e-01 -1.329587e+01  4.500000e+01
     vertex -3.315782e-01 -1.329587e+01  4.500000e+01
     vertex -4.300544e-01 -1.724464e+01  4.500000e+01
   endloop
 endfacet
 facet normal  0.000000e+00  0.000000e+00  1.000000e+00
   outer loop
     vertex  3.315782e-01 -1.329587e+01  4.500000e+01
     vertex -4.300544e-01 -1.724464e+01  4.500000e+01
     vertex  4.300544e-01 -1.724464e+01  4.500000e+01
   endloop
 endfacet
 facet normal  0.000000e+00  0.000000e+00  1.000000e+00
   outer loop
     vertex -1.328347e+01  6.629503e-01  4.500000e+01
     vertex -1.722856e+01  8.598415e-01  4.500000e+01
     vertex -1.725000e+01 -5.917180e-14  4.500000e+01
   endloop
 endfacet
 facet normal  0.000000e+00  0.000000e+00  1.000000e+00
   outer loop
     vertex -1.328347e+01  6.629503e-01  4.500000e+01
     vertex -1.725000e+01 -5.917180e-14  4.500000e+01
     vertex -1.330000e+01 -4.562231e-14  4.500000e+01
   endloop
 endfacet
 facet normal  0.000000e+00  0.000000e+00  1.000000e+00
   outer loop
     vertex  9.939102e-01 -1.326281e+01  4.500000e+01
     vertex  3.315782e-01 -1.329587e+01  4.500000e+01
     vertex  4.300544e-01 -1.724464e+01  4.500000e+01
   endloop
 endfacet
 facet normal  0.000000e+00  0.000000e+00  1.000000e+00
   outer loop
     vertex  9.939102e-01 -1.326281e+01  4.500000e+01
     vertex  4.300544e-01 -1.724464e+01  4.500000e+01
     vertex  1.289094e+00 -1.720177e+01  4.500000e+01
   endloop
 endfacet
 facet normal  0.000000e+00  0.000000e+00  1.000000e+00
   outer loop
     vertex  9.939102e-01 -1.326281e+01  4.500000e+01
     vertex  1.289094e+00 -1.720177e+01  4.500000e+01
     vertex  2.144929e+00 -1.711613e+01  4.500000e+01
   endloop
 endfacet
 facet normal  0.000000e+00  0.000000e+00  1.000000e+00
   outer loop
     vertex -1.323391e+01  1.324252e+00  4.500000e+01
     vertex -1.716428e+01  1.717545e+00  4.500000e+01
     vertex -1.722856e+01  8.598415e-01  4.500000e+01
   endloop
 endfacet
 facet normal  0.000000e+00  0.000000e+00  1.000000e+00
   outer loop
     vertex -1.323391e+01  1.324252e+00  4.500000e+01
     vertex -1.722856e+01  8.598415e-01  4.500000e+01
     vertex -1.328347e+01  6.629503e-01  4.500000e+01
   endloop
 endfacet
 facet normal  0.000000e+00  0.000000e+00  1.000000e+00
   outer loop
     vertex  1.653771e+00 -1.319678e+01  4.500000e+01
     vertex  9.939102e-01 -1.326281e+01  4.500000e+01
     vertex  2.144929e+00 -1.711613e+01  4.500000e+01
   endloop
 endfacet
 facet normal  0.000000e+00  0.000000e+00  1.000000e+00
   outer loop
     vertex -1.315145e+01  1.982262e+00  4.500000e+01
     vertex -1.716428e+01  1.717545e+00  4.500000e+01
     vertex -1.323391e+01  1.324252e+00  4.500000e+01
   endloop
 endfacet
 facet normal  0.000000e+00  0.000000e+00  1.000000e+00
   outer loop
     vertex -1.315145e+01  1.982262e+00  4.500000e+01
     vertex -1.705733e+01  2.570979e+00  4.500000e+01
     vertex -1.716428e+01  1.717545e+00  4.500000e+01
   endloop
 endfacet
 facet normal  0.000000e+00  0.000000e+00  1.000000e+00
   outer loop
     vertex  2.309521e+00 -1.309794e+01  4.500000e+01
     vertex  1.653771e+00 -1.319678e+01  4.500000e+01
     vertex  2.144929e+00 -1.711613e+01  4.500000e+01
   endloop
 endfacet
 facet normal  0.000000e+00  0.000000e+00  1.000000e+00
   outer loop
     vertex  2.309521e+00 -1.309794e+01  4.500000e+01
     vertex  2.144929e+00 -1.711613e+01  4.500000e+01
     vertex  2.995431e+00 -1.698793e+01  4.500000e+01
   endloop
 endfacet
 facet normal  0.000000e+00  0.000000e+00  1.000000e+00
   outer loop
     vertex  2.309521e+00 -1.309794e+01  4.500000e+01
     vertex  2.995431e+00 -1.698793e+01  4.500000e+01
     vertex  3.838486e+00 -1.681751e+01  4.500000e+01
   endloop
 endfacet
 facet normal  0.000000e+00  0.000000e+00  1.000000e+00
   outer loop
     vertex -1.303629e+01  2.635344e+00  4.500000e+01
     vertex -1.705733e+01  2.570979e+00  4.500000e+01
     vertex -1.315145e+01  1.982262e+00  4.500000e+01
   endloop
 endfacet
 facet normal  0.000000e+00  0.000000e+00  1.000000e+00
   outer loop
     vertex -1.303629e+01  2.635344e+00  4.500000e+01
     vertex -1.690798e+01  3.418021e+00  4.500000e+01
     vertex -1.705733e+01  2.570979e+00  4.500000e+01
   endloop
 endfacet
 facet normal  0.000000e+00  0.000000e+00  1.000000e+00
   outer loop
     vertex  2.959528e+00 -1.296654e+01  4.500000e+01
     vertex  2.309521e+00 -1.309794e+01  4.500000e+01
     vertex  3.838486e+00 -1.681751e+01  4.500000e+01
   endloop
 endfacet
 facet normal  0.000000e+00  0.000000e+00  1.000000e+00
   outer loop
     vertex -1.288873e+01  3.281873e+00  4.500000e+01
     vertex -1.690798e+01  3.418021e+00  4.500000e+01
     vertex -1.303629e+01  2.635344e+00  4.500000e+01
   endloop
 endfacet
 facet normal  0.000000e+00  0.000000e+00  1.000000e+00
   outer loop
     vertex -1.288873e+01  3.281873e+00  4.500000e+01
     vertex -1.671658e+01  4.256565e+00  4.500000e+01
     vertex -1.690798e+01  3.418021e+00  4.500000e+01
   endloop
 endfacet
 facet normal  0.000000e+00  0.000000e+00  1.000000e+00
   outer loop
     vertex  3.602178e+00 -1.280290e+01  4.500000e+01
     vertex  2.959528e+00 -1.296654e+01  4.500000e+01
     vertex  3.838486e+00 -1.681751e+01  4.500000e+01
   endloop
 endfacet
 facet normal  0.000000e+00  0.000000e+00  1.000000e+00
   outer loop
     vertex  3.602178e+00 -1.280290e+01  4.500000e+01
     vertex  3.838486e+00 -1.681751e+01  4.500000e+01
     vertex  4.671998e+00 -1.660527e+01  4.500000e+01
   endloop
 endfacet
 facet normal  0.000000e+00  0.000000e+00  1.000000e+00
   outer loop
     vertex -1.270912e+01  3.920244e+00  4.500000e+01
     vertex -1.648363e+01  5.084527e+00  4.500000e+01
     vertex -1.671658e+01  4.256565e+00  4.500000e+01
   endloop
 endfacet
 facet normal  0.000000e+00  0.000000e+00  1.000000e+00
   outer loop
     vertex -1.270912e+01  3.920244e+00  4.500000e+01
     vertex -1.671658e+01  4.256565e+00  4.500000e+01
     vertex -1.288873e+01  3.281873e+00  4.500000e+01
   endloop
 endfacet
 facet normal  0.000000e+00  0.000000e+00  1.000000e+00
   outer loop
     vertex  4.235872e+00 -1.260743e+01  4.500000e+01
     vertex  4.671998e+00 -1.660527e+01  4.500000e+01
     vertex  5.493895e+00 -1.635175e+01  4.500000e+01
   endloop
 endfacet
 facet normal  0.000000e+00  0.000000e+00  1.000000e+00
   outer loop
     vertex  4.235872e+00 -1.260743e+01  4.500000e+01
     vertex  3.602178e+00 -1.280290e+01  4.500000e+01
     vertex  4.671998e+00 -1.660527e+01  4.500000e+01
   endloop
 endfacet
 facet normal  0.000000e+00  0.000000e+00  1.000000e+00
   outer loop
     vertex  4.235872e+00 -1.260743e+01  4.500000e+01
     vertex  5.493895e+00 -1.635175e+01  4.500000e+01
     vertex  6.302133e+00 -1.605757e+01  4.500000e+01
   endloop
 endfacet
 facet normal  0.000000e+00  0.000000e+00  1.000000e+00
   outer loop
     vertex -1.249791e+01  4.548868e+00  4.500000e+01
     vertex -1.648363e+01  5.084527e+00  4.500000e+01
     vertex -1.270912e+01  3.920244e+00  4.500000e+01
   endloop
 endfacet
 facet normal  0.000000e+00  0.000000e+00  1.000000e+00
   outer loop
     vertex -1.249791e+01  4.548868e+00  4.500000e+01
     vertex -1.589546e+01  6.700500e+00  4.500000e+01
     vertex -1.620970e+01  5.899847e+00  4.500000e+01
   endloop
 endfacet
 facet normal  0.000000e+00  0.000000e+00  1.000000e+00
   outer loop
     vertex -1.249791e+01  4.548868e+00  4.500000e+01
     vertex -1.620970e+01  5.899847e+00  4.500000e+01
     vertex -1.648363e+01  5.084527e+00  4.500000e+01
   endloop
 endfacet
 facet normal  0.000000e+00  0.000000e+00  1.000000e+00
   outer loop
     vertex  4.859036e+00 -1.238062e+01  4.500000e+01
     vertex  6.302133e+00 -1.605757e+01  4.500000e+01
     vertex  7.094703e+00 -1.572348e+01  4.500000e+01
   endloop
 endfacet
 facet normal  0.000000e+00  0.000000e+00  1.000000e+00
   outer loop
     vertex  4.859036e+00 -1.238062e+01  4.500000e+01
     vertex  4.235872e+00 -1.260743e+01  4.500000e+01
     vertex  6.302133e+00 -1.605757e+01  4.500000e+01
   endloop
 endfacet
 facet normal  0.000000e+00  0.000000e+00  1.000000e+00
   outer loop
     vertex -1.225563e+01  5.166183e+00  4.500000e+01
     vertex -1.589546e+01  6.700500e+00  4.500000e+01
     vertex -1.249791e+01  4.548868e+00  4.500000e+01
   endloop
 endfacet
 facet normal  0.000000e+00  0.000000e+00  1.000000e+00
   outer loop
     vertex -1.225563e+01  5.166183e+00  4.500000e+01
     vertex -1.554171e+01  7.484494e+00  4.500000e+01
     vertex -1.589546e+01  6.700500e+00  4.500000e+01
   endloop
 endfacet
 facet normal  0.000000e+00  0.000000e+00  1.000000e+00
   outer loop
     vertex  5.470118e+00 -1.212303e+01  4.500000e+01
     vertex  4.859036e+00 -1.238062e+01  4.500000e+01
     vertex  7.094703e+00 -1.572348e+01  4.500000e+01
   endloop
 endfacet
 facet normal  0.000000e+00  0.000000e+00  1.000000e+00
   outer loop
     vertex -1.198289e+01  5.770654e+00  4.500000e+01
     vertex -1.554171e+01  7.484494e+00  4.500000e+01
     vertex -1.225563e+01  5.166183e+00  4.500000e+01
   endloop
 endfacet
 facet normal  0.000000e+00  0.000000e+00  1.000000e+00
   outer loop
     vertex  6.067602e+00 -1.183530e+01  4.500000e+01
     vertex  7.094703e+00 -1.572348e+01  4.500000e+01
     vertex  7.869634e+00 -1.535029e+01  4.500000e+01
   endloop
 endfacet
 facet normal  0.000000e+00  0.000000e+00  1.000000e+00
   outer loop
     vertex  6.067602e+00 -1.183530e+01  4.500000e+01
     vertex  5.470118e+00 -1.212303e+01  4.500000e+01
     vertex  7.094703e+00 -1.572348e+01  4.500000e+01
   endloop
 endfacet
 facet normal  0.000000e+00  0.000000e+00  1.000000e+00
   outer loop
     vertex -1.168035e+01  6.360778e+00  4.500000e+01
     vertex -1.471927e+01  8.994757e+00  4.500000e+01
     vertex -1.514932e+01  8.249881e+00  4.500000e+01
   endloop
 endfacet
 facet normal  0.000000e+00  0.000000e+00  1.000000e+00
   outer loop
     vertex -1.168035e+01  6.360778e+00  4.500000e+01
     vertex -1.514932e+01  8.249881e+00  4.500000e+01
     vertex -1.554171e+01  7.484494e+00  4.500000e+01
   endloop
 endfacet
 facet normal  0.000000e+00  0.000000e+00  1.000000e+00
   outer loop
     vertex -1.168035e+01  6.360778e+00  4.500000e+01
     vertex -1.554171e+01  7.484494e+00  4.500000e+01
     vertex -1.198289e+01  5.770654e+00  4.500000e+01
   endloop
 endfacet
 facet normal  0.000000e+00  0.000000e+00  1.000000e+00
   outer loop
     vertex  6.650000e+00 -1.151814e+01  4.500000e+01
     vertex  7.869634e+00 -1.535029e+01  4.500000e+01
     vertex  8.625000e+00 -1.493894e+01  4.500000e+01
   endloop
 endfacet
 facet normal  0.000000e+00  0.000000e+00  1.000000e+00
   outer loop
     vertex  6.650000e+00 -1.151814e+01  4.500000e+01
     vertex  6.067602e+00 -1.183530e+01  4.500000e+01
     vertex  7.869634e+00 -1.535029e+01  4.500000e+01
   endloop
 endfacet
 facet normal  0.000000e+00  0.000000e+00  1.000000e+00
   outer loop
     vertex -1.134877e+01  6.935088e+00  4.500000e+01
     vertex -1.471927e+01  8.994757e+00  4.500000e+01
     vertex -1.168035e+01  6.360778e+00  4.500000e+01
   endloop
 endfacet
 facet normal  0.000000e+00  0.000000e+00  1.000000e+00
   outer loop
     vertex  7.215865e+00 -1.117234e+01  4.500000e+01
     vertex  8.625000e+00 -1.493894e+01  4.500000e+01
     vertex  9.358923e+00 -1.449045e+01  4.500000e+01
   endloop
 endfacet
 facet normal  0.000000e+00  0.000000e+00  1.000000e+00
   outer loop
     vertex  7.215865e+00 -1.117234e+01  4.500000e+01
     vertex  6.650000e+00 -1.151814e+01  4.500000e+01
     vertex  8.625000e+00 -1.493894e+01  4.500000e+01
   endloop
 endfacet
 facet normal  0.000000e+00  0.000000e+00  1.000000e+00
   outer loop
     vertex -1.098898e+01  7.492157e+00  4.500000e+01
     vertex -1.425262e+01  9.717271e+00  4.500000e+01
     vertex -1.471927e+01  8.994757e+00  4.500000e+01
   endloop
 endfacet
 facet normal  0.000000e+00  0.000000e+00  1.000000e+00
   outer loop
     vertex -1.098898e+01  7.492157e+00  4.500000e+01
     vertex -1.471927e+01  8.994757e+00  4.500000e+01
     vertex -1.134877e+01  6.935088e+00  4.500000e+01
   endloop
 endfacet
 facet normal  0.000000e+00  0.000000e+00  1.000000e+00
   outer loop
     vertex  7.763791e+00 -1.079878e+01  4.500000e+01
     vertex  9.358923e+00 -1.449045e+01  4.500000e+01
     vertex  1.006958e+01 -1.400593e+01  4.500000e+01
   endloop
 endfacet
 facet normal  0.000000e+00  0.000000e+00  1.000000e+00
   outer loop
     vertex  7.763791e+00 -1.079878e+01  4.500000e+01
     vertex  7.215865e+00 -1.117234e+01  4.500000e+01
     vertex  9.358923e+00 -1.449045e+01  4.500000e+01
   endloop
 endfacet
 facet normal  0.000000e+00  0.000000e+00  1.000000e+00
   outer loop
     vertex -1.060186e+01  8.030599e+00  4.500000e+01
     vertex -1.375054e+01  1.041563e+01  4.500000e+01
     vertex -1.425262e+01  9.717271e+00  4.500000e+01
   endloop
 endfacet
 facet normal  0.000000e+00  0.000000e+00  1.000000e+00
   outer loop
     vertex -1.060186e+01  8.030599e+00  4.500000e+01
     vertex -1.425262e+01  9.717271e+00  4.500000e+01
     vertex -1.098898e+01  7.492157e+00  4.500000e+01
   endloop
 endfacet
 facet normal  0.000000e+00  0.000000e+00  1.000000e+00
   outer loop
     vertex  8.292414e+00 -1.039836e+01  4.500000e+01
     vertex  1.006958e+01 -1.400593e+01  4.500000e+01
     vertex  1.075520e+01 -1.348659e+01  4.500000e+01
   endloop
 endfacet
 facet normal  0.000000e+00  0.000000e+00  1.000000e+00
   outer loop
     vertex  8.292414e+00 -1.039836e+01  4.500000e+01
     vertex  7.763791e+00 -1.079878e+01  4.500000e+01
     vertex  1.006958e+01 -1.400593e+01  4.500000e+01
   endloop
 endfacet
 facet normal  0.000000e+00  0.000000e+00  1.000000e+00
   outer loop
     vertex -1.018839e+01  8.549075e+00  4.500000e+01
     vertex -1.321427e+01  1.108809e+01  4.500000e+01
     vertex -1.375054e+01  1.041563e+01  4.500000e+01
   endloop
 endfacet
 facet normal  0.000000e+00  0.000000e+00  1.000000e+00
   outer loop
     vertex -1.018839e+01  8.549075e+00  4.500000e+01
     vertex -1.375054e+01  1.041563e+01  4.500000e+01
     vertex -1.060186e+01  8.030599e+00  4.500000e+01
   endloop
 endfacet
 facet normal  0.000000e+00  0.000000e+00  1.000000e+00
   outer loop
     vertex  8.800422e+00 -9.972090e+00  4.500000e+01
     vertex  1.075520e+01 -1.348659e+01  4.500000e+01
     vertex  1.141408e+01 -1.293373e+01  4.500000e+01
   endloop
 endfacet
 facet normal  0.000000e+00  0.000000e+00  1.000000e+00
   outer loop
     vertex  8.800422e+00 -9.972090e+00  4.500000e+01
     vertex  8.292414e+00 -1.039836e+01  4.500000e+01
     vertex  1.075520e+01 -1.348659e+01  4.500000e+01
   endloop
 endfacet
 facet normal  0.000000e+00  0.000000e+00  1.000000e+00
   outer loop
     vertex -9.749590e+00  9.046297e+00  4.500000e+01
     vertex -1.264514e+01  1.173298e+01  4.500000e+01
     vertex -1.321427e+01  1.108809e+01  4.500000e+01
   endloop
 endfacet
 facet normal  0.000000e+00  0.000000e+00  1.000000e+00
   outer loop
     vertex -9.749590e+00  9.046297e+00  4.500000e+01
     vertex -1.321427e+01  1.108809e+01  4.500000e+01
     vertex -1.018839e+01  8.549075e+00  4.500000e+01
   endloop
 endfacet
 facet normal  0.000000e+00  0.000000e+00  1.000000e+00
   outer loop
     vertex  1.204459e+01 -1.234870e+01  4.500000e+01
     vertex  8.800422e+00 -9.972090e+00  4.500000e+01
     vertex  1.141408e+01 -1.293373e+01  4.500000e+01
   endloop
 endfacet
 facet normal  0.000000e+00  0.000000e+00  1.000000e+00
   outer loop
     vertex  9.286550e+00 -9.521029e+00  4.500000e+01
     vertex  8.800422e+00 -9.972090e+00  4.500000e+01
     vertex  1.204459e+01 -1.234870e+01  4.500000e+01
   endloop
 endfacet
 facet normal  0.000000e+00  0.000000e+00  1.000000e+00
   outer loop
     vertex -1.204459e+01  1.234870e+01  4.500000e+01
     vertex -9.749590e+00  9.046297e+00  4.500000e+01
     vertex -9.286550e+00  9.521029e+00  4.500000e+01
   endloop
 endfacet
 facet normal  0.000000e+00  0.000000e+00  1.000000e+00
   outer loop
     vertex -1.204459e+01  1.234870e+01  4.500000e+01
     vertex -1.264514e+01  1.173298e+01  4.500000e+01
     vertex -9.749590e+00  9.046297e+00  4.500000e+01
   endloop
 endfacet
 facet normal  0.000000e+00  0.000000e+00  1.000000e+00
   outer loop
     vertex  9.749590e+00 -9.046297e+00  4.500000e+01
     vertex  9.286550e+00 -9.521029e+00  4.500000e+01
     vertex  1.204459e+01 -1.234870e+01  4.500000e+01
   endloop
 endfacet
 facet normal  0.000000e+00  0.000000e+00  1.000000e+00
   outer loop
     vertex  1.264514e+01 -1.173298e+01  4.500000e+01
     vertex  9.749590e+00 -9.046297e+00  4.500000e+01
     vertex  1.204459e+01 -1.234870e+01  4.500000e+01
   endloop
 endfacet
 facet normal  0.000000e+00  0.000000e+00  1.000000e+00
   outer loop
     vertex -1.141408e+01  1.293373e+01  4.500000e+01
     vertex -1.204459e+01  1.234870e+01  4.500000e+01
     vertex -9.286550e+00  9.521029e+00  4.500000e+01
   endloop
 endfacet
 facet normal  0.000000e+00  0.000000e+00  1.000000e+00
   outer loop
     vertex -1.141408e+01  1.293373e+01  4.500000e+01
     vertex -9.286550e+00  9.521029e+00  4.500000e+01
     vertex -8.800422e+00  9.972090e+00  4.500000e+01
   endloop
 endfacet
 facet normal  0.000000e+00  0.000000e+00  1.000000e+00
   outer loop
     vertex  1.321427e+01 -1.108809e+01  4.500000e+01
     vertex  9.749590e+00 -9.046297e+00  4.500000e+01
     vertex  1.264514e+01 -1.173298e+01  4.500000e+01
   endloop
 endfacet
 facet normal  0.000000e+00  0.000000e+00  1.000000e+00
   outer loop
     vertex  1.321427e+01 -1.108809e+01  4.500000e+01
     vertex  1.018839e+01 -8.549075e+00  4.500000e+01
     vertex  9.749590e+00 -9.046297e+00  4.500000e+01
   endloop
 endfacet
 facet normal  0.000000e+00  0.000000e+00  1.000000e+00
   outer loop
     vertex -1.075520e+01  1.348659e+01  4.500000e+01
     vertex -1.141408e+01  1.293373e+01  4.500000e+01
     vertex -8.800422e+00  9.972090e+00  4.500000e+01
   endloop
 endfacet
 facet normal  0.000000e+00  0.000000e+00  1.000000e+00
   outer loop
     vertex -1.075520e+01  1.348659e+01  4.500000e+01
     vertex -8.800422e+00  9.972090e+00  4.500000e+01
     vertex -8.292414e+00  1.039836e+01  4.500000e+01
   endloop
 endfacet
 facet normal  0.000000e+00  0.000000e+00  1.000000e+00
   outer loop
     vertex  1.375054e+01 -1.041563e+01  4.500000e+01
     vertex  1.018839e+01 -8.549075e+00  4.500000e+01
     vertex  1.321427e+01 -1.108809e+01  4.500000e+01
   endloop
 endfacet
 facet normal  0.000000e+00  0.000000e+00  1.000000e+00
   outer loop
     vertex  1.375054e+01 -1.041563e+01  4.500000e+01
     vertex  1.060186e+01 -8.030599e+00  4.500000e+01
     vertex  1.018839e+01 -8.549075e+00  4.500000e+01
   endloop
 endfacet
 facet normal  0.000000e+00  0.000000e+00  1.000000e+00
   outer loop
     vertex  1.098898e+01 -7.492157e+00  4.500000e+01
     vertex  1.060186e+01 -8.030599e+00  4.500000e+01
     vertex  1.375054e+01 -1.041563e+01  4.500000e+01
   endloop
 endfacet
 facet normal  0.000000e+00  0.000000e+00  1.000000e+00
   outer loop
     vertex -1.006958e+01  1.400593e+01  4.500000e+01
     vertex -1.075520e+01  1.348659e+01  4.500000e+01
     vertex -8.292414e+00  1.039836e+01  4.500000e+01
   endloop
 endfacet
 facet normal  0.000000e+00  0.000000e+00  1.000000e+00
   outer loop
     vertex -1.006958e+01  1.400593e+01  4.500000e+01
     vertex -8.292414e+00  1.039836e+01  4.500000e+01
     vertex -7.763791e+00  1.079878e+01  4.500000e+01
   endloop
 endfacet
 facet normal  0.000000e+00  0.000000e+00  1.000000e+00
   outer loop
     vertex  1.425262e+01 -9.717271e+00  4.500000e+01
     vertex  1.098898e+01 -7.492157e+00  4.500000e+01
     vertex  1.375054e+01 -1.041563e+01  4.500000e+01
   endloop
 endfacet
 facet normal  0.000000e+00  0.000000e+00  1.000000e+00
   outer loop
     vertex -9.358923e+00  1.449045e+01  4.500000e+01
     vertex -1.006958e+01  1.400593e+01  4.500000e+01
     vertex -7.763791e+00  1.079878e+01  4.500000e+01
   endloop
 endfacet
 facet normal  0.000000e+00  0.000000e+00  1.000000e+00
   outer loop
     vertex -9.358923e+00  1.449045e+01  4.500000e+01
     vertex -7.763791e+00  1.079878e+01  4.500000e+01
     vertex -7.215865e+00  1.117234e+01  4.500000e+01
   endloop
 endfacet
 facet normal  0.000000e+00  0.000000e+00  1.000000e+00
   outer loop
     vertex  1.471927e+01 -8.994757e+00  4.500000e+01
     vertex  1.098898e+01 -7.492157e+00  4.500000e+01
     vertex  1.425262e+01 -9.717271e+00  4.500000e+01
   endloop
 endfacet
 facet normal  0.000000e+00  0.000000e+00  1.000000e+00
   outer loop
     vertex  1.471927e+01 -8.994757e+00  4.500000e+01
     vertex  1.134877e+01 -6.935088e+00  4.500000e+01
     vertex  1.098898e+01 -7.492157e+00  4.500000e+01
   endloop
 endfacet
 facet normal  0.000000e+00  0.000000e+00  1.000000e+00
   outer loop
     vertex -8.625000e+00  1.493894e+01  4.500000e+01
     vertex -9.358923e+00  1.449045e+01  4.500000e+01
     vertex -7.215865e+00  1.117234e+01  4.500000e+01
   endloop
 endfacet
 facet normal  0.000000e+00  0.000000e+00  1.000000e+00
   outer loop
     vertex -8.625000e+00  1.493894e+01  4.500000e+01
     vertex -7.215865e+00  1.117234e+01  4.500000e+01
     vertex -6.650000e+00  1.151814e+01  4.500000e+01
   endloop
 endfacet
 facet normal  0.000000e+00  0.000000e+00  1.000000e+00
   outer loop
     vertex  1.514932e+01 -8.249881e+00  4.500000e+01
     vertex  1.168035e+01 -6.360778e+00  4.500000e+01
     vertex  1.134877e+01 -6.935088e+00  4.500000e+01
   endloop
 endfacet
 facet normal  0.000000e+00  0.000000e+00  1.000000e+00
   outer loop
     vertex  1.514932e+01 -8.249881e+00  4.500000e+01
     vertex  1.134877e+01 -6.935088e+00  4.500000e+01
     vertex  1.471927e+01 -8.994757e+00  4.500000e+01
   endloop
 endfacet
 facet normal  0.000000e+00  0.000000e+00  1.000000e+00
   outer loop
     vertex -7.869634e+00  1.535029e+01  4.500000e+01
     vertex -8.625000e+00  1.493894e+01  4.500000e+01
     vertex -6.650000e+00  1.151814e+01  4.500000e+01
   endloop
 endfacet
 facet normal  0.000000e+00  0.000000e+00  1.000000e+00
   outer loop
     vertex -7.869634e+00  1.535029e+01  4.500000e+01
     vertex -6.650000e+00  1.151814e+01  4.500000e+01
     vertex -6.067602e+00  1.183530e+01  4.500000e+01
   endloop
 endfacet
 facet normal  0.000000e+00  0.000000e+00  1.000000e+00
   outer loop
     vertex  1.554171e+01 -7.484494e+00  4.500000e+01
     vertex  1.198289e+01 -5.770654e+00  4.500000e+01
     vertex  1.168035e+01 -6.360778e+00  4.500000e+01
   endloop
 endfacet
 facet normal  0.000000e+00  0.000000e+00  1.000000e+00
   outer loop
     vertex  1.554171e+01 -7.484494e+00  4.500000e+01
     vertex  1.225563e+01 -5.166183e+00  4.500000e+01
     vertex  1.198289e+01 -5.770654e+00  4.500000e+01
   endloop
 endfacet
 facet normal  0.000000e+00  0.000000e+00  1.000000e+00
   outer loop
     vertex  1.554171e+01 -7.484494e+00  4.500000e+01
     vertex  1.168035e+01 -6.360778e+00  4.500000e+01
     vertex  1.514932e+01 -8.249881e+00  4.500000e+01
   endloop
 endfacet
 facet normal  0.000000e+00  0.000000e+00  1.000000e+00
   outer loop
     vertex -7.094703e+00  1.572348e+01  4.500000e+01
     vertex -7.869634e+00  1.535029e+01  4.500000e+01
     vertex -6.067602e+00  1.183530e+01  4.500000e+01
   endloop
 endfacet
 facet normal  0.000000e+00  0.000000e+00  1.000000e+00
   outer loop
     vertex -7.094703e+00  1.572348e+01  4.500000e+01
     vertex -6.067602e+00  1.183530e+01  4.500000e+01
     vertex -5.470118e+00  1.212303e+01  4.500000e+01
   endloop
 endfacet
 facet normal  0.000000e+00  0.000000e+00  1.000000e+00
   outer loop
     vertex  1.589546e+01 -6.700500e+00  4.500000e+01
     vertex  1.225563e+01 -5.166183e+00  4.500000e+01
     vertex  1.554171e+01 -7.484494e+00  4.500000e+01
   endloop
 endfacet
 facet normal  0.000000e+00  0.000000e+00  1.000000e+00
   outer loop
     vertex -6.302133e+00  1.605757e+01  4.500000e+01
     vertex -5.470118e+00  1.212303e+01  4.500000e+01
     vertex -4.859036e+00  1.238062e+01  4.500000e+01
   endloop
 endfacet
 facet normal  0.000000e+00  0.000000e+00  1.000000e+00
   outer loop
     vertex -6.302133e+00  1.605757e+01  4.500000e+01
     vertex -7.094703e+00  1.572348e+01  4.500000e+01
     vertex -5.470118e+00  1.212303e+01  4.500000e+01
   endloop
 endfacet
 facet normal  0.000000e+00  0.000000e+00  1.000000e+00
   outer loop
     vertex  1.620970e+01 -5.899847e+00  4.500000e+01
     vertex  1.249791e+01 -4.548868e+00  4.500000e+01
     vertex  1.225563e+01 -5.166183e+00  4.500000e+01
   endloop
 endfacet
 facet normal  0.000000e+00  0.000000e+00  1.000000e+00
   outer loop
     vertex  1.620970e+01 -5.899847e+00  4.500000e+01
     vertex  1.225563e+01 -5.166183e+00  4.500000e+01
     vertex  1.589546e+01 -6.700500e+00  4.500000e+01
   endloop
 endfacet
 facet normal  0.000000e+00  0.000000e+00  1.000000e+00
   outer loop
     vertex -5.493895e+00  1.635175e+01  4.500000e+01
     vertex -4.859036e+00  1.238062e+01  4.500000e+01
     vertex -4.235872e+00  1.260743e+01  4.500000e+01
   endloop
 endfacet
 facet normal  0.000000e+00  0.000000e+00  1.000000e+00
   outer loop
     vertex -5.493895e+00  1.635175e+01  4.500000e+01
     vertex -6.302133e+00  1.605757e+01  4.500000e+01
     vertex -4.859036e+00  1.238062e+01  4.500000e+01
   endloop
 endfacet
 facet normal  0.000000e+00  0.000000e+00  1.000000e+00
   outer loop
     vertex  1.648363e+01 -5.084527e+00  4.500000e+01
     vertex  1.270912e+01 -3.920244e+00  4.500000e+01
     vertex  1.249791e+01 -4.548868e+00  4.500000e+01
   endloop
 endfacet
 facet normal  0.000000e+00  0.000000e+00  1.000000e+00
   outer loop
     vertex  1.648363e+01 -5.084527e+00  4.500000e+01
     vertex  1.249791e+01 -4.548868e+00  4.500000e+01
     vertex  1.620970e+01 -5.899847e+00  4.500000e+01
   endloop
 endfacet
 facet normal  0.000000e+00  0.000000e+00  1.000000e+00
   outer loop
     vertex -4.671998e+00  1.660527e+01  4.500000e+01
     vertex -5.493895e+00  1.635175e+01  4.500000e+01
     vertex -4.235872e+00  1.260743e+01  4.500000e+01
   endloop
 endfacet
 facet normal  0.000000e+00  0.000000e+00  1.000000e+00
   outer loop
     vertex -4.671998e+00  1.660527e+01  4.500000e+01
     vertex -4.235872e+00  1.260743e+01  4.500000e+01
     vertex -3.602178e+00  1.280290e+01  4.500000e+01
   endloop
 endfacet
 facet normal  0.000000e+00  0.000000e+00  1.000000e+00
   outer loop
     vertex  1.671658e+01 -4.256565e+00  4.500000e+01
     vertex  1.288873e+01 -3.281873e+00  4.500000e+01
     vertex  1.270912e+01 -3.920244e+00  4.500000e+01
   endloop
 endfacet
 facet normal  0.000000e+00  0.000000e+00  1.000000e+00
   outer loop
     vertex  1.671658e+01 -4.256565e+00  4.500000e+01
     vertex  1.270912e+01 -3.920244e+00  4.500000e+01
     vertex  1.648363e+01 -5.084527e+00  4.500000e+01
   endloop
 endfacet
 facet normal  0.000000e+00  0.000000e+00  1.000000e+00
   outer loop
     vertex -3.838486e+00  1.681751e+01  4.500000e+01
     vertex -4.671998e+00  1.660527e+01  4.500000e+01
     vertex -3.602178e+00  1.280290e+01  4.500000e+01
   endloop
 endfacet
 facet normal  0.000000e+00  0.000000e+00  1.000000e+00
   outer loop
     vertex -3.838486e+00  1.681751e+01  4.500000e+01
     vertex -2.959528e+00  1.296654e+01  4.500000e+01
     vertex -2.309521e+00  1.309794e+01  4.500000e+01
   endloop
 endfacet
 facet normal  0.000000e+00  0.000000e+00  1.000000e+00
   outer loop
     vertex -3.838486e+00  1.681751e+01  4.500000e+01
     vertex -3.602178e+00  1.280290e+01  4.500000e+01
     vertex -2.959528e+00  1.296654e+01  4.500000e+01
   endloop
 endfacet
 facet normal  0.000000e+00  0.000000e+00  1.000000e+00
   outer loop
     vertex  1.690798e+01 -3.418021e+00  4.500000e+01
     vertex  1.303629e+01 -2.635344e+00  4.500000e+01
     vertex  1.288873e+01 -3.281873e+00  4.500000e+01
   endloop
 endfacet
 facet normal  0.000000e+00  0.000000e+00  1.000000e+00
   outer loop
     vertex  1.690798e+01 -3.418021e+00  4.500000e+01
     vertex  1.315145e+01 -1.982262e+00  4.500000e+01
     vertex  1.303629e+01 -2.635344e+00  4.500000e+01
   endloop
 endfacet
 facet normal  0.000000e+00  0.000000e+00  1.000000e+00
   outer loop
     vertex  1.690798e+01 -3.418021e+00  4.500000e+01
     vertex  1.288873e+01 -3.281873e+00  4.500000e+01
     vertex  1.671658e+01 -4.256565e+00  4.500000e+01
   endloop
 endfacet
 facet normal  0.000000e+00  0.000000e+00  1.000000e+00
   outer loop
     vertex -2.995431e+00  1.698793e+01  4.500000e+01
     vertex -3.838486e+00  1.681751e+01  4.500000e+01
     vertex -2.309521e+00  1.309794e+01  4.500000e+01
   endloop
 endfacet
 facet normal  0.000000e+00  0.000000e+00  1.000000e+00
   outer loop
     vertex -2.995431e+00  1.698793e+01  4.500000e+01
     vertex -2.309521e+00  1.309794e+01  4.500000e+01
     vertex -1.653771e+00  1.319678e+01  4.500000e+01
   endloop
 endfacet
 facet normal  0.000000e+00  0.000000e+00  1.000000e+00
   outer loop
     vertex  1.705733e+01 -2.570979e+00  4.500000e+01
     vertex  1.315145e+01 -1.982262e+00  4.500000e+01
     vertex  1.690798e+01 -3.418021e+00  4.500000e+01
   endloop
 endfacet
 facet normal  0.000000e+00  0.000000e+00  1.000000e+00
   outer loop
     vertex -2.144929e+00  1.711613e+01  4.500000e+01
     vertex -2.995431e+00  1.698793e+01  4.500000e+01
     vertex -1.653771e+00  1.319678e+01  4.500000e+01
   endloop
 endfacet
 facet normal  0.000000e+00  0.000000e+00  1.000000e+00
   outer loop
     vertex  1.716428e+01 -1.717545e+00  4.500000e+01
     vertex  1.315145e+01 -1.982262e+00  4.500000e+01
     vertex  1.705733e+01 -2.570979e+00  4.500000e+01
   endloop
 endfacet
 facet normal  0.000000e+00  0.000000e+00  1.000000e+00
   outer loop
     vertex  1.716428e+01 -1.717545e+00  4.500000e+01
     vertex  1.323391e+01 -1.324252e+00  4.500000e+01
     vertex  1.315145e+01 -1.982262e+00  4.500000e+01
   endloop
 endfacet
 facet normal  0.000000e+00  0.000000e+00  1.000000e+00
   outer loop
     vertex  1.716428e+01 -1.717545e+00  4.500000e+01
     vertex  1.328347e+01 -6.629503e-01  4.500000e+01
     vertex  1.323391e+01 -1.324252e+00  4.500000e+01
   endloop
 endfacet
 facet normal  0.000000e+00  0.000000e+00  1.000000e+00
   outer loop
     vertex -1.289094e+00  1.720177e+01  4.500000e+01
     vertex -2.144929e+00  1.711613e+01  4.500000e+01
     vertex -1.653771e+00  1.319678e+01  4.500000e+01
   endloop
 endfacet
 facet normal  0.000000e+00  0.000000e+00  1.000000e+00
   outer loop
     vertex -1.289094e+00  1.720177e+01  4.500000e+01
     vertex -9.939102e-01  1.326281e+01  4.500000e+01
     vertex -3.315782e-01  1.329587e+01  4.500000e+01
   endloop
 endfacet
 facet normal  0.000000e+00  0.000000e+00  1.000000e+00
   outer loop
     vertex -1.289094e+00  1.720177e+01  4.500000e+01
     vertex -1.653771e+00  1.319678e+01  4.500000e+01
     vertex -9.939102e-01  1.326281e+01  4.500000e+01
   endloop
 endfacet
 facet normal  0.000000e+00  0.000000e+00  1.000000e+00
   outer loop
     vertex  1.722856e+01 -8.598415e-01  4.500000e+01
     vertex  1.328347e+01 -6.629503e-01  4.500000e+01
     vertex  1.716428e+01 -1.717545e+00  4.500000e+01
   endloop
 endfacet
 facet normal  0.000000e+00  0.000000e+00  1.000000e+00
   outer loop
     vertex -4.300544e-01  1.724464e+01  4.500000e+01
     vertex -1.289094e+00  1.720177e+01  4.500000e+01
     vertex -3.315782e-01  1.329587e+01  4.500000e+01
   endloop
 endfacet
 facet normal  0.000000e+00  0.000000e+00  1.000000e+00
   outer loop
     vertex  1.725000e+01  0.000000e+00  4.500000e+01
     vertex  1.328347e+01 -6.629503e-01  4.500000e+01
     vertex  1.722856e+01 -8.598415e-01  4.500000e+01
   endloop
 endfacet
 facet normal  0.000000e+00  0.000000e+00  1.000000e+00
   outer loop
     vertex  1.725000e+01  0.000000e+00  4.500000e+01
     vertex  1.328347e+01  6.629503e-01  4.500000e+01
     vertex  1.330000e+01  0.000000e+00  4.500000e+01
   endloop
 endfacet
 facet normal  0.000000e+00  0.000000e+00  1.000000e+00
   outer loop
     vertex  1.725000e+01  0.000000e+00  4.500000e+01
     vertex  1.330000e+01  0.000000e+00  4.500000e+01
     vertex  1.328347e+01 -6.629503e-01  4.500000e+01
   endloop
 endfacet
 facet normal  0.000000e+00  0.000000e+00  1.000000e+00
   outer loop
     vertex  4.300544e-01  1.724464e+01  4.500000e+01
     vertex -4.300544e-01  1.724464e+01  4.500000e+01
     vertex -3.315782e-01  1.329587e+01  4.500000e+01
   endloop
 endfacet
 facet normal  0.000000e+00  0.000000e+00  1.000000e+00
   outer loop
     vertex  4.300544e-01  1.724464e+01  4.500000e+01
     vertex -3.315782e-01  1.329587e+01  4.500000e+01
     vertex  3.315782e-01  1.329587e+01  4.500000e+01
   endloop
 endfacet
 facet normal  0.000000e+00  0.000000e+00  1.000000e+00
   outer loop
     vertex  1.722856e+01  8.598415e-01  4.500000e+01
     vertex  1.328347e+01  6.629503e-01  4.500000e+01
     vertex  1.725000e+01  0.000000e+00  4.500000e+01
   endloop
 endfacet
 facet normal  0.000000e+00  0.000000e+00  1.000000e+00
   outer loop
     vertex  1.289094e+00  1.720177e+01  4.500000e+01
     vertex  3.315782e-01  1.329587e+01  4.500000e+01
     vertex  9.939102e-01  1.326281e+01  4.500000e+01
   endloop
 endfacet
 facet normal  0.000000e+00  0.000000e+00  1.000000e+00
   outer loop
     vertex  1.289094e+00  1.720177e+01  4.500000e+01
     vertex  4.300544e-01  1.724464e+01  4.500000e+01
     vertex  3.315782e-01  1.329587e+01  4.500000e+01
   endloop
 endfacet
 facet normal  0.000000e+00  0.000000e+00  1.000000e+00
   outer loop
     vertex  1.716428e+01  1.717545e+00  4.500000e+01
     vertex  1.323391e+01  1.324252e+00  4.500000e+01
     vertex  1.328347e+01  6.629503e-01  4.500000e+01
   endloop
 endfacet
 facet normal  0.000000e+00  0.000000e+00  1.000000e+00
   outer loop
     vertex  1.716428e+01  1.717545e+00  4.500000e+01
     vertex  1.315145e+01  1.982262e+00  4.500000e+01
     vertex  1.323391e+01  1.324252e+00  4.500000e+01
   endloop
 endfacet
 facet normal  0.000000e+00  0.000000e+00  1.000000e+00
   outer loop
     vertex  1.716428e+01  1.717545e+00  4.500000e+01
     vertex  1.328347e+01  6.629503e-01  4.500000e+01
     vertex  1.722856e+01  8.598415e-01  4.500000e+01
   endloop
 endfacet
 facet normal  0.000000e+00  0.000000e+00  1.000000e+00
   outer loop
     vertex  2.144929e+00  1.711613e+01  4.500000e+01
     vertex  1.653771e+00  1.319678e+01  4.500000e+01
     vertex  2.309521e+00  1.309794e+01  4.500000e+01
   endloop
 endfacet
 facet normal  0.000000e+00  0.000000e+00  1.000000e+00
   outer loop
     vertex  2.144929e+00  1.711613e+01  4.500000e+01
     vertex  9.939102e-01  1.326281e+01  4.500000e+01
     vertex  1.653771e+00  1.319678e+01  4.500000e+01
   endloop
 endfacet
 facet normal  0.000000e+00  0.000000e+00  1.000000e+00
   outer loop
     vertex  2.144929e+00  1.711613e+01  4.500000e+01
     vertex  1.289094e+00  1.720177e+01  4.500000e+01
     vertex  9.939102e-01  1.326281e+01  4.500000e+01
   endloop
 endfacet
 facet normal  0.000000e+00  0.000000e+00  1.000000e+00
   outer loop
     vertex  1.705733e+01  2.570979e+00  4.500000e+01
     vertex  1.303629e+01  2.635344e+00  4.500000e+01
     vertex  1.315145e+01  1.982262e+00  4.500000e+01
   endloop
 endfacet
 facet normal  0.000000e+00  0.000000e+00  1.000000e+00
   outer loop
     vertex  1.705733e+01  2.570979e+00  4.500000e+01
     vertex  1.315145e+01  1.982262e+00  4.500000e+01
     vertex  1.716428e+01  1.717545e+00  4.500000e+01
   endloop
 endfacet
 facet normal  0.000000e+00  0.000000e+00  1.000000e+00
   outer loop
     vertex  2.995431e+00  1.698793e+01  4.500000e+01
     vertex  2.144929e+00  1.711613e+01  4.500000e+01
     vertex  2.309521e+00  1.309794e+01  4.500000e+01
   endloop
 endfacet
 facet normal  0.000000e+00  0.000000e+00  1.000000e+00
   outer loop
     vertex  1.690798e+01  3.418021e+00  4.500000e+01
     vertex  1.303629e+01  2.635344e+00  4.500000e+01
     vertex  1.705733e+01  2.570979e+00  4.500000e+01
   endloop
 endfacet
 facet normal  0.000000e+00  0.000000e+00  1.000000e+00
   outer loop
     vertex  3.838486e+00  1.681751e+01  4.500000e+01
     vertex  2.995431e+00  1.698793e+01  4.500000e+01
     vertex  2.309521e+00  1.309794e+01  4.500000e+01
   endloop
 endfacet
 facet normal  0.000000e+00  0.000000e+00  1.000000e+00
   outer loop
     vertex  3.838486e+00  1.681751e+01  4.500000e+01
     vertex  2.959528e+00  1.296654e+01  4.500000e+01
     vertex  3.602178e+00  1.280290e+01  4.500000e+01
   endloop
 endfacet
 facet normal  0.000000e+00  0.000000e+00  1.000000e+00
   outer loop
     vertex  3.838486e+00  1.681751e+01  4.500000e+01
     vertex  2.309521e+00  1.309794e+01  4.500000e+01
     vertex  2.959528e+00  1.296654e+01  4.500000e+01
   endloop
 endfacet
 facet normal  0.000000e+00  0.000000e+00  1.000000e+00
   outer loop
     vertex  1.671658e+01  4.256565e+00  4.500000e+01
     vertex  1.288873e+01  3.281873e+00  4.500000e+01
     vertex  1.303629e+01  2.635344e+00  4.500000e+01
   endloop
 endfacet
 facet normal  0.000000e+00  0.000000e+00  1.000000e+00
   outer loop
     vertex  1.671658e+01  4.256565e+00  4.500000e+01
     vertex  1.270912e+01  3.920244e+00  4.500000e+01
     vertex  1.288873e+01  3.281873e+00  4.500000e+01
   endloop
 endfacet
 facet normal  0.000000e+00  0.000000e+00  1.000000e+00
   outer loop
     vertex  1.671658e+01  4.256565e+00  4.500000e+01
     vertex  1.303629e+01  2.635344e+00  4.500000e+01
     vertex  1.690798e+01  3.418021e+00  4.500000e+01
   endloop
 endfacet
 facet normal  0.000000e+00  0.000000e+00  1.000000e+00
   outer loop
     vertex  4.671998e+00  1.660527e+01  4.500000e+01
     vertex  3.838486e+00  1.681751e+01  4.500000e+01
     vertex  3.602178e+00  1.280290e+01  4.500000e+01
   endloop
 endfacet
 facet normal  0.000000e+00  0.000000e+00  1.000000e+00
   outer loop
     vertex  1.648363e+01  5.084527e+00  4.500000e+01
     vertex  1.270912e+01  3.920244e+00  4.500000e+01
     vertex  1.671658e+01  4.256565e+00  4.500000e+01
   endloop
 endfacet
 facet normal  0.000000e+00  0.000000e+00  1.000000e+00
   outer loop
     vertex  5.493895e+00  1.635175e+01  4.500000e+01
     vertex  4.671998e+00  1.660527e+01  4.500000e+01
     vertex  3.602178e+00  1.280290e+01  4.500000e+01
   endloop
 endfacet
 facet normal  0.000000e+00  0.000000e+00  1.000000e+00
   outer loop
     vertex  5.493895e+00  1.635175e+01  4.500000e+01
     vertex  3.602178e+00  1.280290e+01  4.500000e+01
     vertex  4.235872e+00  1.260743e+01  4.500000e+01
   endloop
 endfacet
 facet normal  0.000000e+00  0.000000e+00  1.000000e+00
   outer loop
     vertex  1.620970e+01  5.899847e+00  4.500000e+01
     vertex  1.249791e+01  4.548868e+00  4.500000e+01
     vertex  1.270912e+01  3.920244e+00  4.500000e+01
   endloop
 endfacet
 facet normal  0.000000e+00  0.000000e+00  1.000000e+00
   outer loop
     vertex  1.620970e+01  5.899847e+00  4.500000e+01
     vertex  1.270912e+01  3.920244e+00  4.500000e+01
     vertex  1.648363e+01  5.084527e+00  4.500000e+01
   endloop
 endfacet
 facet normal  0.000000e+00  0.000000e+00  1.000000e+00
   outer loop
     vertex  6.302133e+00  1.605757e+01  4.500000e+01
     vertex  5.493895e+00  1.635175e+01  4.500000e+01
     vertex  4.235872e+00  1.260743e+01  4.500000e+01
   endloop
 endfacet
 facet normal  0.000000e+00  0.000000e+00  1.000000e+00
   outer loop
     vertex  6.302133e+00  1.605757e+01  4.500000e+01
     vertex  4.235872e+00  1.260743e+01  4.500000e+01
     vertex  4.859036e+00  1.238062e+01  4.500000e+01
   endloop
 endfacet
 facet normal  0.000000e+00  0.000000e+00  1.000000e+00
   outer loop
     vertex  1.589546e+01  6.700500e+00  4.500000e+01
     vertex  1.249791e+01  4.548868e+00  4.500000e+01
     vertex  1.620970e+01  5.899847e+00  4.500000e+01
   endloop
 endfacet
 facet normal  0.000000e+00  0.000000e+00  1.000000e+00
   outer loop
     vertex  1.589546e+01  6.700500e+00  4.500000e+01
     vertex  1.225563e+01  5.166183e+00  4.500000e+01
     vertex  1.249791e+01  4.548868e+00  4.500000e+01
   endloop
 endfacet
 facet normal  0.000000e+00  0.000000e+00  1.000000e+00
   outer loop
     vertex  7.094703e+00  1.572348e+01  4.500000e+01
     vertex  6.302133e+00  1.605757e+01  4.500000e+01
     vertex  4.859036e+00  1.238062e+01  4.500000e+01
   endloop
 endfacet
 facet normal  0.000000e+00  0.000000e+00  1.000000e+00
   outer loop
     vertex  7.094703e+00  1.572348e+01  4.500000e+01
     vertex  4.859036e+00  1.238062e+01  4.500000e+01
     vertex  5.470118e+00  1.212303e+01  4.500000e+01
   endloop
 endfacet
 facet normal  0.000000e+00  0.000000e+00  1.000000e+00
   outer loop
     vertex  1.554171e+01  7.484494e+00  4.500000e+01
     vertex  1.198289e+01  5.770654e+00  4.500000e+01
     vertex  1.225563e+01  5.166183e+00  4.500000e+01
   endloop
 endfacet
 facet normal  0.000000e+00  0.000000e+00  1.000000e+00
   outer loop
     vertex  1.554171e+01  7.484494e+00  4.500000e+01
     vertex  1.225563e+01  5.166183e+00  4.500000e+01
     vertex  1.589546e+01  6.700500e+00  4.500000e+01
   endloop
 endfacet
 facet normal  0.000000e+00  0.000000e+00  1.000000e+00
   outer loop
     vertex  7.869634e+00  1.535029e+01  4.500000e+01
     vertex  7.094703e+00  1.572348e+01  4.500000e+01
     vertex  5.470118e+00  1.212303e+01  4.500000e+01
   endloop
 endfacet
 facet normal  0.000000e+00  0.000000e+00  1.000000e+00
   outer loop
     vertex  7.869634e+00  1.535029e+01  4.500000e+01
     vertex  5.470118e+00  1.212303e+01  4.500000e+01
     vertex  6.067602e+00  1.183530e+01  4.500000e+01
   endloop
 endfacet
 facet normal  0.000000e+00  0.000000e+00  1.000000e+00
   outer loop
     vertex  1.514932e+01  8.249881e+00  4.500000e+01
     vertex  1.198289e+01  5.770654e+00  4.500000e+01
     vertex  1.554171e+01  7.484494e+00  4.500000e+01
   endloop
 endfacet
 facet normal  0.000000e+00  0.000000e+00  1.000000e+00
   outer loop
     vertex  1.514932e+01  8.249881e+00  4.500000e+01
     vertex  1.168035e+01  6.360778e+00  4.500000e+01
     vertex  1.198289e+01  5.770654e+00  4.500000e+01
   endloop
 endfacet
 facet normal  0.000000e+00  0.000000e+00  1.000000e+00
   outer loop
     vertex  8.625000e+00  1.493894e+01  4.500000e+01
     vertex  7.869634e+00  1.535029e+01  4.500000e+01
     vertex  6.067602e+00  1.183530e+01  4.500000e+01
   endloop
 endfacet
 facet normal  0.000000e+00  0.000000e+00  1.000000e+00
   outer loop
     vertex  8.625000e+00  1.493894e+01  4.500000e+01
     vertex  6.650000e+00  1.151814e+01  4.500000e+01
     vertex  7.215865e+00  1.117234e+01  4.500000e+01
   endloop
 endfacet
 facet normal  0.000000e+00  0.000000e+00  1.000000e+00
   outer loop
     vertex  8.625000e+00  1.493894e+01  4.500000e+01
     vertex  6.067602e+00  1.183530e+01  4.500000e+01
     vertex  6.650000e+00  1.151814e+01  4.500000e+01
   endloop
 endfacet
 facet normal  0.000000e+00  0.000000e+00  1.000000e+00
   outer loop
     vertex  1.471927e+01  8.994757e+00  4.500000e+01
     vertex  1.134877e+01  6.935088e+00  4.500000e+01
     vertex  1.168035e+01  6.360778e+00  4.500000e+01
   endloop
 endfacet
 facet normal  0.000000e+00  0.000000e+00  1.000000e+00
   outer loop
     vertex  1.471927e+01  8.994757e+00  4.500000e+01
     vertex  1.168035e+01  6.360778e+00  4.500000e+01
     vertex  1.514932e+01  8.249881e+00  4.500000e+01
   endloop
 endfacet
 facet normal  0.000000e+00  0.000000e+00  1.000000e+00
   outer loop
     vertex  9.358923e+00  1.449045e+01  4.500000e+01
     vertex  8.625000e+00  1.493894e+01  4.500000e+01
     vertex  7.215865e+00  1.117234e+01  4.500000e+01
   endloop
 endfacet
 facet normal  0.000000e+00  0.000000e+00  1.000000e+00
   outer loop
     vertex  1.425262e+01  9.717271e+00  4.500000e+01
     vertex  1.134877e+01  6.935088e+00  4.500000e+01
     vertex  1.471927e+01  8.994757e+00  4.500000e+01
   endloop
 endfacet
 facet normal  0.000000e+00  0.000000e+00  1.000000e+00
   outer loop
     vertex  1.425262e+01  9.717271e+00  4.500000e+01
     vertex  1.098898e+01  7.492157e+00  4.500000e+01
     vertex  1.134877e+01  6.935088e+00  4.500000e+01
   endloop
 endfacet
 facet normal  0.000000e+00  0.000000e+00  1.000000e+00
   outer loop
     vertex  1.006958e+01  1.400593e+01  4.500000e+01
     vertex  7.763791e+00  1.079878e+01  4.500000e+01
     vertex  8.292414e+00  1.039836e+01  4.500000e+01
   endloop
 endfacet
 facet normal  0.000000e+00  0.000000e+00  1.000000e+00
   outer loop
     vertex  1.006958e+01  1.400593e+01  4.500000e+01
     vertex  7.215865e+00  1.117234e+01  4.500000e+01
     vertex  7.763791e+00  1.079878e+01  4.500000e+01
   endloop
 endfacet
 facet normal  0.000000e+00  0.000000e+00  1.000000e+00
   outer loop
     vertex  1.006958e+01  1.400593e+01  4.500000e+01
     vertex  9.358923e+00  1.449045e+01  4.500000e+01
     vertex  7.215865e+00  1.117234e+01  4.500000e+01
   endloop
 endfacet
 facet normal  0.000000e+00  0.000000e+00  1.000000e+00
   outer loop
     vertex  1.375054e+01  1.041563e+01  4.500000e+01
     vertex  1.098898e+01  7.492157e+00  4.500000e+01
     vertex  1.425262e+01  9.717271e+00  4.500000e+01
   endloop
 endfacet
 facet normal  0.000000e+00  0.000000e+00  1.000000e+00
   outer loop
     vertex  1.375054e+01  1.041563e+01  4.500000e+01
     vertex  1.060186e+01  8.030599e+00  4.500000e+01
     vertex  1.098898e+01  7.492157e+00  4.500000e+01
   endloop
 endfacet
 facet normal  0.000000e+00  0.000000e+00  1.000000e+00
   outer loop
     vertex  1.375054e+01  1.041563e+01  4.500000e+01
     vertex  1.018839e+01  8.549075e+00  4.500000e+01
     vertex  1.060186e+01  8.030599e+00  4.500000e+01
   endloop
 endfacet
 facet normal  0.000000e+00  0.000000e+00  1.000000e+00
   outer loop
     vertex  1.075520e+01  1.348659e+01  4.500000e+01
     vertex  1.006958e+01  1.400593e+01  4.500000e+01
     vertex  8.292414e+00  1.039836e+01  4.500000e+01
   endloop
 endfacet
 facet normal  0.000000e+00  0.000000e+00  1.000000e+00
   outer loop
     vertex  1.321427e+01  1.108809e+01  4.500000e+01
     vertex  1.018839e+01  8.549075e+00  4.500000e+01
     vertex  1.375054e+01  1.041563e+01  4.500000e+01
   endloop
 endfacet
 facet normal  0.000000e+00  0.000000e+00  1.000000e+00
   outer loop
     vertex  1.141408e+01  1.293373e+01  4.500000e+01
     vertex  1.075520e+01  1.348659e+01  4.500000e+01
     vertex  8.292414e+00  1.039836e+01  4.500000e+01
   endloop
 endfacet
 facet normal  0.000000e+00  0.000000e+00  1.000000e+00
   outer loop
     vertex  1.141408e+01  1.293373e+01  4.500000e+01
     vertex  8.292414e+00  1.039836e+01  4.500000e+01
     vertex  8.800422e+00  9.972090e+00  4.500000e+01
   endloop
 endfacet
 facet normal  0.000000e+00  0.000000e+00  1.000000e+00
   outer loop
     vertex  1.264514e+01  1.173298e+01  4.500000e+01
     vertex  9.749590e+00  9.046297e+00  4.500000e+01
     vertex  1.018839e+01  8.549075e+00  4.500000e+01
   endloop
 endfacet
 facet normal  0.000000e+00  0.000000e+00  1.000000e+00
   outer loop
     vertex  1.264514e+01  1.173298e+01  4.500000e+01
     vertex  1.018839e+01  8.549075e+00  4.500000e+01
     vertex  1.321427e+01  1.108809e+01  4.500000e+01
   endloop
 endfacet
 facet normal  0.000000e+00  0.000000e+00  1.000000e+00
   outer loop
     vertex  1.204459e+01  1.234870e+01  4.500000e+01
     vertex  9.286550e+00  9.521029e+00  4.500000e+01
     vertex  9.749590e+00  9.046297e+00  4.500000e+01
   endloop
 endfacet
 facet normal  0.000000e+00  0.000000e+00  1.000000e+00
   outer loop
     vertex  1.204459e+01  1.234870e+01  4.500000e+01
     vertex  8.800422e+00  9.972090e+00  4.500000e+01
     vertex  9.286550e+00  9.521029e+00  4.500000e+01
   endloop
 endfacet
 facet normal  0.000000e+00  0.000000e+00  1.000000e+00
   outer loop
     vertex  1.204459e+01  1.234870e+01  4.500000e+01
     vertex  9.749590e+00  9.046297e+00  4.500000e+01
     vertex  1.264514e+01  1.173298e+01  4.500000e+01
   endloop
 endfacet
 facet normal  0.000000e+00  0.000000e+00  1.000000e+00
   outer loop
     vertex  1.204459e+01  1.234870e+01  4.500000e+01
     vertex  1.141408e+01  1.293373e+01  4.500000e+01
     vertex  8.800422e+00  9.972090e+00  4.500000e+01
   endloop
 endfacet
 facet normal -9.996892e-01 -2.493069e-02  0.000000e+00
   outer loop
     vertex  1.328347e+01  6.629503e-01  0.000000e+00
     vertex  1.330000e+01  0.000000e+00  0.000000e+00
     vertex  1.330000e+01  0.000000e+00  4.500000e+01
   endloop
 endfacet
 facet normal -9.996892e-01 -2.493069e-02  0.000000e+00
   outer loop
     vertex  1.328347e+01  6.629503e-01  0.000000e+00
     vertex  1.330000e+01  0.000000e+00  4.500000e+01
     vertex  1.328347e+01  6.629503e-01  4.500000e+01
   endloop
 endfacet
 facet normal -9.972038e-01 -7.473009e-02  0.000000e+00
   outer loop
     vertex  1.323391e+01  1.324252e+00  0.000000e+00
     vertex  1.328347e+01  6.629503e-01  4.500000e+01
     vertex  1.323391e+01  1.324252e+00  4.500000e+01
   endloop
 endfacet
 facet normal -9.972038e-01 -7.473009e-02  0.000000e+00
   outer loop
     vertex  1.323391e+01  1.324252e+00  0.000000e+00
     vertex  1.328347e+01  6.629503e-01  0.000000e+00
     vertex  1.328347e+01  6.629503e-01  4.500000e+01
   endloop
 endfacet
 facet normal -9.922392e-01 -1.243437e-01  0.000000e+00
   outer loop
     vertex  1.315145e+01  1.982262e+00  0.000000e+00
     vertex  1.323391e+01  1.324252e+00  4.500000e+01
     vertex  1.315145e+01  1.982262e+00  4.500000e+01
   endloop
 endfacet
 facet normal -9.848078e-01 -1.736482e-01  0.000000e+00
   outer loop
     vertex  1.315145e+01  1.982262e+00  0.000000e+00
     vertex  1.315145e+01  1.982262e+00  4.500000e+01
     vertex  1.303629e+01  2.635344e+00  4.500000e+01
   endloop
 endfacet
 facet normal -9.922392e-01 -1.243437e-01  0.000000e+00
   outer loop
     vertex  1.315145e+01  1.982262e+00  0.000000e+00
     vertex  1.323391e+01  1.324252e+00  0.000000e+00
     vertex  1.323391e+01  1.324252e+00  4.500000e+01
   endloop
 endfacet
 facet normal -9.848078e-01 -1.736482e-01  0.000000e+00
   outer loop
     vertex  1.303629e+01  2.635344e+00  0.000000e+00
     vertex  1.315145e+01  1.982262e+00  0.000000e+00
     vertex  1.303629e+01  2.635344e+00  4.500000e+01
   endloop
 endfacet
 facet normal -9.749279e-01 -2.225209e-01  0.000000e+00
   outer loop
     vertex  1.288873e+01  3.281873e+00  0.000000e+00
     vertex  1.303629e+01  2.635344e+00  4.500000e+01
     vertex  1.288873e+01  3.281873e+00  4.500000e+01
   endloop
 endfacet
 facet normal -9.749279e-01 -2.225209e-01  0.000000e+00
   outer loop
     vertex  1.288873e+01  3.281873e+00  0.000000e+00
     vertex  1.303629e+01  2.635344e+00  0.000000e+00
     vertex  1.303629e+01  2.635344e+00  4.500000e+01
   endloop
 endfacet
 facet normal -9.626242e-01 -2.708405e-01  0.000000e+00
   outer loop
     vertex  1.270912e+01  3.920244e+00  0.000000e+00
     vertex  1.288873e+01  3.281873e+00  4.500000e+01
     vertex  1.270912e+01  3.920244e+00  4.500000e+01
   endloop
 endfacet
 facet normal -9.479273e-01 -3.184867e-01  0.000000e+00
   outer loop
     vertex  1.270912e+01  3.920244e+00  0.000000e+00
     vertex  1.270912e+01  3.920244e+00  4.500000e+01
     vertex  1.249791e+01  4.548868e+00  4.500000e+01
   endloop
 endfacet
 facet normal -9.626242e-01 -2.708405e-01  0.000000e+00
   outer loop
     vertex  1.270912e+01  3.920244e+00  0.000000e+00
     vertex  1.288873e+01  3.281873e+00  0.000000e+00
     vertex  1.288873e+01  3.281873e+00  4.500000e+01
   endloop
 endfacet
 facet normal -9.308737e-01 -3.653410e-01  0.000000e+00
   outer loop
     vertex  1.249791e+01  4.548868e+00  0.000000e+00
     vertex  1.249791e+01  4.548868e+00  4.500000e+01
     vertex  1.225563e+01  5.166183e+00  4.500000e+01
   endloop
 endfacet
 facet normal -9.479273e-01 -3.184867e-01  0.000000e+00
   outer loop
     vertex  1.249791e+01  4.548868e+00  0.000000e+00
     vertex  1.270912e+01  3.920244e+00  0.000000e+00
     vertex  1.249791e+01  4.548868e+00  4.500000e+01
   endloop
 endfacet
 facet normal -9.308737e-01 -3.653410e-01  0.000000e+00
   outer loop
     vertex  1.225563e+01  5.166183e+00  0.000000e+00
     vertex  1.249791e+01  4.548868e+00  0.000000e+00
     vertex  1.225563e+01  5.166183e+00  4.500000e+01
   endloop
 endfacet
 facet normal -9.115059e-01 -4.112871e-01  0.000000e+00
   outer loop
     vertex  1.198289e+01  5.770654e+00  0.000000e+00
     vertex  1.225563e+01  5.166183e+00  4.500000e+01
     vertex  1.198289e+01  5.770654e+00  4.500000e+01
   endloop
 endfacet
 facet normal -9.115059e-01 -4.112871e-01  0.000000e+00
   outer loop
     vertex  1.198289e+01  5.770654e+00  0.000000e+00
     vertex  1.225563e+01  5.166183e+00  0.000000e+00
     vertex  1.225563e+01  5.166183e+00  4.500000e+01
   endloop
 endfacet
 facet normal -8.898718e-01 -4.562107e-01  0.000000e+00
   outer loop
     vertex  1.168035e+01  6.360778e+00  0.000000e+00
     vertex  1.198289e+01  5.770654e+00  4.500000e+01
     vertex  1.168035e+01  6.360778e+00  4.500000e+01
   endloop
 endfacet
 facet normal -8.898718e-01 -4.562107e-01  0.000000e+00
   outer loop
     vertex  1.168035e+01  6.360778e+00  0.000000e+00
     vertex  1.198289e+01  5.770654e+00  0.000000e+00
     vertex  1.198289e+01  5.770654e+00  4.500000e+01
   endloop
 endfacet
 facet normal -8.660254e-01 -5.000000e-01  0.000000e+00
   outer loop
     vertex  1.134877e+01  6.935088e+00  0.000000e+00
     vertex  1.168035e+01  6.360778e+00  0.000000e+00
     vertex  1.168035e+01  6.360778e+00  4.500000e+01
   endloop
 endfacet
 facet normal -8.660254e-01 -5.000000e-01  0.000000e+00
   outer loop
     vertex  1.134877e+01  6.935088e+00  0.000000e+00
     vertex  1.168035e+01  6.360778e+00  4.500000e+01
     vertex  1.134877e+01  6.935088e+00  4.500000e+01
   endloop
 endfacet
 facet normal -8.400259e-01 -5.425463e-01  0.000000e+00
   outer loop
     vertex  1.098898e+01  7.492157e+00  0.000000e+00
     vertex  1.134877e+01  6.935088e+00  0.000000e+00
     vertex  1.134877e+01  6.935088e+00  4.500000e+01
   endloop
 endfacet
 facet normal -8.400259e-01 -5.425463e-01  0.000000e+00
   outer loop
     vertex  1.098898e+01  7.492157e+00  0.000000e+00
     vertex  1.134877e+01  6.935088e+00  4.500000e+01
     vertex  1.098898e+01  7.492157e+00  4.500000e+01
   endloop
 endfacet
 facet normal -8.119380e-01 -5.837437e-01  0.000000e+00
   outer loop
     vertex  1.098898e+01  7.492157e+00  0.000000e+00
     vertex  1.098898e+01  7.492157e+00  4.500000e+01
     vertex  1.060186e+01  8.030599e+00  4.500000e+01
   endloop
 endfacet
 facet normal -8.119380e-01 -5.837437e-01  0.000000e+00
   outer loop
     vertex  1.060186e+01  8.030599e+00  0.000000e+00
     vertex  1.098898e+01  7.492157e+00  0.000000e+00
     vertex  1.060186e+01  8.030599e+00  4.500000e+01
   endloop
 endfacet
 facet normal -7.818315e-01 -6.234898e-01  0.000000e+00
   outer loop
     vertex  1.018839e+01  8.549075e+00  0.000000e+00
     vertex  1.060186e+01  8.030599e+00  0.000000e+00
     vertex  1.060186e+01  8.030599e+00  4.500000e+01
   endloop
 endfacet
 facet normal -7.818315e-01 -6.234898e-01  0.000000e+00
   outer loop
     vertex  1.018839e+01  8.549075e+00  0.000000e+00
     vertex  1.060186e+01  8.030599e+00  4.500000e+01
     vertex  1.018839e+01  8.549075e+00  4.500000e+01
   endloop
 endfacet
 facet normal -7.497812e-01 -6.616858e-01  0.000000e+00
   outer loop
     vertex  9.749590e+00  9.046297e+00  0.000000e+00
     vertex  1.018839e+01  8.549075e+00  4.500000e+01
     vertex  9.749590e+00  9.046297e+00  4.500000e+01
   endloop
 endfacet
 facet normal -7.497812e-01 -6.616858e-01  0.000000e+00
   outer loop
     vertex  9.749590e+00  9.046297e+00  0.000000e+00
     vertex  1.018839e+01  8.549075e+00  0.000000e+00
     vertex  1.018839e+01  8.549075e+00  4.500000e+01
   endloop
 endfacet
 facet normal -7.158668e-01 -6.982368e-01  0.000000e+00
   outer loop
     vertex  9.286550e+00  9.521029e+00  0.000000e+00
     vertex  9.749590e+00  9.046297e+00  4.500000e+01
     vertex  9.286550e+00  9.521029e+00  4.500000e+01
   endloop
 endfacet
 facet normal -6.801727e-01 -7.330519e-01  0.000000e+00
   outer loop
     vertex  9.286550e+00  9.521029e+00  0.000000e+00
     vertex  9.286550e+00  9.521029e+00  4.500000e+01
     vertex  8.800422e+00  9.972090e+00  4.500000e+01
   endloop
 endfacet
 facet normal -7.158668e-01 -6.982368e-01  0.000000e+00
   outer loop
     vertex  9.286550e+00  9.521029e+00  0.000000e+00
     vertex  9.749590e+00  9.046297e+00  0.000000e+00
     vertex  9.749590e+00  9.046297e+00  4.500000e+01
   endloop
 endfacet
 facet normal -6.801727e-01 -7.330519e-01  0.000000e+00
   outer loop
     vertex  8.800422e+00  9.972090e+00  0.000000e+00
     vertex  9.286550e+00  9.521029e+00  0.000000e+00
     vertex  8.800422e+00  9.972090e+00  4.500000e+01
   endloop
 endfacet
 facet normal -6.427876e-01 -7.660444e-01  0.000000e+00
   outer loop
     vertex  8.292414e+00  1.039836e+01  0.000000e+00
     vertex  8.800422e+00  9.972090e+00  4.500000e+01
     vertex  8.292414e+00  1.039836e+01  4.500000e+01
   endloop
 endfacet
 facet normal -6.427876e-01 -7.660444e-01  0.000000e+00
   outer loop
     vertex  8.292414e+00  1.039836e+01  0.000000e+00
     vertex  8.800422e+00  9.972090e+00  0.000000e+00
     vertex  8.800422e+00  9.972090e+00  4.500000e+01
   endloop
 endfacet
 facet normal -6.038044e-01 -7.971325e-01  0.000000e+00
   outer loop
     vertex  7.763791e+00  1.079878e+01  0.000000e+00
     vertex  8.292414e+00  1.039836e+01  4.500000e+01
     vertex  7.763791e+00  1.079878e+01  4.500000e+01
   endloop
 endfacet
 facet normal -5.633201e-01 -8.262388e-01  0.000000e+00
   outer loop
     vertex  7.763791e+00  1.079878e+01  0.000000e+00
     vertex  7.763791e+00  1.079878e+01  4.500000e+01
     vertex  7.215865e+00  1.117234e+01  4.500000e+01
   endloop
 endfacet
 facet normal -6.038044e-01 -7.971325e-01  0.000000e+00
   outer loop
     vertex  7.763791e+00  1.079878e+01  0.000000e+00
     vertex  8.292414e+00  1.039836e+01  0.000000e+00
     vertex  8.292414e+00  1.039836e+01  4.500000e+01
   endloop
 endfacet
 facet normal -5.633201e-01 -8.262388e-01  0.000000e+00
   outer loop
     vertex  7.215865e+00  1.117234e+01  0.000000e+00
     vertex  7.763791e+00  1.079878e+01  0.000000e+00
     vertex  7.215865e+00  1.117234e+01  4.500000e+01
   endloop
 endfacet
 facet normal -5.214352e-01 -8.532909e-01  0.000000e+00
   outer loop
     vertex  6.650000e+00  1.151814e+01  0.000000e+00
     vertex  7.215865e+00  1.117234e+01  4.500000e+01
     vertex  6.650000e+00  1.151814e+01  4.500000e+01
   endloop
 endfacet
 facet normal -4.782540e-01 -8.782216e-01  0.000000e+00
   outer loop
     vertex  6.650000e+00  1.151814e+01  0.000000e+00
     vertex  6.650000e+00  1.151814e+01  4.500000e+01
     vertex  6.067602e+00  1.183530e+01  4.500000e+01
   endloop
 endfacet
 facet normal -5.214352e-01 -8.532909e-01  0.000000e+00
   outer loop
     vertex  6.650000e+00  1.151814e+01  0.000000e+00
     vertex  7.215865e+00  1.117234e+01  0.000000e+00
     vertex  7.215865e+00  1.117234e+01  4.500000e+01
   endloop
 endfacet
 facet normal -4.338837e-01 -9.009689e-01  0.000000e+00
   outer loop
     vertex  6.067602e+00  1.183530e+01  0.000000e+00
     vertex  6.067602e+00  1.183530e+01  4.500000e+01
     vertex  5.470118e+00  1.212303e+01  4.500000e+01
   endloop
 endfacet
 facet normal -4.782540e-01 -8.782216e-01  0.000000e+00
   outer loop
     vertex  6.067602e+00  1.183530e+01  0.000000e+00
     vertex  6.650000e+00  1.151814e+01  0.000000e+00
     vertex  6.067602e+00  1.183530e+01  4.500000e+01
   endloop
 endfacet
 facet normal -3.884348e-01 -9.214762e-01  0.000000e+00
   outer loop
     vertex  5.470118e+00  1.212303e+01  0.000000e+00
     vertex  5.470118e+00  1.212303e+01  4.500000e+01
     vertex  4.859036e+00  1.238062e+01  4.500000e+01
   endloop
 endfacet
 facet normal -4.338837e-01 -9.009689e-01  0.000000e+00
   outer loop
     vertex  5.470118e+00  1.212303e+01  0.000000e+00
     vertex  6.067602e+00  1.183530e+01  0.000000e+00
     vertex  5.470118e+00  1.212303e+01  4.500000e+01
   endloop
 endfacet
 facet normal -3.884348e-01 -9.214762e-01  0.000000e+00
   outer loop
     vertex  4.859036e+00  1.238062e+01  0.000000e+00
     vertex  5.470118e+00  1.212303e+01  0.000000e+00
     vertex  4.859036e+00  1.238062e+01  4.500000e+01
   endloop
 endfacet
 facet normal -3.420201e-01 -9.396926e-01  0.000000e+00
   outer loop
     vertex  4.235872e+00  1.260743e+01  0.000000e+00
     vertex  4.859036e+00  1.238062e+01  4.500000e+01
     vertex  4.235872e+00  1.260743e+01  4.500000e+01
   endloop
 endfacet
 facet normal -3.420201e-01 -9.396926e-01  0.000000e+00
   outer loop
     vertex  4.235872e+00  1.260743e+01  0.000000e+00
     vertex  4.859036e+00  1.238062e+01  0.000000e+00
     vertex  4.859036e+00  1.238062e+01  4.500000e+01
   endloop
 endfacet
 facet normal -2.947552e-01 -9.555728e-01  0.000000e+00
   outer loop
     vertex  3.602178e+00  1.280290e+01  0.000000e+00
     vertex  4.235872e+00  1.260743e+01  4.500000e+01
     vertex  3.602178e+00  1.280290e+01  4.500000e+01
   endloop
 endfacet
 facet normal -2.467574e-01 -9.690773e-01  0.000000e+00
   outer loop
     vertex  3.602178e+00  1.280290e+01  0.000000e+00
     vertex  3.602178e+00  1.280290e+01  4.500000e+01
     vertex  2.959528e+00  1.296654e+01  4.500000e+01
   endloop
 endfacet
 facet normal -2.947552e-01 -9.555728e-01  0.000000e+00
   outer loop
     vertex  3.602178e+00  1.280290e+01  0.000000e+00
     vertex  4.235872e+00  1.260743e+01  0.000000e+00
     vertex  4.235872e+00  1.260743e+01  4.500000e+01
   endloop
 endfacet
 facet normal -2.467574e-01 -9.690773e-01  0.000000e+00
   outer loop
     vertex  2.959528e+00  1.296654e+01  0.000000e+00
     vertex  3.602178e+00  1.280290e+01  0.000000e+00
     vertex  2.959528e+00  1.296654e+01  4.500000e+01
   endloop
 endfacet
 facet normal -1.981461e-01 -9.801725e-01  0.000000e+00
   outer loop
     vertex  2.309521e+00  1.309794e+01  0.000000e+00
     vertex  2.959528e+00  1.296654e+01  4.500000e+01
     vertex  2.309521e+00  1.309794e+01  4.500000e+01
   endloop
 endfacet
 facet normal -1.981461e-01 -9.801725e-01  0.000000e+00
   outer loop
     vertex  2.309521e+00  1.309794e+01  0.000000e+00
     vertex  2.959528e+00  1.296654e+01  0.000000e+00
     vertex  2.959528e+00  1.296654e+01  4.500000e+01
   endloop
 endfacet
 facet normal -1.490423e-01 -9.888308e-01  0.000000e+00
   outer loop
     vertex  1.653771e+00  1.319678e+01  0.000000e+00
     vertex  2.309521e+00  1.309794e+01  4.500000e+01
     vertex  1.653771e+00  1.319678e+01  4.500000e+01
   endloop
 endfacet
 facet normal -1.490423e-01 -9.888308e-01  0.000000e+00
   outer loop
     vertex  1.653771e+00  1.319678e+01  0.000000e+00
     vertex  2.309521e+00  1.309794e+01  0.000000e+00
     vertex  2.309521e+00  1.309794e+01  4.500000e+01
   endloop
 endfacet
 facet normal -9.956785e-02 -9.950308e-01  0.000000e+00
   outer loop
     vertex  9.939102e-01  1.326281e+01  0.000000e+00
     vertex  1.653771e+00  1.319678e+01  4.500000e+01
     vertex  9.939102e-01  1.326281e+01  4.500000e+01
   endloop
 endfacet
 facet normal -9.956785e-02 -9.950308e-01  0.000000e+00
   outer loop
     vertex  9.939102e-01  1.326281e+01  0.000000e+00
     vertex  1.653771e+00  1.319678e+01  0.000000e+00
     vertex  1.653771e+00  1.319678e+01  4.500000e+01
   endloop
 endfacet
 facet normal -4.984589e-02 -9.987569e-01  0.000000e+00
   outer loop
     vertex  3.315782e-01  1.329587e+01  0.000000e+00
     vertex  9.939102e-01  1.326281e+01  4.500000e+01
     vertex  3.315782e-01  1.329587e+01  4.500000e+01
   endloop
 endfacet
 facet normal  0.000000e+00 -1.000000e+00  0.000000e+00
   outer loop
     vertex  3.315782e-01  1.329587e+01  0.000000e+00
     vertex  3.315782e-01  1.329587e+01  4.500000e+01
     vertex -3.315782e-01  1.329587e+01  4.500000e+01
   endloop
 endfacet
 facet normal -4.984589e-02 -9.987569e-01  0.000000e+00
   outer loop
     vertex  3.315782e-01  1.329587e+01  0.000000e+00
     vertex  9.939102e-01  1.326281e+01  0.000000e+00
     vertex  9.939102e-01  1.326281e+01  4.500000e+01
   endloop
 endfacet
 facet normal  0.000000e+00 -1.000000e+00  0.000000e+00
   outer loop
     vertex -3.315782e-01  1.329587e+01  0.000000e+00
     vertex  3.315782e-01  1.329587e+01  0.000000e+00
     vertex -3.315782e-01  1.329587e+01  4.500000e+01
   endloop
 endfacet
 facet normal  4.984589e-02 -9.987569e-01  0.000000e+00
   outer loop
     vertex -9.939102e-01  1.326281e+01  0.000000e+00
     vertex -3.315782e-01  1.329587e+01  4.500000e+01
     vertex -9.939102e-01  1.326281e+01  4.500000e+01
   endloop
 endfacet
 facet normal  4.984589e-02 -9.987569e-01  0.000000e+00
   outer loop
     vertex -9.939102e-01  1.326281e+01  0.000000e+00
     vertex -3.315782e-01  1.329587e+01  0.000000e+00
     vertex -3.315782e-01  1.329587e+01  4.500000e+01
   endloop
 endfacet
 facet normal  9.956785e-02 -9.950308e-01  0.000000e+00
   outer loop
     vertex -1.653771e+00  1.319678e+01  0.000000e+00
     vertex -9.939102e-01  1.326281e+01  4.500000e+01
     vertex -1.653771e+00  1.319678e+01  4.500000e+01
   endloop
 endfacet
 facet normal  9.956785e-02 -9.950308e-01  0.000000e+00
   outer loop
     vertex -1.653771e+00  1.319678e+01  0.000000e+00
     vertex -9.939102e-01  1.326281e+01  0.000000e+00
     vertex -9.939102e-01  1.326281e+01  4.500000e+01
   endloop
 endfacet
 facet normal  1.490423e-01 -9.888308e-01  0.000000e+00
   outer loop
     vertex -2.309521e+00  1.309794e+01  0.000000e+00
     vertex -1.653771e+00  1.319678e+01  4.500000e+01
     vertex -2.309521e+00  1.309794e+01  4.500000e+01
   endloop
 endfacet
 facet normal  1.490423e-01 -9.888308e-01  0.000000e+00
   outer loop
     vertex -2.309521e+00  1.309794e+01  0.000000e+00
     vertex -1.653771e+00  1.319678e+01  0.000000e+00
     vertex -1.653771e+00  1.319678e+01  4.500000e+01
   endloop
 endfacet
 facet normal  1.981461e-01 -9.801725e-01  0.000000e+00
   outer loop
     vertex -2.959528e+00  1.296654e+01  0.000000e+00
     vertex -2.309521e+00  1.309794e+01  4.500000e+01
     vertex -2.959528e+00  1.296654e+01  4.500000e+01
   endloop
 endfacet
 facet normal  1.981461e-01 -9.801725e-01  0.000000e+00
   outer loop
     vertex -2.959528e+00  1.296654e+01  0.000000e+00
     vertex -2.309521e+00  1.309794e+01  0.000000e+00
     vertex -2.309521e+00  1.309794e+01  4.500000e+01
   endloop
 endfacet
 facet normal  2.467574e-01 -9.690773e-01  0.000000e+00
   outer loop
     vertex -3.602178e+00  1.280290e+01  0.000000e+00
     vertex -2.959528e+00  1.296654e+01  4.500000e+01
     vertex -3.602178e+00  1.280290e+01  4.500000e+01
   endloop
 endfacet
 facet normal  2.467574e-01 -9.690773e-01  0.000000e+00
   outer loop
     vertex -3.602178e+00  1.280290e+01  0.000000e+00
     vertex -2.959528e+00  1.296654e+01  0.000000e+00
     vertex -2.959528e+00  1.296654e+01  4.500000e+01
   endloop
 endfacet
 facet normal  2.947552e-01 -9.555728e-01  0.000000e+00
   outer loop
     vertex -4.235872e+00  1.260743e+01  0.000000e+00
     vertex -3.602178e+00  1.280290e+01  0.000000e+00
     vertex -3.602178e+00  1.280290e+01  4.500000e+01
   endloop
 endfacet
 facet normal  2.947552e-01 -9.555728e-01  0.000000e+00
   outer loop
     vertex -4.235872e+00  1.260743e+01  0.000000e+00
     vertex -3.602178e+00  1.280290e+01  4.500000e+01
     vertex -4.235872e+00  1.260743e+01  4.500000e+01
   endloop
 endfacet
 facet normal  3.420201e-01 -9.396926e-01  0.000000e+00
   outer loop
     vertex -4.859036e+00  1.238062e+01  0.000000e+00
     vertex -4.235872e+00  1.260743e+01  0.000000e+00
     vertex -4.235872e+00  1.260743e+01  4.500000e+01
   endloop
 endfacet
 facet normal  3.420201e-01 -9.396926e-01  0.000000e+00
   outer loop
     vertex -4.859036e+00  1.238062e+01  0.000000e+00
     vertex -4.235872e+00  1.260743e+01  4.500000e+01
     vertex -4.859036e+00  1.238062e+01  4.500000e+01
   endloop
 endfacet
 facet normal  3.884348e-01 -9.214762e-01  0.000000e+00
   outer loop
     vertex -4.859036e+00  1.238062e+01  0.000000e+00
     vertex -4.859036e+00  1.238062e+01  4.500000e+01
     vertex -5.470118e+00  1.212303e+01  4.500000e+01
   endloop
 endfacet
 facet normal  3.884348e-01 -9.214762e-01  0.000000e+00
   outer loop
     vertex -5.470118e+00  1.212303e+01  0.000000e+00
     vertex -4.859036e+00  1.238062e+01  0.000000e+00
     vertex -5.470118e+00  1.212303e+01  4.500000e+01
   endloop
 endfacet
 facet normal  4.338837e-01 -9.009689e-01  0.000000e+00
   outer loop
     vertex -6.067602e+00  1.183530e+01  0.000000e+00
     vertex -5.470118e+00  1.212303e+01  0.000000e+00
     vertex -5.470118e+00  1.212303e+01  4.500000e+01
   endloop
 endfacet
 facet normal  4.338837e-01 -9.009689e-01  0.000000e+00
   outer loop
     vertex -6.067602e+00  1.183530e+01  0.000000e+00
     vertex -5.470118e+00  1.212303e+01  4.500000e+01
     vertex -6.067602e+00  1.183530e+01  4.500000e+01
   endloop
 endfacet
 facet normal  4.782540e-01 -8.782216e-01  0.000000e+00
   outer loop
     vertex -6.650000e+00  1.151814e+01  0.000000e+00
     vertex -6.067602e+00  1.183530e+01  0.000000e+00
     vertex -6.067602e+00  1.183530e+01  4.500000e+01
   endloop
 endfacet
 facet normal  4.782540e-01 -8.782216e-01  0.000000e+00
   outer loop
     vertex -6.650000e+00  1.151814e+01  0.000000e+00
     vertex -6.067602e+00  1.183530e+01  4.500000e+01
     vertex -6.650000e+00  1.151814e+01  4.500000e+01
   endloop
 endfacet
 facet normal  5.214352e-01 -8.532909e-01  0.000000e+00
   outer loop
     vertex -7.215865e+00  1.117234e+01  0.000000e+00
     vertex -6.650000e+00  1.151814e+01  0.000000e+00
     vertex -6.650000e+00  1.151814e+01  4.500000e+01
   endloop
 endfacet
 facet normal  5.214352e-01 -8.532909e-01  0.000000e+00
   outer loop
     vertex -7.215865e+00  1.117234e+01  0.000000e+00
     vertex -6.650000e+00  1.151814e+01  4.500000e+01
     vertex -7.215865e+00  1.117234e+01  4.500000e+01
   endloop
 endfacet
 facet normal  5.633201e-01 -8.262388e-01  0.000000e+00
   outer loop
     vertex -7.763791e+00  1.079878e+01  0.000000e+00
     vertex -7.215865e+00  1.117234e+01  0.000000e+00
     vertex -7.215865e+00  1.117234e+01  4.500000e+01
   endloop
 endfacet
 facet normal  5.633201e-01 -8.262388e-01  0.000000e+00
   outer loop
     vertex -7.763791e+00  1.079878e+01  0.000000e+00
     vertex -7.215865e+00  1.117234e+01  4.500000e+01
     vertex -7.763791e+00  1.079878e+01  4.500000e+01
   endloop
 endfacet
 facet normal  6.038044e-01 -7.971325e-01  0.000000e+00
   outer loop
     vertex -8.292414e+00  1.039836e+01  0.000000e+00
     vertex -7.763791e+00  1.079878e+01  0.000000e+00
     vertex -7.763791e+00  1.079878e+01  4.500000e+01
   endloop
 endfacet
 facet normal  6.038044e-01 -7.971325e-01  0.000000e+00
   outer loop
     vertex -8.292414e+00  1.039836e+01  0.000000e+00
     vertex -7.763791e+00  1.079878e+01  4.500000e+01
     vertex -8.292414e+00  1.039836e+01  4.500000e+01
   endloop
 endfacet
 facet normal  6.427876e-01 -7.660444e-01  0.000000e+00
   outer loop
     vertex -8.292414e+00  1.039836e+01  0.000000e+00
     vertex -8.292414e+00  1.039836e+01  4.500000e+01
     vertex -8.800422e+00  9.972090e+00  4.500000e+01
   endloop
 endfacet
 facet normal  6.427876e-01 -7.660444e-01  0.000000e+00
   outer loop
     vertex -8.800422e+00  9.972090e+00  0.000000e+00
     vertex -8.292414e+00  1.039836e+01  0.000000e+00
     vertex -8.800422e+00  9.972090e+00  4.500000e+01
   endloop
 endfacet
 facet normal  6.801727e-01 -7.330519e-01  0.000000e+00
   outer loop
     vertex -8.800422e+00  9.972090e+00  0.000000e+00
     vertex -8.800422e+00  9.972090e+00  4.500000e+01
     vertex -9.286550e+00  9.521029e+00  4.500000e+01
   endloop
 endfacet
 facet normal  6.801727e-01 -7.330519e-01  0.000000e+00
   outer loop
     vertex -9.286550e+00  9.521029e+00  0.000000e+00
     vertex -8.800422e+00  9.972090e+00  0.000000e+00
     vertex -9.286550e+00  9.521029e+00  4.500000e+01
   endloop
 endfacet
 facet normal  7.158668e-01 -6.982368e-01  0.000000e+00
   outer loop
     vertex -9.749590e+00  9.046297e+00  0.000000e+00
     vertex -9.286550e+00  9.521029e+00  4.500000e+01
     vertex -9.749590e+00  9.046297e+00  4.500000e+01
   endloop
 endfacet
 facet normal  7.158668e-01 -6.982368e-01  0.000000e+00
   outer loop
     vertex -9.749590e+00  9.046297e+00  0.000000e+00
     vertex -9.286550e+00  9.521029e+00  0.000000e+00
     vertex -9.286550e+00  9.521029e+00  4.500000e+01
   endloop
 endfacet
 facet normal  7.497812e-01 -6.616858e-01  0.000000e+00
   outer loop
     vertex -1.018839e+01  8.549075e+00  0.000000e+00
     vertex -9.749590e+00  9.046297e+00  4.500000e+01
     vertex -1.018839e+01  8.549075e+00  4.500000e+01
   endloop
 endfacet
 facet normal  7.497812e-01 -6.616858e-01  0.000000e+00
   outer loop
     vertex -1.018839e+01  8.549075e+00  0.000000e+00
     vertex -9.749590e+00  9.046297e+00  0.000000e+00
     vertex -9.749590e+00  9.046297e+00  4.500000e+01
   endloop
 endfacet
 facet normal  7.818315e-01 -6.234898e-01  0.000000e+00
   outer loop
     vertex -1.060186e+01  8.030599e+00  0.000000e+00
     vertex -1.018839e+01  8.549075e+00  4.500000e+01
     vertex -1.060186e+01  8.030599e+00  4.500000e+01
   endloop
 endfacet
 facet normal  7.818315e-01 -6.234898e-01  0.000000e+00
   outer loop
     vertex -1.060186e+01  8.030599e+00  0.000000e+00
     vertex -1.018839e+01  8.549075e+00  0.000000e+00
     vertex -1.018839e+01  8.549075e+00  4.500000e+01
   endloop
 endfacet
 facet normal  8.119380e-01 -5.837437e-01  0.000000e+00
   outer loop
     vertex -1.098898e+01  7.492157e+00  0.000000e+00
     vertex -1.060186e+01  8.030599e+00  4.500000e+01
     vertex -1.098898e+01  7.492157e+00  4.500000e+01
   endloop
 endfacet
 facet normal  8.119380e-01 -5.837437e-01  0.000000e+00
   outer loop
     vertex -1.098898e+01  7.492157e+00  0.000000e+00
     vertex -1.060186e+01  8.030599e+00  0.000000e+00
     vertex -1.060186e+01  8.030599e+00  4.500000e+01
   endloop
 endfacet
 facet normal  8.400259e-01 -5.425463e-01  0.000000e+00
   outer loop
     vertex -1.134877e+01  6.935088e+00  0.000000e+00
     vertex -1.098898e+01  7.492157e+00  4.500000e+01
     vertex -1.134877e+01  6.935088e+00  4.500000e+01
   endloop
 endfacet
 facet normal  8.400259e-01 -5.425463e-01  0.000000e+00
   outer loop
     vertex -1.134877e+01  6.935088e+00  0.000000e+00
     vertex -1.098898e+01  7.492157e+00  0.000000e+00
     vertex -1.098898e+01  7.492157e+00  4.500000e+01
   endloop
 endfacet
 facet normal  8.660254e-01 -5.000000e-01  0.000000e+00
   outer loop
     vertex -1.168035e+01  6.360778e+00  0.000000e+00
     vertex -1.134877e+01  6.935088e+00  4.500000e+01
     vertex -1.168035e+01  6.360778e+00  4.500000e+01
   endloop
 endfacet
 facet normal  8.660254e-01 -5.000000e-01  0.000000e+00
   outer loop
     vertex -1.168035e+01  6.360778e+00  0.000000e+00
     vertex -1.134877e+01  6.935088e+00  0.000000e+00
     vertex -1.134877e+01  6.935088e+00  4.500000e+01
   endloop
 endfacet
 facet normal  8.898718e-01 -4.562107e-01  0.000000e+00
   outer loop
     vertex -1.198289e+01  5.770654e+00  0.000000e+00
     vertex -1.168035e+01  6.360778e+00  4.500000e+01
     vertex -1.198289e+01  5.770654e+00  4.500000e+01
   endloop
 endfacet
 facet normal  8.898718e-01 -4.562107e-01  0.000000e+00
   outer loop
     vertex -1.198289e+01  5.770654e+00  0.000000e+00
     vertex -1.168035e+01  6.360778e+00  0.000000e+00
     vertex -1.168035e+01  6.360778e+00  4.500000e+01
   endloop
 endfacet
 facet normal  9.115059e-01 -4.112871e-01  0.000000e+00
   outer loop
     vertex -1.225563e+01  5.166183e+00  0.000000e+00
     vertex -1.198289e+01  5.770654e+00  4.500000e+01
     vertex -1.225563e+01  5.166183e+00  4.500000e+01
   endloop
 endfacet
 facet normal  9.115059e-01 -4.112871e-01  0.000000e+00
   outer loop
     vertex -1.225563e+01  5.166183e+00  0.000000e+00
     vertex -1.198289e+01  5.770654e+00  0.000000e+00
     vertex -1.198289e+01  5.770654e+00  4.500000e+01
   endloop
 endfacet
 facet normal  9.308737e-01 -3.653410e-01  0.000000e+00
   outer loop
     vertex -1.249791e+01  4.548868e+00  0.000000e+00
     vertex -1.225563e+01  5.166183e+00  4.500000e+01
     vertex -1.249791e+01  4.548868e+00  4.500000e+01
   endloop
 endfacet
 facet normal  9.308737e-01 -3.653410e-01  0.000000e+00
   outer loop
     vertex -1.249791e+01  4.548868e+00  0.000000e+00
     vertex -1.225563e+01  5.166183e+00  0.000000e+00
     vertex -1.225563e+01  5.166183e+00  4.500000e+01
   endloop
 endfacet
 facet normal  9.479273e-01 -3.184867e-01  0.000000e+00
   outer loop
     vertex -1.270912e+01  3.920244e+00  0.000000e+00
     vertex -1.249791e+01  4.548868e+00  4.500000e+01
     vertex -1.270912e+01  3.920244e+00  4.500000e+01
   endloop
 endfacet
 facet normal  9.479273e-01 -3.184867e-01  0.000000e+00
   outer loop
     vertex -1.270912e+01  3.920244e+00  0.000000e+00
     vertex -1.249791e+01  4.548868e+00  0.000000e+00
     vertex -1.249791e+01  4.548868e+00  4.500000e+01
   endloop
 endfacet
 facet normal  9.626242e-01 -2.708405e-01  0.000000e+00
   outer loop
     vertex -1.288873e+01  3.281873e+00  0.000000e+00
     vertex -1.270912e+01  3.920244e+00  4.500000e+01
     vertex -1.288873e+01  3.281873e+00  4.500000e+01
   endloop
 endfacet
 facet normal  9.626242e-01 -2.708405e-01  0.000000e+00
   outer loop
     vertex -1.288873e+01  3.281873e+00  0.000000e+00
     vertex -1.270912e+01  3.920244e+00  0.000000e+00
     vertex -1.270912e+01  3.920244e+00  4.500000e+01
   endloop
 endfacet
 facet normal  9.749279e-01 -2.225209e-01  0.000000e+00
   outer loop
     vertex -1.303629e+01  2.635344e+00  0.000000e+00
     vertex -1.288873e+01  3.281873e+00  4.500000e+01
     vertex -1.303629e+01  2.635344e+00  4.500000e+01
   endloop
 endfacet
 facet normal  9.749279e-01 -2.225209e-01  0.000000e+00
   outer loop
     vertex -1.303629e+01  2.635344e+00  0.000000e+00
     vertex -1.288873e+01  3.281873e+00  0.000000e+00
     vertex -1.288873e+01  3.281873e+00  4.500000e+01
   endloop
 endfacet
 facet normal  9.848078e-01 -1.736482e-01  0.000000e+00
   outer loop
     vertex -1.315145e+01  1.982262e+00  0.000000e+00
     vertex -1.303629e+01  2.635344e+00  4.500000e+01
     vertex -1.315145e+01  1.982262e+00  4.500000e+01
   endloop
 endfacet
 facet normal  9.848078e-01 -1.736482e-01  0.000000e+00
   outer loop
     vertex -1.315145e+01  1.982262e+00  0.000000e+00
     vertex -1.303629e+01  2.635344e+00  0.000000e+00
     vertex -1.303629e+01  2.635344e+00  4.500000e+01
   endloop
 endfacet
 facet normal  9.922392e-01 -1.243437e-01  0.000000e+00
   outer loop
     vertex -1.323391e+01  1.324252e+00  0.000000e+00
     vertex -1.315145e+01  1.982262e+00  4.500000e+01
     vertex -1.323391e+01  1.324252e+00  4.500000e+01
   endloop
 endfacet
 facet normal  9.922392e-01 -1.243437e-01  0.000000e+00
   outer loop
     vertex -1.323391e+01  1.324252e+00  0.000000e+00
     vertex -1.315145e+01  1.982262e+00  0.000000e+00
     vertex -1.315145e+01  1.982262e+00  4.500000e+01
   endloop
 endfacet
 facet normal  9.972038e-01 -7.473009e-02  0.000000e+00
   outer loop
     vertex -1.328347e+01  6.629503e-01  0.000000e+00
     vertex -1.323391e+01  1.324252e+00  0.000000e+00
     vertex -1.323391e+01  1.324252e+00  4.500000e+01
   endloop
 endfacet
 facet normal  9.972038e-01 -7.473009e-02  0.000000e+00
   outer loop
     vertex -1.328347e+01  6.629503e-01  0.000000e+00
     vertex -1.323391e+01  1.324252e+00  4.500000e+01
     vertex -1.328347e+01  6.629503e-01  4.500000e+01
   endloop
 endfacet
 facet normal  9.996892e-01 -2.493069e-02  0.000000e+00
   outer loop
     vertex -1.330000e+01 -4.562231e-14  0.000000e+00
     vertex -1.328347e+01  6.629503e-01  0.000000e+00
     vertex -1.328347e+01  6.629503e-01  4.500000e+01
   endloop
 endfacet
 facet normal  9.996892e-01 -2.493069e-02  0.000000e+00
   outer loop
     vertex -1.330000e+01 -4.562231e-14  0.000000e+00
     vertex -1.328347e+01  6.629503e-01  4.500000e+01
     vertex -1.330000e+01 -4.562231e-14  4.500000e+01
   endloop
 endfacet
 facet normal  9.996892e-01  2.493069e-02  0.000000e+00
   outer loop
     vertex -1.328347e+01 -6.629503e-01  0.000000e+00
     vertex -1.330000e+01 -4.562231e-14  0.000000e+00
     vertex -1.330000e+01 -4.562231e-14  4.500000e+01
   endloop
 endfacet
 facet normal  9.996892e-01  2.493069e-02 -0.000000e+00
   outer loop
     vertex -1.328347e+01 -6.629503e-01  0.000000e+00
     vertex -1.330000e+01 -4.562231e-14  4.500000e+01
     vertex -1.328347e+01 -6.629503e-01  4.500000e+01
   endloop
 endfacet
 facet normal  9.972038e-01  7.473009e-02  0.000000e+00
   outer loop
     vertex -1.323391e+01 -1.324252e+00  0.000000e+00
     vertex -1.328347e+01 -6.629503e-01  0.000000e+00
     vertex -1.328347e+01 -6.629503e-01  4.500000e+01
   endloop
 endfacet
 facet normal  9.972038e-01  7.473009e-02 -0.000000e+00
   outer loop
     vertex -1.323391e+01 -1.324252e+00  0.000000e+00
     vertex -1.328347e+01 -6.629503e-01  4.500000e+01
     vertex -1.323391e+01 -1.324252e+00  4.500000e+01
   endloop
 endfacet
 facet normal  9.922392e-01  1.243437e-01  0.000000e+00
   outer loop
     vertex -1.315145e+01 -1.982262e+00  0.000000e+00
     vertex -1.323391e+01 -1.324252e+00  0.000000e+00
     vertex -1.323391e+01 -1.324252e+00  4.500000e+01
   endloop
 endfacet
 facet normal  9.922392e-01  1.243437e-01 -0.000000e+00
   outer loop
     vertex -1.315145e+01 -1.982262e+00  0.000000e+00
     vertex -1.323391e+01 -1.324252e+00  4.500000e+01
     vertex -1.315145e+01 -1.982262e+00  4.500000e+01
   endloop
 endfacet
 facet normal  9.848078e-01  1.736482e-01  0.000000e+00
   outer loop
     vertex -1.303629e+01 -2.635344e+00  0.000000e+00
     vertex -1.315145e+01 -1.982262e+00  0.000000e+00
     vertex -1.315145e+01 -1.982262e+00  4.500000e+01
   endloop
 endfacet
 facet normal  9.848078e-01  1.736482e-01 -0.000000e+00
   outer loop
     vertex -1.303629e+01 -2.635344e+00  0.000000e+00
     vertex -1.315145e+01 -1.982262e+00  4.500000e+01
     vertex -1.303629e+01 -2.635344e+00  4.500000e+01
   endloop
 endfacet
 facet normal  9.749279e-01  2.225209e-01  0.000000e+00
   outer loop
     vertex -1.288873e+01 -3.281873e+00  0.000000e+00
     vertex -1.303629e+01 -2.635344e+00  0.000000e+00
     vertex -1.303629e+01 -2.635344e+00  4.500000e+01
   endloop
 endfacet
 facet normal  9.749279e-01  2.225209e-01 -0.000000e+00
   outer loop
     vertex -1.288873e+01 -3.281873e+00  0.000000e+00
     vertex -1.303629e+01 -2.635344e+00  4.500000e+01
     vertex -1.288873e+01 -3.281873e+00  4.500000e+01
   endloop
 endfacet
 facet normal  9.626242e-01  2.708405e-01  0.000000e+00
   outer loop
     vertex -1.270912e+01 -3.920244e+00  0.000000e+00
     vertex -1.288873e+01 -3.281873e+00  0.000000e+00
     vertex -1.288873e+01 -3.281873e+00  4.500000e+01
   endloop
 endfacet
 facet normal  9.626242e-01  2.708405e-01 -0.000000e+00
   outer loop
     vertex -1.270912e+01 -3.920244e+00  0.000000e+00
     vertex -1.288873e+01 -3.281873e+00  4.500000e+01
     vertex -1.270912e+01 -3.920244e+00  4.500000e+01
   endloop
 endfacet
 facet normal  9.479273e-01  3.184867e-01  0.000000e+00
   outer loop
     vertex -1.249791e+01 -4.548868e+00  0.000000e+00
     vertex -1.270912e+01 -3.920244e+00  0.000000e+00
     vertex -1.270912e+01 -3.920244e+00  4.500000e+01
   endloop
 endfacet
 facet normal  9.479273e-01  3.184867e-01 -0.000000e+00
   outer loop
     vertex -1.249791e+01 -4.548868e+00  0.000000e+00
     vertex -1.270912e+01 -3.920244e+00  4.500000e+01
     vertex -1.249791e+01 -4.548868e+00  4.500000e+01
   endloop
 endfacet
 facet normal  9.308737e-01  3.653410e-01  0.000000e+00
   outer loop
     vertex -1.225563e+01 -5.166183e+00  0.000000e+00
     vertex -1.249791e+01 -4.548868e+00  0.000000e+00
     vertex -1.249791e+01 -4.548868e+00  4.500000e+01
   endloop
 endfacet
 facet normal  9.308737e-01  3.653410e-01 -0.000000e+00
   outer loop
     vertex -1.225563e+01 -5.166183e+00  0.000000e+00
     vertex -1.249791e+01 -4.548868e+00  4.500000e+01
     vertex -1.225563e+01 -5.166183e+00  4.500000e+01
   endloop
 endfacet
 facet normal  9.115059e-01  4.112871e-01  0.000000e+00
   outer loop
     vertex -1.198289e+01 -5.770654e+00  0.000000e+00
     vertex -1.225563e+01 -5.166183e+00  0.000000e+00
     vertex -1.225563e+01 -5.166183e+00  4.500000e+01
   endloop
 endfacet
 facet normal  9.115059e-01  4.112871e-01 -0.000000e+00
   outer loop
     vertex -1.198289e+01 -5.770654e+00  0.000000e+00
     vertex -1.225563e+01 -5.166183e+00  4.500000e+01
     vertex -1.198289e+01 -5.770654e+00  4.500000e+01
   endloop
 endfacet
 facet normal  8.898718e-01  4.562107e-01  0.000000e+00
   outer loop
     vertex -1.168035e+01 -6.360778e+00  0.000000e+00
     vertex -1.198289e+01 -5.770654e+00  0.000000e+00
     vertex -1.198289e+01 -5.770654e+00  4.500000e+01
   endloop
 endfacet
 facet normal  8.898718e-01  4.562107e-01 -0.000000e+00
   outer loop
     vertex -1.168035e+01 -6.360778e+00  0.000000e+00
     vertex -1.198289e+01 -5.770654e+00  4.500000e+01
     vertex -1.168035e+01 -6.360778e+00  4.500000e+01
   endloop
 endfacet
 facet normal  8.660254e-01  5.000000e-01  0.000000e+00
   outer loop
     vertex -1.134877e+01 -6.935088e+00  0.000000e+00
     vertex -1.168035e+01 -6.360778e+00  0.000000e+00
     vertex -1.168035e+01 -6.360778e+00  4.500000e+01
   endloop
 endfacet
 facet normal  8.660254e-01  5.000000e-01 -0.000000e+00
   outer loop
     vertex -1.134877e+01 -6.935088e+00  0.000000e+00
     vertex -1.168035e+01 -6.360778e+00  4.500000e+01
     vertex -1.134877e+01 -6.935088e+00  4.500000e+01
   endloop
 endfacet
 facet normal  8.400259e-01  5.425463e-01  0.000000e+00
   outer loop
     vertex -1.098898e+01 -7.492157e+00  0.000000e+00
     vertex -1.134877e+01 -6.935088e+00  0.000000e+00
     vertex -1.134877e+01 -6.935088e+00  4.500000e+01
   endloop
 endfacet
 facet normal  8.400259e-01  5.425463e-01 -0.000000e+00
   outer loop
     vertex -1.098898e+01 -7.492157e+00  0.000000e+00
     vertex -1.134877e+01 -6.935088e+00  4.500000e+01
     vertex -1.098898e+01 -7.492157e+00  4.500000e+01
   endloop
 endfacet
 facet normal  8.119380e-01  5.837437e-01  0.000000e+00
   outer loop
     vertex -1.060186e+01 -8.030599e+00  0.000000e+00
     vertex -1.098898e+01 -7.492157e+00  0.000000e+00
     vertex -1.098898e+01 -7.492157e+00  4.500000e+01
   endloop
 endfacet
 facet normal  8.119380e-01  5.837437e-01 -0.000000e+00
   outer loop
     vertex -1.060186e+01 -8.030599e+00  0.000000e+00
     vertex -1.098898e+01 -7.492157e+00  4.500000e+01
     vertex -1.060186e+01 -8.030599e+00  4.500000e+01
   endloop
 endfacet
 facet normal  7.818315e-01  6.234898e-01  0.000000e+00
   outer loop
     vertex -1.018839e+01 -8.549075e+00  0.000000e+00
     vertex -1.060186e+01 -8.030599e+00  0.000000e+00
     vertex -1.060186e+01 -8.030599e+00  4.500000e+01
   endloop
 endfacet
 facet normal  7.818315e-01  6.234898e-01 -0.000000e+00
   outer loop
     vertex -1.018839e+01 -8.549075e+00  0.000000e+00
     vertex -1.060186e+01 -8.030599e+00  4.500000e+01
     vertex -1.018839e+01 -8.549075e+00  4.500000e+01
   endloop
 endfacet
 facet normal  7.497812e-01  6.616858e-01  0.000000e+00
   outer loop
     vertex -9.749590e+00 -9.046297e+00  0.000000e+00
     vertex -1.018839e+01 -8.549075e+00  0.000000e+00
     vertex -1.018839e+01 -8.549075e+00  4.500000e+01
   endloop
 endfacet
 facet normal  7.497812e-01  6.616858e-01 -0.000000e+00
   outer loop
     vertex -9.749590e+00 -9.046297e+00  0.000000e+00
     vertex -1.018839e+01 -8.549075e+00  4.500000e+01
     vertex -9.749590e+00 -9.046297e+00  4.500000e+01
   endloop
 endfacet
 facet normal  7.158668e-01  6.982368e-01 -0.000000e+00
   outer loop
     vertex -9.749590e+00 -9.046297e+00  0.000000e+00
     vertex -9.749590e+00 -9.046297e+00  4.500000e+01
     vertex -9.286550e+00 -9.521029e+00  4.500000e+01
   endloop
 endfacet
 facet normal  7.158668e-01  6.982368e-01 -0.000000e+00
   outer loop
     vertex -9.286550e+00 -9.521029e+00  0.000000e+00
     vertex -9.749590e+00 -9.046297e+00  0.000000e+00
     vertex -9.286550e+00 -9.521029e+00  4.500000e+01
   endloop
 endfacet
 facet normal  6.801727e-01  7.330519e-01 -0.000000e+00
   outer loop
     vertex -9.286550e+00 -9.521029e+00  0.000000e+00
     vertex -9.286550e+00 -9.521029e+00  4.500000e+01
     vertex -8.800422e+00 -9.972090e+00  4.500000e+01
   endloop
 endfacet
 facet normal  6.801727e-01  7.330519e-01 -0.000000e+00
   outer loop
     vertex -8.800422e+00 -9.972090e+00  0.000000e+00
     vertex -9.286550e+00 -9.521029e+00  0.000000e+00
     vertex -8.800422e+00 -9.972090e+00  4.500000e+01
   endloop
 endfacet
 facet normal  6.427876e-01  7.660444e-01  0.000000e+00
   outer loop
     vertex -8.292414e+00 -1.039836e+01  0.000000e+00
     vertex -8.800422e+00 -9.972090e+00  0.000000e+00
     vertex -8.800422e+00 -9.972090e+00  4.500000e+01
   endloop
 endfacet
 facet normal  6.427876e-01  7.660444e-01 -0.000000e+00
   outer loop
     vertex -8.292414e+00 -1.039836e+01  0.000000e+00
     vertex -8.800422e+00 -9.972090e+00  4.500000e+01
     vertex -8.292414e+00 -1.039836e+01  4.500000e+01
   endloop
 endfacet
 facet normal  6.038044e-01  7.971325e-01 -0.000000e+00
   outer loop
     vertex -8.292414e+00 -1.039836e+01  0.000000e+00
     vertex -8.292414e+00 -1.039836e+01  4.500000e+01
     vertex -7.763791e+00 -1.079878e+01  4.500000e+01
   endloop
 endfacet
 facet normal  6.038044e-01  7.971325e-01 -0.000000e+00
   outer loop
     vertex -7.763791e+00 -1.079878e+01  0.000000e+00
     vertex -8.292414e+00 -1.039836e+01  0.000000e+00
     vertex -7.763791e+00 -1.079878e+01  4.500000e+01
   endloop
 endfacet
 facet normal  5.633201e-01  8.262388e-01 -0.000000e+00
   outer loop
     vertex -7.215865e+00 -1.117234e+01  0.000000e+00
     vertex -7.763791e+00 -1.079878e+01  4.500000e+01
     vertex -7.215865e+00 -1.117234e+01  4.500000e+01
   endloop
 endfacet
 facet normal  5.633201e-01  8.262388e-01  0.000000e+00
   outer loop
     vertex -7.215865e+00 -1.117234e+01  0.000000e+00
     vertex -7.763791e+00 -1.079878e+01  0.000000e+00
     vertex -7.763791e+00 -1.079878e+01  4.500000e+01
   endloop
 endfacet
 facet normal  5.214352e-01  8.532909e-01 -0.000000e+00
   outer loop
     vertex -6.650000e+00 -1.151814e+01  0.000000e+00
     vertex -7.215865e+00 -1.117234e+01  4.500000e+01
     vertex -6.650000e+00 -1.151814e+01  4.500000e+01
   endloop
 endfacet
 facet normal  4.782540e-01  8.782216e-01 -0.000000e+00
   outer loop
     vertex -6.650000e+00 -1.151814e+01  0.000000e+00
     vertex -6.650000e+00 -1.151814e+01  4.500000e+01
     vertex -6.067602e+00 -1.183530e+01  4.500000e+01
   endloop
 endfacet
 facet normal  5.214352e-01  8.532909e-01  0.000000e+00
   outer loop
     vertex -6.650000e+00 -1.151814e+01  0.000000e+00
     vertex -7.215865e+00 -1.117234e+01  0.000000e+00
     vertex -7.215865e+00 -1.117234e+01  4.500000e+01
   endloop
 endfacet
 facet normal  4.338837e-01  9.009689e-01 -0.000000e+00
   outer loop
     vertex -6.067602e+00 -1.183530e+01  0.000000e+00
     vertex -6.067602e+00 -1.183530e+01  4.500000e+01
     vertex -5.470118e+00 -1.212303e+01  4.500000e+01
   endloop
 endfacet
 facet normal  4.782540e-01  8.782216e-01 -0.000000e+00
   outer loop
     vertex -6.067602e+00 -1.183530e+01  0.000000e+00
     vertex -6.650000e+00 -1.151814e+01  0.000000e+00
     vertex -6.067602e+00 -1.183530e+01  4.500000e+01
   endloop
 endfacet
 facet normal  4.338837e-01  9.009689e-01 -0.000000e+00
   outer loop
     vertex -5.470118e+00 -1.212303e+01  0.000000e+00
     vertex -6.067602e+00 -1.183530e+01  0.000000e+00
     vertex -5.470118e+00 -1.212303e+01  4.500000e+01
   endloop
 endfacet
 facet normal  3.884348e-01  9.214762e-01 -0.000000e+00
   outer loop
     vertex -4.859036e+00 -1.238062e+01  0.000000e+00
     vertex -5.470118e+00 -1.212303e+01  4.500000e+01
     vertex -4.859036e+00 -1.238062e+01  4.500000e+01
   endloop
 endfacet
 facet normal  3.884348e-01  9.214762e-01  0.000000e+00
   outer loop
     vertex -4.859036e+00 -1.238062e+01  0.000000e+00
     vertex -5.470118e+00 -1.212303e+01  0.000000e+00
     vertex -5.470118e+00 -1.212303e+01  4.500000e+01
   endloop
 endfacet
 facet normal  3.420201e-01  9.396926e-01  0.000000e+00
   outer loop
     vertex -4.235872e+00 -1.260743e+01  0.000000e+00
     vertex -4.859036e+00 -1.238062e+01  0.000000e+00
     vertex -4.859036e+00 -1.238062e+01  4.500000e+01
   endloop
 endfacet
 facet normal  3.420201e-01  9.396926e-01 -0.000000e+00
   outer loop
     vertex -4.235872e+00 -1.260743e+01  0.000000e+00
     vertex -4.859036e+00 -1.238062e+01  4.500000e+01
     vertex -4.235872e+00 -1.260743e+01  4.500000e+01
   endloop
 endfacet
 facet normal  2.947552e-01  9.555728e-01  0.000000e+00
   outer loop
     vertex -3.602178e+00 -1.280290e+01  0.000000e+00
     vertex -4.235872e+00 -1.260743e+01  0.000000e+00
     vertex -4.235872e+00 -1.260743e+01  4.500000e+01
   endloop
 endfacet
 facet normal  2.947552e-01  9.555728e-01 -0.000000e+00
   outer loop
     vertex -3.602178e+00 -1.280290e+01  0.000000e+00
     vertex -4.235872e+00 -1.260743e+01  4.500000e+01
     vertex -3.602178e+00 -1.280290e+01  4.500000e+01
   endloop
 endfacet
 facet normal  2.467574e-01  9.690773e-01  0.000000e+00
   outer loop
     vertex -2.959528e+00 -1.296654e+01  0.000000e+00
     vertex -3.602178e+00 -1.280290e+01  0.000000e+00
     vertex -3.602178e+00 -1.280290e+01  4.500000e+01
   endloop
 endfacet
 facet normal  2.467574e-01  9.690773e-01 -0.000000e+00
   outer loop
     vertex -2.959528e+00 -1.296654e+01  0.000000e+00
     vertex -3.602178e+00 -1.280290e+01  4.500000e+01
     vertex -2.959528e+00 -1.296654e+01  4.500000e+01
   endloop
 endfacet
 facet normal  1.981461e-01  9.801725e-01  0.000000e+00
   outer loop
     vertex -2.309521e+00 -1.309794e+01  0.000000e+00
     vertex -2.959528e+00 -1.296654e+01  0.000000e+00
     vertex -2.959528e+00 -1.296654e+01  4.500000e+01
   endloop
 endfacet
 facet normal  1.981461e-01  9.801725e-01 -0.000000e+00
   outer loop
     vertex -2.309521e+00 -1.309794e+01  0.000000e+00
     vertex -2.959528e+00 -1.296654e+01  4.500000e+01
     vertex -2.309521e+00 -1.309794e+01  4.500000e+01
   endloop
 endfacet
 facet normal  1.490423e-01  9.888308e-01  0.000000e+00
   outer loop
     vertex -1.653771e+00 -1.319678e+01  0.000000e+00
     vertex -2.309521e+00 -1.309794e+01  0.000000e+00
     vertex -2.309521e+00 -1.309794e+01  4.500000e+01
   endloop
 endfacet
 facet normal  1.490423e-01  9.888308e-01 -0.000000e+00
   outer loop
     vertex -1.653771e+00 -1.319678e+01  0.000000e+00
     vertex -2.309521e+00 -1.309794e+01  4.500000e+01
     vertex -1.653771e+00 -1.319678e+01  4.500000e+01
   endloop
 endfacet
 facet normal  9.956785e-02  9.950308e-01  0.000000e+00
   outer loop
     vertex -9.939102e-01 -1.326281e+01  0.000000e+00
     vertex -1.653771e+00 -1.319678e+01  0.000000e+00
     vertex -1.653771e+00 -1.319678e+01  4.500000e+01
   endloop
 endfacet
 facet normal  9.956785e-02  9.950308e-01 -0.000000e+00
   outer loop
     vertex -9.939102e-01 -1.326281e+01  0.000000e+00
     vertex -1.653771e+00 -1.319678e+01  4.500000e+01
     vertex -9.939102e-01 -1.326281e+01  4.500000e+01
   endloop
 endfacet
 facet normal  4.984589e-02  9.987569e-01  0.000000e+00
   outer loop
     vertex -3.315782e-01 -1.329587e+01  0.000000e+00
     vertex -9.939102e-01 -1.326281e+01  0.000000e+00
     vertex -9.939102e-01 -1.326281e+01  4.500000e+01
   endloop
 endfacet
 facet normal  4.984589e-02  9.987569e-01 -0.000000e+00
   outer loop
     vertex -3.315782e-01 -1.329587e+01  0.000000e+00
     vertex -9.939102e-01 -1.326281e+01  4.500000e+01
     vertex -3.315782e-01 -1.329587e+01  4.500000e+01
   endloop
 endfacet
 facet normal -1.071456e-14  1.000000e+00  0.000000e+00
   outer loop
     vertex  3.315782e-01 -1.329587e+01  0.000000e+00
     vertex -3.315782e-01 -1.329587e+01  0.000000e+00
     vertex -3.315782e-01 -1.329587e+01  4.500000e+01
   endloop
 endfacet
 facet normal -1.071456e-14  1.000000e+00  0.000000e+00
   outer loop
     vertex  3.315782e-01 -1.329587e+01  0.000000e+00
     vertex -3.315782e-01 -1.329587e+01  4.500000e+01
     vertex  3.315782e-01 -1.329587e+01  4.500000e+01
   endloop
 endfacet
 facet normal -4.984589e-02  9.987569e-01  0.000000e+00
   outer loop
     vertex  3.315782e-01 -1.329587e+01  0.000000e+00
     vertex  3.315782e-01 -1.329587e+01  4.500000e+01
     vertex  9.939102e-01 -1.326281e+01  4.500000e+01
   endloop
 endfacet
 facet normal -4.984589e-02  9.987569e-01  0.000000e+00
   outer loop
     vertex  9.939102e-01 -1.326281e+01  0.000000e+00
     vertex  3.315782e-01 -1.329587e+01  0.000000e+00
     vertex  9.939102e-01 -1.326281e+01  4.500000e+01
   endloop
 endfacet
 facet normal -9.956785e-02  9.950308e-01  0.000000e+00
   outer loop
     vertex  1.653771e+00 -1.319678e+01  0.000000e+00
     vertex  9.939102e-01 -1.326281e+01  0.000000e+00
     vertex  9.939102e-01 -1.326281e+01  4.500000e+01
   endloop
 endfacet
 facet normal -9.956785e-02  9.950308e-01  0.000000e+00
   outer loop
     vertex  1.653771e+00 -1.319678e+01  0.000000e+00
     vertex  9.939102e-01 -1.326281e+01  4.500000e+01
     vertex  1.653771e+00 -1.319678e+01  4.500000e+01
   endloop
 endfacet
 facet normal -1.490423e-01  9.888308e-01  0.000000e+00
   outer loop
     vertex  2.309521e+00 -1.309794e+01  0.000000e+00
     vertex  1.653771e+00 -1.319678e+01  0.000000e+00
     vertex  1.653771e+00 -1.319678e+01  4.500000e+01
   endloop
 endfacet
 facet normal -1.490423e-01  9.888308e-01  0.000000e+00
   outer loop
     vertex  2.309521e+00 -1.309794e+01  0.000000e+00
     vertex  1.653771e+00 -1.319678e+01  4.500000e+01
     vertex  2.309521e+00 -1.309794e+01  4.500000e+01
   endloop
 endfacet
 facet normal -1.981461e-01  9.801725e-01  0.000000e+00
   outer loop
     vertex  2.959528e+00 -1.296654e+01  0.000000e+00
     vertex  2.309521e+00 -1.309794e+01  0.000000e+00
     vertex  2.309521e+00 -1.309794e+01  4.500000e+01
   endloop
 endfacet
 facet normal -1.981461e-01  9.801725e-01  0.000000e+00
   outer loop
     vertex  2.959528e+00 -1.296654e+01  0.000000e+00
     vertex  2.309521e+00 -1.309794e+01  4.500000e+01
     vertex  2.959528e+00 -1.296654e+01  4.500000e+01
   endloop
 endfacet
 facet normal -2.467574e-01  9.690773e-01  0.000000e+00
   outer loop
     vertex  3.602178e+00 -1.280290e+01  0.000000e+00
     vertex  2.959528e+00 -1.296654e+01  4.500000e+01
     vertex  3.602178e+00 -1.280290e+01  4.500000e+01
   endloop
 endfacet
 facet normal -2.467574e-01  9.690773e-01  0.000000e+00
   outer loop
     vertex  3.602178e+00 -1.280290e+01  0.000000e+00
     vertex  2.959528e+00 -1.296654e+01  0.000000e+00
     vertex  2.959528e+00 -1.296654e+01  4.500000e+01
   endloop
 endfacet
 facet normal -2.947552e-01  9.555728e-01  0.000000e+00
   outer loop
     vertex  4.235872e+00 -1.260743e+01  0.000000e+00
     vertex  3.602178e+00 -1.280290e+01  4.500000e+01
     vertex  4.235872e+00 -1.260743e+01  4.500000e+01
   endloop
 endfacet
 facet normal -3.420201e-01  9.396926e-01  0.000000e+00
   outer loop
     vertex  4.235872e+00 -1.260743e+01  0.000000e+00
     vertex  4.235872e+00 -1.260743e+01  4.500000e+01
     vertex  4.859036e+00 -1.238062e+01  4.500000e+01
   endloop
 endfacet
 facet normal -2.947552e-01  9.555728e-01  0.000000e+00
   outer loop
     vertex  4.235872e+00 -1.260743e+01  0.000000e+00
     vertex  3.602178e+00 -1.280290e+01  0.000000e+00
     vertex  3.602178e+00 -1.280290e+01  4.500000e+01
   endloop
 endfacet
 facet normal -3.420201e-01  9.396926e-01  0.000000e+00
   outer loop
     vertex  4.859036e+00 -1.238062e+01  0.000000e+00
     vertex  4.235872e+00 -1.260743e+01  0.000000e+00
     vertex  4.859036e+00 -1.238062e+01  4.500000e+01
   endloop
 endfacet
 facet normal -3.884348e-01  9.214762e-01  0.000000e+00
   outer loop
     vertex  5.470118e+00 -1.212303e+01  0.000000e+00
     vertex  4.859036e+00 -1.238062e+01  4.500000e+01
     vertex  5.470118e+00 -1.212303e+01  4.500000e+01
   endloop
 endfacet
 facet normal -3.884348e-01  9.214762e-01  0.000000e+00
   outer loop
     vertex  5.470118e+00 -1.212303e+01  0.000000e+00
     vertex  4.859036e+00 -1.238062e+01  0.000000e+00
     vertex  4.859036e+00 -1.238062e+01  4.500000e+01
   endloop
 endfacet
 facet normal -4.338837e-01  9.009689e-01  0.000000e+00
   outer loop
     vertex  6.067602e+00 -1.183530e+01  0.000000e+00
     vertex  5.470118e+00 -1.212303e+01  4.500000e+01
     vertex  6.067602e+00 -1.183530e+01  4.500000e+01
   endloop
 endfacet
 facet normal -4.782540e-01  8.782216e-01  0.000000e+00
   outer loop
     vertex  6.067602e+00 -1.183530e+01  0.000000e+00
     vertex  6.067602e+00 -1.183530e+01  4.500000e+01
     vertex  6.650000e+00 -1.151814e+01  4.500000e+01
   endloop
 endfacet
 facet normal -4.338837e-01  9.009689e-01  0.000000e+00
   outer loop
     vertex  6.067602e+00 -1.183530e+01  0.000000e+00
     vertex  5.470118e+00 -1.212303e+01  0.000000e+00
     vertex  5.470118e+00 -1.212303e+01  4.500000e+01
   endloop
 endfacet
 facet normal -5.214352e-01  8.532909e-01  0.000000e+00
   outer loop
     vertex  6.650000e+00 -1.151814e+01  0.000000e+00
     vertex  6.650000e+00 -1.151814e+01  4.500000e+01
     vertex  7.215865e+00 -1.117234e+01  4.500000e+01
   endloop
 endfacet
 facet normal -4.782540e-01  8.782216e-01  0.000000e+00
   outer loop
     vertex  6.650000e+00 -1.151814e+01  0.000000e+00
     vertex  6.067602e+00 -1.183530e+01  0.000000e+00
     vertex  6.650000e+00 -1.151814e+01  4.500000e+01
   endloop
 endfacet
 facet normal -5.214352e-01  8.532909e-01  0.000000e+00
   outer loop
     vertex  7.215865e+00 -1.117234e+01  0.000000e+00
     vertex  6.650000e+00 -1.151814e+01  0.000000e+00
     vertex  7.215865e+00 -1.117234e+01  4.500000e+01
   endloop
 endfacet
 facet normal -5.633201e-01  8.262388e-01  0.000000e+00
   outer loop
     vertex  7.763791e+00 -1.079878e+01  0.000000e+00
     vertex  7.215865e+00 -1.117234e+01  4.500000e+01
     vertex  7.763791e+00 -1.079878e+01  4.500000e+01
   endloop
 endfacet
 facet normal -5.633201e-01  8.262388e-01  0.000000e+00
   outer loop
     vertex  7.763791e+00 -1.079878e+01  0.000000e+00
     vertex  7.215865e+00 -1.117234e+01  0.000000e+00
     vertex  7.215865e+00 -1.117234e+01  4.500000e+01
   endloop
 endfacet
 facet normal -6.038044e-01  7.971325e-01  0.000000e+00
   outer loop
     vertex  8.292414e+00 -1.039836e+01  0.000000e+00
     vertex  7.763791e+00 -1.079878e+01  4.500000e+01
     vertex  8.292414e+00 -1.039836e+01  4.500000e+01
   endloop
 endfacet
 facet normal -6.427876e-01  7.660444e-01  0.000000e+00
   outer loop
     vertex  8.292414e+00 -1.039836e+01  0.000000e+00
     vertex  8.292414e+00 -1.039836e+01  4.500000e+01
     vertex  8.800422e+00 -9.972090e+00  4.500000e+01
   endloop
 endfacet
 facet normal -6.038044e-01  7.971325e-01  0.000000e+00
   outer loop
     vertex  8.292414e+00 -1.039836e+01  0.000000e+00
     vertex  7.763791e+00 -1.079878e+01  0.000000e+00
     vertex  7.763791e+00 -1.079878e+01  4.500000e+01
   endloop
 endfacet
 facet normal -6.427876e-01  7.660444e-01  0.000000e+00
   outer loop
     vertex  8.800422e+00 -9.972090e+00  0.000000e+00
     vertex  8.292414e+00 -1.039836e+01  0.000000e+00
     vertex  8.800422e+00 -9.972090e+00  4.500000e+01
   endloop
 endfacet
 facet normal -6.801727e-01  7.330519e-01  0.000000e+00
   outer loop
     vertex  9.286550e+00 -9.521029e+00  0.000000e+00
     vertex  8.800422e+00 -9.972090e+00  4.500000e+01
     vertex  9.286550e+00 -9.521029e+00  4.500000e+01
   endloop
 endfacet
 facet normal -6.801727e-01  7.330519e-01  0.000000e+00
   outer loop
     vertex  9.286550e+00 -9.521029e+00  0.000000e+00
     vertex  8.800422e+00 -9.972090e+00  0.000000e+00
     vertex  8.800422e+00 -9.972090e+00  4.500000e+01
   endloop
 endfacet
 facet normal -7.158668e-01  6.982368e-01  0.000000e+00
   outer loop
     vertex  9.749590e+00 -9.046297e+00  0.000000e+00
     vertex  9.286550e+00 -9.521029e+00  4.500000e+01
     vertex  9.749590e+00 -9.046297e+00  4.500000e+01
   endloop
 endfacet
 facet normal -7.158668e-01  6.982368e-01  0.000000e+00
   outer loop
     vertex  9.749590e+00 -9.046297e+00  0.000000e+00
     vertex  9.286550e+00 -9.521029e+00  0.000000e+00
     vertex  9.286550e+00 -9.521029e+00  4.500000e+01
   endloop
 endfacet
 facet normal -7.497812e-01  6.616858e-01  0.000000e+00
   outer loop
     vertex  1.018839e+01 -8.549075e+00  0.000000e+00
     vertex  9.749590e+00 -9.046297e+00  0.000000e+00
     vertex  9.749590e+00 -9.046297e+00  4.500000e+01
   endloop
 endfacet
 facet normal -7.497812e-01  6.616858e-01  0.000000e+00
   outer loop
     vertex  1.018839e+01 -8.549075e+00  0.000000e+00
     vertex  9.749590e+00 -9.046297e+00  4.500000e+01
     vertex  1.018839e+01 -8.549075e+00  4.500000e+01
   endloop
 endfacet
 facet normal -7.818315e-01  6.234898e-01  0.000000e+00
   outer loop
     vertex  1.060186e+01 -8.030599e+00  0.000000e+00
     vertex  1.018839e+01 -8.549075e+00  0.000000e+00
     vertex  1.018839e+01 -8.549075e+00  4.500000e+01
   endloop
 endfacet
 facet normal -7.818315e-01  6.234898e-01  0.000000e+00
   outer loop
     vertex  1.060186e+01 -8.030599e+00  0.000000e+00
     vertex  1.018839e+01 -8.549075e+00  4.500000e+01
     vertex  1.060186e+01 -8.030599e+00  4.500000e+01
   endloop
 endfacet
 facet normal -8.119380e-01  5.837437e-01  0.000000e+00
   outer loop
     vertex  1.098898e+01 -7.492157e+00  0.000000e+00
     vertex  1.060186e+01 -8.030599e+00  0.000000e+00
     vertex  1.060186e+01 -8.030599e+00  4.500000e+01
   endloop
 endfacet
 facet normal -8.119380e-01  5.837437e-01  0.000000e+00
   outer loop
     vertex  1.098898e+01 -7.492157e+00  0.000000e+00
     vertex  1.060186e+01 -8.030599e+00  4.500000e+01
     vertex  1.098898e+01 -7.492157e+00  4.500000e+01
   endloop
 endfacet
 facet normal -8.400259e-01  5.425463e-01  0.000000e+00
   outer loop
     vertex  1.098898e+01 -7.492157e+00  0.000000e+00
     vertex  1.098898e+01 -7.492157e+00  4.500000e+01
     vertex  1.134877e+01 -6.935088e+00  4.500000e+01
   endloop
 endfacet
 facet normal -8.400259e-01  5.425463e-01  0.000000e+00
   outer loop
     vertex  1.134877e+01 -6.935088e+00  0.000000e+00
     vertex  1.098898e+01 -7.492157e+00  0.000000e+00
     vertex  1.134877e+01 -6.935088e+00  4.500000e+01
   endloop
 endfacet
 facet normal -8.660254e-01  5.000000e-01  0.000000e+00
   outer loop
     vertex  1.168035e+01 -6.360778e+00  0.000000e+00
     vertex  1.134877e+01 -6.935088e+00  0.000000e+00
     vertex  1.134877e+01 -6.935088e+00  4.500000e+01
   endloop
 endfacet
 facet normal -8.660254e-01  5.000000e-01  0.000000e+00
   outer loop
     vertex  1.168035e+01 -6.360778e+00  0.000000e+00
     vertex  1.134877e+01 -6.935088e+00  4.500000e+01
     vertex  1.168035e+01 -6.360778e+00  4.500000e+01
   endloop
 endfacet
 facet normal -8.898718e-01  4.562107e-01  0.000000e+00
   outer loop
     vertex  1.198289e+01 -5.770654e+00  0.000000e+00
     vertex  1.168035e+01 -6.360778e+00  4.500000e+01
     vertex  1.198289e+01 -5.770654e+00  4.500000e+01
   endloop
 endfacet
 facet normal -9.115059e-01  4.112871e-01  0.000000e+00
   outer loop
     vertex  1.198289e+01 -5.770654e+00  0.000000e+00
     vertex  1.198289e+01 -5.770654e+00  4.500000e+01
     vertex  1.225563e+01 -5.166183e+00  4.500000e+01
   endloop
 endfacet
 facet normal -8.898718e-01  4.562107e-01  0.000000e+00
   outer loop
     vertex  1.198289e+01 -5.770654e+00  0.000000e+00
     vertex  1.168035e+01 -6.360778e+00  0.000000e+00
     vertex  1.168035e+01 -6.360778e+00  4.500000e+01
   endloop
 endfacet
 facet normal -9.115059e-01  4.112871e-01  0.000000e+00
   outer loop
     vertex  1.225563e+01 -5.166183e+00  0.000000e+00
     vertex  1.198289e+01 -5.770654e+00  0.000000e+00
     vertex  1.225563e+01 -5.166183e+00  4.500000e+01
   endloop
 endfacet
 facet normal -9.308737e-01  3.653410e-01  0.000000e+00
   outer loop
     vertex  1.249791e+01 -4.548868e+00  0.000000e+00
     vertex  1.225563e+01 -5.166183e+00  4.500000e+01
     vertex  1.249791e+01 -4.548868e+00  4.500000e+01
   endloop
 endfacet
 facet normal -9.308737e-01  3.653410e-01  0.000000e+00
   outer loop
     vertex  1.249791e+01 -4.548868e+00  0.000000e+00
     vertex  1.225563e+01 -5.166183e+00  0.000000e+00
     vertex  1.225563e+01 -5.166183e+00  4.500000e+01
   endloop
 endfacet
 facet normal -9.479273e-01  3.184867e-01  0.000000e+00
   outer loop
     vertex  1.270912e+01 -3.920244e+00  0.000000e+00
     vertex  1.249791e+01 -4.548868e+00  4.500000e+01
     vertex  1.270912e+01 -3.920244e+00  4.500000e+01
   endloop
 endfacet
 facet normal -9.479273e-01  3.184867e-01  0.000000e+00
   outer loop
     vertex  1.270912e+01 -3.920244e+00  0.000000e+00
     vertex  1.249791e+01 -4.548868e+00  0.000000e+00
     vertex  1.249791e+01 -4.548868e+00  4.500000e+01
   endloop
 endfacet
 facet normal -9.626242e-01  2.708405e-01  0.000000e+00
   outer loop
     vertex  1.288873e+01 -3.281873e+00  0.000000e+00
     vertex  1.270912e+01 -3.920244e+00  4.500000e+01
     vertex  1.288873e+01 -3.281873e+00  4.500000e+01
   endloop
 endfacet
 facet normal -9.626242e-01  2.708405e-01  0.000000e+00
   outer loop
     vertex  1.288873e+01 -3.281873e+00  0.000000e+00
     vertex  1.270912e+01 -3.920244e+00  0.000000e+00
     vertex  1.270912e+01 -3.920244e+00  4.500000e+01
   endloop
 endfacet
 facet normal -9.749279e-01  2.225209e-01  0.000000e+00
   outer loop
     vertex  1.303629e+01 -2.635344e+00  0.000000e+00
     vertex  1.288873e+01 -3.281873e+00  4.500000e+01
     vertex  1.303629e+01 -2.635344e+00  4.500000e+01
   endloop
 endfacet
 facet normal -9.749279e-01  2.225209e-01  0.000000e+00
   outer loop
     vertex  1.303629e+01 -2.635344e+00  0.000000e+00
     vertex  1.288873e+01 -3.281873e+00  0.000000e+00
     vertex  1.288873e+01 -3.281873e+00  4.500000e+01
   endloop
 endfacet
 facet normal -9.848078e-01  1.736482e-01  0.000000e+00
   outer loop
     vertex  1.315145e+01 -1.982262e+00  0.000000e+00
     vertex  1.303629e+01 -2.635344e+00  4.500000e+01
     vertex  1.315145e+01 -1.982262e+00  4.500000e+01
   endloop
 endfacet
 facet normal -9.922392e-01  1.243437e-01  0.000000e+00
   outer loop
     vertex  1.315145e+01 -1.982262e+00  0.000000e+00
     vertex  1.315145e+01 -1.982262e+00  4.500000e+01
     vertex  1.323391e+01 -1.324252e+00  4.500000e+01
   endloop
 endfacet
 facet normal -9.848078e-01  1.736482e-01  0.000000e+00
   outer loop
     vertex  1.315145e+01 -1.982262e+00  0.000000e+00
     vertex  1.303629e+01 -2.635344e+00  0.000000e+00
     vertex  1.303629e+01 -2.635344e+00  4.500000e+01
   endloop
 endfacet
 facet normal -9.922392e-01  1.243437e-01  0.000000e+00
   outer loop
     vertex  1.323391e+01 -1.324252e+00  0.000000e+00
     vertex  1.315145e+01 -1.982262e+00  0.000000e+00
     vertex  1.323391e+01 -1.324252e+00  4.500000e+01
   endloop
 endfacet
 facet normal -9.972038e-01  7.473009e-02  0.000000e+00
   outer loop
     vertex  1.328347e+01 -6.629503e-01  0.000000e+00
     vertex  1.323391e+01 -1.324252e+00  4.500000e+01
     vertex  1.328347e+01 -6.629503e-01  4.500000e+01
   endloop
 endfacet
 facet normal -9.996892e-01  2.493069e-02  0.000000e+00
   outer loop
     vertex  1.328347e+01 -6.629503e-01  0.000000e+00
     vertex  1.328347e+01 -6.629503e-01  4.500000e+01
     vertex  1.330000e+01  0.000000e+00  4.500000e+01
   endloop
 endfacet
 facet normal -9.972038e-01  7.473009e-02  0.000000e+00
   outer loop
     vertex  1.328347e+01 -6.629503e-01  0.000000e+00
     vertex  1.323391e+01 -1.324252e+00  0.000000e+00
     vertex  1.323391e+01 -1.324252e+00  4.500000e+01
   endloop
 endfacet
 facet normal -9.996892e-01  2.493069e-02  0.000000e+00
   outer loop
     vertex  1.330000e+01  0.000000e+00  0.000000e+00
     vertex  1.328347e+01 -6.629503e-01  0.000000e+00
     vertex  1.330000e+01  0.000000e+00  4.500000e+01
   endloop
 endfacet
endsolid
