solid 
 facet normal  8.660254e-01  5.000000e-01  0.000000e+00
   outer loop
     vertex  5.484828e+00  9.500000e+00  0.000000e+00
     vertex  1.096966e+01  0.000000e+00  1.800000e+01
     vertex  1.096966e+01  0.000000e+00  0.000000e+00
   endloop
 endfacet
 facet normal  8.660254e-01  5.000000e-01 -0.000000e+00
   outer loop
     vertex  5.484828e+00  9.500000e+00  0.000000e+00
     vertex  5.484828e+00  9.500000e+00  1.800000e+01
     vertex  1.096966e+01  0.000000e+00  1.800000e+01
   endloop
 endfacet
 facet normal  1.619337e-16  1.000000e+00 -0.000000e+00
   outer loop
     vertex  5.484828e+00  9.500000e+00  0.000000e+00
     vertex -5.484828e+00  9.500000e+00  1.800000e+01
     vertex  5.484828e+00  9.500000e+00  1.800000e+01
   endloop
 endfacet
 facet normal  1.619337e-16  1.000000e+00 -0.000000e+00
   outer loop
     vertex -5.484828e+00  9.500000e+00  0.000000e+00
     vertex -5.484828e+00  9.500000e+00  1.800000e+01
     vertex  5.484828e+00  9.500000e+00  0.000000e+00
   endloop
 endfacet
 facet normal -8.660254e-01  5.000000e-01  0.000000e+00
   outer loop
     vertex -1.096966e+01  1.343395e-15  0.000000e+00
     vertex -5.484828e+00  9.500000e+00  1.800000e+01
     vertex -5.484828e+00  9.500000e+00  0.000000e+00
   endloop
 endfacet
 facet normal -8.660254e-01  5.000000e-01  0.000000e+00
   outer loop
     vertex -1.096966e+01  1.343395e-15  0.000000e+00
     vertex -1.096966e+01  1.343395e-15  1.800000e+01
     vertex -5.484828e+00  9.500000e+00  1.800000e+01
   endloop
 endfacet
 facet normal -8.660254e-01 -5.000000e-01  0.000000e+00
   outer loop
     vertex -5.484828e+00 -9.500000e+00  0.000000e+00
     vertex -1.096966e+01  1.343395e-15  1.800000e+01
     vertex -1.096966e+01  1.343395e-15  0.000000e+00
   endloop
 endfacet
 facet normal -8.660254e-01 -5.000000e-01  0.000000e+00
   outer loop
     vertex -5.484828e+00 -9.500000e+00  0.000000e+00
     vertex -5.484828e+00 -9.500000e+00  1.800000e+01
     vertex -1.096966e+01  1.343395e-15  1.800000e+01
   endloop
 endfacet
 facet normal -1.619337e-16 -1.000000e+00  0.000000e+00
   outer loop
     vertex  5.484828e+00 -9.500000e+00  0.000000e+00
     vertex -5.484828e+00 -9.500000e+00  1.800000e+01
     vertex -5.484828e+00 -9.500000e+00  0.000000e+00
   endloop
 endfacet
 facet normal -1.619337e-16 -1.000000e+00  0.000000e+00
   outer loop
     vertex  5.484828e+00 -9.500000e+00  0.000000e+00
     vertex  5.484828e+00 -9.500000e+00  1.800000e+01
     vertex -5.484828e+00 -9.500000e+00  1.800000e+01
   endloop
 endfacet
 facet normal  8.660254e-01 -5.000000e-01  0.000000e+00
   outer loop
     vertex  1.096966e+01  0.000000e+00  0.000000e+00
     vertex  5.484828e+00 -9.500000e+00  1.800000e+01
     vertex  5.484828e+00 -9.500000e+00  0.000000e+00
   endloop
 endfacet
 facet normal  8.660254e-01 -5.000000e-01  0.000000e+00
   outer loop
     vertex  1.096966e+01  0.000000e+00  0.000000e+00
     vertex  1.096966e+01  0.000000e+00  1.800000e+01
     vertex  5.484828e+00 -9.500000e+00  1.800000e+01
   endloop
 endfacet
 facet normal -0.000000e+00  0.000000e+00 -1.000000e+00
   outer loop
     vertex  1.096966e+01  0.000000e+00  0.000000e+00
     vertex -5.484828e+00 -9.500000e+00  0.000000e+00
     vertex -1.096966e+01  1.343395e-15  0.000000e+00
   endloop
 endfacet
 facet normal  0.000000e+00  0.000000e+00 -1.000000e+00
   outer loop
     vertex  1.096966e+01  0.000000e+00  0.000000e+00
     vertex  5.484828e+00 -9.500000e+00  0.000000e+00
     vertex -5.484828e+00 -9.500000e+00  0.000000e+00
   endloop
 endfacet
 facet normal -0.000000e+00  0.000000e+00 -1.000000e+00
   outer loop
     vertex  5.484828e+00  9.500000e+00  0.000000e+00
     vertex -1.096966e+01  1.343395e-15  0.000000e+00
     vertex -5.484828e+00  9.500000e+00  0.000000e+00
   endloop
 endfacet
 facet normal  0.000000e+00 -0.000000e+00 -1.000000e+00
   outer loop
     vertex  5.484828e+00  9.500000e+00  0.000000e+00
     vertex  1.096966e+01  0.000000e+00  0.000000e+00
     vertex -1.096966e+01  1.343395e-15  0.000000e+00
   endloop
 endfacet
 facet normal  0.000000e+00  0.000000e+00  1.000000e+00
   outer loop
     vertex  1.096966e+01  0.000000e+00  1.800000e+01
     vertex -1.096966e+01  1.343395e-15  1.800000e+01
     vertex -5.484828e+00 -9.500000e+00  1.800000e+01
   endloop
 endfacet
 facet normal  0.000000e+00  0.000000e+00  1.000000e+00
   outer loop
     vertex  1.096966e+01  0.000000e+00  1.800000e+01
     vertex -5.484828e+00 -9.500000e+00  1.800000e+01
     vertex  5.484828e+00 -9.500000e+00  1.800000e+01
   endloop
 endfacet
 facet normal  0.000000e+00  0.000000e+00  1.000000e+00
   outer loop
     vertex  5.484828e+00  9.500000e+00  1.800000e+01
     vertex -5.484828e+00  9.500000e+00  1.800000e+01
     vertex -1.096966e+01  1.343395e-15  1.800000e+01
   endloop
 endfacet
 facet normal  0.000000e+00  0.000000e+00  1.000000e+00
   outer loop
     vertex  5.484828e+00  9.500000e+00  1.800000e+01
     vertex -1.096966e+01  1.343395e-15  1.800000e+01
     vertex  1.096966e+01  0.000000e+00  1.800000e+01
   endloop
 endfacet
 facet normal  9.996892e-01  2.493069e-02  0.000000e+00
   outer loop
     vertex  1.048695e+01  5.233818e-01 -1.200000e+01
     vertex  1.050000e+01  0.000000e+00  0.000000e+00
     vertex  1.050000e+01  0.000000e+00 -1.200000e+01
   endloop
 endfacet
 facet normal  9.996892e-01  2.493069e-02 -0.000000e+00
   outer loop
     vertex  1.048695e+01  5.233818e-01 -1.200000e+01
     vertex  1.048695e+01  5.233818e-01  0.000000e+00
     vertex  1.050000e+01  0.000000e+00  0.000000e+00
   endloop
 endfacet
 facet normal  9.972038e-01  7.473009e-02 -0.000000e+00
   outer loop
     vertex  1.044782e+01  1.045462e+00 -1.200000e+01
     vertex  1.044782e+01  1.045462e+00  0.000000e+00
     vertex  1.048695e+01  5.233818e-01  0.000000e+00
   endloop
 endfacet
 facet normal  9.922392e-01  1.243437e-01 -0.000000e+00
   outer loop
     vertex  1.044782e+01  1.045462e+00 -1.200000e+01
     vertex  1.038272e+01  1.564944e+00  0.000000e+00
     vertex  1.044782e+01  1.045462e+00  0.000000e+00
   endloop
 endfacet
 facet normal  9.972038e-01  7.473009e-02  0.000000e+00
   outer loop
     vertex  1.044782e+01  1.045462e+00 -1.200000e+01
     vertex  1.048695e+01  5.233818e-01  0.000000e+00
     vertex  1.048695e+01  5.233818e-01 -1.200000e+01
   endloop
 endfacet
 facet normal  9.922392e-01  1.243437e-01 -0.000000e+00
   outer loop
     vertex  1.038272e+01  1.564944e+00 -1.200000e+01
     vertex  1.038272e+01  1.564944e+00  0.000000e+00
     vertex  1.044782e+01  1.045462e+00 -1.200000e+01
   endloop
 endfacet
 facet normal  9.848078e-01  1.736482e-01 -0.000000e+00
   outer loop
     vertex  1.029181e+01  2.080535e+00 -1.200000e+01
     vertex  1.029181e+01  2.080535e+00  0.000000e+00
     vertex  1.038272e+01  1.564944e+00  0.000000e+00
   endloop
 endfacet
 facet normal  9.749279e-01  2.225209e-01 -0.000000e+00
   outer loop
     vertex  1.029181e+01  2.080535e+00 -1.200000e+01
     vertex  1.017531e+01  2.590953e+00  0.000000e+00
     vertex  1.029181e+01  2.080535e+00  0.000000e+00
   endloop
 endfacet
 facet normal  9.848078e-01  1.736482e-01  0.000000e+00
   outer loop
     vertex  1.029181e+01  2.080535e+00 -1.200000e+01
     vertex  1.038272e+01  1.564944e+00  0.000000e+00
     vertex  1.038272e+01  1.564944e+00 -1.200000e+01
   endloop
 endfacet
 facet normal  9.626242e-01  2.708405e-01 -0.000000e+00
   outer loop
     vertex  1.017531e+01  2.590953e+00 -1.200000e+01
     vertex  1.003351e+01  3.094929e+00  0.000000e+00
     vertex  1.017531e+01  2.590953e+00  0.000000e+00
   endloop
 endfacet
 facet normal  9.749279e-01  2.225209e-01 -0.000000e+00
   outer loop
     vertex  1.017531e+01  2.590953e+00 -1.200000e+01
     vertex  1.017531e+01  2.590953e+00  0.000000e+00
     vertex  1.029181e+01  2.080535e+00 -1.200000e+01
   endloop
 endfacet
 facet normal  9.626242e-01  2.708405e-01 -0.000000e+00
   outer loop
     vertex  1.003351e+01  3.094929e+00 -1.200000e+01
     vertex  1.003351e+01  3.094929e+00  0.000000e+00
     vertex  1.017531e+01  2.590953e+00 -1.200000e+01
   endloop
 endfacet
 facet normal  9.479273e-01  3.184867e-01 -0.000000e+00
   outer loop
     vertex  9.866773e+00  3.591212e+00 -1.200000e+01
     vertex  9.866773e+00  3.591212e+00  0.000000e+00
     vertex  1.003351e+01  3.094929e+00  0.000000e+00
   endloop
 endfacet
 facet normal  9.479273e-01  3.184867e-01  0.000000e+00
   outer loop
     vertex  9.866773e+00  3.591212e+00 -1.200000e+01
     vertex  1.003351e+01  3.094929e+00  0.000000e+00
     vertex  1.003351e+01  3.094929e+00 -1.200000e+01
   endloop
 endfacet
 facet normal  9.308737e-01  3.653410e-01 -0.000000e+00
   outer loop
     vertex  9.675500e+00  4.078565e+00 -1.200000e+01
     vertex  9.675500e+00  4.078565e+00  0.000000e+00
     vertex  9.866773e+00  3.591212e+00  0.000000e+00
   endloop
 endfacet
 facet normal  9.115059e-01  4.112871e-01 -0.000000e+00
   outer loop
     vertex  9.675500e+00  4.078565e+00 -1.200000e+01
     vertex  9.460173e+00  4.555779e+00  0.000000e+00
     vertex  9.675500e+00  4.078565e+00  0.000000e+00
   endloop
 endfacet
 facet normal  9.308737e-01  3.653410e-01  0.000000e+00
   outer loop
     vertex  9.675500e+00  4.078565e+00 -1.200000e+01
     vertex  9.866773e+00  3.591212e+00  0.000000e+00
     vertex  9.866773e+00  3.591212e+00 -1.200000e+01
   endloop
 endfacet
 facet normal  9.115059e-01  4.112871e-01 -0.000000e+00
   outer loop
     vertex  9.460173e+00  4.555779e+00 -1.200000e+01
     vertex  9.460173e+00  4.555779e+00  0.000000e+00
     vertex  9.675500e+00  4.078565e+00 -1.200000e+01
   endloop
 endfacet
 facet normal  8.898718e-01  4.562107e-01 -0.000000e+00
   outer loop
     vertex  9.221327e+00  5.021667e+00 -1.200000e+01
     vertex  9.221327e+00  5.021667e+00  0.000000e+00
     vertex  9.460173e+00  4.555779e+00  0.000000e+00
   endloop
 endfacet
 facet normal  8.898718e-01  4.562107e-01  0.000000e+00
   outer loop
     vertex  9.221327e+00  5.021667e+00 -1.200000e+01
     vertex  9.460173e+00  4.555779e+00  0.000000e+00
     vertex  9.460173e+00  4.555779e+00 -1.200000e+01
   endloop
 endfacet
 facet normal  8.660254e-01  5.000000e-01  0.000000e+00
   outer loop
     vertex  8.959554e+00  5.475070e+00 -1.200000e+01
     vertex  9.221327e+00  5.021667e+00  0.000000e+00
     vertex  9.221327e+00  5.021667e+00 -1.200000e+01
   endloop
 endfacet
 facet normal  8.660254e-01  5.000000e-01 -0.000000e+00
   outer loop
     vertex  8.959554e+00  5.475070e+00 -1.200000e+01
     vertex  8.959554e+00  5.475070e+00  0.000000e+00
     vertex  9.221327e+00  5.021667e+00  0.000000e+00
   endloop
 endfacet
 facet normal  8.400259e-01  5.425463e-01  0.000000e+00
   outer loop
     vertex  8.675507e+00  5.914861e+00 -1.200000e+01
     vertex  8.959554e+00  5.475070e+00  0.000000e+00
     vertex  8.959554e+00  5.475070e+00 -1.200000e+01
   endloop
 endfacet
 facet normal  8.400259e-01  5.425463e-01 -0.000000e+00
   outer loop
     vertex  8.675507e+00  5.914861e+00 -1.200000e+01
     vertex  8.675507e+00  5.914861e+00  0.000000e+00
     vertex  8.959554e+00  5.475070e+00  0.000000e+00
   endloop
 endfacet
 facet normal  8.119380e-01  5.837437e-01  0.000000e+00
   outer loop
     vertex  8.369891e+00  6.339946e+00 -1.200000e+01
     vertex  8.675507e+00  5.914861e+00  0.000000e+00
     vertex  8.675507e+00  5.914861e+00 -1.200000e+01
   endloop
 endfacet
 facet normal  8.119380e-01  5.837437e-01 -0.000000e+00
   outer loop
     vertex  8.369891e+00  6.339946e+00 -1.200000e+01
     vertex  8.369891e+00  6.339946e+00  0.000000e+00
     vertex  8.675507e+00  5.914861e+00  0.000000e+00
   endloop
 endfacet
 facet normal  7.818315e-01  6.234898e-01  0.000000e+00
   outer loop
     vertex  8.043467e+00  6.749270e+00 -1.200000e+01
     vertex  8.369891e+00  6.339946e+00  0.000000e+00
     vertex  8.369891e+00  6.339946e+00 -1.200000e+01
   endloop
 endfacet
 facet normal  7.818315e-01  6.234898e-01 -0.000000e+00
   outer loop
     vertex  8.043467e+00  6.749270e+00 -1.200000e+01
     vertex  8.043467e+00  6.749270e+00  0.000000e+00
     vertex  8.369891e+00  6.339946e+00  0.000000e+00
   endloop
 endfacet
 facet normal  7.497812e-01  6.616858e-01 -0.000000e+00
   outer loop
     vertex  7.697045e+00  7.141814e+00 -1.200000e+01
     vertex  7.697045e+00  7.141814e+00  0.000000e+00
     vertex  8.043467e+00  6.749270e+00  0.000000e+00
   endloop
 endfacet
 facet normal  7.497812e-01  6.616858e-01  0.000000e+00
   outer loop
     vertex  7.697045e+00  7.141814e+00 -1.200000e+01
     vertex  8.043467e+00  6.749270e+00  0.000000e+00
     vertex  8.043467e+00  6.749270e+00 -1.200000e+01
   endloop
 endfacet
 facet normal  7.158668e-01  6.982368e-01 -0.000000e+00
   outer loop
     vertex  7.331487e+00  7.516602e+00 -1.200000e+01
     vertex  7.331487e+00  7.516602e+00  0.000000e+00
     vertex  7.697045e+00  7.141814e+00  0.000000e+00
   endloop
 endfacet
 facet normal  7.158668e-01  6.982368e-01  0.000000e+00
   outer loop
     vertex  7.331487e+00  7.516602e+00 -1.200000e+01
     vertex  7.697045e+00  7.141814e+00  0.000000e+00
     vertex  7.697045e+00  7.141814e+00 -1.200000e+01
   endloop
 endfacet
 facet normal  6.801727e-01  7.330519e-01 -0.000000e+00
   outer loop
     vertex  6.947701e+00  7.872703e+00 -1.200000e+01
     vertex  6.947701e+00  7.872703e+00  0.000000e+00
     vertex  7.331487e+00  7.516602e+00  0.000000e+00
   endloop
 endfacet
 facet normal  6.801727e-01  7.330519e-01  0.000000e+00
   outer loop
     vertex  6.947701e+00  7.872703e+00 -1.200000e+01
     vertex  7.331487e+00  7.516602e+00  0.000000e+00
     vertex  7.331487e+00  7.516602e+00 -1.200000e+01
   endloop
 endfacet
 facet normal  6.427876e-01  7.660444e-01 -0.000000e+00
   outer loop
     vertex  6.546643e+00  8.209231e+00 -1.200000e+01
     vertex  6.546643e+00  8.209231e+00  0.000000e+00
     vertex  6.947701e+00  7.872703e+00  0.000000e+00
   endloop
 endfacet
 facet normal  6.427876e-01  7.660444e-01  0.000000e+00
   outer loop
     vertex  6.546643e+00  8.209231e+00 -1.200000e+01
     vertex  6.947701e+00  7.872703e+00  0.000000e+00
     vertex  6.947701e+00  7.872703e+00 -1.200000e+01
   endloop
 endfacet
 facet normal  6.038044e-01  7.971325e-01 -0.000000e+00
   outer loop
     vertex  6.129309e+00  8.525349e+00 -1.200000e+01
     vertex  6.129309e+00  8.525349e+00  0.000000e+00
     vertex  6.546643e+00  8.209231e+00  0.000000e+00
   endloop
 endfacet
 facet normal  6.038044e-01  7.971325e-01  0.000000e+00
   outer loop
     vertex  6.129309e+00  8.525349e+00 -1.200000e+01
     vertex  6.546643e+00  8.209231e+00  0.000000e+00
     vertex  6.546643e+00  8.209231e+00 -1.200000e+01
   endloop
 endfacet
 facet normal  5.633201e-01  8.262388e-01 -0.000000e+00
   outer loop
     vertex  5.696736e+00  8.820272e+00 -1.200000e+01
     vertex  5.696736e+00  8.820272e+00  0.000000e+00
     vertex  6.129309e+00  8.525349e+00  0.000000e+00
   endloop
 endfacet
 facet normal  5.214352e-01  8.532909e-01 -0.000000e+00
   outer loop
     vertex  5.696736e+00  8.820272e+00 -1.200000e+01
     vertex  5.250000e+00  9.093267e+00  0.000000e+00
     vertex  5.696736e+00  8.820272e+00  0.000000e+00
   endloop
 endfacet
 facet normal  5.633201e-01  8.262388e-01  0.000000e+00
   outer loop
     vertex  5.696736e+00  8.820272e+00 -1.200000e+01
     vertex  6.129309e+00  8.525349e+00  0.000000e+00
     vertex  6.129309e+00  8.525349e+00 -1.200000e+01
   endloop
 endfacet
 facet normal  5.214352e-01  8.532909e-01 -0.000000e+00
   outer loop
     vertex  5.250000e+00  9.093267e+00 -1.200000e+01
     vertex  5.250000e+00  9.093267e+00  0.000000e+00
     vertex  5.696736e+00  8.820272e+00 -1.200000e+01
   endloop
 endfacet
 facet normal  4.782540e-01  8.782216e-01 -0.000000e+00
   outer loop
     vertex  4.790212e+00  9.343654e+00 -1.200000e+01
     vertex  4.790212e+00  9.343654e+00  0.000000e+00
     vertex  5.250000e+00  9.093267e+00  0.000000e+00
   endloop
 endfacet
 facet normal  4.338837e-01  9.009689e-01 -0.000000e+00
   outer loop
     vertex  4.790212e+00  9.343654e+00 -1.200000e+01
     vertex  4.318515e+00  9.570811e+00  0.000000e+00
     vertex  4.790212e+00  9.343654e+00  0.000000e+00
   endloop
 endfacet
 facet normal  4.782540e-01  8.782216e-01  0.000000e+00
   outer loop
     vertex  4.790212e+00  9.343654e+00 -1.200000e+01
     vertex  5.250000e+00  9.093267e+00  0.000000e+00
     vertex  5.250000e+00  9.093267e+00 -1.200000e+01
   endloop
 endfacet
 facet normal  4.338837e-01  9.009689e-01 -0.000000e+00
   outer loop
     vertex  4.318515e+00  9.570811e+00 -1.200000e+01
     vertex  4.318515e+00  9.570811e+00  0.000000e+00
     vertex  4.790212e+00  9.343654e+00 -1.200000e+01
   endloop
 endfacet
 facet normal  3.884348e-01  9.214762e-01 -0.000000e+00
   outer loop
     vertex  3.836081e+00  9.774174e+00 -1.200000e+01
     vertex  3.836081e+00  9.774174e+00  0.000000e+00
     vertex  4.318515e+00  9.570811e+00  0.000000e+00
   endloop
 endfacet
 facet normal  3.420201e-01  9.396926e-01 -0.000000e+00
   outer loop
     vertex  3.836081e+00  9.774174e+00 -1.200000e+01
     vertex  3.344110e+00  9.953237e+00  0.000000e+00
     vertex  3.836081e+00  9.774174e+00  0.000000e+00
   endloop
 endfacet
 facet normal  3.884348e-01  9.214762e-01  0.000000e+00
   outer loop
     vertex  3.836081e+00  9.774174e+00 -1.200000e+01
     vertex  4.318515e+00  9.570811e+00  0.000000e+00
     vertex  4.318515e+00  9.570811e+00 -1.200000e+01
   endloop
 endfacet
 facet normal  3.420201e-01  9.396926e-01 -0.000000e+00
   outer loop
     vertex  3.344110e+00  9.953237e+00 -1.200000e+01
     vertex  3.344110e+00  9.953237e+00  0.000000e+00
     vertex  3.836081e+00  9.774174e+00 -1.200000e+01
   endloop
 endfacet
 facet normal  2.947552e-01  9.555728e-01 -0.000000e+00
   outer loop
     vertex  2.843825e+00  1.010755e+01 -1.200000e+01
     vertex  2.843825e+00  1.010755e+01  0.000000e+00
     vertex  3.344110e+00  9.953237e+00  0.000000e+00
   endloop
 endfacet
 facet normal  2.947552e-01  9.555728e-01  0.000000e+00
   outer loop
     vertex  2.843825e+00  1.010755e+01 -1.200000e+01
     vertex  3.344110e+00  9.953237e+00  0.000000e+00
     vertex  3.344110e+00  9.953237e+00 -1.200000e+01
   endloop
 endfacet
 facet normal  2.467574e-01  9.690773e-01 -0.000000e+00
   outer loop
     vertex  2.336470e+00  1.023674e+01 -1.200000e+01
     vertex  2.336470e+00  1.023674e+01  0.000000e+00
     vertex  2.843825e+00  1.010755e+01  0.000000e+00
   endloop
 endfacet
 facet normal  1.981461e-01  9.801725e-01 -0.000000e+00
   outer loop
     vertex  2.336470e+00  1.023674e+01 -1.200000e+01
     vertex  1.823306e+00  1.034048e+01  0.000000e+00
     vertex  2.336470e+00  1.023674e+01  0.000000e+00
   endloop
 endfacet
 facet normal  2.467574e-01  9.690773e-01  0.000000e+00
   outer loop
     vertex  2.336470e+00  1.023674e+01 -1.200000e+01
     vertex  2.843825e+00  1.010755e+01  0.000000e+00
     vertex  2.843825e+00  1.010755e+01 -1.200000e+01
   endloop
 endfacet
 facet normal  1.490423e-01  9.888308e-01 -0.000000e+00
   outer loop
     vertex  1.823306e+00  1.034048e+01 -1.200000e+01
     vertex  1.305609e+00  1.041851e+01  0.000000e+00
     vertex  1.823306e+00  1.034048e+01  0.000000e+00
   endloop
 endfacet
 facet normal  1.981461e-01  9.801725e-01 -0.000000e+00
   outer loop
     vertex  1.823306e+00  1.034048e+01 -1.200000e+01
     vertex  1.823306e+00  1.034048e+01  0.000000e+00
     vertex  2.336470e+00  1.023674e+01 -1.200000e+01
   endloop
 endfacet
 facet normal  1.490423e-01  9.888308e-01 -0.000000e+00
   outer loop
     vertex  1.305609e+00  1.041851e+01 -1.200000e+01
     vertex  1.305609e+00  1.041851e+01  0.000000e+00
     vertex  1.823306e+00  1.034048e+01 -1.200000e+01
   endloop
 endfacet
 facet normal  9.956785e-02  9.950308e-01 -0.000000e+00
   outer loop
     vertex  7.846660e-01  1.047064e+01 -1.200000e+01
     vertex  7.846660e-01  1.047064e+01  0.000000e+00
     vertex  1.305609e+00  1.041851e+01  0.000000e+00
   endloop
 endfacet
 facet normal  4.984589e-02  9.987569e-01 -0.000000e+00
   outer loop
     vertex  7.846660e-01  1.047064e+01 -1.200000e+01
     vertex  2.617723e-01  1.049674e+01  0.000000e+00
     vertex  7.846660e-01  1.047064e+01  0.000000e+00
   endloop
 endfacet
 facet normal  9.956785e-02  9.950308e-01  0.000000e+00
   outer loop
     vertex  7.846660e-01  1.047064e+01 -1.200000e+01
     vertex  1.305609e+00  1.041851e+01  0.000000e+00
     vertex  1.305609e+00  1.041851e+01 -1.200000e+01
   endloop
 endfacet
 facet normal  4.984589e-02  9.987569e-01 -0.000000e+00
   outer loop
     vertex  2.617723e-01  1.049674e+01 -1.200000e+01
     vertex  2.617723e-01  1.049674e+01  0.000000e+00
     vertex  7.846660e-01  1.047064e+01 -1.200000e+01
   endloop
 endfacet
 facet normal  0.000000e+00  1.000000e+00  0.000000e+00
   outer loop
     vertex -2.617723e-01  1.049674e+01 -1.200000e+01
     vertex -2.617723e-01  1.049674e+01  0.000000e+00
     vertex  2.617723e-01  1.049674e+01  0.000000e+00
   endloop
 endfacet
 facet normal -4.984589e-02  9.987569e-01  0.000000e+00
   outer loop
     vertex -2.617723e-01  1.049674e+01 -1.200000e+01
     vertex -7.846660e-01  1.047064e+01  0.000000e+00
     vertex -2.617723e-01  1.049674e+01  0.000000e+00
   endloop
 endfacet
 facet normal  0.000000e+00  1.000000e+00  0.000000e+00
   outer loop
     vertex -2.617723e-01  1.049674e+01 -1.200000e+01
     vertex  2.617723e-01  1.049674e+01  0.000000e+00
     vertex  2.617723e-01  1.049674e+01 -1.200000e+01
   endloop
 endfacet
 facet normal -4.984589e-02  9.987569e-01  0.000000e+00
   outer loop
     vertex -7.846660e-01  1.047064e+01 -1.200000e+01
     vertex -7.846660e-01  1.047064e+01  0.000000e+00
     vertex -2.617723e-01  1.049674e+01 -1.200000e+01
   endloop
 endfacet
 facet normal -9.956785e-02  9.950308e-01  0.000000e+00
   outer loop
     vertex -1.305609e+00  1.041851e+01 -1.200000e+01
     vertex -1.305609e+00  1.041851e+01  0.000000e+00
     vertex -7.846660e-01  1.047064e+01  0.000000e+00
   endloop
 endfacet
 facet normal -1.490423e-01  9.888308e-01  0.000000e+00
   outer loop
     vertex -1.305609e+00  1.041851e+01 -1.200000e+01
     vertex -1.823306e+00  1.034048e+01  0.000000e+00
     vertex -1.305609e+00  1.041851e+01  0.000000e+00
   endloop
 endfacet
 facet normal -9.956785e-02  9.950308e-01  0.000000e+00
   outer loop
     vertex -1.305609e+00  1.041851e+01 -1.200000e+01
     vertex -7.846660e-01  1.047064e+01  0.000000e+00
     vertex -7.846660e-01  1.047064e+01 -1.200000e+01
   endloop
 endfacet
 facet normal -1.490423e-01  9.888308e-01  0.000000e+00
   outer loop
     vertex -1.823306e+00  1.034048e+01 -1.200000e+01
     vertex -1.823306e+00  1.034048e+01  0.000000e+00
     vertex -1.305609e+00  1.041851e+01 -1.200000e+01
   endloop
 endfacet
 facet normal -1.981461e-01  9.801725e-01  0.000000e+00
   outer loop
     vertex -2.336470e+00  1.023674e+01 -1.200000e+01
     vertex -1.823306e+00  1.034048e+01  0.000000e+00
     vertex -1.823306e+00  1.034048e+01 -1.200000e+01
   endloop
 endfacet
 facet normal -1.981461e-01  9.801725e-01  0.000000e+00
   outer loop
     vertex -2.336470e+00  1.023674e+01 -1.200000e+01
     vertex -2.336470e+00  1.023674e+01  0.000000e+00
     vertex -1.823306e+00  1.034048e+01  0.000000e+00
   endloop
 endfacet
 facet normal -2.467574e-01  9.690773e-01  0.000000e+00
   outer loop
     vertex -2.843825e+00  1.010755e+01 -1.200000e+01
     vertex -2.843825e+00  1.010755e+01  0.000000e+00
     vertex -2.336470e+00  1.023674e+01  0.000000e+00
   endloop
 endfacet
 facet normal -2.467574e-01  9.690773e-01  0.000000e+00
   outer loop
     vertex -2.843825e+00  1.010755e+01 -1.200000e+01
     vertex -2.336470e+00  1.023674e+01  0.000000e+00
     vertex -2.336470e+00  1.023674e+01 -1.200000e+01
   endloop
 endfacet
 facet normal -2.947552e-01  9.555728e-01  0.000000e+00
   outer loop
     vertex -3.344110e+00  9.953237e+00 -1.200000e+01
     vertex -2.843825e+00  1.010755e+01  0.000000e+00
     vertex -2.843825e+00  1.010755e+01 -1.200000e+01
   endloop
 endfacet
 facet normal -2.947552e-01  9.555728e-01  0.000000e+00
   outer loop
     vertex -3.344110e+00  9.953237e+00 -1.200000e+01
     vertex -3.344110e+00  9.953237e+00  0.000000e+00
     vertex -2.843825e+00  1.010755e+01  0.000000e+00
   endloop
 endfacet
 facet normal -3.420201e-01  9.396926e-01  0.000000e+00
   outer loop
     vertex -3.836081e+00  9.774174e+00 -1.200000e+01
     vertex -3.344110e+00  9.953237e+00  0.000000e+00
     vertex -3.344110e+00  9.953237e+00 -1.200000e+01
   endloop
 endfacet
 facet normal -3.420201e-01  9.396926e-01  0.000000e+00
   outer loop
     vertex -3.836081e+00  9.774174e+00 -1.200000e+01
     vertex -3.836081e+00  9.774174e+00  0.000000e+00
     vertex -3.344110e+00  9.953237e+00  0.000000e+00
   endloop
 endfacet
 facet normal -3.884348e-01  9.214762e-01  0.000000e+00
   outer loop
     vertex -4.318515e+00  9.570811e+00 -1.200000e+01
     vertex -3.836081e+00  9.774174e+00  0.000000e+00
     vertex -3.836081e+00  9.774174e+00 -1.200000e+01
   endloop
 endfacet
 facet normal -3.884348e-01  9.214762e-01  0.000000e+00
   outer loop
     vertex -4.318515e+00  9.570811e+00 -1.200000e+01
     vertex -4.318515e+00  9.570811e+00  0.000000e+00
     vertex -3.836081e+00  9.774174e+00  0.000000e+00
   endloop
 endfacet
 facet normal -4.338837e-01  9.009689e-01  0.000000e+00
   outer loop
     vertex -4.318515e+00  9.570811e+00 -1.200000e+01
     vertex -4.790212e+00  9.343654e+00  0.000000e+00
     vertex -4.318515e+00  9.570811e+00  0.000000e+00
   endloop
 endfacet
 facet normal -4.338837e-01  9.009689e-01  0.000000e+00
   outer loop
     vertex -4.790212e+00  9.343654e+00 -1.200000e+01
     vertex -4.790212e+00  9.343654e+00  0.000000e+00
     vertex -4.318515e+00  9.570811e+00 -1.200000e+01
   endloop
 endfacet
 facet normal -4.782540e-01  8.782216e-01  0.000000e+00
   outer loop
     vertex -5.250000e+00  9.093267e+00 -1.200000e+01
     vertex -4.790212e+00  9.343654e+00  0.000000e+00
     vertex -4.790212e+00  9.343654e+00 -1.200000e+01
   endloop
 endfacet
 facet normal -4.782540e-01  8.782216e-01  0.000000e+00
   outer loop
     vertex -5.250000e+00  9.093267e+00 -1.200000e+01
     vertex -5.250000e+00  9.093267e+00  0.000000e+00
     vertex -4.790212e+00  9.343654e+00  0.000000e+00
   endloop
 endfacet
 facet normal -5.214352e-01  8.532909e-01  0.000000e+00
   outer loop
     vertex -5.696736e+00  8.820272e+00 -1.200000e+01
     vertex -5.250000e+00  9.093267e+00  0.000000e+00
     vertex -5.250000e+00  9.093267e+00 -1.200000e+01
   endloop
 endfacet
 facet normal -5.214352e-01  8.532909e-01  0.000000e+00
   outer loop
     vertex -5.696736e+00  8.820272e+00 -1.200000e+01
     vertex -5.696736e+00  8.820272e+00  0.000000e+00
     vertex -5.250000e+00  9.093267e+00  0.000000e+00
   endloop
 endfacet
 facet normal -5.633201e-01  8.262388e-01  0.000000e+00
   outer loop
     vertex -6.129309e+00  8.525349e+00 -1.200000e+01
     vertex -5.696736e+00  8.820272e+00  0.000000e+00
     vertex -5.696736e+00  8.820272e+00 -1.200000e+01
   endloop
 endfacet
 facet normal -5.633201e-01  8.262388e-01  0.000000e+00
   outer loop
     vertex -6.129309e+00  8.525349e+00 -1.200000e+01
     vertex -6.129309e+00  8.525349e+00  0.000000e+00
     vertex -5.696736e+00  8.820272e+00  0.000000e+00
   endloop
 endfacet
 facet normal -6.038044e-01  7.971325e-01  0.000000e+00
   outer loop
     vertex -6.546643e+00  8.209231e+00 -1.200000e+01
     vertex -6.129309e+00  8.525349e+00  0.000000e+00
     vertex -6.129309e+00  8.525349e+00 -1.200000e+01
   endloop
 endfacet
 facet normal -6.038044e-01  7.971325e-01  0.000000e+00
   outer loop
     vertex -6.546643e+00  8.209231e+00 -1.200000e+01
     vertex -6.546643e+00  8.209231e+00  0.000000e+00
     vertex -6.129309e+00  8.525349e+00  0.000000e+00
   endloop
 endfacet
 facet normal -6.427876e-01  7.660444e-01  0.000000e+00
   outer loop
     vertex -6.947701e+00  7.872703e+00 -1.200000e+01
     vertex -6.546643e+00  8.209231e+00  0.000000e+00
     vertex -6.546643e+00  8.209231e+00 -1.200000e+01
   endloop
 endfacet
 facet normal -6.427876e-01  7.660444e-01  0.000000e+00
   outer loop
     vertex -6.947701e+00  7.872703e+00 -1.200000e+01
     vertex -6.947701e+00  7.872703e+00  0.000000e+00
     vertex -6.546643e+00  8.209231e+00  0.000000e+00
   endloop
 endfacet
 facet normal -6.801727e-01  7.330519e-01  0.000000e+00
   outer loop
     vertex -7.331487e+00  7.516602e+00 -1.200000e+01
     vertex -6.947701e+00  7.872703e+00  0.000000e+00
     vertex -6.947701e+00  7.872703e+00 -1.200000e+01
   endloop
 endfacet
 facet normal -6.801727e-01  7.330519e-01  0.000000e+00
   outer loop
     vertex -7.331487e+00  7.516602e+00 -1.200000e+01
     vertex -7.331487e+00  7.516602e+00  0.000000e+00
     vertex -6.947701e+00  7.872703e+00  0.000000e+00
   endloop
 endfacet
 facet normal -7.158668e-01  6.982368e-01  0.000000e+00
   outer loop
     vertex -7.697045e+00  7.141814e+00 -1.200000e+01
     vertex -7.331487e+00  7.516602e+00  0.000000e+00
     vertex -7.331487e+00  7.516602e+00 -1.200000e+01
   endloop
 endfacet
 facet normal -7.158668e-01  6.982368e-01  0.000000e+00
   outer loop
     vertex -7.697045e+00  7.141814e+00 -1.200000e+01
     vertex -7.697045e+00  7.141814e+00  0.000000e+00
     vertex -7.331487e+00  7.516602e+00  0.000000e+00
   endloop
 endfacet
 facet normal -7.497812e-01  6.616858e-01  0.000000e+00
   outer loop
     vertex -8.043467e+00  6.749270e+00 -1.200000e+01
     vertex -7.697045e+00  7.141814e+00  0.000000e+00
     vertex -7.697045e+00  7.141814e+00 -1.200000e+01
   endloop
 endfacet
 facet normal -7.497812e-01  6.616858e-01  0.000000e+00
   outer loop
     vertex -8.043467e+00  6.749270e+00 -1.200000e+01
     vertex -8.043467e+00  6.749270e+00  0.000000e+00
     vertex -7.697045e+00  7.141814e+00  0.000000e+00
   endloop
 endfacet
 facet normal -7.818315e-01  6.234898e-01  0.000000e+00
   outer loop
     vertex -8.369891e+00  6.339946e+00 -1.200000e+01
     vertex -8.369891e+00  6.339946e+00  0.000000e+00
     vertex -8.043467e+00  6.749270e+00  0.000000e+00
   endloop
 endfacet
 facet normal -7.818315e-01  6.234898e-01  0.000000e+00
   outer loop
     vertex -8.369891e+00  6.339946e+00 -1.200000e+01
     vertex -8.043467e+00  6.749270e+00  0.000000e+00
     vertex -8.043467e+00  6.749270e+00 -1.200000e+01
   endloop
 endfacet
 facet normal -8.119380e-01  5.837437e-01  0.000000e+00
   outer loop
     vertex -8.675507e+00  5.914861e+00 -1.200000e+01
     vertex -8.675507e+00  5.914861e+00  0.000000e+00
     vertex -8.369891e+00  6.339946e+00  0.000000e+00
   endloop
 endfacet
 facet normal -8.119380e-01  5.837437e-01  0.000000e+00
   outer loop
     vertex -8.675507e+00  5.914861e+00 -1.200000e+01
     vertex -8.369891e+00  6.339946e+00  0.000000e+00
     vertex -8.369891e+00  6.339946e+00 -1.200000e+01
   endloop
 endfacet
 facet normal -8.400259e-01  5.425463e-01  0.000000e+00
   outer loop
     vertex -8.959554e+00  5.475070e+00 -1.200000e+01
     vertex -8.959554e+00  5.475070e+00  0.000000e+00
     vertex -8.675507e+00  5.914861e+00  0.000000e+00
   endloop
 endfacet
 facet normal -8.400259e-01  5.425463e-01  0.000000e+00
   outer loop
     vertex -8.959554e+00  5.475070e+00 -1.200000e+01
     vertex -8.675507e+00  5.914861e+00  0.000000e+00
     vertex -8.675507e+00  5.914861e+00 -1.200000e+01
   endloop
 endfacet
 facet normal -8.660254e-01  5.000000e-01  0.000000e+00
   outer loop
     vertex -9.221327e+00  5.021667e+00 -1.200000e+01
     vertex -9.221327e+00  5.021667e+00  0.000000e+00
     vertex -8.959554e+00  5.475070e+00  0.000000e+00
   endloop
 endfacet
 facet normal -8.660254e-01  5.000000e-01  0.000000e+00
   outer loop
     vertex -9.221327e+00  5.021667e+00 -1.200000e+01
     vertex -8.959554e+00  5.475070e+00  0.000000e+00
     vertex -8.959554e+00  5.475070e+00 -1.200000e+01
   endloop
 endfacet
 facet normal -8.898718e-01  4.562107e-01  0.000000e+00
   outer loop
     vertex -9.460173e+00  4.555779e+00 -1.200000e+01
     vertex -9.460173e+00  4.555779e+00  0.000000e+00
     vertex -9.221327e+00  5.021667e+00  0.000000e+00
   endloop
 endfacet
 facet normal -8.898718e-01  4.562107e-01  0.000000e+00
   outer loop
     vertex -9.460173e+00  4.555779e+00 -1.200000e+01
     vertex -9.221327e+00  5.021667e+00  0.000000e+00
     vertex -9.221327e+00  5.021667e+00 -1.200000e+01
   endloop
 endfacet
 facet normal -9.115059e-01  4.112871e-01  0.000000e+00
   outer loop
     vertex -9.675500e+00  4.078565e+00 -1.200000e+01
     vertex -9.675500e+00  4.078565e+00  0.000000e+00
     vertex -9.460173e+00  4.555779e+00  0.000000e+00
   endloop
 endfacet
 facet normal -9.115059e-01  4.112871e-01  0.000000e+00
   outer loop
     vertex -9.675500e+00  4.078565e+00 -1.200000e+01
     vertex -9.460173e+00  4.555779e+00  0.000000e+00
     vertex -9.460173e+00  4.555779e+00 -1.200000e+01
   endloop
 endfacet
 facet normal -9.308737e-01  3.653410e-01  0.000000e+00
   outer loop
     vertex -9.866773e+00  3.591212e+00 -1.200000e+01
     vertex -9.866773e+00  3.591212e+00  0.000000e+00
     vertex -9.675500e+00  4.078565e+00  0.000000e+00
   endloop
 endfacet
 facet normal -9.308737e-01  3.653410e-01  0.000000e+00
   outer loop
     vertex -9.866773e+00  3.591212e+00 -1.200000e+01
     vertex -9.675500e+00  4.078565e+00  0.000000e+00
     vertex -9.675500e+00  4.078565e+00 -1.200000e+01
   endloop
 endfacet
 facet normal -9.479273e-01  3.184867e-01  0.000000e+00
   outer loop
     vertex -1.003351e+01  3.094929e+00 -1.200000e+01
     vertex -1.003351e+01  3.094929e+00  0.000000e+00
     vertex -9.866773e+00  3.591212e+00  0.000000e+00
   endloop
 endfacet
 facet normal -9.479273e-01  3.184867e-01  0.000000e+00
   outer loop
     vertex -1.003351e+01  3.094929e+00 -1.200000e+01
     vertex -9.866773e+00  3.591212e+00  0.000000e+00
     vertex -9.866773e+00  3.591212e+00 -1.200000e+01
   endloop
 endfacet
 facet normal -9.626242e-01  2.708405e-01  0.000000e+00
   outer loop
     vertex -1.017531e+01  2.590953e+00 -1.200000e+01
     vertex -1.017531e+01  2.590953e+00  0.000000e+00
     vertex -1.003351e+01  3.094929e+00  0.000000e+00
   endloop
 endfacet
 facet normal -9.626242e-01  2.708405e-01  0.000000e+00
   outer loop
     vertex -1.017531e+01  2.590953e+00 -1.200000e+01
     vertex -1.003351e+01  3.094929e+00  0.000000e+00
     vertex -1.003351e+01  3.094929e+00 -1.200000e+01
   endloop
 endfacet
 facet normal -9.749279e-01  2.225209e-01  0.000000e+00
   outer loop
     vertex -1.029181e+01  2.080535e+00 -1.200000e+01
     vertex -1.029181e+01  2.080535e+00  0.000000e+00
     vertex -1.017531e+01  2.590953e+00  0.000000e+00
   endloop
 endfacet
 facet normal -9.749279e-01  2.225209e-01  0.000000e+00
   outer loop
     vertex -1.029181e+01  2.080535e+00 -1.200000e+01
     vertex -1.017531e+01  2.590953e+00  0.000000e+00
     vertex -1.017531e+01  2.590953e+00 -1.200000e+01
   endloop
 endfacet
 facet normal -9.848078e-01  1.736482e-01  0.000000e+00
   outer loop
     vertex -1.038272e+01  1.564944e+00 -1.200000e+01
     vertex -1.038272e+01  1.564944e+00  0.000000e+00
     vertex -1.029181e+01  2.080535e+00  0.000000e+00
   endloop
 endfacet
 facet normal -9.848078e-01  1.736482e-01  0.000000e+00
   outer loop
     vertex -1.038272e+01  1.564944e+00 -1.200000e+01
     vertex -1.029181e+01  2.080535e+00  0.000000e+00
     vertex -1.029181e+01  2.080535e+00 -1.200000e+01
   endloop
 endfacet
 facet normal -9.922392e-01  1.243437e-01  0.000000e+00
   outer loop
     vertex -1.044782e+01  1.045462e+00 -1.200000e+01
     vertex -1.044782e+01  1.045462e+00  0.000000e+00
     vertex -1.038272e+01  1.564944e+00  0.000000e+00
   endloop
 endfacet
 facet normal -9.922392e-01  1.243437e-01  0.000000e+00
   outer loop
     vertex -1.044782e+01  1.045462e+00 -1.200000e+01
     vertex -1.038272e+01  1.564944e+00  0.000000e+00
     vertex -1.038272e+01  1.564944e+00 -1.200000e+01
   endloop
 endfacet
 facet normal -9.972038e-01  7.473009e-02  0.000000e+00
   outer loop
     vertex -1.048695e+01  5.233818e-01 -1.200000e+01
     vertex -1.044782e+01  1.045462e+00  0.000000e+00
     vertex -1.044782e+01  1.045462e+00 -1.200000e+01
   endloop
 endfacet
 facet normal -9.972038e-01  7.473009e-02  0.000000e+00
   outer loop
     vertex -1.048695e+01  5.233818e-01 -1.200000e+01
     vertex -1.048695e+01  5.233818e-01  0.000000e+00
     vertex -1.044782e+01  1.045462e+00  0.000000e+00
   endloop
 endfacet
 facet normal -9.996892e-01  2.493069e-02  0.000000e+00
   outer loop
     vertex -1.050000e+01 -3.601761e-14 -1.200000e+01
     vertex -1.048695e+01  5.233818e-01  0.000000e+00
     vertex -1.048695e+01  5.233818e-01 -1.200000e+01
   endloop
 endfacet
 facet normal -9.996892e-01  2.493069e-02  0.000000e+00
   outer loop
     vertex -1.050000e+01 -3.601761e-14 -1.200000e+01
     vertex -1.050000e+01 -3.601761e-14  0.000000e+00
     vertex -1.048695e+01  5.233818e-01  0.000000e+00
   endloop
 endfacet
 facet normal -9.996892e-01 -2.493069e-02  0.000000e+00
   outer loop
     vertex -1.048695e+01 -5.233818e-01 -1.200000e+01
     vertex -1.050000e+01 -3.601761e-14  0.000000e+00
     vertex -1.050000e+01 -3.601761e-14 -1.200000e+01
   endloop
 endfacet
 facet normal -9.996892e-01 -2.493069e-02  0.000000e+00
   outer loop
     vertex -1.048695e+01 -5.233818e-01 -1.200000e+01
     vertex -1.048695e+01 -5.233818e-01  0.000000e+00
     vertex -1.050000e+01 -3.601761e-14  0.000000e+00
   endloop
 endfacet
 facet normal -9.972038e-01 -7.473009e-02  0.000000e+00
   outer loop
     vertex -1.044782e+01 -1.045462e+00 -1.200000e+01
     vertex -1.048695e+01 -5.233818e-01  0.000000e+00
     vertex -1.048695e+01 -5.233818e-01 -1.200000e+01
   endloop
 endfacet
 facet normal -9.972038e-01 -7.473009e-02  0.000000e+00
   outer loop
     vertex -1.044782e+01 -1.045462e+00 -1.200000e+01
     vertex -1.044782e+01 -1.045462e+00  0.000000e+00
     vertex -1.048695e+01 -5.233818e-01  0.000000e+00
   endloop
 endfacet
 facet normal -9.922392e-01 -1.243437e-01  0.000000e+00
   outer loop
     vertex -1.038272e+01 -1.564944e+00 -1.200000e+01
     vertex -1.044782e+01 -1.045462e+00  0.000000e+00
     vertex -1.044782e+01 -1.045462e+00 -1.200000e+01
   endloop
 endfacet
 facet normal -9.922392e-01 -1.243437e-01  0.000000e+00
   outer loop
     vertex -1.038272e+01 -1.564944e+00 -1.200000e+01
     vertex -1.038272e+01 -1.564944e+00  0.000000e+00
     vertex -1.044782e+01 -1.045462e+00  0.000000e+00
   endloop
 endfacet
 facet normal -9.848078e-01 -1.736482e-01  0.000000e+00
   outer loop
     vertex -1.029181e+01 -2.080535e+00 -1.200000e+01
     vertex -1.038272e+01 -1.564944e+00  0.000000e+00
     vertex -1.038272e+01 -1.564944e+00 -1.200000e+01
   endloop
 endfacet
 facet normal -9.848078e-01 -1.736482e-01  0.000000e+00
   outer loop
     vertex -1.029181e+01 -2.080535e+00 -1.200000e+01
     vertex -1.029181e+01 -2.080535e+00  0.000000e+00
     vertex -1.038272e+01 -1.564944e+00  0.000000e+00
   endloop
 endfacet
 facet normal -9.749279e-01 -2.225209e-01  0.000000e+00
   outer loop
     vertex -1.017531e+01 -2.590953e+00 -1.200000e+01
     vertex -1.029181e+01 -2.080535e+00  0.000000e+00
     vertex -1.029181e+01 -2.080535e+00 -1.200000e+01
   endloop
 endfacet
 facet normal -9.749279e-01 -2.225209e-01  0.000000e+00
   outer loop
     vertex -1.017531e+01 -2.590953e+00 -1.200000e+01
     vertex -1.017531e+01 -2.590953e+00  0.000000e+00
     vertex -1.029181e+01 -2.080535e+00  0.000000e+00
   endloop
 endfacet
 facet normal -9.626242e-01 -2.708405e-01  0.000000e+00
   outer loop
     vertex -1.003351e+01 -3.094929e+00 -1.200000e+01
     vertex -1.017531e+01 -2.590953e+00  0.000000e+00
     vertex -1.017531e+01 -2.590953e+00 -1.200000e+01
   endloop
 endfacet
 facet normal -9.626242e-01 -2.708405e-01  0.000000e+00
   outer loop
     vertex -1.003351e+01 -3.094929e+00 -1.200000e+01
     vertex -1.003351e+01 -3.094929e+00  0.000000e+00
     vertex -1.017531e+01 -2.590953e+00  0.000000e+00
   endloop
 endfacet
 facet normal -9.479273e-01 -3.184867e-01  0.000000e+00
   outer loop
     vertex -9.866773e+00 -3.591212e+00 -1.200000e+01
     vertex -1.003351e+01 -3.094929e+00  0.000000e+00
     vertex -1.003351e+01 -3.094929e+00 -1.200000e+01
   endloop
 endfacet
 facet normal -9.479273e-01 -3.184867e-01  0.000000e+00
   outer loop
     vertex -9.866773e+00 -3.591212e+00 -1.200000e+01
     vertex -9.866773e+00 -3.591212e+00  0.000000e+00
     vertex -1.003351e+01 -3.094929e+00  0.000000e+00
   endloop
 endfacet
 facet normal -9.308737e-01 -3.653410e-01  0.000000e+00
   outer loop
     vertex -9.675500e+00 -4.078565e+00 -1.200000e+01
     vertex -9.866773e+00 -3.591212e+00  0.000000e+00
     vertex -9.866773e+00 -3.591212e+00 -1.200000e+01
   endloop
 endfacet
 facet normal -9.308737e-01 -3.653410e-01  0.000000e+00
   outer loop
     vertex -9.675500e+00 -4.078565e+00 -1.200000e+01
     vertex -9.675500e+00 -4.078565e+00  0.000000e+00
     vertex -9.866773e+00 -3.591212e+00  0.000000e+00
   endloop
 endfacet
 facet normal -9.115059e-01 -4.112871e-01  0.000000e+00
   outer loop
     vertex -9.460173e+00 -4.555779e+00 -1.200000e+01
     vertex -9.675500e+00 -4.078565e+00  0.000000e+00
     vertex -9.675500e+00 -4.078565e+00 -1.200000e+01
   endloop
 endfacet
 facet normal -9.115059e-01 -4.112871e-01  0.000000e+00
   outer loop
     vertex -9.460173e+00 -4.555779e+00 -1.200000e+01
     vertex -9.460173e+00 -4.555779e+00  0.000000e+00
     vertex -9.675500e+00 -4.078565e+00  0.000000e+00
   endloop
 endfacet
 facet normal -8.898718e-01 -4.562107e-01  0.000000e+00
   outer loop
     vertex -9.221327e+00 -5.021667e+00 -1.200000e+01
     vertex -9.460173e+00 -4.555779e+00  0.000000e+00
     vertex -9.460173e+00 -4.555779e+00 -1.200000e+01
   endloop
 endfacet
 facet normal -8.898718e-01 -4.562107e-01  0.000000e+00
   outer loop
     vertex -9.221327e+00 -5.021667e+00 -1.200000e+01
     vertex -9.221327e+00 -5.021667e+00  0.000000e+00
     vertex -9.460173e+00 -4.555779e+00  0.000000e+00
   endloop
 endfacet
 facet normal -8.660254e-01 -5.000000e-01  0.000000e+00
   outer loop
     vertex -8.959554e+00 -5.475070e+00 -1.200000e+01
     vertex -9.221327e+00 -5.021667e+00  0.000000e+00
     vertex -9.221327e+00 -5.021667e+00 -1.200000e+01
   endloop
 endfacet
 facet normal -8.660254e-01 -5.000000e-01  0.000000e+00
   outer loop
     vertex -8.959554e+00 -5.475070e+00 -1.200000e+01
     vertex -8.959554e+00 -5.475070e+00  0.000000e+00
     vertex -9.221327e+00 -5.021667e+00  0.000000e+00
   endloop
 endfacet
 facet normal -8.400259e-01 -5.425463e-01  0.000000e+00
   outer loop
     vertex -8.675507e+00 -5.914861e+00 -1.200000e+01
     vertex -8.959554e+00 -5.475070e+00  0.000000e+00
     vertex -8.959554e+00 -5.475070e+00 -1.200000e+01
   endloop
 endfacet
 facet normal -8.400259e-01 -5.425463e-01  0.000000e+00
   outer loop
     vertex -8.675507e+00 -5.914861e+00 -1.200000e+01
     vertex -8.675507e+00 -5.914861e+00  0.000000e+00
     vertex -8.959554e+00 -5.475070e+00  0.000000e+00
   endloop
 endfacet
 facet normal -8.119380e-01 -5.837437e-01  0.000000e+00
   outer loop
     vertex -8.369891e+00 -6.339946e+00 -1.200000e+01
     vertex -8.675507e+00 -5.914861e+00  0.000000e+00
     vertex -8.675507e+00 -5.914861e+00 -1.200000e+01
   endloop
 endfacet
 facet normal -8.119380e-01 -5.837437e-01  0.000000e+00
   outer loop
     vertex -8.369891e+00 -6.339946e+00 -1.200000e+01
     vertex -8.369891e+00 -6.339946e+00  0.000000e+00
     vertex -8.675507e+00 -5.914861e+00  0.000000e+00
   endloop
 endfacet
 facet normal -7.818315e-01 -6.234898e-01  0.000000e+00
   outer loop
     vertex -8.043467e+00 -6.749270e+00 -1.200000e+01
     vertex -8.369891e+00 -6.339946e+00  0.000000e+00
     vertex -8.369891e+00 -6.339946e+00 -1.200000e+01
   endloop
 endfacet
 facet normal -7.818315e-01 -6.234898e-01  0.000000e+00
   outer loop
     vertex -8.043467e+00 -6.749270e+00 -1.200000e+01
     vertex -8.043467e+00 -6.749270e+00  0.000000e+00
     vertex -8.369891e+00 -6.339946e+00  0.000000e+00
   endloop
 endfacet
 facet normal -7.497812e-01 -6.616858e-01  0.000000e+00
   outer loop
     vertex -7.697045e+00 -7.141814e+00 -1.200000e+01
     vertex -8.043467e+00 -6.749270e+00  0.000000e+00
     vertex -8.043467e+00 -6.749270e+00 -1.200000e+01
   endloop
 endfacet
 facet normal -7.497812e-01 -6.616858e-01  0.000000e+00
   outer loop
     vertex -7.697045e+00 -7.141814e+00 -1.200000e+01
     vertex -7.697045e+00 -7.141814e+00  0.000000e+00
     vertex -8.043467e+00 -6.749270e+00  0.000000e+00
   endloop
 endfacet
 facet normal -7.158668e-01 -6.982368e-01  0.000000e+00
   outer loop
     vertex -7.331487e+00 -7.516602e+00 -1.200000e+01
     vertex -7.697045e+00 -7.141814e+00  0.000000e+00
     vertex -7.697045e+00 -7.141814e+00 -1.200000e+01
   endloop
 endfacet
 facet normal -7.158668e-01 -6.982368e-01  0.000000e+00
   outer loop
     vertex -7.331487e+00 -7.516602e+00 -1.200000e+01
     vertex -7.331487e+00 -7.516602e+00  0.000000e+00
     vertex -7.697045e+00 -7.141814e+00  0.000000e+00
   endloop
 endfacet
 facet normal -6.801727e-01 -7.330519e-01  0.000000e+00
   outer loop
     vertex -6.947701e+00 -7.872703e+00 -1.200000e+01
     vertex -7.331487e+00 -7.516602e+00  0.000000e+00
     vertex -7.331487e+00 -7.516602e+00 -1.200000e+01
   endloop
 endfacet
 facet normal -6.801727e-01 -7.330519e-01  0.000000e+00
   outer loop
     vertex -6.947701e+00 -7.872703e+00 -1.200000e+01
     vertex -6.947701e+00 -7.872703e+00  0.000000e+00
     vertex -7.331487e+00 -7.516602e+00  0.000000e+00
   endloop
 endfacet
 facet normal -6.427876e-01 -7.660444e-01  0.000000e+00
   outer loop
     vertex -6.546643e+00 -8.209231e+00 -1.200000e+01
     vertex -6.947701e+00 -7.872703e+00  0.000000e+00
     vertex -6.947701e+00 -7.872703e+00 -1.200000e+01
   endloop
 endfacet
 facet normal -6.427876e-01 -7.660444e-01  0.000000e+00
   outer loop
     vertex -6.546643e+00 -8.209231e+00 -1.200000e+01
     vertex -6.546643e+00 -8.209231e+00  0.000000e+00
     vertex -6.947701e+00 -7.872703e+00  0.000000e+00
   endloop
 endfacet
 facet normal -6.038044e-01 -7.971325e-01  0.000000e+00
   outer loop
     vertex -6.129309e+00 -8.525349e+00 -1.200000e+01
     vertex -6.546643e+00 -8.209231e+00  0.000000e+00
     vertex -6.546643e+00 -8.209231e+00 -1.200000e+01
   endloop
 endfacet
 facet normal -6.038044e-01 -7.971325e-01  0.000000e+00
   outer loop
     vertex -6.129309e+00 -8.525349e+00 -1.200000e+01
     vertex -6.129309e+00 -8.525349e+00  0.000000e+00
     vertex -6.546643e+00 -8.209231e+00  0.000000e+00
   endloop
 endfacet
 facet normal -5.633201e-01 -8.262388e-01  0.000000e+00
   outer loop
     vertex -5.696736e+00 -8.820272e+00 -1.200000e+01
     vertex -5.696736e+00 -8.820272e+00  0.000000e+00
     vertex -6.129309e+00 -8.525349e+00  0.000000e+00
   endloop
 endfacet
 facet normal -5.633201e-01 -8.262388e-01  0.000000e+00
   outer loop
     vertex -5.696736e+00 -8.820272e+00 -1.200000e+01
     vertex -6.129309e+00 -8.525349e+00  0.000000e+00
     vertex -6.129309e+00 -8.525349e+00 -1.200000e+01
   endloop
 endfacet
 facet normal -5.214352e-01 -8.532909e-01  0.000000e+00
   outer loop
     vertex -5.250000e+00 -9.093267e+00 -1.200000e+01
     vertex -5.250000e+00 -9.093267e+00  0.000000e+00
     vertex -5.696736e+00 -8.820272e+00  0.000000e+00
   endloop
 endfacet
 facet normal -5.214352e-01 -8.532909e-01  0.000000e+00
   outer loop
     vertex -5.250000e+00 -9.093267e+00 -1.200000e+01
     vertex -5.696736e+00 -8.820272e+00  0.000000e+00
     vertex -5.696736e+00 -8.820272e+00 -1.200000e+01
   endloop
 endfacet
 facet normal -4.782540e-01 -8.782216e-01  0.000000e+00
   outer loop
     vertex -4.790212e+00 -9.343654e+00 -1.200000e+01
     vertex -4.790212e+00 -9.343654e+00  0.000000e+00
     vertex -5.250000e+00 -9.093267e+00  0.000000e+00
   endloop
 endfacet
 facet normal -4.782540e-01 -8.782216e-01  0.000000e+00
   outer loop
     vertex -4.790212e+00 -9.343654e+00 -1.200000e+01
     vertex -5.250000e+00 -9.093267e+00  0.000000e+00
     vertex -5.250000e+00 -9.093267e+00 -1.200000e+01
   endloop
 endfacet
 facet normal -4.338837e-01 -9.009689e-01  0.000000e+00
   outer loop
     vertex -4.318515e+00 -9.570811e+00 -1.200000e+01
     vertex -4.318515e+00 -9.570811e+00  0.000000e+00
     vertex -4.790212e+00 -9.343654e+00  0.000000e+00
   endloop
 endfacet
 facet normal -4.338837e-01 -9.009689e-01  0.000000e+00
   outer loop
     vertex -4.318515e+00 -9.570811e+00 -1.200000e+01
     vertex -4.790212e+00 -9.343654e+00  0.000000e+00
     vertex -4.790212e+00 -9.343654e+00 -1.200000e+01
   endloop
 endfacet
 facet normal -3.884348e-01 -9.214762e-01  0.000000e+00
   outer loop
     vertex -3.836081e+00 -9.774174e+00 -1.200000e+01
     vertex -3.836081e+00 -9.774174e+00  0.000000e+00
     vertex -4.318515e+00 -9.570811e+00  0.000000e+00
   endloop
 endfacet
 facet normal -3.884348e-01 -9.214762e-01  0.000000e+00
   outer loop
     vertex -3.836081e+00 -9.774174e+00 -1.200000e+01
     vertex -4.318515e+00 -9.570811e+00  0.000000e+00
     vertex -4.318515e+00 -9.570811e+00 -1.200000e+01
   endloop
 endfacet
 facet normal -3.420201e-01 -9.396926e-01  0.000000e+00
   outer loop
     vertex -3.344110e+00 -9.953237e+00 -1.200000e+01
     vertex -3.836081e+00 -9.774174e+00  0.000000e+00
     vertex -3.836081e+00 -9.774174e+00 -1.200000e+01
   endloop
 endfacet
 facet normal -3.420201e-01 -9.396926e-01  0.000000e+00
   outer loop
     vertex -3.344110e+00 -9.953237e+00 -1.200000e+01
     vertex -3.344110e+00 -9.953237e+00  0.000000e+00
     vertex -3.836081e+00 -9.774174e+00  0.000000e+00
   endloop
 endfacet
 facet normal -2.947552e-01 -9.555728e-01  0.000000e+00
   outer loop
     vertex -2.843825e+00 -1.010755e+01 -1.200000e+01
     vertex -3.344110e+00 -9.953237e+00  0.000000e+00
     vertex -3.344110e+00 -9.953237e+00 -1.200000e+01
   endloop
 endfacet
 facet normal -2.947552e-01 -9.555728e-01  0.000000e+00
   outer loop
     vertex -2.843825e+00 -1.010755e+01 -1.200000e+01
     vertex -2.843825e+00 -1.010755e+01  0.000000e+00
     vertex -3.344110e+00 -9.953237e+00  0.000000e+00
   endloop
 endfacet
 facet normal -2.467574e-01 -9.690773e-01  0.000000e+00
   outer loop
     vertex -2.336470e+00 -1.023674e+01 -1.200000e+01
     vertex -2.843825e+00 -1.010755e+01  0.000000e+00
     vertex -2.843825e+00 -1.010755e+01 -1.200000e+01
   endloop
 endfacet
 facet normal -2.467574e-01 -9.690773e-01  0.000000e+00
   outer loop
     vertex -2.336470e+00 -1.023674e+01 -1.200000e+01
     vertex -2.336470e+00 -1.023674e+01  0.000000e+00
     vertex -2.843825e+00 -1.010755e+01  0.000000e+00
   endloop
 endfacet
 facet normal -1.981461e-01 -9.801725e-01  0.000000e+00
   outer loop
     vertex -1.823306e+00 -1.034048e+01 -1.200000e+01
     vertex -2.336470e+00 -1.023674e+01  0.000000e+00
     vertex -2.336470e+00 -1.023674e+01 -1.200000e+01
   endloop
 endfacet
 facet normal -1.981461e-01 -9.801725e-01  0.000000e+00
   outer loop
     vertex -1.823306e+00 -1.034048e+01 -1.200000e+01
     vertex -1.823306e+00 -1.034048e+01  0.000000e+00
     vertex -2.336470e+00 -1.023674e+01  0.000000e+00
   endloop
 endfacet
 facet normal -1.490423e-01 -9.888308e-01  0.000000e+00
   outer loop
     vertex -1.305609e+00 -1.041851e+01 -1.200000e+01
     vertex -1.823306e+00 -1.034048e+01  0.000000e+00
     vertex -1.823306e+00 -1.034048e+01 -1.200000e+01
   endloop
 endfacet
 facet normal -1.490423e-01 -9.888308e-01  0.000000e+00
   outer loop
     vertex -1.305609e+00 -1.041851e+01 -1.200000e+01
     vertex -1.305609e+00 -1.041851e+01  0.000000e+00
     vertex -1.823306e+00 -1.034048e+01  0.000000e+00
   endloop
 endfacet
 facet normal -9.956785e-02 -9.950308e-01  0.000000e+00
   outer loop
     vertex -7.846660e-01 -1.047064e+01 -1.200000e+01
     vertex -1.305609e+00 -1.041851e+01  0.000000e+00
     vertex -1.305609e+00 -1.041851e+01 -1.200000e+01
   endloop
 endfacet
 facet normal -9.956785e-02 -9.950308e-01  0.000000e+00
   outer loop
     vertex -7.846660e-01 -1.047064e+01 -1.200000e+01
     vertex -7.846660e-01 -1.047064e+01  0.000000e+00
     vertex -1.305609e+00 -1.041851e+01  0.000000e+00
   endloop
 endfacet
 facet normal -4.984589e-02 -9.987569e-01  0.000000e+00
   outer loop
     vertex -7.846660e-01 -1.047064e+01 -1.200000e+01
     vertex -2.617723e-01 -1.049674e+01  0.000000e+00
     vertex -7.846660e-01 -1.047064e+01  0.000000e+00
   endloop
 endfacet
 facet normal -4.984589e-02 -9.987569e-01  0.000000e+00
   outer loop
     vertex -2.617723e-01 -1.049674e+01 -1.200000e+01
     vertex -2.617723e-01 -1.049674e+01  0.000000e+00
     vertex -7.846660e-01 -1.047064e+01 -1.200000e+01
   endloop
 endfacet
 facet normal  1.017883e-14 -1.000000e+00  0.000000e+00
   outer loop
     vertex  2.617723e-01 -1.049674e+01 -1.200000e+01
     vertex -2.617723e-01 -1.049674e+01  0.000000e+00
     vertex -2.617723e-01 -1.049674e+01 -1.200000e+01
   endloop
 endfacet
 facet normal  1.017883e-14 -1.000000e+00  0.000000e+00
   outer loop
     vertex  2.617723e-01 -1.049674e+01 -1.200000e+01
     vertex  2.617723e-01 -1.049674e+01  0.000000e+00
     vertex -2.617723e-01 -1.049674e+01  0.000000e+00
   endloop
 endfacet
 facet normal  4.984589e-02 -9.987569e-01  0.000000e+00
   outer loop
     vertex  7.846660e-01 -1.047064e+01 -1.200000e+01
     vertex  2.617723e-01 -1.049674e+01  0.000000e+00
     vertex  2.617723e-01 -1.049674e+01 -1.200000e+01
   endloop
 endfacet
 facet normal  4.984589e-02 -9.987569e-01  0.000000e+00
   outer loop
     vertex  7.846660e-01 -1.047064e+01 -1.200000e+01
     vertex  7.846660e-01 -1.047064e+01  0.000000e+00
     vertex  2.617723e-01 -1.049674e+01  0.000000e+00
   endloop
 endfacet
 facet normal  9.956785e-02 -9.950308e-01  0.000000e+00
   outer loop
     vertex  1.305609e+00 -1.041851e+01 -1.200000e+01
     vertex  7.846660e-01 -1.047064e+01  0.000000e+00
     vertex  7.846660e-01 -1.047064e+01 -1.200000e+01
   endloop
 endfacet
 facet normal  9.956785e-02 -9.950308e-01  0.000000e+00
   outer loop
     vertex  1.305609e+00 -1.041851e+01 -1.200000e+01
     vertex  1.305609e+00 -1.041851e+01  0.000000e+00
     vertex  7.846660e-01 -1.047064e+01  0.000000e+00
   endloop
 endfacet
 facet normal  1.490423e-01 -9.888308e-01  0.000000e+00
   outer loop
     vertex  1.823306e+00 -1.034048e+01 -1.200000e+01
     vertex  1.305609e+00 -1.041851e+01  0.000000e+00
     vertex  1.305609e+00 -1.041851e+01 -1.200000e+01
   endloop
 endfacet
 facet normal  1.490423e-01 -9.888308e-01  0.000000e+00
   outer loop
     vertex  1.823306e+00 -1.034048e+01 -1.200000e+01
     vertex  1.823306e+00 -1.034048e+01  0.000000e+00
     vertex  1.305609e+00 -1.041851e+01  0.000000e+00
   endloop
 endfacet
 facet normal  2.467574e-01 -9.690773e-01  0.000000e+00
   outer loop
     vertex  2.336470e+00 -1.023674e+01 -1.200000e+01
     vertex  2.843825e+00 -1.010755e+01  0.000000e+00
     vertex  2.336470e+00 -1.023674e+01  0.000000e+00
   endloop
 endfacet
 facet normal  1.981461e-01 -9.801725e-01  0.000000e+00
   outer loop
     vertex  2.336470e+00 -1.023674e+01 -1.200000e+01
     vertex  1.823306e+00 -1.034048e+01  0.000000e+00
     vertex  1.823306e+00 -1.034048e+01 -1.200000e+01
   endloop
 endfacet
 facet normal  1.981461e-01 -9.801725e-01  0.000000e+00
   outer loop
     vertex  2.336470e+00 -1.023674e+01 -1.200000e+01
     vertex  2.336470e+00 -1.023674e+01  0.000000e+00
     vertex  1.823306e+00 -1.034048e+01  0.000000e+00
   endloop
 endfacet
 facet normal  2.467574e-01 -9.690773e-01  0.000000e+00
   outer loop
     vertex  2.843825e+00 -1.010755e+01 -1.200000e+01
     vertex  2.843825e+00 -1.010755e+01  0.000000e+00
     vertex  2.336470e+00 -1.023674e+01 -1.200000e+01
   endloop
 endfacet
 facet normal  2.947552e-01 -9.555728e-01  0.000000e+00
   outer loop
     vertex  3.344110e+00 -9.953237e+00 -1.200000e+01
     vertex  3.344110e+00 -9.953237e+00  0.000000e+00
     vertex  2.843825e+00 -1.010755e+01  0.000000e+00
   endloop
 endfacet
 facet normal  2.947552e-01 -9.555728e-01  0.000000e+00
   outer loop
     vertex  3.344110e+00 -9.953237e+00 -1.200000e+01
     vertex  2.843825e+00 -1.010755e+01  0.000000e+00
     vertex  2.843825e+00 -1.010755e+01 -1.200000e+01
   endloop
 endfacet
 facet normal  3.420201e-01 -9.396926e-01  0.000000e+00
   outer loop
     vertex  3.836081e+00 -9.774174e+00 -1.200000e+01
     vertex  3.836081e+00 -9.774174e+00  0.000000e+00
     vertex  3.344110e+00 -9.953237e+00  0.000000e+00
   endloop
 endfacet
 facet normal  3.420201e-01 -9.396926e-01  0.000000e+00
   outer loop
     vertex  3.836081e+00 -9.774174e+00 -1.200000e+01
     vertex  3.344110e+00 -9.953237e+00  0.000000e+00
     vertex  3.344110e+00 -9.953237e+00 -1.200000e+01
   endloop
 endfacet
 facet normal  3.884348e-01 -9.214762e-01  0.000000e+00
   outer loop
     vertex  4.318515e+00 -9.570811e+00 -1.200000e+01
     vertex  4.318515e+00 -9.570811e+00  0.000000e+00
     vertex  3.836081e+00 -9.774174e+00  0.000000e+00
   endloop
 endfacet
 facet normal  4.338837e-01 -9.009689e-01  0.000000e+00
   outer loop
     vertex  4.318515e+00 -9.570811e+00 -1.200000e+01
     vertex  4.790212e+00 -9.343654e+00  0.000000e+00
     vertex  4.318515e+00 -9.570811e+00  0.000000e+00
   endloop
 endfacet
 facet normal  3.884348e-01 -9.214762e-01  0.000000e+00
   outer loop
     vertex  4.318515e+00 -9.570811e+00 -1.200000e+01
     vertex  3.836081e+00 -9.774174e+00  0.000000e+00
     vertex  3.836081e+00 -9.774174e+00 -1.200000e+01
   endloop
 endfacet
 facet normal  4.338837e-01 -9.009689e-01  0.000000e+00
   outer loop
     vertex  4.790212e+00 -9.343654e+00 -1.200000e+01
     vertex  4.790212e+00 -9.343654e+00  0.000000e+00
     vertex  4.318515e+00 -9.570811e+00 -1.200000e+01
   endloop
 endfacet
 facet normal  4.782540e-01 -8.782216e-01  0.000000e+00
   outer loop
     vertex  5.250000e+00 -9.093267e+00 -1.200000e+01
     vertex  5.250000e+00 -9.093267e+00  0.000000e+00
     vertex  4.790212e+00 -9.343654e+00  0.000000e+00
   endloop
 endfacet
 facet normal  4.782540e-01 -8.782216e-01  0.000000e+00
   outer loop
     vertex  5.250000e+00 -9.093267e+00 -1.200000e+01
     vertex  4.790212e+00 -9.343654e+00  0.000000e+00
     vertex  4.790212e+00 -9.343654e+00 -1.200000e+01
   endloop
 endfacet
 facet normal  5.214352e-01 -8.532909e-01  0.000000e+00
   outer loop
     vertex  5.696736e+00 -8.820272e+00 -1.200000e+01
     vertex  5.696736e+00 -8.820272e+00  0.000000e+00
     vertex  5.250000e+00 -9.093267e+00  0.000000e+00
   endloop
 endfacet
 facet normal  5.214352e-01 -8.532909e-01  0.000000e+00
   outer loop
     vertex  5.696736e+00 -8.820272e+00 -1.200000e+01
     vertex  5.250000e+00 -9.093267e+00  0.000000e+00
     vertex  5.250000e+00 -9.093267e+00 -1.200000e+01
   endloop
 endfacet
 facet normal  5.633201e-01 -8.262388e-01  0.000000e+00
   outer loop
     vertex  6.129309e+00 -8.525349e+00 -1.200000e+01
     vertex  6.129309e+00 -8.525349e+00  0.000000e+00
     vertex  5.696736e+00 -8.820272e+00  0.000000e+00
   endloop
 endfacet
 facet normal  6.038044e-01 -7.971325e-01  0.000000e+00
   outer loop
     vertex  6.129309e+00 -8.525349e+00 -1.200000e+01
     vertex  6.546643e+00 -8.209231e+00  0.000000e+00
     vertex  6.129309e+00 -8.525349e+00  0.000000e+00
   endloop
 endfacet
 facet normal  5.633201e-01 -8.262388e-01  0.000000e+00
   outer loop
     vertex  6.129309e+00 -8.525349e+00 -1.200000e+01
     vertex  5.696736e+00 -8.820272e+00  0.000000e+00
     vertex  5.696736e+00 -8.820272e+00 -1.200000e+01
   endloop
 endfacet
 facet normal  6.038044e-01 -7.971325e-01  0.000000e+00
   outer loop
     vertex  6.546643e+00 -8.209231e+00 -1.200000e+01
     vertex  6.546643e+00 -8.209231e+00  0.000000e+00
     vertex  6.129309e+00 -8.525349e+00 -1.200000e+01
   endloop
 endfacet
 facet normal  6.427876e-01 -7.660444e-01  0.000000e+00
   outer loop
     vertex  6.947701e+00 -7.872703e+00 -1.200000e+01
     vertex  6.947701e+00 -7.872703e+00  0.000000e+00
     vertex  6.546643e+00 -8.209231e+00  0.000000e+00
   endloop
 endfacet
 facet normal  6.801727e-01 -7.330519e-01  0.000000e+00
   outer loop
     vertex  6.947701e+00 -7.872703e+00 -1.200000e+01
     vertex  7.331487e+00 -7.516602e+00  0.000000e+00
     vertex  6.947701e+00 -7.872703e+00  0.000000e+00
   endloop
 endfacet
 facet normal  6.427876e-01 -7.660444e-01  0.000000e+00
   outer loop
     vertex  6.947701e+00 -7.872703e+00 -1.200000e+01
     vertex  6.546643e+00 -8.209231e+00  0.000000e+00
     vertex  6.546643e+00 -8.209231e+00 -1.200000e+01
   endloop
 endfacet
 facet normal  6.801727e-01 -7.330519e-01  0.000000e+00
   outer loop
     vertex  7.331487e+00 -7.516602e+00 -1.200000e+01
     vertex  7.331487e+00 -7.516602e+00  0.000000e+00
     vertex  6.947701e+00 -7.872703e+00 -1.200000e+01
   endloop
 endfacet
 facet normal  7.158668e-01 -6.982368e-01  0.000000e+00
   outer loop
     vertex  7.697045e+00 -7.141814e+00 -1.200000e+01
     vertex  7.697045e+00 -7.141814e+00  0.000000e+00
     vertex  7.331487e+00 -7.516602e+00  0.000000e+00
   endloop
 endfacet
 facet normal  7.158668e-01 -6.982368e-01  0.000000e+00
   outer loop
     vertex  7.697045e+00 -7.141814e+00 -1.200000e+01
     vertex  7.331487e+00 -7.516602e+00  0.000000e+00
     vertex  7.331487e+00 -7.516602e+00 -1.200000e+01
   endloop
 endfacet
 facet normal  7.497812e-01 -6.616858e-01  0.000000e+00
   outer loop
     vertex  8.043467e+00 -6.749270e+00 -1.200000e+01
     vertex  7.697045e+00 -7.141814e+00  0.000000e+00
     vertex  7.697045e+00 -7.141814e+00 -1.200000e+01
   endloop
 endfacet
 facet normal  7.497812e-01 -6.616858e-01  0.000000e+00
   outer loop
     vertex  8.043467e+00 -6.749270e+00 -1.200000e+01
     vertex  8.043467e+00 -6.749270e+00  0.000000e+00
     vertex  7.697045e+00 -7.141814e+00  0.000000e+00
   endloop
 endfacet
 facet normal  7.818315e-01 -6.234898e-01  0.000000e+00
   outer loop
     vertex  8.369891e+00 -6.339946e+00 -1.200000e+01
     vertex  8.043467e+00 -6.749270e+00  0.000000e+00
     vertex  8.043467e+00 -6.749270e+00 -1.200000e+01
   endloop
 endfacet
 facet normal  7.818315e-01 -6.234898e-01  0.000000e+00
   outer loop
     vertex  8.369891e+00 -6.339946e+00 -1.200000e+01
     vertex  8.369891e+00 -6.339946e+00  0.000000e+00
     vertex  8.043467e+00 -6.749270e+00  0.000000e+00
   endloop
 endfacet
 facet normal  8.119380e-01 -5.837437e-01  0.000000e+00
   outer loop
     vertex  8.675507e+00 -5.914861e+00 -1.200000e+01
     vertex  8.369891e+00 -6.339946e+00  0.000000e+00
     vertex  8.369891e+00 -6.339946e+00 -1.200000e+01
   endloop
 endfacet
 facet normal  8.119380e-01 -5.837437e-01  0.000000e+00
   outer loop
     vertex  8.675507e+00 -5.914861e+00 -1.200000e+01
     vertex  8.675507e+00 -5.914861e+00  0.000000e+00
     vertex  8.369891e+00 -6.339946e+00  0.000000e+00
   endloop
 endfacet
 facet normal  8.400259e-01 -5.425463e-01  0.000000e+00
   outer loop
     vertex  8.959554e+00 -5.475070e+00 -1.200000e+01
     vertex  8.675507e+00 -5.914861e+00  0.000000e+00
     vertex  8.675507e+00 -5.914861e+00 -1.200000e+01
   endloop
 endfacet
 facet normal  8.400259e-01 -5.425463e-01  0.000000e+00
   outer loop
     vertex  8.959554e+00 -5.475070e+00 -1.200000e+01
     vertex  8.959554e+00 -5.475070e+00  0.000000e+00
     vertex  8.675507e+00 -5.914861e+00  0.000000e+00
   endloop
 endfacet
 facet normal  8.660254e-01 -5.000000e-01  0.000000e+00
   outer loop
     vertex  9.221327e+00 -5.021667e+00 -1.200000e+01
     vertex  9.221327e+00 -5.021667e+00  0.000000e+00
     vertex  8.959554e+00 -5.475070e+00  0.000000e+00
   endloop
 endfacet
 facet normal  8.660254e-01 -5.000000e-01  0.000000e+00
   outer loop
     vertex  9.221327e+00 -5.021667e+00 -1.200000e+01
     vertex  8.959554e+00 -5.475070e+00  0.000000e+00
     vertex  8.959554e+00 -5.475070e+00 -1.200000e+01
   endloop
 endfacet
 facet normal  8.898718e-01 -4.562107e-01  0.000000e+00
   outer loop
     vertex  9.460173e+00 -4.555779e+00 -1.200000e+01
     vertex  9.460173e+00 -4.555779e+00  0.000000e+00
     vertex  9.221327e+00 -5.021667e+00  0.000000e+00
   endloop
 endfacet
 facet normal  8.898718e-01 -4.562107e-01  0.000000e+00
   outer loop
     vertex  9.460173e+00 -4.555779e+00 -1.200000e+01
     vertex  9.221327e+00 -5.021667e+00  0.000000e+00
     vertex  9.221327e+00 -5.021667e+00 -1.200000e+01
   endloop
 endfacet
 facet normal  9.115059e-01 -4.112871e-01  0.000000e+00
   outer loop
     vertex  9.675500e+00 -4.078565e+00 -1.200000e+01
     vertex  9.675500e+00 -4.078565e+00  0.000000e+00
     vertex  9.460173e+00 -4.555779e+00  0.000000e+00
   endloop
 endfacet
 facet normal  9.115059e-01 -4.112871e-01  0.000000e+00
   outer loop
     vertex  9.675500e+00 -4.078565e+00 -1.200000e+01
     vertex  9.460173e+00 -4.555779e+00  0.000000e+00
     vertex  9.460173e+00 -4.555779e+00 -1.200000e+01
   endloop
 endfacet
 facet normal  9.308737e-01 -3.653410e-01  0.000000e+00
   outer loop
     vertex  9.866773e+00 -3.591212e+00 -1.200000e+01
     vertex  9.866773e+00 -3.591212e+00  0.000000e+00
     vertex  9.675500e+00 -4.078565e+00  0.000000e+00
   endloop
 endfacet
 facet normal  9.308737e-01 -3.653410e-01  0.000000e+00
   outer loop
     vertex  9.866773e+00 -3.591212e+00 -1.200000e+01
     vertex  9.675500e+00 -4.078565e+00  0.000000e+00
     vertex  9.675500e+00 -4.078565e+00 -1.200000e+01
   endloop
 endfacet
 facet normal  9.479273e-01 -3.184867e-01  0.000000e+00
   outer loop
     vertex  1.003351e+01 -3.094929e+00 -1.200000e+01
     vertex  1.003351e+01 -3.094929e+00  0.000000e+00
     vertex  9.866773e+00 -3.591212e+00  0.000000e+00
   endloop
 endfacet
 facet normal  9.479273e-01 -3.184867e-01  0.000000e+00
   outer loop
     vertex  1.003351e+01 -3.094929e+00 -1.200000e+01
     vertex  9.866773e+00 -3.591212e+00  0.000000e+00
     vertex  9.866773e+00 -3.591212e+00 -1.200000e+01
   endloop
 endfacet
 facet normal  9.626242e-01 -2.708405e-01  0.000000e+00
   outer loop
     vertex  1.017531e+01 -2.590953e+00 -1.200000e+01
     vertex  1.017531e+01 -2.590953e+00  0.000000e+00
     vertex  1.003351e+01 -3.094929e+00  0.000000e+00
   endloop
 endfacet
 facet normal  9.626242e-01 -2.708405e-01  0.000000e+00
   outer loop
     vertex  1.017531e+01 -2.590953e+00 -1.200000e+01
     vertex  1.003351e+01 -3.094929e+00  0.000000e+00
     vertex  1.003351e+01 -3.094929e+00 -1.200000e+01
   endloop
 endfacet
 facet normal  9.749279e-01 -2.225209e-01  0.000000e+00
   outer loop
     vertex  1.029181e+01 -2.080535e+00 -1.200000e+01
     vertex  1.029181e+01 -2.080535e+00  0.000000e+00
     vertex  1.017531e+01 -2.590953e+00  0.000000e+00
   endloop
 endfacet
 facet normal  9.749279e-01 -2.225209e-01  0.000000e+00
   outer loop
     vertex  1.029181e+01 -2.080535e+00 -1.200000e+01
     vertex  1.017531e+01 -2.590953e+00  0.000000e+00
     vertex  1.017531e+01 -2.590953e+00 -1.200000e+01
   endloop
 endfacet
 facet normal  9.848078e-01 -1.736482e-01  0.000000e+00
   outer loop
     vertex  1.038272e+01 -1.564944e+00 -1.200000e+01
     vertex  1.038272e+01 -1.564944e+00  0.000000e+00
     vertex  1.029181e+01 -2.080535e+00  0.000000e+00
   endloop
 endfacet
 facet normal  9.848078e-01 -1.736482e-01  0.000000e+00
   outer loop
     vertex  1.038272e+01 -1.564944e+00 -1.200000e+01
     vertex  1.029181e+01 -2.080535e+00  0.000000e+00
     vertex  1.029181e+01 -2.080535e+00 -1.200000e+01
   endloop
 endfacet
 facet normal  9.922392e-01 -1.243437e-01  0.000000e+00
   outer loop
     vertex  1.044782e+01 -1.045462e+00 -1.200000e+01
     vertex  1.044782e+01 -1.045462e+00  0.000000e+00
     vertex  1.038272e+01 -1.564944e+00  0.000000e+00
   endloop
 endfacet
 facet normal  9.922392e-01 -1.243437e-01  0.000000e+00
   outer loop
     vertex  1.044782e+01 -1.045462e+00 -1.200000e+01
     vertex  1.038272e+01 -1.564944e+00  0.000000e+00
     vertex  1.038272e+01 -1.564944e+00 -1.200000e+01
   endloop
 endfacet
 facet normal  9.972038e-01 -7.473009e-02  0.000000e+00
   outer loop
     vertex  1.048695e+01 -5.233818e-01 -1.200000e+01
     vertex  1.048695e+01 -5.233818e-01  0.000000e+00
     vertex  1.044782e+01 -1.045462e+00  0.000000e+00
   endloop
 endfacet
 facet normal  9.972038e-01 -7.473009e-02  0.000000e+00
   outer loop
     vertex  1.048695e+01 -5.233818e-01 -1.200000e+01
     vertex  1.044782e+01 -1.045462e+00  0.000000e+00
     vertex  1.044782e+01 -1.045462e+00 -1.200000e+01
   endloop
 endfacet
 facet normal  9.996892e-01 -2.493069e-02  0.000000e+00
   outer loop
     vertex  1.050000e+01  0.000000e+00 -1.200000e+01
     vertex  1.050000e+01  0.000000e+00  0.000000e+00
     vertex  1.048695e+01 -5.233818e-01  0.000000e+00
   endloop
 endfacet
 facet normal  9.996892e-01 -2.493069e-02  0.000000e+00
   outer loop
     vertex  1.050000e+01  0.000000e+00 -1.200000e+01
     vertex  1.048695e+01 -5.233818e-01  0.000000e+00
     vertex  1.048695e+01 -5.233818e-01 -1.200000e+01
   endloop
 endfacet
 facet normal  0.000000e+00  0.000000e+00 -1.000000e+00
   outer loop
     vertex -8.043467e+00 -6.749270e+00 -1.200000e+01
     vertex -7.331487e+00 -7.516602e+00 -1.200000e+01
     vertex -7.697045e+00 -7.141814e+00 -1.200000e+01
   endloop
 endfacet
 facet normal  0.000000e+00  0.000000e+00 -1.000000e+00
   outer loop
     vertex -8.675507e+00 -5.914861e+00 -1.200000e+01
     vertex -8.043467e+00 -6.749270e+00 -1.200000e+01
     vertex -8.369891e+00 -6.339946e+00 -1.200000e+01
   endloop
 endfacet
 facet normal  0.000000e+00  0.000000e+00 -1.000000e+00
   outer loop
     vertex -5.696736e+00 -8.820272e+00 -1.200000e+01
     vertex -7.331487e+00 -7.516602e+00 -1.200000e+01
     vertex -8.043467e+00 -6.749270e+00 -1.200000e+01
   endloop
 endfacet
 facet normal  0.000000e+00  0.000000e+00 -1.000000e+00
   outer loop
     vertex -5.696736e+00 -8.820272e+00 -1.200000e+01
     vertex -6.947701e+00 -7.872703e+00 -1.200000e+01
     vertex -7.331487e+00 -7.516602e+00 -1.200000e+01
   endloop
 endfacet
 facet normal  0.000000e+00  0.000000e+00 -1.000000e+00
   outer loop
     vertex -5.696736e+00 -8.820272e+00 -1.200000e+01
     vertex -6.546643e+00 -8.209231e+00 -1.200000e+01
     vertex -6.947701e+00 -7.872703e+00 -1.200000e+01
   endloop
 endfacet
 facet normal  0.000000e+00  0.000000e+00 -1.000000e+00
   outer loop
     vertex -5.696736e+00 -8.820272e+00 -1.200000e+01
     vertex -6.129309e+00 -8.525349e+00 -1.200000e+01
     vertex -6.546643e+00 -8.209231e+00 -1.200000e+01
   endloop
 endfacet
 facet normal  0.000000e+00  0.000000e+00 -1.000000e+00
   outer loop
     vertex -9.221327e+00 -5.021667e+00 -1.200000e+01
     vertex -8.675507e+00 -5.914861e+00 -1.200000e+01
     vertex -8.959554e+00 -5.475070e+00 -1.200000e+01
   endloop
 endfacet
 facet normal  0.000000e+00  0.000000e+00 -1.000000e+00
   outer loop
     vertex -9.460173e+00 -4.555779e+00 -1.200000e+01
     vertex -8.675507e+00 -5.914861e+00 -1.200000e+01
     vertex -9.221327e+00 -5.021667e+00 -1.200000e+01
   endloop
 endfacet
 facet normal  0.000000e+00  0.000000e+00 -1.000000e+00
   outer loop
     vertex -9.675500e+00 -4.078565e+00 -1.200000e+01
     vertex -8.675507e+00 -5.914861e+00 -1.200000e+01
     vertex -9.460173e+00 -4.555779e+00 -1.200000e+01
   endloop
 endfacet
 facet normal  0.000000e+00  0.000000e+00 -1.000000e+00
   outer loop
     vertex -3.836081e+00 -9.774174e+00 -1.200000e+01
     vertex -4.318515e+00 -9.570811e+00 -1.200000e+01
     vertex -4.790212e+00 -9.343654e+00 -1.200000e+01
   endloop
 endfacet
 facet normal  0.000000e+00  0.000000e+00 -1.000000e+00
   outer loop
     vertex -3.344110e+00 -9.953237e+00 -1.200000e+01
     vertex -3.836081e+00 -9.774174e+00 -1.200000e+01
     vertex -4.790212e+00 -9.343654e+00 -1.200000e+01
   endloop
 endfacet
 facet normal  0.000000e+00  0.000000e+00 -1.000000e+00
   outer loop
     vertex -3.344110e+00 -9.953237e+00 -1.200000e+01
     vertex -5.250000e+00 -9.093267e+00 -1.200000e+01
     vertex -5.696736e+00 -8.820272e+00 -1.200000e+01
   endloop
 endfacet
 facet normal  0.000000e+00  0.000000e+00 -1.000000e+00
   outer loop
     vertex -3.344110e+00 -9.953237e+00 -1.200000e+01
     vertex -4.790212e+00 -9.343654e+00 -1.200000e+01
     vertex -5.250000e+00 -9.093267e+00 -1.200000e+01
   endloop
 endfacet
 facet normal  0.000000e+00  0.000000e+00 -1.000000e+00
   outer loop
     vertex -1.003351e+01 -3.094929e+00 -1.200000e+01
     vertex -8.675507e+00 -5.914861e+00 -1.200000e+01
     vertex -9.675500e+00 -4.078565e+00 -1.200000e+01
   endloop
 endfacet
 facet normal  0.000000e+00  0.000000e+00 -1.000000e+00
   outer loop
     vertex -1.003351e+01 -3.094929e+00 -1.200000e+01
     vertex -9.675500e+00 -4.078565e+00 -1.200000e+01
     vertex -9.866773e+00 -3.591212e+00 -1.200000e+01
   endloop
 endfacet
 facet normal  0.000000e+00  0.000000e+00 -1.000000e+00
   outer loop
     vertex -2.843825e+00 -1.010755e+01 -1.200000e+01
     vertex -8.043467e+00 -6.749270e+00 -1.200000e+01
     vertex -8.675507e+00 -5.914861e+00 -1.200000e+01
   endloop
 endfacet
 facet normal  0.000000e+00  0.000000e+00 -1.000000e+00
   outer loop
     vertex -2.843825e+00 -1.010755e+01 -1.200000e+01
     vertex -5.696736e+00 -8.820272e+00 -1.200000e+01
     vertex -8.043467e+00 -6.749270e+00 -1.200000e+01
   endloop
 endfacet
 facet normal  0.000000e+00  0.000000e+00 -1.000000e+00
   outer loop
     vertex -2.843825e+00 -1.010755e+01 -1.200000e+01
     vertex -3.344110e+00 -9.953237e+00 -1.200000e+01
     vertex -5.696736e+00 -8.820272e+00 -1.200000e+01
   endloop
 endfacet
 facet normal  0.000000e+00  0.000000e+00 -1.000000e+00
   outer loop
     vertex -1.823306e+00 -1.034048e+01 -1.200000e+01
     vertex -2.336470e+00 -1.023674e+01 -1.200000e+01
     vertex -2.843825e+00 -1.010755e+01 -1.200000e+01
   endloop
 endfacet
 facet normal  0.000000e+00  0.000000e+00 -1.000000e+00
   outer loop
     vertex -1.038272e+01 -1.564944e+00 -1.200000e+01
     vertex -2.843825e+00 -1.010755e+01 -1.200000e+01
     vertex -8.675507e+00 -5.914861e+00 -1.200000e+01
   endloop
 endfacet
 facet normal  0.000000e+00  0.000000e+00 -1.000000e+00
   outer loop
     vertex -1.038272e+01 -1.564944e+00 -1.200000e+01
     vertex -1.017531e+01 -2.590953e+00 -1.200000e+01
     vertex -1.029181e+01 -2.080535e+00 -1.200000e+01
   endloop
 endfacet
 facet normal  0.000000e+00  0.000000e+00 -1.000000e+00
   outer loop
     vertex -1.038272e+01 -1.564944e+00 -1.200000e+01
     vertex -8.675507e+00 -5.914861e+00 -1.200000e+01
     vertex -1.003351e+01 -3.094929e+00 -1.200000e+01
   endloop
 endfacet
 facet normal  0.000000e+00  0.000000e+00 -1.000000e+00
   outer loop
     vertex -1.038272e+01 -1.564944e+00 -1.200000e+01
     vertex -1.003351e+01 -3.094929e+00 -1.200000e+01
     vertex -1.017531e+01 -2.590953e+00 -1.200000e+01
   endloop
 endfacet
 facet normal  0.000000e+00  0.000000e+00 -1.000000e+00
   outer loop
     vertex -1.038272e+01 -1.564944e+00 -1.200000e+01
     vertex -1.823306e+00 -1.034048e+01 -1.200000e+01
     vertex -2.843825e+00 -1.010755e+01 -1.200000e+01
   endloop
 endfacet
 facet normal -0.000000e+00  0.000000e+00 -1.000000e+00
   outer loop
     vertex  2.617723e-01 -1.049674e+01 -1.200000e+01
     vertex -2.617723e-01 -1.049674e+01 -1.200000e+01
     vertex -7.846660e-01 -1.047064e+01 -1.200000e+01
   endloop
 endfacet
 facet normal  0.000000e+00  0.000000e+00 -1.000000e+00
   outer loop
     vertex  1.305609e+00 -1.041851e+01 -1.200000e+01
     vertex  7.846660e-01 -1.047064e+01 -1.200000e+01
     vertex  2.617723e-01 -1.049674e+01 -1.200000e+01
   endloop
 endfacet
 facet normal  0.000000e+00  0.000000e+00 -1.000000e+00
   outer loop
     vertex -1.038272e+01  1.564944e+00 -1.200000e+01
     vertex -1.048695e+01  5.233818e-01 -1.200000e+01
     vertex -1.044782e+01  1.045462e+00 -1.200000e+01
   endloop
 endfacet
 facet normal  0.000000e+00  0.000000e+00 -1.000000e+00
   outer loop
     vertex -1.038272e+01  1.564944e+00 -1.200000e+01
     vertex -1.050000e+01 -3.601761e-14 -1.200000e+01
     vertex -1.048695e+01  5.233818e-01 -1.200000e+01
   endloop
 endfacet
 facet normal  0.000000e+00  0.000000e+00 -1.000000e+00
   outer loop
     vertex -1.038272e+01  1.564944e+00 -1.200000e+01
     vertex -1.048695e+01 -5.233818e-01 -1.200000e+01
     vertex -1.050000e+01 -3.601761e-14 -1.200000e+01
   endloop
 endfacet
 facet normal  0.000000e+00  0.000000e+00 -1.000000e+00
   outer loop
     vertex -1.038272e+01  1.564944e+00 -1.200000e+01
     vertex -1.044782e+01 -1.045462e+00 -1.200000e+01
     vertex -1.048695e+01 -5.233818e-01 -1.200000e+01
   endloop
 endfacet
 facet normal  0.000000e+00 -0.000000e+00 -1.000000e+00
   outer loop
     vertex -1.038272e+01  1.564944e+00 -1.200000e+01
     vertex -1.038272e+01 -1.564944e+00 -1.200000e+01
     vertex -1.044782e+01 -1.045462e+00 -1.200000e+01
   endloop
 endfacet
 facet normal  0.000000e+00  0.000000e+00 -1.000000e+00
   outer loop
     vertex -1.017531e+01  2.590953e+00 -1.200000e+01
     vertex -1.038272e+01  1.564944e+00 -1.200000e+01
     vertex -1.029181e+01  2.080535e+00 -1.200000e+01
   endloop
 endfacet
 facet normal  0.000000e+00 -0.000000e+00 -1.000000e+00
   outer loop
     vertex -1.017531e+01  2.590953e+00 -1.200000e+01
     vertex -1.823306e+00 -1.034048e+01 -1.200000e+01
     vertex -1.038272e+01 -1.564944e+00 -1.200000e+01
   endloop
 endfacet
 facet normal  0.000000e+00  0.000000e+00 -1.000000e+00
   outer loop
     vertex -1.017531e+01  2.590953e+00 -1.200000e+01
     vertex -1.305609e+00 -1.041851e+01 -1.200000e+01
     vertex -1.823306e+00 -1.034048e+01 -1.200000e+01
   endloop
 endfacet
 facet normal  0.000000e+00  0.000000e+00 -1.000000e+00
   outer loop
     vertex -1.017531e+01  2.590953e+00 -1.200000e+01
     vertex -1.038272e+01 -1.564944e+00 -1.200000e+01
     vertex -1.038272e+01  1.564944e+00 -1.200000e+01
   endloop
 endfacet
 facet normal  0.000000e+00  0.000000e+00 -1.000000e+00
   outer loop
     vertex  2.843825e+00 -1.010755e+01 -1.200000e+01
     vertex  1.305609e+00 -1.041851e+01 -1.200000e+01
     vertex  2.617723e-01 -1.049674e+01 -1.200000e+01
   endloop
 endfacet
 facet normal  0.000000e+00  0.000000e+00 -1.000000e+00
   outer loop
     vertex  2.843825e+00 -1.010755e+01 -1.200000e+01
     vertex -7.846660e-01 -1.047064e+01 -1.200000e+01
     vertex -1.305609e+00 -1.041851e+01 -1.200000e+01
   endloop
 endfacet
 facet normal  0.000000e+00  0.000000e+00 -1.000000e+00
   outer loop
     vertex  2.843825e+00 -1.010755e+01 -1.200000e+01
     vertex  2.617723e-01 -1.049674e+01 -1.200000e+01
     vertex -7.846660e-01 -1.047064e+01 -1.200000e+01
   endloop
 endfacet
 facet normal  0.000000e+00  0.000000e+00 -1.000000e+00
   outer loop
     vertex  2.843825e+00 -1.010755e+01 -1.200000e+01
     vertex  1.823306e+00 -1.034048e+01 -1.200000e+01
     vertex  1.305609e+00 -1.041851e+01 -1.200000e+01
   endloop
 endfacet
 facet normal  0.000000e+00  0.000000e+00 -1.000000e+00
   outer loop
     vertex  2.843825e+00 -1.010755e+01 -1.200000e+01
     vertex  2.336470e+00 -1.023674e+01 -1.200000e+01
     vertex  1.823306e+00 -1.034048e+01 -1.200000e+01
   endloop
 endfacet
 facet normal  0.000000e+00  0.000000e+00 -1.000000e+00
   outer loop
     vertex -9.866773e+00  3.591212e+00 -1.200000e+01
     vertex -1.017531e+01  2.590953e+00 -1.200000e+01
     vertex -1.003351e+01  3.094929e+00 -1.200000e+01
   endloop
 endfacet
 facet normal  0.000000e+00  0.000000e+00 -1.000000e+00
   outer loop
     vertex -9.675500e+00  4.078565e+00 -1.200000e+01
     vertex -1.017531e+01  2.590953e+00 -1.200000e+01
     vertex -9.866773e+00  3.591212e+00 -1.200000e+01
   endloop
 endfacet
 facet normal  0.000000e+00  0.000000e+00 -1.000000e+00
   outer loop
     vertex  4.318515e+00 -9.570811e+00 -1.200000e+01
     vertex  3.344110e+00 -9.953237e+00 -1.200000e+01
     vertex  2.843825e+00 -1.010755e+01 -1.200000e+01
   endloop
 endfacet
 facet normal  0.000000e+00  0.000000e+00 -1.000000e+00
   outer loop
     vertex  4.318515e+00 -9.570811e+00 -1.200000e+01
     vertex  3.836081e+00 -9.774174e+00 -1.200000e+01
     vertex  3.344110e+00 -9.953237e+00 -1.200000e+01
   endloop
 endfacet
 facet normal  0.000000e+00  0.000000e+00 -1.000000e+00
   outer loop
     vertex  4.318515e+00 -9.570811e+00 -1.200000e+01
     vertex  2.843825e+00 -1.010755e+01 -1.200000e+01
     vertex -1.305609e+00 -1.041851e+01 -1.200000e+01
   endloop
 endfacet
 facet normal  0.000000e+00  0.000000e+00 -1.000000e+00
   outer loop
     vertex -9.460173e+00  4.555779e+00 -1.200000e+01
     vertex -1.017531e+01  2.590953e+00 -1.200000e+01
     vertex -9.675500e+00  4.078565e+00 -1.200000e+01
   endloop
 endfacet
 facet normal  0.000000e+00  0.000000e+00 -1.000000e+00
   outer loop
     vertex  4.790212e+00 -9.343654e+00 -1.200000e+01
     vertex  4.318515e+00 -9.570811e+00 -1.200000e+01
     vertex -1.305609e+00 -1.041851e+01 -1.200000e+01
   endloop
 endfacet
 facet normal  0.000000e+00  0.000000e+00 -1.000000e+00
   outer loop
     vertex  5.250000e+00 -9.093267e+00 -1.200000e+01
     vertex  4.790212e+00 -9.343654e+00 -1.200000e+01
     vertex -1.305609e+00 -1.041851e+01 -1.200000e+01
   endloop
 endfacet
 facet normal  0.000000e+00  0.000000e+00 -1.000000e+00
   outer loop
     vertex -8.959554e+00  5.475070e+00 -1.200000e+01
     vertex -9.460173e+00  4.555779e+00 -1.200000e+01
     vertex -9.221327e+00  5.021667e+00 -1.200000e+01
   endloop
 endfacet
 facet normal  0.000000e+00  0.000000e+00 -1.000000e+00
   outer loop
     vertex  5.696736e+00 -8.820272e+00 -1.200000e+01
     vertex  5.250000e+00 -9.093267e+00 -1.200000e+01
     vertex -1.305609e+00 -1.041851e+01 -1.200000e+01
   endloop
 endfacet
 facet normal  0.000000e+00  0.000000e+00 -1.000000e+00
   outer loop
     vertex -8.675507e+00  5.914861e+00 -1.200000e+01
     vertex -9.460173e+00  4.555779e+00 -1.200000e+01
     vertex -8.959554e+00  5.475070e+00 -1.200000e+01
   endloop
 endfacet
 facet normal  0.000000e+00  0.000000e+00 -1.000000e+00
   outer loop
     vertex -8.369891e+00  6.339946e+00 -1.200000e+01
     vertex -9.460173e+00  4.555779e+00 -1.200000e+01
     vertex -8.675507e+00  5.914861e+00 -1.200000e+01
   endloop
 endfacet
 facet normal  0.000000e+00  0.000000e+00 -1.000000e+00
   outer loop
     vertex  6.546643e+00 -8.209231e+00 -1.200000e+01
     vertex  6.129309e+00 -8.525349e+00 -1.200000e+01
     vertex  5.696736e+00 -8.820272e+00 -1.200000e+01
   endloop
 endfacet
 facet normal  0.000000e+00  0.000000e+00 -1.000000e+00
   outer loop
     vertex -7.697045e+00  7.141814e+00 -1.200000e+01
     vertex -8.369891e+00  6.339946e+00 -1.200000e+01
     vertex -8.043467e+00  6.749270e+00 -1.200000e+01
   endloop
 endfacet
 facet normal  0.000000e+00  0.000000e+00 -1.000000e+00
   outer loop
     vertex  7.697045e+00 -7.141814e+00 -1.200000e+01
     vertex  6.947701e+00 -7.872703e+00 -1.200000e+01
     vertex  6.546643e+00 -8.209231e+00 -1.200000e+01
   endloop
 endfacet
 facet normal  0.000000e+00  0.000000e+00 -1.000000e+00
   outer loop
     vertex  7.697045e+00 -7.141814e+00 -1.200000e+01
     vertex  7.331487e+00 -7.516602e+00 -1.200000e+01
     vertex  6.947701e+00 -7.872703e+00 -1.200000e+01
   endloop
 endfacet
 facet normal  0.000000e+00  0.000000e+00 -1.000000e+00
   outer loop
     vertex  7.697045e+00 -7.141814e+00 -1.200000e+01
     vertex  6.546643e+00 -8.209231e+00 -1.200000e+01
     vertex  5.696736e+00 -8.820272e+00 -1.200000e+01
   endloop
 endfacet
 facet normal  0.000000e+00  0.000000e+00 -1.000000e+00
   outer loop
     vertex -6.947701e+00  7.872703e+00 -1.200000e+01
     vertex -9.460173e+00  4.555779e+00 -1.200000e+01
     vertex -8.369891e+00  6.339946e+00 -1.200000e+01
   endloop
 endfacet
 facet normal  0.000000e+00  0.000000e+00 -1.000000e+00
   outer loop
     vertex -6.947701e+00  7.872703e+00 -1.200000e+01
     vertex -8.369891e+00  6.339946e+00 -1.200000e+01
     vertex -7.697045e+00  7.141814e+00 -1.200000e+01
   endloop
 endfacet
 facet normal  0.000000e+00  0.000000e+00 -1.000000e+00
   outer loop
     vertex -6.947701e+00  7.872703e+00 -1.200000e+01
     vertex -7.697045e+00  7.141814e+00 -1.200000e+01
     vertex -7.331487e+00  7.516602e+00 -1.200000e+01
   endloop
 endfacet
 facet normal  0.000000e+00  0.000000e+00 -1.000000e+00
   outer loop
     vertex  8.369891e+00 -6.339946e+00 -1.200000e+01
     vertex  8.043467e+00 -6.749270e+00 -1.200000e+01
     vertex  7.697045e+00 -7.141814e+00 -1.200000e+01
   endloop
 endfacet
 facet normal  0.000000e+00  0.000000e+00 -1.000000e+00
   outer loop
     vertex  8.369891e+00 -6.339946e+00 -1.200000e+01
     vertex  5.696736e+00 -8.820272e+00 -1.200000e+01
     vertex -1.305609e+00 -1.041851e+01 -1.200000e+01
   endloop
 endfacet
 facet normal  0.000000e+00  0.000000e+00 -1.000000e+00
   outer loop
     vertex  8.369891e+00 -6.339946e+00 -1.200000e+01
     vertex  7.697045e+00 -7.141814e+00 -1.200000e+01
     vertex  5.696736e+00 -8.820272e+00 -1.200000e+01
   endloop
 endfacet
 facet normal  0.000000e+00  0.000000e+00 -1.000000e+00
   outer loop
     vertex -5.696736e+00  8.820272e+00 -1.200000e+01
     vertex -6.546643e+00  8.209231e+00 -1.200000e+01
     vertex -6.129309e+00  8.525349e+00 -1.200000e+01
   endloop
 endfacet
 facet normal  0.000000e+00  0.000000e+00 -1.000000e+00
   outer loop
     vertex  9.221327e+00 -5.021667e+00 -1.200000e+01
     vertex  8.675507e+00 -5.914861e+00 -1.200000e+01
     vertex  8.369891e+00 -6.339946e+00 -1.200000e+01
   endloop
 endfacet
 facet normal  0.000000e+00  0.000000e+00 -1.000000e+00
   outer loop
     vertex  9.221327e+00 -5.021667e+00 -1.200000e+01
     vertex  8.959554e+00 -5.475070e+00 -1.200000e+01
     vertex  8.675507e+00 -5.914861e+00 -1.200000e+01
   endloop
 endfacet
 facet normal  0.000000e+00  0.000000e+00 -1.000000e+00
   outer loop
     vertex  9.221327e+00 -5.021667e+00 -1.200000e+01
     vertex  8.369891e+00 -6.339946e+00 -1.200000e+01
     vertex -1.305609e+00 -1.041851e+01 -1.200000e+01
   endloop
 endfacet
 facet normal  0.000000e+00  0.000000e+00 -1.000000e+00
   outer loop
     vertex -4.790212e+00  9.343654e+00 -1.200000e+01
     vertex -5.696736e+00  8.820272e+00 -1.200000e+01
     vertex -5.250000e+00  9.093267e+00 -1.200000e+01
   endloop
 endfacet
 facet normal  0.000000e+00  0.000000e+00 -1.000000e+00
   outer loop
     vertex -4.318515e+00  9.570811e+00 -1.200000e+01
     vertex -5.696736e+00  8.820272e+00 -1.200000e+01
     vertex -4.790212e+00  9.343654e+00 -1.200000e+01
   endloop
 endfacet
 facet normal  0.000000e+00  0.000000e+00 -1.000000e+00
   outer loop
     vertex -3.836081e+00  9.774174e+00 -1.200000e+01
     vertex -6.947701e+00  7.872703e+00 -1.200000e+01
     vertex -6.546643e+00  8.209231e+00 -1.200000e+01
   endloop
 endfacet
 facet normal  0.000000e+00  0.000000e+00 -1.000000e+00
   outer loop
     vertex -3.836081e+00  9.774174e+00 -1.200000e+01
     vertex -9.460173e+00  4.555779e+00 -1.200000e+01
     vertex -6.947701e+00  7.872703e+00 -1.200000e+01
   endloop
 endfacet
 facet normal  0.000000e+00  0.000000e+00 -1.000000e+00
   outer loop
     vertex -3.836081e+00  9.774174e+00 -1.200000e+01
     vertex -6.546643e+00  8.209231e+00 -1.200000e+01
     vertex -5.696736e+00  8.820272e+00 -1.200000e+01
   endloop
 endfacet
 facet normal  0.000000e+00  0.000000e+00 -1.000000e+00
   outer loop
     vertex -3.836081e+00  9.774174e+00 -1.200000e+01
     vertex -5.696736e+00  8.820272e+00 -1.200000e+01
     vertex -4.318515e+00  9.570811e+00 -1.200000e+01
   endloop
 endfacet
 facet normal  0.000000e+00  0.000000e+00 -1.000000e+00
   outer loop
     vertex  1.003351e+01 -3.094929e+00 -1.200000e+01
     vertex  9.460173e+00 -4.555779e+00 -1.200000e+01
     vertex  9.221327e+00 -5.021667e+00 -1.200000e+01
   endloop
 endfacet
 facet normal  0.000000e+00  0.000000e+00 -1.000000e+00
   outer loop
     vertex  1.003351e+01 -3.094929e+00 -1.200000e+01
     vertex  9.675500e+00 -4.078565e+00 -1.200000e+01
     vertex  9.460173e+00 -4.555779e+00 -1.200000e+01
   endloop
 endfacet
 facet normal  0.000000e+00  0.000000e+00 -1.000000e+00
   outer loop
     vertex  1.003351e+01 -3.094929e+00 -1.200000e+01
     vertex  9.866773e+00 -3.591212e+00 -1.200000e+01
     vertex  9.675500e+00 -4.078565e+00 -1.200000e+01
   endloop
 endfacet
 facet normal  0.000000e+00  0.000000e+00 -1.000000e+00
   outer loop
     vertex  1.017531e+01 -2.590953e+00 -1.200000e+01
     vertex  1.003351e+01 -3.094929e+00 -1.200000e+01
     vertex  9.221327e+00 -5.021667e+00 -1.200000e+01
   endloop
 endfacet
 facet normal  0.000000e+00  0.000000e+00 -1.000000e+00
   outer loop
     vertex -2.336470e+00  1.023674e+01 -1.200000e+01
     vertex -3.344110e+00  9.953237e+00 -1.200000e+01
     vertex -2.843825e+00  1.010755e+01 -1.200000e+01
   endloop
 endfacet
 facet normal  0.000000e+00  0.000000e+00 -1.000000e+00
   outer loop
     vertex  1.029181e+01 -2.080535e+00 -1.200000e+01
     vertex  1.017531e+01 -2.590953e+00 -1.200000e+01
     vertex  9.221327e+00 -5.021667e+00 -1.200000e+01
   endloop
 endfacet
 facet normal  0.000000e+00  0.000000e+00 -1.000000e+00
   outer loop
     vertex  1.038272e+01 -1.564944e+00 -1.200000e+01
     vertex  1.029181e+01 -2.080535e+00 -1.200000e+01
     vertex  9.221327e+00 -5.021667e+00 -1.200000e+01
   endloop
 endfacet
 facet normal  0.000000e+00  0.000000e+00 -1.000000e+00
   outer loop
     vertex -1.305609e+00  1.041851e+01 -1.200000e+01
     vertex -2.336470e+00  1.023674e+01 -1.200000e+01
     vertex -1.823306e+00  1.034048e+01 -1.200000e+01
   endloop
 endfacet
 facet normal  0.000000e+00  0.000000e+00 -1.000000e+00
   outer loop
     vertex -1.305609e+00  1.041851e+01 -1.200000e+01
     vertex -3.344110e+00  9.953237e+00 -1.200000e+01
     vertex -2.336470e+00  1.023674e+01 -1.200000e+01
   endloop
 endfacet
 facet normal  0.000000e+00  0.000000e+00 -1.000000e+00
   outer loop
     vertex  1.044782e+01 -1.045462e+00 -1.200000e+01
     vertex  1.038272e+01 -1.564944e+00 -1.200000e+01
     vertex  9.221327e+00 -5.021667e+00 -1.200000e+01
   endloop
 endfacet
 facet normal  0.000000e+00  0.000000e+00 -1.000000e+00
   outer loop
     vertex  1.044782e+01 -1.045462e+00 -1.200000e+01
     vertex  9.221327e+00 -5.021667e+00 -1.200000e+01
     vertex -1.305609e+00 -1.041851e+01 -1.200000e+01
   endloop
 endfacet
 facet normal  0.000000e+00  0.000000e+00 -1.000000e+00
   outer loop
     vertex -2.617723e-01  1.049674e+01 -1.200000e+01
     vertex -1.017531e+01  2.590953e+00 -1.200000e+01
     vertex -9.460173e+00  4.555779e+00 -1.200000e+01
   endloop
 endfacet
 facet normal  0.000000e+00  0.000000e+00 -1.000000e+00
   outer loop
     vertex -2.617723e-01  1.049674e+01 -1.200000e+01
     vertex -3.344110e+00  9.953237e+00 -1.200000e+01
     vertex -1.305609e+00  1.041851e+01 -1.200000e+01
   endloop
 endfacet
 facet normal  0.000000e+00  0.000000e+00 -1.000000e+00
   outer loop
     vertex -2.617723e-01  1.049674e+01 -1.200000e+01
     vertex -1.305609e+00  1.041851e+01 -1.200000e+01
     vertex -7.846660e-01  1.047064e+01 -1.200000e+01
   endloop
 endfacet
 facet normal  0.000000e+00  0.000000e+00 -1.000000e+00
   outer loop
     vertex -2.617723e-01  1.049674e+01 -1.200000e+01
     vertex -3.836081e+00  9.774174e+00 -1.200000e+01
     vertex -3.344110e+00  9.953237e+00 -1.200000e+01
   endloop
 endfacet
 facet normal  0.000000e+00  0.000000e+00 -1.000000e+00
   outer loop
     vertex -2.617723e-01  1.049674e+01 -1.200000e+01
     vertex -9.460173e+00  4.555779e+00 -1.200000e+01
     vertex -3.836081e+00  9.774174e+00 -1.200000e+01
   endloop
 endfacet
 facet normal  0.000000e+00 -0.000000e+00 -1.000000e+00
   outer loop
     vertex  1.048695e+01  5.233818e-01 -1.200000e+01
     vertex  1.048695e+01 -5.233818e-01 -1.200000e+01
     vertex  1.044782e+01 -1.045462e+00 -1.200000e+01
   endloop
 endfacet
 facet normal  0.000000e+00  0.000000e+00 -1.000000e+00
   outer loop
     vertex  1.048695e+01  5.233818e-01 -1.200000e+01
     vertex  1.050000e+01  0.000000e+00 -1.200000e+01
     vertex  1.048695e+01 -5.233818e-01 -1.200000e+01
   endloop
 endfacet
 facet normal  0.000000e+00  0.000000e+00 -1.000000e+00
   outer loop
     vertex  7.846660e-01  1.047064e+01 -1.200000e+01
     vertex -2.617723e-01  1.049674e+01 -1.200000e+01
     vertex  2.617723e-01  1.049674e+01 -1.200000e+01
   endloop
 endfacet
 facet normal  0.000000e+00  0.000000e+00 -1.000000e+00
   outer loop
     vertex  1.044782e+01  1.045462e+00 -1.200000e+01
     vertex  1.048695e+01  5.233818e-01 -1.200000e+01
     vertex  1.044782e+01 -1.045462e+00 -1.200000e+01
   endloop
 endfacet
 facet normal  0.000000e+00  0.000000e+00 -1.000000e+00
   outer loop
     vertex  1.038272e+01  1.564944e+00 -1.200000e+01
     vertex  1.044782e+01  1.045462e+00 -1.200000e+01
     vertex  1.044782e+01 -1.045462e+00 -1.200000e+01
   endloop
 endfacet
 facet normal  0.000000e+00  0.000000e+00 -1.000000e+00
   outer loop
     vertex  1.823306e+00  1.034048e+01 -1.200000e+01
     vertex -2.617723e-01  1.049674e+01 -1.200000e+01
     vertex  7.846660e-01  1.047064e+01 -1.200000e+01
   endloop
 endfacet
 facet normal  0.000000e+00  0.000000e+00 -1.000000e+00
   outer loop
     vertex  1.823306e+00  1.034048e+01 -1.200000e+01
     vertex  7.846660e-01  1.047064e+01 -1.200000e+01
     vertex  1.305609e+00  1.041851e+01 -1.200000e+01
   endloop
 endfacet
 facet normal  0.000000e+00  0.000000e+00 -1.000000e+00
   outer loop
     vertex  1.017531e+01  2.590953e+00 -1.200000e+01
     vertex  1.029181e+01  2.080535e+00 -1.200000e+01
     vertex  1.038272e+01  1.564944e+00 -1.200000e+01
   endloop
 endfacet
 facet normal  0.000000e+00  0.000000e+00 -1.000000e+00
   outer loop
     vertex  2.843825e+00  1.010755e+01 -1.200000e+01
     vertex  1.823306e+00  1.034048e+01 -1.200000e+01
     vertex  2.336470e+00  1.023674e+01 -1.200000e+01
   endloop
 endfacet
 facet normal  0.000000e+00  0.000000e+00 -1.000000e+00
   outer loop
     vertex  1.003351e+01  3.094929e+00 -1.200000e+01
     vertex  1.038272e+01  1.564944e+00 -1.200000e+01
     vertex  1.044782e+01 -1.045462e+00 -1.200000e+01
   endloop
 endfacet
 facet normal  0.000000e+00  0.000000e+00 -1.000000e+00
   outer loop
     vertex  1.003351e+01  3.094929e+00 -1.200000e+01
     vertex  1.017531e+01  2.590953e+00 -1.200000e+01
     vertex  1.038272e+01  1.564944e+00 -1.200000e+01
   endloop
 endfacet
 facet normal  0.000000e+00  0.000000e+00 -1.000000e+00
   outer loop
     vertex  3.344110e+00  9.953237e+00 -1.200000e+01
     vertex  1.823306e+00  1.034048e+01 -1.200000e+01
     vertex  2.843825e+00  1.010755e+01 -1.200000e+01
   endloop
 endfacet
 facet normal  0.000000e+00  0.000000e+00 -1.000000e+00
   outer loop
     vertex  4.318515e+00  9.570811e+00 -1.200000e+01
     vertex  3.344110e+00  9.953237e+00 -1.200000e+01
     vertex  3.836081e+00  9.774174e+00 -1.200000e+01
   endloop
 endfacet
 facet normal  0.000000e+00  0.000000e+00 -1.000000e+00
   outer loop
     vertex  9.460173e+00  4.555779e+00 -1.200000e+01
     vertex  9.866773e+00  3.591212e+00 -1.200000e+01
     vertex  1.003351e+01  3.094929e+00 -1.200000e+01
   endloop
 endfacet
 facet normal  0.000000e+00  0.000000e+00 -1.000000e+00
   outer loop
     vertex  9.460173e+00  4.555779e+00 -1.200000e+01
     vertex  9.675500e+00  4.078565e+00 -1.200000e+01
     vertex  9.866773e+00  3.591212e+00 -1.200000e+01
   endloop
 endfacet
 facet normal  0.000000e+00  0.000000e+00 -1.000000e+00
   outer loop
     vertex  5.250000e+00  9.093267e+00 -1.200000e+01
     vertex  4.318515e+00  9.570811e+00 -1.200000e+01
     vertex  4.790212e+00  9.343654e+00 -1.200000e+01
   endloop
 endfacet
 facet normal  0.000000e+00  0.000000e+00 -1.000000e+00
   outer loop
     vertex  8.959554e+00  5.475070e+00 -1.200000e+01
     vertex  9.221327e+00  5.021667e+00 -1.200000e+01
     vertex  9.460173e+00  4.555779e+00 -1.200000e+01
   endloop
 endfacet
 facet normal  0.000000e+00  0.000000e+00 -1.000000e+00
   outer loop
     vertex  8.959554e+00  5.475070e+00 -1.200000e+01
     vertex  9.460173e+00  4.555779e+00 -1.200000e+01
     vertex  1.003351e+01  3.094929e+00 -1.200000e+01
   endloop
 endfacet
 facet normal  0.000000e+00  0.000000e+00 -1.000000e+00
   outer loop
     vertex  5.696736e+00  8.820272e+00 -1.200000e+01
     vertex  4.318515e+00  9.570811e+00 -1.200000e+01
     vertex  5.250000e+00  9.093267e+00 -1.200000e+01
   endloop
 endfacet
 facet normal  0.000000e+00  0.000000e+00 -1.000000e+00
   outer loop
     vertex  6.129309e+00  8.525349e+00 -1.200000e+01
     vertex -2.617723e-01  1.049674e+01 -1.200000e+01
     vertex  1.823306e+00  1.034048e+01 -1.200000e+01
   endloop
 endfacet
 facet normal  0.000000e+00  0.000000e+00 -1.000000e+00
   outer loop
     vertex  6.129309e+00  8.525349e+00 -1.200000e+01
     vertex  1.823306e+00  1.034048e+01 -1.200000e+01
     vertex  3.344110e+00  9.953237e+00 -1.200000e+01
   endloop
 endfacet
 facet normal  0.000000e+00  0.000000e+00 -1.000000e+00
   outer loop
     vertex  6.129309e+00  8.525349e+00 -1.200000e+01
     vertex  3.344110e+00  9.953237e+00 -1.200000e+01
     vertex  4.318515e+00  9.570811e+00 -1.200000e+01
   endloop
 endfacet
 facet normal  0.000000e+00  0.000000e+00 -1.000000e+00
   outer loop
     vertex  6.129309e+00  8.525349e+00 -1.200000e+01
     vertex  4.318515e+00  9.570811e+00 -1.200000e+01
     vertex  5.696736e+00  8.820272e+00 -1.200000e+01
   endloop
 endfacet
 facet normal  0.000000e+00  0.000000e+00 -1.000000e+00
   outer loop
     vertex  8.369891e+00  6.339946e+00 -1.200000e+01
     vertex  8.675507e+00  5.914861e+00 -1.200000e+01
     vertex  8.959554e+00  5.475070e+00 -1.200000e+01
   endloop
 endfacet
 facet normal  0.000000e+00  0.000000e+00 -1.000000e+00
   outer loop
     vertex  8.369891e+00  6.339946e+00 -1.200000e+01
     vertex  8.959554e+00  5.475070e+00 -1.200000e+01
     vertex  1.003351e+01  3.094929e+00 -1.200000e+01
   endloop
 endfacet
 facet normal  0.000000e+00  0.000000e+00 -1.000000e+00
   outer loop
     vertex  6.947701e+00  7.872703e+00 -1.200000e+01
     vertex  6.129309e+00  8.525349e+00 -1.200000e+01
     vertex  6.546643e+00  8.209231e+00 -1.200000e+01
   endloop
 endfacet
 facet normal  0.000000e+00  0.000000e+00 -1.000000e+00
   outer loop
     vertex  7.697045e+00  7.141814e+00 -1.200000e+01
     vertex  8.043467e+00  6.749270e+00 -1.200000e+01
     vertex  8.369891e+00  6.339946e+00 -1.200000e+01
   endloop
 endfacet
 facet normal  0.000000e+00  0.000000e+00 -1.000000e+00
   outer loop
     vertex  7.697045e+00  7.141814e+00 -1.200000e+01
     vertex  8.369891e+00  6.339946e+00 -1.200000e+01
     vertex  1.003351e+01  3.094929e+00 -1.200000e+01
   endloop
 endfacet
 facet normal  0.000000e+00 -0.000000e+00 -1.000000e+00
   outer loop
     vertex  7.331487e+00  7.516602e+00 -1.200000e+01
     vertex  1.044782e+01 -1.045462e+00 -1.200000e+01
     vertex -1.305609e+00 -1.041851e+01 -1.200000e+01
   endloop
 endfacet
 facet normal  0.000000e+00  0.000000e+00 -1.000000e+00
   outer loop
     vertex  7.331487e+00  7.516602e+00 -1.200000e+01
     vertex -1.305609e+00 -1.041851e+01 -1.200000e+01
     vertex -1.017531e+01  2.590953e+00 -1.200000e+01
   endloop
 endfacet
 facet normal -0.000000e+00  0.000000e+00 -1.000000e+00
   outer loop
     vertex  7.331487e+00  7.516602e+00 -1.200000e+01
     vertex -1.017531e+01  2.590953e+00 -1.200000e+01
     vertex -2.617723e-01  1.049674e+01 -1.200000e+01
   endloop
 endfacet
 facet normal  0.000000e+00  0.000000e+00 -1.000000e+00
   outer loop
     vertex  7.331487e+00  7.516602e+00 -1.200000e+01
     vertex  1.003351e+01  3.094929e+00 -1.200000e+01
     vertex  1.044782e+01 -1.045462e+00 -1.200000e+01
   endloop
 endfacet
 facet normal  0.000000e+00  0.000000e+00 -1.000000e+00
   outer loop
     vertex  7.331487e+00  7.516602e+00 -1.200000e+01
     vertex -2.617723e-01  1.049674e+01 -1.200000e+01
     vertex  6.129309e+00  8.525349e+00 -1.200000e+01
   endloop
 endfacet
 facet normal  0.000000e+00  0.000000e+00 -1.000000e+00
   outer loop
     vertex  7.331487e+00  7.516602e+00 -1.200000e+01
     vertex  7.697045e+00  7.141814e+00 -1.200000e+01
     vertex  1.003351e+01  3.094929e+00 -1.200000e+01
   endloop
 endfacet
 facet normal  0.000000e+00  0.000000e+00 -1.000000e+00
   outer loop
     vertex  7.331487e+00  7.516602e+00 -1.200000e+01
     vertex  6.129309e+00  8.525349e+00 -1.200000e+01
     vertex  6.947701e+00  7.872703e+00 -1.200000e+01
   endloop
 endfacet
 facet normal  0.000000e+00  0.000000e+00  1.000000e+00
   outer loop
     vertex -8.043467e+00 -6.749270e+00  0.000000e+00
     vertex -7.697045e+00 -7.141814e+00  0.000000e+00
     vertex -7.331487e+00 -7.516602e+00  0.000000e+00
   endloop
 endfacet
 facet normal  0.000000e+00  0.000000e+00  1.000000e+00
   outer loop
     vertex -8.675507e+00 -5.914861e+00  0.000000e+00
     vertex -8.369891e+00 -6.339946e+00  0.000000e+00
     vertex -8.043467e+00 -6.749270e+00  0.000000e+00
   endloop
 endfacet
 facet normal  0.000000e+00  0.000000e+00  1.000000e+00
   outer loop
     vertex -5.696736e+00 -8.820272e+00  0.000000e+00
     vertex -8.043467e+00 -6.749270e+00  0.000000e+00
     vertex -7.331487e+00 -7.516602e+00  0.000000e+00
   endloop
 endfacet
 facet normal  0.000000e+00  0.000000e+00  1.000000e+00
   outer loop
     vertex -5.696736e+00 -8.820272e+00  0.000000e+00
     vertex -7.331487e+00 -7.516602e+00  0.000000e+00
     vertex -6.947701e+00 -7.872703e+00  0.000000e+00
   endloop
 endfacet
 facet normal  0.000000e+00  0.000000e+00  1.000000e+00
   outer loop
     vertex -5.696736e+00 -8.820272e+00  0.000000e+00
     vertex -6.947701e+00 -7.872703e+00  0.000000e+00
     vertex -6.546643e+00 -8.209231e+00  0.000000e+00
   endloop
 endfacet
 facet normal  0.000000e+00  0.000000e+00  1.000000e+00
   outer loop
     vertex -5.696736e+00 -8.820272e+00  0.000000e+00
     vertex -6.546643e+00 -8.209231e+00  0.000000e+00
     vertex -6.129309e+00 -8.525349e+00  0.000000e+00
   endloop
 endfacet
 facet normal  0.000000e+00  0.000000e+00  1.000000e+00
   outer loop
     vertex -9.221327e+00 -5.021667e+00  0.000000e+00
     vertex -8.959554e+00 -5.475070e+00  0.000000e+00
     vertex -8.675507e+00 -5.914861e+00  0.000000e+00
   endloop
 endfacet
 facet normal  0.000000e+00  0.000000e+00  1.000000e+00
   outer loop
     vertex -9.460173e+00 -4.555779e+00  0.000000e+00
     vertex -9.221327e+00 -5.021667e+00  0.000000e+00
     vertex -8.675507e+00 -5.914861e+00  0.000000e+00
   endloop
 endfacet
 facet normal  0.000000e+00  0.000000e+00  1.000000e+00
   outer loop
     vertex -9.675500e+00 -4.078565e+00  0.000000e+00
     vertex -9.460173e+00 -4.555779e+00  0.000000e+00
     vertex -8.675507e+00 -5.914861e+00  0.000000e+00
   endloop
 endfacet
 facet normal  0.000000e+00  0.000000e+00  1.000000e+00
   outer loop
     vertex -3.836081e+00 -9.774174e+00  0.000000e+00
     vertex -4.790212e+00 -9.343654e+00  0.000000e+00
     vertex -4.318515e+00 -9.570811e+00  0.000000e+00
   endloop
 endfacet
 facet normal  0.000000e+00  0.000000e+00  1.000000e+00
   outer loop
     vertex -3.344110e+00 -9.953237e+00  0.000000e+00
     vertex -4.790212e+00 -9.343654e+00  0.000000e+00
     vertex -3.836081e+00 -9.774174e+00  0.000000e+00
   endloop
 endfacet
 facet normal  0.000000e+00  0.000000e+00  1.000000e+00
   outer loop
     vertex -3.344110e+00 -9.953237e+00  0.000000e+00
     vertex -5.696736e+00 -8.820272e+00  0.000000e+00
     vertex -5.250000e+00 -9.093267e+00  0.000000e+00
   endloop
 endfacet
 facet normal  0.000000e+00  0.000000e+00  1.000000e+00
   outer loop
     vertex -3.344110e+00 -9.953237e+00  0.000000e+00
     vertex -5.250000e+00 -9.093267e+00  0.000000e+00
     vertex -4.790212e+00 -9.343654e+00  0.000000e+00
   endloop
 endfacet
 facet normal  0.000000e+00  0.000000e+00  1.000000e+00
   outer loop
     vertex -1.003351e+01 -3.094929e+00  0.000000e+00
     vertex -9.675500e+00 -4.078565e+00  0.000000e+00
     vertex -8.675507e+00 -5.914861e+00  0.000000e+00
   endloop
 endfacet
 facet normal  0.000000e+00  0.000000e+00  1.000000e+00
   outer loop
     vertex -1.003351e+01 -3.094929e+00  0.000000e+00
     vertex -9.866773e+00 -3.591212e+00  0.000000e+00
     vertex -9.675500e+00 -4.078565e+00  0.000000e+00
   endloop
 endfacet
 facet normal  0.000000e+00  0.000000e+00  1.000000e+00
   outer loop
     vertex -2.843825e+00 -1.010755e+01  0.000000e+00
     vertex -8.675507e+00 -5.914861e+00  0.000000e+00
     vertex -8.043467e+00 -6.749270e+00  0.000000e+00
   endloop
 endfacet
 facet normal  0.000000e+00  0.000000e+00  1.000000e+00
   outer loop
     vertex -2.843825e+00 -1.010755e+01  0.000000e+00
     vertex -8.043467e+00 -6.749270e+00  0.000000e+00
     vertex -5.696736e+00 -8.820272e+00  0.000000e+00
   endloop
 endfacet
 facet normal  0.000000e+00  0.000000e+00  1.000000e+00
   outer loop
     vertex -2.843825e+00 -1.010755e+01  0.000000e+00
     vertex -5.696736e+00 -8.820272e+00  0.000000e+00
     vertex -3.344110e+00 -9.953237e+00  0.000000e+00
   endloop
 endfacet
 facet normal  0.000000e+00  0.000000e+00  1.000000e+00
   outer loop
     vertex -1.823306e+00 -1.034048e+01  0.000000e+00
     vertex -2.843825e+00 -1.010755e+01  0.000000e+00
     vertex -2.336470e+00 -1.023674e+01  0.000000e+00
   endloop
 endfacet
 facet normal  0.000000e+00  0.000000e+00  1.000000e+00
   outer loop
     vertex -1.038272e+01 -1.564944e+00  0.000000e+00
     vertex -8.675507e+00 -5.914861e+00  0.000000e+00
     vertex -2.843825e+00 -1.010755e+01  0.000000e+00
   endloop
 endfacet
 facet normal  0.000000e+00  0.000000e+00  1.000000e+00
   outer loop
     vertex -1.038272e+01 -1.564944e+00  0.000000e+00
     vertex -1.029181e+01 -2.080535e+00  0.000000e+00
     vertex -1.017531e+01 -2.590953e+00  0.000000e+00
   endloop
 endfacet
 facet normal  0.000000e+00  0.000000e+00  1.000000e+00
   outer loop
     vertex -1.038272e+01 -1.564944e+00  0.000000e+00
     vertex -1.003351e+01 -3.094929e+00  0.000000e+00
     vertex -8.675507e+00 -5.914861e+00  0.000000e+00
   endloop
 endfacet
 facet normal  0.000000e+00  0.000000e+00  1.000000e+00
   outer loop
     vertex -1.038272e+01 -1.564944e+00  0.000000e+00
     vertex -1.017531e+01 -2.590953e+00  0.000000e+00
     vertex -1.003351e+01 -3.094929e+00  0.000000e+00
   endloop
 endfacet
 facet normal  0.000000e+00  0.000000e+00  1.000000e+00
   outer loop
     vertex -1.038272e+01 -1.564944e+00  0.000000e+00
     vertex -2.843825e+00 -1.010755e+01  0.000000e+00
     vertex -1.823306e+00 -1.034048e+01  0.000000e+00
   endloop
 endfacet
 facet normal  0.000000e+00  0.000000e+00  1.000000e+00
   outer loop
     vertex  2.617723e-01 -1.049674e+01  0.000000e+00
     vertex -7.846660e-01 -1.047064e+01  0.000000e+00
     vertex -2.617723e-01 -1.049674e+01  0.000000e+00
   endloop
 endfacet
 facet normal  0.000000e+00  0.000000e+00  1.000000e+00
   outer loop
     vertex  1.305609e+00 -1.041851e+01  0.000000e+00
     vertex  2.617723e-01 -1.049674e+01  0.000000e+00
     vertex  7.846660e-01 -1.047064e+01  0.000000e+00
   endloop
 endfacet
 facet normal  0.000000e+00  0.000000e+00  1.000000e+00
   outer loop
     vertex -1.038272e+01  1.564944e+00  0.000000e+00
     vertex -1.044782e+01  1.045462e+00  0.000000e+00
     vertex -1.048695e+01  5.233818e-01  0.000000e+00
   endloop
 endfacet
 facet normal  0.000000e+00  0.000000e+00  1.000000e+00
   outer loop
     vertex -1.038272e+01  1.564944e+00  0.000000e+00
     vertex -1.048695e+01  5.233818e-01  0.000000e+00
     vertex -1.050000e+01 -3.601761e-14  0.000000e+00
   endloop
 endfacet
 facet normal  0.000000e+00  0.000000e+00  1.000000e+00
   outer loop
     vertex -1.038272e+01  1.564944e+00  0.000000e+00
     vertex -1.050000e+01 -3.601761e-14  0.000000e+00
     vertex -1.048695e+01 -5.233818e-01  0.000000e+00
   endloop
 endfacet
 facet normal  0.000000e+00  0.000000e+00  1.000000e+00
   outer loop
     vertex -1.038272e+01  1.564944e+00  0.000000e+00
     vertex -1.048695e+01 -5.233818e-01  0.000000e+00
     vertex -1.044782e+01 -1.045462e+00  0.000000e+00
   endloop
 endfacet
 facet normal  0.000000e+00  0.000000e+00  1.000000e+00
   outer loop
     vertex -1.038272e+01  1.564944e+00  0.000000e+00
     vertex -1.044782e+01 -1.045462e+00  0.000000e+00
     vertex -1.038272e+01 -1.564944e+00  0.000000e+00
   endloop
 endfacet
 facet normal  0.000000e+00  0.000000e+00  1.000000e+00
   outer loop
     vertex -1.017531e+01  2.590953e+00  0.000000e+00
     vertex -1.029181e+01  2.080535e+00  0.000000e+00
     vertex -1.038272e+01  1.564944e+00  0.000000e+00
   endloop
 endfacet
 facet normal  0.000000e+00  0.000000e+00  1.000000e+00
   outer loop
     vertex -1.017531e+01  2.590953e+00  0.000000e+00
     vertex -1.038272e+01 -1.564944e+00  0.000000e+00
     vertex -1.823306e+00 -1.034048e+01  0.000000e+00
   endloop
 endfacet
 facet normal  0.000000e+00  0.000000e+00  1.000000e+00
   outer loop
     vertex -1.017531e+01  2.590953e+00  0.000000e+00
     vertex -1.823306e+00 -1.034048e+01  0.000000e+00
     vertex -1.305609e+00 -1.041851e+01  0.000000e+00
   endloop
 endfacet
 facet normal  0.000000e+00  0.000000e+00  1.000000e+00
   outer loop
     vertex -1.017531e+01  2.590953e+00  0.000000e+00
     vertex -1.038272e+01  1.564944e+00  0.000000e+00
     vertex -1.038272e+01 -1.564944e+00  0.000000e+00
   endloop
 endfacet
 facet normal  0.000000e+00  0.000000e+00  1.000000e+00
   outer loop
     vertex  2.843825e+00 -1.010755e+01  0.000000e+00
     vertex  2.617723e-01 -1.049674e+01  0.000000e+00
     vertex  1.305609e+00 -1.041851e+01  0.000000e+00
   endloop
 endfacet
 facet normal  0.000000e+00  0.000000e+00  1.000000e+00
   outer loop
     vertex  2.843825e+00 -1.010755e+01  0.000000e+00
     vertex -1.305609e+00 -1.041851e+01  0.000000e+00
     vertex -7.846660e-01 -1.047064e+01  0.000000e+00
   endloop
 endfacet
 facet normal  0.000000e+00  0.000000e+00  1.000000e+00
   outer loop
     vertex  2.843825e+00 -1.010755e+01  0.000000e+00
     vertex -7.846660e-01 -1.047064e+01  0.000000e+00
     vertex  2.617723e-01 -1.049674e+01  0.000000e+00
   endloop
 endfacet
 facet normal  0.000000e+00  0.000000e+00  1.000000e+00
   outer loop
     vertex  2.843825e+00 -1.010755e+01  0.000000e+00
     vertex  1.305609e+00 -1.041851e+01  0.000000e+00
     vertex  1.823306e+00 -1.034048e+01  0.000000e+00
   endloop
 endfacet
 facet normal  0.000000e+00  0.000000e+00  1.000000e+00
   outer loop
     vertex  2.843825e+00 -1.010755e+01  0.000000e+00
     vertex  1.823306e+00 -1.034048e+01  0.000000e+00
     vertex  2.336470e+00 -1.023674e+01  0.000000e+00
   endloop
 endfacet
 facet normal  0.000000e+00  0.000000e+00  1.000000e+00
   outer loop
     vertex -9.866773e+00  3.591212e+00  0.000000e+00
     vertex -1.003351e+01  3.094929e+00  0.000000e+00
     vertex -1.017531e+01  2.590953e+00  0.000000e+00
   endloop
 endfacet
 facet normal  0.000000e+00  0.000000e+00  1.000000e+00
   outer loop
     vertex -9.675500e+00  4.078565e+00  0.000000e+00
     vertex -9.866773e+00  3.591212e+00  0.000000e+00
     vertex -1.017531e+01  2.590953e+00  0.000000e+00
   endloop
 endfacet
 facet normal  0.000000e+00  0.000000e+00  1.000000e+00
   outer loop
     vertex  4.318515e+00 -9.570811e+00  0.000000e+00
     vertex  2.843825e+00 -1.010755e+01  0.000000e+00
     vertex  3.344110e+00 -9.953237e+00  0.000000e+00
   endloop
 endfacet
 facet normal  0.000000e+00  0.000000e+00  1.000000e+00
   outer loop
     vertex  4.318515e+00 -9.570811e+00  0.000000e+00
     vertex  3.344110e+00 -9.953237e+00  0.000000e+00
     vertex  3.836081e+00 -9.774174e+00  0.000000e+00
   endloop
 endfacet
 facet normal  0.000000e+00  0.000000e+00  1.000000e+00
   outer loop
     vertex  4.318515e+00 -9.570811e+00  0.000000e+00
     vertex -1.305609e+00 -1.041851e+01  0.000000e+00
     vertex  2.843825e+00 -1.010755e+01  0.000000e+00
   endloop
 endfacet
 facet normal  0.000000e+00  0.000000e+00  1.000000e+00
   outer loop
     vertex -9.460173e+00  4.555779e+00  0.000000e+00
     vertex -9.675500e+00  4.078565e+00  0.000000e+00
     vertex -1.017531e+01  2.590953e+00  0.000000e+00
   endloop
 endfacet
 facet normal  0.000000e+00  0.000000e+00  1.000000e+00
   outer loop
     vertex  4.790212e+00 -9.343654e+00  0.000000e+00
     vertex -1.305609e+00 -1.041851e+01  0.000000e+00
     vertex  4.318515e+00 -9.570811e+00  0.000000e+00
   endloop
 endfacet
 facet normal  0.000000e+00  0.000000e+00  1.000000e+00
   outer loop
     vertex  5.250000e+00 -9.093267e+00  0.000000e+00
     vertex -1.305609e+00 -1.041851e+01  0.000000e+00
     vertex  4.790212e+00 -9.343654e+00  0.000000e+00
   endloop
 endfacet
 facet normal  0.000000e+00  0.000000e+00  1.000000e+00
   outer loop
     vertex -8.959554e+00  5.475070e+00  0.000000e+00
     vertex -9.221327e+00  5.021667e+00  0.000000e+00
     vertex -9.460173e+00  4.555779e+00  0.000000e+00
   endloop
 endfacet
 facet normal  0.000000e+00  0.000000e+00  1.000000e+00
   outer loop
     vertex  5.696736e+00 -8.820272e+00  0.000000e+00
     vertex -1.305609e+00 -1.041851e+01  0.000000e+00
     vertex  5.250000e+00 -9.093267e+00  0.000000e+00
   endloop
 endfacet
 facet normal  0.000000e+00  0.000000e+00  1.000000e+00
   outer loop
     vertex -8.675507e+00  5.914861e+00  0.000000e+00
     vertex -8.959554e+00  5.475070e+00  0.000000e+00
     vertex -9.460173e+00  4.555779e+00  0.000000e+00
   endloop
 endfacet
 facet normal  0.000000e+00  0.000000e+00  1.000000e+00
   outer loop
     vertex -8.369891e+00  6.339946e+00  0.000000e+00
     vertex -8.675507e+00  5.914861e+00  0.000000e+00
     vertex -9.460173e+00  4.555779e+00  0.000000e+00
   endloop
 endfacet
 facet normal  0.000000e+00  0.000000e+00  1.000000e+00
   outer loop
     vertex  6.546643e+00 -8.209231e+00  0.000000e+00
     vertex  5.696736e+00 -8.820272e+00  0.000000e+00
     vertex  6.129309e+00 -8.525349e+00  0.000000e+00
   endloop
 endfacet
 facet normal  0.000000e+00  0.000000e+00  1.000000e+00
   outer loop
     vertex -7.697045e+00  7.141814e+00  0.000000e+00
     vertex -8.043467e+00  6.749270e+00  0.000000e+00
     vertex -8.369891e+00  6.339946e+00  0.000000e+00
   endloop
 endfacet
 facet normal  0.000000e+00  0.000000e+00  1.000000e+00
   outer loop
     vertex  7.697045e+00 -7.141814e+00  0.000000e+00
     vertex  6.546643e+00 -8.209231e+00  0.000000e+00
     vertex  6.947701e+00 -7.872703e+00  0.000000e+00
   endloop
 endfacet
 facet normal  0.000000e+00  0.000000e+00  1.000000e+00
   outer loop
     vertex  7.697045e+00 -7.141814e+00  0.000000e+00
     vertex  6.947701e+00 -7.872703e+00  0.000000e+00
     vertex  7.331487e+00 -7.516602e+00  0.000000e+00
   endloop
 endfacet
 facet normal  0.000000e+00  0.000000e+00  1.000000e+00
   outer loop
     vertex  7.697045e+00 -7.141814e+00  0.000000e+00
     vertex  5.696736e+00 -8.820272e+00  0.000000e+00
     vertex  6.546643e+00 -8.209231e+00  0.000000e+00
   endloop
 endfacet
 facet normal  0.000000e+00  0.000000e+00  1.000000e+00
   outer loop
     vertex -6.947701e+00  7.872703e+00  0.000000e+00
     vertex -8.369891e+00  6.339946e+00  0.000000e+00
     vertex -9.460173e+00  4.555779e+00  0.000000e+00
   endloop
 endfacet
 facet normal  0.000000e+00  0.000000e+00  1.000000e+00
   outer loop
     vertex -6.947701e+00  7.872703e+00  0.000000e+00
     vertex -7.697045e+00  7.141814e+00  0.000000e+00
     vertex -8.369891e+00  6.339946e+00  0.000000e+00
   endloop
 endfacet
 facet normal  0.000000e+00  0.000000e+00  1.000000e+00
   outer loop
     vertex -6.947701e+00  7.872703e+00  0.000000e+00
     vertex -7.331487e+00  7.516602e+00  0.000000e+00
     vertex -7.697045e+00  7.141814e+00  0.000000e+00
   endloop
 endfacet
 facet normal  0.000000e+00  0.000000e+00  1.000000e+00
   outer loop
     vertex  8.369891e+00 -6.339946e+00  0.000000e+00
     vertex  7.697045e+00 -7.141814e+00  0.000000e+00
     vertex  8.043467e+00 -6.749270e+00  0.000000e+00
   endloop
 endfacet
 facet normal  0.000000e+00  0.000000e+00  1.000000e+00
   outer loop
     vertex  8.369891e+00 -6.339946e+00  0.000000e+00
     vertex -1.305609e+00 -1.041851e+01  0.000000e+00
     vertex  5.696736e+00 -8.820272e+00  0.000000e+00
   endloop
 endfacet
 facet normal  0.000000e+00  0.000000e+00  1.000000e+00
   outer loop
     vertex  8.369891e+00 -6.339946e+00  0.000000e+00
     vertex  5.696736e+00 -8.820272e+00  0.000000e+00
     vertex  7.697045e+00 -7.141814e+00  0.000000e+00
   endloop
 endfacet
 facet normal  0.000000e+00  0.000000e+00  1.000000e+00
   outer loop
     vertex -5.696736e+00  8.820272e+00  0.000000e+00
     vertex -6.129309e+00  8.525349e+00  0.000000e+00
     vertex -6.546643e+00  8.209231e+00  0.000000e+00
   endloop
 endfacet
 facet normal  0.000000e+00  0.000000e+00  1.000000e+00
   outer loop
     vertex  9.221327e+00 -5.021667e+00  0.000000e+00
     vertex  8.369891e+00 -6.339946e+00  0.000000e+00
     vertex  8.675507e+00 -5.914861e+00  0.000000e+00
   endloop
 endfacet
 facet normal  0.000000e+00  0.000000e+00  1.000000e+00
   outer loop
     vertex  9.221327e+00 -5.021667e+00  0.000000e+00
     vertex  8.675507e+00 -5.914861e+00  0.000000e+00
     vertex  8.959554e+00 -5.475070e+00  0.000000e+00
   endloop
 endfacet
 facet normal  0.000000e+00  0.000000e+00  1.000000e+00
   outer loop
     vertex  9.221327e+00 -5.021667e+00  0.000000e+00
     vertex -1.305609e+00 -1.041851e+01  0.000000e+00
     vertex  8.369891e+00 -6.339946e+00  0.000000e+00
   endloop
 endfacet
 facet normal  0.000000e+00  0.000000e+00  1.000000e+00
   outer loop
     vertex -4.790212e+00  9.343654e+00  0.000000e+00
     vertex -5.250000e+00  9.093267e+00  0.000000e+00
     vertex -5.696736e+00  8.820272e+00  0.000000e+00
   endloop
 endfacet
 facet normal  0.000000e+00  0.000000e+00  1.000000e+00
   outer loop
     vertex -4.318515e+00  9.570811e+00  0.000000e+00
     vertex -4.790212e+00  9.343654e+00  0.000000e+00
     vertex -5.696736e+00  8.820272e+00  0.000000e+00
   endloop
 endfacet
 facet normal  0.000000e+00  0.000000e+00  1.000000e+00
   outer loop
     vertex -3.836081e+00  9.774174e+00  0.000000e+00
     vertex -6.546643e+00  8.209231e+00  0.000000e+00
     vertex -6.947701e+00  7.872703e+00  0.000000e+00
   endloop
 endfacet
 facet normal  0.000000e+00  0.000000e+00  1.000000e+00
   outer loop
     vertex -3.836081e+00  9.774174e+00  0.000000e+00
     vertex -6.947701e+00  7.872703e+00  0.000000e+00
     vertex -9.460173e+00  4.555779e+00  0.000000e+00
   endloop
 endfacet
 facet normal  0.000000e+00  0.000000e+00  1.000000e+00
   outer loop
     vertex -3.836081e+00  9.774174e+00  0.000000e+00
     vertex -5.696736e+00  8.820272e+00  0.000000e+00
     vertex -6.546643e+00  8.209231e+00  0.000000e+00
   endloop
 endfacet
 facet normal  0.000000e+00  0.000000e+00  1.000000e+00
   outer loop
     vertex -3.836081e+00  9.774174e+00  0.000000e+00
     vertex -4.318515e+00  9.570811e+00  0.000000e+00
     vertex -5.696736e+00  8.820272e+00  0.000000e+00
   endloop
 endfacet
 facet normal  0.000000e+00  0.000000e+00  1.000000e+00
   outer loop
     vertex  1.003351e+01 -3.094929e+00  0.000000e+00
     vertex  9.221327e+00 -5.021667e+00  0.000000e+00
     vertex  9.460173e+00 -4.555779e+00  0.000000e+00
   endloop
 endfacet
 facet normal  0.000000e+00  0.000000e+00  1.000000e+00
   outer loop
     vertex  1.003351e+01 -3.094929e+00  0.000000e+00
     vertex  9.460173e+00 -4.555779e+00  0.000000e+00
     vertex  9.675500e+00 -4.078565e+00  0.000000e+00
   endloop
 endfacet
 facet normal  0.000000e+00  0.000000e+00  1.000000e+00
   outer loop
     vertex  1.003351e+01 -3.094929e+00  0.000000e+00
     vertex  9.675500e+00 -4.078565e+00  0.000000e+00
     vertex  9.866773e+00 -3.591212e+00  0.000000e+00
   endloop
 endfacet
 facet normal  0.000000e+00  0.000000e+00  1.000000e+00
   outer loop
     vertex  1.017531e+01 -2.590953e+00  0.000000e+00
     vertex  9.221327e+00 -5.021667e+00  0.000000e+00
     vertex  1.003351e+01 -3.094929e+00  0.000000e+00
   endloop
 endfacet
 facet normal  0.000000e+00  0.000000e+00  1.000000e+00
   outer loop
     vertex -2.336470e+00  1.023674e+01  0.000000e+00
     vertex -2.843825e+00  1.010755e+01  0.000000e+00
     vertex -3.344110e+00  9.953237e+00  0.000000e+00
   endloop
 endfacet
 facet normal  0.000000e+00  0.000000e+00  1.000000e+00
   outer loop
     vertex  1.029181e+01 -2.080535e+00  0.000000e+00
     vertex  9.221327e+00 -5.021667e+00  0.000000e+00
     vertex  1.017531e+01 -2.590953e+00  0.000000e+00
   endloop
 endfacet
 facet normal  0.000000e+00  0.000000e+00  1.000000e+00
   outer loop
     vertex  1.038272e+01 -1.564944e+00  0.000000e+00
     vertex  9.221327e+00 -5.021667e+00  0.000000e+00
     vertex  1.029181e+01 -2.080535e+00  0.000000e+00
   endloop
 endfacet
 facet normal  0.000000e+00  0.000000e+00  1.000000e+00
   outer loop
     vertex -1.305609e+00  1.041851e+01  0.000000e+00
     vertex -1.823306e+00  1.034048e+01  0.000000e+00
     vertex -2.336470e+00  1.023674e+01  0.000000e+00
   endloop
 endfacet
 facet normal  0.000000e+00  0.000000e+00  1.000000e+00
   outer loop
     vertex -1.305609e+00  1.041851e+01  0.000000e+00
     vertex -2.336470e+00  1.023674e+01  0.000000e+00
     vertex -3.344110e+00  9.953237e+00  0.000000e+00
   endloop
 endfacet
 facet normal  0.000000e+00  0.000000e+00  1.000000e+00
   outer loop
     vertex  1.044782e+01 -1.045462e+00  0.000000e+00
     vertex  9.221327e+00 -5.021667e+00  0.000000e+00
     vertex  1.038272e+01 -1.564944e+00  0.000000e+00
   endloop
 endfacet
 facet normal  0.000000e+00  0.000000e+00  1.000000e+00
   outer loop
     vertex  1.044782e+01 -1.045462e+00  0.000000e+00
     vertex -1.305609e+00 -1.041851e+01  0.000000e+00
     vertex  9.221327e+00 -5.021667e+00  0.000000e+00
   endloop
 endfacet
 facet normal  0.000000e+00  0.000000e+00  1.000000e+00
   outer loop
     vertex -2.617723e-01  1.049674e+01  0.000000e+00
     vertex -9.460173e+00  4.555779e+00  0.000000e+00
     vertex -1.017531e+01  2.590953e+00  0.000000e+00
   endloop
 endfacet
 facet normal  0.000000e+00  0.000000e+00  1.000000e+00
   outer loop
     vertex -2.617723e-01  1.049674e+01  0.000000e+00
     vertex -1.305609e+00  1.041851e+01  0.000000e+00
     vertex -3.344110e+00  9.953237e+00  0.000000e+00
   endloop
 endfacet
 facet normal  0.000000e+00  0.000000e+00  1.000000e+00
   outer loop
     vertex -2.617723e-01  1.049674e+01  0.000000e+00
     vertex -7.846660e-01  1.047064e+01  0.000000e+00
     vertex -1.305609e+00  1.041851e+01  0.000000e+00
   endloop
 endfacet
 facet normal  0.000000e+00  0.000000e+00  1.000000e+00
   outer loop
     vertex -2.617723e-01  1.049674e+01  0.000000e+00
     vertex -3.344110e+00  9.953237e+00  0.000000e+00
     vertex -3.836081e+00  9.774174e+00  0.000000e+00
   endloop
 endfacet
 facet normal  0.000000e+00  0.000000e+00  1.000000e+00
   outer loop
     vertex -2.617723e-01  1.049674e+01  0.000000e+00
     vertex -3.836081e+00  9.774174e+00  0.000000e+00
     vertex -9.460173e+00  4.555779e+00  0.000000e+00
   endloop
 endfacet
 facet normal  0.000000e+00  0.000000e+00  1.000000e+00
   outer loop
     vertex  1.048695e+01  5.233818e-01  0.000000e+00
     vertex  1.044782e+01 -1.045462e+00  0.000000e+00
     vertex  1.048695e+01 -5.233818e-01  0.000000e+00
   endloop
 endfacet
 facet normal  0.000000e+00  0.000000e+00  1.000000e+00
   outer loop
     vertex  1.048695e+01  5.233818e-01  0.000000e+00
     vertex  1.048695e+01 -5.233818e-01  0.000000e+00
     vertex  1.050000e+01  0.000000e+00  0.000000e+00
   endloop
 endfacet
 facet normal  0.000000e+00  0.000000e+00  1.000000e+00
   outer loop
     vertex  7.846660e-01  1.047064e+01  0.000000e+00
     vertex  2.617723e-01  1.049674e+01  0.000000e+00
     vertex -2.617723e-01  1.049674e+01  0.000000e+00
   endloop
 endfacet
 facet normal  0.000000e+00  0.000000e+00  1.000000e+00
   outer loop
     vertex  1.044782e+01  1.045462e+00  0.000000e+00
     vertex  1.044782e+01 -1.045462e+00  0.000000e+00
     vertex  1.048695e+01  5.233818e-01  0.000000e+00
   endloop
 endfacet
 facet normal  0.000000e+00  0.000000e+00  1.000000e+00
   outer loop
     vertex  1.038272e+01  1.564944e+00  0.000000e+00
     vertex  1.044782e+01 -1.045462e+00  0.000000e+00
     vertex  1.044782e+01  1.045462e+00  0.000000e+00
   endloop
 endfacet
 facet normal  0.000000e+00  0.000000e+00  1.000000e+00
   outer loop
     vertex  1.823306e+00  1.034048e+01  0.000000e+00
     vertex  7.846660e-01  1.047064e+01  0.000000e+00
     vertex -2.617723e-01  1.049674e+01  0.000000e+00
   endloop
 endfacet
 facet normal  0.000000e+00  0.000000e+00  1.000000e+00
   outer loop
     vertex  1.823306e+00  1.034048e+01  0.000000e+00
     vertex  1.305609e+00  1.041851e+01  0.000000e+00
     vertex  7.846660e-01  1.047064e+01  0.000000e+00
   endloop
 endfacet
 facet normal  0.000000e+00  0.000000e+00  1.000000e+00
   outer loop
     vertex  1.017531e+01  2.590953e+00  0.000000e+00
     vertex  1.038272e+01  1.564944e+00  0.000000e+00
     vertex  1.029181e+01  2.080535e+00  0.000000e+00
   endloop
 endfacet
 facet normal  0.000000e+00  0.000000e+00  1.000000e+00
   outer loop
     vertex  2.843825e+00  1.010755e+01  0.000000e+00
     vertex  2.336470e+00  1.023674e+01  0.000000e+00
     vertex  1.823306e+00  1.034048e+01  0.000000e+00
   endloop
 endfacet
 facet normal  0.000000e+00  0.000000e+00  1.000000e+00
   outer loop
     vertex  1.003351e+01  3.094929e+00  0.000000e+00
     vertex  1.044782e+01 -1.045462e+00  0.000000e+00
     vertex  1.038272e+01  1.564944e+00  0.000000e+00
   endloop
 endfacet
 facet normal  0.000000e+00  0.000000e+00  1.000000e+00
   outer loop
     vertex  1.003351e+01  3.094929e+00  0.000000e+00
     vertex  1.038272e+01  1.564944e+00  0.000000e+00
     vertex  1.017531e+01  2.590953e+00  0.000000e+00
   endloop
 endfacet
 facet normal  0.000000e+00  0.000000e+00  1.000000e+00
   outer loop
     vertex  3.344110e+00  9.953237e+00  0.000000e+00
     vertex  2.843825e+00  1.010755e+01  0.000000e+00
     vertex  1.823306e+00  1.034048e+01  0.000000e+00
   endloop
 endfacet
 facet normal  0.000000e+00  0.000000e+00  1.000000e+00
   outer loop
     vertex  4.318515e+00  9.570811e+00  0.000000e+00
     vertex  3.836081e+00  9.774174e+00  0.000000e+00
     vertex  3.344110e+00  9.953237e+00  0.000000e+00
   endloop
 endfacet
 facet normal  0.000000e+00  0.000000e+00  1.000000e+00
   outer loop
     vertex  9.460173e+00  4.555779e+00  0.000000e+00
     vertex  1.003351e+01  3.094929e+00  0.000000e+00
     vertex  9.866773e+00  3.591212e+00  0.000000e+00
   endloop
 endfacet
 facet normal  0.000000e+00  0.000000e+00  1.000000e+00
   outer loop
     vertex  9.460173e+00  4.555779e+00  0.000000e+00
     vertex  9.866773e+00  3.591212e+00  0.000000e+00
     vertex  9.675500e+00  4.078565e+00  0.000000e+00
   endloop
 endfacet
 facet normal  0.000000e+00  0.000000e+00  1.000000e+00
   outer loop
     vertex  5.250000e+00  9.093267e+00  0.000000e+00
     vertex  4.790212e+00  9.343654e+00  0.000000e+00
     vertex  4.318515e+00  9.570811e+00  0.000000e+00
   endloop
 endfacet
 facet normal  0.000000e+00  0.000000e+00  1.000000e+00
   outer loop
     vertex  8.959554e+00  5.475070e+00  0.000000e+00
     vertex  9.460173e+00  4.555779e+00  0.000000e+00
     vertex  9.221327e+00  5.021667e+00  0.000000e+00
   endloop
 endfacet
 facet normal  0.000000e+00  0.000000e+00  1.000000e+00
   outer loop
     vertex  8.959554e+00  5.475070e+00  0.000000e+00
     vertex  1.003351e+01  3.094929e+00  0.000000e+00
     vertex  9.460173e+00  4.555779e+00  0.000000e+00
   endloop
 endfacet
 facet normal  0.000000e+00  0.000000e+00  1.000000e+00
   outer loop
     vertex  5.696736e+00  8.820272e+00  0.000000e+00
     vertex  5.250000e+00  9.093267e+00  0.000000e+00
     vertex  4.318515e+00  9.570811e+00  0.000000e+00
   endloop
 endfacet
 facet normal  0.000000e+00  0.000000e+00  1.000000e+00
   outer loop
     vertex  6.129309e+00  8.525349e+00  0.000000e+00
     vertex  1.823306e+00  1.034048e+01  0.000000e+00
     vertex -2.617723e-01  1.049674e+01  0.000000e+00
   endloop
 endfacet
 facet normal  0.000000e+00  0.000000e+00  1.000000e+00
   outer loop
     vertex  6.129309e+00  8.525349e+00  0.000000e+00
     vertex  3.344110e+00  9.953237e+00  0.000000e+00
     vertex  1.823306e+00  1.034048e+01  0.000000e+00
   endloop
 endfacet
 facet normal  0.000000e+00  0.000000e+00  1.000000e+00
   outer loop
     vertex  6.129309e+00  8.525349e+00  0.000000e+00
     vertex  4.318515e+00  9.570811e+00  0.000000e+00
     vertex  3.344110e+00  9.953237e+00  0.000000e+00
   endloop
 endfacet
 facet normal  0.000000e+00  0.000000e+00  1.000000e+00
   outer loop
     vertex  6.129309e+00  8.525349e+00  0.000000e+00
     vertex  5.696736e+00  8.820272e+00  0.000000e+00
     vertex  4.318515e+00  9.570811e+00  0.000000e+00
   endloop
 endfacet
 facet normal  0.000000e+00  0.000000e+00  1.000000e+00
   outer loop
     vertex  8.369891e+00  6.339946e+00  0.000000e+00
     vertex  8.959554e+00  5.475070e+00  0.000000e+00
     vertex  8.675507e+00  5.914861e+00  0.000000e+00
   endloop
 endfacet
 facet normal  0.000000e+00  0.000000e+00  1.000000e+00
   outer loop
     vertex  8.369891e+00  6.339946e+00  0.000000e+00
     vertex  1.003351e+01  3.094929e+00  0.000000e+00
     vertex  8.959554e+00  5.475070e+00  0.000000e+00
   endloop
 endfacet
 facet normal  0.000000e+00  0.000000e+00  1.000000e+00
   outer loop
     vertex  6.947701e+00  7.872703e+00  0.000000e+00
     vertex  6.546643e+00  8.209231e+00  0.000000e+00
     vertex  6.129309e+00  8.525349e+00  0.000000e+00
   endloop
 endfacet
 facet normal  0.000000e+00  0.000000e+00  1.000000e+00
   outer loop
     vertex  7.697045e+00  7.141814e+00  0.000000e+00
     vertex  8.369891e+00  6.339946e+00  0.000000e+00
     vertex  8.043467e+00  6.749270e+00  0.000000e+00
   endloop
 endfacet
 facet normal  0.000000e+00  0.000000e+00  1.000000e+00
   outer loop
     vertex  7.697045e+00  7.141814e+00  0.000000e+00
     vertex  1.003351e+01  3.094929e+00  0.000000e+00
     vertex  8.369891e+00  6.339946e+00  0.000000e+00
   endloop
 endfacet
 facet normal  0.000000e+00  0.000000e+00  1.000000e+00
   outer loop
     vertex  7.331487e+00  7.516602e+00  0.000000e+00
     vertex -1.305609e+00 -1.041851e+01  0.000000e+00
     vertex  1.044782e+01 -1.045462e+00  0.000000e+00
   endloop
 endfacet
 facet normal  0.000000e+00  0.000000e+00  1.000000e+00
   outer loop
     vertex  7.331487e+00  7.516602e+00  0.000000e+00
     vertex -1.017531e+01  2.590953e+00  0.000000e+00
     vertex -1.305609e+00 -1.041851e+01  0.000000e+00
   endloop
 endfacet
 facet normal  0.000000e+00  0.000000e+00  1.000000e+00
   outer loop
     vertex  7.331487e+00  7.516602e+00  0.000000e+00
     vertex -2.617723e-01  1.049674e+01  0.000000e+00
     vertex -1.017531e+01  2.590953e+00  0.000000e+00
   endloop
 endfacet
 facet normal  0.000000e+00  0.000000e+00  1.000000e+00
   outer loop
     vertex  7.331487e+00  7.516602e+00  0.000000e+00
     vertex  1.044782e+01 -1.045462e+00  0.000000e+00
     vertex  1.003351e+01  3.094929e+00  0.000000e+00
   endloop
 endfacet
 facet normal  0.000000e+00  0.000000e+00  1.000000e+00
   outer loop
     vertex  7.331487e+00  7.516602e+00  0.000000e+00
     vertex  6.129309e+00  8.525349e+00  0.000000e+00
     vertex -2.617723e-01  1.049674e+01  0.000000e+00
   endloop
 endfacet
 facet normal  0.000000e+00  0.000000e+00  1.000000e+00
   outer loop
     vertex  7.331487e+00  7.516602e+00  0.000000e+00
     vertex  1.003351e+01  3.094929e+00  0.000000e+00
     vertex  7.697045e+00  7.141814e+00  0.000000e+00
   endloop
 endfacet
 facet normal  0.000000e+00  0.000000e+00  1.000000e+00
   outer loop
     vertex  7.331487e+00  7.516602e+00  0.000000e+00
     vertex  6.947701e+00  7.872703e+00  0.000000e+00
     vertex  6.129309e+00  8.525349e+00  0.000000e+00
   endloop
 endfacet
 facet normal  0.000000e+00  2.493069e-02 -9.996892e-01
   outer loop
     vertex  1.500000e+01  7.476883e-01  3.018646e+00
     vertex  1.660000e+01  0.000000e+00  3.000000e+00
     vertex  1.500000e+01  0.000000e+00  3.000000e+00
   endloop
 endfacet
 facet normal  0.000000e+00  2.493069e-02 -9.996892e-01
   outer loop
     vertex  1.500000e+01  7.476883e-01  3.018646e+00
     vertex  1.660000e+01  7.476883e-01  3.018646e+00
     vertex  1.660000e+01  0.000000e+00  3.000000e+00
   endloop
 endfacet
 facet normal  0.000000e+00  7.473009e-02 -9.972038e-01
   outer loop
     vertex  1.500000e+01  1.493518e+00  3.074538e+00
     vertex  1.660000e+01  1.493518e+00  3.074538e+00
     vertex  1.660000e+01  7.476883e-01  3.018646e+00
   endloop
 endfacet
 facet normal  0.000000e+00  7.473009e-02 -9.972038e-01
   outer loop
     vertex  1.500000e+01  1.493518e+00  3.074538e+00
     vertex  1.660000e+01  7.476883e-01  3.018646e+00
     vertex  1.500000e+01  7.476883e-01  3.018646e+00
   endloop
 endfacet
 facet normal  0.000000e+00  1.243437e-01 -9.922392e-01
   outer loop
     vertex  1.500000e+01  2.235634e+00  3.167538e+00
     vertex  1.660000e+01  2.235634e+00  3.167538e+00
     vertex  1.660000e+01  1.493518e+00  3.074538e+00
   endloop
 endfacet
 facet normal  0.000000e+00  1.243437e-01 -9.922392e-01
   outer loop
     vertex  1.500000e+01  2.235634e+00  3.167538e+00
     vertex  1.660000e+01  1.493518e+00  3.074538e+00
     vertex  1.500000e+01  1.493518e+00  3.074538e+00
   endloop
 endfacet
 facet normal  0.000000e+00  1.736482e-01 -9.848078e-01
   outer loop
     vertex  1.500000e+01  2.972192e+00  3.297413e+00
     vertex  1.660000e+01  2.972192e+00  3.297413e+00
     vertex  1.660000e+01  2.235634e+00  3.167538e+00
   endloop
 endfacet
 facet normal  0.000000e+00  1.736482e-01 -9.848078e-01
   outer loop
     vertex  1.500000e+01  2.972192e+00  3.297413e+00
     vertex  1.660000e+01  2.235634e+00  3.167538e+00
     vertex  1.500000e+01  2.235634e+00  3.167538e+00
   endloop
 endfacet
 facet normal  0.000000e+00  2.225209e-01 -9.749279e-01
   outer loop
     vertex  1.500000e+01  3.701361e+00  3.463841e+00
     vertex  1.660000e+01  3.701361e+00  3.463841e+00
     vertex  1.660000e+01  2.972192e+00  3.297413e+00
   endloop
 endfacet
 facet normal  0.000000e+00  2.225209e-01 -9.749279e-01
   outer loop
     vertex  1.500000e+01  3.701361e+00  3.463841e+00
     vertex  1.660000e+01  2.972192e+00  3.297413e+00
     vertex  1.500000e+01  2.972192e+00  3.297413e+00
   endloop
 endfacet
 facet normal  0.000000e+00  2.708405e-01 -9.626242e-01
   outer loop
     vertex  1.500000e+01  4.421328e+00  3.666408e+00
     vertex  1.660000e+01  4.421328e+00  3.666408e+00
     vertex  1.660000e+01  3.701361e+00  3.463841e+00
   endloop
 endfacet
 facet normal  0.000000e+00  2.708405e-01 -9.626242e-01
   outer loop
     vertex  1.500000e+01  4.421328e+00  3.666408e+00
     vertex  1.660000e+01  3.701361e+00  3.463841e+00
     vertex  1.500000e+01  3.701361e+00  3.463841e+00
   endloop
 endfacet
 facet normal  0.000000e+00  3.184867e-01 -9.479273e-01
   outer loop
     vertex  1.500000e+01  5.130302e+00  3.904611e+00
     vertex  1.660000e+01  5.130302e+00  3.904611e+00
     vertex  1.660000e+01  4.421328e+00  3.666408e+00
   endloop
 endfacet
 facet normal  0.000000e+00  3.184867e-01 -9.479273e-01
   outer loop
     vertex  1.500000e+01  5.130302e+00  3.904611e+00
     vertex  1.660000e+01  4.421328e+00  3.666408e+00
     vertex  1.500000e+01  4.421328e+00  3.666408e+00
   endloop
 endfacet
 facet normal  0.000000e+00  3.653410e-01 -9.308737e-01
   outer loop
     vertex  1.500000e+01  5.826522e+00  4.177857e+00
     vertex  1.660000e+01  5.826522e+00  4.177857e+00
     vertex  1.660000e+01  5.130302e+00  3.904611e+00
   endloop
 endfacet
 facet normal  0.000000e+00  3.653410e-01 -9.308737e-01
   outer loop
     vertex  1.500000e+01  5.826522e+00  4.177857e+00
     vertex  1.660000e+01  5.130302e+00  3.904611e+00
     vertex  1.500000e+01  5.130302e+00  3.904611e+00
   endloop
 endfacet
 facet normal  0.000000e+00  4.112871e-01 -9.115059e-01
   outer loop
     vertex  1.500000e+01  6.508256e+00  4.485467e+00
     vertex  1.660000e+01  6.508256e+00  4.485467e+00
     vertex  1.660000e+01  5.826522e+00  4.177857e+00
   endloop
 endfacet
 facet normal  0.000000e+00  4.112871e-01 -9.115059e-01
   outer loop
     vertex  1.500000e+01  6.508256e+00  4.485467e+00
     vertex  1.660000e+01  5.826522e+00  4.177857e+00
     vertex  1.500000e+01  5.826522e+00  4.177857e+00
   endloop
 endfacet
 facet normal  0.000000e+00  4.562107e-01 -8.898718e-01
   outer loop
     vertex  1.500000e+01  7.173810e+00  4.826676e+00
     vertex  1.660000e+01  7.173810e+00  4.826676e+00
     vertex  1.660000e+01  6.508256e+00  4.485467e+00
   endloop
 endfacet
 facet normal  0.000000e+00  4.562107e-01 -8.898718e-01
   outer loop
     vertex  1.500000e+01  7.173810e+00  4.826676e+00
     vertex  1.660000e+01  6.508256e+00  4.485467e+00
     vertex  1.500000e+01  6.508256e+00  4.485467e+00
   endloop
 endfacet
 facet normal  0.000000e+00  5.000000e-01 -8.660254e-01
   outer loop
     vertex  1.500000e+01  7.821528e+00  5.200637e+00
     vertex  1.660000e+01  7.821528e+00  5.200637e+00
     vertex  1.660000e+01  7.173810e+00  4.826676e+00
   endloop
 endfacet
 facet normal  0.000000e+00  5.000000e-01 -8.660254e-01
   outer loop
     vertex  1.500000e+01  7.821528e+00  5.200637e+00
     vertex  1.660000e+01  7.173810e+00  4.826676e+00
     vertex  1.500000e+01  7.173810e+00  4.826676e+00
   endloop
 endfacet
 facet normal  0.000000e+00  5.425463e-01 -8.400259e-01
   outer loop
     vertex  1.500000e+01  8.449801e+00  5.606418e+00
     vertex  1.660000e+01  7.821528e+00  5.200637e+00
     vertex  1.500000e+01  7.821528e+00  5.200637e+00
   endloop
 endfacet
 facet normal  0.000000e+00  5.425463e-01 -8.400259e-01
   outer loop
     vertex  1.500000e+01  8.449801e+00  5.606418e+00
     vertex  1.660000e+01  8.449801e+00  5.606418e+00
     vertex  1.660000e+01  7.821528e+00  5.200637e+00
   endloop
 endfacet
 facet normal  0.000000e+00  5.837437e-01 -8.119380e-01
   outer loop
     vertex  1.500000e+01  8.449801e+00  5.606418e+00
     vertex  1.660000e+01  9.057066e+00  6.043012e+00
     vertex  1.660000e+01  8.449801e+00  5.606418e+00
   endloop
 endfacet
 facet normal  0.000000e+00  5.837437e-01 -8.119380e-01
   outer loop
     vertex  1.500000e+01  9.057066e+00  6.043012e+00
     vertex  1.660000e+01  9.057066e+00  6.043012e+00
     vertex  1.500000e+01  8.449801e+00  5.606418e+00
   endloop
 endfacet
 facet normal  0.000000e+00  6.234898e-01 -7.818315e-01
   outer loop
     vertex  1.500000e+01  9.641814e+00  6.509333e+00
     vertex  1.660000e+01  9.057066e+00  6.043012e+00
     vertex  1.500000e+01  9.057066e+00  6.043012e+00
   endloop
 endfacet
 facet normal  0.000000e+00  6.234898e-01 -7.818315e-01
   outer loop
     vertex  1.500000e+01  9.641814e+00  6.509333e+00
     vertex  1.660000e+01  9.641814e+00  6.509333e+00
     vertex  1.660000e+01  9.057066e+00  6.043012e+00
   endloop
 endfacet
 facet normal  0.000000e+00  6.616858e-01 -7.497812e-01
   outer loop
     vertex  1.500000e+01  1.020259e+01  7.004222e+00
     vertex  1.660000e+01  1.020259e+01  7.004222e+00
     vertex  1.660000e+01  9.641814e+00  6.509333e+00
   endloop
 endfacet
 facet normal  0.000000e+00  6.616858e-01 -7.497812e-01
   outer loop
     vertex  1.500000e+01  1.020259e+01  7.004222e+00
     vertex  1.660000e+01  9.641814e+00  6.509333e+00
     vertex  1.500000e+01  9.641814e+00  6.509333e+00
   endloop
 endfacet
 facet normal  0.000000e+00  6.982368e-01 -7.158668e-01
   outer loop
     vertex  1.500000e+01  1.073800e+01  7.526448e+00
     vertex  1.660000e+01  1.073800e+01  7.526448e+00
     vertex  1.660000e+01  1.020259e+01  7.004222e+00
   endloop
 endfacet
 facet normal  0.000000e+00  6.982368e-01 -7.158668e-01
   outer loop
     vertex  1.500000e+01  1.073800e+01  7.526448e+00
     vertex  1.660000e+01  1.020259e+01  7.004222e+00
     vertex  1.500000e+01  1.020259e+01  7.004222e+00
   endloop
 endfacet
 facet normal  0.000000e+00  7.330519e-01 -6.801727e-01
   outer loop
     vertex  1.500000e+01  1.124672e+01  8.074712e+00
     vertex  1.660000e+01  1.073800e+01  7.526448e+00
     vertex  1.500000e+01  1.073800e+01  7.526448e+00
   endloop
 endfacet
 facet normal  0.000000e+00  7.330519e-01 -6.801727e-01
   outer loop
     vertex  1.500000e+01  1.124672e+01  8.074712e+00
     vertex  1.660000e+01  1.124672e+01  8.074712e+00
     vertex  1.660000e+01  1.073800e+01  7.526448e+00
   endloop
 endfacet
 facet normal  0.000000e+00  7.660444e-01 -6.427876e-01
   outer loop
     vertex  1.500000e+01  1.172747e+01  8.647653e+00
     vertex  1.660000e+01  1.172747e+01  8.647653e+00
     vertex  1.660000e+01  1.124672e+01  8.074712e+00
   endloop
 endfacet
 facet normal  0.000000e+00  7.660444e-01 -6.427876e-01
   outer loop
     vertex  1.500000e+01  1.172747e+01  8.647653e+00
     vertex  1.660000e+01  1.124672e+01  8.074712e+00
     vertex  1.500000e+01  1.124672e+01  8.074712e+00
   endloop
 endfacet
 facet normal  0.000000e+00  7.971325e-01 -6.038044e-01
   outer loop
     vertex  1.500000e+01  1.217907e+01  9.243845e+00
     vertex  1.660000e+01  1.217907e+01  9.243845e+00
     vertex  1.660000e+01  1.172747e+01  8.647653e+00
   endloop
 endfacet
 facet normal  0.000000e+00  7.971325e-01 -6.038044e-01
   outer loop
     vertex  1.500000e+01  1.217907e+01  9.243845e+00
     vertex  1.660000e+01  1.172747e+01  8.647653e+00
     vertex  1.500000e+01  1.172747e+01  8.647653e+00
   endloop
 endfacet
 facet normal  0.000000e+00  8.262388e-01 -5.633201e-01
   outer loop
     vertex  1.500000e+01  1.260039e+01  9.861806e+00
     vertex  1.660000e+01  1.260039e+01  9.861806e+00
     vertex  1.660000e+01  1.217907e+01  9.243845e+00
   endloop
 endfacet
 facet normal  0.000000e+00  8.262388e-01 -5.633201e-01
   outer loop
     vertex  1.500000e+01  1.260039e+01  9.861806e+00
     vertex  1.660000e+01  1.217907e+01  9.243845e+00
     vertex  1.500000e+01  1.217907e+01  9.243845e+00
   endloop
 endfacet
 facet normal  0.000000e+00  8.532909e-01 -5.214352e-01
   outer loop
     vertex  1.500000e+01  1.299038e+01  1.050000e+01
     vertex  1.660000e+01  1.299038e+01  1.050000e+01
     vertex  1.660000e+01  1.260039e+01  9.861806e+00
   endloop
 endfacet
 facet normal  0.000000e+00  8.532909e-01 -5.214352e-01
   outer loop
     vertex  1.500000e+01  1.299038e+01  1.050000e+01
     vertex  1.660000e+01  1.260039e+01  9.861806e+00
     vertex  1.500000e+01  1.260039e+01  9.861806e+00
   endloop
 endfacet
 facet normal  0.000000e+00  8.782216e-01 -4.782540e-01
   outer loop
     vertex  1.500000e+01  1.334808e+01  1.115684e+01
     vertex  1.660000e+01  1.334808e+01  1.115684e+01
     vertex  1.660000e+01  1.299038e+01  1.050000e+01
   endloop
 endfacet
 facet normal  0.000000e+00  9.009689e-01 -4.338837e-01
   outer loop
     vertex  1.500000e+01  1.334808e+01  1.115684e+01
     vertex  1.660000e+01  1.367259e+01  1.183069e+01
     vertex  1.660000e+01  1.334808e+01  1.115684e+01
   endloop
 endfacet
 facet normal  0.000000e+00  8.782216e-01 -4.782540e-01
   outer loop
     vertex  1.500000e+01  1.334808e+01  1.115684e+01
     vertex  1.660000e+01  1.299038e+01  1.050000e+01
     vertex  1.500000e+01  1.299038e+01  1.050000e+01
   endloop
 endfacet
 facet normal  0.000000e+00  9.009689e-01 -4.338837e-01
   outer loop
     vertex  1.500000e+01  1.367259e+01  1.183069e+01
     vertex  1.660000e+01  1.367259e+01  1.183069e+01
     vertex  1.500000e+01  1.334808e+01  1.115684e+01
   endloop
 endfacet
 facet normal  0.000000e+00  9.214762e-01 -3.884348e-01
   outer loop
     vertex  1.500000e+01  1.396311e+01  1.251988e+01
     vertex  1.660000e+01  1.396311e+01  1.251988e+01
     vertex  1.660000e+01  1.367259e+01  1.183069e+01
   endloop
 endfacet
 facet normal  0.000000e+00  9.214762e-01 -3.884348e-01
   outer loop
     vertex  1.500000e+01  1.396311e+01  1.251988e+01
     vertex  1.660000e+01  1.367259e+01  1.183069e+01
     vertex  1.500000e+01  1.367259e+01  1.183069e+01
   endloop
 endfacet
 facet normal  0.000000e+00  9.396926e-01 -3.420201e-01
   outer loop
     vertex  1.500000e+01  1.421891e+01  1.322270e+01
     vertex  1.660000e+01  1.421891e+01  1.322270e+01
     vertex  1.660000e+01  1.396311e+01  1.251988e+01
   endloop
 endfacet
 facet normal  0.000000e+00  9.396926e-01 -3.420201e-01
   outer loop
     vertex  1.500000e+01  1.421891e+01  1.322270e+01
     vertex  1.660000e+01  1.396311e+01  1.251988e+01
     vertex  1.500000e+01  1.396311e+01  1.251988e+01
   endloop
 endfacet
 facet normal  0.000000e+00  9.555728e-01 -2.947552e-01
   outer loop
     vertex  1.500000e+01  1.443936e+01  1.393739e+01
     vertex  1.660000e+01  1.443936e+01  1.393739e+01
     vertex  1.660000e+01  1.421891e+01  1.322270e+01
   endloop
 endfacet
 facet normal  0.000000e+00  9.555728e-01 -2.947552e-01
   outer loop
     vertex  1.500000e+01  1.443936e+01  1.393739e+01
     vertex  1.660000e+01  1.421891e+01  1.322270e+01
     vertex  1.500000e+01  1.421891e+01  1.322270e+01
   endloop
 endfacet
 facet normal  0.000000e+00  9.690773e-01 -2.467574e-01
   outer loop
     vertex  1.500000e+01  1.462392e+01  1.466219e+01
     vertex  1.660000e+01  1.462392e+01  1.466219e+01
     vertex  1.660000e+01  1.443936e+01  1.393739e+01
   endloop
 endfacet
 facet normal  0.000000e+00  9.801725e-01 -1.981461e-01
   outer loop
     vertex  1.500000e+01  1.462392e+01  1.466219e+01
     vertex  1.660000e+01  1.477212e+01  1.539528e+01
     vertex  1.660000e+01  1.462392e+01  1.466219e+01
   endloop
 endfacet
 facet normal  0.000000e+00  9.690773e-01 -2.467574e-01
   outer loop
     vertex  1.500000e+01  1.462392e+01  1.466219e+01
     vertex  1.660000e+01  1.443936e+01  1.393739e+01
     vertex  1.500000e+01  1.443936e+01  1.393739e+01
   endloop
 endfacet
 facet normal  0.000000e+00  9.801725e-01 -1.981461e-01
   outer loop
     vertex  1.500000e+01  1.477212e+01  1.539528e+01
     vertex  1.660000e+01  1.477212e+01  1.539528e+01
     vertex  1.500000e+01  1.462392e+01  1.466219e+01
   endloop
 endfacet
 facet normal  0.000000e+00  9.888308e-01 -1.490423e-01
   outer loop
     vertex  1.500000e+01  1.488359e+01  1.613484e+01
     vertex  1.660000e+01  1.488359e+01  1.613484e+01
     vertex  1.660000e+01  1.477212e+01  1.539528e+01
   endloop
 endfacet
 facet normal  0.000000e+00  9.888308e-01 -1.490423e-01
   outer loop
     vertex  1.500000e+01  1.488359e+01  1.613484e+01
     vertex  1.660000e+01  1.477212e+01  1.539528e+01
     vertex  1.500000e+01  1.477212e+01  1.539528e+01
   endloop
 endfacet
 facet normal  0.000000e+00  9.950308e-01 -9.956785e-02
   outer loop
     vertex  1.500000e+01  1.495806e+01  1.687905e+01
     vertex  1.660000e+01  1.495806e+01  1.687905e+01
     vertex  1.660000e+01  1.488359e+01  1.613484e+01
   endloop
 endfacet
 facet normal  0.000000e+00  9.950308e-01 -9.956785e-02
   outer loop
     vertex  1.500000e+01  1.495806e+01  1.687905e+01
     vertex  1.660000e+01  1.488359e+01  1.613484e+01
     vertex  1.500000e+01  1.488359e+01  1.613484e+01
   endloop
 endfacet
 facet normal  0.000000e+00  9.987569e-01 -4.984589e-02
   outer loop
     vertex  1.500000e+01  1.499534e+01  1.762604e+01
     vertex  1.660000e+01  1.499534e+01  1.762604e+01
     vertex  1.660000e+01  1.495806e+01  1.687905e+01
   endloop
 endfacet
 facet normal  0.000000e+00  9.987569e-01 -4.984589e-02
   outer loop
     vertex  1.500000e+01  1.499534e+01  1.762604e+01
     vertex  1.660000e+01  1.495806e+01  1.687905e+01
     vertex  1.500000e+01  1.495806e+01  1.687905e+01
   endloop
 endfacet
 facet normal -0.000000e+00  1.000000e+00  0.000000e+00
   outer loop
     vertex  1.500000e+01  1.499534e+01  1.837396e+01
     vertex  1.660000e+01  1.499534e+01  1.837396e+01
     vertex  1.660000e+01  1.499534e+01  1.762604e+01
   endloop
 endfacet
 facet normal  0.000000e+00  1.000000e+00  0.000000e+00
   outer loop
     vertex  1.500000e+01  1.499534e+01  1.837396e+01
     vertex  1.660000e+01  1.499534e+01  1.762604e+01
     vertex  1.500000e+01  1.499534e+01  1.762604e+01
   endloop
 endfacet
 facet normal -0.000000e+00  9.987569e-01  4.984589e-02
   outer loop
     vertex  1.500000e+01  1.495806e+01  1.912095e+01
     vertex  1.660000e+01  1.495806e+01  1.912095e+01
     vertex  1.660000e+01  1.499534e+01  1.837396e+01
   endloop
 endfacet
 facet normal  0.000000e+00  9.987569e-01  4.984589e-02
   outer loop
     vertex  1.500000e+01  1.495806e+01  1.912095e+01
     vertex  1.660000e+01  1.499534e+01  1.837396e+01
     vertex  1.500000e+01  1.499534e+01  1.837396e+01
   endloop
 endfacet
 facet normal -0.000000e+00  9.950308e-01  9.956785e-02
   outer loop
     vertex  1.500000e+01  1.488359e+01  1.986516e+01
     vertex  1.660000e+01  1.488359e+01  1.986516e+01
     vertex  1.660000e+01  1.495806e+01  1.912095e+01
   endloop
 endfacet
 facet normal  0.000000e+00  9.950308e-01  9.956785e-02
   outer loop
     vertex  1.500000e+01  1.488359e+01  1.986516e+01
     vertex  1.660000e+01  1.495806e+01  1.912095e+01
     vertex  1.500000e+01  1.495806e+01  1.912095e+01
   endloop
 endfacet
 facet normal -0.000000e+00  9.888308e-01  1.490423e-01
   outer loop
     vertex  1.500000e+01  1.477212e+01  2.060472e+01
     vertex  1.660000e+01  1.477212e+01  2.060472e+01
     vertex  1.660000e+01  1.488359e+01  1.986516e+01
   endloop
 endfacet
 facet normal  0.000000e+00  9.888308e-01  1.490423e-01
   outer loop
     vertex  1.500000e+01  1.477212e+01  2.060472e+01
     vertex  1.660000e+01  1.488359e+01  1.986516e+01
     vertex  1.500000e+01  1.488359e+01  1.986516e+01
   endloop
 endfacet
 facet normal -0.000000e+00  9.801725e-01  1.981461e-01
   outer loop
     vertex  1.500000e+01  1.462392e+01  2.133781e+01
     vertex  1.660000e+01  1.462392e+01  2.133781e+01
     vertex  1.660000e+01  1.477212e+01  2.060472e+01
   endloop
 endfacet
 facet normal  0.000000e+00  9.801725e-01  1.981461e-01
   outer loop
     vertex  1.500000e+01  1.462392e+01  2.133781e+01
     vertex  1.660000e+01  1.477212e+01  2.060472e+01
     vertex  1.500000e+01  1.477212e+01  2.060472e+01
   endloop
 endfacet
 facet normal  0.000000e+00  9.690773e-01  2.467574e-01
   outer loop
     vertex  1.500000e+01  1.443936e+01  2.206261e+01
     vertex  1.660000e+01  1.462392e+01  2.133781e+01
     vertex  1.500000e+01  1.462392e+01  2.133781e+01
   endloop
 endfacet
 facet normal -0.000000e+00  9.690773e-01  2.467574e-01
   outer loop
     vertex  1.500000e+01  1.443936e+01  2.206261e+01
     vertex  1.660000e+01  1.443936e+01  2.206261e+01
     vertex  1.660000e+01  1.462392e+01  2.133781e+01
   endloop
 endfacet
 facet normal -0.000000e+00  9.555728e-01  2.947552e-01
   outer loop
     vertex  1.500000e+01  1.443936e+01  2.206261e+01
     vertex  1.660000e+01  1.421891e+01  2.277730e+01
     vertex  1.660000e+01  1.443936e+01  2.206261e+01
   endloop
 endfacet
 facet normal -0.000000e+00  9.555728e-01  2.947552e-01
   outer loop
     vertex  1.500000e+01  1.421891e+01  2.277730e+01
     vertex  1.660000e+01  1.421891e+01  2.277730e+01
     vertex  1.500000e+01  1.443936e+01  2.206261e+01
   endloop
 endfacet
 facet normal  0.000000e+00  9.396926e-01  3.420201e-01
   outer loop
     vertex  1.500000e+01  1.396311e+01  2.348012e+01
     vertex  1.660000e+01  1.421891e+01  2.277730e+01
     vertex  1.500000e+01  1.421891e+01  2.277730e+01
   endloop
 endfacet
 facet normal -0.000000e+00  9.396926e-01  3.420201e-01
   outer loop
     vertex  1.500000e+01  1.396311e+01  2.348012e+01
     vertex  1.660000e+01  1.396311e+01  2.348012e+01
     vertex  1.660000e+01  1.421891e+01  2.277730e+01
   endloop
 endfacet
 facet normal  0.000000e+00  9.214762e-01  3.884348e-01
   outer loop
     vertex  1.500000e+01  1.367259e+01  2.416931e+01
     vertex  1.660000e+01  1.396311e+01  2.348012e+01
     vertex  1.500000e+01  1.396311e+01  2.348012e+01
   endloop
 endfacet
 facet normal -0.000000e+00  9.214762e-01  3.884348e-01
   outer loop
     vertex  1.500000e+01  1.367259e+01  2.416931e+01
     vertex  1.660000e+01  1.367259e+01  2.416931e+01
     vertex  1.660000e+01  1.396311e+01  2.348012e+01
   endloop
 endfacet
 facet normal  0.000000e+00  9.009689e-01  4.338837e-01
   outer loop
     vertex  1.500000e+01  1.334808e+01  2.484316e+01
     vertex  1.660000e+01  1.367259e+01  2.416931e+01
     vertex  1.500000e+01  1.367259e+01  2.416931e+01
   endloop
 endfacet
 facet normal -0.000000e+00  9.009689e-01  4.338837e-01
   outer loop
     vertex  1.500000e+01  1.334808e+01  2.484316e+01
     vertex  1.660000e+01  1.334808e+01  2.484316e+01
     vertex  1.660000e+01  1.367259e+01  2.416931e+01
   endloop
 endfacet
 facet normal -0.000000e+00  8.782216e-01  4.782540e-01
   outer loop
     vertex  1.500000e+01  1.334808e+01  2.484316e+01
     vertex  1.660000e+01  1.299038e+01  2.550000e+01
     vertex  1.660000e+01  1.334808e+01  2.484316e+01
   endloop
 endfacet
 facet normal -0.000000e+00  8.782216e-01  4.782540e-01
   outer loop
     vertex  1.500000e+01  1.299038e+01  2.550000e+01
     vertex  1.660000e+01  1.299038e+01  2.550000e+01
     vertex  1.500000e+01  1.334808e+01  2.484316e+01
   endloop
 endfacet
 facet normal  0.000000e+00  8.532909e-01  5.214352e-01
   outer loop
     vertex  1.500000e+01  1.260039e+01  2.613819e+01
     vertex  1.660000e+01  1.299038e+01  2.550000e+01
     vertex  1.500000e+01  1.299038e+01  2.550000e+01
   endloop
 endfacet
 facet normal -0.000000e+00  8.532909e-01  5.214352e-01
   outer loop
     vertex  1.500000e+01  1.260039e+01  2.613819e+01
     vertex  1.660000e+01  1.260039e+01  2.613819e+01
     vertex  1.660000e+01  1.299038e+01  2.550000e+01
   endloop
 endfacet
 facet normal -0.000000e+00  8.262388e-01  5.633201e-01
   outer loop
     vertex  1.500000e+01  1.260039e+01  2.613819e+01
     vertex  1.660000e+01  1.217907e+01  2.675616e+01
     vertex  1.660000e+01  1.260039e+01  2.613819e+01
   endloop
 endfacet
 facet normal -0.000000e+00  8.262388e-01  5.633201e-01
   outer loop
     vertex  1.500000e+01  1.217907e+01  2.675616e+01
     vertex  1.660000e+01  1.217907e+01  2.675616e+01
     vertex  1.500000e+01  1.260039e+01  2.613819e+01
   endloop
 endfacet
 facet normal  0.000000e+00  7.971325e-01  6.038044e-01
   outer loop
     vertex  1.500000e+01  1.172747e+01  2.735235e+01
     vertex  1.660000e+01  1.217907e+01  2.675616e+01
     vertex  1.500000e+01  1.217907e+01  2.675616e+01
   endloop
 endfacet
 facet normal -0.000000e+00  7.971325e-01  6.038044e-01
   outer loop
     vertex  1.500000e+01  1.172747e+01  2.735235e+01
     vertex  1.660000e+01  1.172747e+01  2.735235e+01
     vertex  1.660000e+01  1.217907e+01  2.675616e+01
   endloop
 endfacet
 facet normal  0.000000e+00  7.660444e-01  6.427876e-01
   outer loop
     vertex  1.500000e+01  1.124672e+01  2.792529e+01
     vertex  1.660000e+01  1.172747e+01  2.735235e+01
     vertex  1.500000e+01  1.172747e+01  2.735235e+01
   endloop
 endfacet
 facet normal -0.000000e+00  7.660444e-01  6.427876e-01
   outer loop
     vertex  1.500000e+01  1.124672e+01  2.792529e+01
     vertex  1.660000e+01  1.124672e+01  2.792529e+01
     vertex  1.660000e+01  1.172747e+01  2.735235e+01
   endloop
 endfacet
 facet normal -0.000000e+00  7.330519e-01  6.801727e-01
   outer loop
     vertex  1.500000e+01  1.124672e+01  2.792529e+01
     vertex  1.660000e+01  1.073800e+01  2.847355e+01
     vertex  1.660000e+01  1.124672e+01  2.792529e+01
   endloop
 endfacet
 facet normal -0.000000e+00  7.330519e-01  6.801727e-01
   outer loop
     vertex  1.500000e+01  1.073800e+01  2.847355e+01
     vertex  1.660000e+01  1.073800e+01  2.847355e+01
     vertex  1.500000e+01  1.124672e+01  2.792529e+01
   endloop
 endfacet
 facet normal  0.000000e+00  6.982368e-01  7.158668e-01
   outer loop
     vertex  1.500000e+01  1.020259e+01  2.899578e+01
     vertex  1.660000e+01  1.073800e+01  2.847355e+01
     vertex  1.500000e+01  1.073800e+01  2.847355e+01
   endloop
 endfacet
 facet normal -0.000000e+00  6.982368e-01  7.158668e-01
   outer loop
     vertex  1.500000e+01  1.020259e+01  2.899578e+01
     vertex  1.660000e+01  1.020259e+01  2.899578e+01
     vertex  1.660000e+01  1.073800e+01  2.847355e+01
   endloop
 endfacet
 facet normal -0.000000e+00  6.616858e-01  7.497812e-01
   outer loop
     vertex  1.500000e+01  9.641814e+00  2.949067e+01
     vertex  1.660000e+01  9.641814e+00  2.949067e+01
     vertex  1.660000e+01  1.020259e+01  2.899578e+01
   endloop
 endfacet
 facet normal -0.000000e+00  6.234898e-01  7.818315e-01
   outer loop
     vertex  1.500000e+01  9.641814e+00  2.949067e+01
     vertex  1.660000e+01  9.057066e+00  2.995699e+01
     vertex  1.660000e+01  9.641814e+00  2.949067e+01
   endloop
 endfacet
 facet normal  0.000000e+00  6.616858e-01  7.497812e-01
   outer loop
     vertex  1.500000e+01  9.641814e+00  2.949067e+01
     vertex  1.660000e+01  1.020259e+01  2.899578e+01
     vertex  1.500000e+01  1.020259e+01  2.899578e+01
   endloop
 endfacet
 facet normal -0.000000e+00  6.234898e-01  7.818315e-01
   outer loop
     vertex  1.500000e+01  9.057066e+00  2.995699e+01
     vertex  1.660000e+01  9.057066e+00  2.995699e+01
     vertex  1.500000e+01  9.641814e+00  2.949067e+01
   endloop
 endfacet
 facet normal -0.000000e+00  5.837437e-01  8.119380e-01
   outer loop
     vertex  1.500000e+01  8.449801e+00  3.039358e+01
     vertex  1.660000e+01  8.449801e+00  3.039358e+01
     vertex  1.660000e+01  9.057066e+00  2.995699e+01
   endloop
 endfacet
 facet normal  0.000000e+00  5.837437e-01  8.119380e-01
   outer loop
     vertex  1.500000e+01  8.449801e+00  3.039358e+01
     vertex  1.660000e+01  9.057066e+00  2.995699e+01
     vertex  1.500000e+01  9.057066e+00  2.995699e+01
   endloop
 endfacet
 facet normal -0.000000e+00  5.425463e-01  8.400259e-01
   outer loop
     vertex  1.500000e+01  7.821528e+00  3.079936e+01
     vertex  1.660000e+01  7.821528e+00  3.079936e+01
     vertex  1.660000e+01  8.449801e+00  3.039358e+01
   endloop
 endfacet
 facet normal -0.000000e+00  5.000000e-01  8.660254e-01
   outer loop
     vertex  1.500000e+01  7.821528e+00  3.079936e+01
     vertex  1.660000e+01  7.173810e+00  3.117332e+01
     vertex  1.660000e+01  7.821528e+00  3.079936e+01
   endloop
 endfacet
 facet normal  0.000000e+00  5.425463e-01  8.400259e-01
   outer loop
     vertex  1.500000e+01  7.821528e+00  3.079936e+01
     vertex  1.660000e+01  8.449801e+00  3.039358e+01
     vertex  1.500000e+01  8.449801e+00  3.039358e+01
   endloop
 endfacet
 facet normal -0.000000e+00  5.000000e-01  8.660254e-01
   outer loop
     vertex  1.500000e+01  7.173810e+00  3.117332e+01
     vertex  1.660000e+01  7.173810e+00  3.117332e+01
     vertex  1.500000e+01  7.821528e+00  3.079936e+01
   endloop
 endfacet
 facet normal -0.000000e+00  4.562107e-01  8.898718e-01
   outer loop
     vertex  1.500000e+01  6.508256e+00  3.151453e+01
     vertex  1.660000e+01  6.508256e+00  3.151453e+01
     vertex  1.660000e+01  7.173810e+00  3.117332e+01
   endloop
 endfacet
 facet normal -0.000000e+00  4.112871e-01  9.115059e-01
   outer loop
     vertex  1.500000e+01  6.508256e+00  3.151453e+01
     vertex  1.660000e+01  5.826522e+00  3.182214e+01
     vertex  1.660000e+01  6.508256e+00  3.151453e+01
   endloop
 endfacet
 facet normal  0.000000e+00  4.562107e-01  8.898718e-01
   outer loop
     vertex  1.500000e+01  6.508256e+00  3.151453e+01
     vertex  1.660000e+01  7.173810e+00  3.117332e+01
     vertex  1.500000e+01  7.173810e+00  3.117332e+01
   endloop
 endfacet
 facet normal -0.000000e+00  4.112871e-01  9.115059e-01
   outer loop
     vertex  1.500000e+01  5.826522e+00  3.182214e+01
     vertex  1.660000e+01  5.826522e+00  3.182214e+01
     vertex  1.500000e+01  6.508256e+00  3.151453e+01
   endloop
 endfacet
 facet normal -0.000000e+00  3.653410e-01  9.308737e-01
   outer loop
     vertex  1.500000e+01  5.130302e+00  3.209539e+01
     vertex  1.660000e+01  5.130302e+00  3.209539e+01
     vertex  1.660000e+01  5.826522e+00  3.182214e+01
   endloop
 endfacet
 facet normal  0.000000e+00  3.653410e-01  9.308737e-01
   outer loop
     vertex  1.500000e+01  5.130302e+00  3.209539e+01
     vertex  1.660000e+01  5.826522e+00  3.182214e+01
     vertex  1.500000e+01  5.826522e+00  3.182214e+01
   endloop
 endfacet
 facet normal -0.000000e+00  3.184867e-01  9.479273e-01
   outer loop
     vertex  1.500000e+01  4.421328e+00  3.233359e+01
     vertex  1.660000e+01  4.421328e+00  3.233359e+01
     vertex  1.660000e+01  5.130302e+00  3.209539e+01
   endloop
 endfacet
 facet normal -0.000000e+00  2.708405e-01  9.626242e-01
   outer loop
     vertex  1.500000e+01  4.421328e+00  3.233359e+01
     vertex  1.660000e+01  3.701361e+00  3.253616e+01
     vertex  1.660000e+01  4.421328e+00  3.233359e+01
   endloop
 endfacet
 facet normal  0.000000e+00  3.184867e-01  9.479273e-01
   outer loop
     vertex  1.500000e+01  4.421328e+00  3.233359e+01
     vertex  1.660000e+01  5.130302e+00  3.209539e+01
     vertex  1.500000e+01  5.130302e+00  3.209539e+01
   endloop
 endfacet
 facet normal -0.000000e+00  2.708405e-01  9.626242e-01
   outer loop
     vertex  1.500000e+01  3.701361e+00  3.253616e+01
     vertex  1.660000e+01  3.701361e+00  3.253616e+01
     vertex  1.500000e+01  4.421328e+00  3.233359e+01
   endloop
 endfacet
 facet normal -0.000000e+00  2.225209e-01  9.749279e-01
   outer loop
     vertex  1.500000e+01  2.972192e+00  3.270259e+01
     vertex  1.660000e+01  2.972192e+00  3.270259e+01
     vertex  1.660000e+01  3.701361e+00  3.253616e+01
   endloop
 endfacet
 facet normal -0.000000e+00  1.736482e-01  9.848078e-01
   outer loop
     vertex  1.500000e+01  2.972192e+00  3.270259e+01
     vertex  1.660000e+01  2.235634e+00  3.283246e+01
     vertex  1.660000e+01  2.972192e+00  3.270259e+01
   endloop
 endfacet
 facet normal  0.000000e+00  2.225209e-01  9.749279e-01
   outer loop
     vertex  1.500000e+01  2.972192e+00  3.270259e+01
     vertex  1.660000e+01  3.701361e+00  3.253616e+01
     vertex  1.500000e+01  3.701361e+00  3.253616e+01
   endloop
 endfacet
 facet normal -0.000000e+00  1.736482e-01  9.848078e-01
   outer loop
     vertex  1.500000e+01  2.235634e+00  3.283246e+01
     vertex  1.660000e+01  2.235634e+00  3.283246e+01
     vertex  1.500000e+01  2.972192e+00  3.270259e+01
   endloop
 endfacet
 facet normal -0.000000e+00  1.243437e-01  9.922392e-01
   outer loop
     vertex  1.500000e+01  1.493518e+00  3.292546e+01
     vertex  1.660000e+01  1.493518e+00  3.292546e+01
     vertex  1.660000e+01  2.235634e+00  3.283246e+01
   endloop
 endfacet
 facet normal  0.000000e+00  1.243437e-01  9.922392e-01
   outer loop
     vertex  1.500000e+01  1.493518e+00  3.292546e+01
     vertex  1.660000e+01  2.235634e+00  3.283246e+01
     vertex  1.500000e+01  2.235634e+00  3.283246e+01
   endloop
 endfacet
 facet normal  0.000000e+00  7.473009e-02  9.972038e-01
   outer loop
     vertex  1.500000e+01  7.476883e-01  3.298135e+01
     vertex  1.660000e+01  1.493518e+00  3.292546e+01
     vertex  1.500000e+01  1.493518e+00  3.292546e+01
   endloop
 endfacet
 facet normal -0.000000e+00  7.473009e-02  9.972038e-01
   outer loop
     vertex  1.500000e+01  7.476883e-01  3.298135e+01
     vertex  1.660000e+01  7.476883e-01  3.298135e+01
     vertex  1.660000e+01  1.493518e+00  3.292546e+01
   endloop
 endfacet
 facet normal  0.000000e+00  2.493069e-02  9.996892e-01
   outer loop
     vertex  1.500000e+01 -5.145373e-14  3.300000e+01
     vertex  1.660000e+01  7.476883e-01  3.298135e+01
     vertex  1.500000e+01  7.476883e-01  3.298135e+01
   endloop
 endfacet
 facet normal -0.000000e+00  2.493069e-02  9.996892e-01
   outer loop
     vertex  1.500000e+01 -5.145373e-14  3.300000e+01
     vertex  1.660000e+01 -5.145373e-14  3.300000e+01
     vertex  1.660000e+01  7.476883e-01  3.298135e+01
   endloop
 endfacet
 facet normal  0.000000e+00 -2.493069e-02  9.996892e-01
   outer loop
     vertex  1.500000e+01 -7.476883e-01  3.298135e+01
     vertex  1.660000e+01 -5.145373e-14  3.300000e+01
     vertex  1.500000e+01 -5.145373e-14  3.300000e+01
   endloop
 endfacet
 facet normal  0.000000e+00 -2.493069e-02  9.996892e-01
   outer loop
     vertex  1.500000e+01 -7.476883e-01  3.298135e+01
     vertex  1.660000e+01 -7.476883e-01  3.298135e+01
     vertex  1.660000e+01 -5.145373e-14  3.300000e+01
   endloop
 endfacet
 facet normal  0.000000e+00 -7.473009e-02  9.972038e-01
   outer loop
     vertex  1.500000e+01 -1.493518e+00  3.292546e+01
     vertex  1.660000e+01 -7.476883e-01  3.298135e+01
     vertex  1.500000e+01 -7.476883e-01  3.298135e+01
   endloop
 endfacet
 facet normal  0.000000e+00 -7.473009e-02  9.972038e-01
   outer loop
     vertex  1.500000e+01 -1.493518e+00  3.292546e+01
     vertex  1.660000e+01 -1.493518e+00  3.292546e+01
     vertex  1.660000e+01 -7.476883e-01  3.298135e+01
   endloop
 endfacet
 facet normal  0.000000e+00 -1.243437e-01  9.922392e-01
   outer loop
     vertex  1.500000e+01 -2.235634e+00  3.283246e+01
     vertex  1.660000e+01 -1.493518e+00  3.292546e+01
     vertex  1.500000e+01 -1.493518e+00  3.292546e+01
   endloop
 endfacet
 facet normal  0.000000e+00 -1.243437e-01  9.922392e-01
   outer loop
     vertex  1.500000e+01 -2.235634e+00  3.283246e+01
     vertex  1.660000e+01 -2.235634e+00  3.283246e+01
     vertex  1.660000e+01 -1.493518e+00  3.292546e+01
   endloop
 endfacet
 facet normal  0.000000e+00 -1.736482e-01  9.848078e-01
   outer loop
     vertex  1.500000e+01 -2.972192e+00  3.270259e+01
     vertex  1.660000e+01 -2.235634e+00  3.283246e+01
     vertex  1.500000e+01 -2.235634e+00  3.283246e+01
   endloop
 endfacet
 facet normal  0.000000e+00 -1.736482e-01  9.848078e-01
   outer loop
     vertex  1.500000e+01 -2.972192e+00  3.270259e+01
     vertex  1.660000e+01 -2.972192e+00  3.270259e+01
     vertex  1.660000e+01 -2.235634e+00  3.283246e+01
   endloop
 endfacet
 facet normal  0.000000e+00 -2.225209e-01  9.749279e-01
   outer loop
     vertex  1.500000e+01 -2.972192e+00  3.270259e+01
     vertex  1.660000e+01 -3.701361e+00  3.253616e+01
     vertex  1.660000e+01 -2.972192e+00  3.270259e+01
   endloop
 endfacet
 facet normal  0.000000e+00 -2.225209e-01  9.749279e-01
   outer loop
     vertex  1.500000e+01 -3.701361e+00  3.253616e+01
     vertex  1.660000e+01 -3.701361e+00  3.253616e+01
     vertex  1.500000e+01 -2.972192e+00  3.270259e+01
   endloop
 endfacet
 facet normal  0.000000e+00 -2.708405e-01  9.626242e-01
   outer loop
     vertex  1.500000e+01 -4.421328e+00  3.233359e+01
     vertex  1.660000e+01 -3.701361e+00  3.253616e+01
     vertex  1.500000e+01 -3.701361e+00  3.253616e+01
   endloop
 endfacet
 facet normal  0.000000e+00 -2.708405e-01  9.626242e-01
   outer loop
     vertex  1.500000e+01 -4.421328e+00  3.233359e+01
     vertex  1.660000e+01 -4.421328e+00  3.233359e+01
     vertex  1.660000e+01 -3.701361e+00  3.253616e+01
   endloop
 endfacet
 facet normal  0.000000e+00 -3.184867e-01  9.479273e-01
   outer loop
     vertex  1.500000e+01 -5.130302e+00  3.209539e+01
     vertex  1.660000e+01 -4.421328e+00  3.233359e+01
     vertex  1.500000e+01 -4.421328e+00  3.233359e+01
   endloop
 endfacet
 facet normal  0.000000e+00 -3.184867e-01  9.479273e-01
   outer loop
     vertex  1.500000e+01 -5.130302e+00  3.209539e+01
     vertex  1.660000e+01 -5.130302e+00  3.209539e+01
     vertex  1.660000e+01 -4.421328e+00  3.233359e+01
   endloop
 endfacet
 facet normal  0.000000e+00 -3.653410e-01  9.308737e-01
   outer loop
     vertex  1.500000e+01 -5.826522e+00  3.182214e+01
     vertex  1.660000e+01 -5.130302e+00  3.209539e+01
     vertex  1.500000e+01 -5.130302e+00  3.209539e+01
   endloop
 endfacet
 facet normal  0.000000e+00 -3.653410e-01  9.308737e-01
   outer loop
     vertex  1.500000e+01 -5.826522e+00  3.182214e+01
     vertex  1.660000e+01 -5.826522e+00  3.182214e+01
     vertex  1.660000e+01 -5.130302e+00  3.209539e+01
   endloop
 endfacet
 facet normal  0.000000e+00 -4.112871e-01  9.115059e-01
   outer loop
     vertex  1.500000e+01 -6.508256e+00  3.151453e+01
     vertex  1.660000e+01 -5.826522e+00  3.182214e+01
     vertex  1.500000e+01 -5.826522e+00  3.182214e+01
   endloop
 endfacet
 facet normal  0.000000e+00 -4.112871e-01  9.115059e-01
   outer loop
     vertex  1.500000e+01 -6.508256e+00  3.151453e+01
     vertex  1.660000e+01 -6.508256e+00  3.151453e+01
     vertex  1.660000e+01 -5.826522e+00  3.182214e+01
   endloop
 endfacet
 facet normal  0.000000e+00 -4.562107e-01  8.898718e-01
   outer loop
     vertex  1.500000e+01 -7.173810e+00  3.117332e+01
     vertex  1.660000e+01 -6.508256e+00  3.151453e+01
     vertex  1.500000e+01 -6.508256e+00  3.151453e+01
   endloop
 endfacet
 facet normal  0.000000e+00 -4.562107e-01  8.898718e-01
   outer loop
     vertex  1.500000e+01 -7.173810e+00  3.117332e+01
     vertex  1.660000e+01 -7.173810e+00  3.117332e+01
     vertex  1.660000e+01 -6.508256e+00  3.151453e+01
   endloop
 endfacet
 facet normal  0.000000e+00 -5.000000e-01  8.660254e-01
   outer loop
     vertex  1.500000e+01 -7.821528e+00  3.079936e+01
     vertex  1.660000e+01 -7.173810e+00  3.117332e+01
     vertex  1.500000e+01 -7.173810e+00  3.117332e+01
   endloop
 endfacet
 facet normal  0.000000e+00 -5.000000e-01  8.660254e-01
   outer loop
     vertex  1.500000e+01 -7.821528e+00  3.079936e+01
     vertex  1.660000e+01 -7.821528e+00  3.079936e+01
     vertex  1.660000e+01 -7.173810e+00  3.117332e+01
   endloop
 endfacet
 facet normal  0.000000e+00 -5.425463e-01  8.400259e-01
   outer loop
     vertex  1.500000e+01 -8.449801e+00  3.039358e+01
     vertex  1.660000e+01 -7.821528e+00  3.079936e+01
     vertex  1.500000e+01 -7.821528e+00  3.079936e+01
   endloop
 endfacet
 facet normal  0.000000e+00 -5.425463e-01  8.400259e-01
   outer loop
     vertex  1.500000e+01 -8.449801e+00  3.039358e+01
     vertex  1.660000e+01 -8.449801e+00  3.039358e+01
     vertex  1.660000e+01 -7.821528e+00  3.079936e+01
   endloop
 endfacet
 facet normal  0.000000e+00 -5.837437e-01  8.119380e-01
   outer loop
     vertex  1.500000e+01 -9.057066e+00  2.995699e+01
     vertex  1.660000e+01 -8.449801e+00  3.039358e+01
     vertex  1.500000e+01 -8.449801e+00  3.039358e+01
   endloop
 endfacet
 facet normal  0.000000e+00 -5.837437e-01  8.119380e-01
   outer loop
     vertex  1.500000e+01 -9.057066e+00  2.995699e+01
     vertex  1.660000e+01 -9.057066e+00  2.995699e+01
     vertex  1.660000e+01 -8.449801e+00  3.039358e+01
   endloop
 endfacet
 facet normal  0.000000e+00 -6.234898e-01  7.818315e-01
   outer loop
     vertex  1.500000e+01 -9.641814e+00  2.949067e+01
     vertex  1.660000e+01 -9.057066e+00  2.995699e+01
     vertex  1.500000e+01 -9.057066e+00  2.995699e+01
   endloop
 endfacet
 facet normal  0.000000e+00 -6.234898e-01  7.818315e-01
   outer loop
     vertex  1.500000e+01 -9.641814e+00  2.949067e+01
     vertex  1.660000e+01 -9.641814e+00  2.949067e+01
     vertex  1.660000e+01 -9.057066e+00  2.995699e+01
   endloop
 endfacet
 facet normal  0.000000e+00 -6.616858e-01  7.497812e-01
   outer loop
     vertex  1.500000e+01 -1.020259e+01  2.899578e+01
     vertex  1.660000e+01 -9.641814e+00  2.949067e+01
     vertex  1.500000e+01 -9.641814e+00  2.949067e+01
   endloop
 endfacet
 facet normal  0.000000e+00 -6.616858e-01  7.497812e-01
   outer loop
     vertex  1.500000e+01 -1.020259e+01  2.899578e+01
     vertex  1.660000e+01 -1.020259e+01  2.899578e+01
     vertex  1.660000e+01 -9.641814e+00  2.949067e+01
   endloop
 endfacet
 facet normal  0.000000e+00 -6.982368e-01  7.158668e-01
   outer loop
     vertex  1.500000e+01 -1.073800e+01  2.847355e+01
     vertex  1.660000e+01 -1.020259e+01  2.899578e+01
     vertex  1.500000e+01 -1.020259e+01  2.899578e+01
   endloop
 endfacet
 facet normal  0.000000e+00 -6.982368e-01  7.158668e-01
   outer loop
     vertex  1.500000e+01 -1.073800e+01  2.847355e+01
     vertex  1.660000e+01 -1.073800e+01  2.847355e+01
     vertex  1.660000e+01 -1.020259e+01  2.899578e+01
   endloop
 endfacet
 facet normal  0.000000e+00 -7.330519e-01  6.801727e-01
   outer loop
     vertex  1.500000e+01 -1.124672e+01  2.792529e+01
     vertex  1.660000e+01 -1.073800e+01  2.847355e+01
     vertex  1.500000e+01 -1.073800e+01  2.847355e+01
   endloop
 endfacet
 facet normal  0.000000e+00 -7.330519e-01  6.801727e-01
   outer loop
     vertex  1.500000e+01 -1.124672e+01  2.792529e+01
     vertex  1.660000e+01 -1.124672e+01  2.792529e+01
     vertex  1.660000e+01 -1.073800e+01  2.847355e+01
   endloop
 endfacet
 facet normal  0.000000e+00 -7.660444e-01  6.427876e-01
   outer loop
     vertex  1.500000e+01 -1.172747e+01  2.735235e+01
     vertex  1.660000e+01 -1.124672e+01  2.792529e+01
     vertex  1.500000e+01 -1.124672e+01  2.792529e+01
   endloop
 endfacet
 facet normal  0.000000e+00 -7.660444e-01  6.427876e-01
   outer loop
     vertex  1.500000e+01 -1.172747e+01  2.735235e+01
     vertex  1.660000e+01 -1.172747e+01  2.735235e+01
     vertex  1.660000e+01 -1.124672e+01  2.792529e+01
   endloop
 endfacet
 facet normal  0.000000e+00 -7.971325e-01  6.038044e-01
   outer loop
     vertex  1.500000e+01 -1.217907e+01  2.675616e+01
     vertex  1.660000e+01 -1.217907e+01  2.675616e+01
     vertex  1.660000e+01 -1.172747e+01  2.735235e+01
   endloop
 endfacet
 facet normal  0.000000e+00 -7.971325e-01  6.038044e-01
   outer loop
     vertex  1.500000e+01 -1.217907e+01  2.675616e+01
     vertex  1.660000e+01 -1.172747e+01  2.735235e+01
     vertex  1.500000e+01 -1.172747e+01  2.735235e+01
   endloop
 endfacet
 facet normal  0.000000e+00 -8.262388e-01  5.633201e-01
   outer loop
     vertex  1.500000e+01 -1.260039e+01  2.613819e+01
     vertex  1.660000e+01 -1.260039e+01  2.613819e+01
     vertex  1.660000e+01 -1.217907e+01  2.675616e+01
   endloop
 endfacet
 facet normal  0.000000e+00 -8.262388e-01  5.633201e-01
   outer loop
     vertex  1.500000e+01 -1.260039e+01  2.613819e+01
     vertex  1.660000e+01 -1.217907e+01  2.675616e+01
     vertex  1.500000e+01 -1.217907e+01  2.675616e+01
   endloop
 endfacet
 facet normal  0.000000e+00 -8.532909e-01  5.214352e-01
   outer loop
     vertex  1.500000e+01 -1.299038e+01  2.550000e+01
     vertex  1.660000e+01 -1.299038e+01  2.550000e+01
     vertex  1.660000e+01 -1.260039e+01  2.613819e+01
   endloop
 endfacet
 facet normal  0.000000e+00 -8.532909e-01  5.214352e-01
   outer loop
     vertex  1.500000e+01 -1.299038e+01  2.550000e+01
     vertex  1.660000e+01 -1.260039e+01  2.613819e+01
     vertex  1.500000e+01 -1.260039e+01  2.613819e+01
   endloop
 endfacet
 facet normal  0.000000e+00 -8.782216e-01  4.782540e-01
   outer loop
     vertex  1.500000e+01 -1.334808e+01  2.484316e+01
     vertex  1.660000e+01 -1.334808e+01  2.484316e+01
     vertex  1.660000e+01 -1.299038e+01  2.550000e+01
   endloop
 endfacet
 facet normal  0.000000e+00 -8.782216e-01  4.782540e-01
   outer loop
     vertex  1.500000e+01 -1.334808e+01  2.484316e+01
     vertex  1.660000e+01 -1.299038e+01  2.550000e+01
     vertex  1.500000e+01 -1.299038e+01  2.550000e+01
   endloop
 endfacet
 facet normal  0.000000e+00 -9.009689e-01  4.338837e-01
   outer loop
     vertex  1.500000e+01 -1.367259e+01  2.416931e+01
     vertex  1.660000e+01 -1.367259e+01  2.416931e+01
     vertex  1.660000e+01 -1.334808e+01  2.484316e+01
   endloop
 endfacet
 facet normal  0.000000e+00 -9.009689e-01  4.338837e-01
   outer loop
     vertex  1.500000e+01 -1.367259e+01  2.416931e+01
     vertex  1.660000e+01 -1.334808e+01  2.484316e+01
     vertex  1.500000e+01 -1.334808e+01  2.484316e+01
   endloop
 endfacet
 facet normal  0.000000e+00 -9.214762e-01  3.884348e-01
   outer loop
     vertex  1.500000e+01 -1.396311e+01  2.348012e+01
     vertex  1.660000e+01 -1.367259e+01  2.416931e+01
     vertex  1.500000e+01 -1.367259e+01  2.416931e+01
   endloop
 endfacet
 facet normal  0.000000e+00 -9.214762e-01  3.884348e-01
   outer loop
     vertex  1.500000e+01 -1.396311e+01  2.348012e+01
     vertex  1.660000e+01 -1.396311e+01  2.348012e+01
     vertex  1.660000e+01 -1.367259e+01  2.416931e+01
   endloop
 endfacet
 facet normal  0.000000e+00 -9.396926e-01  3.420201e-01
   outer loop
     vertex  1.500000e+01 -1.421891e+01  2.277730e+01
     vertex  1.660000e+01 -1.396311e+01  2.348012e+01
     vertex  1.500000e+01 -1.396311e+01  2.348012e+01
   endloop
 endfacet
 facet normal  0.000000e+00 -9.396926e-01  3.420201e-01
   outer loop
     vertex  1.500000e+01 -1.421891e+01  2.277730e+01
     vertex  1.660000e+01 -1.421891e+01  2.277730e+01
     vertex  1.660000e+01 -1.396311e+01  2.348012e+01
   endloop
 endfacet
 facet normal  0.000000e+00 -9.555728e-01  2.947552e-01
   outer loop
     vertex  1.500000e+01 -1.443936e+01  2.206261e+01
     vertex  1.660000e+01 -1.421891e+01  2.277730e+01
     vertex  1.500000e+01 -1.421891e+01  2.277730e+01
   endloop
 endfacet
 facet normal  0.000000e+00 -9.555728e-01  2.947552e-01
   outer loop
     vertex  1.500000e+01 -1.443936e+01  2.206261e+01
     vertex  1.660000e+01 -1.443936e+01  2.206261e+01
     vertex  1.660000e+01 -1.421891e+01  2.277730e+01
   endloop
 endfacet
 facet normal  0.000000e+00 -9.690773e-01  2.467574e-01
   outer loop
     vertex  1.500000e+01 -1.462392e+01  2.133781e+01
     vertex  1.660000e+01 -1.443936e+01  2.206261e+01
     vertex  1.500000e+01 -1.443936e+01  2.206261e+01
   endloop
 endfacet
 facet normal  0.000000e+00 -9.690773e-01  2.467574e-01
   outer loop
     vertex  1.500000e+01 -1.462392e+01  2.133781e+01
     vertex  1.660000e+01 -1.462392e+01  2.133781e+01
     vertex  1.660000e+01 -1.443936e+01  2.206261e+01
   endloop
 endfacet
 facet normal  0.000000e+00 -9.801725e-01  1.981461e-01
   outer loop
     vertex  1.500000e+01 -1.477212e+01  2.060472e+01
     vertex  1.660000e+01 -1.462392e+01  2.133781e+01
     vertex  1.500000e+01 -1.462392e+01  2.133781e+01
   endloop
 endfacet
 facet normal  0.000000e+00 -9.801725e-01  1.981461e-01
   outer loop
     vertex  1.500000e+01 -1.477212e+01  2.060472e+01
     vertex  1.660000e+01 -1.477212e+01  2.060472e+01
     vertex  1.660000e+01 -1.462392e+01  2.133781e+01
   endloop
 endfacet
 facet normal  0.000000e+00 -9.888308e-01  1.490423e-01
   outer loop
     vertex  1.500000e+01 -1.488359e+01  1.986516e+01
     vertex  1.660000e+01 -1.477212e+01  2.060472e+01
     vertex  1.500000e+01 -1.477212e+01  2.060472e+01
   endloop
 endfacet
 facet normal  0.000000e+00 -9.888308e-01  1.490423e-01
   outer loop
     vertex  1.500000e+01 -1.488359e+01  1.986516e+01
     vertex  1.660000e+01 -1.488359e+01  1.986516e+01
     vertex  1.660000e+01 -1.477212e+01  2.060472e+01
   endloop
 endfacet
 facet normal  0.000000e+00 -9.950308e-01  9.956785e-02
   outer loop
     vertex  1.500000e+01 -1.495806e+01  1.912095e+01
     vertex  1.660000e+01 -1.488359e+01  1.986516e+01
     vertex  1.500000e+01 -1.488359e+01  1.986516e+01
   endloop
 endfacet
 facet normal  0.000000e+00 -9.950308e-01  9.956785e-02
   outer loop
     vertex  1.500000e+01 -1.495806e+01  1.912095e+01
     vertex  1.660000e+01 -1.495806e+01  1.912095e+01
     vertex  1.660000e+01 -1.488359e+01  1.986516e+01
   endloop
 endfacet
 facet normal  0.000000e+00 -9.987569e-01  4.984589e-02
   outer loop
     vertex  1.500000e+01 -1.499534e+01  1.837396e+01
     vertex  1.660000e+01 -1.495806e+01  1.912095e+01
     vertex  1.500000e+01 -1.495806e+01  1.912095e+01
   endloop
 endfacet
 facet normal  0.000000e+00 -9.987569e-01  4.984589e-02
   outer loop
     vertex  1.500000e+01 -1.499534e+01  1.837396e+01
     vertex  1.660000e+01 -1.499534e+01  1.837396e+01
     vertex  1.660000e+01 -1.495806e+01  1.912095e+01
   endloop
 endfacet
 facet normal  0.000000e+00 -1.000000e+00 -9.500241e-15
   outer loop
     vertex  1.500000e+01 -1.499534e+01  1.762604e+01
     vertex  1.660000e+01 -1.499534e+01  1.837396e+01
     vertex  1.500000e+01 -1.499534e+01  1.837396e+01
   endloop
 endfacet
 facet normal  0.000000e+00 -1.000000e+00 -9.500241e-15
   outer loop
     vertex  1.500000e+01 -1.499534e+01  1.762604e+01
     vertex  1.660000e+01 -1.499534e+01  1.762604e+01
     vertex  1.660000e+01 -1.499534e+01  1.837396e+01
   endloop
 endfacet
 facet normal  0.000000e+00 -9.987569e-01 -4.984589e-02
   outer loop
     vertex  1.500000e+01 -1.495806e+01  1.687905e+01
     vertex  1.660000e+01 -1.499534e+01  1.762604e+01
     vertex  1.500000e+01 -1.499534e+01  1.762604e+01
   endloop
 endfacet
 facet normal  0.000000e+00 -9.987569e-01 -4.984589e-02
   outer loop
     vertex  1.500000e+01 -1.495806e+01  1.687905e+01
     vertex  1.660000e+01 -1.495806e+01  1.687905e+01
     vertex  1.660000e+01 -1.499534e+01  1.762604e+01
   endloop
 endfacet
 facet normal  0.000000e+00 -9.950308e-01 -9.956785e-02
   outer loop
     vertex  1.500000e+01 -1.488359e+01  1.613484e+01
     vertex  1.660000e+01 -1.495806e+01  1.687905e+01
     vertex  1.500000e+01 -1.495806e+01  1.687905e+01
   endloop
 endfacet
 facet normal  0.000000e+00 -9.950308e-01 -9.956785e-02
   outer loop
     vertex  1.500000e+01 -1.488359e+01  1.613484e+01
     vertex  1.660000e+01 -1.488359e+01  1.613484e+01
     vertex  1.660000e+01 -1.495806e+01  1.687905e+01
   endloop
 endfacet
 facet normal  0.000000e+00 -9.888308e-01 -1.490423e-01
   outer loop
     vertex  1.500000e+01 -1.477212e+01  1.539528e+01
     vertex  1.660000e+01 -1.488359e+01  1.613484e+01
     vertex  1.500000e+01 -1.488359e+01  1.613484e+01
   endloop
 endfacet
 facet normal  0.000000e+00 -9.888308e-01 -1.490423e-01
   outer loop
     vertex  1.500000e+01 -1.477212e+01  1.539528e+01
     vertex  1.660000e+01 -1.477212e+01  1.539528e+01
     vertex  1.660000e+01 -1.488359e+01  1.613484e+01
   endloop
 endfacet
 facet normal  0.000000e+00 -9.801725e-01 -1.981461e-01
   outer loop
     vertex  1.500000e+01 -1.462392e+01  1.466219e+01
     vertex  1.660000e+01 -1.477212e+01  1.539528e+01
     vertex  1.500000e+01 -1.477212e+01  1.539528e+01
   endloop
 endfacet
 facet normal  0.000000e+00 -9.801725e-01 -1.981461e-01
   outer loop
     vertex  1.500000e+01 -1.462392e+01  1.466219e+01
     vertex  1.660000e+01 -1.462392e+01  1.466219e+01
     vertex  1.660000e+01 -1.477212e+01  1.539528e+01
   endloop
 endfacet
 facet normal  0.000000e+00 -9.690773e-01 -2.467574e-01
   outer loop
     vertex  1.500000e+01 -1.443936e+01  1.393739e+01
     vertex  1.660000e+01 -1.443936e+01  1.393739e+01
     vertex  1.660000e+01 -1.462392e+01  1.466219e+01
   endloop
 endfacet
 facet normal  0.000000e+00 -9.690773e-01 -2.467574e-01
   outer loop
     vertex  1.500000e+01 -1.443936e+01  1.393739e+01
     vertex  1.660000e+01 -1.462392e+01  1.466219e+01
     vertex  1.500000e+01 -1.462392e+01  1.466219e+01
   endloop
 endfacet
 facet normal  0.000000e+00 -9.555728e-01 -2.947552e-01
   outer loop
     vertex  1.500000e+01 -1.421891e+01  1.322270e+01
     vertex  1.660000e+01 -1.421891e+01  1.322270e+01
     vertex  1.660000e+01 -1.443936e+01  1.393739e+01
   endloop
 endfacet
 facet normal  0.000000e+00 -9.555728e-01 -2.947552e-01
   outer loop
     vertex  1.500000e+01 -1.421891e+01  1.322270e+01
     vertex  1.660000e+01 -1.443936e+01  1.393739e+01
     vertex  1.500000e+01 -1.443936e+01  1.393739e+01
   endloop
 endfacet
 facet normal  0.000000e+00 -9.396926e-01 -3.420201e-01
   outer loop
     vertex  1.500000e+01 -1.396311e+01  1.251988e+01
     vertex  1.660000e+01 -1.396311e+01  1.251988e+01
     vertex  1.660000e+01 -1.421891e+01  1.322270e+01
   endloop
 endfacet
 facet normal  0.000000e+00 -9.396926e-01 -3.420201e-01
   outer loop
     vertex  1.500000e+01 -1.396311e+01  1.251988e+01
     vertex  1.660000e+01 -1.421891e+01  1.322270e+01
     vertex  1.500000e+01 -1.421891e+01  1.322270e+01
   endloop
 endfacet
 facet normal  0.000000e+00 -9.214762e-01 -3.884348e-01
   outer loop
     vertex  1.500000e+01 -1.367259e+01  1.183069e+01
     vertex  1.660000e+01 -1.367259e+01  1.183069e+01
     vertex  1.660000e+01 -1.396311e+01  1.251988e+01
   endloop
 endfacet
 facet normal  0.000000e+00 -9.214762e-01 -3.884348e-01
   outer loop
     vertex  1.500000e+01 -1.367259e+01  1.183069e+01
     vertex  1.660000e+01 -1.396311e+01  1.251988e+01
     vertex  1.500000e+01 -1.396311e+01  1.251988e+01
   endloop
 endfacet
 facet normal  0.000000e+00 -9.009689e-01 -4.338837e-01
   outer loop
     vertex  1.500000e+01 -1.334808e+01  1.115684e+01
     vertex  1.660000e+01 -1.334808e+01  1.115684e+01
     vertex  1.660000e+01 -1.367259e+01  1.183069e+01
   endloop
 endfacet
 facet normal  0.000000e+00 -9.009689e-01 -4.338837e-01
   outer loop
     vertex  1.500000e+01 -1.334808e+01  1.115684e+01
     vertex  1.660000e+01 -1.367259e+01  1.183069e+01
     vertex  1.500000e+01 -1.367259e+01  1.183069e+01
   endloop
 endfacet
 facet normal  0.000000e+00 -8.782216e-01 -4.782540e-01
   outer loop
     vertex  1.500000e+01 -1.299038e+01  1.050000e+01
     vertex  1.660000e+01 -1.299038e+01  1.050000e+01
     vertex  1.660000e+01 -1.334808e+01  1.115684e+01
   endloop
 endfacet
 facet normal  0.000000e+00 -8.532909e-01 -5.214352e-01
   outer loop
     vertex  1.500000e+01 -1.299038e+01  1.050000e+01
     vertex  1.660000e+01 -1.260039e+01  9.861806e+00
     vertex  1.660000e+01 -1.299038e+01  1.050000e+01
   endloop
 endfacet
 facet normal  0.000000e+00 -8.782216e-01 -4.782540e-01
   outer loop
     vertex  1.500000e+01 -1.299038e+01  1.050000e+01
     vertex  1.660000e+01 -1.334808e+01  1.115684e+01
     vertex  1.500000e+01 -1.334808e+01  1.115684e+01
   endloop
 endfacet
 facet normal  0.000000e+00 -8.532909e-01 -5.214352e-01
   outer loop
     vertex  1.500000e+01 -1.260039e+01  9.861806e+00
     vertex  1.660000e+01 -1.260039e+01  9.861806e+00
     vertex  1.500000e+01 -1.299038e+01  1.050000e+01
   endloop
 endfacet
 facet normal  0.000000e+00 -8.262388e-01 -5.633201e-01
   outer loop
     vertex  1.500000e+01 -1.217907e+01  9.243845e+00
     vertex  1.660000e+01 -1.217907e+01  9.243845e+00
     vertex  1.660000e+01 -1.260039e+01  9.861806e+00
   endloop
 endfacet
 facet normal  0.000000e+00 -8.262388e-01 -5.633201e-01
   outer loop
     vertex  1.500000e+01 -1.217907e+01  9.243845e+00
     vertex  1.660000e+01 -1.260039e+01  9.861806e+00
     vertex  1.500000e+01 -1.260039e+01  9.861806e+00
   endloop
 endfacet
 facet normal  0.000000e+00 -7.971325e-01 -6.038044e-01
   outer loop
     vertex  1.500000e+01 -1.172747e+01  8.647653e+00
     vertex  1.660000e+01 -1.172747e+01  8.647653e+00
     vertex  1.660000e+01 -1.217907e+01  9.243845e+00
   endloop
 endfacet
 facet normal  0.000000e+00 -7.971325e-01 -6.038044e-01
   outer loop
     vertex  1.500000e+01 -1.172747e+01  8.647653e+00
     vertex  1.660000e+01 -1.217907e+01  9.243845e+00
     vertex  1.500000e+01 -1.217907e+01  9.243845e+00
   endloop
 endfacet
 facet normal  0.000000e+00 -7.660444e-01 -6.427876e-01
   outer loop
     vertex  1.500000e+01 -1.124672e+01  8.074712e+00
     vertex  1.660000e+01 -1.124672e+01  8.074712e+00
     vertex  1.660000e+01 -1.172747e+01  8.647653e+00
   endloop
 endfacet
 facet normal  0.000000e+00 -7.330519e-01 -6.801727e-01
   outer loop
     vertex  1.500000e+01 -1.124672e+01  8.074712e+00
     vertex  1.660000e+01 -1.073800e+01  7.526448e+00
     vertex  1.660000e+01 -1.124672e+01  8.074712e+00
   endloop
 endfacet
 facet normal  0.000000e+00 -7.660444e-01 -6.427876e-01
   outer loop
     vertex  1.500000e+01 -1.124672e+01  8.074712e+00
     vertex  1.660000e+01 -1.172747e+01  8.647653e+00
     vertex  1.500000e+01 -1.172747e+01  8.647653e+00
   endloop
 endfacet
 facet normal  0.000000e+00 -6.982368e-01 -7.158668e-01
   outer loop
     vertex  1.500000e+01 -1.073800e+01  7.526448e+00
     vertex  1.660000e+01 -1.020259e+01  7.004222e+00
     vertex  1.660000e+01 -1.073800e+01  7.526448e+00
   endloop
 endfacet
 facet normal  0.000000e+00 -7.330519e-01 -6.801727e-01
   outer loop
     vertex  1.500000e+01 -1.073800e+01  7.526448e+00
     vertex  1.660000e+01 -1.073800e+01  7.526448e+00
     vertex  1.500000e+01 -1.124672e+01  8.074712e+00
   endloop
 endfacet
 facet normal  0.000000e+00 -6.982368e-01 -7.158668e-01
   outer loop
     vertex  1.500000e+01 -1.020259e+01  7.004222e+00
     vertex  1.660000e+01 -1.020259e+01  7.004222e+00
     vertex  1.500000e+01 -1.073800e+01  7.526448e+00
   endloop
 endfacet
 facet normal  0.000000e+00 -6.616858e-01 -7.497812e-01
   outer loop
     vertex  1.500000e+01 -9.641814e+00  6.509333e+00
     vertex  1.660000e+01 -9.641814e+00  6.509333e+00
     vertex  1.660000e+01 -1.020259e+01  7.004222e+00
   endloop
 endfacet
 facet normal  0.000000e+00 -6.616858e-01 -7.497812e-01
   outer loop
     vertex  1.500000e+01 -9.641814e+00  6.509333e+00
     vertex  1.660000e+01 -1.020259e+01  7.004222e+00
     vertex  1.500000e+01 -1.020259e+01  7.004222e+00
   endloop
 endfacet
 facet normal  0.000000e+00 -6.234898e-01 -7.818315e-01
   outer loop
     vertex  1.500000e+01 -9.057066e+00  6.043012e+00
     vertex  1.660000e+01 -9.641814e+00  6.509333e+00
     vertex  1.500000e+01 -9.641814e+00  6.509333e+00
   endloop
 endfacet
 facet normal  0.000000e+00 -6.234898e-01 -7.818315e-01
   outer loop
     vertex  1.500000e+01 -9.057066e+00  6.043012e+00
     vertex  1.660000e+01 -9.057066e+00  6.043012e+00
     vertex  1.660000e+01 -9.641814e+00  6.509333e+00
   endloop
 endfacet
 facet normal  0.000000e+00 -5.837437e-01 -8.119380e-01
   outer loop
     vertex  1.500000e+01 -9.057066e+00  6.043012e+00
     vertex  1.660000e+01 -8.449801e+00  5.606418e+00
     vertex  1.660000e+01 -9.057066e+00  6.043012e+00
   endloop
 endfacet
 facet normal  0.000000e+00 -5.837437e-01 -8.119380e-01
   outer loop
     vertex  1.500000e+01 -8.449801e+00  5.606418e+00
     vertex  1.660000e+01 -8.449801e+00  5.606418e+00
     vertex  1.500000e+01 -9.057066e+00  6.043012e+00
   endloop
 endfacet
 facet normal  0.000000e+00 -5.425463e-01 -8.400259e-01
   outer loop
     vertex  1.500000e+01 -7.821528e+00  5.200637e+00
     vertex  1.660000e+01 -8.449801e+00  5.606418e+00
     vertex  1.500000e+01 -8.449801e+00  5.606418e+00
   endloop
 endfacet
 facet normal  0.000000e+00 -5.425463e-01 -8.400259e-01
   outer loop
     vertex  1.500000e+01 -7.821528e+00  5.200637e+00
     vertex  1.660000e+01 -7.821528e+00  5.200637e+00
     vertex  1.660000e+01 -8.449801e+00  5.606418e+00
   endloop
 endfacet
 facet normal  0.000000e+00 -5.000000e-01 -8.660254e-01
   outer loop
     vertex  1.500000e+01 -7.821528e+00  5.200637e+00
     vertex  1.660000e+01 -7.173810e+00  4.826676e+00
     vertex  1.660000e+01 -7.821528e+00  5.200637e+00
   endloop
 endfacet
 facet normal  0.000000e+00 -5.000000e-01 -8.660254e-01
   outer loop
     vertex  1.500000e+01 -7.173810e+00  4.826676e+00
     vertex  1.660000e+01 -7.173810e+00  4.826676e+00
     vertex  1.500000e+01 -7.821528e+00  5.200637e+00
   endloop
 endfacet
 facet normal  0.000000e+00 -4.562107e-01 -8.898718e-01
   outer loop
     vertex  1.500000e+01 -6.508256e+00  4.485467e+00
     vertex  1.660000e+01 -6.508256e+00  4.485467e+00
     vertex  1.660000e+01 -7.173810e+00  4.826676e+00
   endloop
 endfacet
 facet normal  0.000000e+00 -4.562107e-01 -8.898718e-01
   outer loop
     vertex  1.500000e+01 -6.508256e+00  4.485467e+00
     vertex  1.660000e+01 -7.173810e+00  4.826676e+00
     vertex  1.500000e+01 -7.173810e+00  4.826676e+00
   endloop
 endfacet
 facet normal  0.000000e+00 -4.112871e-01 -9.115059e-01
   outer loop
     vertex  1.500000e+01 -5.826522e+00  4.177857e+00
     vertex  1.660000e+01 -5.826522e+00  4.177857e+00
     vertex  1.660000e+01 -6.508256e+00  4.485467e+00
   endloop
 endfacet
 facet normal  0.000000e+00 -3.653410e-01 -9.308737e-01
   outer loop
     vertex  1.500000e+01 -5.826522e+00  4.177857e+00
     vertex  1.660000e+01 -5.130302e+00  3.904611e+00
     vertex  1.660000e+01 -5.826522e+00  4.177857e+00
   endloop
 endfacet
 facet normal  0.000000e+00 -4.112871e-01 -9.115059e-01
   outer loop
     vertex  1.500000e+01 -5.826522e+00  4.177857e+00
     vertex  1.660000e+01 -6.508256e+00  4.485467e+00
     vertex  1.500000e+01 -6.508256e+00  4.485467e+00
   endloop
 endfacet
 facet normal  0.000000e+00 -3.653410e-01 -9.308737e-01
   outer loop
     vertex  1.500000e+01 -5.130302e+00  3.904611e+00
     vertex  1.660000e+01 -5.130302e+00  3.904611e+00
     vertex  1.500000e+01 -5.826522e+00  4.177857e+00
   endloop
 endfacet
 facet normal  0.000000e+00 -3.184867e-01 -9.479273e-01
   outer loop
     vertex  1.500000e+01 -4.421328e+00  3.666408e+00
     vertex  1.660000e+01 -4.421328e+00  3.666408e+00
     vertex  1.660000e+01 -5.130302e+00  3.904611e+00
   endloop
 endfacet
 facet normal  0.000000e+00 -2.708405e-01 -9.626242e-01
   outer loop
     vertex  1.500000e+01 -4.421328e+00  3.666408e+00
     vertex  1.660000e+01 -3.701361e+00  3.463841e+00
     vertex  1.660000e+01 -4.421328e+00  3.666408e+00
   endloop
 endfacet
 facet normal  0.000000e+00 -3.184867e-01 -9.479273e-01
   outer loop
     vertex  1.500000e+01 -4.421328e+00  3.666408e+00
     vertex  1.660000e+01 -5.130302e+00  3.904611e+00
     vertex  1.500000e+01 -5.130302e+00  3.904611e+00
   endloop
 endfacet
 facet normal  0.000000e+00 -2.708405e-01 -9.626242e-01
   outer loop
     vertex  1.500000e+01 -3.701361e+00  3.463841e+00
     vertex  1.660000e+01 -3.701361e+00  3.463841e+00
     vertex  1.500000e+01 -4.421328e+00  3.666408e+00
   endloop
 endfacet
 facet normal  0.000000e+00 -2.225209e-01 -9.749279e-01
   outer loop
     vertex  1.500000e+01 -2.972192e+00  3.297413e+00
     vertex  1.660000e+01 -2.972192e+00  3.297413e+00
     vertex  1.660000e+01 -3.701361e+00  3.463841e+00
   endloop
 endfacet
 facet normal  0.000000e+00 -1.736482e-01 -9.848078e-01
   outer loop
     vertex  1.500000e+01 -2.972192e+00  3.297413e+00
     vertex  1.660000e+01 -2.235634e+00  3.167538e+00
     vertex  1.660000e+01 -2.972192e+00  3.297413e+00
   endloop
 endfacet
 facet normal  0.000000e+00 -2.225209e-01 -9.749279e-01
   outer loop
     vertex  1.500000e+01 -2.972192e+00  3.297413e+00
     vertex  1.660000e+01 -3.701361e+00  3.463841e+00
     vertex  1.500000e+01 -3.701361e+00  3.463841e+00
   endloop
 endfacet
 facet normal  0.000000e+00 -1.736482e-01 -9.848078e-01
   outer loop
     vertex  1.500000e+01 -2.235634e+00  3.167538e+00
     vertex  1.660000e+01 -2.235634e+00  3.167538e+00
     vertex  1.500000e+01 -2.972192e+00  3.297413e+00
   endloop
 endfacet
 facet normal  0.000000e+00 -1.243437e-01 -9.922392e-01
   outer loop
     vertex  1.500000e+01 -1.493518e+00  3.074538e+00
     vertex  1.660000e+01 -1.493518e+00  3.074538e+00
     vertex  1.660000e+01 -2.235634e+00  3.167538e+00
   endloop
 endfacet
 facet normal  0.000000e+00 -1.243437e-01 -9.922392e-01
   outer loop
     vertex  1.500000e+01 -1.493518e+00  3.074538e+00
     vertex  1.660000e+01 -2.235634e+00  3.167538e+00
     vertex  1.500000e+01 -2.235634e+00  3.167538e+00
   endloop
 endfacet
 facet normal  0.000000e+00 -7.473009e-02 -9.972038e-01
   outer loop
     vertex  1.500000e+01 -7.476883e-01  3.018646e+00
     vertex  1.660000e+01 -7.476883e-01  3.018646e+00
     vertex  1.660000e+01 -1.493518e+00  3.074538e+00
   endloop
 endfacet
 facet normal  0.000000e+00 -7.473009e-02 -9.972038e-01
   outer loop
     vertex  1.500000e+01 -7.476883e-01  3.018646e+00
     vertex  1.660000e+01 -1.493518e+00  3.074538e+00
     vertex  1.500000e+01 -1.493518e+00  3.074538e+00
   endloop
 endfacet
 facet normal  0.000000e+00 -2.493069e-02 -9.996892e-01
   outer loop
     vertex  1.500000e+01  0.000000e+00  3.000000e+00
     vertex  1.660000e+01  0.000000e+00  3.000000e+00
     vertex  1.660000e+01 -7.476883e-01  3.018646e+00
   endloop
 endfacet
 facet normal  0.000000e+00 -2.493069e-02 -9.996892e-01
   outer loop
     vertex  1.500000e+01  0.000000e+00  3.000000e+00
     vertex  1.660000e+01 -7.476883e-01  3.018646e+00
     vertex  1.500000e+01 -7.476883e-01  3.018646e+00
   endloop
 endfacet
 facet normal -1.000000e+00  0.000000e+00  0.000000e+00
   outer loop
     vertex  1.500000e+01 -1.172747e+01  2.735235e+01
     vertex  1.500000e+01 -1.124672e+01  2.792529e+01
     vertex  1.500000e+01 -1.073800e+01  2.847355e+01
   endloop
 endfacet
 facet normal -1.000000e+00  0.000000e+00  0.000000e+00
   outer loop
     vertex  1.500000e+01 -9.057066e+00  2.995699e+01
     vertex  1.500000e+01 -1.020259e+01  2.899578e+01
     vertex  1.500000e+01 -9.641814e+00  2.949067e+01
   endloop
 endfacet
 facet normal -1.000000e+00  0.000000e+00  0.000000e+00
   outer loop
     vertex  1.500000e+01 -9.057066e+00  2.995699e+01
     vertex  1.500000e+01 -1.073800e+01  2.847355e+01
     vertex  1.500000e+01 -1.020259e+01  2.899578e+01
   endloop
 endfacet
 facet normal -1.000000e+00  0.000000e+00  0.000000e+00
   outer loop
     vertex  1.500000e+01 -1.260039e+01  2.613819e+01
     vertex  1.500000e+01 -1.217907e+01  2.675616e+01
     vertex  1.500000e+01 -1.172747e+01  2.735235e+01
   endloop
 endfacet
 facet normal -1.000000e+00  0.000000e+00  0.000000e+00
   outer loop
     vertex  1.500000e+01 -1.299038e+01  2.550000e+01
     vertex  1.500000e+01 -1.260039e+01  2.613819e+01
     vertex  1.500000e+01 -1.172747e+01  2.735235e+01
   endloop
 endfacet
 facet normal -1.000000e+00  0.000000e+00  0.000000e+00
   outer loop
     vertex  1.500000e+01 -6.508256e+00  3.151453e+01
     vertex  1.500000e+01 -7.821528e+00  3.079936e+01
     vertex  1.500000e+01 -7.173810e+00  3.117332e+01
   endloop
 endfacet
 facet normal -1.000000e+00  0.000000e+00  0.000000e+00
   outer loop
     vertex  1.500000e+01 -5.826522e+00  3.182214e+01
     vertex  1.500000e+01 -7.821528e+00  3.079936e+01
     vertex  1.500000e+01 -6.508256e+00  3.151453e+01
   endloop
 endfacet
 facet normal -1.000000e+00  0.000000e+00  0.000000e+00
   outer loop
     vertex  1.500000e+01 -1.396311e+01  2.348012e+01
     vertex  1.500000e+01 -1.367259e+01  2.416931e+01
     vertex  1.500000e+01 -1.334808e+01  2.484316e+01
   endloop
 endfacet
 facet normal -1.000000e+00  0.000000e+00  0.000000e+00
   outer loop
     vertex  1.500000e+01 -4.421328e+00  3.233359e+01
     vertex  1.500000e+01 -1.172747e+01  2.735235e+01
     vertex  1.500000e+01 -1.073800e+01  2.847355e+01
   endloop
 endfacet
 facet normal -1.000000e+00  0.000000e+00  0.000000e+00
   outer loop
     vertex  1.500000e+01 -4.421328e+00  3.233359e+01
     vertex  1.500000e+01 -1.073800e+01  2.847355e+01
     vertex  1.500000e+01 -9.057066e+00  2.995699e+01
   endloop
 endfacet
 facet normal -1.000000e+00  0.000000e+00  0.000000e+00
   outer loop
     vertex  1.500000e+01 -4.421328e+00  3.233359e+01
     vertex  1.500000e+01 -1.299038e+01  2.550000e+01
     vertex  1.500000e+01 -1.172747e+01  2.735235e+01
   endloop
 endfacet
 facet normal -1.000000e+00  0.000000e+00  0.000000e+00
   outer loop
     vertex  1.500000e+01 -4.421328e+00  3.233359e+01
     vertex  1.500000e+01 -7.821528e+00  3.079936e+01
     vertex  1.500000e+01 -5.826522e+00  3.182214e+01
   endloop
 endfacet
 facet normal -1.000000e+00  0.000000e+00  0.000000e+00
   outer loop
     vertex  1.500000e+01 -4.421328e+00  3.233359e+01
     vertex  1.500000e+01 -5.826522e+00  3.182214e+01
     vertex  1.500000e+01 -5.130302e+00  3.209539e+01
   endloop
 endfacet
 facet normal -1.000000e+00  0.000000e+00  0.000000e+00
   outer loop
     vertex  1.500000e+01 -4.421328e+00  3.233359e+01
     vertex  1.500000e+01 -8.449801e+00  3.039358e+01
     vertex  1.500000e+01 -7.821528e+00  3.079936e+01
   endloop
 endfacet
 facet normal -1.000000e+00  0.000000e+00  0.000000e+00
   outer loop
     vertex  1.500000e+01 -4.421328e+00  3.233359e+01
     vertex  1.500000e+01 -9.057066e+00  2.995699e+01
     vertex  1.500000e+01 -8.449801e+00  3.039358e+01
   endloop
 endfacet
 facet normal -1.000000e+00  0.000000e+00  0.000000e+00
   outer loop
     vertex  1.500000e+01 -1.462392e+01  2.133781e+01
     vertex  1.500000e+01 -1.396311e+01  2.348012e+01
     vertex  1.500000e+01 -1.334808e+01  2.484316e+01
   endloop
 endfacet
 facet normal -1.000000e+00  0.000000e+00  0.000000e+00
   outer loop
     vertex  1.500000e+01 -1.462392e+01  2.133781e+01
     vertex  1.500000e+01 -1.421891e+01  2.277730e+01
     vertex  1.500000e+01 -1.396311e+01  2.348012e+01
   endloop
 endfacet
 facet normal -1.000000e+00  0.000000e+00  0.000000e+00
   outer loop
     vertex  1.500000e+01 -1.462392e+01  2.133781e+01
     vertex  1.500000e+01 -1.443936e+01  2.206261e+01
     vertex  1.500000e+01 -1.421891e+01  2.277730e+01
   endloop
 endfacet
 facet normal -1.000000e+00  0.000000e+00  0.000000e+00
   outer loop
     vertex  1.500000e+01 -2.235634e+00  3.283246e+01
     vertex  1.500000e+01 -3.701361e+00  3.253616e+01
     vertex  1.500000e+01 -2.972192e+00  3.270259e+01
   endloop
 endfacet
 facet normal -1.000000e+00  0.000000e+00  0.000000e+00
   outer loop
     vertex  1.500000e+01 -2.235634e+00  3.283246e+01
     vertex  1.500000e+01 -4.421328e+00  3.233359e+01
     vertex  1.500000e+01 -3.701361e+00  3.253616e+01
   endloop
 endfacet
 facet normal -1.000000e+00  0.000000e+00  0.000000e+00
   outer loop
     vertex  1.500000e+01 -1.488359e+01  1.986516e+01
     vertex  1.500000e+01 -1.477212e+01  2.060472e+01
     vertex  1.500000e+01 -1.462392e+01  2.133781e+01
   endloop
 endfacet
 facet normal -1.000000e+00  0.000000e+00  0.000000e+00
   outer loop
     vertex  1.500000e+01 -1.499534e+01  1.837396e+01
     vertex  1.500000e+01 -1.488359e+01  1.986516e+01
     vertex  1.500000e+01 -1.462392e+01  2.133781e+01
   endloop
 endfacet
 facet normal -1.000000e+00  0.000000e+00  0.000000e+00
   outer loop
     vertex  1.500000e+01 -1.499534e+01  1.837396e+01
     vertex  1.500000e+01 -1.495806e+01  1.912095e+01
     vertex  1.500000e+01 -1.488359e+01  1.986516e+01
   endloop
 endfacet
 facet normal -1.000000e+00  0.000000e+00  0.000000e+00
   outer loop
     vertex  1.500000e+01 -5.145373e-14  3.300000e+01
     vertex  1.500000e+01 -1.493518e+00  3.292546e+01
     vertex  1.500000e+01 -7.476883e-01  3.298135e+01
   endloop
 endfacet
 facet normal -1.000000e+00  0.000000e+00  0.000000e+00
   outer loop
     vertex  1.500000e+01 -5.145373e-14  3.300000e+01
     vertex  1.500000e+01 -2.235634e+00  3.283246e+01
     vertex  1.500000e+01 -1.493518e+00  3.292546e+01
   endloop
 endfacet
 facet normal -1.000000e+00  0.000000e+00  0.000000e+00
   outer loop
     vertex  1.500000e+01 -5.145373e-14  3.300000e+01
     vertex  1.500000e+01 -4.421328e+00  3.233359e+01
     vertex  1.500000e+01 -2.235634e+00  3.283246e+01
   endloop
 endfacet
 facet normal -1.000000e+00  0.000000e+00  0.000000e+00
   outer loop
     vertex  1.500000e+01 -1.499534e+01  1.762604e+01
     vertex  1.500000e+01 -1.462392e+01  2.133781e+01
     vertex  1.500000e+01 -1.334808e+01  2.484316e+01
   endloop
 endfacet
 facet normal -1.000000e+00  0.000000e+00  0.000000e+00
   outer loop
     vertex  1.500000e+01 -1.499534e+01  1.762604e+01
     vertex  1.500000e+01 -1.334808e+01  2.484316e+01
     vertex  1.500000e+01 -1.299038e+01  2.550000e+01
   endloop
 endfacet
 facet normal -1.000000e+00  0.000000e+00  0.000000e+00
   outer loop
     vertex  1.500000e+01 -1.499534e+01  1.762604e+01
     vertex  1.500000e+01 -1.499534e+01  1.837396e+01
     vertex  1.500000e+01 -1.462392e+01  2.133781e+01
   endloop
 endfacet
 facet normal -1.000000e+00  0.000000e+00  0.000000e+00
   outer loop
     vertex  1.500000e+01  1.493518e+00  3.292546e+01
     vertex  1.500000e+01 -5.145373e-14  3.300000e+01
     vertex  1.500000e+01  7.476883e-01  3.298135e+01
   endloop
 endfacet
 facet normal -1.000000e+00  0.000000e+00  0.000000e+00
   outer loop
     vertex  1.500000e+01  2.235634e+00  3.283246e+01
     vertex  1.500000e+01 -5.145373e-14  3.300000e+01
     vertex  1.500000e+01  1.493518e+00  3.292546e+01
   endloop
 endfacet
 facet normal -1.000000e+00  0.000000e+00  0.000000e+00
   outer loop
     vertex  1.500000e+01 -1.462392e+01  1.466219e+01
     vertex  1.500000e+01 -1.488359e+01  1.613484e+01
     vertex  1.500000e+01 -1.495806e+01  1.687905e+01
   endloop
 endfacet
 facet normal -1.000000e+00  0.000000e+00  0.000000e+00
   outer loop
     vertex  1.500000e+01 -1.462392e+01  1.466219e+01
     vertex  1.500000e+01 -1.477212e+01  1.539528e+01
     vertex  1.500000e+01 -1.488359e+01  1.613484e+01
   endloop
 endfacet
 facet normal -1.000000e+00  0.000000e+00  0.000000e+00
   outer loop
     vertex  1.500000e+01 -1.443936e+01  1.393739e+01
     vertex  1.500000e+01 -1.462392e+01  1.466219e+01
     vertex  1.500000e+01 -1.495806e+01  1.687905e+01
   endloop
 endfacet
 facet normal -1.000000e+00  0.000000e+00  0.000000e+00
   outer loop
     vertex  1.500000e+01 -1.443936e+01  1.393739e+01
     vertex  1.500000e+01 -1.495806e+01  1.687905e+01
     vertex  1.500000e+01 -1.499534e+01  1.762604e+01
   endloop
 endfacet
 facet normal -1.000000e+00  0.000000e+00  0.000000e+00
   outer loop
     vertex  1.500000e+01  4.421328e+00  3.233359e+01
     vertex  1.500000e+01 -5.145373e-14  3.300000e+01
     vertex  1.500000e+01  2.235634e+00  3.283246e+01
   endloop
 endfacet
 facet normal -1.000000e+00  0.000000e+00  0.000000e+00
   outer loop
     vertex  1.500000e+01  4.421328e+00  3.233359e+01
     vertex  1.500000e+01  2.972192e+00  3.270259e+01
     vertex  1.500000e+01  3.701361e+00  3.253616e+01
   endloop
 endfacet
 facet normal -1.000000e+00  0.000000e+00  0.000000e+00
   outer loop
     vertex  1.500000e+01  4.421328e+00  3.233359e+01
     vertex  1.500000e+01  2.235634e+00  3.283246e+01
     vertex  1.500000e+01  2.972192e+00  3.270259e+01
   endloop
 endfacet
 facet normal -1.000000e+00 -0.000000e+00  0.000000e+00
   outer loop
     vertex  1.500000e+01  4.421328e+00  3.233359e+01
     vertex  1.500000e+01 -4.421328e+00  3.233359e+01
     vertex  1.500000e+01 -5.145373e-14  3.300000e+01
   endloop
 endfacet
 facet normal -1.000000e+00  0.000000e+00  0.000000e+00
   outer loop
     vertex  1.500000e+01  5.826522e+00  3.182214e+01
     vertex  1.500000e+01  4.421328e+00  3.233359e+01
     vertex  1.500000e+01  5.130302e+00  3.209539e+01
   endloop
 endfacet
 facet normal -1.000000e+00  0.000000e+00  0.000000e+00
   outer loop
     vertex  1.500000e+01  6.508256e+00  3.151453e+01
     vertex  1.500000e+01  4.421328e+00  3.233359e+01
     vertex  1.500000e+01  5.826522e+00  3.182214e+01
   endloop
 endfacet
 facet normal -1.000000e+00  0.000000e+00  0.000000e+00
   outer loop
     vertex  1.500000e+01  7.173810e+00  3.117332e+01
     vertex  1.500000e+01  4.421328e+00  3.233359e+01
     vertex  1.500000e+01  6.508256e+00  3.151453e+01
   endloop
 endfacet
 facet normal -1.000000e+00  0.000000e+00  0.000000e+00
   outer loop
     vertex  1.500000e+01 -1.260039e+01  9.861806e+00
     vertex  1.500000e+01 -1.421891e+01  1.322270e+01
     vertex  1.500000e+01 -1.443936e+01  1.393739e+01
   endloop
 endfacet
 facet normal -1.000000e+00  0.000000e+00  0.000000e+00
   outer loop
     vertex  1.500000e+01 -1.260039e+01  9.861806e+00
     vertex  1.500000e+01 -1.396311e+01  1.251988e+01
     vertex  1.500000e+01 -1.421891e+01  1.322270e+01
   endloop
 endfacet
 facet normal -1.000000e+00  0.000000e+00  0.000000e+00
   outer loop
     vertex  1.500000e+01 -1.260039e+01  9.861806e+00
     vertex  1.500000e+01 -1.367259e+01  1.183069e+01
     vertex  1.500000e+01 -1.396311e+01  1.251988e+01
   endloop
 endfacet
 facet normal -1.000000e+00  0.000000e+00  0.000000e+00
   outer loop
     vertex  1.500000e+01 -1.260039e+01  9.861806e+00
     vertex  1.500000e+01 -1.334808e+01  1.115684e+01
     vertex  1.500000e+01 -1.367259e+01  1.183069e+01
   endloop
 endfacet
 facet normal -1.000000e+00  0.000000e+00  0.000000e+00
   outer loop
     vertex  1.500000e+01 -1.260039e+01  9.861806e+00
     vertex  1.500000e+01 -1.299038e+01  1.050000e+01
     vertex  1.500000e+01 -1.334808e+01  1.115684e+01
   endloop
 endfacet
 facet normal -1.000000e+00  0.000000e+00  0.000000e+00
   outer loop
     vertex  1.500000e+01 -1.260039e+01  9.861806e+00
     vertex  1.500000e+01 -1.443936e+01  1.393739e+01
     vertex  1.500000e+01 -1.499534e+01  1.762604e+01
   endloop
 endfacet
 facet normal -1.000000e+00  0.000000e+00  0.000000e+00
   outer loop
     vertex  1.500000e+01 -1.260039e+01  9.861806e+00
     vertex  1.500000e+01 -1.499534e+01  1.762604e+01
     vertex  1.500000e+01 -1.299038e+01  2.550000e+01
   endloop
 endfacet
 facet normal -1.000000e+00  0.000000e+00  0.000000e+00
   outer loop
     vertex  1.500000e+01  9.057066e+00  2.995699e+01
     vertex  1.500000e+01  4.421328e+00  3.233359e+01
     vertex  1.500000e+01  7.173810e+00  3.117332e+01
   endloop
 endfacet
 facet normal -1.000000e+00  0.000000e+00  0.000000e+00
   outer loop
     vertex  1.500000e+01  9.057066e+00  2.995699e+01
     vertex  1.500000e+01  7.821528e+00  3.079936e+01
     vertex  1.500000e+01  8.449801e+00  3.039358e+01
   endloop
 endfacet
 facet normal -1.000000e+00  0.000000e+00  0.000000e+00
   outer loop
     vertex  1.500000e+01  9.057066e+00  2.995699e+01
     vertex  1.500000e+01  7.173810e+00  3.117332e+01
     vertex  1.500000e+01  7.821528e+00  3.079936e+01
   endloop
 endfacet
 facet normal -1.000000e+00  0.000000e+00  0.000000e+00
   outer loop
     vertex  1.500000e+01 -1.073800e+01  7.526448e+00
     vertex  1.500000e+01 -1.172747e+01  8.647653e+00
     vertex  1.500000e+01 -1.217907e+01  9.243845e+00
   endloop
 endfacet
 facet normal -1.000000e+00  0.000000e+00  0.000000e+00
   outer loop
     vertex  1.500000e+01 -1.073800e+01  7.526448e+00
     vertex  1.500000e+01 -1.124672e+01  8.074712e+00
     vertex  1.500000e+01 -1.172747e+01  8.647653e+00
   endloop
 endfacet
 facet normal -1.000000e+00  0.000000e+00  0.000000e+00
   outer loop
     vertex  1.500000e+01  1.073800e+01  2.847355e+01
     vertex  1.500000e+01  4.421328e+00  3.233359e+01
     vertex  1.500000e+01  9.057066e+00  2.995699e+01
   endloop
 endfacet
 facet normal -1.000000e+00  0.000000e+00  0.000000e+00
   outer loop
     vertex  1.500000e+01  1.073800e+01  2.847355e+01
     vertex  1.500000e+01  9.641814e+00  2.949067e+01
     vertex  1.500000e+01  1.020259e+01  2.899578e+01
   endloop
 endfacet
 facet normal -1.000000e+00  0.000000e+00  0.000000e+00
   outer loop
     vertex  1.500000e+01  1.073800e+01  2.847355e+01
     vertex  1.500000e+01  9.057066e+00  2.995699e+01
     vertex  1.500000e+01  9.641814e+00  2.949067e+01
   endloop
 endfacet
 facet normal -1.000000e+00  0.000000e+00  0.000000e+00
   outer loop
     vertex  1.500000e+01 -9.641814e+00  6.509333e+00
     vertex  1.500000e+01 -1.020259e+01  7.004222e+00
     vertex  1.500000e+01 -1.073800e+01  7.526448e+00
   endloop
 endfacet
 facet normal -1.000000e+00  0.000000e+00  0.000000e+00
   outer loop
     vertex  1.500000e+01  1.172747e+01  2.735235e+01
     vertex  1.500000e+01  1.073800e+01  2.847355e+01
     vertex  1.500000e+01  1.124672e+01  2.792529e+01
   endloop
 endfacet
 facet normal -1.000000e+00  0.000000e+00  0.000000e+00
   outer loop
     vertex  1.500000e+01 -8.449801e+00  5.606418e+00
     vertex  1.500000e+01 -1.217907e+01  9.243845e+00
     vertex  1.500000e+01 -1.260039e+01  9.861806e+00
   endloop
 endfacet
 facet normal -1.000000e+00  0.000000e+00  0.000000e+00
   outer loop
     vertex  1.500000e+01 -8.449801e+00  5.606418e+00
     vertex  1.500000e+01 -9.057066e+00  6.043012e+00
     vertex  1.500000e+01 -9.641814e+00  6.509333e+00
   endloop
 endfacet
 facet normal -1.000000e+00  0.000000e+00  0.000000e+00
   outer loop
     vertex  1.500000e+01 -8.449801e+00  5.606418e+00
     vertex  1.500000e+01 -1.260039e+01  9.861806e+00
     vertex  1.500000e+01 -1.299038e+01  2.550000e+01
   endloop
 endfacet
 facet normal -1.000000e+00  0.000000e+00  0.000000e+00
   outer loop
     vertex  1.500000e+01 -8.449801e+00  5.606418e+00
     vertex  1.500000e+01 -1.073800e+01  7.526448e+00
     vertex  1.500000e+01 -1.217907e+01  9.243845e+00
   endloop
 endfacet
 facet normal -1.000000e+00  0.000000e+00  0.000000e+00
   outer loop
     vertex  1.500000e+01 -8.449801e+00  5.606418e+00
     vertex  1.500000e+01 -1.299038e+01  2.550000e+01
     vertex  1.500000e+01 -4.421328e+00  3.233359e+01
   endloop
 endfacet
 facet normal -1.000000e+00  0.000000e+00  0.000000e+00
   outer loop
     vertex  1.500000e+01 -8.449801e+00  5.606418e+00
     vertex  1.500000e+01 -9.641814e+00  6.509333e+00
     vertex  1.500000e+01 -1.073800e+01  7.526448e+00
   endloop
 endfacet
 facet normal -1.000000e+00  0.000000e+00  0.000000e+00
   outer loop
     vertex  1.500000e+01  1.260039e+01  2.613819e+01
     vertex  1.500000e+01  1.172747e+01  2.735235e+01
     vertex  1.500000e+01  1.217907e+01  2.675616e+01
   endloop
 endfacet
 facet normal -1.000000e+00  0.000000e+00  0.000000e+00
   outer loop
     vertex  1.500000e+01  1.260039e+01  2.613819e+01
     vertex  1.500000e+01  1.073800e+01  2.847355e+01
     vertex  1.500000e+01  1.172747e+01  2.735235e+01
   endloop
 endfacet
 facet normal -1.000000e+00  0.000000e+00  0.000000e+00
   outer loop
     vertex  1.500000e+01 -7.821528e+00  5.200637e+00
     vertex  1.500000e+01 -8.449801e+00  5.606418e+00
     vertex  1.500000e+01 -4.421328e+00  3.233359e+01
   endloop
 endfacet
 facet normal -1.000000e+00  0.000000e+00  0.000000e+00
   outer loop
     vertex  1.500000e+01  1.299038e+01  2.550000e+01
     vertex  1.500000e+01  4.421328e+00  3.233359e+01
     vertex  1.500000e+01  1.073800e+01  2.847355e+01
   endloop
 endfacet
 facet normal -1.000000e+00  0.000000e+00  0.000000e+00
   outer loop
     vertex  1.500000e+01  1.299038e+01  2.550000e+01
     vertex  1.500000e+01  1.073800e+01  2.847355e+01
     vertex  1.500000e+01  1.260039e+01  2.613819e+01
   endloop
 endfacet
 facet normal -1.000000e+00  0.000000e+00  0.000000e+00
   outer loop
     vertex  1.500000e+01  1.421891e+01  2.277730e+01
     vertex  1.500000e+01  1.367259e+01  2.416931e+01
     vertex  1.500000e+01  1.396311e+01  2.348012e+01
   endloop
 endfacet
 facet normal -1.000000e+00  0.000000e+00  0.000000e+00
   outer loop
     vertex  1.500000e+01  1.421891e+01  2.277730e+01
     vertex  1.500000e+01  1.334808e+01  2.484316e+01
     vertex  1.500000e+01  1.367259e+01  2.416931e+01
   endloop
 endfacet
 facet normal -1.000000e+00  0.000000e+00  0.000000e+00
   outer loop
     vertex  1.500000e+01 -4.421328e+00  3.666408e+00
     vertex  1.500000e+01 -5.130302e+00  3.904611e+00
     vertex  1.500000e+01 -5.826522e+00  4.177857e+00
   endloop
 endfacet
 facet normal -1.000000e+00  0.000000e+00  0.000000e+00
   outer loop
     vertex  1.500000e+01  1.443936e+01  2.206261e+01
     vertex  1.500000e+01  1.299038e+01  2.550000e+01
     vertex  1.500000e+01  1.334808e+01  2.484316e+01
   endloop
 endfacet
 facet normal -1.000000e+00  0.000000e+00  0.000000e+00
   outer loop
     vertex  1.500000e+01  1.443936e+01  2.206261e+01
     vertex  1.500000e+01  4.421328e+00  3.233359e+01
     vertex  1.500000e+01  1.299038e+01  2.550000e+01
   endloop
 endfacet
 facet normal -1.000000e+00  0.000000e+00  0.000000e+00
   outer loop
     vertex  1.500000e+01  1.443936e+01  2.206261e+01
     vertex  1.500000e+01  1.334808e+01  2.484316e+01
     vertex  1.500000e+01  1.421891e+01  2.277730e+01
   endloop
 endfacet
 facet normal -1.000000e+00  0.000000e+00  0.000000e+00
   outer loop
     vertex  1.500000e+01  1.477212e+01  2.060472e+01
     vertex  1.500000e+01  1.443936e+01  2.206261e+01
     vertex  1.500000e+01  1.462392e+01  2.133781e+01
   endloop
 endfacet
 facet normal -1.000000e+00  0.000000e+00  0.000000e+00
   outer loop
     vertex  1.500000e+01 -2.235634e+00  3.167538e+00
     vertex  1.500000e+01 -2.972192e+00  3.297413e+00
     vertex  1.500000e+01 -3.701361e+00  3.463841e+00
   endloop
 endfacet
 facet normal -1.000000e+00  0.000000e+00  0.000000e+00
   outer loop
     vertex  1.500000e+01 -7.476883e-01  3.018646e+00
     vertex  1.500000e+01 -1.493518e+00  3.074538e+00
     vertex  1.500000e+01 -2.235634e+00  3.167538e+00
   endloop
 endfacet
 facet normal -1.000000e+00  0.000000e+00  0.000000e+00
   outer loop
     vertex  1.500000e+01 -7.476883e-01  3.018646e+00
     vertex  1.500000e+01 -2.235634e+00  3.167538e+00
     vertex  1.500000e+01 -3.701361e+00  3.463841e+00
   endloop
 endfacet
 facet normal -1.000000e+00  0.000000e+00  0.000000e+00
   outer loop
     vertex  1.500000e+01  1.499534e+01  1.837396e+01
     vertex  1.500000e+01  1.488359e+01  1.986516e+01
     vertex  1.500000e+01  1.495806e+01  1.912095e+01
   endloop
 endfacet
 facet normal -1.000000e+00  0.000000e+00  0.000000e+00
   outer loop
     vertex  1.500000e+01  1.499534e+01  1.837396e+01
     vertex  1.500000e+01  1.477212e+01  2.060472e+01
     vertex  1.500000e+01  1.488359e+01  1.986516e+01
   endloop
 endfacet
 facet normal -1.000000e+00  0.000000e+00  0.000000e+00
   outer loop
     vertex  1.500000e+01  1.499534e+01  1.837396e+01
     vertex  1.500000e+01  1.443936e+01  2.206261e+01
     vertex  1.500000e+01  1.477212e+01  2.060472e+01
   endloop
 endfacet
 facet normal -1.000000e+00  0.000000e+00  0.000000e+00
   outer loop
     vertex  1.500000e+01  0.000000e+00  3.000000e+00
     vertex  1.500000e+01 -7.476883e-01  3.018646e+00
     vertex  1.500000e+01 -3.701361e+00  3.463841e+00
   endloop
 endfacet
 facet normal -1.000000e+00 -0.000000e+00  0.000000e+00
   outer loop
     vertex  1.500000e+01  7.476883e-01  3.018646e+00
     vertex  1.500000e+01  0.000000e+00  3.000000e+00
     vertex  1.500000e+01 -3.701361e+00  3.463841e+00
   endloop
 endfacet
 facet normal -1.000000e+00  0.000000e+00  0.000000e+00
   outer loop
     vertex  1.500000e+01  7.476883e-01  3.018646e+00
     vertex  1.500000e+01 -3.701361e+00  3.463841e+00
     vertex  1.500000e+01 -4.421328e+00  3.666408e+00
   endloop
 endfacet
 facet normal -1.000000e+00  0.000000e+00  0.000000e+00
   outer loop
     vertex  1.500000e+01  1.495806e+01  1.687905e+01
     vertex  1.500000e+01  1.499534e+01  1.837396e+01
     vertex  1.500000e+01  1.499534e+01  1.762604e+01
   endloop
 endfacet
 facet normal -1.000000e+00 -0.000000e+00  0.000000e+00
   outer loop
     vertex  1.500000e+01  1.493518e+00  3.074538e+00
     vertex  1.500000e+01  7.476883e-01  3.018646e+00
     vertex  1.500000e+01 -4.421328e+00  3.666408e+00
   endloop
 endfacet
 facet normal -1.000000e+00  0.000000e+00  0.000000e+00
   outer loop
     vertex  1.500000e+01  1.488359e+01  1.613484e+01
     vertex  1.500000e+01  1.499534e+01  1.837396e+01
     vertex  1.500000e+01  1.495806e+01  1.687905e+01
   endloop
 endfacet
 facet normal -1.000000e+00  0.000000e+00  0.000000e+00
   outer loop
     vertex  1.500000e+01  2.972192e+00  3.297413e+00
     vertex  1.500000e+01  2.235634e+00  3.167538e+00
     vertex  1.500000e+01  1.493518e+00  3.074538e+00
   endloop
 endfacet
 facet normal -1.000000e+00 -0.000000e+00  0.000000e+00
   outer loop
     vertex  1.500000e+01  2.972192e+00  3.297413e+00
     vertex  1.500000e+01  1.493518e+00  3.074538e+00
     vertex  1.500000e+01 -4.421328e+00  3.666408e+00
   endloop
 endfacet
 facet normal -1.000000e+00  0.000000e+00  0.000000e+00
   outer loop
     vertex  1.500000e+01  1.443936e+01  1.393739e+01
     vertex  1.500000e+01  1.499534e+01  1.837396e+01
     vertex  1.500000e+01  1.488359e+01  1.613484e+01
   endloop
 endfacet
 facet normal -1.000000e+00  0.000000e+00  0.000000e+00
   outer loop
     vertex  1.500000e+01  1.443936e+01  1.393739e+01
     vertex  1.500000e+01  1.477212e+01  1.539528e+01
     vertex  1.500000e+01  1.462392e+01  1.466219e+01
   endloop
 endfacet
 facet normal -1.000000e+00  0.000000e+00  0.000000e+00
   outer loop
     vertex  1.500000e+01  1.443936e+01  1.393739e+01
     vertex  1.500000e+01  1.488359e+01  1.613484e+01
     vertex  1.500000e+01  1.477212e+01  1.539528e+01
   endloop
 endfacet
 facet normal -1.000000e+00  0.000000e+00  0.000000e+00
   outer loop
     vertex  1.500000e+01  4.421328e+00  3.666408e+00
     vertex  1.500000e+01  3.701361e+00  3.463841e+00
     vertex  1.500000e+01  2.972192e+00  3.297413e+00
   endloop
 endfacet
 facet normal -1.000000e+00  0.000000e+00  0.000000e+00
   outer loop
     vertex  1.500000e+01  4.421328e+00  3.666408e+00
     vertex  1.500000e+01  2.972192e+00  3.297413e+00
     vertex  1.500000e+01 -4.421328e+00  3.666408e+00
   endloop
 endfacet
 facet normal -1.000000e+00  0.000000e+00  0.000000e+00
   outer loop
     vertex  1.500000e+01  5.130302e+00  3.904611e+00
     vertex  1.500000e+01 -7.173810e+00  4.826676e+00
     vertex  1.500000e+01 -7.821528e+00  5.200637e+00
   endloop
 endfacet
 facet normal -1.000000e+00  0.000000e+00  0.000000e+00
   outer loop
     vertex  1.500000e+01  5.130302e+00  3.904611e+00
     vertex  1.500000e+01 -6.508256e+00  4.485467e+00
     vertex  1.500000e+01 -7.173810e+00  4.826676e+00
   endloop
 endfacet
 facet normal -1.000000e+00  0.000000e+00  0.000000e+00
   outer loop
     vertex  1.500000e+01  5.130302e+00  3.904611e+00
     vertex  1.500000e+01 -5.826522e+00  4.177857e+00
     vertex  1.500000e+01 -6.508256e+00  4.485467e+00
   endloop
 endfacet
 facet normal -1.000000e+00  0.000000e+00  0.000000e+00
   outer loop
     vertex  1.500000e+01  5.130302e+00  3.904611e+00
     vertex  1.500000e+01 -7.821528e+00  5.200637e+00
     vertex  1.500000e+01 -4.421328e+00  3.233359e+01
   endloop
 endfacet
 facet normal -1.000000e+00  0.000000e+00  0.000000e+00
   outer loop
     vertex  1.500000e+01  5.130302e+00  3.904611e+00
     vertex  1.500000e+01  4.421328e+00  3.666408e+00
     vertex  1.500000e+01 -4.421328e+00  3.666408e+00
   endloop
 endfacet
 facet normal -1.000000e+00 -0.000000e+00  0.000000e+00
   outer loop
     vertex  1.500000e+01  5.130302e+00  3.904611e+00
     vertex  1.500000e+01 -4.421328e+00  3.666408e+00
     vertex  1.500000e+01 -5.826522e+00  4.177857e+00
   endloop
 endfacet
 facet normal -1.000000e+00  0.000000e+00  0.000000e+00
   outer loop
     vertex  1.500000e+01  5.130302e+00  3.904611e+00
     vertex  1.500000e+01 -4.421328e+00  3.233359e+01
     vertex  1.500000e+01  4.421328e+00  3.233359e+01
   endloop
 endfacet
 facet normal -1.000000e+00  0.000000e+00  0.000000e+00
   outer loop
     vertex  1.500000e+01  1.396311e+01  1.251988e+01
     vertex  1.500000e+01  1.443936e+01  1.393739e+01
     vertex  1.500000e+01  1.421891e+01  1.322270e+01
   endloop
 endfacet
 facet normal -1.000000e+00  0.000000e+00  0.000000e+00
   outer loop
     vertex  1.500000e+01  1.396311e+01  1.251988e+01
     vertex  1.500000e+01  1.499534e+01  1.837396e+01
     vertex  1.500000e+01  1.443936e+01  1.393739e+01
   endloop
 endfacet
 facet normal -1.000000e+00  0.000000e+00  0.000000e+00
   outer loop
     vertex  1.500000e+01  6.508256e+00  4.485467e+00
     vertex  1.500000e+01  5.826522e+00  4.177857e+00
     vertex  1.500000e+01  5.130302e+00  3.904611e+00
   endloop
 endfacet
 facet normal -1.000000e+00 -0.000000e+00  0.000000e+00
   outer loop
     vertex  1.500000e+01  6.508256e+00  4.485467e+00
     vertex  1.500000e+01  5.130302e+00  3.904611e+00
     vertex  1.500000e+01  4.421328e+00  3.233359e+01
   endloop
 endfacet
 facet normal -1.000000e+00  0.000000e+00  0.000000e+00
   outer loop
     vertex  1.500000e+01  1.299038e+01  1.050000e+01
     vertex  1.500000e+01  1.367259e+01  1.183069e+01
     vertex  1.500000e+01  1.334808e+01  1.115684e+01
   endloop
 endfacet
 facet normal -1.000000e+00  0.000000e+00  0.000000e+00
   outer loop
     vertex  1.500000e+01  1.299038e+01  1.050000e+01
     vertex  1.500000e+01  1.396311e+01  1.251988e+01
     vertex  1.500000e+01  1.367259e+01  1.183069e+01
   endloop
 endfacet
 facet normal -1.000000e+00  0.000000e+00  0.000000e+00
   outer loop
     vertex  1.500000e+01  1.260039e+01  9.861806e+00
     vertex  1.500000e+01  1.443936e+01  2.206261e+01
     vertex  1.500000e+01  1.499534e+01  1.837396e+01
   endloop
 endfacet
 facet normal -1.000000e+00  0.000000e+00  0.000000e+00
   outer loop
     vertex  1.500000e+01  1.260039e+01  9.861806e+00
     vertex  1.500000e+01  1.499534e+01  1.837396e+01
     vertex  1.500000e+01  1.396311e+01  1.251988e+01
   endloop
 endfacet
 facet normal -1.000000e+00  0.000000e+00  0.000000e+00
   outer loop
     vertex  1.500000e+01  1.260039e+01  9.861806e+00
     vertex  1.500000e+01  1.396311e+01  1.251988e+01
     vertex  1.500000e+01  1.299038e+01  1.050000e+01
   endloop
 endfacet
 facet normal -1.000000e+00  0.000000e+00  0.000000e+00
   outer loop
     vertex  1.500000e+01  8.449801e+00  5.606418e+00
     vertex  1.500000e+01  7.173810e+00  4.826676e+00
     vertex  1.500000e+01  6.508256e+00  4.485467e+00
   endloop
 endfacet
 facet normal -1.000000e+00  0.000000e+00  0.000000e+00
   outer loop
     vertex  1.500000e+01  8.449801e+00  5.606418e+00
     vertex  1.500000e+01  7.821528e+00  5.200637e+00
     vertex  1.500000e+01  7.173810e+00  4.826676e+00
   endloop
 endfacet
 facet normal -1.000000e+00  0.000000e+00  0.000000e+00
   outer loop
     vertex  1.500000e+01  9.057066e+00  6.043012e+00
     vertex  1.500000e+01  8.449801e+00  5.606418e+00
     vertex  1.500000e+01  6.508256e+00  4.485467e+00
   endloop
 endfacet
 facet normal -1.000000e+00  0.000000e+00  0.000000e+00
   outer loop
     vertex  1.500000e+01  1.172747e+01  8.647653e+00
     vertex  1.500000e+01  1.260039e+01  9.861806e+00
     vertex  1.500000e+01  1.217907e+01  9.243845e+00
   endloop
 endfacet
 facet normal -1.000000e+00  0.000000e+00  0.000000e+00
   outer loop
     vertex  1.500000e+01  9.641814e+00  6.509333e+00
     vertex  1.500000e+01  9.057066e+00  6.043012e+00
     vertex  1.500000e+01  6.508256e+00  4.485467e+00
   endloop
 endfacet
 facet normal -1.000000e+00  0.000000e+00  0.000000e+00
   outer loop
     vertex  1.500000e+01  1.124672e+01  8.074712e+00
     vertex  1.500000e+01  1.260039e+01  9.861806e+00
     vertex  1.500000e+01  1.172747e+01  8.647653e+00
   endloop
 endfacet
 facet normal -1.000000e+00  0.000000e+00  0.000000e+00
   outer loop
     vertex  1.500000e+01  1.020259e+01  7.004222e+00
     vertex  1.500000e+01  9.641814e+00  6.509333e+00
     vertex  1.500000e+01  6.508256e+00  4.485467e+00
   endloop
 endfacet
 facet normal -1.000000e+00 -0.000000e+00  0.000000e+00
   outer loop
     vertex  1.500000e+01  1.073800e+01  7.526448e+00
     vertex  1.500000e+01  6.508256e+00  4.485467e+00
     vertex  1.500000e+01  4.421328e+00  3.233359e+01
   endloop
 endfacet
 facet normal -1.000000e+00  0.000000e+00  0.000000e+00
   outer loop
     vertex  1.500000e+01  1.073800e+01  7.526448e+00
     vertex  1.500000e+01  1.020259e+01  7.004222e+00
     vertex  1.500000e+01  6.508256e+00  4.485467e+00
   endloop
 endfacet
 facet normal -1.000000e+00  0.000000e+00  0.000000e+00
   outer loop
     vertex  1.500000e+01  1.073800e+01  7.526448e+00
     vertex  1.500000e+01  1.443936e+01  2.206261e+01
     vertex  1.500000e+01  1.260039e+01  9.861806e+00
   endloop
 endfacet
 facet normal -1.000000e+00  0.000000e+00  0.000000e+00
   outer loop
     vertex  1.500000e+01  1.073800e+01  7.526448e+00
     vertex  1.500000e+01  1.260039e+01  9.861806e+00
     vertex  1.500000e+01  1.124672e+01  8.074712e+00
   endloop
 endfacet
 facet normal -1.000000e+00  0.000000e+00  0.000000e+00
   outer loop
     vertex  1.500000e+01  1.073800e+01  7.526448e+00
     vertex  1.500000e+01  4.421328e+00  3.233359e+01
     vertex  1.500000e+01  1.443936e+01  2.206261e+01
   endloop
 endfacet
 facet normal  1.000000e+00  0.000000e+00  0.000000e+00
   outer loop
     vertex  1.660000e+01 -1.172747e+01  2.735235e+01
     vertex  1.660000e+01 -1.073800e+01  2.847355e+01
     vertex  1.660000e+01 -1.124672e+01  2.792529e+01
   endloop
 endfacet
 facet normal  1.000000e+00  0.000000e+00  0.000000e+00
   outer loop
     vertex  1.660000e+01 -9.057066e+00  2.995699e+01
     vertex  1.660000e+01 -9.641814e+00  2.949067e+01
     vertex  1.660000e+01 -1.020259e+01  2.899578e+01
   endloop
 endfacet
 facet normal  1.000000e+00  0.000000e+00  0.000000e+00
   outer loop
     vertex  1.660000e+01 -9.057066e+00  2.995699e+01
     vertex  1.660000e+01 -1.020259e+01  2.899578e+01
     vertex  1.660000e+01 -1.073800e+01  2.847355e+01
   endloop
 endfacet
 facet normal  1.000000e+00  0.000000e+00  0.000000e+00
   outer loop
     vertex  1.660000e+01 -1.260039e+01  2.613819e+01
     vertex  1.660000e+01 -1.172747e+01  2.735235e+01
     vertex  1.660000e+01 -1.217907e+01  2.675616e+01
   endloop
 endfacet
 facet normal  1.000000e+00  0.000000e+00  0.000000e+00
   outer loop
     vertex  1.660000e+01 -1.299038e+01  2.550000e+01
     vertex  1.660000e+01 -1.172747e+01  2.735235e+01
     vertex  1.660000e+01 -1.260039e+01  2.613819e+01
   endloop
 endfacet
 facet normal  1.000000e+00  0.000000e+00  0.000000e+00
   outer loop
     vertex  1.660000e+01 -6.508256e+00  3.151453e+01
     vertex  1.660000e+01 -7.173810e+00  3.117332e+01
     vertex  1.660000e+01 -7.821528e+00  3.079936e+01
   endloop
 endfacet
 facet normal  1.000000e+00  0.000000e+00  0.000000e+00
   outer loop
     vertex  1.660000e+01 -5.826522e+00  3.182214e+01
     vertex  1.660000e+01 -6.508256e+00  3.151453e+01
     vertex  1.660000e+01 -7.821528e+00  3.079936e+01
   endloop
 endfacet
 facet normal  1.000000e+00  0.000000e+00  0.000000e+00
   outer loop
     vertex  1.660000e+01 -1.396311e+01  2.348012e+01
     vertex  1.660000e+01 -1.334808e+01  2.484316e+01
     vertex  1.660000e+01 -1.367259e+01  2.416931e+01
   endloop
 endfacet
 facet normal  1.000000e+00  0.000000e+00  0.000000e+00
   outer loop
     vertex  1.660000e+01 -4.421328e+00  3.233359e+01
     vertex  1.660000e+01 -1.073800e+01  2.847355e+01
     vertex  1.660000e+01 -1.172747e+01  2.735235e+01
   endloop
 endfacet
 facet normal  1.000000e+00  0.000000e+00  0.000000e+00
   outer loop
     vertex  1.660000e+01 -4.421328e+00  3.233359e+01
     vertex  1.660000e+01 -9.057066e+00  2.995699e+01
     vertex  1.660000e+01 -1.073800e+01  2.847355e+01
   endloop
 endfacet
 facet normal  1.000000e+00  0.000000e+00  0.000000e+00
   outer loop
     vertex  1.660000e+01 -4.421328e+00  3.233359e+01
     vertex  1.660000e+01 -1.172747e+01  2.735235e+01
     vertex  1.660000e+01 -1.299038e+01  2.550000e+01
   endloop
 endfacet
 facet normal  1.000000e+00  0.000000e+00  0.000000e+00
   outer loop
     vertex  1.660000e+01 -4.421328e+00  3.233359e+01
     vertex  1.660000e+01 -5.826522e+00  3.182214e+01
     vertex  1.660000e+01 -7.821528e+00  3.079936e+01
   endloop
 endfacet
 facet normal  1.000000e+00  0.000000e+00  0.000000e+00
   outer loop
     vertex  1.660000e+01 -4.421328e+00  3.233359e+01
     vertex  1.660000e+01 -5.130302e+00  3.209539e+01
     vertex  1.660000e+01 -5.826522e+00  3.182214e+01
   endloop
 endfacet
 facet normal  1.000000e+00  0.000000e+00  0.000000e+00
   outer loop
     vertex  1.660000e+01 -4.421328e+00  3.233359e+01
     vertex  1.660000e+01 -7.821528e+00  3.079936e+01
     vertex  1.660000e+01 -8.449801e+00  3.039358e+01
   endloop
 endfacet
 facet normal  1.000000e+00  0.000000e+00  0.000000e+00
   outer loop
     vertex  1.660000e+01 -4.421328e+00  3.233359e+01
     vertex  1.660000e+01 -8.449801e+00  3.039358e+01
     vertex  1.660000e+01 -9.057066e+00  2.995699e+01
   endloop
 endfacet
 facet normal  1.000000e+00  0.000000e+00  0.000000e+00
   outer loop
     vertex  1.660000e+01 -1.462392e+01  2.133781e+01
     vertex  1.660000e+01 -1.334808e+01  2.484316e+01
     vertex  1.660000e+01 -1.396311e+01  2.348012e+01
   endloop
 endfacet
 facet normal  1.000000e+00  0.000000e+00  0.000000e+00
   outer loop
     vertex  1.660000e+01 -1.462392e+01  2.133781e+01
     vertex  1.660000e+01 -1.396311e+01  2.348012e+01
     vertex  1.660000e+01 -1.421891e+01  2.277730e+01
   endloop
 endfacet
 facet normal  1.000000e+00  0.000000e+00  0.000000e+00
   outer loop
     vertex  1.660000e+01 -1.462392e+01  2.133781e+01
     vertex  1.660000e+01 -1.421891e+01  2.277730e+01
     vertex  1.660000e+01 -1.443936e+01  2.206261e+01
   endloop
 endfacet
 facet normal  1.000000e+00  0.000000e+00  0.000000e+00
   outer loop
     vertex  1.660000e+01 -2.235634e+00  3.283246e+01
     vertex  1.660000e+01 -2.972192e+00  3.270259e+01
     vertex  1.660000e+01 -3.701361e+00  3.253616e+01
   endloop
 endfacet
 facet normal  1.000000e+00  0.000000e+00  0.000000e+00
   outer loop
     vertex  1.660000e+01 -2.235634e+00  3.283246e+01
     vertex  1.660000e+01 -3.701361e+00  3.253616e+01
     vertex  1.660000e+01 -4.421328e+00  3.233359e+01
   endloop
 endfacet
 facet normal  1.000000e+00  0.000000e+00  0.000000e+00
   outer loop
     vertex  1.660000e+01 -1.488359e+01  1.986516e+01
     vertex  1.660000e+01 -1.462392e+01  2.133781e+01
     vertex  1.660000e+01 -1.477212e+01  2.060472e+01
   endloop
 endfacet
 facet normal  1.000000e+00  0.000000e+00  0.000000e+00
   outer loop
     vertex  1.660000e+01 -1.499534e+01  1.837396e+01
     vertex  1.660000e+01 -1.462392e+01  2.133781e+01
     vertex  1.660000e+01 -1.488359e+01  1.986516e+01
   endloop
 endfacet
 facet normal  1.000000e+00  0.000000e+00  0.000000e+00
   outer loop
     vertex  1.660000e+01 -1.499534e+01  1.837396e+01
     vertex  1.660000e+01 -1.488359e+01  1.986516e+01
     vertex  1.660000e+01 -1.495806e+01  1.912095e+01
   endloop
 endfacet
 facet normal  1.000000e+00  0.000000e+00  0.000000e+00
   outer loop
     vertex  1.660000e+01 -5.145373e-14  3.300000e+01
     vertex  1.660000e+01 -7.476883e-01  3.298135e+01
     vertex  1.660000e+01 -1.493518e+00  3.292546e+01
   endloop
 endfacet
 facet normal  1.000000e+00  0.000000e+00  0.000000e+00
   outer loop
     vertex  1.660000e+01 -5.145373e-14  3.300000e+01
     vertex  1.660000e+01 -1.493518e+00  3.292546e+01
     vertex  1.660000e+01 -2.235634e+00  3.283246e+01
   endloop
 endfacet
 facet normal  1.000000e+00  0.000000e+00  0.000000e+00
   outer loop
     vertex  1.660000e+01 -5.145373e-14  3.300000e+01
     vertex  1.660000e+01 -2.235634e+00  3.283246e+01
     vertex  1.660000e+01 -4.421328e+00  3.233359e+01
   endloop
 endfacet
 facet normal  1.000000e+00  0.000000e+00  0.000000e+00
   outer loop
     vertex  1.660000e+01 -1.499534e+01  1.762604e+01
     vertex  1.660000e+01 -1.334808e+01  2.484316e+01
     vertex  1.660000e+01 -1.462392e+01  2.133781e+01
   endloop
 endfacet
 facet normal  1.000000e+00  0.000000e+00  0.000000e+00
   outer loop
     vertex  1.660000e+01 -1.499534e+01  1.762604e+01
     vertex  1.660000e+01 -1.299038e+01  2.550000e+01
     vertex  1.660000e+01 -1.334808e+01  2.484316e+01
   endloop
 endfacet
 facet normal  1.000000e+00  0.000000e+00 -0.000000e+00
   outer loop
     vertex  1.660000e+01 -1.499534e+01  1.762604e+01
     vertex  1.660000e+01 -1.462392e+01  2.133781e+01
     vertex  1.660000e+01 -1.499534e+01  1.837396e+01
   endloop
 endfacet
 facet normal  1.000000e+00  0.000000e+00  0.000000e+00
   outer loop
     vertex  1.660000e+01  1.493518e+00  3.292546e+01
     vertex  1.660000e+01  7.476883e-01  3.298135e+01
     vertex  1.660000e+01 -5.145373e-14  3.300000e+01
   endloop
 endfacet
 facet normal  1.000000e+00  0.000000e+00  0.000000e+00
   outer loop
     vertex  1.660000e+01  2.235634e+00  3.283246e+01
     vertex  1.660000e+01  1.493518e+00  3.292546e+01
     vertex  1.660000e+01 -5.145373e-14  3.300000e+01
   endloop
 endfacet
 facet normal  1.000000e+00  0.000000e+00  0.000000e+00
   outer loop
     vertex  1.660000e+01 -1.462392e+01  1.466219e+01
     vertex  1.660000e+01 -1.495806e+01  1.687905e+01
     vertex  1.660000e+01 -1.488359e+01  1.613484e+01
   endloop
 endfacet
 facet normal  1.000000e+00  0.000000e+00  0.000000e+00
   outer loop
     vertex  1.660000e+01 -1.462392e+01  1.466219e+01
     vertex  1.660000e+01 -1.488359e+01  1.613484e+01
     vertex  1.660000e+01 -1.477212e+01  1.539528e+01
   endloop
 endfacet
 facet normal  1.000000e+00  0.000000e+00  0.000000e+00
   outer loop
     vertex  1.660000e+01 -1.443936e+01  1.393739e+01
     vertex  1.660000e+01 -1.495806e+01  1.687905e+01
     vertex  1.660000e+01 -1.462392e+01  1.466219e+01
   endloop
 endfacet
 facet normal  1.000000e+00  0.000000e+00  0.000000e+00
   outer loop
     vertex  1.660000e+01 -1.443936e+01  1.393739e+01
     vertex  1.660000e+01 -1.499534e+01  1.762604e+01
     vertex  1.660000e+01 -1.495806e+01  1.687905e+01
   endloop
 endfacet
 facet normal  1.000000e+00  0.000000e+00  0.000000e+00
   outer loop
     vertex  1.660000e+01  4.421328e+00  3.233359e+01
     vertex  1.660000e+01  2.235634e+00  3.283246e+01
     vertex  1.660000e+01 -5.145373e-14  3.300000e+01
   endloop
 endfacet
 facet normal  1.000000e+00  0.000000e+00  0.000000e+00
   outer loop
     vertex  1.660000e+01  4.421328e+00  3.233359e+01
     vertex  1.660000e+01  3.701361e+00  3.253616e+01
     vertex  1.660000e+01  2.972192e+00  3.270259e+01
   endloop
 endfacet
 facet normal  1.000000e+00  0.000000e+00  0.000000e+00
   outer loop
     vertex  1.660000e+01  4.421328e+00  3.233359e+01
     vertex  1.660000e+01  2.972192e+00  3.270259e+01
     vertex  1.660000e+01  2.235634e+00  3.283246e+01
   endloop
 endfacet
 facet normal  1.000000e+00  0.000000e+00  0.000000e+00
   outer loop
     vertex  1.660000e+01  4.421328e+00  3.233359e+01
     vertex  1.660000e+01 -5.145373e-14  3.300000e+01
     vertex  1.660000e+01 -4.421328e+00  3.233359e+01
   endloop
 endfacet
 facet normal  1.000000e+00  0.000000e+00  0.000000e+00
   outer loop
     vertex  1.660000e+01  5.826522e+00  3.182214e+01
     vertex  1.660000e+01  5.130302e+00  3.209539e+01
     vertex  1.660000e+01  4.421328e+00  3.233359e+01
   endloop
 endfacet
 facet normal  1.000000e+00  0.000000e+00  0.000000e+00
   outer loop
     vertex  1.660000e+01  6.508256e+00  3.151453e+01
     vertex  1.660000e+01  5.826522e+00  3.182214e+01
     vertex  1.660000e+01  4.421328e+00  3.233359e+01
   endloop
 endfacet
 facet normal  1.000000e+00  0.000000e+00  0.000000e+00
   outer loop
     vertex  1.660000e+01  7.173810e+00  3.117332e+01
     vertex  1.660000e+01  6.508256e+00  3.151453e+01
     vertex  1.660000e+01  4.421328e+00  3.233359e+01
   endloop
 endfacet
 facet normal  1.000000e+00  0.000000e+00  0.000000e+00
   outer loop
     vertex  1.660000e+01 -1.260039e+01  9.861806e+00
     vertex  1.660000e+01 -1.443936e+01  1.393739e+01
     vertex  1.660000e+01 -1.421891e+01  1.322270e+01
   endloop
 endfacet
 facet normal  1.000000e+00  0.000000e+00  0.000000e+00
   outer loop
     vertex  1.660000e+01 -1.260039e+01  9.861806e+00
     vertex  1.660000e+01 -1.421891e+01  1.322270e+01
     vertex  1.660000e+01 -1.396311e+01  1.251988e+01
   endloop
 endfacet
 facet normal  1.000000e+00  0.000000e+00  0.000000e+00
   outer loop
     vertex  1.660000e+01 -1.260039e+01  9.861806e+00
     vertex  1.660000e+01 -1.396311e+01  1.251988e+01
     vertex  1.660000e+01 -1.367259e+01  1.183069e+01
   endloop
 endfacet
 facet normal  1.000000e+00  0.000000e+00  0.000000e+00
   outer loop
     vertex  1.660000e+01 -1.260039e+01  9.861806e+00
     vertex  1.660000e+01 -1.367259e+01  1.183069e+01
     vertex  1.660000e+01 -1.334808e+01  1.115684e+01
   endloop
 endfacet
 facet normal  1.000000e+00  0.000000e+00  0.000000e+00
   outer loop
     vertex  1.660000e+01 -1.260039e+01  9.861806e+00
     vertex  1.660000e+01 -1.334808e+01  1.115684e+01
     vertex  1.660000e+01 -1.299038e+01  1.050000e+01
   endloop
 endfacet
 facet normal  1.000000e+00  0.000000e+00  0.000000e+00
   outer loop
     vertex  1.660000e+01 -1.260039e+01  9.861806e+00
     vertex  1.660000e+01 -1.499534e+01  1.762604e+01
     vertex  1.660000e+01 -1.443936e+01  1.393739e+01
   endloop
 endfacet
 facet normal  1.000000e+00  0.000000e+00  0.000000e+00
   outer loop
     vertex  1.660000e+01 -1.260039e+01  9.861806e+00
     vertex  1.660000e+01 -1.299038e+01  2.550000e+01
     vertex  1.660000e+01 -1.499534e+01  1.762604e+01
   endloop
 endfacet
 facet normal  1.000000e+00  0.000000e+00  0.000000e+00
   outer loop
     vertex  1.660000e+01  9.057066e+00  2.995699e+01
     vertex  1.660000e+01  7.173810e+00  3.117332e+01
     vertex  1.660000e+01  4.421328e+00  3.233359e+01
   endloop
 endfacet
 facet normal  1.000000e+00  0.000000e+00  0.000000e+00
   outer loop
     vertex  1.660000e+01  9.057066e+00  2.995699e+01
     vertex  1.660000e+01  8.449801e+00  3.039358e+01
     vertex  1.660000e+01  7.821528e+00  3.079936e+01
   endloop
 endfacet
 facet normal  1.000000e+00  0.000000e+00  0.000000e+00
   outer loop
     vertex  1.660000e+01  9.057066e+00  2.995699e+01
     vertex  1.660000e+01  7.821528e+00  3.079936e+01
     vertex  1.660000e+01  7.173810e+00  3.117332e+01
   endloop
 endfacet
 facet normal  1.000000e+00  0.000000e+00  0.000000e+00
   outer loop
     vertex  1.660000e+01 -1.073800e+01  7.526448e+00
     vertex  1.660000e+01 -1.217907e+01  9.243845e+00
     vertex  1.660000e+01 -1.172747e+01  8.647653e+00
   endloop
 endfacet
 facet normal  1.000000e+00  0.000000e+00  0.000000e+00
   outer loop
     vertex  1.660000e+01 -1.073800e+01  7.526448e+00
     vertex  1.660000e+01 -1.172747e+01  8.647653e+00
     vertex  1.660000e+01 -1.124672e+01  8.074712e+00
   endloop
 endfacet
 facet normal  1.000000e+00  0.000000e+00  0.000000e+00
   outer loop
     vertex  1.660000e+01  1.073800e+01  2.847355e+01
     vertex  1.660000e+01  9.057066e+00  2.995699e+01
     vertex  1.660000e+01  4.421328e+00  3.233359e+01
   endloop
 endfacet
 facet normal  1.000000e+00  0.000000e+00  0.000000e+00
   outer loop
     vertex  1.660000e+01  1.073800e+01  2.847355e+01
     vertex  1.660000e+01  1.020259e+01  2.899578e+01
     vertex  1.660000e+01  9.641814e+00  2.949067e+01
   endloop
 endfacet
 facet normal  1.000000e+00  0.000000e+00  0.000000e+00
   outer loop
     vertex  1.660000e+01  1.073800e+01  2.847355e+01
     vertex  1.660000e+01  9.641814e+00  2.949067e+01
     vertex  1.660000e+01  9.057066e+00  2.995699e+01
   endloop
 endfacet
 facet normal  1.000000e+00  0.000000e+00  0.000000e+00
   outer loop
     vertex  1.660000e+01 -9.641814e+00  6.509333e+00
     vertex  1.660000e+01 -1.073800e+01  7.526448e+00
     vertex  1.660000e+01 -1.020259e+01  7.004222e+00
   endloop
 endfacet
 facet normal  1.000000e+00  0.000000e+00  0.000000e+00
   outer loop
     vertex  1.660000e+01  1.172747e+01  2.735235e+01
     vertex  1.660000e+01  1.124672e+01  2.792529e+01
     vertex  1.660000e+01  1.073800e+01  2.847355e+01
   endloop
 endfacet
 facet normal  1.000000e+00  0.000000e+00  0.000000e+00
   outer loop
     vertex  1.660000e+01 -8.449801e+00  5.606418e+00
     vertex  1.660000e+01 -1.260039e+01  9.861806e+00
     vertex  1.660000e+01 -1.217907e+01  9.243845e+00
   endloop
 endfacet
 facet normal  1.000000e+00  0.000000e+00  0.000000e+00
   outer loop
     vertex  1.660000e+01 -8.449801e+00  5.606418e+00
     vertex  1.660000e+01 -9.641814e+00  6.509333e+00
     vertex  1.660000e+01 -9.057066e+00  6.043012e+00
   endloop
 endfacet
 facet normal  1.000000e+00  0.000000e+00  0.000000e+00
   outer loop
     vertex  1.660000e+01 -8.449801e+00  5.606418e+00
     vertex  1.660000e+01 -1.299038e+01  2.550000e+01
     vertex  1.660000e+01 -1.260039e+01  9.861806e+00
   endloop
 endfacet
 facet normal  1.000000e+00  0.000000e+00  0.000000e+00
   outer loop
     vertex  1.660000e+01 -8.449801e+00  5.606418e+00
     vertex  1.660000e+01 -1.217907e+01  9.243845e+00
     vertex  1.660000e+01 -1.073800e+01  7.526448e+00
   endloop
 endfacet
 facet normal  1.000000e+00  0.000000e+00 -0.000000e+00
   outer loop
     vertex  1.660000e+01 -8.449801e+00  5.606418e+00
     vertex  1.660000e+01 -4.421328e+00  3.233359e+01
     vertex  1.660000e+01 -1.299038e+01  2.550000e+01
   endloop
 endfacet
 facet normal  1.000000e+00  0.000000e+00  0.000000e+00
   outer loop
     vertex  1.660000e+01 -8.449801e+00  5.606418e+00
     vertex  1.660000e+01 -1.073800e+01  7.526448e+00
     vertex  1.660000e+01 -9.641814e+00  6.509333e+00
   endloop
 endfacet
 facet normal  1.000000e+00  0.000000e+00  0.000000e+00
   outer loop
     vertex  1.660000e+01  1.260039e+01  2.613819e+01
     vertex  1.660000e+01  1.217907e+01  2.675616e+01
     vertex  1.660000e+01  1.172747e+01  2.735235e+01
   endloop
 endfacet
 facet normal  1.000000e+00  0.000000e+00  0.000000e+00
   outer loop
     vertex  1.660000e+01  1.260039e+01  2.613819e+01
     vertex  1.660000e+01  1.172747e+01  2.735235e+01
     vertex  1.660000e+01  1.073800e+01  2.847355e+01
   endloop
 endfacet
 facet normal  1.000000e+00  0.000000e+00 -0.000000e+00
   outer loop
     vertex  1.660000e+01 -7.821528e+00  5.200637e+00
     vertex  1.660000e+01 -4.421328e+00  3.233359e+01
     vertex  1.660000e+01 -8.449801e+00  5.606418e+00
   endloop
 endfacet
 facet normal  1.000000e+00  0.000000e+00  0.000000e+00
   outer loop
     vertex  1.660000e+01  1.299038e+01  2.550000e+01
     vertex  1.660000e+01  1.073800e+01  2.847355e+01
     vertex  1.660000e+01  4.421328e+00  3.233359e+01
   endloop
 endfacet
 facet normal  1.000000e+00  0.000000e+00  0.000000e+00
   outer loop
     vertex  1.660000e+01  1.299038e+01  2.550000e+01
     vertex  1.660000e+01  1.260039e+01  2.613819e+01
     vertex  1.660000e+01  1.073800e+01  2.847355e+01
   endloop
 endfacet
 facet normal  1.000000e+00  0.000000e+00  0.000000e+00
   outer loop
     vertex  1.660000e+01  1.421891e+01  2.277730e+01
     vertex  1.660000e+01  1.396311e+01  2.348012e+01
     vertex  1.660000e+01  1.367259e+01  2.416931e+01
   endloop
 endfacet
 facet normal  1.000000e+00  0.000000e+00  0.000000e+00
   outer loop
     vertex  1.660000e+01  1.421891e+01  2.277730e+01
     vertex  1.660000e+01  1.367259e+01  2.416931e+01
     vertex  1.660000e+01  1.334808e+01  2.484316e+01
   endloop
 endfacet
 facet normal  1.000000e+00  0.000000e+00  0.000000e+00
   outer loop
     vertex  1.660000e+01 -4.421328e+00  3.666408e+00
     vertex  1.660000e+01 -5.826522e+00  4.177857e+00
     vertex  1.660000e+01 -5.130302e+00  3.904611e+00
   endloop
 endfacet
 facet normal  1.000000e+00  0.000000e+00  0.000000e+00
   outer loop
     vertex  1.660000e+01  1.443936e+01  2.206261e+01
     vertex  1.660000e+01  1.334808e+01  2.484316e+01
     vertex  1.660000e+01  1.299038e+01  2.550000e+01
   endloop
 endfacet
 facet normal  1.000000e+00  0.000000e+00  0.000000e+00
   outer loop
     vertex  1.660000e+01  1.443936e+01  2.206261e+01
     vertex  1.660000e+01  1.299038e+01  2.550000e+01
     vertex  1.660000e+01  4.421328e+00  3.233359e+01
   endloop
 endfacet
 facet normal  1.000000e+00  0.000000e+00  0.000000e+00
   outer loop
     vertex  1.660000e+01  1.443936e+01  2.206261e+01
     vertex  1.660000e+01  1.421891e+01  2.277730e+01
     vertex  1.660000e+01  1.334808e+01  2.484316e+01
   endloop
 endfacet
 facet normal  1.000000e+00  0.000000e+00  0.000000e+00
   outer loop
     vertex  1.660000e+01  1.477212e+01  2.060472e+01
     vertex  1.660000e+01  1.462392e+01  2.133781e+01
     vertex  1.660000e+01  1.443936e+01  2.206261e+01
   endloop
 endfacet
 facet normal  1.000000e+00  0.000000e+00  0.000000e+00
   outer loop
     vertex  1.660000e+01 -2.235634e+00  3.167538e+00
     vertex  1.660000e+01 -3.701361e+00  3.463841e+00
     vertex  1.660000e+01 -2.972192e+00  3.297413e+00
   endloop
 endfacet
 facet normal  1.000000e+00  0.000000e+00  0.000000e+00
   outer loop
     vertex  1.660000e+01 -7.476883e-01  3.018646e+00
     vertex  1.660000e+01 -2.235634e+00  3.167538e+00
     vertex  1.660000e+01 -1.493518e+00  3.074538e+00
   endloop
 endfacet
 facet normal  1.000000e+00  0.000000e+00  0.000000e+00
   outer loop
     vertex  1.660000e+01 -7.476883e-01  3.018646e+00
     vertex  1.660000e+01 -3.701361e+00  3.463841e+00
     vertex  1.660000e+01 -2.235634e+00  3.167538e+00
   endloop
 endfacet
 facet normal  1.000000e+00  0.000000e+00  0.000000e+00
   outer loop
     vertex  1.660000e+01  1.499534e+01  1.837396e+01
     vertex  1.660000e+01  1.495806e+01  1.912095e+01
     vertex  1.660000e+01  1.488359e+01  1.986516e+01
   endloop
 endfacet
 facet normal  1.000000e+00  0.000000e+00  0.000000e+00
   outer loop
     vertex  1.660000e+01  1.499534e+01  1.837396e+01
     vertex  1.660000e+01  1.488359e+01  1.986516e+01
     vertex  1.660000e+01  1.477212e+01  2.060472e+01
   endloop
 endfacet
 facet normal  1.000000e+00  0.000000e+00  0.000000e+00
   outer loop
     vertex  1.660000e+01  1.499534e+01  1.837396e+01
     vertex  1.660000e+01  1.477212e+01  2.060472e+01
     vertex  1.660000e+01  1.443936e+01  2.206261e+01
   endloop
 endfacet
 facet normal  1.000000e+00  0.000000e+00  0.000000e+00
   outer loop
     vertex  1.660000e+01  0.000000e+00  3.000000e+00
     vertex  1.660000e+01 -3.701361e+00  3.463841e+00
     vertex  1.660000e+01 -7.476883e-01  3.018646e+00
   endloop
 endfacet
 facet normal  1.000000e+00  0.000000e+00  0.000000e+00
   outer loop
     vertex  1.660000e+01  7.476883e-01  3.018646e+00
     vertex  1.660000e+01 -3.701361e+00  3.463841e+00
     vertex  1.660000e+01  0.000000e+00  3.000000e+00
   endloop
 endfacet
 facet normal  1.000000e+00  0.000000e+00  0.000000e+00
   outer loop
     vertex  1.660000e+01  7.476883e-01  3.018646e+00
     vertex  1.660000e+01 -4.421328e+00  3.666408e+00
     vertex  1.660000e+01 -3.701361e+00  3.463841e+00
   endloop
 endfacet
 facet normal  1.000000e+00  0.000000e+00  0.000000e+00
   outer loop
     vertex  1.660000e+01  1.495806e+01  1.687905e+01
     vertex  1.660000e+01  1.499534e+01  1.762604e+01
     vertex  1.660000e+01  1.499534e+01  1.837396e+01
   endloop
 endfacet
 facet normal  1.000000e+00  0.000000e+00  0.000000e+00
   outer loop
     vertex  1.660000e+01  1.493518e+00  3.074538e+00
     vertex  1.660000e+01 -4.421328e+00  3.666408e+00
     vertex  1.660000e+01  7.476883e-01  3.018646e+00
   endloop
 endfacet
 facet normal  1.000000e+00  0.000000e+00  0.000000e+00
   outer loop
     vertex  1.660000e+01  1.488359e+01  1.613484e+01
     vertex  1.660000e+01  1.495806e+01  1.687905e+01
     vertex  1.660000e+01  1.499534e+01  1.837396e+01
   endloop
 endfacet
 facet normal  1.000000e+00  0.000000e+00  0.000000e+00
   outer loop
     vertex  1.660000e+01  2.972192e+00  3.297413e+00
     vertex  1.660000e+01  1.493518e+00  3.074538e+00
     vertex  1.660000e+01  2.235634e+00  3.167538e+00
   endloop
 endfacet
 facet normal  1.000000e+00  0.000000e+00  0.000000e+00
   outer loop
     vertex  1.660000e+01  2.972192e+00  3.297413e+00
     vertex  1.660000e+01 -4.421328e+00  3.666408e+00
     vertex  1.660000e+01  1.493518e+00  3.074538e+00
   endloop
 endfacet
 facet normal  1.000000e+00  0.000000e+00  0.000000e+00
   outer loop
     vertex  1.660000e+01  1.443936e+01  1.393739e+01
     vertex  1.660000e+01  1.488359e+01  1.613484e+01
     vertex  1.660000e+01  1.499534e+01  1.837396e+01
   endloop
 endfacet
 facet normal  1.000000e+00  0.000000e+00  0.000000e+00
   outer loop
     vertex  1.660000e+01  1.443936e+01  1.393739e+01
     vertex  1.660000e+01  1.462392e+01  1.466219e+01
     vertex  1.660000e+01  1.477212e+01  1.539528e+01
   endloop
 endfacet
 facet normal  1.000000e+00  0.000000e+00  0.000000e+00
   outer loop
     vertex  1.660000e+01  1.443936e+01  1.393739e+01
     vertex  1.660000e+01  1.477212e+01  1.539528e+01
     vertex  1.660000e+01  1.488359e+01  1.613484e+01
   endloop
 endfacet
 facet normal  1.000000e+00  0.000000e+00  0.000000e+00
   outer loop
     vertex  1.660000e+01  4.421328e+00  3.666408e+00
     vertex  1.660000e+01  2.972192e+00  3.297413e+00
     vertex  1.660000e+01  3.701361e+00  3.463841e+00
   endloop
 endfacet
 facet normal  1.000000e+00  0.000000e+00  0.000000e+00
   outer loop
     vertex  1.660000e+01  4.421328e+00  3.666408e+00
     vertex  1.660000e+01 -4.421328e+00  3.666408e+00
     vertex  1.660000e+01  2.972192e+00  3.297413e+00
   endloop
 endfacet
 facet normal  1.000000e+00  0.000000e+00  0.000000e+00
   outer loop
     vertex  1.660000e+01  5.130302e+00  3.904611e+00
     vertex  1.660000e+01 -7.821528e+00  5.200637e+00
     vertex  1.660000e+01 -7.173810e+00  4.826676e+00
   endloop
 endfacet
 facet normal  1.000000e+00  0.000000e+00  0.000000e+00
   outer loop
     vertex  1.660000e+01  5.130302e+00  3.904611e+00
     vertex  1.660000e+01 -7.173810e+00  4.826676e+00
     vertex  1.660000e+01 -6.508256e+00  4.485467e+00
   endloop
 endfacet
 facet normal  1.000000e+00  0.000000e+00  0.000000e+00
   outer loop
     vertex  1.660000e+01  5.130302e+00  3.904611e+00
     vertex  1.660000e+01 -6.508256e+00  4.485467e+00
     vertex  1.660000e+01 -5.826522e+00  4.177857e+00
   endloop
 endfacet
 facet normal  1.000000e+00  0.000000e+00  0.000000e+00
   outer loop
     vertex  1.660000e+01  5.130302e+00  3.904611e+00
     vertex  1.660000e+01 -4.421328e+00  3.233359e+01
     vertex  1.660000e+01 -7.821528e+00  5.200637e+00
   endloop
 endfacet
 facet normal  1.000000e+00  0.000000e+00  0.000000e+00
   outer loop
     vertex  1.660000e+01  5.130302e+00  3.904611e+00
     vertex  1.660000e+01 -4.421328e+00  3.666408e+00
     vertex  1.660000e+01  4.421328e+00  3.666408e+00
   endloop
 endfacet
 facet normal  1.000000e+00  0.000000e+00  0.000000e+00
   outer loop
     vertex  1.660000e+01  5.130302e+00  3.904611e+00
     vertex  1.660000e+01 -5.826522e+00  4.177857e+00
     vertex  1.660000e+01 -4.421328e+00  3.666408e+00
   endloop
 endfacet
 facet normal  1.000000e+00  0.000000e+00  0.000000e+00
   outer loop
     vertex  1.660000e+01  5.130302e+00  3.904611e+00
     vertex  1.660000e+01  4.421328e+00  3.233359e+01
     vertex  1.660000e+01 -4.421328e+00  3.233359e+01
   endloop
 endfacet
 facet normal  1.000000e+00  0.000000e+00  0.000000e+00
   outer loop
     vertex  1.660000e+01  1.396311e+01  1.251988e+01
     vertex  1.660000e+01  1.421891e+01  1.322270e+01
     vertex  1.660000e+01  1.443936e+01  1.393739e+01
   endloop
 endfacet
 facet normal  1.000000e+00  0.000000e+00  0.000000e+00
   outer loop
     vertex  1.660000e+01  1.396311e+01  1.251988e+01
     vertex  1.660000e+01  1.443936e+01  1.393739e+01
     vertex  1.660000e+01  1.499534e+01  1.837396e+01
   endloop
 endfacet
 facet normal  1.000000e+00  0.000000e+00  0.000000e+00
   outer loop
     vertex  1.660000e+01  6.508256e+00  4.485467e+00
     vertex  1.660000e+01  5.130302e+00  3.904611e+00
     vertex  1.660000e+01  5.826522e+00  4.177857e+00
   endloop
 endfacet
 facet normal  1.000000e+00  0.000000e+00  0.000000e+00
   outer loop
     vertex  1.660000e+01  6.508256e+00  4.485467e+00
     vertex  1.660000e+01  4.421328e+00  3.233359e+01
     vertex  1.660000e+01  5.130302e+00  3.904611e+00
   endloop
 endfacet
 facet normal  1.000000e+00  0.000000e+00  0.000000e+00
   outer loop
     vertex  1.660000e+01  1.299038e+01  1.050000e+01
     vertex  1.660000e+01  1.334808e+01  1.115684e+01
     vertex  1.660000e+01  1.367259e+01  1.183069e+01
   endloop
 endfacet
 facet normal  1.000000e+00  0.000000e+00  0.000000e+00
   outer loop
     vertex  1.660000e+01  1.299038e+01  1.050000e+01
     vertex  1.660000e+01  1.367259e+01  1.183069e+01
     vertex  1.660000e+01  1.396311e+01  1.251988e+01
   endloop
 endfacet
 facet normal  1.000000e+00  0.000000e+00  0.000000e+00
   outer loop
     vertex  1.660000e+01  1.260039e+01  9.861806e+00
     vertex  1.660000e+01  1.499534e+01  1.837396e+01
     vertex  1.660000e+01  1.443936e+01  2.206261e+01
   endloop
 endfacet
 facet normal  1.000000e+00  0.000000e+00  0.000000e+00
   outer loop
     vertex  1.660000e+01  1.260039e+01  9.861806e+00
     vertex  1.660000e+01  1.396311e+01  1.251988e+01
     vertex  1.660000e+01  1.499534e+01  1.837396e+01
   endloop
 endfacet
 facet normal  1.000000e+00  0.000000e+00  0.000000e+00
   outer loop
     vertex  1.660000e+01  1.260039e+01  9.861806e+00
     vertex  1.660000e+01  1.299038e+01  1.050000e+01
     vertex  1.660000e+01  1.396311e+01  1.251988e+01
   endloop
 endfacet
 facet normal  1.000000e+00  0.000000e+00  0.000000e+00
   outer loop
     vertex  1.660000e+01  8.449801e+00  5.606418e+00
     vertex  1.660000e+01  6.508256e+00  4.485467e+00
     vertex  1.660000e+01  7.173810e+00  4.826676e+00
   endloop
 endfacet
 facet normal  1.000000e+00  0.000000e+00  0.000000e+00
   outer loop
     vertex  1.660000e+01  8.449801e+00  5.606418e+00
     vertex  1.660000e+01  7.173810e+00  4.826676e+00
     vertex  1.660000e+01  7.821528e+00  5.200637e+00
   endloop
 endfacet
 facet normal  1.000000e+00  0.000000e+00  0.000000e+00
   outer loop
     vertex  1.660000e+01  9.057066e+00  6.043012e+00
     vertex  1.660000e+01  6.508256e+00  4.485467e+00
     vertex  1.660000e+01  8.449801e+00  5.606418e+00
   endloop
 endfacet
 facet normal  1.000000e+00  0.000000e+00  0.000000e+00
   outer loop
     vertex  1.660000e+01  1.172747e+01  8.647653e+00
     vertex  1.660000e+01  1.217907e+01  9.243845e+00
     vertex  1.660000e+01  1.260039e+01  9.861806e+00
   endloop
 endfacet
 facet normal  1.000000e+00  0.000000e+00  0.000000e+00
   outer loop
     vertex  1.660000e+01  9.641814e+00  6.509333e+00
     vertex  1.660000e+01  6.508256e+00  4.485467e+00
     vertex  1.660000e+01  9.057066e+00  6.043012e+00
   endloop
 endfacet
 facet normal  1.000000e+00  0.000000e+00  0.000000e+00
   outer loop
     vertex  1.660000e+01  1.124672e+01  8.074712e+00
     vertex  1.660000e+01  1.172747e+01  8.647653e+00
     vertex  1.660000e+01  1.260039e+01  9.861806e+00
   endloop
 endfacet
 facet normal  1.000000e+00  0.000000e+00  0.000000e+00
   outer loop
     vertex  1.660000e+01  1.020259e+01  7.004222e+00
     vertex  1.660000e+01  6.508256e+00  4.485467e+00
     vertex  1.660000e+01  9.641814e+00  6.509333e+00
   endloop
 endfacet
 facet normal  1.000000e+00  0.000000e+00  0.000000e+00
   outer loop
     vertex  1.660000e+01  1.073800e+01  7.526448e+00
     vertex  1.660000e+01  4.421328e+00  3.233359e+01
     vertex  1.660000e+01  6.508256e+00  4.485467e+00
   endloop
 endfacet
 facet normal  1.000000e+00  0.000000e+00  0.000000e+00
   outer loop
     vertex  1.660000e+01  1.073800e+01  7.526448e+00
     vertex  1.660000e+01  6.508256e+00  4.485467e+00
     vertex  1.660000e+01  1.020259e+01  7.004222e+00
   endloop
 endfacet
 facet normal  1.000000e+00  0.000000e+00  0.000000e+00
   outer loop
     vertex  1.660000e+01  1.073800e+01  7.526448e+00
     vertex  1.660000e+01  1.260039e+01  9.861806e+00
     vertex  1.660000e+01  1.443936e+01  2.206261e+01
   endloop
 endfacet
 facet normal  1.000000e+00  0.000000e+00  0.000000e+00
   outer loop
     vertex  1.660000e+01  1.073800e+01  7.526448e+00
     vertex  1.660000e+01  1.124672e+01  8.074712e+00
     vertex  1.660000e+01  1.260039e+01  9.861806e+00
   endloop
 endfacet
 facet normal  1.000000e+00  0.000000e+00 -0.000000e+00
   outer loop
     vertex  1.660000e+01  1.073800e+01  7.526448e+00
     vertex  1.660000e+01  1.443936e+01  2.206261e+01
     vertex  1.660000e+01  4.421328e+00  3.233359e+01
   endloop
 endfacet
endsolid
