solid 
 facet normal  8.660254e-01  5.000000e-01  0.000000e+00
   outer loop
     vertex  5.484828e+00  9.500000e+00  0.000000e+00
     vertex  1.096966e+01  0.000000e+00  1.800000e+01
     vertex  1.096966e+01  0.000000e+00  0.000000e+00
   endloop
 endfacet
 facet normal  8.660254e-01  5.000000e-01 -0.000000e+00
   outer loop
     vertex  5.484828e+00  9.500000e+00  0.000000e+00
     vertex  5.484828e+00  9.500000e+00  1.800000e+01
     vertex  1.096966e+01  0.000000e+00  1.800000e+01
   endloop
 endfacet
 facet normal  1.619337e-16  1.000000e+00 -0.000000e+00
   outer loop
     vertex  5.484828e+00  9.500000e+00  0.000000e+00
     vertex -5.484828e+00  9.500000e+00  1.800000e+01
     vertex  5.484828e+00  9.500000e+00  1.800000e+01
   endloop
 endfacet
 facet normal  1.619337e-16  1.000000e+00 -0.000000e+00
   outer loop
     vertex -5.484828e+00  9.500000e+00  0.000000e+00
     vertex -5.484828e+00  9.500000e+00  1.800000e+01
     vertex  5.484828e+00  9.500000e+00  0.000000e+00
   endloop
 endfacet
 facet normal -8.660254e-01  5.000000e-01  0.000000e+00
   outer loop
     vertex -1.096966e+01  1.343395e-15  0.000000e+00
     vertex -5.484828e+00  9.500000e+00  1.800000e+01
     vertex -5.484828e+00  9.500000e+00  0.000000e+00
   endloop
 endfacet
 facet normal -8.660254e-01  5.000000e-01  0.000000e+00
   outer loop
     vertex -1.096966e+01  1.343395e-15  0.000000e+00
     vertex -1.096966e+01  1.343395e-15  1.800000e+01
     vertex -5.484828e+00  9.500000e+00  1.800000e+01
   endloop
 endfacet
 facet normal -8.660254e-01 -5.000000e-01  0.000000e+00
   outer loop
     vertex -5.484828e+00 -9.500000e+00  0.000000e+00
     vertex -1.096966e+01  1.343395e-15  1.800000e+01
     vertex -1.096966e+01  1.343395e-15  0.000000e+00
   endloop
 endfacet
 facet normal -8.660254e-01 -5.000000e-01  0.000000e+00
   outer loop
     vertex -5.484828e+00 -9.500000e+00  0.000000e+00
     vertex -5.484828e+00 -9.500000e+00  1.800000e+01
     vertex -1.096966e+01  1.343395e-15  1.800000e+01
   endloop
 endfacet
 facet normal -1.619337e-16 -1.000000e+00  0.000000e+00
   outer loop
     vertex  5.484828e+00 -9.500000e+00  0.000000e+00
     vertex -5.484828e+00 -9.500000e+00  1.800000e+01
     vertex -5.484828e+00 -9.500000e+00  0.000000e+00
   endloop
 endfacet
 facet normal -1.619337e-16 -1.000000e+00  0.000000e+00
   outer loop
     vertex  5.484828e+00 -9.500000e+00  0.000000e+00
     vertex  5.484828e+00 -9.500000e+00  1.800000e+01
     vertex -5.484828e+00 -9.500000e+00  1.800000e+01
   endloop
 endfacet
 facet normal  8.660254e-01 -5.000000e-01  0.000000e+00
   outer loop
     vertex  1.096966e+01  0.000000e+00  0.000000e+00
     vertex  5.484828e+00 -9.500000e+00  1.800000e+01
     vertex  5.484828e+00 -9.500000e+00  0.000000e+00
   endloop
 endfacet
 facet normal  8.660254e-01 -5.000000e-01  0.000000e+00
   outer loop
     vertex  1.096966e+01  0.000000e+00  0.000000e+00
     vertex  1.096966e+01  0.000000e+00  1.800000e+01
     vertex  5.484828e+00 -9.500000e+00  1.800000e+01
   endloop
 endfacet
 facet normal -0.000000e+00  0.000000e+00 -1.000000e+00
   outer loop
     vertex  1.096966e+01  0.000000e+00  0.000000e+00
     vertex -5.484828e+00 -9.500000e+00  0.000000e+00
     vertex -1.096966e+01  1.343395e-15  0.000000e+00
   endloop
 endfacet
 facet normal  0.000000e+00  0.000000e+00 -1.000000e+00
   outer loop
     vertex  1.096966e+01  0.000000e+00  0.000000e+00
     vertex  5.484828e+00 -9.500000e+00  0.000000e+00
     vertex -5.484828e+00 -9.500000e+00  0.000000e+00
   endloop
 endfacet
 facet normal -0.000000e+00  0.000000e+00 -1.000000e+00
   outer loop
     vertex  5.484828e+00  9.500000e+00  0.000000e+00
     vertex -1.096966e+01  1.343395e-15  0.000000e+00
     vertex -5.484828e+00  9.500000e+00  0.000000e+00
   endloop
 endfacet
 facet normal  0.000000e+00 -0.000000e+00 -1.000000e+00
   outer loop
     vertex  5.484828e+00  9.500000e+00  0.000000e+00
     vertex  1.096966e+01  0.000000e+00  0.000000e+00
     vertex -1.096966e+01  1.343395e-15  0.000000e+00
   endloop
 endfacet
 facet normal  0.000000e+00  0.000000e+00  1.000000e+00
   outer loop
     vertex  1.096966e+01  0.000000e+00  1.800000e+01
     vertex -1.096966e+01  1.343395e-15  1.800000e+01
     vertex -5.484828e+00 -9.500000e+00  1.800000e+01
   endloop
 endfacet
 facet normal  0.000000e+00  0.000000e+00  1.000000e+00
   outer loop
     vertex  1.096966e+01  0.000000e+00  1.800000e+01
     vertex -5.484828e+00 -9.500000e+00  1.800000e+01
     vertex  5.484828e+00 -9.500000e+00  1.800000e+01
   endloop
 endfacet
 facet normal  0.000000e+00  0.000000e+00  1.000000e+00
   outer loop
     vertex  5.484828e+00  9.500000e+00  1.800000e+01
     vertex -5.484828e+00  9.500000e+00  1.800000e+01
     vertex -1.096966e+01  1.343395e-15  1.800000e+01
   endloop
 endfacet
 facet normal  0.000000e+00  0.000000e+00  1.000000e+00
   outer loop
     vertex  5.484828e+00  9.500000e+00  1.800000e+01
     vertex -1.096966e+01  1.343395e-15  1.800000e+01
     vertex  1.096966e+01  0.000000e+00  1.800000e+01
   endloop
 endfacet
 facet normal  9.996892e-01  2.493069e-02  0.000000e+00
   outer loop
     vertex  1.058682e+01  5.283664e-01  1.800000e+01
     vertex  1.060000e+01  0.000000e+00  3.000000e+01
     vertex  1.060000e+01  0.000000e+00  1.800000e+01
   endloop
 endfacet
 facet normal  9.996892e-01  2.493069e-02 -0.000000e+00
   outer loop
     vertex  1.058682e+01  5.283664e-01  1.800000e+01
     vertex  1.058682e+01  5.283664e-01  3.000000e+01
     vertex  1.060000e+01  0.000000e+00  3.000000e+01
   endloop
 endfacet
 facet normal  9.972038e-01  7.473009e-02 -0.000000e+00
   outer loop
     vertex  1.054733e+01  1.055419e+00  1.800000e+01
     vertex  1.054733e+01  1.055419e+00  3.000000e+01
     vertex  1.058682e+01  5.283664e-01  3.000000e+01
   endloop
 endfacet
 facet normal  9.922392e-01  1.243437e-01 -0.000000e+00
   outer loop
     vertex  1.054733e+01  1.055419e+00  1.800000e+01
     vertex  1.048161e+01  1.579848e+00  3.000000e+01
     vertex  1.054733e+01  1.055419e+00  3.000000e+01
   endloop
 endfacet
 facet normal  9.972038e-01  7.473009e-02  0.000000e+00
   outer loop
     vertex  1.054733e+01  1.055419e+00  1.800000e+01
     vertex  1.058682e+01  5.283664e-01  3.000000e+01
     vertex  1.058682e+01  5.283664e-01  1.800000e+01
   endloop
 endfacet
 facet normal  9.922392e-01  1.243437e-01 -0.000000e+00
   outer loop
     vertex  1.048161e+01  1.579848e+00  1.800000e+01
     vertex  1.048161e+01  1.579848e+00  3.000000e+01
     vertex  1.054733e+01  1.055419e+00  1.800000e+01
   endloop
 endfacet
 facet normal  9.848078e-01  1.736482e-01 -0.000000e+00
   outer loop
     vertex  1.038983e+01  2.100349e+00  1.800000e+01
     vertex  1.038983e+01  2.100349e+00  3.000000e+01
     vertex  1.048161e+01  1.579848e+00  3.000000e+01
   endloop
 endfacet
 facet normal  9.749279e-01  2.225209e-01 -0.000000e+00
   outer loop
     vertex  1.038983e+01  2.100349e+00  1.800000e+01
     vertex  1.027222e+01  2.615628e+00  3.000000e+01
     vertex  1.038983e+01  2.100349e+00  3.000000e+01
   endloop
 endfacet
 facet normal  9.848078e-01  1.736482e-01  0.000000e+00
   outer loop
     vertex  1.038983e+01  2.100349e+00  1.800000e+01
     vertex  1.048161e+01  1.579848e+00  3.000000e+01
     vertex  1.048161e+01  1.579848e+00  1.800000e+01
   endloop
 endfacet
 facet normal  9.626242e-01  2.708405e-01 -0.000000e+00
   outer loop
     vertex  1.027222e+01  2.615628e+00  1.800000e+01
     vertex  1.012907e+01  3.124405e+00  3.000000e+01
     vertex  1.027222e+01  2.615628e+00  3.000000e+01
   endloop
 endfacet
 facet normal  9.749279e-01  2.225209e-01 -0.000000e+00
   outer loop
     vertex  1.027222e+01  2.615628e+00  1.800000e+01
     vertex  1.027222e+01  2.615628e+00  3.000000e+01
     vertex  1.038983e+01  2.100349e+00  1.800000e+01
   endloop
 endfacet
 facet normal  9.626242e-01  2.708405e-01 -0.000000e+00
   outer loop
     vertex  1.012907e+01  3.124405e+00  1.800000e+01
     vertex  1.012907e+01  3.124405e+00  3.000000e+01
     vertex  1.027222e+01  2.615628e+00  1.800000e+01
   endloop
 endfacet
 facet normal  9.479273e-01  3.184867e-01 -0.000000e+00
   outer loop
     vertex  9.960742e+00  3.625414e+00  1.800000e+01
     vertex  9.960742e+00  3.625414e+00  3.000000e+01
     vertex  1.012907e+01  3.124405e+00  3.000000e+01
   endloop
 endfacet
 facet normal  9.479273e-01  3.184867e-01  0.000000e+00
   outer loop
     vertex  9.960742e+00  3.625414e+00  1.800000e+01
     vertex  1.012907e+01  3.124405e+00  3.000000e+01
     vertex  1.012907e+01  3.124405e+00  1.800000e+01
   endloop
 endfacet
 facet normal  9.308737e-01  3.653410e-01 -0.000000e+00
   outer loop
     vertex  9.767648e+00  4.117409e+00  1.800000e+01
     vertex  9.767648e+00  4.117409e+00  3.000000e+01
     vertex  9.960742e+00  3.625414e+00  3.000000e+01
   endloop
 endfacet
 facet normal  9.115059e-01  4.112871e-01 -0.000000e+00
   outer loop
     vertex  9.767648e+00  4.117409e+00  1.800000e+01
     vertex  9.550270e+00  4.599168e+00  3.000000e+01
     vertex  9.767648e+00  4.117409e+00  3.000000e+01
   endloop
 endfacet
 facet normal  9.308737e-01  3.653410e-01  0.000000e+00
   outer loop
     vertex  9.767648e+00  4.117409e+00  1.800000e+01
     vertex  9.960742e+00  3.625414e+00  3.000000e+01
     vertex  9.960742e+00  3.625414e+00  1.800000e+01
   endloop
 endfacet
 facet normal  9.115059e-01  4.112871e-01 -0.000000e+00
   outer loop
     vertex  9.550270e+00  4.599168e+00  1.800000e+01
     vertex  9.550270e+00  4.599168e+00  3.000000e+01
     vertex  9.767648e+00  4.117409e+00  1.800000e+01
   endloop
 endfacet
 facet normal  8.898718e-01  4.562107e-01 -0.000000e+00
   outer loop
     vertex  9.309149e+00  5.069492e+00  1.800000e+01
     vertex  9.309149e+00  5.069492e+00  3.000000e+01
     vertex  9.550270e+00  4.599168e+00  3.000000e+01
   endloop
 endfacet
 facet normal  8.898718e-01  4.562107e-01  0.000000e+00
   outer loop
     vertex  9.309149e+00  5.069492e+00  1.800000e+01
     vertex  9.550270e+00  4.599168e+00  3.000000e+01
     vertex  9.550270e+00  4.599168e+00  1.800000e+01
   endloop
 endfacet
 facet normal  8.660254e-01  5.000000e-01  0.000000e+00
   outer loop
     vertex  9.044883e+00  5.527213e+00  1.800000e+01
     vertex  9.309149e+00  5.069492e+00  3.000000e+01
     vertex  9.309149e+00  5.069492e+00  1.800000e+01
   endloop
 endfacet
 facet normal  8.660254e-01  5.000000e-01 -0.000000e+00
   outer loop
     vertex  9.044883e+00  5.527213e+00  1.800000e+01
     vertex  9.044883e+00  5.527213e+00  3.000000e+01
     vertex  9.309149e+00  5.069492e+00  3.000000e+01
   endloop
 endfacet
 facet normal  8.400259e-01  5.425463e-01  0.000000e+00
   outer loop
     vertex  8.758131e+00  5.971193e+00  1.800000e+01
     vertex  9.044883e+00  5.527213e+00  3.000000e+01
     vertex  9.044883e+00  5.527213e+00  1.800000e+01
   endloop
 endfacet
 facet normal  8.400259e-01  5.425463e-01 -0.000000e+00
   outer loop
     vertex  8.758131e+00  5.971193e+00  1.800000e+01
     vertex  8.758131e+00  5.971193e+00  3.000000e+01
     vertex  9.044883e+00  5.527213e+00  3.000000e+01
   endloop
 endfacet
 facet normal  8.119380e-01  5.837437e-01  0.000000e+00
   outer loop
     vertex  8.449605e+00  6.400327e+00  1.800000e+01
     vertex  8.758131e+00  5.971193e+00  3.000000e+01
     vertex  8.758131e+00  5.971193e+00  1.800000e+01
   endloop
 endfacet
 facet normal  8.119380e-01  5.837437e-01 -0.000000e+00
   outer loop
     vertex  8.449605e+00  6.400327e+00  1.800000e+01
     vertex  8.449605e+00  6.400327e+00  3.000000e+01
     vertex  8.758131e+00  5.971193e+00  3.000000e+01
   endloop
 endfacet
 facet normal  7.818315e-01  6.234898e-01  0.000000e+00
   outer loop
     vertex  8.120071e+00  6.813549e+00  1.800000e+01
     vertex  8.449605e+00  6.400327e+00  3.000000e+01
     vertex  8.449605e+00  6.400327e+00  1.800000e+01
   endloop
 endfacet
 facet normal  7.818315e-01  6.234898e-01 -0.000000e+00
   outer loop
     vertex  8.120071e+00  6.813549e+00  1.800000e+01
     vertex  8.120071e+00  6.813549e+00  3.000000e+01
     vertex  8.449605e+00  6.400327e+00  3.000000e+01
   endloop
 endfacet
 facet normal  7.497812e-01  6.616858e-01 -0.000000e+00
   outer loop
     vertex  7.770350e+00  7.209831e+00  1.800000e+01
     vertex  7.770350e+00  7.209831e+00  3.000000e+01
     vertex  8.120071e+00  6.813549e+00  3.000000e+01
   endloop
 endfacet
 facet normal  7.497812e-01  6.616858e-01  0.000000e+00
   outer loop
     vertex  7.770350e+00  7.209831e+00  1.800000e+01
     vertex  8.120071e+00  6.813549e+00  3.000000e+01
     vertex  8.120071e+00  6.813549e+00  1.800000e+01
   endloop
 endfacet
 facet normal  7.158668e-01  6.982368e-01 -0.000000e+00
   outer loop
     vertex  7.401310e+00  7.588189e+00  1.800000e+01
     vertex  7.401310e+00  7.588189e+00  3.000000e+01
     vertex  7.770350e+00  7.209831e+00  3.000000e+01
   endloop
 endfacet
 facet normal  7.158668e-01  6.982368e-01  0.000000e+00
   outer loop
     vertex  7.401310e+00  7.588189e+00  1.800000e+01
     vertex  7.770350e+00  7.209831e+00  3.000000e+01
     vertex  7.770350e+00  7.209831e+00  1.800000e+01
   endloop
 endfacet
 facet normal  6.801727e-01  7.330519e-01 -0.000000e+00
   outer loop
     vertex  7.013870e+00  7.947681e+00  1.800000e+01
     vertex  7.013870e+00  7.947681e+00  3.000000e+01
     vertex  7.401310e+00  7.588189e+00  3.000000e+01
   endloop
 endfacet
 facet normal  6.801727e-01  7.330519e-01  0.000000e+00
   outer loop
     vertex  7.013870e+00  7.947681e+00  1.800000e+01
     vertex  7.401310e+00  7.588189e+00  3.000000e+01
     vertex  7.401310e+00  7.588189e+00  1.800000e+01
   endloop
 endfacet
 facet normal  6.427876e-01  7.660444e-01 -0.000000e+00
   outer loop
     vertex  6.608992e+00  8.287414e+00  1.800000e+01
     vertex  6.608992e+00  8.287414e+00  3.000000e+01
     vertex  7.013870e+00  7.947681e+00  3.000000e+01
   endloop
 endfacet
 facet normal  6.427876e-01  7.660444e-01  0.000000e+00
   outer loop
     vertex  6.608992e+00  8.287414e+00  1.800000e+01
     vertex  7.013870e+00  7.947681e+00  3.000000e+01
     vertex  7.013870e+00  7.947681e+00  1.800000e+01
   endloop
 endfacet
 facet normal  6.038044e-01  7.971325e-01 -0.000000e+00
   outer loop
     vertex  6.187683e+00  8.606543e+00  1.800000e+01
     vertex  6.187683e+00  8.606543e+00  3.000000e+01
     vertex  6.608992e+00  8.287414e+00  3.000000e+01
   endloop
 endfacet
 facet normal  6.038044e-01  7.971325e-01  0.000000e+00
   outer loop
     vertex  6.187683e+00  8.606543e+00  1.800000e+01
     vertex  6.608992e+00  8.287414e+00  3.000000e+01
     vertex  6.608992e+00  8.287414e+00  1.800000e+01
   endloop
 endfacet
 facet normal  5.633201e-01  8.262388e-01 -0.000000e+00
   outer loop
     vertex  5.750990e+00  8.904275e+00  1.800000e+01
     vertex  5.750990e+00  8.904275e+00  3.000000e+01
     vertex  6.187683e+00  8.606543e+00  3.000000e+01
   endloop
 endfacet
 facet normal  5.214352e-01  8.532909e-01 -0.000000e+00
   outer loop
     vertex  5.750990e+00  8.904275e+00  1.800000e+01
     vertex  5.300000e+00  9.179869e+00  3.000000e+01
     vertex  5.750990e+00  8.904275e+00  3.000000e+01
   endloop
 endfacet
 facet normal  5.633201e-01  8.262388e-01  0.000000e+00
   outer loop
     vertex  5.750990e+00  8.904275e+00  1.800000e+01
     vertex  6.187683e+00  8.606543e+00  3.000000e+01
     vertex  6.187683e+00  8.606543e+00  1.800000e+01
   endloop
 endfacet
 facet normal  5.214352e-01  8.532909e-01 -0.000000e+00
   outer loop
     vertex  5.300000e+00  9.179869e+00  1.800000e+01
     vertex  5.300000e+00  9.179869e+00  3.000000e+01
     vertex  5.750990e+00  8.904275e+00  1.800000e+01
   endloop
 endfacet
 facet normal  4.782540e-01  8.782216e-01 -0.000000e+00
   outer loop
     vertex  4.835833e+00  9.432641e+00  1.800000e+01
     vertex  4.835833e+00  9.432641e+00  3.000000e+01
     vertex  5.300000e+00  9.179869e+00  3.000000e+01
   endloop
 endfacet
 facet normal  4.338837e-01  9.009689e-01 -0.000000e+00
   outer loop
     vertex  4.835833e+00  9.432641e+00  1.800000e+01
     vertex  4.359643e+00  9.661962e+00  3.000000e+01
     vertex  4.835833e+00  9.432641e+00  3.000000e+01
   endloop
 endfacet
 facet normal  4.782540e-01  8.782216e-01  0.000000e+00
   outer loop
     vertex  4.835833e+00  9.432641e+00  1.800000e+01
     vertex  5.300000e+00  9.179869e+00  3.000000e+01
     vertex  5.300000e+00  9.179869e+00  1.800000e+01
   endloop
 endfacet
 facet normal  4.338837e-01  9.009689e-01 -0.000000e+00
   outer loop
     vertex  4.359643e+00  9.661962e+00  1.800000e+01
     vertex  4.359643e+00  9.661962e+00  3.000000e+01
     vertex  4.835833e+00  9.432641e+00  1.800000e+01
   endloop
 endfacet
 facet normal  3.884348e-01  9.214762e-01 -0.000000e+00
   outer loop
     vertex  3.872615e+00  9.867262e+00  1.800000e+01
     vertex  3.872615e+00  9.867262e+00  3.000000e+01
     vertex  4.359643e+00  9.661962e+00  3.000000e+01
   endloop
 endfacet
 facet normal  3.420201e-01  9.396926e-01 -0.000000e+00
   outer loop
     vertex  3.872615e+00  9.867262e+00  1.800000e+01
     vertex  3.375958e+00  1.004803e+01  3.000000e+01
     vertex  3.872615e+00  9.867262e+00  3.000000e+01
   endloop
 endfacet
 facet normal  3.884348e-01  9.214762e-01  0.000000e+00
   outer loop
     vertex  3.872615e+00  9.867262e+00  1.800000e+01
     vertex  4.359643e+00  9.661962e+00  3.000000e+01
     vertex  4.359643e+00  9.661962e+00  1.800000e+01
   endloop
 endfacet
 facet normal  3.420201e-01  9.396926e-01 -0.000000e+00
   outer loop
     vertex  3.375958e+00  1.004803e+01  1.800000e+01
     vertex  3.375958e+00  1.004803e+01  3.000000e+01
     vertex  3.872615e+00  9.867262e+00  1.800000e+01
   endloop
 endfacet
 facet normal  2.947552e-01  9.555728e-01 -0.000000e+00
   outer loop
     vertex  2.870909e+00  1.020382e+01  1.800000e+01
     vertex  2.870909e+00  1.020382e+01  3.000000e+01
     vertex  3.375958e+00  1.004803e+01  3.000000e+01
   endloop
 endfacet
 facet normal  2.947552e-01  9.555728e-01  0.000000e+00
   outer loop
     vertex  2.870909e+00  1.020382e+01  1.800000e+01
     vertex  3.375958e+00  1.004803e+01  3.000000e+01
     vertex  3.375958e+00  1.004803e+01  1.800000e+01
   endloop
 endfacet
 facet normal  2.467574e-01  9.690773e-01 -0.000000e+00
   outer loop
     vertex  2.358722e+00  1.033424e+01  1.800000e+01
     vertex  2.358722e+00  1.033424e+01  3.000000e+01
     vertex  2.870909e+00  1.020382e+01  3.000000e+01
   endloop
 endfacet
 facet normal  1.981461e-01  9.801725e-01 -0.000000e+00
   outer loop
     vertex  2.358722e+00  1.033424e+01  1.800000e+01
     vertex  1.840671e+00  1.043896e+01  3.000000e+01
     vertex  2.358722e+00  1.033424e+01  3.000000e+01
   endloop
 endfacet
 facet normal  2.467574e-01  9.690773e-01  0.000000e+00
   outer loop
     vertex  2.358722e+00  1.033424e+01  1.800000e+01
     vertex  2.870909e+00  1.020382e+01  3.000000e+01
     vertex  2.870909e+00  1.020382e+01  1.800000e+01
   endloop
 endfacet
 facet normal  1.490423e-01  9.888308e-01 -0.000000e+00
   outer loop
     vertex  1.840671e+00  1.043896e+01  1.800000e+01
     vertex  1.318043e+00  1.051774e+01  3.000000e+01
     vertex  1.840671e+00  1.043896e+01  3.000000e+01
   endloop
 endfacet
 facet normal  1.981461e-01  9.801725e-01 -0.000000e+00
   outer loop
     vertex  1.840671e+00  1.043896e+01  1.800000e+01
     vertex  1.840671e+00  1.043896e+01  3.000000e+01
     vertex  2.358722e+00  1.033424e+01  1.800000e+01
   endloop
 endfacet
 facet normal  1.490423e-01  9.888308e-01 -0.000000e+00
   outer loop
     vertex  1.318043e+00  1.051774e+01  1.800000e+01
     vertex  1.318043e+00  1.051774e+01  3.000000e+01
     vertex  1.840671e+00  1.043896e+01  1.800000e+01
   endloop
 endfacet
 facet normal  9.956785e-02  9.950308e-01 -0.000000e+00
   outer loop
     vertex  7.921390e-01  1.057036e+01  1.800000e+01
     vertex  7.921390e-01  1.057036e+01  3.000000e+01
     vertex  1.318043e+00  1.051774e+01  3.000000e+01
   endloop
 endfacet
 facet normal  4.984589e-02  9.987569e-01 -0.000000e+00
   outer loop
     vertex  7.921390e-01  1.057036e+01  1.800000e+01
     vertex  2.642653e-01  1.059671e+01  3.000000e+01
     vertex  7.921390e-01  1.057036e+01  3.000000e+01
   endloop
 endfacet
 facet normal  9.956785e-02  9.950308e-01  0.000000e+00
   outer loop
     vertex  7.921390e-01  1.057036e+01  1.800000e+01
     vertex  1.318043e+00  1.051774e+01  3.000000e+01
     vertex  1.318043e+00  1.051774e+01  1.800000e+01
   endloop
 endfacet
 facet normal  4.984589e-02  9.987569e-01 -0.000000e+00
   outer loop
     vertex  2.642653e-01  1.059671e+01  1.800000e+01
     vertex  2.642653e-01  1.059671e+01  3.000000e+01
     vertex  7.921390e-01  1.057036e+01  1.800000e+01
   endloop
 endfacet
 facet normal  0.000000e+00  1.000000e+00  0.000000e+00
   outer loop
     vertex -2.642653e-01  1.059671e+01  1.800000e+01
     vertex -2.642653e-01  1.059671e+01  3.000000e+01
     vertex  2.642653e-01  1.059671e+01  3.000000e+01
   endloop
 endfacet
 facet normal -4.984589e-02  9.987569e-01  0.000000e+00
   outer loop
     vertex -2.642653e-01  1.059671e+01  1.800000e+01
     vertex -7.921390e-01  1.057036e+01  3.000000e+01
     vertex -2.642653e-01  1.059671e+01  3.000000e+01
   endloop
 endfacet
 facet normal  0.000000e+00  1.000000e+00  0.000000e+00
   outer loop
     vertex -2.642653e-01  1.059671e+01  1.800000e+01
     vertex  2.642653e-01  1.059671e+01  3.000000e+01
     vertex  2.642653e-01  1.059671e+01  1.800000e+01
   endloop
 endfacet
 facet normal -4.984589e-02  9.987569e-01  0.000000e+00
   outer loop
     vertex -7.921390e-01  1.057036e+01  1.800000e+01
     vertex -7.921390e-01  1.057036e+01  3.000000e+01
     vertex -2.642653e-01  1.059671e+01  1.800000e+01
   endloop
 endfacet
 facet normal -9.956785e-02  9.950308e-01  0.000000e+00
   outer loop
     vertex -1.318043e+00  1.051774e+01  1.800000e+01
     vertex -1.318043e+00  1.051774e+01  3.000000e+01
     vertex -7.921390e-01  1.057036e+01  3.000000e+01
   endloop
 endfacet
 facet normal -1.490423e-01  9.888308e-01  0.000000e+00
   outer loop
     vertex -1.318043e+00  1.051774e+01  1.800000e+01
     vertex -1.840671e+00  1.043896e+01  3.000000e+01
     vertex -1.318043e+00  1.051774e+01  3.000000e+01
   endloop
 endfacet
 facet normal -9.956785e-02  9.950308e-01  0.000000e+00
   outer loop
     vertex -1.318043e+00  1.051774e+01  1.800000e+01
     vertex -7.921390e-01  1.057036e+01  3.000000e+01
     vertex -7.921390e-01  1.057036e+01  1.800000e+01
   endloop
 endfacet
 facet normal -1.490423e-01  9.888308e-01  0.000000e+00
   outer loop
     vertex -1.840671e+00  1.043896e+01  1.800000e+01
     vertex -1.840671e+00  1.043896e+01  3.000000e+01
     vertex -1.318043e+00  1.051774e+01  1.800000e+01
   endloop
 endfacet
 facet normal -1.981461e-01  9.801725e-01  0.000000e+00
   outer loop
     vertex -2.358722e+00  1.033424e+01  1.800000e+01
     vertex -1.840671e+00  1.043896e+01  3.000000e+01
     vertex -1.840671e+00  1.043896e+01  1.800000e+01
   endloop
 endfacet
 facet normal -1.981461e-01  9.801725e-01  0.000000e+00
   outer loop
     vertex -2.358722e+00  1.033424e+01  1.800000e+01
     vertex -2.358722e+00  1.033424e+01  3.000000e+01
     vertex -1.840671e+00  1.043896e+01  3.000000e+01
   endloop
 endfacet
 facet normal -2.467574e-01  9.690773e-01  0.000000e+00
   outer loop
     vertex -2.870909e+00  1.020382e+01  1.800000e+01
     vertex -2.870909e+00  1.020382e+01  3.000000e+01
     vertex -2.358722e+00  1.033424e+01  3.000000e+01
   endloop
 endfacet
 facet normal -2.467574e-01  9.690773e-01  0.000000e+00
   outer loop
     vertex -2.870909e+00  1.020382e+01  1.800000e+01
     vertex -2.358722e+00  1.033424e+01  3.000000e+01
     vertex -2.358722e+00  1.033424e+01  1.800000e+01
   endloop
 endfacet
 facet normal -2.947552e-01  9.555728e-01  0.000000e+00
   outer loop
     vertex -3.375958e+00  1.004803e+01  1.800000e+01
     vertex -2.870909e+00  1.020382e+01  3.000000e+01
     vertex -2.870909e+00  1.020382e+01  1.800000e+01
   endloop
 endfacet
 facet normal -2.947552e-01  9.555728e-01  0.000000e+00
   outer loop
     vertex -3.375958e+00  1.004803e+01  1.800000e+01
     vertex -3.375958e+00  1.004803e+01  3.000000e+01
     vertex -2.870909e+00  1.020382e+01  3.000000e+01
   endloop
 endfacet
 facet normal -3.420201e-01  9.396926e-01  0.000000e+00
   outer loop
     vertex -3.872615e+00  9.867262e+00  1.800000e+01
     vertex -3.375958e+00  1.004803e+01  3.000000e+01
     vertex -3.375958e+00  1.004803e+01  1.800000e+01
   endloop
 endfacet
 facet normal -3.420201e-01  9.396926e-01  0.000000e+00
   outer loop
     vertex -3.872615e+00  9.867262e+00  1.800000e+01
     vertex -3.872615e+00  9.867262e+00  3.000000e+01
     vertex -3.375958e+00  1.004803e+01  3.000000e+01
   endloop
 endfacet
 facet normal -3.884348e-01  9.214762e-01  0.000000e+00
   outer loop
     vertex -4.359643e+00  9.661962e+00  1.800000e+01
     vertex -3.872615e+00  9.867262e+00  3.000000e+01
     vertex -3.872615e+00  9.867262e+00  1.800000e+01
   endloop
 endfacet
 facet normal -3.884348e-01  9.214762e-01  0.000000e+00
   outer loop
     vertex -4.359643e+00  9.661962e+00  1.800000e+01
     vertex -4.359643e+00  9.661962e+00  3.000000e+01
     vertex -3.872615e+00  9.867262e+00  3.000000e+01
   endloop
 endfacet
 facet normal -4.338837e-01  9.009689e-01  0.000000e+00
   outer loop
     vertex -4.359643e+00  9.661962e+00  1.800000e+01
     vertex -4.835833e+00  9.432641e+00  3.000000e+01
     vertex -4.359643e+00  9.661962e+00  3.000000e+01
   endloop
 endfacet
 facet normal -4.338837e-01  9.009689e-01  0.000000e+00
   outer loop
     vertex -4.835833e+00  9.432641e+00  1.800000e+01
     vertex -4.835833e+00  9.432641e+00  3.000000e+01
     vertex -4.359643e+00  9.661962e+00  1.800000e+01
   endloop
 endfacet
 facet normal -4.782540e-01  8.782216e-01  0.000000e+00
   outer loop
     vertex -5.300000e+00  9.179869e+00  1.800000e+01
     vertex -4.835833e+00  9.432641e+00  3.000000e+01
     vertex -4.835833e+00  9.432641e+00  1.800000e+01
   endloop
 endfacet
 facet normal -4.782540e-01  8.782216e-01  0.000000e+00
   outer loop
     vertex -5.300000e+00  9.179869e+00  1.800000e+01
     vertex -5.300000e+00  9.179869e+00  3.000000e+01
     vertex -4.835833e+00  9.432641e+00  3.000000e+01
   endloop
 endfacet
 facet normal -5.214352e-01  8.532909e-01  0.000000e+00
   outer loop
     vertex -5.750990e+00  8.904275e+00  1.800000e+01
     vertex -5.300000e+00  9.179869e+00  3.000000e+01
     vertex -5.300000e+00  9.179869e+00  1.800000e+01
   endloop
 endfacet
 facet normal -5.214352e-01  8.532909e-01  0.000000e+00
   outer loop
     vertex -5.750990e+00  8.904275e+00  1.800000e+01
     vertex -5.750990e+00  8.904275e+00  3.000000e+01
     vertex -5.300000e+00  9.179869e+00  3.000000e+01
   endloop
 endfacet
 facet normal -5.633201e-01  8.262388e-01  0.000000e+00
   outer loop
     vertex -6.187683e+00  8.606543e+00  1.800000e+01
     vertex -5.750990e+00  8.904275e+00  3.000000e+01
     vertex -5.750990e+00  8.904275e+00  1.800000e+01
   endloop
 endfacet
 facet normal -5.633201e-01  8.262388e-01  0.000000e+00
   outer loop
     vertex -6.187683e+00  8.606543e+00  1.800000e+01
     vertex -6.187683e+00  8.606543e+00  3.000000e+01
     vertex -5.750990e+00  8.904275e+00  3.000000e+01
   endloop
 endfacet
 facet normal -6.038044e-01  7.971325e-01  0.000000e+00
   outer loop
     vertex -6.608992e+00  8.287414e+00  1.800000e+01
     vertex -6.187683e+00  8.606543e+00  3.000000e+01
     vertex -6.187683e+00  8.606543e+00  1.800000e+01
   endloop
 endfacet
 facet normal -6.038044e-01  7.971325e-01  0.000000e+00
   outer loop
     vertex -6.608992e+00  8.287414e+00  1.800000e+01
     vertex -6.608992e+00  8.287414e+00  3.000000e+01
     vertex -6.187683e+00  8.606543e+00  3.000000e+01
   endloop
 endfacet
 facet normal -6.427876e-01  7.660444e-01  0.000000e+00
   outer loop
     vertex -7.013870e+00  7.947681e+00  1.800000e+01
     vertex -6.608992e+00  8.287414e+00  3.000000e+01
     vertex -6.608992e+00  8.287414e+00  1.800000e+01
   endloop
 endfacet
 facet normal -6.427876e-01  7.660444e-01  0.000000e+00
   outer loop
     vertex -7.013870e+00  7.947681e+00  1.800000e+01
     vertex -7.013870e+00  7.947681e+00  3.000000e+01
     vertex -6.608992e+00  8.287414e+00  3.000000e+01
   endloop
 endfacet
 facet normal -6.801727e-01  7.330519e-01  0.000000e+00
   outer loop
     vertex -7.401310e+00  7.588189e+00  1.800000e+01
     vertex -7.013870e+00  7.947681e+00  3.000000e+01
     vertex -7.013870e+00  7.947681e+00  1.800000e+01
   endloop
 endfacet
 facet normal -6.801727e-01  7.330519e-01  0.000000e+00
   outer loop
     vertex -7.401310e+00  7.588189e+00  1.800000e+01
     vertex -7.401310e+00  7.588189e+00  3.000000e+01
     vertex -7.013870e+00  7.947681e+00  3.000000e+01
   endloop
 endfacet
 facet normal -7.158668e-01  6.982368e-01  0.000000e+00
   outer loop
     vertex -7.770350e+00  7.209831e+00  1.800000e+01
     vertex -7.401310e+00  7.588189e+00  3.000000e+01
     vertex -7.401310e+00  7.588189e+00  1.800000e+01
   endloop
 endfacet
 facet normal -7.158668e-01  6.982368e-01  0.000000e+00
   outer loop
     vertex -7.770350e+00  7.209831e+00  1.800000e+01
     vertex -7.770350e+00  7.209831e+00  3.000000e+01
     vertex -7.401310e+00  7.588189e+00  3.000000e+01
   endloop
 endfacet
 facet normal -7.497812e-01  6.616858e-01  0.000000e+00
   outer loop
     vertex -8.120071e+00  6.813549e+00  1.800000e+01
     vertex -7.770350e+00  7.209831e+00  3.000000e+01
     vertex -7.770350e+00  7.209831e+00  1.800000e+01
   endloop
 endfacet
 facet normal -7.497812e-01  6.616858e-01  0.000000e+00
   outer loop
     vertex -8.120071e+00  6.813549e+00  1.800000e+01
     vertex -8.120071e+00  6.813549e+00  3.000000e+01
     vertex -7.770350e+00  7.209831e+00  3.000000e+01
   endloop
 endfacet
 facet normal -7.818315e-01  6.234898e-01  0.000000e+00
   outer loop
     vertex -8.449605e+00  6.400327e+00  1.800000e+01
     vertex -8.449605e+00  6.400327e+00  3.000000e+01
     vertex -8.120071e+00  6.813549e+00  3.000000e+01
   endloop
 endfacet
 facet normal -7.818315e-01  6.234898e-01  0.000000e+00
   outer loop
     vertex -8.449605e+00  6.400327e+00  1.800000e+01
     vertex -8.120071e+00  6.813549e+00  3.000000e+01
     vertex -8.120071e+00  6.813549e+00  1.800000e+01
   endloop
 endfacet
 facet normal -8.119380e-01  5.837437e-01  0.000000e+00
   outer loop
     vertex -8.758131e+00  5.971193e+00  1.800000e+01
     vertex -8.758131e+00  5.971193e+00  3.000000e+01
     vertex -8.449605e+00  6.400327e+00  3.000000e+01
   endloop
 endfacet
 facet normal -8.119380e-01  5.837437e-01  0.000000e+00
   outer loop
     vertex -8.758131e+00  5.971193e+00  1.800000e+01
     vertex -8.449605e+00  6.400327e+00  3.000000e+01
     vertex -8.449605e+00  6.400327e+00  1.800000e+01
   endloop
 endfacet
 facet normal -8.400259e-01  5.425463e-01  0.000000e+00
   outer loop
     vertex -9.044883e+00  5.527213e+00  1.800000e+01
     vertex -9.044883e+00  5.527213e+00  3.000000e+01
     vertex -8.758131e+00  5.971193e+00  3.000000e+01
   endloop
 endfacet
 facet normal -8.400259e-01  5.425463e-01  0.000000e+00
   outer loop
     vertex -9.044883e+00  5.527213e+00  1.800000e+01
     vertex -8.758131e+00  5.971193e+00  3.000000e+01
     vertex -8.758131e+00  5.971193e+00  1.800000e+01
   endloop
 endfacet
 facet normal -8.660254e-01  5.000000e-01  0.000000e+00
   outer loop
     vertex -9.309149e+00  5.069492e+00  1.800000e+01
     vertex -9.309149e+00  5.069492e+00  3.000000e+01
     vertex -9.044883e+00  5.527213e+00  3.000000e+01
   endloop
 endfacet
 facet normal -8.660254e-01  5.000000e-01  0.000000e+00
   outer loop
     vertex -9.309149e+00  5.069492e+00  1.800000e+01
     vertex -9.044883e+00  5.527213e+00  3.000000e+01
     vertex -9.044883e+00  5.527213e+00  1.800000e+01
   endloop
 endfacet
 facet normal -8.898718e-01  4.562107e-01  0.000000e+00
   outer loop
     vertex -9.550270e+00  4.599168e+00  1.800000e+01
     vertex -9.550270e+00  4.599168e+00  3.000000e+01
     vertex -9.309149e+00  5.069492e+00  3.000000e+01
   endloop
 endfacet
 facet normal -8.898718e-01  4.562107e-01  0.000000e+00
   outer loop
     vertex -9.550270e+00  4.599168e+00  1.800000e+01
     vertex -9.309149e+00  5.069492e+00  3.000000e+01
     vertex -9.309149e+00  5.069492e+00  1.800000e+01
   endloop
 endfacet
 facet normal -9.115059e-01  4.112871e-01  0.000000e+00
   outer loop
     vertex -9.767648e+00  4.117409e+00  1.800000e+01
     vertex -9.767648e+00  4.117409e+00  3.000000e+01
     vertex -9.550270e+00  4.599168e+00  3.000000e+01
   endloop
 endfacet
 facet normal -9.115059e-01  4.112871e-01  0.000000e+00
   outer loop
     vertex -9.767648e+00  4.117409e+00  1.800000e+01
     vertex -9.550270e+00  4.599168e+00  3.000000e+01
     vertex -9.550270e+00  4.599168e+00  1.800000e+01
   endloop
 endfacet
 facet normal -9.308737e-01  3.653410e-01  0.000000e+00
   outer loop
     vertex -9.960742e+00  3.625414e+00  1.800000e+01
     vertex -9.960742e+00  3.625414e+00  3.000000e+01
     vertex -9.767648e+00  4.117409e+00  3.000000e+01
   endloop
 endfacet
 facet normal -9.308737e-01  3.653410e-01  0.000000e+00
   outer loop
     vertex -9.960742e+00  3.625414e+00  1.800000e+01
     vertex -9.767648e+00  4.117409e+00  3.000000e+01
     vertex -9.767648e+00  4.117409e+00  1.800000e+01
   endloop
 endfacet
 facet normal -9.479273e-01  3.184867e-01  0.000000e+00
   outer loop
     vertex -1.012907e+01  3.124405e+00  1.800000e+01
     vertex -1.012907e+01  3.124405e+00  3.000000e+01
     vertex -9.960742e+00  3.625414e+00  3.000000e+01
   endloop
 endfacet
 facet normal -9.479273e-01  3.184867e-01  0.000000e+00
   outer loop
     vertex -1.012907e+01  3.124405e+00  1.800000e+01
     vertex -9.960742e+00  3.625414e+00  3.000000e+01
     vertex -9.960742e+00  3.625414e+00  1.800000e+01
   endloop
 endfacet
 facet normal -9.626242e-01  2.708405e-01  0.000000e+00
   outer loop
     vertex -1.027222e+01  2.615628e+00  1.800000e+01
     vertex -1.027222e+01  2.615628e+00  3.000000e+01
     vertex -1.012907e+01  3.124405e+00  3.000000e+01
   endloop
 endfacet
 facet normal -9.626242e-01  2.708405e-01  0.000000e+00
   outer loop
     vertex -1.027222e+01  2.615628e+00  1.800000e+01
     vertex -1.012907e+01  3.124405e+00  3.000000e+01
     vertex -1.012907e+01  3.124405e+00  1.800000e+01
   endloop
 endfacet
 facet normal -9.749279e-01  2.225209e-01  0.000000e+00
   outer loop
     vertex -1.038983e+01  2.100349e+00  1.800000e+01
     vertex -1.038983e+01  2.100349e+00  3.000000e+01
     vertex -1.027222e+01  2.615628e+00  3.000000e+01
   endloop
 endfacet
 facet normal -9.749279e-01  2.225209e-01  0.000000e+00
   outer loop
     vertex -1.038983e+01  2.100349e+00  1.800000e+01
     vertex -1.027222e+01  2.615628e+00  3.000000e+01
     vertex -1.027222e+01  2.615628e+00  1.800000e+01
   endloop
 endfacet
 facet normal -9.848078e-01  1.736482e-01  0.000000e+00
   outer loop
     vertex -1.048161e+01  1.579848e+00  1.800000e+01
     vertex -1.048161e+01  1.579848e+00  3.000000e+01
     vertex -1.038983e+01  2.100349e+00  3.000000e+01
   endloop
 endfacet
 facet normal -9.848078e-01  1.736482e-01  0.000000e+00
   outer loop
     vertex -1.048161e+01  1.579848e+00  1.800000e+01
     vertex -1.038983e+01  2.100349e+00  3.000000e+01
     vertex -1.038983e+01  2.100349e+00  1.800000e+01
   endloop
 endfacet
 facet normal -9.922392e-01  1.243437e-01  0.000000e+00
   outer loop
     vertex -1.054733e+01  1.055419e+00  1.800000e+01
     vertex -1.054733e+01  1.055419e+00  3.000000e+01
     vertex -1.048161e+01  1.579848e+00  3.000000e+01
   endloop
 endfacet
 facet normal -9.922392e-01  1.243437e-01  0.000000e+00
   outer loop
     vertex -1.054733e+01  1.055419e+00  1.800000e+01
     vertex -1.048161e+01  1.579848e+00  3.000000e+01
     vertex -1.048161e+01  1.579848e+00  1.800000e+01
   endloop
 endfacet
 facet normal -9.972038e-01  7.473009e-02  0.000000e+00
   outer loop
     vertex -1.058682e+01  5.283664e-01  1.800000e+01
     vertex -1.054733e+01  1.055419e+00  3.000000e+01
     vertex -1.054733e+01  1.055419e+00  1.800000e+01
   endloop
 endfacet
 facet normal -9.972038e-01  7.473009e-02  0.000000e+00
   outer loop
     vertex -1.058682e+01  5.283664e-01  1.800000e+01
     vertex -1.058682e+01  5.283664e-01  3.000000e+01
     vertex -1.054733e+01  1.055419e+00  3.000000e+01
   endloop
 endfacet
 facet normal -9.996892e-01  2.493069e-02  0.000000e+00
   outer loop
     vertex -1.060000e+01 -3.636064e-14  1.800000e+01
     vertex -1.058682e+01  5.283664e-01  3.000000e+01
     vertex -1.058682e+01  5.283664e-01  1.800000e+01
   endloop
 endfacet
 facet normal -9.996892e-01  2.493069e-02  0.000000e+00
   outer loop
     vertex -1.060000e+01 -3.636064e-14  1.800000e+01
     vertex -1.060000e+01 -3.636064e-14  3.000000e+01
     vertex -1.058682e+01  5.283664e-01  3.000000e+01
   endloop
 endfacet
 facet normal -9.996892e-01 -2.493069e-02  0.000000e+00
   outer loop
     vertex -1.058682e+01 -5.283664e-01  1.800000e+01
     vertex -1.060000e+01 -3.636064e-14  3.000000e+01
     vertex -1.060000e+01 -3.636064e-14  1.800000e+01
   endloop
 endfacet
 facet normal -9.996892e-01 -2.493069e-02  0.000000e+00
   outer loop
     vertex -1.058682e+01 -5.283664e-01  1.800000e+01
     vertex -1.058682e+01 -5.283664e-01  3.000000e+01
     vertex -1.060000e+01 -3.636064e-14  3.000000e+01
   endloop
 endfacet
 facet normal -9.972038e-01 -7.473009e-02  0.000000e+00
   outer loop
     vertex -1.054733e+01 -1.055419e+00  1.800000e+01
     vertex -1.058682e+01 -5.283664e-01  3.000000e+01
     vertex -1.058682e+01 -5.283664e-01  1.800000e+01
   endloop
 endfacet
 facet normal -9.972038e-01 -7.473009e-02  0.000000e+00
   outer loop
     vertex -1.054733e+01 -1.055419e+00  1.800000e+01
     vertex -1.054733e+01 -1.055419e+00  3.000000e+01
     vertex -1.058682e+01 -5.283664e-01  3.000000e+01
   endloop
 endfacet
 facet normal -9.922392e-01 -1.243437e-01  0.000000e+00
   outer loop
     vertex -1.048161e+01 -1.579848e+00  1.800000e+01
     vertex -1.054733e+01 -1.055419e+00  3.000000e+01
     vertex -1.054733e+01 -1.055419e+00  1.800000e+01
   endloop
 endfacet
 facet normal -9.922392e-01 -1.243437e-01  0.000000e+00
   outer loop
     vertex -1.048161e+01 -1.579848e+00  1.800000e+01
     vertex -1.048161e+01 -1.579848e+00  3.000000e+01
     vertex -1.054733e+01 -1.055419e+00  3.000000e+01
   endloop
 endfacet
 facet normal -9.848078e-01 -1.736482e-01  0.000000e+00
   outer loop
     vertex -1.038983e+01 -2.100349e+00  1.800000e+01
     vertex -1.048161e+01 -1.579848e+00  3.000000e+01
     vertex -1.048161e+01 -1.579848e+00  1.800000e+01
   endloop
 endfacet
 facet normal -9.848078e-01 -1.736482e-01  0.000000e+00
   outer loop
     vertex -1.038983e+01 -2.100349e+00  1.800000e+01
     vertex -1.038983e+01 -2.100349e+00  3.000000e+01
     vertex -1.048161e+01 -1.579848e+00  3.000000e+01
   endloop
 endfacet
 facet normal -9.749279e-01 -2.225209e-01  0.000000e+00
   outer loop
     vertex -1.027222e+01 -2.615628e+00  1.800000e+01
     vertex -1.038983e+01 -2.100349e+00  3.000000e+01
     vertex -1.038983e+01 -2.100349e+00  1.800000e+01
   endloop
 endfacet
 facet normal -9.749279e-01 -2.225209e-01  0.000000e+00
   outer loop
     vertex -1.027222e+01 -2.615628e+00  1.800000e+01
     vertex -1.027222e+01 -2.615628e+00  3.000000e+01
     vertex -1.038983e+01 -2.100349e+00  3.000000e+01
   endloop
 endfacet
 facet normal -9.626242e-01 -2.708405e-01  0.000000e+00
   outer loop
     vertex -1.012907e+01 -3.124405e+00  1.800000e+01
     vertex -1.027222e+01 -2.615628e+00  3.000000e+01
     vertex -1.027222e+01 -2.615628e+00  1.800000e+01
   endloop
 endfacet
 facet normal -9.626242e-01 -2.708405e-01  0.000000e+00
   outer loop
     vertex -1.012907e+01 -3.124405e+00  1.800000e+01
     vertex -1.012907e+01 -3.124405e+00  3.000000e+01
     vertex -1.027222e+01 -2.615628e+00  3.000000e+01
   endloop
 endfacet
 facet normal -9.479273e-01 -3.184867e-01  0.000000e+00
   outer loop
     vertex -9.960742e+00 -3.625414e+00  1.800000e+01
     vertex -1.012907e+01 -3.124405e+00  3.000000e+01
     vertex -1.012907e+01 -3.124405e+00  1.800000e+01
   endloop
 endfacet
 facet normal -9.479273e-01 -3.184867e-01  0.000000e+00
   outer loop
     vertex -9.960742e+00 -3.625414e+00  1.800000e+01
     vertex -9.960742e+00 -3.625414e+00  3.000000e+01
     vertex -1.012907e+01 -3.124405e+00  3.000000e+01
   endloop
 endfacet
 facet normal -9.308737e-01 -3.653410e-01  0.000000e+00
   outer loop
     vertex -9.767648e+00 -4.117409e+00  1.800000e+01
     vertex -9.960742e+00 -3.625414e+00  3.000000e+01
     vertex -9.960742e+00 -3.625414e+00  1.800000e+01
   endloop
 endfacet
 facet normal -9.308737e-01 -3.653410e-01  0.000000e+00
   outer loop
     vertex -9.767648e+00 -4.117409e+00  1.800000e+01
     vertex -9.767648e+00 -4.117409e+00  3.000000e+01
     vertex -9.960742e+00 -3.625414e+00  3.000000e+01
   endloop
 endfacet
 facet normal -9.115059e-01 -4.112871e-01  0.000000e+00
   outer loop
     vertex -9.550270e+00 -4.599168e+00  1.800000e+01
     vertex -9.767648e+00 -4.117409e+00  3.000000e+01
     vertex -9.767648e+00 -4.117409e+00  1.800000e+01
   endloop
 endfacet
 facet normal -9.115059e-01 -4.112871e-01  0.000000e+00
   outer loop
     vertex -9.550270e+00 -4.599168e+00  1.800000e+01
     vertex -9.550270e+00 -4.599168e+00  3.000000e+01
     vertex -9.767648e+00 -4.117409e+00  3.000000e+01
   endloop
 endfacet
 facet normal -8.898718e-01 -4.562107e-01  0.000000e+00
   outer loop
     vertex -9.309149e+00 -5.069492e+00  1.800000e+01
     vertex -9.550270e+00 -4.599168e+00  3.000000e+01
     vertex -9.550270e+00 -4.599168e+00  1.800000e+01
   endloop
 endfacet
 facet normal -8.898718e-01 -4.562107e-01  0.000000e+00
   outer loop
     vertex -9.309149e+00 -5.069492e+00  1.800000e+01
     vertex -9.309149e+00 -5.069492e+00  3.000000e+01
     vertex -9.550270e+00 -4.599168e+00  3.000000e+01
   endloop
 endfacet
 facet normal -8.660254e-01 -5.000000e-01  0.000000e+00
   outer loop
     vertex -9.044883e+00 -5.527213e+00  1.800000e+01
     vertex -9.309149e+00 -5.069492e+00  3.000000e+01
     vertex -9.309149e+00 -5.069492e+00  1.800000e+01
   endloop
 endfacet
 facet normal -8.660254e-01 -5.000000e-01  0.000000e+00
   outer loop
     vertex -9.044883e+00 -5.527213e+00  1.800000e+01
     vertex -9.044883e+00 -5.527213e+00  3.000000e+01
     vertex -9.309149e+00 -5.069492e+00  3.000000e+01
   endloop
 endfacet
 facet normal -8.400259e-01 -5.425463e-01  0.000000e+00
   outer loop
     vertex -8.758131e+00 -5.971193e+00  1.800000e+01
     vertex -9.044883e+00 -5.527213e+00  3.000000e+01
     vertex -9.044883e+00 -5.527213e+00  1.800000e+01
   endloop
 endfacet
 facet normal -8.400259e-01 -5.425463e-01  0.000000e+00
   outer loop
     vertex -8.758131e+00 -5.971193e+00  1.800000e+01
     vertex -8.758131e+00 -5.971193e+00  3.000000e+01
     vertex -9.044883e+00 -5.527213e+00  3.000000e+01
   endloop
 endfacet
 facet normal -8.119380e-01 -5.837437e-01  0.000000e+00
   outer loop
     vertex -8.449605e+00 -6.400327e+00  1.800000e+01
     vertex -8.758131e+00 -5.971193e+00  3.000000e+01
     vertex -8.758131e+00 -5.971193e+00  1.800000e+01
   endloop
 endfacet
 facet normal -8.119380e-01 -5.837437e-01  0.000000e+00
   outer loop
     vertex -8.449605e+00 -6.400327e+00  1.800000e+01
     vertex -8.449605e+00 -6.400327e+00  3.000000e+01
     vertex -8.758131e+00 -5.971193e+00  3.000000e+01
   endloop
 endfacet
 facet normal -7.818315e-01 -6.234898e-01  0.000000e+00
   outer loop
     vertex -8.120071e+00 -6.813549e+00  1.800000e+01
     vertex -8.449605e+00 -6.400327e+00  3.000000e+01
     vertex -8.449605e+00 -6.400327e+00  1.800000e+01
   endloop
 endfacet
 facet normal -7.818315e-01 -6.234898e-01  0.000000e+00
   outer loop
     vertex -8.120071e+00 -6.813549e+00  1.800000e+01
     vertex -8.120071e+00 -6.813549e+00  3.000000e+01
     vertex -8.449605e+00 -6.400327e+00  3.000000e+01
   endloop
 endfacet
 facet normal -7.497812e-01 -6.616858e-01  0.000000e+00
   outer loop
     vertex -7.770350e+00 -7.209831e+00  1.800000e+01
     vertex -8.120071e+00 -6.813549e+00  3.000000e+01
     vertex -8.120071e+00 -6.813549e+00  1.800000e+01
   endloop
 endfacet
 facet normal -7.497812e-01 -6.616858e-01  0.000000e+00
   outer loop
     vertex -7.770350e+00 -7.209831e+00  1.800000e+01
     vertex -7.770350e+00 -7.209831e+00  3.000000e+01
     vertex -8.120071e+00 -6.813549e+00  3.000000e+01
   endloop
 endfacet
 facet normal -7.158668e-01 -6.982368e-01  0.000000e+00
   outer loop
     vertex -7.401310e+00 -7.588189e+00  1.800000e+01
     vertex -7.770350e+00 -7.209831e+00  3.000000e+01
     vertex -7.770350e+00 -7.209831e+00  1.800000e+01
   endloop
 endfacet
 facet normal -7.158668e-01 -6.982368e-01  0.000000e+00
   outer loop
     vertex -7.401310e+00 -7.588189e+00  1.800000e+01
     vertex -7.401310e+00 -7.588189e+00  3.000000e+01
     vertex -7.770350e+00 -7.209831e+00  3.000000e+01
   endloop
 endfacet
 facet normal -6.801727e-01 -7.330519e-01  0.000000e+00
   outer loop
     vertex -7.013870e+00 -7.947681e+00  1.800000e+01
     vertex -7.401310e+00 -7.588189e+00  3.000000e+01
     vertex -7.401310e+00 -7.588189e+00  1.800000e+01
   endloop
 endfacet
 facet normal -6.801727e-01 -7.330519e-01  0.000000e+00
   outer loop
     vertex -7.013870e+00 -7.947681e+00  1.800000e+01
     vertex -7.013870e+00 -7.947681e+00  3.000000e+01
     vertex -7.401310e+00 -7.588189e+00  3.000000e+01
   endloop
 endfacet
 facet normal -6.427876e-01 -7.660444e-01  0.000000e+00
   outer loop
     vertex -6.608992e+00 -8.287414e+00  1.800000e+01
     vertex -7.013870e+00 -7.947681e+00  3.000000e+01
     vertex -7.013870e+00 -7.947681e+00  1.800000e+01
   endloop
 endfacet
 facet normal -6.427876e-01 -7.660444e-01  0.000000e+00
   outer loop
     vertex -6.608992e+00 -8.287414e+00  1.800000e+01
     vertex -6.608992e+00 -8.287414e+00  3.000000e+01
     vertex -7.013870e+00 -7.947681e+00  3.000000e+01
   endloop
 endfacet
 facet normal -6.038044e-01 -7.971325e-01  0.000000e+00
   outer loop
     vertex -6.187683e+00 -8.606543e+00  1.800000e+01
     vertex -6.608992e+00 -8.287414e+00  3.000000e+01
     vertex -6.608992e+00 -8.287414e+00  1.800000e+01
   endloop
 endfacet
 facet normal -6.038044e-01 -7.971325e-01  0.000000e+00
   outer loop
     vertex -6.187683e+00 -8.606543e+00  1.800000e+01
     vertex -6.187683e+00 -8.606543e+00  3.000000e+01
     vertex -6.608992e+00 -8.287414e+00  3.000000e+01
   endloop
 endfacet
 facet normal -5.633201e-01 -8.262388e-01  0.000000e+00
   outer loop
     vertex -5.750990e+00 -8.904275e+00  1.800000e+01
     vertex -5.750990e+00 -8.904275e+00  3.000000e+01
     vertex -6.187683e+00 -8.606543e+00  3.000000e+01
   endloop
 endfacet
 facet normal -5.633201e-01 -8.262388e-01  0.000000e+00
   outer loop
     vertex -5.750990e+00 -8.904275e+00  1.800000e+01
     vertex -6.187683e+00 -8.606543e+00  3.000000e+01
     vertex -6.187683e+00 -8.606543e+00  1.800000e+01
   endloop
 endfacet
 facet normal -5.214352e-01 -8.532909e-01  0.000000e+00
   outer loop
     vertex -5.300000e+00 -9.179869e+00  1.800000e+01
     vertex -5.300000e+00 -9.179869e+00  3.000000e+01
     vertex -5.750990e+00 -8.904275e+00  3.000000e+01
   endloop
 endfacet
 facet normal -5.214352e-01 -8.532909e-01  0.000000e+00
   outer loop
     vertex -5.300000e+00 -9.179869e+00  1.800000e+01
     vertex -5.750990e+00 -8.904275e+00  3.000000e+01
     vertex -5.750990e+00 -8.904275e+00  1.800000e+01
   endloop
 endfacet
 facet normal -4.782540e-01 -8.782216e-01  0.000000e+00
   outer loop
     vertex -4.835833e+00 -9.432641e+00  1.800000e+01
     vertex -4.835833e+00 -9.432641e+00  3.000000e+01
     vertex -5.300000e+00 -9.179869e+00  3.000000e+01
   endloop
 endfacet
 facet normal -4.782540e-01 -8.782216e-01  0.000000e+00
   outer loop
     vertex -4.835833e+00 -9.432641e+00  1.800000e+01
     vertex -5.300000e+00 -9.179869e+00  3.000000e+01
     vertex -5.300000e+00 -9.179869e+00  1.800000e+01
   endloop
 endfacet
 facet normal -4.338837e-01 -9.009689e-01  0.000000e+00
   outer loop
     vertex -4.359643e+00 -9.661962e+00  1.800000e+01
     vertex -4.359643e+00 -9.661962e+00  3.000000e+01
     vertex -4.835833e+00 -9.432641e+00  3.000000e+01
   endloop
 endfacet
 facet normal -4.338837e-01 -9.009689e-01  0.000000e+00
   outer loop
     vertex -4.359643e+00 -9.661962e+00  1.800000e+01
     vertex -4.835833e+00 -9.432641e+00  3.000000e+01
     vertex -4.835833e+00 -9.432641e+00  1.800000e+01
   endloop
 endfacet
 facet normal -3.884348e-01 -9.214762e-01  0.000000e+00
   outer loop
     vertex -3.872615e+00 -9.867262e+00  1.800000e+01
     vertex -3.872615e+00 -9.867262e+00  3.000000e+01
     vertex -4.359643e+00 -9.661962e+00  3.000000e+01
   endloop
 endfacet
 facet normal -3.884348e-01 -9.214762e-01  0.000000e+00
   outer loop
     vertex -3.872615e+00 -9.867262e+00  1.800000e+01
     vertex -4.359643e+00 -9.661962e+00  3.000000e+01
     vertex -4.359643e+00 -9.661962e+00  1.800000e+01
   endloop
 endfacet
 facet normal -3.420201e-01 -9.396926e-01  0.000000e+00
   outer loop
     vertex -3.375958e+00 -1.004803e+01  1.800000e+01
     vertex -3.872615e+00 -9.867262e+00  3.000000e+01
     vertex -3.872615e+00 -9.867262e+00  1.800000e+01
   endloop
 endfacet
 facet normal -3.420201e-01 -9.396926e-01  0.000000e+00
   outer loop
     vertex -3.375958e+00 -1.004803e+01  1.800000e+01
     vertex -3.375958e+00 -1.004803e+01  3.000000e+01
     vertex -3.872615e+00 -9.867262e+00  3.000000e+01
   endloop
 endfacet
 facet normal -2.947552e-01 -9.555728e-01  0.000000e+00
   outer loop
     vertex -2.870909e+00 -1.020382e+01  1.800000e+01
     vertex -3.375958e+00 -1.004803e+01  3.000000e+01
     vertex -3.375958e+00 -1.004803e+01  1.800000e+01
   endloop
 endfacet
 facet normal -2.947552e-01 -9.555728e-01  0.000000e+00
   outer loop
     vertex -2.870909e+00 -1.020382e+01  1.800000e+01
     vertex -2.870909e+00 -1.020382e+01  3.000000e+01
     vertex -3.375958e+00 -1.004803e+01  3.000000e+01
   endloop
 endfacet
 facet normal -2.467574e-01 -9.690773e-01  0.000000e+00
   outer loop
     vertex -2.358722e+00 -1.033424e+01  1.800000e+01
     vertex -2.870909e+00 -1.020382e+01  3.000000e+01
     vertex -2.870909e+00 -1.020382e+01  1.800000e+01
   endloop
 endfacet
 facet normal -2.467574e-01 -9.690773e-01  0.000000e+00
   outer loop
     vertex -2.358722e+00 -1.033424e+01  1.800000e+01
     vertex -2.358722e+00 -1.033424e+01  3.000000e+01
     vertex -2.870909e+00 -1.020382e+01  3.000000e+01
   endloop
 endfacet
 facet normal -1.981461e-01 -9.801725e-01  0.000000e+00
   outer loop
     vertex -1.840671e+00 -1.043896e+01  1.800000e+01
     vertex -2.358722e+00 -1.033424e+01  3.000000e+01
     vertex -2.358722e+00 -1.033424e+01  1.800000e+01
   endloop
 endfacet
 facet normal -1.981461e-01 -9.801725e-01  0.000000e+00
   outer loop
     vertex -1.840671e+00 -1.043896e+01  1.800000e+01
     vertex -1.840671e+00 -1.043896e+01  3.000000e+01
     vertex -2.358722e+00 -1.033424e+01  3.000000e+01
   endloop
 endfacet
 facet normal -1.490423e-01 -9.888308e-01  0.000000e+00
   outer loop
     vertex -1.318043e+00 -1.051774e+01  1.800000e+01
     vertex -1.840671e+00 -1.043896e+01  3.000000e+01
     vertex -1.840671e+00 -1.043896e+01  1.800000e+01
   endloop
 endfacet
 facet normal -1.490423e-01 -9.888308e-01  0.000000e+00
   outer loop
     vertex -1.318043e+00 -1.051774e+01  1.800000e+01
     vertex -1.318043e+00 -1.051774e+01  3.000000e+01
     vertex -1.840671e+00 -1.043896e+01  3.000000e+01
   endloop
 endfacet
 facet normal -9.956785e-02 -9.950308e-01  0.000000e+00
   outer loop
     vertex -7.921390e-01 -1.057036e+01  1.800000e+01
     vertex -1.318043e+00 -1.051774e+01  3.000000e+01
     vertex -1.318043e+00 -1.051774e+01  1.800000e+01
   endloop
 endfacet
 facet normal -9.956785e-02 -9.950308e-01  0.000000e+00
   outer loop
     vertex -7.921390e-01 -1.057036e+01  1.800000e+01
     vertex -7.921390e-01 -1.057036e+01  3.000000e+01
     vertex -1.318043e+00 -1.051774e+01  3.000000e+01
   endloop
 endfacet
 facet normal -4.984589e-02 -9.987569e-01  0.000000e+00
   outer loop
     vertex -7.921390e-01 -1.057036e+01  1.800000e+01
     vertex -2.642653e-01 -1.059671e+01  3.000000e+01
     vertex -7.921390e-01 -1.057036e+01  3.000000e+01
   endloop
 endfacet
 facet normal -4.984589e-02 -9.987569e-01  0.000000e+00
   outer loop
     vertex -2.642653e-01 -1.059671e+01  1.800000e+01
     vertex -2.642653e-01 -1.059671e+01  3.000000e+01
     vertex -7.921390e-01 -1.057036e+01  1.800000e+01
   endloop
 endfacet
 facet normal  1.008280e-14 -1.000000e+00  0.000000e+00
   outer loop
     vertex  2.642653e-01 -1.059671e+01  1.800000e+01
     vertex -2.642653e-01 -1.059671e+01  3.000000e+01
     vertex -2.642653e-01 -1.059671e+01  1.800000e+01
   endloop
 endfacet
 facet normal  1.008280e-14 -1.000000e+00  0.000000e+00
   outer loop
     vertex  2.642653e-01 -1.059671e+01  1.800000e+01
     vertex  2.642653e-01 -1.059671e+01  3.000000e+01
     vertex -2.642653e-01 -1.059671e+01  3.000000e+01
   endloop
 endfacet
 facet normal  4.984589e-02 -9.987569e-01  0.000000e+00
   outer loop
     vertex  7.921390e-01 -1.057036e+01  1.800000e+01
     vertex  2.642653e-01 -1.059671e+01  3.000000e+01
     vertex  2.642653e-01 -1.059671e+01  1.800000e+01
   endloop
 endfacet
 facet normal  4.984589e-02 -9.987569e-01  0.000000e+00
   outer loop
     vertex  7.921390e-01 -1.057036e+01  1.800000e+01
     vertex  7.921390e-01 -1.057036e+01  3.000000e+01
     vertex  2.642653e-01 -1.059671e+01  3.000000e+01
   endloop
 endfacet
 facet normal  9.956785e-02 -9.950308e-01  0.000000e+00
   outer loop
     vertex  1.318043e+00 -1.051774e+01  1.800000e+01
     vertex  7.921390e-01 -1.057036e+01  3.000000e+01
     vertex  7.921390e-01 -1.057036e+01  1.800000e+01
   endloop
 endfacet
 facet normal  9.956785e-02 -9.950308e-01  0.000000e+00
   outer loop
     vertex  1.318043e+00 -1.051774e+01  1.800000e+01
     vertex  1.318043e+00 -1.051774e+01  3.000000e+01
     vertex  7.921390e-01 -1.057036e+01  3.000000e+01
   endloop
 endfacet
 facet normal  1.490423e-01 -9.888308e-01  0.000000e+00
   outer loop
     vertex  1.840671e+00 -1.043896e+01  1.800000e+01
     vertex  1.318043e+00 -1.051774e+01  3.000000e+01
     vertex  1.318043e+00 -1.051774e+01  1.800000e+01
   endloop
 endfacet
 facet normal  1.490423e-01 -9.888308e-01  0.000000e+00
   outer loop
     vertex  1.840671e+00 -1.043896e+01  1.800000e+01
     vertex  1.840671e+00 -1.043896e+01  3.000000e+01
     vertex  1.318043e+00 -1.051774e+01  3.000000e+01
   endloop
 endfacet
 facet normal  2.467574e-01 -9.690773e-01  0.000000e+00
   outer loop
     vertex  2.358722e+00 -1.033424e+01  1.800000e+01
     vertex  2.870909e+00 -1.020382e+01  3.000000e+01
     vertex  2.358722e+00 -1.033424e+01  3.000000e+01
   endloop
 endfacet
 facet normal  1.981461e-01 -9.801725e-01  0.000000e+00
   outer loop
     vertex  2.358722e+00 -1.033424e+01  1.800000e+01
     vertex  1.840671e+00 -1.043896e+01  3.000000e+01
     vertex  1.840671e+00 -1.043896e+01  1.800000e+01
   endloop
 endfacet
 facet normal  1.981461e-01 -9.801725e-01  0.000000e+00
   outer loop
     vertex  2.358722e+00 -1.033424e+01  1.800000e+01
     vertex  2.358722e+00 -1.033424e+01  3.000000e+01
     vertex  1.840671e+00 -1.043896e+01  3.000000e+01
   endloop
 endfacet
 facet normal  2.467574e-01 -9.690773e-01  0.000000e+00
   outer loop
     vertex  2.870909e+00 -1.020382e+01  1.800000e+01
     vertex  2.870909e+00 -1.020382e+01  3.000000e+01
     vertex  2.358722e+00 -1.033424e+01  1.800000e+01
   endloop
 endfacet
 facet normal  2.947552e-01 -9.555728e-01  0.000000e+00
   outer loop
     vertex  3.375958e+00 -1.004803e+01  1.800000e+01
     vertex  3.375958e+00 -1.004803e+01  3.000000e+01
     vertex  2.870909e+00 -1.020382e+01  3.000000e+01
   endloop
 endfacet
 facet normal  2.947552e-01 -9.555728e-01  0.000000e+00
   outer loop
     vertex  3.375958e+00 -1.004803e+01  1.800000e+01
     vertex  2.870909e+00 -1.020382e+01  3.000000e+01
     vertex  2.870909e+00 -1.020382e+01  1.800000e+01
   endloop
 endfacet
 facet normal  3.420201e-01 -9.396926e-01  0.000000e+00
   outer loop
     vertex  3.872615e+00 -9.867262e+00  1.800000e+01
     vertex  3.872615e+00 -9.867262e+00  3.000000e+01
     vertex  3.375958e+00 -1.004803e+01  3.000000e+01
   endloop
 endfacet
 facet normal  3.420201e-01 -9.396926e-01  0.000000e+00
   outer loop
     vertex  3.872615e+00 -9.867262e+00  1.800000e+01
     vertex  3.375958e+00 -1.004803e+01  3.000000e+01
     vertex  3.375958e+00 -1.004803e+01  1.800000e+01
   endloop
 endfacet
 facet normal  3.884348e-01 -9.214762e-01  0.000000e+00
   outer loop
     vertex  4.359643e+00 -9.661962e+00  1.800000e+01
     vertex  4.359643e+00 -9.661962e+00  3.000000e+01
     vertex  3.872615e+00 -9.867262e+00  3.000000e+01
   endloop
 endfacet
 facet normal  4.338837e-01 -9.009689e-01  0.000000e+00
   outer loop
     vertex  4.359643e+00 -9.661962e+00  1.800000e+01
     vertex  4.835833e+00 -9.432641e+00  3.000000e+01
     vertex  4.359643e+00 -9.661962e+00  3.000000e+01
   endloop
 endfacet
 facet normal  3.884348e-01 -9.214762e-01  0.000000e+00
   outer loop
     vertex  4.359643e+00 -9.661962e+00  1.800000e+01
     vertex  3.872615e+00 -9.867262e+00  3.000000e+01
     vertex  3.872615e+00 -9.867262e+00  1.800000e+01
   endloop
 endfacet
 facet normal  4.338837e-01 -9.009689e-01  0.000000e+00
   outer loop
     vertex  4.835833e+00 -9.432641e+00  1.800000e+01
     vertex  4.835833e+00 -9.432641e+00  3.000000e+01
     vertex  4.359643e+00 -9.661962e+00  1.800000e+01
   endloop
 endfacet
 facet normal  4.782540e-01 -8.782216e-01  0.000000e+00
   outer loop
     vertex  5.300000e+00 -9.179869e+00  1.800000e+01
     vertex  5.300000e+00 -9.179869e+00  3.000000e+01
     vertex  4.835833e+00 -9.432641e+00  3.000000e+01
   endloop
 endfacet
 facet normal  4.782540e-01 -8.782216e-01  0.000000e+00
   outer loop
     vertex  5.300000e+00 -9.179869e+00  1.800000e+01
     vertex  4.835833e+00 -9.432641e+00  3.000000e+01
     vertex  4.835833e+00 -9.432641e+00  1.800000e+01
   endloop
 endfacet
 facet normal  5.214352e-01 -8.532909e-01  0.000000e+00
   outer loop
     vertex  5.750990e+00 -8.904275e+00  1.800000e+01
     vertex  5.750990e+00 -8.904275e+00  3.000000e+01
     vertex  5.300000e+00 -9.179869e+00  3.000000e+01
   endloop
 endfacet
 facet normal  5.214352e-01 -8.532909e-01  0.000000e+00
   outer loop
     vertex  5.750990e+00 -8.904275e+00  1.800000e+01
     vertex  5.300000e+00 -9.179869e+00  3.000000e+01
     vertex  5.300000e+00 -9.179869e+00  1.800000e+01
   endloop
 endfacet
 facet normal  5.633201e-01 -8.262388e-01  0.000000e+00
   outer loop
     vertex  6.187683e+00 -8.606543e+00  1.800000e+01
     vertex  6.187683e+00 -8.606543e+00  3.000000e+01
     vertex  5.750990e+00 -8.904275e+00  3.000000e+01
   endloop
 endfacet
 facet normal  6.038044e-01 -7.971325e-01  0.000000e+00
   outer loop
     vertex  6.187683e+00 -8.606543e+00  1.800000e+01
     vertex  6.608992e+00 -8.287414e+00  3.000000e+01
     vertex  6.187683e+00 -8.606543e+00  3.000000e+01
   endloop
 endfacet
 facet normal  5.633201e-01 -8.262388e-01  0.000000e+00
   outer loop
     vertex  6.187683e+00 -8.606543e+00  1.800000e+01
     vertex  5.750990e+00 -8.904275e+00  3.000000e+01
     vertex  5.750990e+00 -8.904275e+00  1.800000e+01
   endloop
 endfacet
 facet normal  6.038044e-01 -7.971325e-01  0.000000e+00
   outer loop
     vertex  6.608992e+00 -8.287414e+00  1.800000e+01
     vertex  6.608992e+00 -8.287414e+00  3.000000e+01
     vertex  6.187683e+00 -8.606543e+00  1.800000e+01
   endloop
 endfacet
 facet normal  6.427876e-01 -7.660444e-01  0.000000e+00
   outer loop
     vertex  7.013870e+00 -7.947681e+00  1.800000e+01
     vertex  7.013870e+00 -7.947681e+00  3.000000e+01
     vertex  6.608992e+00 -8.287414e+00  3.000000e+01
   endloop
 endfacet
 facet normal  6.801727e-01 -7.330519e-01  0.000000e+00
   outer loop
     vertex  7.013870e+00 -7.947681e+00  1.800000e+01
     vertex  7.401310e+00 -7.588189e+00  3.000000e+01
     vertex  7.013870e+00 -7.947681e+00  3.000000e+01
   endloop
 endfacet
 facet normal  6.427876e-01 -7.660444e-01  0.000000e+00
   outer loop
     vertex  7.013870e+00 -7.947681e+00  1.800000e+01
     vertex  6.608992e+00 -8.287414e+00  3.000000e+01
     vertex  6.608992e+00 -8.287414e+00  1.800000e+01
   endloop
 endfacet
 facet normal  6.801727e-01 -7.330519e-01  0.000000e+00
   outer loop
     vertex  7.401310e+00 -7.588189e+00  1.800000e+01
     vertex  7.401310e+00 -7.588189e+00  3.000000e+01
     vertex  7.013870e+00 -7.947681e+00  1.800000e+01
   endloop
 endfacet
 facet normal  7.158668e-01 -6.982368e-01  0.000000e+00
   outer loop
     vertex  7.770350e+00 -7.209831e+00  1.800000e+01
     vertex  7.770350e+00 -7.209831e+00  3.000000e+01
     vertex  7.401310e+00 -7.588189e+00  3.000000e+01
   endloop
 endfacet
 facet normal  7.158668e-01 -6.982368e-01  0.000000e+00
   outer loop
     vertex  7.770350e+00 -7.209831e+00  1.800000e+01
     vertex  7.401310e+00 -7.588189e+00  3.000000e+01
     vertex  7.401310e+00 -7.588189e+00  1.800000e+01
   endloop
 endfacet
 facet normal  7.497812e-01 -6.616858e-01  0.000000e+00
   outer loop
     vertex  8.120071e+00 -6.813549e+00  1.800000e+01
     vertex  7.770350e+00 -7.209831e+00  3.000000e+01
     vertex  7.770350e+00 -7.209831e+00  1.800000e+01
   endloop
 endfacet
 facet normal  7.497812e-01 -6.616858e-01  0.000000e+00
   outer loop
     vertex  8.120071e+00 -6.813549e+00  1.800000e+01
     vertex  8.120071e+00 -6.813549e+00  3.000000e+01
     vertex  7.770350e+00 -7.209831e+00  3.000000e+01
   endloop
 endfacet
 facet normal  7.818315e-01 -6.234898e-01  0.000000e+00
   outer loop
     vertex  8.449605e+00 -6.400327e+00  1.800000e+01
     vertex  8.120071e+00 -6.813549e+00  3.000000e+01
     vertex  8.120071e+00 -6.813549e+00  1.800000e+01
   endloop
 endfacet
 facet normal  7.818315e-01 -6.234898e-01  0.000000e+00
   outer loop
     vertex  8.449605e+00 -6.400327e+00  1.800000e+01
     vertex  8.449605e+00 -6.400327e+00  3.000000e+01
     vertex  8.120071e+00 -6.813549e+00  3.000000e+01
   endloop
 endfacet
 facet normal  8.119380e-01 -5.837437e-01  0.000000e+00
   outer loop
     vertex  8.758131e+00 -5.971193e+00  1.800000e+01
     vertex  8.449605e+00 -6.400327e+00  3.000000e+01
     vertex  8.449605e+00 -6.400327e+00  1.800000e+01
   endloop
 endfacet
 facet normal  8.119380e-01 -5.837437e-01  0.000000e+00
   outer loop
     vertex  8.758131e+00 -5.971193e+00  1.800000e+01
     vertex  8.758131e+00 -5.971193e+00  3.000000e+01
     vertex  8.449605e+00 -6.400327e+00  3.000000e+01
   endloop
 endfacet
 facet normal  8.400259e-01 -5.425463e-01  0.000000e+00
   outer loop
     vertex  9.044883e+00 -5.527213e+00  1.800000e+01
     vertex  8.758131e+00 -5.971193e+00  3.000000e+01
     vertex  8.758131e+00 -5.971193e+00  1.800000e+01
   endloop
 endfacet
 facet normal  8.400259e-01 -5.425463e-01  0.000000e+00
   outer loop
     vertex  9.044883e+00 -5.527213e+00  1.800000e+01
     vertex  9.044883e+00 -5.527213e+00  3.000000e+01
     vertex  8.758131e+00 -5.971193e+00  3.000000e+01
   endloop
 endfacet
 facet normal  8.660254e-01 -5.000000e-01  0.000000e+00
   outer loop
     vertex  9.309149e+00 -5.069492e+00  1.800000e+01
     vertex  9.309149e+00 -5.069492e+00  3.000000e+01
     vertex  9.044883e+00 -5.527213e+00  3.000000e+01
   endloop
 endfacet
 facet normal  8.660254e-01 -5.000000e-01  0.000000e+00
   outer loop
     vertex  9.309149e+00 -5.069492e+00  1.800000e+01
     vertex  9.044883e+00 -5.527213e+00  3.000000e+01
     vertex  9.044883e+00 -5.527213e+00  1.800000e+01
   endloop
 endfacet
 facet normal  8.898718e-01 -4.562107e-01  0.000000e+00
   outer loop
     vertex  9.550270e+00 -4.599168e+00  1.800000e+01
     vertex  9.550270e+00 -4.599168e+00  3.000000e+01
     vertex  9.309149e+00 -5.069492e+00  3.000000e+01
   endloop
 endfacet
 facet normal  8.898718e-01 -4.562107e-01  0.000000e+00
   outer loop
     vertex  9.550270e+00 -4.599168e+00  1.800000e+01
     vertex  9.309149e+00 -5.069492e+00  3.000000e+01
     vertex  9.309149e+00 -5.069492e+00  1.800000e+01
   endloop
 endfacet
 facet normal  9.115059e-01 -4.112871e-01  0.000000e+00
   outer loop
     vertex  9.767648e+00 -4.117409e+00  1.800000e+01
     vertex  9.767648e+00 -4.117409e+00  3.000000e+01
     vertex  9.550270e+00 -4.599168e+00  3.000000e+01
   endloop
 endfacet
 facet normal  9.115059e-01 -4.112871e-01  0.000000e+00
   outer loop
     vertex  9.767648e+00 -4.117409e+00  1.800000e+01
     vertex  9.550270e+00 -4.599168e+00  3.000000e+01
     vertex  9.550270e+00 -4.599168e+00  1.800000e+01
   endloop
 endfacet
 facet normal  9.308737e-01 -3.653410e-01  0.000000e+00
   outer loop
     vertex  9.960742e+00 -3.625414e+00  1.800000e+01
     vertex  9.960742e+00 -3.625414e+00  3.000000e+01
     vertex  9.767648e+00 -4.117409e+00  3.000000e+01
   endloop
 endfacet
 facet normal  9.308737e-01 -3.653410e-01  0.000000e+00
   outer loop
     vertex  9.960742e+00 -3.625414e+00  1.800000e+01
     vertex  9.767648e+00 -4.117409e+00  3.000000e+01
     vertex  9.767648e+00 -4.117409e+00  1.800000e+01
   endloop
 endfacet
 facet normal  9.479273e-01 -3.184867e-01  0.000000e+00
   outer loop
     vertex  1.012907e+01 -3.124405e+00  1.800000e+01
     vertex  1.012907e+01 -3.124405e+00  3.000000e+01
     vertex  9.960742e+00 -3.625414e+00  3.000000e+01
   endloop
 endfacet
 facet normal  9.479273e-01 -3.184867e-01  0.000000e+00
   outer loop
     vertex  1.012907e+01 -3.124405e+00  1.800000e+01
     vertex  9.960742e+00 -3.625414e+00  3.000000e+01
     vertex  9.960742e+00 -3.625414e+00  1.800000e+01
   endloop
 endfacet
 facet normal  9.626242e-01 -2.708405e-01  0.000000e+00
   outer loop
     vertex  1.027222e+01 -2.615628e+00  1.800000e+01
     vertex  1.027222e+01 -2.615628e+00  3.000000e+01
     vertex  1.012907e+01 -3.124405e+00  3.000000e+01
   endloop
 endfacet
 facet normal  9.626242e-01 -2.708405e-01  0.000000e+00
   outer loop
     vertex  1.027222e+01 -2.615628e+00  1.800000e+01
     vertex  1.012907e+01 -3.124405e+00  3.000000e+01
     vertex  1.012907e+01 -3.124405e+00  1.800000e+01
   endloop
 endfacet
 facet normal  9.749279e-01 -2.225209e-01  0.000000e+00
   outer loop
     vertex  1.038983e+01 -2.100349e+00  1.800000e+01
     vertex  1.038983e+01 -2.100349e+00  3.000000e+01
     vertex  1.027222e+01 -2.615628e+00  3.000000e+01
   endloop
 endfacet
 facet normal  9.749279e-01 -2.225209e-01  0.000000e+00
   outer loop
     vertex  1.038983e+01 -2.100349e+00  1.800000e+01
     vertex  1.027222e+01 -2.615628e+00  3.000000e+01
     vertex  1.027222e+01 -2.615628e+00  1.800000e+01
   endloop
 endfacet
 facet normal  9.848078e-01 -1.736482e-01  0.000000e+00
   outer loop
     vertex  1.048161e+01 -1.579848e+00  1.800000e+01
     vertex  1.048161e+01 -1.579848e+00  3.000000e+01
     vertex  1.038983e+01 -2.100349e+00  3.000000e+01
   endloop
 endfacet
 facet normal  9.848078e-01 -1.736482e-01  0.000000e+00
   outer loop
     vertex  1.048161e+01 -1.579848e+00  1.800000e+01
     vertex  1.038983e+01 -2.100349e+00  3.000000e+01
     vertex  1.038983e+01 -2.100349e+00  1.800000e+01
   endloop
 endfacet
 facet normal  9.922392e-01 -1.243437e-01  0.000000e+00
   outer loop
     vertex  1.054733e+01 -1.055419e+00  1.800000e+01
     vertex  1.054733e+01 -1.055419e+00  3.000000e+01
     vertex  1.048161e+01 -1.579848e+00  3.000000e+01
   endloop
 endfacet
 facet normal  9.922392e-01 -1.243437e-01  0.000000e+00
   outer loop
     vertex  1.054733e+01 -1.055419e+00  1.800000e+01
     vertex  1.048161e+01 -1.579848e+00  3.000000e+01
     vertex  1.048161e+01 -1.579848e+00  1.800000e+01
   endloop
 endfacet
 facet normal  9.972038e-01 -7.473009e-02  0.000000e+00
   outer loop
     vertex  1.058682e+01 -5.283664e-01  1.800000e+01
     vertex  1.058682e+01 -5.283664e-01  3.000000e+01
     vertex  1.054733e+01 -1.055419e+00  3.000000e+01
   endloop
 endfacet
 facet normal  9.972038e-01 -7.473009e-02  0.000000e+00
   outer loop
     vertex  1.058682e+01 -5.283664e-01  1.800000e+01
     vertex  1.054733e+01 -1.055419e+00  3.000000e+01
     vertex  1.054733e+01 -1.055419e+00  1.800000e+01
   endloop
 endfacet
 facet normal  9.996892e-01 -2.493069e-02  0.000000e+00
   outer loop
     vertex  1.060000e+01  0.000000e+00  1.800000e+01
     vertex  1.060000e+01  0.000000e+00  3.000000e+01
     vertex  1.058682e+01 -5.283664e-01  3.000000e+01
   endloop
 endfacet
 facet normal  9.996892e-01 -2.493069e-02  0.000000e+00
   outer loop
     vertex  1.060000e+01  0.000000e+00  1.800000e+01
     vertex  1.058682e+01 -5.283664e-01  3.000000e+01
     vertex  1.058682e+01 -5.283664e-01  1.800000e+01
   endloop
 endfacet
 facet normal  0.000000e+00  0.000000e+00 -1.000000e+00
   outer loop
     vertex -8.449605e+00 -6.400327e+00  1.800000e+01
     vertex -7.770350e+00 -7.209831e+00  1.800000e+01
     vertex -8.120071e+00 -6.813549e+00  1.800000e+01
   endloop
 endfacet
 facet normal  0.000000e+00  0.000000e+00 -1.000000e+00
   outer loop
     vertex -8.449605e+00 -6.400327e+00  1.800000e+01
     vertex -7.401310e+00 -7.588189e+00  1.800000e+01
     vertex -7.770350e+00 -7.209831e+00  1.800000e+01
   endloop
 endfacet
 facet normal  0.000000e+00  0.000000e+00 -1.000000e+00
   outer loop
     vertex -6.187683e+00 -8.606543e+00  1.800000e+01
     vertex -7.013870e+00 -7.947681e+00  1.800000e+01
     vertex -7.401310e+00 -7.588189e+00  1.800000e+01
   endloop
 endfacet
 facet normal  0.000000e+00  0.000000e+00 -1.000000e+00
   outer loop
     vertex -6.187683e+00 -8.606543e+00  1.800000e+01
     vertex -6.608992e+00 -8.287414e+00  1.800000e+01
     vertex -7.013870e+00 -7.947681e+00  1.800000e+01
   endloop
 endfacet
 facet normal  0.000000e+00  0.000000e+00 -1.000000e+00
   outer loop
     vertex -5.300000e+00 -9.179869e+00  1.800000e+01
     vertex -6.187683e+00 -8.606543e+00  1.800000e+01
     vertex -7.401310e+00 -7.588189e+00  1.800000e+01
   endloop
 endfacet
 facet normal  0.000000e+00  0.000000e+00 -1.000000e+00
   outer loop
     vertex -5.300000e+00 -9.179869e+00  1.800000e+01
     vertex -5.750990e+00 -8.904275e+00  1.800000e+01
     vertex -6.187683e+00 -8.606543e+00  1.800000e+01
   endloop
 endfacet
 facet normal  0.000000e+00  0.000000e+00 -1.000000e+00
   outer loop
     vertex -4.359643e+00 -9.661962e+00  1.800000e+01
     vertex -4.835833e+00 -9.432641e+00  1.800000e+01
     vertex -5.300000e+00 -9.179869e+00  1.800000e+01
   endloop
 endfacet
 facet normal  0.000000e+00  0.000000e+00 -1.000000e+00
   outer loop
     vertex -9.767648e+00 -4.117409e+00  1.800000e+01
     vertex -9.309149e+00 -5.069492e+00  1.800000e+01
     vertex -9.550270e+00 -4.599168e+00  1.800000e+01
   endloop
 endfacet
 facet normal  0.000000e+00  0.000000e+00 -1.000000e+00
   outer loop
     vertex -9.767648e+00 -4.117409e+00  1.800000e+01
     vertex -9.044883e+00 -5.527213e+00  1.800000e+01
     vertex -9.309149e+00 -5.069492e+00  1.800000e+01
   endloop
 endfacet
 facet normal  0.000000e+00  0.000000e+00 -1.000000e+00
   outer loop
     vertex -3.375958e+00 -1.004803e+01  1.800000e+01
     vertex -5.300000e+00 -9.179869e+00  1.800000e+01
     vertex -7.401310e+00 -7.588189e+00  1.800000e+01
   endloop
 endfacet
 facet normal  0.000000e+00  0.000000e+00 -1.000000e+00
   outer loop
     vertex -3.375958e+00 -1.004803e+01  1.800000e+01
     vertex -4.359643e+00 -9.661962e+00  1.800000e+01
     vertex -5.300000e+00 -9.179869e+00  1.800000e+01
   endloop
 endfacet
 facet normal  0.000000e+00  0.000000e+00 -1.000000e+00
   outer loop
     vertex -3.375958e+00 -1.004803e+01  1.800000e+01
     vertex -3.872615e+00 -9.867262e+00  1.800000e+01
     vertex -4.359643e+00 -9.661962e+00  1.800000e+01
   endloop
 endfacet
 facet normal  0.000000e+00  0.000000e+00 -1.000000e+00
   outer loop
     vertex -1.012907e+01 -3.124405e+00  1.800000e+01
     vertex -9.044883e+00 -5.527213e+00  1.800000e+01
     vertex -9.767648e+00 -4.117409e+00  1.800000e+01
   endloop
 endfacet
 facet normal  0.000000e+00  0.000000e+00 -1.000000e+00
   outer loop
     vertex -1.012907e+01 -3.124405e+00  1.800000e+01
     vertex -9.767648e+00 -4.117409e+00  1.800000e+01
     vertex -9.960742e+00 -3.625414e+00  1.800000e+01
   endloop
 endfacet
 facet normal  0.000000e+00  0.000000e+00 -1.000000e+00
   outer loop
     vertex -1.027222e+01 -2.615628e+00  1.800000e+01
     vertex -9.044883e+00 -5.527213e+00  1.800000e+01
     vertex -1.012907e+01 -3.124405e+00  1.800000e+01
   endloop
 endfacet
 facet normal  0.000000e+00  0.000000e+00 -1.000000e+00
   outer loop
     vertex -1.027222e+01 -2.615628e+00  1.800000e+01
     vertex -8.758131e+00 -5.971193e+00  1.800000e+01
     vertex -9.044883e+00 -5.527213e+00  1.800000e+01
   endloop
 endfacet
 facet normal  0.000000e+00  0.000000e+00 -1.000000e+00
   outer loop
     vertex -1.840671e+00 -1.043896e+01  1.800000e+01
     vertex -2.870909e+00 -1.020382e+01  1.800000e+01
     vertex -3.375958e+00 -1.004803e+01  1.800000e+01
   endloop
 endfacet
 facet normal  0.000000e+00  0.000000e+00 -1.000000e+00
   outer loop
     vertex -1.840671e+00 -1.043896e+01  1.800000e+01
     vertex -2.358722e+00 -1.033424e+01  1.800000e+01
     vertex -2.870909e+00 -1.020382e+01  1.800000e+01
   endloop
 endfacet
 facet normal  0.000000e+00  0.000000e+00 -1.000000e+00
   outer loop
     vertex -7.921390e-01 -1.057036e+01  1.800000e+01
     vertex -3.375958e+00 -1.004803e+01  1.800000e+01
     vertex -7.401310e+00 -7.588189e+00  1.800000e+01
   endloop
 endfacet
 facet normal  0.000000e+00  0.000000e+00 -1.000000e+00
   outer loop
     vertex -7.921390e-01 -1.057036e+01  1.800000e+01
     vertex -1.840671e+00 -1.043896e+01  1.800000e+01
     vertex -3.375958e+00 -1.004803e+01  1.800000e+01
   endloop
 endfacet
 facet normal  0.000000e+00  0.000000e+00 -1.000000e+00
   outer loop
     vertex -7.921390e-01 -1.057036e+01  1.800000e+01
     vertex -1.318043e+00 -1.051774e+01  1.800000e+01
     vertex -1.840671e+00 -1.043896e+01  1.800000e+01
   endloop
 endfacet
 facet normal  0.000000e+00  0.000000e+00 -1.000000e+00
   outer loop
     vertex -1.058682e+01 -5.283664e-01  1.800000e+01
     vertex -1.048161e+01 -1.579848e+00  1.800000e+01
     vertex -1.054733e+01 -1.055419e+00  1.800000e+01
   endloop
 endfacet
 facet normal  0.000000e+00  0.000000e+00 -1.000000e+00
   outer loop
     vertex -1.058682e+01 -5.283664e-01  1.800000e+01
     vertex -1.038983e+01 -2.100349e+00  1.800000e+01
     vertex -1.048161e+01 -1.579848e+00  1.800000e+01
   endloop
 endfacet
 facet normal  0.000000e+00  0.000000e+00 -1.000000e+00
   outer loop
     vertex -1.060000e+01 -3.636064e-14  1.800000e+01
     vertex -1.027222e+01 -2.615628e+00  1.800000e+01
     vertex -1.038983e+01 -2.100349e+00  1.800000e+01
   endloop
 endfacet
 facet normal  0.000000e+00  0.000000e+00 -1.000000e+00
   outer loop
     vertex -1.060000e+01 -3.636064e-14  1.800000e+01
     vertex -1.038983e+01 -2.100349e+00  1.800000e+01
     vertex -1.058682e+01 -5.283664e-01  1.800000e+01
   endloop
 endfacet
 facet normal  0.000000e+00  0.000000e+00 -1.000000e+00
   outer loop
     vertex -1.058682e+01  5.283664e-01  1.800000e+01
     vertex -8.758131e+00 -5.971193e+00  1.800000e+01
     vertex -1.027222e+01 -2.615628e+00  1.800000e+01
   endloop
 endfacet
 facet normal  0.000000e+00  0.000000e+00 -1.000000e+00
   outer loop
     vertex -1.058682e+01  5.283664e-01  1.800000e+01
     vertex -8.449605e+00 -6.400327e+00  1.800000e+01
     vertex -8.758131e+00 -5.971193e+00  1.800000e+01
   endloop
 endfacet
 facet normal  0.000000e+00 -0.000000e+00 -1.000000e+00
   outer loop
     vertex -1.058682e+01  5.283664e-01  1.800000e+01
     vertex -1.027222e+01 -2.615628e+00  1.800000e+01
     vertex -1.060000e+01 -3.636064e-14  1.800000e+01
   endloop
 endfacet
 facet normal  0.000000e+00  0.000000e+00 -1.000000e+00
   outer loop
     vertex  7.921390e-01 -1.057036e+01  1.800000e+01
     vertex -2.642653e-01 -1.059671e+01  1.800000e+01
     vertex -7.921390e-01 -1.057036e+01  1.800000e+01
   endloop
 endfacet
 facet normal  0.000000e+00  0.000000e+00 -1.000000e+00
   outer loop
     vertex  7.921390e-01 -1.057036e+01  1.800000e+01
     vertex  2.642653e-01 -1.059671e+01  1.800000e+01
     vertex -2.642653e-01 -1.059671e+01  1.800000e+01
   endloop
 endfacet
 facet normal  0.000000e+00  0.000000e+00 -1.000000e+00
   outer loop
     vertex  1.840671e+00 -1.043896e+01  1.800000e+01
     vertex  1.318043e+00 -1.051774e+01  1.800000e+01
     vertex  7.921390e-01 -1.057036e+01  1.800000e+01
   endloop
 endfacet
 facet normal  0.000000e+00  0.000000e+00 -1.000000e+00
   outer loop
     vertex  2.358722e+00 -1.033424e+01  1.800000e+01
     vertex  1.840671e+00 -1.043896e+01  1.800000e+01
     vertex  7.921390e-01 -1.057036e+01  1.800000e+01
   endloop
 endfacet
 facet normal  0.000000e+00  0.000000e+00 -1.000000e+00
   outer loop
     vertex -1.027222e+01  2.615628e+00  1.800000e+01
     vertex -1.048161e+01  1.579848e+00  1.800000e+01
     vertex -1.038983e+01  2.100349e+00  1.800000e+01
   endloop
 endfacet
 facet normal  0.000000e+00  0.000000e+00 -1.000000e+00
   outer loop
     vertex  3.375958e+00 -1.004803e+01  1.800000e+01
     vertex  2.358722e+00 -1.033424e+01  1.800000e+01
     vertex  7.921390e-01 -1.057036e+01  1.800000e+01
   endloop
 endfacet
 facet normal  0.000000e+00  0.000000e+00 -1.000000e+00
   outer loop
     vertex  3.375958e+00 -1.004803e+01  1.800000e+01
     vertex  2.870909e+00 -1.020382e+01  1.800000e+01
     vertex  2.358722e+00 -1.033424e+01  1.800000e+01
   endloop
 endfacet
 facet normal  0.000000e+00  0.000000e+00 -1.000000e+00
   outer loop
     vertex -9.960742e+00  3.625414e+00  1.800000e+01
     vertex -1.048161e+01  1.579848e+00  1.800000e+01
     vertex -1.027222e+01  2.615628e+00  1.800000e+01
   endloop
 endfacet
 facet normal  0.000000e+00  0.000000e+00 -1.000000e+00
   outer loop
     vertex -9.960742e+00  3.625414e+00  1.800000e+01
     vertex -1.027222e+01  2.615628e+00  1.800000e+01
     vertex -1.012907e+01  3.124405e+00  1.800000e+01
   endloop
 endfacet
 facet normal  0.000000e+00  0.000000e+00 -1.000000e+00
   outer loop
     vertex -9.960742e+00  3.625414e+00  1.800000e+01
     vertex -1.054733e+01  1.055419e+00  1.800000e+01
     vertex -1.048161e+01  1.579848e+00  1.800000e+01
   endloop
 endfacet
 facet normal  0.000000e+00  0.000000e+00 -1.000000e+00
   outer loop
     vertex -9.960742e+00  3.625414e+00  1.800000e+01
     vertex -1.058682e+01  5.283664e-01  1.800000e+01
     vertex -1.054733e+01  1.055419e+00  1.800000e+01
   endloop
 endfacet
 facet normal  0.000000e+00  0.000000e+00 -1.000000e+00
   outer loop
     vertex  4.359643e+00 -9.661962e+00  1.800000e+01
     vertex  3.872615e+00 -9.867262e+00  1.800000e+01
     vertex  3.375958e+00 -1.004803e+01  1.800000e+01
   endloop
 endfacet
 facet normal  0.000000e+00  0.000000e+00 -1.000000e+00
   outer loop
     vertex  4.359643e+00 -9.661962e+00  1.800000e+01
     vertex  3.375958e+00 -1.004803e+01  1.800000e+01
     vertex  7.921390e-01 -1.057036e+01  1.800000e+01
   endloop
 endfacet
 facet normal  0.000000e+00  0.000000e+00 -1.000000e+00
   outer loop
     vertex  5.300000e+00 -9.179869e+00  1.800000e+01
     vertex  4.835833e+00 -9.432641e+00  1.800000e+01
     vertex  4.359643e+00 -9.661962e+00  1.800000e+01
   endloop
 endfacet
 facet normal  0.000000e+00  0.000000e+00 -1.000000e+00
   outer loop
     vertex  5.750990e+00 -8.904275e+00  1.800000e+01
     vertex -1.058682e+01  5.283664e-01  1.800000e+01
     vertex -9.960742e+00  3.625414e+00  1.800000e+01
   endloop
 endfacet
 facet normal  0.000000e+00  0.000000e+00 -1.000000e+00
   outer loop
     vertex  5.750990e+00 -8.904275e+00  1.800000e+01
     vertex  4.359643e+00 -9.661962e+00  1.800000e+01
     vertex  7.921390e-01 -1.057036e+01  1.800000e+01
   endloop
 endfacet
 facet normal  0.000000e+00  0.000000e+00 -1.000000e+00
   outer loop
     vertex  5.750990e+00 -8.904275e+00  1.800000e+01
     vertex  5.300000e+00 -9.179869e+00  1.800000e+01
     vertex  4.359643e+00 -9.661962e+00  1.800000e+01
   endloop
 endfacet
 facet normal  0.000000e+00  0.000000e+00 -1.000000e+00
   outer loop
     vertex  5.750990e+00 -8.904275e+00  1.800000e+01
     vertex -7.401310e+00 -7.588189e+00  1.800000e+01
     vertex -8.449605e+00 -6.400327e+00  1.800000e+01
   endloop
 endfacet
 facet normal -0.000000e+00  0.000000e+00 -1.000000e+00
   outer loop
     vertex  5.750990e+00 -8.904275e+00  1.800000e+01
     vertex -7.921390e-01 -1.057036e+01  1.800000e+01
     vertex -7.401310e+00 -7.588189e+00  1.800000e+01
   endloop
 endfacet
 facet normal  0.000000e+00  0.000000e+00 -1.000000e+00
   outer loop
     vertex  5.750990e+00 -8.904275e+00  1.800000e+01
     vertex -8.449605e+00 -6.400327e+00  1.800000e+01
     vertex -1.058682e+01  5.283664e-01  1.800000e+01
   endloop
 endfacet
 facet normal  0.000000e+00  0.000000e+00 -1.000000e+00
   outer loop
     vertex  5.750990e+00 -8.904275e+00  1.800000e+01
     vertex  7.921390e-01 -1.057036e+01  1.800000e+01
     vertex -7.921390e-01 -1.057036e+01  1.800000e+01
   endloop
 endfacet
 facet normal -0.000000e+00  0.000000e+00 -1.000000e+00
   outer loop
     vertex  6.187683e+00 -8.606543e+00  1.800000e+01
     vertex  5.750990e+00 -8.904275e+00  1.800000e+01
     vertex -9.960742e+00  3.625414e+00  1.800000e+01
   endloop
 endfacet
 facet normal  0.000000e+00  0.000000e+00 -1.000000e+00
   outer loop
     vertex  6.187683e+00 -8.606543e+00  1.800000e+01
     vertex -9.767648e+00  4.117409e+00  1.800000e+01
     vertex -9.550270e+00  4.599168e+00  1.800000e+01
   endloop
 endfacet
 facet normal  0.000000e+00  0.000000e+00 -1.000000e+00
   outer loop
     vertex  6.187683e+00 -8.606543e+00  1.800000e+01
     vertex -9.960742e+00  3.625414e+00  1.800000e+01
     vertex -9.767648e+00  4.117409e+00  1.800000e+01
   endloop
 endfacet
 facet normal -0.000000e+00  0.000000e+00 -1.000000e+00
   outer loop
     vertex  6.608992e+00 -8.287414e+00  1.800000e+01
     vertex  6.187683e+00 -8.606543e+00  1.800000e+01
     vertex -9.550270e+00  4.599168e+00  1.800000e+01
   endloop
 endfacet
 facet normal  0.000000e+00  0.000000e+00 -1.000000e+00
   outer loop
     vertex -8.120071e+00  6.813549e+00  1.800000e+01
     vertex -8.758131e+00  5.971193e+00  1.800000e+01
     vertex -8.449605e+00  6.400327e+00  1.800000e+01
   endloop
 endfacet
 facet normal  0.000000e+00  0.000000e+00 -1.000000e+00
   outer loop
     vertex -8.120071e+00  6.813549e+00  1.800000e+01
     vertex -9.044883e+00  5.527213e+00  1.800000e+01
     vertex -8.758131e+00  5.971193e+00  1.800000e+01
   endloop
 endfacet
 facet normal  0.000000e+00  0.000000e+00 -1.000000e+00
   outer loop
     vertex -8.120071e+00  6.813549e+00  1.800000e+01
     vertex -9.309149e+00  5.069492e+00  1.800000e+01
     vertex -9.044883e+00  5.527213e+00  1.800000e+01
   endloop
 endfacet
 facet normal  0.000000e+00  0.000000e+00 -1.000000e+00
   outer loop
     vertex -7.401310e+00  7.588189e+00  1.800000e+01
     vertex -8.120071e+00  6.813549e+00  1.800000e+01
     vertex -7.770350e+00  7.209831e+00  1.800000e+01
   endloop
 endfacet
 facet normal  0.000000e+00  0.000000e+00 -1.000000e+00
   outer loop
     vertex  7.770350e+00 -7.209831e+00  1.800000e+01
     vertex  7.013870e+00 -7.947681e+00  1.800000e+01
     vertex  6.608992e+00 -8.287414e+00  1.800000e+01
   endloop
 endfacet
 facet normal  0.000000e+00  0.000000e+00 -1.000000e+00
   outer loop
     vertex  7.770350e+00 -7.209831e+00  1.800000e+01
     vertex  7.401310e+00 -7.588189e+00  1.800000e+01
     vertex  7.013870e+00 -7.947681e+00  1.800000e+01
   endloop
 endfacet
 facet normal -0.000000e+00  0.000000e+00 -1.000000e+00
   outer loop
     vertex  7.770350e+00 -7.209831e+00  1.800000e+01
     vertex  6.608992e+00 -8.287414e+00  1.800000e+01
     vertex -9.550270e+00  4.599168e+00  1.800000e+01
   endloop
 endfacet
 facet normal  0.000000e+00  0.000000e+00 -1.000000e+00
   outer loop
     vertex  7.770350e+00 -7.209831e+00  1.800000e+01
     vertex -9.550270e+00  4.599168e+00  1.800000e+01
     vertex -9.309149e+00  5.069492e+00  1.800000e+01
   endloop
 endfacet
 facet normal  0.000000e+00  0.000000e+00 -1.000000e+00
   outer loop
     vertex  8.449605e+00 -6.400327e+00  1.800000e+01
     vertex  8.120071e+00 -6.813549e+00  1.800000e+01
     vertex  7.770350e+00 -7.209831e+00  1.800000e+01
   endloop
 endfacet
 facet normal  0.000000e+00  0.000000e+00 -1.000000e+00
   outer loop
     vertex -6.187683e+00  8.606543e+00  1.800000e+01
     vertex -7.013870e+00  7.947681e+00  1.800000e+01
     vertex -6.608992e+00  8.287414e+00  1.800000e+01
   endloop
 endfacet
 facet normal  0.000000e+00  0.000000e+00 -1.000000e+00
   outer loop
     vertex -6.187683e+00  8.606543e+00  1.800000e+01
     vertex -7.401310e+00  7.588189e+00  1.800000e+01
     vertex -7.013870e+00  7.947681e+00  1.800000e+01
   endloop
 endfacet
 facet normal  0.000000e+00  0.000000e+00 -1.000000e+00
   outer loop
     vertex -6.187683e+00  8.606543e+00  1.800000e+01
     vertex -8.120071e+00  6.813549e+00  1.800000e+01
     vertex -7.401310e+00  7.588189e+00  1.800000e+01
   endloop
 endfacet
 facet normal  0.000000e+00  0.000000e+00 -1.000000e+00
   outer loop
     vertex  8.758131e+00 -5.971193e+00  1.800000e+01
     vertex  8.449605e+00 -6.400327e+00  1.800000e+01
     vertex  7.770350e+00 -7.209831e+00  1.800000e+01
   endloop
 endfacet
 facet normal  0.000000e+00  0.000000e+00 -1.000000e+00
   outer loop
     vertex -5.750990e+00  8.904275e+00  1.800000e+01
     vertex -9.309149e+00  5.069492e+00  1.800000e+01
     vertex -8.120071e+00  6.813549e+00  1.800000e+01
   endloop
 endfacet
 facet normal  0.000000e+00 -0.000000e+00 -1.000000e+00
   outer loop
     vertex -5.750990e+00  8.904275e+00  1.800000e+01
     vertex  7.770350e+00 -7.209831e+00  1.800000e+01
     vertex -9.309149e+00  5.069492e+00  1.800000e+01
   endloop
 endfacet
 facet normal  0.000000e+00  0.000000e+00 -1.000000e+00
   outer loop
     vertex -5.750990e+00  8.904275e+00  1.800000e+01
     vertex -8.120071e+00  6.813549e+00  1.800000e+01
     vertex -6.187683e+00  8.606543e+00  1.800000e+01
   endloop
 endfacet
 facet normal  0.000000e+00  0.000000e+00 -1.000000e+00
   outer loop
     vertex  9.309149e+00 -5.069492e+00  1.800000e+01
     vertex  9.044883e+00 -5.527213e+00  1.800000e+01
     vertex  8.758131e+00 -5.971193e+00  1.800000e+01
   endloop
 endfacet
 facet normal  0.000000e+00  0.000000e+00 -1.000000e+00
   outer loop
     vertex  9.550270e+00 -4.599168e+00  1.800000e+01
     vertex  8.758131e+00 -5.971193e+00  1.800000e+01
     vertex  7.770350e+00 -7.209831e+00  1.800000e+01
   endloop
 endfacet
 facet normal  0.000000e+00  0.000000e+00 -1.000000e+00
   outer loop
     vertex  9.550270e+00 -4.599168e+00  1.800000e+01
     vertex  9.309149e+00 -5.069492e+00  1.800000e+01
     vertex  8.758131e+00 -5.971193e+00  1.800000e+01
   endloop
 endfacet
 facet normal  0.000000e+00 -0.000000e+00 -1.000000e+00
   outer loop
     vertex -4.359643e+00  9.661962e+00  1.800000e+01
     vertex  7.770350e+00 -7.209831e+00  1.800000e+01
     vertex -5.750990e+00  8.904275e+00  1.800000e+01
   endloop
 endfacet
 facet normal  0.000000e+00  0.000000e+00 -1.000000e+00
   outer loop
     vertex -4.359643e+00  9.661962e+00  1.800000e+01
     vertex -5.300000e+00  9.179869e+00  1.800000e+01
     vertex -4.835833e+00  9.432641e+00  1.800000e+01
   endloop
 endfacet
 facet normal  0.000000e+00  0.000000e+00 -1.000000e+00
   outer loop
     vertex -4.359643e+00  9.661962e+00  1.800000e+01
     vertex -5.750990e+00  8.904275e+00  1.800000e+01
     vertex -5.300000e+00  9.179869e+00  1.800000e+01
   endloop
 endfacet
 facet normal  0.000000e+00  0.000000e+00 -1.000000e+00
   outer loop
     vertex -4.359643e+00  9.661962e+00  1.800000e+01
     vertex  9.550270e+00 -4.599168e+00  1.800000e+01
     vertex  7.770350e+00 -7.209831e+00  1.800000e+01
   endloop
 endfacet
 facet normal  0.000000e+00  0.000000e+00 -1.000000e+00
   outer loop
     vertex -2.870909e+00  1.020382e+01  1.800000e+01
     vertex -3.872615e+00  9.867262e+00  1.800000e+01
     vertex -3.375958e+00  1.004803e+01  1.800000e+01
   endloop
 endfacet
 facet normal  0.000000e+00  0.000000e+00 -1.000000e+00
   outer loop
     vertex -2.870909e+00  1.020382e+01  1.800000e+01
     vertex -4.359643e+00  9.661962e+00  1.800000e+01
     vertex -3.872615e+00  9.867262e+00  1.800000e+01
   endloop
 endfacet
 facet normal  0.000000e+00  0.000000e+00 -1.000000e+00
   outer loop
     vertex -2.358722e+00  1.033424e+01  1.800000e+01
     vertex -4.359643e+00  9.661962e+00  1.800000e+01
     vertex -2.870909e+00  1.020382e+01  1.800000e+01
   endloop
 endfacet
 facet normal  0.000000e+00  0.000000e+00 -1.000000e+00
   outer loop
     vertex  1.048161e+01 -1.579848e+00  1.800000e+01
     vertex  9.960742e+00 -3.625414e+00  1.800000e+01
     vertex  9.767648e+00 -4.117409e+00  1.800000e+01
   endloop
 endfacet
 facet normal  0.000000e+00  0.000000e+00 -1.000000e+00
   outer loop
     vertex  1.048161e+01 -1.579848e+00  1.800000e+01
     vertex  1.012907e+01 -3.124405e+00  1.800000e+01
     vertex  9.960742e+00 -3.625414e+00  1.800000e+01
   endloop
 endfacet
 facet normal  0.000000e+00  0.000000e+00 -1.000000e+00
   outer loop
     vertex  1.048161e+01 -1.579848e+00  1.800000e+01
     vertex  1.027222e+01 -2.615628e+00  1.800000e+01
     vertex  1.012907e+01 -3.124405e+00  1.800000e+01
   endloop
 endfacet
 facet normal  0.000000e+00  0.000000e+00 -1.000000e+00
   outer loop
     vertex  1.048161e+01 -1.579848e+00  1.800000e+01
     vertex  1.038983e+01 -2.100349e+00  1.800000e+01
     vertex  1.027222e+01 -2.615628e+00  1.800000e+01
   endloop
 endfacet
 facet normal  0.000000e+00  0.000000e+00 -1.000000e+00
   outer loop
     vertex -1.318043e+00  1.051774e+01  1.800000e+01
     vertex -2.358722e+00  1.033424e+01  1.800000e+01
     vertex -1.840671e+00  1.043896e+01  1.800000e+01
   endloop
 endfacet
 facet normal  0.000000e+00  0.000000e+00 -1.000000e+00
   outer loop
     vertex  1.054733e+01 -1.055419e+00  1.800000e+01
     vertex  9.767648e+00 -4.117409e+00  1.800000e+01
     vertex  9.550270e+00 -4.599168e+00  1.800000e+01
   endloop
 endfacet
 facet normal  0.000000e+00  0.000000e+00 -1.000000e+00
   outer loop
     vertex  1.054733e+01 -1.055419e+00  1.800000e+01
     vertex  1.048161e+01 -1.579848e+00  1.800000e+01
     vertex  9.767648e+00 -4.117409e+00  1.800000e+01
   endloop
 endfacet
 facet normal  0.000000e+00  0.000000e+00 -1.000000e+00
   outer loop
     vertex -7.921390e-01  1.057036e+01  1.800000e+01
     vertex -2.358722e+00  1.033424e+01  1.800000e+01
     vertex -1.318043e+00  1.051774e+01  1.800000e+01
   endloop
 endfacet
 facet normal  0.000000e+00  0.000000e+00 -1.000000e+00
   outer loop
     vertex -7.921390e-01  1.057036e+01  1.800000e+01
     vertex -4.359643e+00  9.661962e+00  1.800000e+01
     vertex -2.358722e+00  1.033424e+01  1.800000e+01
   endloop
 endfacet
 facet normal -0.000000e+00  0.000000e+00 -1.000000e+00
   outer loop
     vertex  7.921390e-01  1.057036e+01  1.800000e+01
     vertex -4.359643e+00  9.661962e+00  1.800000e+01
     vertex -7.921390e-01  1.057036e+01  1.800000e+01
   endloop
 endfacet
 facet normal  0.000000e+00  0.000000e+00 -1.000000e+00
   outer loop
     vertex  7.921390e-01  1.057036e+01  1.800000e+01
     vertex -2.642653e-01  1.059671e+01  1.800000e+01
     vertex  2.642653e-01  1.059671e+01  1.800000e+01
   endloop
 endfacet
 facet normal  0.000000e+00  0.000000e+00 -1.000000e+00
   outer loop
     vertex  7.921390e-01  1.057036e+01  1.800000e+01
     vertex -7.921390e-01  1.057036e+01  1.800000e+01
     vertex -2.642653e-01  1.059671e+01  1.800000e+01
   endloop
 endfacet
 facet normal  0.000000e+00  0.000000e+00 -1.000000e+00
   outer loop
     vertex  1.840671e+00  1.043896e+01  1.800000e+01
     vertex  1.058682e+01  5.283664e-01  1.800000e+01
     vertex  1.060000e+01  0.000000e+00  1.800000e+01
   endloop
 endfacet
 facet normal  0.000000e+00  0.000000e+00 -1.000000e+00
   outer loop
     vertex  1.840671e+00  1.043896e+01  1.800000e+01
     vertex  1.054733e+01 -1.055419e+00  1.800000e+01
     vertex  9.550270e+00 -4.599168e+00  1.800000e+01
   endloop
 endfacet
 facet normal -0.000000e+00  0.000000e+00 -1.000000e+00
   outer loop
     vertex  1.840671e+00  1.043896e+01  1.800000e+01
     vertex -4.359643e+00  9.661962e+00  1.800000e+01
     vertex  7.921390e-01  1.057036e+01  1.800000e+01
   endloop
 endfacet
 facet normal  0.000000e+00  0.000000e+00 -1.000000e+00
   outer loop
     vertex  1.840671e+00  1.043896e+01  1.800000e+01
     vertex  1.058682e+01 -5.283664e-01  1.800000e+01
     vertex  1.054733e+01 -1.055419e+00  1.800000e+01
   endloop
 endfacet
 facet normal  0.000000e+00  0.000000e+00 -1.000000e+00
   outer loop
     vertex  1.840671e+00  1.043896e+01  1.800000e+01
     vertex  1.060000e+01  0.000000e+00  1.800000e+01
     vertex  1.058682e+01 -5.283664e-01  1.800000e+01
   endloop
 endfacet
 facet normal  0.000000e+00  0.000000e+00 -1.000000e+00
   outer loop
     vertex  1.840671e+00  1.043896e+01  1.800000e+01
     vertex  7.921390e-01  1.057036e+01  1.800000e+01
     vertex  1.318043e+00  1.051774e+01  1.800000e+01
   endloop
 endfacet
 facet normal  0.000000e+00 -0.000000e+00 -1.000000e+00
   outer loop
     vertex  1.840671e+00  1.043896e+01  1.800000e+01
     vertex  9.550270e+00 -4.599168e+00  1.800000e+01
     vertex -4.359643e+00  9.661962e+00  1.800000e+01
   endloop
 endfacet
 facet normal  0.000000e+00  0.000000e+00 -1.000000e+00
   outer loop
     vertex  1.027222e+01  2.615628e+00  1.800000e+01
     vertex  1.048161e+01  1.579848e+00  1.800000e+01
     vertex  1.054733e+01  1.055419e+00  1.800000e+01
   endloop
 endfacet
 facet normal  0.000000e+00  0.000000e+00 -1.000000e+00
   outer loop
     vertex  1.027222e+01  2.615628e+00  1.800000e+01
     vertex  1.038983e+01  2.100349e+00  1.800000e+01
     vertex  1.048161e+01  1.579848e+00  1.800000e+01
   endloop
 endfacet
 facet normal  0.000000e+00  0.000000e+00 -1.000000e+00
   outer loop
     vertex  2.870909e+00  1.020382e+01  1.800000e+01
     vertex  1.840671e+00  1.043896e+01  1.800000e+01
     vertex  2.358722e+00  1.033424e+01  1.800000e+01
   endloop
 endfacet
 facet normal  0.000000e+00  0.000000e+00 -1.000000e+00
   outer loop
     vertex  1.012907e+01  3.124405e+00  1.800000e+01
     vertex  1.054733e+01  1.055419e+00  1.800000e+01
     vertex  1.058682e+01  5.283664e-01  1.800000e+01
   endloop
 endfacet
 facet normal  0.000000e+00  0.000000e+00 -1.000000e+00
   outer loop
     vertex  1.012907e+01  3.124405e+00  1.800000e+01
     vertex  1.027222e+01  2.615628e+00  1.800000e+01
     vertex  1.054733e+01  1.055419e+00  1.800000e+01
   endloop
 endfacet
 facet normal  0.000000e+00  0.000000e+00 -1.000000e+00
   outer loop
     vertex  9.767648e+00  4.117409e+00  1.800000e+01
     vertex  9.960742e+00  3.625414e+00  1.800000e+01
     vertex  1.012907e+01  3.124405e+00  1.800000e+01
   endloop
 endfacet
 facet normal  0.000000e+00  0.000000e+00 -1.000000e+00
   outer loop
     vertex  9.767648e+00  4.117409e+00  1.800000e+01
     vertex  1.012907e+01  3.124405e+00  1.800000e+01
     vertex  1.058682e+01  5.283664e-01  1.800000e+01
   endloop
 endfacet
 facet normal  0.000000e+00  0.000000e+00 -1.000000e+00
   outer loop
     vertex  9.550270e+00  4.599168e+00  1.800000e+01
     vertex  9.767648e+00  4.117409e+00  1.800000e+01
     vertex  1.058682e+01  5.283664e-01  1.800000e+01
   endloop
 endfacet
 facet normal  0.000000e+00  0.000000e+00 -1.000000e+00
   outer loop
     vertex  4.835833e+00  9.432641e+00  1.800000e+01
     vertex  3.872615e+00  9.867262e+00  1.800000e+01
     vertex  4.359643e+00  9.661962e+00  1.800000e+01
   endloop
 endfacet
 facet normal  0.000000e+00  0.000000e+00 -1.000000e+00
   outer loop
     vertex  4.835833e+00  9.432641e+00  1.800000e+01
     vertex  3.375958e+00  1.004803e+01  1.800000e+01
     vertex  3.872615e+00  9.867262e+00  1.800000e+01
   endloop
 endfacet
 facet normal  0.000000e+00  0.000000e+00 -1.000000e+00
   outer loop
     vertex  4.835833e+00  9.432641e+00  1.800000e+01
     vertex  2.870909e+00  1.020382e+01  1.800000e+01
     vertex  3.375958e+00  1.004803e+01  1.800000e+01
   endloop
 endfacet
 facet normal  0.000000e+00  0.000000e+00 -1.000000e+00
   outer loop
     vertex  5.300000e+00  9.179869e+00  1.800000e+01
     vertex  2.870909e+00  1.020382e+01  1.800000e+01
     vertex  4.835833e+00  9.432641e+00  1.800000e+01
   endloop
 endfacet
 facet normal  0.000000e+00  0.000000e+00 -1.000000e+00
   outer loop
     vertex  9.044883e+00  5.527213e+00  1.800000e+01
     vertex  9.309149e+00  5.069492e+00  1.800000e+01
     vertex  9.550270e+00  4.599168e+00  1.800000e+01
   endloop
 endfacet
 facet normal -0.000000e+00 -0.000000e+00 -1.000000e+00
   outer loop
     vertex  9.044883e+00  5.527213e+00  1.800000e+01
     vertex  1.058682e+01  5.283664e-01  1.800000e+01
     vertex  1.840671e+00  1.043896e+01  1.800000e+01
   endloop
 endfacet
 facet normal  0.000000e+00  0.000000e+00 -1.000000e+00
   outer loop
     vertex  9.044883e+00  5.527213e+00  1.800000e+01
     vertex  9.550270e+00  4.599168e+00  1.800000e+01
     vertex  1.058682e+01  5.283664e-01  1.800000e+01
   endloop
 endfacet
 facet normal  0.000000e+00  0.000000e+00 -1.000000e+00
   outer loop
     vertex  6.608992e+00  8.287414e+00  1.800000e+01
     vertex  5.750990e+00  8.904275e+00  1.800000e+01
     vertex  6.187683e+00  8.606543e+00  1.800000e+01
   endloop
 endfacet
 facet normal  0.000000e+00  0.000000e+00 -1.000000e+00
   outer loop
     vertex  6.608992e+00  8.287414e+00  1.800000e+01
     vertex  5.300000e+00  9.179869e+00  1.800000e+01
     vertex  5.750990e+00  8.904275e+00  1.800000e+01
   endloop
 endfacet
 facet normal  0.000000e+00  0.000000e+00 -1.000000e+00
   outer loop
     vertex  8.120071e+00  6.813549e+00  1.800000e+01
     vertex  8.758131e+00  5.971193e+00  1.800000e+01
     vertex  9.044883e+00  5.527213e+00  1.800000e+01
   endloop
 endfacet
 facet normal  0.000000e+00  0.000000e+00 -1.000000e+00
   outer loop
     vertex  8.120071e+00  6.813549e+00  1.800000e+01
     vertex  8.449605e+00  6.400327e+00  1.800000e+01
     vertex  8.758131e+00  5.971193e+00  1.800000e+01
   endloop
 endfacet
 facet normal  0.000000e+00  0.000000e+00 -1.000000e+00
   outer loop
     vertex  8.120071e+00  6.813549e+00  1.800000e+01
     vertex  1.840671e+00  1.043896e+01  1.800000e+01
     vertex  2.870909e+00  1.020382e+01  1.800000e+01
   endloop
 endfacet
 facet normal -0.000000e+00 -0.000000e+00 -1.000000e+00
   outer loop
     vertex  8.120071e+00  6.813549e+00  1.800000e+01
     vertex  9.044883e+00  5.527213e+00  1.800000e+01
     vertex  1.840671e+00  1.043896e+01  1.800000e+01
   endloop
 endfacet
 facet normal  0.000000e+00  0.000000e+00 -1.000000e+00
   outer loop
     vertex  7.401310e+00  7.588189e+00  1.800000e+01
     vertex  7.770350e+00  7.209831e+00  1.800000e+01
     vertex  8.120071e+00  6.813549e+00  1.800000e+01
   endloop
 endfacet
 facet normal  0.000000e+00  0.000000e+00 -1.000000e+00
   outer loop
     vertex  7.401310e+00  7.588189e+00  1.800000e+01
     vertex  6.608992e+00  8.287414e+00  1.800000e+01
     vertex  7.013870e+00  7.947681e+00  1.800000e+01
   endloop
 endfacet
 facet normal -0.000000e+00 -0.000000e+00 -1.000000e+00
   outer loop
     vertex  7.401310e+00  7.588189e+00  1.800000e+01
     vertex  8.120071e+00  6.813549e+00  1.800000e+01
     vertex  2.870909e+00  1.020382e+01  1.800000e+01
   endloop
 endfacet
 facet normal  0.000000e+00  0.000000e+00 -1.000000e+00
   outer loop
     vertex  7.401310e+00  7.588189e+00  1.800000e+01
     vertex  2.870909e+00  1.020382e+01  1.800000e+01
     vertex  5.300000e+00  9.179869e+00  1.800000e+01
   endloop
 endfacet
 facet normal  0.000000e+00  0.000000e+00 -1.000000e+00
   outer loop
     vertex  7.401310e+00  7.588189e+00  1.800000e+01
     vertex  5.300000e+00  9.179869e+00  1.800000e+01
     vertex  6.608992e+00  8.287414e+00  1.800000e+01
   endloop
 endfacet
 facet normal  0.000000e+00  0.000000e+00  1.000000e+00
   outer loop
     vertex -8.449605e+00 -6.400327e+00  3.000000e+01
     vertex -8.120071e+00 -6.813549e+00  3.000000e+01
     vertex -7.770350e+00 -7.209831e+00  3.000000e+01
   endloop
 endfacet
 facet normal  0.000000e+00  0.000000e+00  1.000000e+00
   outer loop
     vertex -8.449605e+00 -6.400327e+00  3.000000e+01
     vertex -7.770350e+00 -7.209831e+00  3.000000e+01
     vertex -7.401310e+00 -7.588189e+00  3.000000e+01
   endloop
 endfacet
 facet normal  0.000000e+00  0.000000e+00  1.000000e+00
   outer loop
     vertex -6.187683e+00 -8.606543e+00  3.000000e+01
     vertex -7.401310e+00 -7.588189e+00  3.000000e+01
     vertex -7.013870e+00 -7.947681e+00  3.000000e+01
   endloop
 endfacet
 facet normal  0.000000e+00  0.000000e+00  1.000000e+00
   outer loop
     vertex -6.187683e+00 -8.606543e+00  3.000000e+01
     vertex -7.013870e+00 -7.947681e+00  3.000000e+01
     vertex -6.608992e+00 -8.287414e+00  3.000000e+01
   endloop
 endfacet
 facet normal  0.000000e+00  0.000000e+00  1.000000e+00
   outer loop
     vertex -5.300000e+00 -9.179869e+00  3.000000e+01
     vertex -7.401310e+00 -7.588189e+00  3.000000e+01
     vertex -6.187683e+00 -8.606543e+00  3.000000e+01
   endloop
 endfacet
 facet normal  0.000000e+00  0.000000e+00  1.000000e+00
   outer loop
     vertex -5.300000e+00 -9.179869e+00  3.000000e+01
     vertex -6.187683e+00 -8.606543e+00  3.000000e+01
     vertex -5.750990e+00 -8.904275e+00  3.000000e+01
   endloop
 endfacet
 facet normal  0.000000e+00  0.000000e+00  1.000000e+00
   outer loop
     vertex -4.359643e+00 -9.661962e+00  3.000000e+01
     vertex -5.300000e+00 -9.179869e+00  3.000000e+01
     vertex -4.835833e+00 -9.432641e+00  3.000000e+01
   endloop
 endfacet
 facet normal  0.000000e+00  0.000000e+00  1.000000e+00
   outer loop
     vertex -9.767648e+00 -4.117409e+00  3.000000e+01
     vertex -9.550270e+00 -4.599168e+00  3.000000e+01
     vertex -9.309149e+00 -5.069492e+00  3.000000e+01
   endloop
 endfacet
 facet normal  0.000000e+00  0.000000e+00  1.000000e+00
   outer loop
     vertex -9.767648e+00 -4.117409e+00  3.000000e+01
     vertex -9.309149e+00 -5.069492e+00  3.000000e+01
     vertex -9.044883e+00 -5.527213e+00  3.000000e+01
   endloop
 endfacet
 facet normal  0.000000e+00  0.000000e+00  1.000000e+00
   outer loop
     vertex -3.375958e+00 -1.004803e+01  3.000000e+01
     vertex -7.401310e+00 -7.588189e+00  3.000000e+01
     vertex -5.300000e+00 -9.179869e+00  3.000000e+01
   endloop
 endfacet
 facet normal  0.000000e+00  0.000000e+00  1.000000e+00
   outer loop
     vertex -3.375958e+00 -1.004803e+01  3.000000e+01
     vertex -5.300000e+00 -9.179869e+00  3.000000e+01
     vertex -4.359643e+00 -9.661962e+00  3.000000e+01
   endloop
 endfacet
 facet normal  0.000000e+00  0.000000e+00  1.000000e+00
   outer loop
     vertex -3.375958e+00 -1.004803e+01  3.000000e+01
     vertex -4.359643e+00 -9.661962e+00  3.000000e+01
     vertex -3.872615e+00 -9.867262e+00  3.000000e+01
   endloop
 endfacet
 facet normal  0.000000e+00  0.000000e+00  1.000000e+00
   outer loop
     vertex -1.012907e+01 -3.124405e+00  3.000000e+01
     vertex -9.767648e+00 -4.117409e+00  3.000000e+01
     vertex -9.044883e+00 -5.527213e+00  3.000000e+01
   endloop
 endfacet
 facet normal  0.000000e+00  0.000000e+00  1.000000e+00
   outer loop
     vertex -1.012907e+01 -3.124405e+00  3.000000e+01
     vertex -9.960742e+00 -3.625414e+00  3.000000e+01
     vertex -9.767648e+00 -4.117409e+00  3.000000e+01
   endloop
 endfacet
 facet normal  0.000000e+00  0.000000e+00  1.000000e+00
   outer loop
     vertex -1.027222e+01 -2.615628e+00  3.000000e+01
     vertex -1.012907e+01 -3.124405e+00  3.000000e+01
     vertex -9.044883e+00 -5.527213e+00  3.000000e+01
   endloop
 endfacet
 facet normal  0.000000e+00  0.000000e+00  1.000000e+00
   outer loop
     vertex -1.027222e+01 -2.615628e+00  3.000000e+01
     vertex -9.044883e+00 -5.527213e+00  3.000000e+01
     vertex -8.758131e+00 -5.971193e+00  3.000000e+01
   endloop
 endfacet
 facet normal  0.000000e+00  0.000000e+00  1.000000e+00
   outer loop
     vertex -1.840671e+00 -1.043896e+01  3.000000e+01
     vertex -3.375958e+00 -1.004803e+01  3.000000e+01
     vertex -2.870909e+00 -1.020382e+01  3.000000e+01
   endloop
 endfacet
 facet normal  0.000000e+00  0.000000e+00  1.000000e+00
   outer loop
     vertex -1.840671e+00 -1.043896e+01  3.000000e+01
     vertex -2.870909e+00 -1.020382e+01  3.000000e+01
     vertex -2.358722e+00 -1.033424e+01  3.000000e+01
   endloop
 endfacet
 facet normal  0.000000e+00  0.000000e+00  1.000000e+00
   outer loop
     vertex -7.921390e-01 -1.057036e+01  3.000000e+01
     vertex -7.401310e+00 -7.588189e+00  3.000000e+01
     vertex -3.375958e+00 -1.004803e+01  3.000000e+01
   endloop
 endfacet
 facet normal  0.000000e+00  0.000000e+00  1.000000e+00
   outer loop
     vertex -7.921390e-01 -1.057036e+01  3.000000e+01
     vertex -3.375958e+00 -1.004803e+01  3.000000e+01
     vertex -1.840671e+00 -1.043896e+01  3.000000e+01
   endloop
 endfacet
 facet normal  0.000000e+00  0.000000e+00  1.000000e+00
   outer loop
     vertex -7.921390e-01 -1.057036e+01  3.000000e+01
     vertex -1.840671e+00 -1.043896e+01  3.000000e+01
     vertex -1.318043e+00 -1.051774e+01  3.000000e+01
   endloop
 endfacet
 facet normal  0.000000e+00  0.000000e+00  1.000000e+00
   outer loop
     vertex -1.058682e+01 -5.283664e-01  3.000000e+01
     vertex -1.054733e+01 -1.055419e+00  3.000000e+01
     vertex -1.048161e+01 -1.579848e+00  3.000000e+01
   endloop
 endfacet
 facet normal  0.000000e+00  0.000000e+00  1.000000e+00
   outer loop
     vertex -1.058682e+01 -5.283664e-01  3.000000e+01
     vertex -1.048161e+01 -1.579848e+00  3.000000e+01
     vertex -1.038983e+01 -2.100349e+00  3.000000e+01
   endloop
 endfacet
 facet normal  0.000000e+00  0.000000e+00  1.000000e+00
   outer loop
     vertex -1.060000e+01 -3.636064e-14  3.000000e+01
     vertex -1.038983e+01 -2.100349e+00  3.000000e+01
     vertex -1.027222e+01 -2.615628e+00  3.000000e+01
   endloop
 endfacet
 facet normal  0.000000e+00  0.000000e+00  1.000000e+00
   outer loop
     vertex -1.060000e+01 -3.636064e-14  3.000000e+01
     vertex -1.058682e+01 -5.283664e-01  3.000000e+01
     vertex -1.038983e+01 -2.100349e+00  3.000000e+01
   endloop
 endfacet
 facet normal  0.000000e+00  0.000000e+00  1.000000e+00
   outer loop
     vertex -1.058682e+01  5.283664e-01  3.000000e+01
     vertex -1.027222e+01 -2.615628e+00  3.000000e+01
     vertex -8.758131e+00 -5.971193e+00  3.000000e+01
   endloop
 endfacet
 facet normal  0.000000e+00  0.000000e+00  1.000000e+00
   outer loop
     vertex -1.058682e+01  5.283664e-01  3.000000e+01
     vertex -8.758131e+00 -5.971193e+00  3.000000e+01
     vertex -8.449605e+00 -6.400327e+00  3.000000e+01
   endloop
 endfacet
 facet normal  0.000000e+00  0.000000e+00  1.000000e+00
   outer loop
     vertex -1.058682e+01  5.283664e-01  3.000000e+01
     vertex -1.060000e+01 -3.636064e-14  3.000000e+01
     vertex -1.027222e+01 -2.615628e+00  3.000000e+01
   endloop
 endfacet
 facet normal  0.000000e+00  0.000000e+00  1.000000e+00
   outer loop
     vertex  7.921390e-01 -1.057036e+01  3.000000e+01
     vertex -7.921390e-01 -1.057036e+01  3.000000e+01
     vertex -2.642653e-01 -1.059671e+01  3.000000e+01
   endloop
 endfacet
 facet normal  0.000000e+00  0.000000e+00  1.000000e+00
   outer loop
     vertex  7.921390e-01 -1.057036e+01  3.000000e+01
     vertex -2.642653e-01 -1.059671e+01  3.000000e+01
     vertex  2.642653e-01 -1.059671e+01  3.000000e+01
   endloop
 endfacet
 facet normal  0.000000e+00  0.000000e+00  1.000000e+00
   outer loop
     vertex  1.840671e+00 -1.043896e+01  3.000000e+01
     vertex  7.921390e-01 -1.057036e+01  3.000000e+01
     vertex  1.318043e+00 -1.051774e+01  3.000000e+01
   endloop
 endfacet
 facet normal  0.000000e+00  0.000000e+00  1.000000e+00
   outer loop
     vertex  2.358722e+00 -1.033424e+01  3.000000e+01
     vertex  7.921390e-01 -1.057036e+01  3.000000e+01
     vertex  1.840671e+00 -1.043896e+01  3.000000e+01
   endloop
 endfacet
 facet normal  0.000000e+00  0.000000e+00  1.000000e+00
   outer loop
     vertex -1.027222e+01  2.615628e+00  3.000000e+01
     vertex -1.038983e+01  2.100349e+00  3.000000e+01
     vertex -1.048161e+01  1.579848e+00  3.000000e+01
   endloop
 endfacet
 facet normal  0.000000e+00  0.000000e+00  1.000000e+00
   outer loop
     vertex  3.375958e+00 -1.004803e+01  3.000000e+01
     vertex  7.921390e-01 -1.057036e+01  3.000000e+01
     vertex  2.358722e+00 -1.033424e+01  3.000000e+01
   endloop
 endfacet
 facet normal  0.000000e+00  0.000000e+00  1.000000e+00
   outer loop
     vertex  3.375958e+00 -1.004803e+01  3.000000e+01
     vertex  2.358722e+00 -1.033424e+01  3.000000e+01
     vertex  2.870909e+00 -1.020382e+01  3.000000e+01
   endloop
 endfacet
 facet normal  0.000000e+00  0.000000e+00  1.000000e+00
   outer loop
     vertex -9.960742e+00  3.625414e+00  3.000000e+01
     vertex -1.027222e+01  2.615628e+00  3.000000e+01
     vertex -1.048161e+01  1.579848e+00  3.000000e+01
   endloop
 endfacet
 facet normal  0.000000e+00  0.000000e+00  1.000000e+00
   outer loop
     vertex -9.960742e+00  3.625414e+00  3.000000e+01
     vertex -1.012907e+01  3.124405e+00  3.000000e+01
     vertex -1.027222e+01  2.615628e+00  3.000000e+01
   endloop
 endfacet
 facet normal  0.000000e+00  0.000000e+00  1.000000e+00
   outer loop
     vertex -9.960742e+00  3.625414e+00  3.000000e+01
     vertex -1.048161e+01  1.579848e+00  3.000000e+01
     vertex -1.054733e+01  1.055419e+00  3.000000e+01
   endloop
 endfacet
 facet normal  0.000000e+00  0.000000e+00  1.000000e+00
   outer loop
     vertex -9.960742e+00  3.625414e+00  3.000000e+01
     vertex -1.054733e+01  1.055419e+00  3.000000e+01
     vertex -1.058682e+01  5.283664e-01  3.000000e+01
   endloop
 endfacet
 facet normal  0.000000e+00  0.000000e+00  1.000000e+00
   outer loop
     vertex  4.359643e+00 -9.661962e+00  3.000000e+01
     vertex  3.375958e+00 -1.004803e+01  3.000000e+01
     vertex  3.872615e+00 -9.867262e+00  3.000000e+01
   endloop
 endfacet
 facet normal  0.000000e+00  0.000000e+00  1.000000e+00
   outer loop
     vertex  4.359643e+00 -9.661962e+00  3.000000e+01
     vertex  7.921390e-01 -1.057036e+01  3.000000e+01
     vertex  3.375958e+00 -1.004803e+01  3.000000e+01
   endloop
 endfacet
 facet normal  0.000000e+00  0.000000e+00  1.000000e+00
   outer loop
     vertex  5.300000e+00 -9.179869e+00  3.000000e+01
     vertex  4.359643e+00 -9.661962e+00  3.000000e+01
     vertex  4.835833e+00 -9.432641e+00  3.000000e+01
   endloop
 endfacet
 facet normal  0.000000e+00  0.000000e+00  1.000000e+00
   outer loop
     vertex  5.750990e+00 -8.904275e+00  3.000000e+01
     vertex -9.960742e+00  3.625414e+00  3.000000e+01
     vertex -1.058682e+01  5.283664e-01  3.000000e+01
   endloop
 endfacet
 facet normal  0.000000e+00  0.000000e+00  1.000000e+00
   outer loop
     vertex  5.750990e+00 -8.904275e+00  3.000000e+01
     vertex  7.921390e-01 -1.057036e+01  3.000000e+01
     vertex  4.359643e+00 -9.661962e+00  3.000000e+01
   endloop
 endfacet
 facet normal  0.000000e+00  0.000000e+00  1.000000e+00
   outer loop
     vertex  5.750990e+00 -8.904275e+00  3.000000e+01
     vertex  4.359643e+00 -9.661962e+00  3.000000e+01
     vertex  5.300000e+00 -9.179869e+00  3.000000e+01
   endloop
 endfacet
 facet normal  0.000000e+00  0.000000e+00  1.000000e+00
   outer loop
     vertex  5.750990e+00 -8.904275e+00  3.000000e+01
     vertex -8.449605e+00 -6.400327e+00  3.000000e+01
     vertex -7.401310e+00 -7.588189e+00  3.000000e+01
   endloop
 endfacet
 facet normal  0.000000e+00  0.000000e+00  1.000000e+00
   outer loop
     vertex  5.750990e+00 -8.904275e+00  3.000000e+01
     vertex -7.401310e+00 -7.588189e+00  3.000000e+01
     vertex -7.921390e-01 -1.057036e+01  3.000000e+01
   endloop
 endfacet
 facet normal  0.000000e+00  0.000000e+00  1.000000e+00
   outer loop
     vertex  5.750990e+00 -8.904275e+00  3.000000e+01
     vertex -1.058682e+01  5.283664e-01  3.000000e+01
     vertex -8.449605e+00 -6.400327e+00  3.000000e+01
   endloop
 endfacet
 facet normal  0.000000e+00  0.000000e+00  1.000000e+00
   outer loop
     vertex  5.750990e+00 -8.904275e+00  3.000000e+01
     vertex -7.921390e-01 -1.057036e+01  3.000000e+01
     vertex  7.921390e-01 -1.057036e+01  3.000000e+01
   endloop
 endfacet
 facet normal  0.000000e+00  0.000000e+00  1.000000e+00
   outer loop
     vertex  6.187683e+00 -8.606543e+00  3.000000e+01
     vertex -9.960742e+00  3.625414e+00  3.000000e+01
     vertex  5.750990e+00 -8.904275e+00  3.000000e+01
   endloop
 endfacet
 facet normal  0.000000e+00  0.000000e+00  1.000000e+00
   outer loop
     vertex  6.187683e+00 -8.606543e+00  3.000000e+01
     vertex -9.550270e+00  4.599168e+00  3.000000e+01
     vertex -9.767648e+00  4.117409e+00  3.000000e+01
   endloop
 endfacet
 facet normal  0.000000e+00  0.000000e+00  1.000000e+00
   outer loop
     vertex  6.187683e+00 -8.606543e+00  3.000000e+01
     vertex -9.767648e+00  4.117409e+00  3.000000e+01
     vertex -9.960742e+00  3.625414e+00  3.000000e+01
   endloop
 endfacet
 facet normal  0.000000e+00  0.000000e+00  1.000000e+00
   outer loop
     vertex  6.608992e+00 -8.287414e+00  3.000000e+01
     vertex -9.550270e+00  4.599168e+00  3.000000e+01
     vertex  6.187683e+00 -8.606543e+00  3.000000e+01
   endloop
 endfacet
 facet normal  0.000000e+00  0.000000e+00  1.000000e+00
   outer loop
     vertex -8.120071e+00  6.813549e+00  3.000000e+01
     vertex -8.449605e+00  6.400327e+00  3.000000e+01
     vertex -8.758131e+00  5.971193e+00  3.000000e+01
   endloop
 endfacet
 facet normal  0.000000e+00  0.000000e+00  1.000000e+00
   outer loop
     vertex -8.120071e+00  6.813549e+00  3.000000e+01
     vertex -8.758131e+00  5.971193e+00  3.000000e+01
     vertex -9.044883e+00  5.527213e+00  3.000000e+01
   endloop
 endfacet
 facet normal  0.000000e+00  0.000000e+00  1.000000e+00
   outer loop
     vertex -8.120071e+00  6.813549e+00  3.000000e+01
     vertex -9.044883e+00  5.527213e+00  3.000000e+01
     vertex -9.309149e+00  5.069492e+00  3.000000e+01
   endloop
 endfacet
 facet normal  0.000000e+00  0.000000e+00  1.000000e+00
   outer loop
     vertex -7.401310e+00  7.588189e+00  3.000000e+01
     vertex -7.770350e+00  7.209831e+00  3.000000e+01
     vertex -8.120071e+00  6.813549e+00  3.000000e+01
   endloop
 endfacet
 facet normal  0.000000e+00  0.000000e+00  1.000000e+00
   outer loop
     vertex  7.770350e+00 -7.209831e+00  3.000000e+01
     vertex  6.608992e+00 -8.287414e+00  3.000000e+01
     vertex  7.013870e+00 -7.947681e+00  3.000000e+01
   endloop
 endfacet
 facet normal  0.000000e+00  0.000000e+00  1.000000e+00
   outer loop
     vertex  7.770350e+00 -7.209831e+00  3.000000e+01
     vertex  7.013870e+00 -7.947681e+00  3.000000e+01
     vertex  7.401310e+00 -7.588189e+00  3.000000e+01
   endloop
 endfacet
 facet normal  0.000000e+00  0.000000e+00  1.000000e+00
   outer loop
     vertex  7.770350e+00 -7.209831e+00  3.000000e+01
     vertex -9.550270e+00  4.599168e+00  3.000000e+01
     vertex  6.608992e+00 -8.287414e+00  3.000000e+01
   endloop
 endfacet
 facet normal  0.000000e+00  0.000000e+00  1.000000e+00
   outer loop
     vertex  7.770350e+00 -7.209831e+00  3.000000e+01
     vertex -9.309149e+00  5.069492e+00  3.000000e+01
     vertex -9.550270e+00  4.599168e+00  3.000000e+01
   endloop
 endfacet
 facet normal  0.000000e+00  0.000000e+00  1.000000e+00
   outer loop
     vertex  8.449605e+00 -6.400327e+00  3.000000e+01
     vertex  7.770350e+00 -7.209831e+00  3.000000e+01
     vertex  8.120071e+00 -6.813549e+00  3.000000e+01
   endloop
 endfacet
 facet normal  0.000000e+00  0.000000e+00  1.000000e+00
   outer loop
     vertex -6.187683e+00  8.606543e+00  3.000000e+01
     vertex -6.608992e+00  8.287414e+00  3.000000e+01
     vertex -7.013870e+00  7.947681e+00  3.000000e+01
   endloop
 endfacet
 facet normal  0.000000e+00  0.000000e+00  1.000000e+00
   outer loop
     vertex -6.187683e+00  8.606543e+00  3.000000e+01
     vertex -7.013870e+00  7.947681e+00  3.000000e+01
     vertex -7.401310e+00  7.588189e+00  3.000000e+01
   endloop
 endfacet
 facet normal  0.000000e+00  0.000000e+00  1.000000e+00
   outer loop
     vertex -6.187683e+00  8.606543e+00  3.000000e+01
     vertex -7.401310e+00  7.588189e+00  3.000000e+01
     vertex -8.120071e+00  6.813549e+00  3.000000e+01
   endloop
 endfacet
 facet normal  0.000000e+00  0.000000e+00  1.000000e+00
   outer loop
     vertex  8.758131e+00 -5.971193e+00  3.000000e+01
     vertex  7.770350e+00 -7.209831e+00  3.000000e+01
     vertex  8.449605e+00 -6.400327e+00  3.000000e+01
   endloop
 endfacet
 facet normal  0.000000e+00  0.000000e+00  1.000000e+00
   outer loop
     vertex -5.750990e+00  8.904275e+00  3.000000e+01
     vertex -8.120071e+00  6.813549e+00  3.000000e+01
     vertex -9.309149e+00  5.069492e+00  3.000000e+01
   endloop
 endfacet
 facet normal  0.000000e+00  0.000000e+00  1.000000e+00
   outer loop
     vertex -5.750990e+00  8.904275e+00  3.000000e+01
     vertex -9.309149e+00  5.069492e+00  3.000000e+01
     vertex  7.770350e+00 -7.209831e+00  3.000000e+01
   endloop
 endfacet
 facet normal  0.000000e+00  0.000000e+00  1.000000e+00
   outer loop
     vertex -5.750990e+00  8.904275e+00  3.000000e+01
     vertex -6.187683e+00  8.606543e+00  3.000000e+01
     vertex -8.120071e+00  6.813549e+00  3.000000e+01
   endloop
 endfacet
 facet normal  0.000000e+00  0.000000e+00  1.000000e+00
   outer loop
     vertex  9.309149e+00 -5.069492e+00  3.000000e+01
     vertex  8.758131e+00 -5.971193e+00  3.000000e+01
     vertex  9.044883e+00 -5.527213e+00  3.000000e+01
   endloop
 endfacet
 facet normal  0.000000e+00  0.000000e+00  1.000000e+00
   outer loop
     vertex  9.550270e+00 -4.599168e+00  3.000000e+01
     vertex  7.770350e+00 -7.209831e+00  3.000000e+01
     vertex  8.758131e+00 -5.971193e+00  3.000000e+01
   endloop
 endfacet
 facet normal  0.000000e+00  0.000000e+00  1.000000e+00
   outer loop
     vertex  9.550270e+00 -4.599168e+00  3.000000e+01
     vertex  8.758131e+00 -5.971193e+00  3.000000e+01
     vertex  9.309149e+00 -5.069492e+00  3.000000e+01
   endloop
 endfacet
 facet normal  0.000000e+00  0.000000e+00  1.000000e+00
   outer loop
     vertex -4.359643e+00  9.661962e+00  3.000000e+01
     vertex -5.750990e+00  8.904275e+00  3.000000e+01
     vertex  7.770350e+00 -7.209831e+00  3.000000e+01
   endloop
 endfacet
 facet normal  0.000000e+00  0.000000e+00  1.000000e+00
   outer loop
     vertex -4.359643e+00  9.661962e+00  3.000000e+01
     vertex -4.835833e+00  9.432641e+00  3.000000e+01
     vertex -5.300000e+00  9.179869e+00  3.000000e+01
   endloop
 endfacet
 facet normal  0.000000e+00  0.000000e+00  1.000000e+00
   outer loop
     vertex -4.359643e+00  9.661962e+00  3.000000e+01
     vertex -5.300000e+00  9.179869e+00  3.000000e+01
     vertex -5.750990e+00  8.904275e+00  3.000000e+01
   endloop
 endfacet
 facet normal  0.000000e+00  0.000000e+00  1.000000e+00
   outer loop
     vertex -4.359643e+00  9.661962e+00  3.000000e+01
     vertex  7.770350e+00 -7.209831e+00  3.000000e+01
     vertex  9.550270e+00 -4.599168e+00  3.000000e+01
   endloop
 endfacet
 facet normal  0.000000e+00  0.000000e+00  1.000000e+00
   outer loop
     vertex -2.870909e+00  1.020382e+01  3.000000e+01
     vertex -3.375958e+00  1.004803e+01  3.000000e+01
     vertex -3.872615e+00  9.867262e+00  3.000000e+01
   endloop
 endfacet
 facet normal  0.000000e+00  0.000000e+00  1.000000e+00
   outer loop
     vertex -2.870909e+00  1.020382e+01  3.000000e+01
     vertex -3.872615e+00  9.867262e+00  3.000000e+01
     vertex -4.359643e+00  9.661962e+00  3.000000e+01
   endloop
 endfacet
 facet normal  0.000000e+00  0.000000e+00  1.000000e+00
   outer loop
     vertex -2.358722e+00  1.033424e+01  3.000000e+01
     vertex -2.870909e+00  1.020382e+01  3.000000e+01
     vertex -4.359643e+00  9.661962e+00  3.000000e+01
   endloop
 endfacet
 facet normal  0.000000e+00  0.000000e+00  1.000000e+00
   outer loop
     vertex  1.048161e+01 -1.579848e+00  3.000000e+01
     vertex  9.767648e+00 -4.117409e+00  3.000000e+01
     vertex  9.960742e+00 -3.625414e+00  3.000000e+01
   endloop
 endfacet
 facet normal  0.000000e+00  0.000000e+00  1.000000e+00
   outer loop
     vertex  1.048161e+01 -1.579848e+00  3.000000e+01
     vertex  9.960742e+00 -3.625414e+00  3.000000e+01
     vertex  1.012907e+01 -3.124405e+00  3.000000e+01
   endloop
 endfacet
 facet normal  0.000000e+00  0.000000e+00  1.000000e+00
   outer loop
     vertex  1.048161e+01 -1.579848e+00  3.000000e+01
     vertex  1.012907e+01 -3.124405e+00  3.000000e+01
     vertex  1.027222e+01 -2.615628e+00  3.000000e+01
   endloop
 endfacet
 facet normal  0.000000e+00  0.000000e+00  1.000000e+00
   outer loop
     vertex  1.048161e+01 -1.579848e+00  3.000000e+01
     vertex  1.027222e+01 -2.615628e+00  3.000000e+01
     vertex  1.038983e+01 -2.100349e+00  3.000000e+01
   endloop
 endfacet
 facet normal  0.000000e+00  0.000000e+00  1.000000e+00
   outer loop
     vertex -1.318043e+00  1.051774e+01  3.000000e+01
     vertex -1.840671e+00  1.043896e+01  3.000000e+01
     vertex -2.358722e+00  1.033424e+01  3.000000e+01
   endloop
 endfacet
 facet normal  0.000000e+00  0.000000e+00  1.000000e+00
   outer loop
     vertex  1.054733e+01 -1.055419e+00  3.000000e+01
     vertex  9.550270e+00 -4.599168e+00  3.000000e+01
     vertex  9.767648e+00 -4.117409e+00  3.000000e+01
   endloop
 endfacet
 facet normal  0.000000e+00  0.000000e+00  1.000000e+00
   outer loop
     vertex  1.054733e+01 -1.055419e+00  3.000000e+01
     vertex  9.767648e+00 -4.117409e+00  3.000000e+01
     vertex  1.048161e+01 -1.579848e+00  3.000000e+01
   endloop
 endfacet
 facet normal  0.000000e+00  0.000000e+00  1.000000e+00
   outer loop
     vertex -7.921390e-01  1.057036e+01  3.000000e+01
     vertex -1.318043e+00  1.051774e+01  3.000000e+01
     vertex -2.358722e+00  1.033424e+01  3.000000e+01
   endloop
 endfacet
 facet normal  0.000000e+00  0.000000e+00  1.000000e+00
   outer loop
     vertex -7.921390e-01  1.057036e+01  3.000000e+01
     vertex -2.358722e+00  1.033424e+01  3.000000e+01
     vertex -4.359643e+00  9.661962e+00  3.000000e+01
   endloop
 endfacet
 facet normal  0.000000e+00  0.000000e+00  1.000000e+00
   outer loop
     vertex  7.921390e-01  1.057036e+01  3.000000e+01
     vertex -7.921390e-01  1.057036e+01  3.000000e+01
     vertex -4.359643e+00  9.661962e+00  3.000000e+01
   endloop
 endfacet
 facet normal  0.000000e+00  0.000000e+00  1.000000e+00
   outer loop
     vertex  7.921390e-01  1.057036e+01  3.000000e+01
     vertex  2.642653e-01  1.059671e+01  3.000000e+01
     vertex -2.642653e-01  1.059671e+01  3.000000e+01
   endloop
 endfacet
 facet normal  0.000000e+00  0.000000e+00  1.000000e+00
   outer loop
     vertex  7.921390e-01  1.057036e+01  3.000000e+01
     vertex -2.642653e-01  1.059671e+01  3.000000e+01
     vertex -7.921390e-01  1.057036e+01  3.000000e+01
   endloop
 endfacet
 facet normal  0.000000e+00  0.000000e+00  1.000000e+00
   outer loop
     vertex  1.840671e+00  1.043896e+01  3.000000e+01
     vertex  1.060000e+01  0.000000e+00  3.000000e+01
     vertex  1.058682e+01  5.283664e-01  3.000000e+01
   endloop
 endfacet
 facet normal  0.000000e+00  0.000000e+00  1.000000e+00
   outer loop
     vertex  1.840671e+00  1.043896e+01  3.000000e+01
     vertex  9.550270e+00 -4.599168e+00  3.000000e+01
     vertex  1.054733e+01 -1.055419e+00  3.000000e+01
   endloop
 endfacet
 facet normal  0.000000e+00  0.000000e+00  1.000000e+00
   outer loop
     vertex  1.840671e+00  1.043896e+01  3.000000e+01
     vertex  7.921390e-01  1.057036e+01  3.000000e+01
     vertex -4.359643e+00  9.661962e+00  3.000000e+01
   endloop
 endfacet
 facet normal  0.000000e+00  0.000000e+00  1.000000e+00
   outer loop
     vertex  1.840671e+00  1.043896e+01  3.000000e+01
     vertex  1.054733e+01 -1.055419e+00  3.000000e+01
     vertex  1.058682e+01 -5.283664e-01  3.000000e+01
   endloop
 endfacet
 facet normal  0.000000e+00  0.000000e+00  1.000000e+00
   outer loop
     vertex  1.840671e+00  1.043896e+01  3.000000e+01
     vertex  1.058682e+01 -5.283664e-01  3.000000e+01
     vertex  1.060000e+01  0.000000e+00  3.000000e+01
   endloop
 endfacet
 facet normal  0.000000e+00  0.000000e+00  1.000000e+00
   outer loop
     vertex  1.840671e+00  1.043896e+01  3.000000e+01
     vertex  1.318043e+00  1.051774e+01  3.000000e+01
     vertex  7.921390e-01  1.057036e+01  3.000000e+01
   endloop
 endfacet
 facet normal  0.000000e+00  0.000000e+00  1.000000e+00
   outer loop
     vertex  1.840671e+00  1.043896e+01  3.000000e+01
     vertex -4.359643e+00  9.661962e+00  3.000000e+01
     vertex  9.550270e+00 -4.599168e+00  3.000000e+01
   endloop
 endfacet
 facet normal  0.000000e+00  0.000000e+00  1.000000e+00
   outer loop
     vertex  1.027222e+01  2.615628e+00  3.000000e+01
     vertex  1.054733e+01  1.055419e+00  3.000000e+01
     vertex  1.048161e+01  1.579848e+00  3.000000e+01
   endloop
 endfacet
 facet normal  0.000000e+00  0.000000e+00  1.000000e+00
   outer loop
     vertex  1.027222e+01  2.615628e+00  3.000000e+01
     vertex  1.048161e+01  1.579848e+00  3.000000e+01
     vertex  1.038983e+01  2.100349e+00  3.000000e+01
   endloop
 endfacet
 facet normal  0.000000e+00  0.000000e+00  1.000000e+00
   outer loop
     vertex  2.870909e+00  1.020382e+01  3.000000e+01
     vertex  2.358722e+00  1.033424e+01  3.000000e+01
     vertex  1.840671e+00  1.043896e+01  3.000000e+01
   endloop
 endfacet
 facet normal  0.000000e+00  0.000000e+00  1.000000e+00
   outer loop
     vertex  1.012907e+01  3.124405e+00  3.000000e+01
     vertex  1.058682e+01  5.283664e-01  3.000000e+01
     vertex  1.054733e+01  1.055419e+00  3.000000e+01
   endloop
 endfacet
 facet normal  0.000000e+00  0.000000e+00  1.000000e+00
   outer loop
     vertex  1.012907e+01  3.124405e+00  3.000000e+01
     vertex  1.054733e+01  1.055419e+00  3.000000e+01
     vertex  1.027222e+01  2.615628e+00  3.000000e+01
   endloop
 endfacet
 facet normal  0.000000e+00  0.000000e+00  1.000000e+00
   outer loop
     vertex  9.767648e+00  4.117409e+00  3.000000e+01
     vertex  1.012907e+01  3.124405e+00  3.000000e+01
     vertex  9.960742e+00  3.625414e+00  3.000000e+01
   endloop
 endfacet
 facet normal  0.000000e+00  0.000000e+00  1.000000e+00
   outer loop
     vertex  9.767648e+00  4.117409e+00  3.000000e+01
     vertex  1.058682e+01  5.283664e-01  3.000000e+01
     vertex  1.012907e+01  3.124405e+00  3.000000e+01
   endloop
 endfacet
 facet normal  0.000000e+00  0.000000e+00  1.000000e+00
   outer loop
     vertex  9.550270e+00  4.599168e+00  3.000000e+01
     vertex  1.058682e+01  5.283664e-01  3.000000e+01
     vertex  9.767648e+00  4.117409e+00  3.000000e+01
   endloop
 endfacet
 facet normal  0.000000e+00  0.000000e+00  1.000000e+00
   outer loop
     vertex  4.835833e+00  9.432641e+00  3.000000e+01
     vertex  4.359643e+00  9.661962e+00  3.000000e+01
     vertex  3.872615e+00  9.867262e+00  3.000000e+01
   endloop
 endfacet
 facet normal  0.000000e+00  0.000000e+00  1.000000e+00
   outer loop
     vertex  4.835833e+00  9.432641e+00  3.000000e+01
     vertex  3.872615e+00  9.867262e+00  3.000000e+01
     vertex  3.375958e+00  1.004803e+01  3.000000e+01
   endloop
 endfacet
 facet normal  0.000000e+00  0.000000e+00  1.000000e+00
   outer loop
     vertex  4.835833e+00  9.432641e+00  3.000000e+01
     vertex  3.375958e+00  1.004803e+01  3.000000e+01
     vertex  2.870909e+00  1.020382e+01  3.000000e+01
   endloop
 endfacet
 facet normal  0.000000e+00  0.000000e+00  1.000000e+00
   outer loop
     vertex  5.300000e+00  9.179869e+00  3.000000e+01
     vertex  4.835833e+00  9.432641e+00  3.000000e+01
     vertex  2.870909e+00  1.020382e+01  3.000000e+01
   endloop
 endfacet
 facet normal  0.000000e+00  0.000000e+00  1.000000e+00
   outer loop
     vertex  9.044883e+00  5.527213e+00  3.000000e+01
     vertex  9.550270e+00  4.599168e+00  3.000000e+01
     vertex  9.309149e+00  5.069492e+00  3.000000e+01
   endloop
 endfacet
 facet normal  0.000000e+00  0.000000e+00  1.000000e+00
   outer loop
     vertex  9.044883e+00  5.527213e+00  3.000000e+01
     vertex  1.840671e+00  1.043896e+01  3.000000e+01
     vertex  1.058682e+01  5.283664e-01  3.000000e+01
   endloop
 endfacet
 facet normal  0.000000e+00  0.000000e+00  1.000000e+00
   outer loop
     vertex  9.044883e+00  5.527213e+00  3.000000e+01
     vertex  1.058682e+01  5.283664e-01  3.000000e+01
     vertex  9.550270e+00  4.599168e+00  3.000000e+01
   endloop
 endfacet
 facet normal  0.000000e+00  0.000000e+00  1.000000e+00
   outer loop
     vertex  6.608992e+00  8.287414e+00  3.000000e+01
     vertex  6.187683e+00  8.606543e+00  3.000000e+01
     vertex  5.750990e+00  8.904275e+00  3.000000e+01
   endloop
 endfacet
 facet normal  0.000000e+00  0.000000e+00  1.000000e+00
   outer loop
     vertex  6.608992e+00  8.287414e+00  3.000000e+01
     vertex  5.750990e+00  8.904275e+00  3.000000e+01
     vertex  5.300000e+00  9.179869e+00  3.000000e+01
   endloop
 endfacet
 facet normal  0.000000e+00  0.000000e+00  1.000000e+00
   outer loop
     vertex  8.120071e+00  6.813549e+00  3.000000e+01
     vertex  9.044883e+00  5.527213e+00  3.000000e+01
     vertex  8.758131e+00  5.971193e+00  3.000000e+01
   endloop
 endfacet
 facet normal  0.000000e+00  0.000000e+00  1.000000e+00
   outer loop
     vertex  8.120071e+00  6.813549e+00  3.000000e+01
     vertex  8.758131e+00  5.971193e+00  3.000000e+01
     vertex  8.449605e+00  6.400327e+00  3.000000e+01
   endloop
 endfacet
 facet normal  0.000000e+00  0.000000e+00  1.000000e+00
   outer loop
     vertex  8.120071e+00  6.813549e+00  3.000000e+01
     vertex  2.870909e+00  1.020382e+01  3.000000e+01
     vertex  1.840671e+00  1.043896e+01  3.000000e+01
   endloop
 endfacet
 facet normal  0.000000e+00  0.000000e+00  1.000000e+00
   outer loop
     vertex  8.120071e+00  6.813549e+00  3.000000e+01
     vertex  1.840671e+00  1.043896e+01  3.000000e+01
     vertex  9.044883e+00  5.527213e+00  3.000000e+01
   endloop
 endfacet
 facet normal  0.000000e+00  0.000000e+00  1.000000e+00
   outer loop
     vertex  7.401310e+00  7.588189e+00  3.000000e+01
     vertex  8.120071e+00  6.813549e+00  3.000000e+01
     vertex  7.770350e+00  7.209831e+00  3.000000e+01
   endloop
 endfacet
 facet normal  0.000000e+00  0.000000e+00  1.000000e+00
   outer loop
     vertex  7.401310e+00  7.588189e+00  3.000000e+01
     vertex  7.013870e+00  7.947681e+00  3.000000e+01
     vertex  6.608992e+00  8.287414e+00  3.000000e+01
   endloop
 endfacet
 facet normal  0.000000e+00  0.000000e+00  1.000000e+00
   outer loop
     vertex  7.401310e+00  7.588189e+00  3.000000e+01
     vertex  2.870909e+00  1.020382e+01  3.000000e+01
     vertex  8.120071e+00  6.813549e+00  3.000000e+01
   endloop
 endfacet
 facet normal  0.000000e+00  0.000000e+00  1.000000e+00
   outer loop
     vertex  7.401310e+00  7.588189e+00  3.000000e+01
     vertex  5.300000e+00  9.179869e+00  3.000000e+01
     vertex  2.870909e+00  1.020382e+01  3.000000e+01
   endloop
 endfacet
 facet normal  0.000000e+00  0.000000e+00  1.000000e+00
   outer loop
     vertex  7.401310e+00  7.588189e+00  3.000000e+01
     vertex  6.608992e+00  8.287414e+00  3.000000e+01
     vertex  5.300000e+00  9.179869e+00  3.000000e+01
   endloop
 endfacet
 facet normal  9.996892e-01  2.493069e-02  0.000000e+00
   outer loop
     vertex  1.398260e+01  6.978424e-01 -1.600000e+00
     vertex  1.400000e+01  0.000000e+00  0.000000e+00
     vertex  1.400000e+01  0.000000e+00 -1.600000e+00
   endloop
 endfacet
 facet normal  9.996892e-01  2.493069e-02 -0.000000e+00
   outer loop
     vertex  1.398260e+01  6.978424e-01 -1.600000e+00
     vertex  1.398260e+01  6.978424e-01  0.000000e+00
     vertex  1.400000e+01  0.000000e+00  0.000000e+00
   endloop
 endfacet
 facet normal  9.972038e-01  7.473009e-02 -0.000000e+00
   outer loop
     vertex  1.393043e+01  1.393950e+00 -1.600000e+00
     vertex  1.393043e+01  1.393950e+00  0.000000e+00
     vertex  1.398260e+01  6.978424e-01  0.000000e+00
   endloop
 endfacet
 facet normal  9.922392e-01  1.243437e-01 -0.000000e+00
   outer loop
     vertex  1.393043e+01  1.393950e+00 -1.600000e+00
     vertex  1.384363e+01  2.086592e+00  0.000000e+00
     vertex  1.393043e+01  1.393950e+00  0.000000e+00
   endloop
 endfacet
 facet normal  9.972038e-01  7.473009e-02  0.000000e+00
   outer loop
     vertex  1.393043e+01  1.393950e+00 -1.600000e+00
     vertex  1.398260e+01  6.978424e-01  0.000000e+00
     vertex  1.398260e+01  6.978424e-01 -1.600000e+00
   endloop
 endfacet
 facet normal  9.922392e-01  1.243437e-01 -0.000000e+00
   outer loop
     vertex  1.384363e+01  2.086592e+00 -1.600000e+00
     vertex  1.384363e+01  2.086592e+00  0.000000e+00
     vertex  1.393043e+01  1.393950e+00 -1.600000e+00
   endloop
 endfacet
 facet normal  9.848078e-01  1.736482e-01 -0.000000e+00
   outer loop
     vertex  1.372241e+01  2.774046e+00 -1.600000e+00
     vertex  1.372241e+01  2.774046e+00  0.000000e+00
     vertex  1.384363e+01  2.086592e+00  0.000000e+00
   endloop
 endfacet
 facet normal  9.848078e-01  1.736482e-01  0.000000e+00
   outer loop
     vertex  1.372241e+01  2.774046e+00 -1.600000e+00
     vertex  1.384363e+01  2.086592e+00  0.000000e+00
     vertex  1.384363e+01  2.086592e+00 -1.600000e+00
   endloop
 endfacet
 facet normal  9.749279e-01  2.225209e-01 -0.000000e+00
   outer loop
     vertex  1.356708e+01  3.454604e+00 -1.600000e+00
     vertex  1.356708e+01  3.454604e+00  0.000000e+00
     vertex  1.372241e+01  2.774046e+00  0.000000e+00
   endloop
 endfacet
 facet normal  9.626242e-01  2.708405e-01 -0.000000e+00
   outer loop
     vertex  1.356708e+01  3.454604e+00 -1.600000e+00
     vertex  1.337802e+01  4.126572e+00  0.000000e+00
     vertex  1.356708e+01  3.454604e+00  0.000000e+00
   endloop
 endfacet
 facet normal  9.749279e-01  2.225209e-01  0.000000e+00
   outer loop
     vertex  1.356708e+01  3.454604e+00 -1.600000e+00
     vertex  1.372241e+01  2.774046e+00  0.000000e+00
     vertex  1.372241e+01  2.774046e+00 -1.600000e+00
   endloop
 endfacet
 facet normal  9.626242e-01  2.708405e-01 -0.000000e+00
   outer loop
     vertex  1.337802e+01  4.126572e+00 -1.600000e+00
     vertex  1.337802e+01  4.126572e+00  0.000000e+00
     vertex  1.356708e+01  3.454604e+00 -1.600000e+00
   endloop
 endfacet
 facet normal  9.479273e-01  3.184867e-01 -0.000000e+00
   outer loop
     vertex  1.315570e+01  4.788282e+00 -1.600000e+00
     vertex  1.315570e+01  4.788282e+00  0.000000e+00
     vertex  1.337802e+01  4.126572e+00  0.000000e+00
   endloop
 endfacet
 facet normal  9.479273e-01  3.184867e-01  0.000000e+00
   outer loop
     vertex  1.315570e+01  4.788282e+00 -1.600000e+00
     vertex  1.337802e+01  4.126572e+00  0.000000e+00
     vertex  1.337802e+01  4.126572e+00 -1.600000e+00
   endloop
 endfacet
 facet normal  9.308737e-01  3.653410e-01 -0.000000e+00
   outer loop
     vertex  1.290067e+01  5.438087e+00 -1.600000e+00
     vertex  1.290067e+01  5.438087e+00  0.000000e+00
     vertex  1.315570e+01  4.788282e+00  0.000000e+00
   endloop
 endfacet
 facet normal  9.308737e-01  3.653410e-01  0.000000e+00
   outer loop
     vertex  1.290067e+01  5.438087e+00 -1.600000e+00
     vertex  1.315570e+01  4.788282e+00  0.000000e+00
     vertex  1.315570e+01  4.788282e+00 -1.600000e+00
   endloop
 endfacet
 facet normal  9.115059e-01  4.112871e-01 -0.000000e+00
   outer loop
     vertex  1.261356e+01  6.074372e+00 -1.600000e+00
     vertex  1.261356e+01  6.074372e+00  0.000000e+00
     vertex  1.290067e+01  5.438087e+00  0.000000e+00
   endloop
 endfacet
 facet normal  9.115059e-01  4.112871e-01  0.000000e+00
   outer loop
     vertex  1.261356e+01  6.074372e+00 -1.600000e+00
     vertex  1.290067e+01  5.438087e+00  0.000000e+00
     vertex  1.290067e+01  5.438087e+00 -1.600000e+00
   endloop
 endfacet
 facet normal  8.898718e-01  4.562107e-01 -0.000000e+00
   outer loop
     vertex  1.229510e+01  6.695556e+00 -1.600000e+00
     vertex  1.229510e+01  6.695556e+00  0.000000e+00
     vertex  1.261356e+01  6.074372e+00  0.000000e+00
   endloop
 endfacet
 facet normal  8.898718e-01  4.562107e-01  0.000000e+00
   outer loop
     vertex  1.229510e+01  6.695556e+00 -1.600000e+00
     vertex  1.261356e+01  6.074372e+00  0.000000e+00
     vertex  1.261356e+01  6.074372e+00 -1.600000e+00
   endloop
 endfacet
 facet normal  8.660254e-01  5.000000e-01 -0.000000e+00
   outer loop
     vertex  1.194607e+01  7.300093e+00 -1.600000e+00
     vertex  1.194607e+01  7.300093e+00  0.000000e+00
     vertex  1.229510e+01  6.695556e+00  0.000000e+00
   endloop
 endfacet
 facet normal  8.660254e-01  5.000000e-01  0.000000e+00
   outer loop
     vertex  1.194607e+01  7.300093e+00 -1.600000e+00
     vertex  1.229510e+01  6.695556e+00  0.000000e+00
     vertex  1.229510e+01  6.695556e+00 -1.600000e+00
   endloop
 endfacet
 facet normal  8.400259e-01  5.425463e-01  0.000000e+00
   outer loop
     vertex  1.156734e+01  7.886481e+00 -1.600000e+00
     vertex  1.194607e+01  7.300093e+00  0.000000e+00
     vertex  1.194607e+01  7.300093e+00 -1.600000e+00
   endloop
 endfacet
 facet normal  8.400259e-01  5.425463e-01 -0.000000e+00
   outer loop
     vertex  1.156734e+01  7.886481e+00 -1.600000e+00
     vertex  1.156734e+01  7.886481e+00  0.000000e+00
     vertex  1.194607e+01  7.300093e+00  0.000000e+00
   endloop
 endfacet
 facet normal  8.119380e-01  5.837437e-01  0.000000e+00
   outer loop
     vertex  1.115986e+01  8.453262e+00 -1.600000e+00
     vertex  1.156734e+01  7.886481e+00  0.000000e+00
     vertex  1.156734e+01  7.886481e+00 -1.600000e+00
   endloop
 endfacet
 facet normal  8.119380e-01  5.837437e-01 -0.000000e+00
   outer loop
     vertex  1.115986e+01  8.453262e+00 -1.600000e+00
     vertex  1.115986e+01  8.453262e+00  0.000000e+00
     vertex  1.156734e+01  7.886481e+00  0.000000e+00
   endloop
 endfacet
 facet normal  7.818315e-01  6.234898e-01 -0.000000e+00
   outer loop
     vertex  1.115986e+01  8.453262e+00 -1.600000e+00
     vertex  1.072462e+01  8.999027e+00  0.000000e+00
     vertex  1.115986e+01  8.453262e+00  0.000000e+00
   endloop
 endfacet
 facet normal  7.818315e-01  6.234898e-01 -0.000000e+00
   outer loop
     vertex  1.072462e+01  8.999027e+00 -1.600000e+00
     vertex  1.072462e+01  8.999027e+00  0.000000e+00
     vertex  1.115986e+01  8.453262e+00 -1.600000e+00
   endloop
 endfacet
 facet normal  7.497812e-01  6.616858e-01 -0.000000e+00
   outer loop
     vertex  1.026273e+01  9.522418e+00 -1.600000e+00
     vertex  1.026273e+01  9.522418e+00  0.000000e+00
     vertex  1.072462e+01  8.999027e+00  0.000000e+00
   endloop
 endfacet
 facet normal  7.497812e-01  6.616858e-01  0.000000e+00
   outer loop
     vertex  1.026273e+01  9.522418e+00 -1.600000e+00
     vertex  1.072462e+01  8.999027e+00  0.000000e+00
     vertex  1.072462e+01  8.999027e+00 -1.600000e+00
   endloop
 endfacet
 facet normal  7.158668e-01  6.982368e-01 -0.000000e+00
   outer loop
     vertex  9.775315e+00  1.002214e+01 -1.600000e+00
     vertex  9.775315e+00  1.002214e+01  0.000000e+00
     vertex  1.026273e+01  9.522418e+00  0.000000e+00
   endloop
 endfacet
 facet normal  7.158668e-01  6.982368e-01  0.000000e+00
   outer loop
     vertex  9.775315e+00  1.002214e+01 -1.600000e+00
     vertex  1.026273e+01  9.522418e+00  0.000000e+00
     vertex  1.026273e+01  9.522418e+00 -1.600000e+00
   endloop
 endfacet
 facet normal  6.801727e-01  7.330519e-01 -0.000000e+00
   outer loop
     vertex  9.263602e+00  1.049694e+01 -1.600000e+00
     vertex  9.263602e+00  1.049694e+01  0.000000e+00
     vertex  9.775315e+00  1.002214e+01  0.000000e+00
   endloop
 endfacet
 facet normal  6.801727e-01  7.330519e-01  0.000000e+00
   outer loop
     vertex  9.263602e+00  1.049694e+01 -1.600000e+00
     vertex  9.775315e+00  1.002214e+01  0.000000e+00
     vertex  9.775315e+00  1.002214e+01 -1.600000e+00
   endloop
 endfacet
 facet normal  6.427876e-01  7.660444e-01 -0.000000e+00
   outer loop
     vertex  8.728857e+00  1.094564e+01 -1.600000e+00
     vertex  8.728857e+00  1.094564e+01  0.000000e+00
     vertex  9.263602e+00  1.049694e+01  0.000000e+00
   endloop
 endfacet
 facet normal  6.038044e-01  7.971325e-01 -0.000000e+00
   outer loop
     vertex  8.728857e+00  1.094564e+01 -1.600000e+00
     vertex  8.172411e+00  1.136713e+01  0.000000e+00
     vertex  8.728857e+00  1.094564e+01  0.000000e+00
   endloop
 endfacet
 facet normal  6.427876e-01  7.660444e-01  0.000000e+00
   outer loop
     vertex  8.728857e+00  1.094564e+01 -1.600000e+00
     vertex  9.263602e+00  1.049694e+01  0.000000e+00
     vertex  9.263602e+00  1.049694e+01 -1.600000e+00
   endloop
 endfacet
 facet normal  6.038044e-01  7.971325e-01 -0.000000e+00
   outer loop
     vertex  8.172411e+00  1.136713e+01 -1.600000e+00
     vertex  8.172411e+00  1.136713e+01  0.000000e+00
     vertex  8.728857e+00  1.094564e+01 -1.600000e+00
   endloop
 endfacet
 facet normal  5.633201e-01  8.262388e-01 -0.000000e+00
   outer loop
     vertex  7.595648e+00  1.176036e+01 -1.600000e+00
     vertex  7.595648e+00  1.176036e+01  0.000000e+00
     vertex  8.172411e+00  1.136713e+01  0.000000e+00
   endloop
 endfacet
 facet normal  5.633201e-01  8.262388e-01  0.000000e+00
   outer loop
     vertex  7.595648e+00  1.176036e+01 -1.600000e+00
     vertex  8.172411e+00  1.136713e+01  0.000000e+00
     vertex  8.172411e+00  1.136713e+01 -1.600000e+00
   endloop
 endfacet
 facet normal  5.214352e-01  8.532909e-01 -0.000000e+00
   outer loop
     vertex  7.000000e+00  1.212436e+01 -1.600000e+00
     vertex  7.000000e+00  1.212436e+01  0.000000e+00
     vertex  7.595648e+00  1.176036e+01  0.000000e+00
   endloop
 endfacet
 facet normal  5.214352e-01  8.532909e-01  0.000000e+00
   outer loop
     vertex  7.000000e+00  1.212436e+01 -1.600000e+00
     vertex  7.595648e+00  1.176036e+01  0.000000e+00
     vertex  7.595648e+00  1.176036e+01 -1.600000e+00
   endloop
 endfacet
 facet normal  4.782540e-01  8.782216e-01 -0.000000e+00
   outer loop
     vertex  6.386949e+00  1.245821e+01 -1.600000e+00
     vertex  6.386949e+00  1.245821e+01  0.000000e+00
     vertex  7.000000e+00  1.212436e+01  0.000000e+00
   endloop
 endfacet
 facet normal  4.782540e-01  8.782216e-01  0.000000e+00
   outer loop
     vertex  6.386949e+00  1.245821e+01 -1.600000e+00
     vertex  7.000000e+00  1.212436e+01  0.000000e+00
     vertex  7.000000e+00  1.212436e+01 -1.600000e+00
   endloop
 endfacet
 facet normal  4.338837e-01  9.009689e-01 -0.000000e+00
   outer loop
     vertex  5.758019e+00  1.276108e+01 -1.600000e+00
     vertex  5.758019e+00  1.276108e+01  0.000000e+00
     vertex  6.386949e+00  1.245821e+01  0.000000e+00
   endloop
 endfacet
 facet normal  4.338837e-01  9.009689e-01  0.000000e+00
   outer loop
     vertex  5.758019e+00  1.276108e+01 -1.600000e+00
     vertex  6.386949e+00  1.245821e+01  0.000000e+00
     vertex  6.386949e+00  1.245821e+01 -1.600000e+00
   endloop
 endfacet
 facet normal  3.884348e-01  9.214762e-01 -0.000000e+00
   outer loop
     vertex  5.114774e+00  1.303223e+01 -1.600000e+00
     vertex  5.114774e+00  1.303223e+01  0.000000e+00
     vertex  5.758019e+00  1.276108e+01  0.000000e+00
   endloop
 endfacet
 facet normal  3.884348e-01  9.214762e-01  0.000000e+00
   outer loop
     vertex  5.114774e+00  1.303223e+01 -1.600000e+00
     vertex  5.758019e+00  1.276108e+01  0.000000e+00
     vertex  5.758019e+00  1.276108e+01 -1.600000e+00
   endloop
 endfacet
 facet normal  3.420201e-01  9.396926e-01 -0.000000e+00
   outer loop
     vertex  4.458813e+00  1.327098e+01 -1.600000e+00
     vertex  4.458813e+00  1.327098e+01  0.000000e+00
     vertex  5.114774e+00  1.303223e+01  0.000000e+00
   endloop
 endfacet
 facet normal  2.947552e-01  9.555728e-01 -0.000000e+00
   outer loop
     vertex  4.458813e+00  1.327098e+01 -1.600000e+00
     vertex  3.791767e+00  1.347674e+01  0.000000e+00
     vertex  4.458813e+00  1.327098e+01  0.000000e+00
   endloop
 endfacet
 facet normal  3.420201e-01  9.396926e-01  0.000000e+00
   outer loop
     vertex  4.458813e+00  1.327098e+01 -1.600000e+00
     vertex  5.114774e+00  1.303223e+01  0.000000e+00
     vertex  5.114774e+00  1.303223e+01 -1.600000e+00
   endloop
 endfacet
 facet normal  2.947552e-01  9.555728e-01 -0.000000e+00
   outer loop
     vertex  3.791767e+00  1.347674e+01 -1.600000e+00
     vertex  3.791767e+00  1.347674e+01  0.000000e+00
     vertex  4.458813e+00  1.327098e+01 -1.600000e+00
   endloop
 endfacet
 facet normal  2.467574e-01  9.690773e-01 -0.000000e+00
   outer loop
     vertex  3.115293e+00  1.364899e+01 -1.600000e+00
     vertex  3.115293e+00  1.364899e+01  0.000000e+00
     vertex  3.791767e+00  1.347674e+01  0.000000e+00
   endloop
 endfacet
 facet normal  2.467574e-01  9.690773e-01  0.000000e+00
   outer loop
     vertex  3.115293e+00  1.364899e+01 -1.600000e+00
     vertex  3.791767e+00  1.347674e+01  0.000000e+00
     vertex  3.791767e+00  1.347674e+01 -1.600000e+00
   endloop
 endfacet
 facet normal  1.981461e-01  9.801725e-01 -0.000000e+00
   outer loop
     vertex  2.431074e+00  1.378731e+01 -1.600000e+00
     vertex  2.431074e+00  1.378731e+01  0.000000e+00
     vertex  3.115293e+00  1.364899e+01  0.000000e+00
   endloop
 endfacet
 facet normal  1.981461e-01  9.801725e-01  0.000000e+00
   outer loop
     vertex  2.431074e+00  1.378731e+01 -1.600000e+00
     vertex  3.115293e+00  1.364899e+01  0.000000e+00
     vertex  3.115293e+00  1.364899e+01 -1.600000e+00
   endloop
 endfacet
 facet normal  1.490423e-01  9.888308e-01 -0.000000e+00
   outer loop
     vertex  1.740812e+00  1.389135e+01 -1.600000e+00
     vertex  1.740812e+00  1.389135e+01  0.000000e+00
     vertex  2.431074e+00  1.378731e+01  0.000000e+00
   endloop
 endfacet
 facet normal  9.956785e-02  9.950308e-01 -0.000000e+00
   outer loop
     vertex  1.740812e+00  1.389135e+01 -1.600000e+00
     vertex  1.046221e+00  1.396085e+01  0.000000e+00
     vertex  1.740812e+00  1.389135e+01  0.000000e+00
   endloop
 endfacet
 facet normal  1.490423e-01  9.888308e-01  0.000000e+00
   outer loop
     vertex  1.740812e+00  1.389135e+01 -1.600000e+00
     vertex  2.431074e+00  1.378731e+01  0.000000e+00
     vertex  2.431074e+00  1.378731e+01 -1.600000e+00
   endloop
 endfacet
 facet normal  4.984589e-02  9.987569e-01 -0.000000e+00
   outer loop
     vertex  1.046221e+00  1.396085e+01 -1.600000e+00
     vertex  3.490297e-01  1.399565e+01  0.000000e+00
     vertex  1.046221e+00  1.396085e+01  0.000000e+00
   endloop
 endfacet
 facet normal  9.956785e-02  9.950308e-01 -0.000000e+00
   outer loop
     vertex  1.046221e+00  1.396085e+01 -1.600000e+00
     vertex  1.046221e+00  1.396085e+01  0.000000e+00
     vertex  1.740812e+00  1.389135e+01 -1.600000e+00
   endloop
 endfacet
 facet normal  4.984589e-02  9.987569e-01 -0.000000e+00
   outer loop
     vertex  3.490297e-01  1.399565e+01 -1.600000e+00
     vertex  3.490297e-01  1.399565e+01  0.000000e+00
     vertex  1.046221e+00  1.396085e+01 -1.600000e+00
   endloop
 endfacet
 facet normal  0.000000e+00  1.000000e+00  0.000000e+00
   outer loop
     vertex -3.490297e-01  1.399565e+01 -1.600000e+00
     vertex -3.490297e-01  1.399565e+01  0.000000e+00
     vertex  3.490297e-01  1.399565e+01  0.000000e+00
   endloop
 endfacet
 facet normal  0.000000e+00  1.000000e+00  0.000000e+00
   outer loop
     vertex -3.490297e-01  1.399565e+01 -1.600000e+00
     vertex  3.490297e-01  1.399565e+01  0.000000e+00
     vertex  3.490297e-01  1.399565e+01 -1.600000e+00
   endloop
 endfacet
 facet normal -4.984589e-02  9.987569e-01  0.000000e+00
   outer loop
     vertex -1.046221e+00  1.396085e+01 -1.600000e+00
     vertex -1.046221e+00  1.396085e+01  0.000000e+00
     vertex -3.490297e-01  1.399565e+01  0.000000e+00
   endloop
 endfacet
 facet normal -4.984589e-02  9.987569e-01  0.000000e+00
   outer loop
     vertex -1.046221e+00  1.396085e+01 -1.600000e+00
     vertex -3.490297e-01  1.399565e+01  0.000000e+00
     vertex -3.490297e-01  1.399565e+01 -1.600000e+00
   endloop
 endfacet
 facet normal -9.956785e-02  9.950308e-01  0.000000e+00
   outer loop
     vertex -1.740812e+00  1.389135e+01 -1.600000e+00
     vertex -1.740812e+00  1.389135e+01  0.000000e+00
     vertex -1.046221e+00  1.396085e+01  0.000000e+00
   endloop
 endfacet
 facet normal -1.490423e-01  9.888308e-01  0.000000e+00
   outer loop
     vertex -1.740812e+00  1.389135e+01 -1.600000e+00
     vertex -2.431074e+00  1.378731e+01  0.000000e+00
     vertex -1.740812e+00  1.389135e+01  0.000000e+00
   endloop
 endfacet
 facet normal -9.956785e-02  9.950308e-01  0.000000e+00
   outer loop
     vertex -1.740812e+00  1.389135e+01 -1.600000e+00
     vertex -1.046221e+00  1.396085e+01  0.000000e+00
     vertex -1.046221e+00  1.396085e+01 -1.600000e+00
   endloop
 endfacet
 facet normal -1.981461e-01  9.801725e-01  0.000000e+00
   outer loop
     vertex -2.431074e+00  1.378731e+01 -1.600000e+00
     vertex -3.115293e+00  1.364899e+01  0.000000e+00
     vertex -2.431074e+00  1.378731e+01  0.000000e+00
   endloop
 endfacet
 facet normal -1.490423e-01  9.888308e-01  0.000000e+00
   outer loop
     vertex -2.431074e+00  1.378731e+01 -1.600000e+00
     vertex -2.431074e+00  1.378731e+01  0.000000e+00
     vertex -1.740812e+00  1.389135e+01 -1.600000e+00
   endloop
 endfacet
 facet normal -2.467574e-01  9.690773e-01  0.000000e+00
   outer loop
     vertex -3.115293e+00  1.364899e+01 -1.600000e+00
     vertex -3.791767e+00  1.347674e+01  0.000000e+00
     vertex -3.115293e+00  1.364899e+01  0.000000e+00
   endloop
 endfacet
 facet normal -1.981461e-01  9.801725e-01  0.000000e+00
   outer loop
     vertex -3.115293e+00  1.364899e+01 -1.600000e+00
     vertex -3.115293e+00  1.364899e+01  0.000000e+00
     vertex -2.431074e+00  1.378731e+01 -1.600000e+00
   endloop
 endfacet
 facet normal -2.467574e-01  9.690773e-01  0.000000e+00
   outer loop
     vertex -3.791767e+00  1.347674e+01 -1.600000e+00
     vertex -3.791767e+00  1.347674e+01  0.000000e+00
     vertex -3.115293e+00  1.364899e+01 -1.600000e+00
   endloop
 endfacet
 facet normal -2.947552e-01  9.555728e-01  0.000000e+00
   outer loop
     vertex -3.791767e+00  1.347674e+01 -1.600000e+00
     vertex -4.458813e+00  1.327098e+01  0.000000e+00
     vertex -3.791767e+00  1.347674e+01  0.000000e+00
   endloop
 endfacet
 facet normal -2.947552e-01  9.555728e-01  0.000000e+00
   outer loop
     vertex -4.458813e+00  1.327098e+01 -1.600000e+00
     vertex -4.458813e+00  1.327098e+01  0.000000e+00
     vertex -3.791767e+00  1.347674e+01 -1.600000e+00
   endloop
 endfacet
 facet normal -3.420201e-01  9.396926e-01  0.000000e+00
   outer loop
     vertex -5.114774e+00  1.303223e+01 -1.600000e+00
     vertex -4.458813e+00  1.327098e+01  0.000000e+00
     vertex -4.458813e+00  1.327098e+01 -1.600000e+00
   endloop
 endfacet
 facet normal -3.420201e-01  9.396926e-01  0.000000e+00
   outer loop
     vertex -5.114774e+00  1.303223e+01 -1.600000e+00
     vertex -5.114774e+00  1.303223e+01  0.000000e+00
     vertex -4.458813e+00  1.327098e+01  0.000000e+00
   endloop
 endfacet
 facet normal -3.884348e-01  9.214762e-01  0.000000e+00
   outer loop
     vertex -5.758019e+00  1.276108e+01 -1.600000e+00
     vertex -5.114774e+00  1.303223e+01  0.000000e+00
     vertex -5.114774e+00  1.303223e+01 -1.600000e+00
   endloop
 endfacet
 facet normal -3.884348e-01  9.214762e-01  0.000000e+00
   outer loop
     vertex -5.758019e+00  1.276108e+01 -1.600000e+00
     vertex -5.758019e+00  1.276108e+01  0.000000e+00
     vertex -5.114774e+00  1.303223e+01  0.000000e+00
   endloop
 endfacet
 facet normal -4.338837e-01  9.009689e-01  0.000000e+00
   outer loop
     vertex -6.386949e+00  1.245821e+01 -1.600000e+00
     vertex -5.758019e+00  1.276108e+01  0.000000e+00
     vertex -5.758019e+00  1.276108e+01 -1.600000e+00
   endloop
 endfacet
 facet normal -4.338837e-01  9.009689e-01  0.000000e+00
   outer loop
     vertex -6.386949e+00  1.245821e+01 -1.600000e+00
     vertex -6.386949e+00  1.245821e+01  0.000000e+00
     vertex -5.758019e+00  1.276108e+01  0.000000e+00
   endloop
 endfacet
 facet normal -4.782540e-01  8.782216e-01  0.000000e+00
   outer loop
     vertex -6.386949e+00  1.245821e+01 -1.600000e+00
     vertex -7.000000e+00  1.212436e+01  0.000000e+00
     vertex -6.386949e+00  1.245821e+01  0.000000e+00
   endloop
 endfacet
 facet normal -4.782540e-01  8.782216e-01  0.000000e+00
   outer loop
     vertex -7.000000e+00  1.212436e+01 -1.600000e+00
     vertex -7.000000e+00  1.212436e+01  0.000000e+00
     vertex -6.386949e+00  1.245821e+01 -1.600000e+00
   endloop
 endfacet
 facet normal -5.214352e-01  8.532909e-01  0.000000e+00
   outer loop
     vertex -7.595648e+00  1.176036e+01 -1.600000e+00
     vertex -7.000000e+00  1.212436e+01  0.000000e+00
     vertex -7.000000e+00  1.212436e+01 -1.600000e+00
   endloop
 endfacet
 facet normal -5.214352e-01  8.532909e-01  0.000000e+00
   outer loop
     vertex -7.595648e+00  1.176036e+01 -1.600000e+00
     vertex -7.595648e+00  1.176036e+01  0.000000e+00
     vertex -7.000000e+00  1.212436e+01  0.000000e+00
   endloop
 endfacet
 facet normal -5.633201e-01  8.262388e-01  0.000000e+00
   outer loop
     vertex -8.172411e+00  1.136713e+01 -1.600000e+00
     vertex -7.595648e+00  1.176036e+01  0.000000e+00
     vertex -7.595648e+00  1.176036e+01 -1.600000e+00
   endloop
 endfacet
 facet normal -5.633201e-01  8.262388e-01  0.000000e+00
   outer loop
     vertex -8.172411e+00  1.136713e+01 -1.600000e+00
     vertex -8.172411e+00  1.136713e+01  0.000000e+00
     vertex -7.595648e+00  1.176036e+01  0.000000e+00
   endloop
 endfacet
 facet normal -6.038044e-01  7.971325e-01  0.000000e+00
   outer loop
     vertex -8.728857e+00  1.094564e+01 -1.600000e+00
     vertex -8.172411e+00  1.136713e+01  0.000000e+00
     vertex -8.172411e+00  1.136713e+01 -1.600000e+00
   endloop
 endfacet
 facet normal -6.038044e-01  7.971325e-01  0.000000e+00
   outer loop
     vertex -8.728857e+00  1.094564e+01 -1.600000e+00
     vertex -8.728857e+00  1.094564e+01  0.000000e+00
     vertex -8.172411e+00  1.136713e+01  0.000000e+00
   endloop
 endfacet
 facet normal -6.427876e-01  7.660444e-01  0.000000e+00
   outer loop
     vertex -9.263602e+00  1.049694e+01 -1.600000e+00
     vertex -8.728857e+00  1.094564e+01  0.000000e+00
     vertex -8.728857e+00  1.094564e+01 -1.600000e+00
   endloop
 endfacet
 facet normal -6.427876e-01  7.660444e-01  0.000000e+00
   outer loop
     vertex -9.263602e+00  1.049694e+01 -1.600000e+00
     vertex -9.263602e+00  1.049694e+01  0.000000e+00
     vertex -8.728857e+00  1.094564e+01  0.000000e+00
   endloop
 endfacet
 facet normal -6.801727e-01  7.330519e-01  0.000000e+00
   outer loop
     vertex -9.263602e+00  1.049694e+01 -1.600000e+00
     vertex -9.775315e+00  1.002214e+01  0.000000e+00
     vertex -9.263602e+00  1.049694e+01  0.000000e+00
   endloop
 endfacet
 facet normal -6.801727e-01  7.330519e-01  0.000000e+00
   outer loop
     vertex -9.775315e+00  1.002214e+01 -1.600000e+00
     vertex -9.775315e+00  1.002214e+01  0.000000e+00
     vertex -9.263602e+00  1.049694e+01 -1.600000e+00
   endloop
 endfacet
 facet normal -7.158668e-01  6.982368e-01  0.000000e+00
   outer loop
     vertex -1.026273e+01  9.522418e+00 -1.600000e+00
     vertex -9.775315e+00  1.002214e+01  0.000000e+00
     vertex -9.775315e+00  1.002214e+01 -1.600000e+00
   endloop
 endfacet
 facet normal -7.158668e-01  6.982368e-01  0.000000e+00
   outer loop
     vertex -1.026273e+01  9.522418e+00 -1.600000e+00
     vertex -1.026273e+01  9.522418e+00  0.000000e+00
     vertex -9.775315e+00  1.002214e+01  0.000000e+00
   endloop
 endfacet
 facet normal -7.497812e-01  6.616858e-01  0.000000e+00
   outer loop
     vertex -1.072462e+01  8.999027e+00 -1.600000e+00
     vertex -1.072462e+01  8.999027e+00  0.000000e+00
     vertex -1.026273e+01  9.522418e+00  0.000000e+00
   endloop
 endfacet
 facet normal -7.497812e-01  6.616858e-01  0.000000e+00
   outer loop
     vertex -1.072462e+01  8.999027e+00 -1.600000e+00
     vertex -1.026273e+01  9.522418e+00  0.000000e+00
     vertex -1.026273e+01  9.522418e+00 -1.600000e+00
   endloop
 endfacet
 facet normal -7.818315e-01  6.234898e-01  0.000000e+00
   outer loop
     vertex -1.072462e+01  8.999027e+00 -1.600000e+00
     vertex -1.115986e+01  8.453262e+00  0.000000e+00
     vertex -1.072462e+01  8.999027e+00  0.000000e+00
   endloop
 endfacet
 facet normal -7.818315e-01  6.234898e-01  0.000000e+00
   outer loop
     vertex -1.115986e+01  8.453262e+00 -1.600000e+00
     vertex -1.115986e+01  8.453262e+00  0.000000e+00
     vertex -1.072462e+01  8.999027e+00 -1.600000e+00
   endloop
 endfacet
 facet normal -8.119380e-01  5.837437e-01  0.000000e+00
   outer loop
     vertex -1.156734e+01  7.886481e+00 -1.600000e+00
     vertex -1.156734e+01  7.886481e+00  0.000000e+00
     vertex -1.115986e+01  8.453262e+00  0.000000e+00
   endloop
 endfacet
 facet normal -8.119380e-01  5.837437e-01  0.000000e+00
   outer loop
     vertex -1.156734e+01  7.886481e+00 -1.600000e+00
     vertex -1.115986e+01  8.453262e+00  0.000000e+00
     vertex -1.115986e+01  8.453262e+00 -1.600000e+00
   endloop
 endfacet
 facet normal -8.400259e-01  5.425463e-01  0.000000e+00
   outer loop
     vertex -1.194607e+01  7.300093e+00 -1.600000e+00
     vertex -1.194607e+01  7.300093e+00  0.000000e+00
     vertex -1.156734e+01  7.886481e+00  0.000000e+00
   endloop
 endfacet
 facet normal -8.400259e-01  5.425463e-01  0.000000e+00
   outer loop
     vertex -1.194607e+01  7.300093e+00 -1.600000e+00
     vertex -1.156734e+01  7.886481e+00  0.000000e+00
     vertex -1.156734e+01  7.886481e+00 -1.600000e+00
   endloop
 endfacet
 facet normal -8.660254e-01  5.000000e-01  0.000000e+00
   outer loop
     vertex -1.229510e+01  6.695556e+00 -1.600000e+00
     vertex -1.229510e+01  6.695556e+00  0.000000e+00
     vertex -1.194607e+01  7.300093e+00  0.000000e+00
   endloop
 endfacet
 facet normal -8.660254e-01  5.000000e-01  0.000000e+00
   outer loop
     vertex -1.229510e+01  6.695556e+00 -1.600000e+00
     vertex -1.194607e+01  7.300093e+00  0.000000e+00
     vertex -1.194607e+01  7.300093e+00 -1.600000e+00
   endloop
 endfacet
 facet normal -8.898718e-01  4.562107e-01  0.000000e+00
   outer loop
     vertex -1.261356e+01  6.074372e+00 -1.600000e+00
     vertex -1.261356e+01  6.074372e+00  0.000000e+00
     vertex -1.229510e+01  6.695556e+00  0.000000e+00
   endloop
 endfacet
 facet normal -9.115059e-01  4.112871e-01  0.000000e+00
   outer loop
     vertex -1.261356e+01  6.074372e+00 -1.600000e+00
     vertex -1.290067e+01  5.438087e+00  0.000000e+00
     vertex -1.261356e+01  6.074372e+00  0.000000e+00
   endloop
 endfacet
 facet normal -8.898718e-01  4.562107e-01  0.000000e+00
   outer loop
     vertex -1.261356e+01  6.074372e+00 -1.600000e+00
     vertex -1.229510e+01  6.695556e+00  0.000000e+00
     vertex -1.229510e+01  6.695556e+00 -1.600000e+00
   endloop
 endfacet
 facet normal -9.115059e-01  4.112871e-01  0.000000e+00
   outer loop
     vertex -1.290067e+01  5.438087e+00 -1.600000e+00
     vertex -1.290067e+01  5.438087e+00  0.000000e+00
     vertex -1.261356e+01  6.074372e+00 -1.600000e+00
   endloop
 endfacet
 facet normal -9.308737e-01  3.653410e-01  0.000000e+00
   outer loop
     vertex -1.315570e+01  4.788282e+00 -1.600000e+00
     vertex -1.315570e+01  4.788282e+00  0.000000e+00
     vertex -1.290067e+01  5.438087e+00  0.000000e+00
   endloop
 endfacet
 facet normal -9.479273e-01  3.184867e-01  0.000000e+00
   outer loop
     vertex -1.315570e+01  4.788282e+00 -1.600000e+00
     vertex -1.337802e+01  4.126572e+00  0.000000e+00
     vertex -1.315570e+01  4.788282e+00  0.000000e+00
   endloop
 endfacet
 facet normal -9.308737e-01  3.653410e-01  0.000000e+00
   outer loop
     vertex -1.315570e+01  4.788282e+00 -1.600000e+00
     vertex -1.290067e+01  5.438087e+00  0.000000e+00
     vertex -1.290067e+01  5.438087e+00 -1.600000e+00
   endloop
 endfacet
 facet normal -9.479273e-01  3.184867e-01  0.000000e+00
   outer loop
     vertex -1.337802e+01  4.126572e+00 -1.600000e+00
     vertex -1.337802e+01  4.126572e+00  0.000000e+00
     vertex -1.315570e+01  4.788282e+00 -1.600000e+00
   endloop
 endfacet
 facet normal -9.626242e-01  2.708405e-01  0.000000e+00
   outer loop
     vertex -1.356708e+01  3.454604e+00 -1.600000e+00
     vertex -1.356708e+01  3.454604e+00  0.000000e+00
     vertex -1.337802e+01  4.126572e+00  0.000000e+00
   endloop
 endfacet
 facet normal -9.626242e-01  2.708405e-01  0.000000e+00
   outer loop
     vertex -1.356708e+01  3.454604e+00 -1.600000e+00
     vertex -1.337802e+01  4.126572e+00  0.000000e+00
     vertex -1.337802e+01  4.126572e+00 -1.600000e+00
   endloop
 endfacet
 facet normal -9.749279e-01  2.225209e-01  0.000000e+00
   outer loop
     vertex -1.372241e+01  2.774046e+00 -1.600000e+00
     vertex -1.372241e+01  2.774046e+00  0.000000e+00
     vertex -1.356708e+01  3.454604e+00  0.000000e+00
   endloop
 endfacet
 facet normal -9.749279e-01  2.225209e-01  0.000000e+00
   outer loop
     vertex -1.372241e+01  2.774046e+00 -1.600000e+00
     vertex -1.356708e+01  3.454604e+00  0.000000e+00
     vertex -1.356708e+01  3.454604e+00 -1.600000e+00
   endloop
 endfacet
 facet normal -9.848078e-01  1.736482e-01  0.000000e+00
   outer loop
     vertex -1.384363e+01  2.086592e+00 -1.600000e+00
     vertex -1.384363e+01  2.086592e+00  0.000000e+00
     vertex -1.372241e+01  2.774046e+00  0.000000e+00
   endloop
 endfacet
 facet normal -9.848078e-01  1.736482e-01  0.000000e+00
   outer loop
     vertex -1.384363e+01  2.086592e+00 -1.600000e+00
     vertex -1.372241e+01  2.774046e+00  0.000000e+00
     vertex -1.372241e+01  2.774046e+00 -1.600000e+00
   endloop
 endfacet
 facet normal -9.922392e-01  1.243437e-01  0.000000e+00
   outer loop
     vertex -1.393043e+01  1.393950e+00 -1.600000e+00
     vertex -1.393043e+01  1.393950e+00  0.000000e+00
     vertex -1.384363e+01  2.086592e+00  0.000000e+00
   endloop
 endfacet
 facet normal -9.922392e-01  1.243437e-01  0.000000e+00
   outer loop
     vertex -1.393043e+01  1.393950e+00 -1.600000e+00
     vertex -1.384363e+01  2.086592e+00  0.000000e+00
     vertex -1.384363e+01  2.086592e+00 -1.600000e+00
   endloop
 endfacet
 facet normal -9.972038e-01  7.473009e-02  0.000000e+00
   outer loop
     vertex -1.398260e+01  6.978424e-01 -1.600000e+00
     vertex -1.393043e+01  1.393950e+00  0.000000e+00
     vertex -1.393043e+01  1.393950e+00 -1.600000e+00
   endloop
 endfacet
 facet normal -9.972038e-01  7.473009e-02  0.000000e+00
   outer loop
     vertex -1.398260e+01  6.978424e-01 -1.600000e+00
     vertex -1.398260e+01  6.978424e-01  0.000000e+00
     vertex -1.393043e+01  1.393950e+00  0.000000e+00
   endloop
 endfacet
 facet normal -9.996892e-01  2.493069e-02  0.000000e+00
   outer loop
     vertex -1.400000e+01 -4.802349e-14 -1.600000e+00
     vertex -1.398260e+01  6.978424e-01  0.000000e+00
     vertex -1.398260e+01  6.978424e-01 -1.600000e+00
   endloop
 endfacet
 facet normal -9.996892e-01  2.493069e-02  0.000000e+00
   outer loop
     vertex -1.400000e+01 -4.802349e-14 -1.600000e+00
     vertex -1.400000e+01 -4.802349e-14  0.000000e+00
     vertex -1.398260e+01  6.978424e-01  0.000000e+00
   endloop
 endfacet
 facet normal -9.996892e-01 -2.493069e-02  0.000000e+00
   outer loop
     vertex -1.398260e+01 -6.978424e-01 -1.600000e+00
     vertex -1.400000e+01 -4.802349e-14  0.000000e+00
     vertex -1.400000e+01 -4.802349e-14 -1.600000e+00
   endloop
 endfacet
 facet normal -9.996892e-01 -2.493069e-02  0.000000e+00
   outer loop
     vertex -1.398260e+01 -6.978424e-01 -1.600000e+00
     vertex -1.398260e+01 -6.978424e-01  0.000000e+00
     vertex -1.400000e+01 -4.802349e-14  0.000000e+00
   endloop
 endfacet
 facet normal -9.972038e-01 -7.473009e-02  0.000000e+00
   outer loop
     vertex -1.393043e+01 -1.393950e+00 -1.600000e+00
     vertex -1.398260e+01 -6.978424e-01  0.000000e+00
     vertex -1.398260e+01 -6.978424e-01 -1.600000e+00
   endloop
 endfacet
 facet normal -9.972038e-01 -7.473009e-02  0.000000e+00
   outer loop
     vertex -1.393043e+01 -1.393950e+00 -1.600000e+00
     vertex -1.393043e+01 -1.393950e+00  0.000000e+00
     vertex -1.398260e+01 -6.978424e-01  0.000000e+00
   endloop
 endfacet
 facet normal -9.922392e-01 -1.243437e-01  0.000000e+00
   outer loop
     vertex -1.384363e+01 -2.086592e+00 -1.600000e+00
     vertex -1.393043e+01 -1.393950e+00  0.000000e+00
     vertex -1.393043e+01 -1.393950e+00 -1.600000e+00
   endloop
 endfacet
 facet normal -9.922392e-01 -1.243437e-01  0.000000e+00
   outer loop
     vertex -1.384363e+01 -2.086592e+00 -1.600000e+00
     vertex -1.384363e+01 -2.086592e+00  0.000000e+00
     vertex -1.393043e+01 -1.393950e+00  0.000000e+00
   endloop
 endfacet
 facet normal -9.848078e-01 -1.736482e-01  0.000000e+00
   outer loop
     vertex -1.372241e+01 -2.774046e+00 -1.600000e+00
     vertex -1.384363e+01 -2.086592e+00  0.000000e+00
     vertex -1.384363e+01 -2.086592e+00 -1.600000e+00
   endloop
 endfacet
 facet normal -9.848078e-01 -1.736482e-01  0.000000e+00
   outer loop
     vertex -1.372241e+01 -2.774046e+00 -1.600000e+00
     vertex -1.372241e+01 -2.774046e+00  0.000000e+00
     vertex -1.384363e+01 -2.086592e+00  0.000000e+00
   endloop
 endfacet
 facet normal -9.749279e-01 -2.225209e-01  0.000000e+00
   outer loop
     vertex -1.356708e+01 -3.454604e+00 -1.600000e+00
     vertex -1.372241e+01 -2.774046e+00  0.000000e+00
     vertex -1.372241e+01 -2.774046e+00 -1.600000e+00
   endloop
 endfacet
 facet normal -9.749279e-01 -2.225209e-01  0.000000e+00
   outer loop
     vertex -1.356708e+01 -3.454604e+00 -1.600000e+00
     vertex -1.356708e+01 -3.454604e+00  0.000000e+00
     vertex -1.372241e+01 -2.774046e+00  0.000000e+00
   endloop
 endfacet
 facet normal -9.626242e-01 -2.708405e-01  0.000000e+00
   outer loop
     vertex -1.337802e+01 -4.126572e+00 -1.600000e+00
     vertex -1.356708e+01 -3.454604e+00  0.000000e+00
     vertex -1.356708e+01 -3.454604e+00 -1.600000e+00
   endloop
 endfacet
 facet normal -9.626242e-01 -2.708405e-01  0.000000e+00
   outer loop
     vertex -1.337802e+01 -4.126572e+00 -1.600000e+00
     vertex -1.337802e+01 -4.126572e+00  0.000000e+00
     vertex -1.356708e+01 -3.454604e+00  0.000000e+00
   endloop
 endfacet
 facet normal -9.479273e-01 -3.184867e-01  0.000000e+00
   outer loop
     vertex -1.337802e+01 -4.126572e+00 -1.600000e+00
     vertex -1.315570e+01 -4.788282e+00  0.000000e+00
     vertex -1.337802e+01 -4.126572e+00  0.000000e+00
   endloop
 endfacet
 facet normal -9.479273e-01 -3.184867e-01  0.000000e+00
   outer loop
     vertex -1.315570e+01 -4.788282e+00 -1.600000e+00
     vertex -1.315570e+01 -4.788282e+00  0.000000e+00
     vertex -1.337802e+01 -4.126572e+00 -1.600000e+00
   endloop
 endfacet
 facet normal -9.308737e-01 -3.653410e-01  0.000000e+00
   outer loop
     vertex -1.290067e+01 -5.438087e+00 -1.600000e+00
     vertex -1.315570e+01 -4.788282e+00  0.000000e+00
     vertex -1.315570e+01 -4.788282e+00 -1.600000e+00
   endloop
 endfacet
 facet normal -9.308737e-01 -3.653410e-01  0.000000e+00
   outer loop
     vertex -1.290067e+01 -5.438087e+00 -1.600000e+00
     vertex -1.290067e+01 -5.438087e+00  0.000000e+00
     vertex -1.315570e+01 -4.788282e+00  0.000000e+00
   endloop
 endfacet
 facet normal -9.115059e-01 -4.112871e-01  0.000000e+00
   outer loop
     vertex -1.261356e+01 -6.074372e+00 -1.600000e+00
     vertex -1.290067e+01 -5.438087e+00  0.000000e+00
     vertex -1.290067e+01 -5.438087e+00 -1.600000e+00
   endloop
 endfacet
 facet normal -9.115059e-01 -4.112871e-01  0.000000e+00
   outer loop
     vertex -1.261356e+01 -6.074372e+00 -1.600000e+00
     vertex -1.261356e+01 -6.074372e+00  0.000000e+00
     vertex -1.290067e+01 -5.438087e+00  0.000000e+00
   endloop
 endfacet
 facet normal -8.898718e-01 -4.562107e-01  0.000000e+00
   outer loop
     vertex -1.229510e+01 -6.695556e+00 -1.600000e+00
     vertex -1.261356e+01 -6.074372e+00  0.000000e+00
     vertex -1.261356e+01 -6.074372e+00 -1.600000e+00
   endloop
 endfacet
 facet normal -8.898718e-01 -4.562107e-01  0.000000e+00
   outer loop
     vertex -1.229510e+01 -6.695556e+00 -1.600000e+00
     vertex -1.229510e+01 -6.695556e+00  0.000000e+00
     vertex -1.261356e+01 -6.074372e+00  0.000000e+00
   endloop
 endfacet
 facet normal -8.660254e-01 -5.000000e-01  0.000000e+00
   outer loop
     vertex -1.194607e+01 -7.300093e+00 -1.600000e+00
     vertex -1.229510e+01 -6.695556e+00  0.000000e+00
     vertex -1.229510e+01 -6.695556e+00 -1.600000e+00
   endloop
 endfacet
 facet normal -8.660254e-01 -5.000000e-01  0.000000e+00
   outer loop
     vertex -1.194607e+01 -7.300093e+00 -1.600000e+00
     vertex -1.194607e+01 -7.300093e+00  0.000000e+00
     vertex -1.229510e+01 -6.695556e+00  0.000000e+00
   endloop
 endfacet
 facet normal -8.400259e-01 -5.425463e-01  0.000000e+00
   outer loop
     vertex -1.156734e+01 -7.886481e+00 -1.600000e+00
     vertex -1.194607e+01 -7.300093e+00  0.000000e+00
     vertex -1.194607e+01 -7.300093e+00 -1.600000e+00
   endloop
 endfacet
 facet normal -8.400259e-01 -5.425463e-01  0.000000e+00
   outer loop
     vertex -1.156734e+01 -7.886481e+00 -1.600000e+00
     vertex -1.156734e+01 -7.886481e+00  0.000000e+00
     vertex -1.194607e+01 -7.300093e+00  0.000000e+00
   endloop
 endfacet
 facet normal -8.119380e-01 -5.837437e-01  0.000000e+00
   outer loop
     vertex -1.115986e+01 -8.453262e+00 -1.600000e+00
     vertex -1.156734e+01 -7.886481e+00  0.000000e+00
     vertex -1.156734e+01 -7.886481e+00 -1.600000e+00
   endloop
 endfacet
 facet normal -8.119380e-01 -5.837437e-01  0.000000e+00
   outer loop
     vertex -1.115986e+01 -8.453262e+00 -1.600000e+00
     vertex -1.115986e+01 -8.453262e+00  0.000000e+00
     vertex -1.156734e+01 -7.886481e+00  0.000000e+00
   endloop
 endfacet
 facet normal -7.818315e-01 -6.234898e-01  0.000000e+00
   outer loop
     vertex -1.072462e+01 -8.999027e+00 -1.600000e+00
     vertex -1.115986e+01 -8.453262e+00  0.000000e+00
     vertex -1.115986e+01 -8.453262e+00 -1.600000e+00
   endloop
 endfacet
 facet normal -7.818315e-01 -6.234898e-01  0.000000e+00
   outer loop
     vertex -1.072462e+01 -8.999027e+00 -1.600000e+00
     vertex -1.072462e+01 -8.999027e+00  0.000000e+00
     vertex -1.115986e+01 -8.453262e+00  0.000000e+00
   endloop
 endfacet
 facet normal -7.497812e-01 -6.616858e-01  0.000000e+00
   outer loop
     vertex -1.026273e+01 -9.522418e+00 -1.600000e+00
     vertex -1.072462e+01 -8.999027e+00  0.000000e+00
     vertex -1.072462e+01 -8.999027e+00 -1.600000e+00
   endloop
 endfacet
 facet normal -7.497812e-01 -6.616858e-01  0.000000e+00
   outer loop
     vertex -1.026273e+01 -9.522418e+00 -1.600000e+00
     vertex -1.026273e+01 -9.522418e+00  0.000000e+00
     vertex -1.072462e+01 -8.999027e+00  0.000000e+00
   endloop
 endfacet
 facet normal -7.158668e-01 -6.982368e-01  0.000000e+00
   outer loop
     vertex -9.775315e+00 -1.002214e+01 -1.600000e+00
     vertex -1.026273e+01 -9.522418e+00  0.000000e+00
     vertex -1.026273e+01 -9.522418e+00 -1.600000e+00
   endloop
 endfacet
 facet normal -7.158668e-01 -6.982368e-01  0.000000e+00
   outer loop
     vertex -9.775315e+00 -1.002214e+01 -1.600000e+00
     vertex -9.775315e+00 -1.002214e+01  0.000000e+00
     vertex -1.026273e+01 -9.522418e+00  0.000000e+00
   endloop
 endfacet
 facet normal -6.801727e-01 -7.330519e-01  0.000000e+00
   outer loop
     vertex -9.263602e+00 -1.049694e+01 -1.600000e+00
     vertex -9.775315e+00 -1.002214e+01  0.000000e+00
     vertex -9.775315e+00 -1.002214e+01 -1.600000e+00
   endloop
 endfacet
 facet normal -6.801727e-01 -7.330519e-01  0.000000e+00
   outer loop
     vertex -9.263602e+00 -1.049694e+01 -1.600000e+00
     vertex -9.263602e+00 -1.049694e+01  0.000000e+00
     vertex -9.775315e+00 -1.002214e+01  0.000000e+00
   endloop
 endfacet
 facet normal -6.427876e-01 -7.660444e-01  0.000000e+00
   outer loop
     vertex -8.728857e+00 -1.094564e+01 -1.600000e+00
     vertex -9.263602e+00 -1.049694e+01  0.000000e+00
     vertex -9.263602e+00 -1.049694e+01 -1.600000e+00
   endloop
 endfacet
 facet normal -6.427876e-01 -7.660444e-01  0.000000e+00
   outer loop
     vertex -8.728857e+00 -1.094564e+01 -1.600000e+00
     vertex -8.728857e+00 -1.094564e+01  0.000000e+00
     vertex -9.263602e+00 -1.049694e+01  0.000000e+00
   endloop
 endfacet
 facet normal -6.038044e-01 -7.971325e-01  0.000000e+00
   outer loop
     vertex -8.172411e+00 -1.136713e+01 -1.600000e+00
     vertex -8.172411e+00 -1.136713e+01  0.000000e+00
     vertex -8.728857e+00 -1.094564e+01  0.000000e+00
   endloop
 endfacet
 facet normal -6.038044e-01 -7.971325e-01  0.000000e+00
   outer loop
     vertex -8.172411e+00 -1.136713e+01 -1.600000e+00
     vertex -8.728857e+00 -1.094564e+01  0.000000e+00
     vertex -8.728857e+00 -1.094564e+01 -1.600000e+00
   endloop
 endfacet
 facet normal -5.633201e-01 -8.262388e-01  0.000000e+00
   outer loop
     vertex -7.595648e+00 -1.176036e+01 -1.600000e+00
     vertex -7.595648e+00 -1.176036e+01  0.000000e+00
     vertex -8.172411e+00 -1.136713e+01  0.000000e+00
   endloop
 endfacet
 facet normal -5.633201e-01 -8.262388e-01  0.000000e+00
   outer loop
     vertex -7.595648e+00 -1.176036e+01 -1.600000e+00
     vertex -8.172411e+00 -1.136713e+01  0.000000e+00
     vertex -8.172411e+00 -1.136713e+01 -1.600000e+00
   endloop
 endfacet
 facet normal -5.214352e-01 -8.532909e-01  0.000000e+00
   outer loop
     vertex -7.000000e+00 -1.212436e+01 -1.600000e+00
     vertex -7.000000e+00 -1.212436e+01  0.000000e+00
     vertex -7.595648e+00 -1.176036e+01  0.000000e+00
   endloop
 endfacet
 facet normal -5.214352e-01 -8.532909e-01  0.000000e+00
   outer loop
     vertex -7.000000e+00 -1.212436e+01 -1.600000e+00
     vertex -7.595648e+00 -1.176036e+01  0.000000e+00
     vertex -7.595648e+00 -1.176036e+01 -1.600000e+00
   endloop
 endfacet
 facet normal -4.782540e-01 -8.782216e-01  0.000000e+00
   outer loop
     vertex -6.386949e+00 -1.245821e+01 -1.600000e+00
     vertex -6.386949e+00 -1.245821e+01  0.000000e+00
     vertex -7.000000e+00 -1.212436e+01  0.000000e+00
   endloop
 endfacet
 facet normal -4.782540e-01 -8.782216e-01  0.000000e+00
   outer loop
     vertex -6.386949e+00 -1.245821e+01 -1.600000e+00
     vertex -7.000000e+00 -1.212436e+01  0.000000e+00
     vertex -7.000000e+00 -1.212436e+01 -1.600000e+00
   endloop
 endfacet
 facet normal -4.338837e-01 -9.009689e-01  0.000000e+00
   outer loop
     vertex -5.758019e+00 -1.276108e+01 -1.600000e+00
     vertex -5.758019e+00 -1.276108e+01  0.000000e+00
     vertex -6.386949e+00 -1.245821e+01  0.000000e+00
   endloop
 endfacet
 facet normal -4.338837e-01 -9.009689e-01  0.000000e+00
   outer loop
     vertex -5.758019e+00 -1.276108e+01 -1.600000e+00
     vertex -6.386949e+00 -1.245821e+01  0.000000e+00
     vertex -6.386949e+00 -1.245821e+01 -1.600000e+00
   endloop
 endfacet
 facet normal -3.884348e-01 -9.214762e-01  0.000000e+00
   outer loop
     vertex -5.114774e+00 -1.303223e+01 -1.600000e+00
     vertex -5.758019e+00 -1.276108e+01  0.000000e+00
     vertex -5.758019e+00 -1.276108e+01 -1.600000e+00
   endloop
 endfacet
 facet normal -3.884348e-01 -9.214762e-01  0.000000e+00
   outer loop
     vertex -5.114774e+00 -1.303223e+01 -1.600000e+00
     vertex -5.114774e+00 -1.303223e+01  0.000000e+00
     vertex -5.758019e+00 -1.276108e+01  0.000000e+00
   endloop
 endfacet
 facet normal -3.420201e-01 -9.396926e-01  0.000000e+00
   outer loop
     vertex -4.458813e+00 -1.327098e+01 -1.600000e+00
     vertex -5.114774e+00 -1.303223e+01  0.000000e+00
     vertex -5.114774e+00 -1.303223e+01 -1.600000e+00
   endloop
 endfacet
 facet normal -3.420201e-01 -9.396926e-01  0.000000e+00
   outer loop
     vertex -4.458813e+00 -1.327098e+01 -1.600000e+00
     vertex -4.458813e+00 -1.327098e+01  0.000000e+00
     vertex -5.114774e+00 -1.303223e+01  0.000000e+00
   endloop
 endfacet
 facet normal -2.947552e-01 -9.555728e-01  0.000000e+00
   outer loop
     vertex -3.791767e+00 -1.347674e+01 -1.600000e+00
     vertex -4.458813e+00 -1.327098e+01  0.000000e+00
     vertex -4.458813e+00 -1.327098e+01 -1.600000e+00
   endloop
 endfacet
 facet normal -2.947552e-01 -9.555728e-01  0.000000e+00
   outer loop
     vertex -3.791767e+00 -1.347674e+01 -1.600000e+00
     vertex -3.791767e+00 -1.347674e+01  0.000000e+00
     vertex -4.458813e+00 -1.327098e+01  0.000000e+00
   endloop
 endfacet
 facet normal -2.467574e-01 -9.690773e-01  0.000000e+00
   outer loop
     vertex -3.115293e+00 -1.364899e+01 -1.600000e+00
     vertex -3.791767e+00 -1.347674e+01  0.000000e+00
     vertex -3.791767e+00 -1.347674e+01 -1.600000e+00
   endloop
 endfacet
 facet normal -2.467574e-01 -9.690773e-01  0.000000e+00
   outer loop
     vertex -3.115293e+00 -1.364899e+01 -1.600000e+00
     vertex -3.115293e+00 -1.364899e+01  0.000000e+00
     vertex -3.791767e+00 -1.347674e+01  0.000000e+00
   endloop
 endfacet
 facet normal -1.981461e-01 -9.801725e-01  0.000000e+00
   outer loop
     vertex -2.431074e+00 -1.378731e+01 -1.600000e+00
     vertex -3.115293e+00 -1.364899e+01  0.000000e+00
     vertex -3.115293e+00 -1.364899e+01 -1.600000e+00
   endloop
 endfacet
 facet normal -1.981461e-01 -9.801725e-01  0.000000e+00
   outer loop
     vertex -2.431074e+00 -1.378731e+01 -1.600000e+00
     vertex -2.431074e+00 -1.378731e+01  0.000000e+00
     vertex -3.115293e+00 -1.364899e+01  0.000000e+00
   endloop
 endfacet
 facet normal -1.490423e-01 -9.888308e-01  0.000000e+00
   outer loop
     vertex -1.740812e+00 -1.389135e+01 -1.600000e+00
     vertex -2.431074e+00 -1.378731e+01  0.000000e+00
     vertex -2.431074e+00 -1.378731e+01 -1.600000e+00
   endloop
 endfacet
 facet normal -1.490423e-01 -9.888308e-01  0.000000e+00
   outer loop
     vertex -1.740812e+00 -1.389135e+01 -1.600000e+00
     vertex -1.740812e+00 -1.389135e+01  0.000000e+00
     vertex -2.431074e+00 -1.378731e+01  0.000000e+00
   endloop
 endfacet
 facet normal -9.956785e-02 -9.950308e-01  0.000000e+00
   outer loop
     vertex -1.046221e+00 -1.396085e+01 -1.600000e+00
     vertex -1.740812e+00 -1.389135e+01  0.000000e+00
     vertex -1.740812e+00 -1.389135e+01 -1.600000e+00
   endloop
 endfacet
 facet normal -9.956785e-02 -9.950308e-01  0.000000e+00
   outer loop
     vertex -1.046221e+00 -1.396085e+01 -1.600000e+00
     vertex -1.046221e+00 -1.396085e+01  0.000000e+00
     vertex -1.740812e+00 -1.389135e+01  0.000000e+00
   endloop
 endfacet
 facet normal -4.984589e-02 -9.987569e-01  0.000000e+00
   outer loop
     vertex -3.490297e-01 -1.399565e+01 -1.600000e+00
     vertex -1.046221e+00 -1.396085e+01  0.000000e+00
     vertex -1.046221e+00 -1.396085e+01 -1.600000e+00
   endloop
 endfacet
 facet normal -4.984589e-02 -9.987569e-01  0.000000e+00
   outer loop
     vertex -3.490297e-01 -1.399565e+01 -1.600000e+00
     vertex -3.490297e-01 -1.399565e+01  0.000000e+00
     vertex -1.046221e+00 -1.396085e+01  0.000000e+00
   endloop
 endfacet
 facet normal  1.017883e-14 -1.000000e+00  0.000000e+00
   outer loop
     vertex  3.490297e-01 -1.399565e+01 -1.600000e+00
     vertex -3.490297e-01 -1.399565e+01  0.000000e+00
     vertex -3.490297e-01 -1.399565e+01 -1.600000e+00
   endloop
 endfacet
 facet normal  1.017883e-14 -1.000000e+00  0.000000e+00
   outer loop
     vertex  3.490297e-01 -1.399565e+01 -1.600000e+00
     vertex  3.490297e-01 -1.399565e+01  0.000000e+00
     vertex -3.490297e-01 -1.399565e+01  0.000000e+00
   endloop
 endfacet
 facet normal  4.984589e-02 -9.987569e-01  0.000000e+00
   outer loop
     vertex  1.046221e+00 -1.396085e+01 -1.600000e+00
     vertex  3.490297e-01 -1.399565e+01  0.000000e+00
     vertex  3.490297e-01 -1.399565e+01 -1.600000e+00
   endloop
 endfacet
 facet normal  4.984589e-02 -9.987569e-01  0.000000e+00
   outer loop
     vertex  1.046221e+00 -1.396085e+01 -1.600000e+00
     vertex  1.046221e+00 -1.396085e+01  0.000000e+00
     vertex  3.490297e-01 -1.399565e+01  0.000000e+00
   endloop
 endfacet
 facet normal  9.956785e-02 -9.950308e-01  0.000000e+00
   outer loop
     vertex  1.740812e+00 -1.389135e+01 -1.600000e+00
     vertex  1.046221e+00 -1.396085e+01  0.000000e+00
     vertex  1.046221e+00 -1.396085e+01 -1.600000e+00
   endloop
 endfacet
 facet normal  9.956785e-02 -9.950308e-01  0.000000e+00
   outer loop
     vertex  1.740812e+00 -1.389135e+01 -1.600000e+00
     vertex  1.740812e+00 -1.389135e+01  0.000000e+00
     vertex  1.046221e+00 -1.396085e+01  0.000000e+00
   endloop
 endfacet
 facet normal  1.490423e-01 -9.888308e-01  0.000000e+00
   outer loop
     vertex  2.431074e+00 -1.378731e+01 -1.600000e+00
     vertex  1.740812e+00 -1.389135e+01  0.000000e+00
     vertex  1.740812e+00 -1.389135e+01 -1.600000e+00
   endloop
 endfacet
 facet normal  1.490423e-01 -9.888308e-01  0.000000e+00
   outer loop
     vertex  2.431074e+00 -1.378731e+01 -1.600000e+00
     vertex  2.431074e+00 -1.378731e+01  0.000000e+00
     vertex  1.740812e+00 -1.389135e+01  0.000000e+00
   endloop
 endfacet
 facet normal  1.981461e-01 -9.801725e-01  0.000000e+00
   outer loop
     vertex  3.115293e+00 -1.364899e+01 -1.600000e+00
     vertex  2.431074e+00 -1.378731e+01  0.000000e+00
     vertex  2.431074e+00 -1.378731e+01 -1.600000e+00
   endloop
 endfacet
 facet normal  1.981461e-01 -9.801725e-01  0.000000e+00
   outer loop
     vertex  3.115293e+00 -1.364899e+01 -1.600000e+00
     vertex  3.115293e+00 -1.364899e+01  0.000000e+00
     vertex  2.431074e+00 -1.378731e+01  0.000000e+00
   endloop
 endfacet
 facet normal  2.467574e-01 -9.690773e-01  0.000000e+00
   outer loop
     vertex  3.791767e+00 -1.347674e+01 -1.600000e+00
     vertex  3.791767e+00 -1.347674e+01  0.000000e+00
     vertex  3.115293e+00 -1.364899e+01  0.000000e+00
   endloop
 endfacet
 facet normal  2.467574e-01 -9.690773e-01  0.000000e+00
   outer loop
     vertex  3.791767e+00 -1.347674e+01 -1.600000e+00
     vertex  3.115293e+00 -1.364899e+01  0.000000e+00
     vertex  3.115293e+00 -1.364899e+01 -1.600000e+00
   endloop
 endfacet
 facet normal  2.947552e-01 -9.555728e-01  0.000000e+00
   outer loop
     vertex  4.458813e+00 -1.327098e+01 -1.600000e+00
     vertex  4.458813e+00 -1.327098e+01  0.000000e+00
     vertex  3.791767e+00 -1.347674e+01  0.000000e+00
   endloop
 endfacet
 facet normal  2.947552e-01 -9.555728e-01  0.000000e+00
   outer loop
     vertex  4.458813e+00 -1.327098e+01 -1.600000e+00
     vertex  3.791767e+00 -1.347674e+01  0.000000e+00
     vertex  3.791767e+00 -1.347674e+01 -1.600000e+00
   endloop
 endfacet
 facet normal  3.420201e-01 -9.396926e-01  0.000000e+00
   outer loop
     vertex  5.114774e+00 -1.303223e+01 -1.600000e+00
     vertex  5.114774e+00 -1.303223e+01  0.000000e+00
     vertex  4.458813e+00 -1.327098e+01  0.000000e+00
   endloop
 endfacet
 facet normal  3.420201e-01 -9.396926e-01  0.000000e+00
   outer loop
     vertex  5.114774e+00 -1.303223e+01 -1.600000e+00
     vertex  4.458813e+00 -1.327098e+01  0.000000e+00
     vertex  4.458813e+00 -1.327098e+01 -1.600000e+00
   endloop
 endfacet
 facet normal  3.884348e-01 -9.214762e-01  0.000000e+00
   outer loop
     vertex  5.758019e+00 -1.276108e+01 -1.600000e+00
     vertex  5.758019e+00 -1.276108e+01  0.000000e+00
     vertex  5.114774e+00 -1.303223e+01  0.000000e+00
   endloop
 endfacet
 facet normal  3.884348e-01 -9.214762e-01  0.000000e+00
   outer loop
     vertex  5.758019e+00 -1.276108e+01 -1.600000e+00
     vertex  5.114774e+00 -1.303223e+01  0.000000e+00
     vertex  5.114774e+00 -1.303223e+01 -1.600000e+00
   endloop
 endfacet
 facet normal  4.338837e-01 -9.009689e-01  0.000000e+00
   outer loop
     vertex  6.386949e+00 -1.245821e+01 -1.600000e+00
     vertex  6.386949e+00 -1.245821e+01  0.000000e+00
     vertex  5.758019e+00 -1.276108e+01  0.000000e+00
   endloop
 endfacet
 facet normal  4.338837e-01 -9.009689e-01  0.000000e+00
   outer loop
     vertex  6.386949e+00 -1.245821e+01 -1.600000e+00
     vertex  5.758019e+00 -1.276108e+01  0.000000e+00
     vertex  5.758019e+00 -1.276108e+01 -1.600000e+00
   endloop
 endfacet
 facet normal  4.782540e-01 -8.782216e-01  0.000000e+00
   outer loop
     vertex  7.000000e+00 -1.212436e+01 -1.600000e+00
     vertex  7.000000e+00 -1.212436e+01  0.000000e+00
     vertex  6.386949e+00 -1.245821e+01  0.000000e+00
   endloop
 endfacet
 facet normal  4.782540e-01 -8.782216e-01  0.000000e+00
   outer loop
     vertex  7.000000e+00 -1.212436e+01 -1.600000e+00
     vertex  6.386949e+00 -1.245821e+01  0.000000e+00
     vertex  6.386949e+00 -1.245821e+01 -1.600000e+00
   endloop
 endfacet
 facet normal  5.214352e-01 -8.532909e-01  0.000000e+00
   outer loop
     vertex  7.595648e+00 -1.176036e+01 -1.600000e+00
     vertex  7.595648e+00 -1.176036e+01  0.000000e+00
     vertex  7.000000e+00 -1.212436e+01  0.000000e+00
   endloop
 endfacet
 facet normal  5.633201e-01 -8.262388e-01  0.000000e+00
   outer loop
     vertex  7.595648e+00 -1.176036e+01 -1.600000e+00
     vertex  8.172411e+00 -1.136713e+01  0.000000e+00
     vertex  7.595648e+00 -1.176036e+01  0.000000e+00
   endloop
 endfacet
 facet normal  5.214352e-01 -8.532909e-01  0.000000e+00
   outer loop
     vertex  7.595648e+00 -1.176036e+01 -1.600000e+00
     vertex  7.000000e+00 -1.212436e+01  0.000000e+00
     vertex  7.000000e+00 -1.212436e+01 -1.600000e+00
   endloop
 endfacet
 facet normal  5.633201e-01 -8.262388e-01  0.000000e+00
   outer loop
     vertex  8.172411e+00 -1.136713e+01 -1.600000e+00
     vertex  8.172411e+00 -1.136713e+01  0.000000e+00
     vertex  7.595648e+00 -1.176036e+01 -1.600000e+00
   endloop
 endfacet
 facet normal  6.038044e-01 -7.971325e-01  0.000000e+00
   outer loop
     vertex  8.728857e+00 -1.094564e+01 -1.600000e+00
     vertex  8.728857e+00 -1.094564e+01  0.000000e+00
     vertex  8.172411e+00 -1.136713e+01  0.000000e+00
   endloop
 endfacet
 facet normal  6.427876e-01 -7.660444e-01  0.000000e+00
   outer loop
     vertex  8.728857e+00 -1.094564e+01 -1.600000e+00
     vertex  9.263602e+00 -1.049694e+01  0.000000e+00
     vertex  8.728857e+00 -1.094564e+01  0.000000e+00
   endloop
 endfacet
 facet normal  6.038044e-01 -7.971325e-01  0.000000e+00
   outer loop
     vertex  8.728857e+00 -1.094564e+01 -1.600000e+00
     vertex  8.172411e+00 -1.136713e+01  0.000000e+00
     vertex  8.172411e+00 -1.136713e+01 -1.600000e+00
   endloop
 endfacet
 facet normal  6.427876e-01 -7.660444e-01  0.000000e+00
   outer loop
     vertex  9.263602e+00 -1.049694e+01 -1.600000e+00
     vertex  9.263602e+00 -1.049694e+01  0.000000e+00
     vertex  8.728857e+00 -1.094564e+01 -1.600000e+00
   endloop
 endfacet
 facet normal  6.801727e-01 -7.330519e-01  0.000000e+00
   outer loop
     vertex  9.775315e+00 -1.002214e+01 -1.600000e+00
     vertex  9.775315e+00 -1.002214e+01  0.000000e+00
     vertex  9.263602e+00 -1.049694e+01  0.000000e+00
   endloop
 endfacet
 facet normal  7.158668e-01 -6.982368e-01  0.000000e+00
   outer loop
     vertex  9.775315e+00 -1.002214e+01 -1.600000e+00
     vertex  1.026273e+01 -9.522418e+00  0.000000e+00
     vertex  9.775315e+00 -1.002214e+01  0.000000e+00
   endloop
 endfacet
 facet normal  6.801727e-01 -7.330519e-01  0.000000e+00
   outer loop
     vertex  9.775315e+00 -1.002214e+01 -1.600000e+00
     vertex  9.263602e+00 -1.049694e+01  0.000000e+00
     vertex  9.263602e+00 -1.049694e+01 -1.600000e+00
   endloop
 endfacet
 facet normal  7.158668e-01 -6.982368e-01  0.000000e+00
   outer loop
     vertex  1.026273e+01 -9.522418e+00 -1.600000e+00
     vertex  1.026273e+01 -9.522418e+00  0.000000e+00
     vertex  9.775315e+00 -1.002214e+01 -1.600000e+00
   endloop
 endfacet
 facet normal  7.497812e-01 -6.616858e-01  0.000000e+00
   outer loop
     vertex  1.072462e+01 -8.999027e+00 -1.600000e+00
     vertex  1.072462e+01 -8.999027e+00  0.000000e+00
     vertex  1.026273e+01 -9.522418e+00  0.000000e+00
   endloop
 endfacet
 facet normal  7.818315e-01 -6.234898e-01  0.000000e+00
   outer loop
     vertex  1.072462e+01 -8.999027e+00 -1.600000e+00
     vertex  1.115986e+01 -8.453262e+00  0.000000e+00
     vertex  1.072462e+01 -8.999027e+00  0.000000e+00
   endloop
 endfacet
 facet normal  7.497812e-01 -6.616858e-01  0.000000e+00
   outer loop
     vertex  1.072462e+01 -8.999027e+00 -1.600000e+00
     vertex  1.026273e+01 -9.522418e+00  0.000000e+00
     vertex  1.026273e+01 -9.522418e+00 -1.600000e+00
   endloop
 endfacet
 facet normal  7.818315e-01 -6.234898e-01  0.000000e+00
   outer loop
     vertex  1.115986e+01 -8.453262e+00 -1.600000e+00
     vertex  1.115986e+01 -8.453262e+00  0.000000e+00
     vertex  1.072462e+01 -8.999027e+00 -1.600000e+00
   endloop
 endfacet
 facet normal  8.119380e-01 -5.837437e-01  0.000000e+00
   outer loop
     vertex  1.156734e+01 -7.886481e+00 -1.600000e+00
     vertex  1.115986e+01 -8.453262e+00  0.000000e+00
     vertex  1.115986e+01 -8.453262e+00 -1.600000e+00
   endloop
 endfacet
 facet normal  8.119380e-01 -5.837437e-01  0.000000e+00
   outer loop
     vertex  1.156734e+01 -7.886481e+00 -1.600000e+00
     vertex  1.156734e+01 -7.886481e+00  0.000000e+00
     vertex  1.115986e+01 -8.453262e+00  0.000000e+00
   endloop
 endfacet
 facet normal  8.400259e-01 -5.425463e-01  0.000000e+00
   outer loop
     vertex  1.194607e+01 -7.300093e+00 -1.600000e+00
     vertex  1.156734e+01 -7.886481e+00  0.000000e+00
     vertex  1.156734e+01 -7.886481e+00 -1.600000e+00
   endloop
 endfacet
 facet normal  8.400259e-01 -5.425463e-01  0.000000e+00
   outer loop
     vertex  1.194607e+01 -7.300093e+00 -1.600000e+00
     vertex  1.194607e+01 -7.300093e+00  0.000000e+00
     vertex  1.156734e+01 -7.886481e+00  0.000000e+00
   endloop
 endfacet
 facet normal  8.660254e-01 -5.000000e-01  0.000000e+00
   outer loop
     vertex  1.229510e+01 -6.695556e+00 -1.600000e+00
     vertex  1.229510e+01 -6.695556e+00  0.000000e+00
     vertex  1.194607e+01 -7.300093e+00  0.000000e+00
   endloop
 endfacet
 facet normal  8.660254e-01 -5.000000e-01  0.000000e+00
   outer loop
     vertex  1.229510e+01 -6.695556e+00 -1.600000e+00
     vertex  1.194607e+01 -7.300093e+00  0.000000e+00
     vertex  1.194607e+01 -7.300093e+00 -1.600000e+00
   endloop
 endfacet
 facet normal  8.898718e-01 -4.562107e-01  0.000000e+00
   outer loop
     vertex  1.229510e+01 -6.695556e+00 -1.600000e+00
     vertex  1.261356e+01 -6.074372e+00  0.000000e+00
     vertex  1.229510e+01 -6.695556e+00  0.000000e+00
   endloop
 endfacet
 facet normal  8.898718e-01 -4.562107e-01  0.000000e+00
   outer loop
     vertex  1.261356e+01 -6.074372e+00 -1.600000e+00
     vertex  1.261356e+01 -6.074372e+00  0.000000e+00
     vertex  1.229510e+01 -6.695556e+00 -1.600000e+00
   endloop
 endfacet
 facet normal  9.115059e-01 -4.112871e-01  0.000000e+00
   outer loop
     vertex  1.290067e+01 -5.438087e+00 -1.600000e+00
     vertex  1.290067e+01 -5.438087e+00  0.000000e+00
     vertex  1.261356e+01 -6.074372e+00  0.000000e+00
   endloop
 endfacet
 facet normal  9.308737e-01 -3.653410e-01  0.000000e+00
   outer loop
     vertex  1.290067e+01 -5.438087e+00 -1.600000e+00
     vertex  1.315570e+01 -4.788282e+00  0.000000e+00
     vertex  1.290067e+01 -5.438087e+00  0.000000e+00
   endloop
 endfacet
 facet normal  9.115059e-01 -4.112871e-01  0.000000e+00
   outer loop
     vertex  1.290067e+01 -5.438087e+00 -1.600000e+00
     vertex  1.261356e+01 -6.074372e+00  0.000000e+00
     vertex  1.261356e+01 -6.074372e+00 -1.600000e+00
   endloop
 endfacet
 facet normal  9.308737e-01 -3.653410e-01  0.000000e+00
   outer loop
     vertex  1.315570e+01 -4.788282e+00 -1.600000e+00
     vertex  1.315570e+01 -4.788282e+00  0.000000e+00
     vertex  1.290067e+01 -5.438087e+00 -1.600000e+00
   endloop
 endfacet
 facet normal  9.479273e-01 -3.184867e-01  0.000000e+00
   outer loop
     vertex  1.337802e+01 -4.126572e+00 -1.600000e+00
     vertex  1.337802e+01 -4.126572e+00  0.000000e+00
     vertex  1.315570e+01 -4.788282e+00  0.000000e+00
   endloop
 endfacet
 facet normal  9.479273e-01 -3.184867e-01  0.000000e+00
   outer loop
     vertex  1.337802e+01 -4.126572e+00 -1.600000e+00
     vertex  1.315570e+01 -4.788282e+00  0.000000e+00
     vertex  1.315570e+01 -4.788282e+00 -1.600000e+00
   endloop
 endfacet
 facet normal  9.626242e-01 -2.708405e-01  0.000000e+00
   outer loop
     vertex  1.356708e+01 -3.454604e+00 -1.600000e+00
     vertex  1.356708e+01 -3.454604e+00  0.000000e+00
     vertex  1.337802e+01 -4.126572e+00  0.000000e+00
   endloop
 endfacet
 facet normal  9.626242e-01 -2.708405e-01  0.000000e+00
   outer loop
     vertex  1.356708e+01 -3.454604e+00 -1.600000e+00
     vertex  1.337802e+01 -4.126572e+00  0.000000e+00
     vertex  1.337802e+01 -4.126572e+00 -1.600000e+00
   endloop
 endfacet
 facet normal  9.749279e-01 -2.225209e-01  0.000000e+00
   outer loop
     vertex  1.372241e+01 -2.774046e+00 -1.600000e+00
     vertex  1.372241e+01 -2.774046e+00  0.000000e+00
     vertex  1.356708e+01 -3.454604e+00  0.000000e+00
   endloop
 endfacet
 facet normal  9.848078e-01 -1.736482e-01  0.000000e+00
   outer loop
     vertex  1.372241e+01 -2.774046e+00 -1.600000e+00
     vertex  1.384363e+01 -2.086592e+00  0.000000e+00
     vertex  1.372241e+01 -2.774046e+00  0.000000e+00
   endloop
 endfacet
 facet normal  9.749279e-01 -2.225209e-01  0.000000e+00
   outer loop
     vertex  1.372241e+01 -2.774046e+00 -1.600000e+00
     vertex  1.356708e+01 -3.454604e+00  0.000000e+00
     vertex  1.356708e+01 -3.454604e+00 -1.600000e+00
   endloop
 endfacet
 facet normal  9.848078e-01 -1.736482e-01  0.000000e+00
   outer loop
     vertex  1.384363e+01 -2.086592e+00 -1.600000e+00
     vertex  1.384363e+01 -2.086592e+00  0.000000e+00
     vertex  1.372241e+01 -2.774046e+00 -1.600000e+00
   endloop
 endfacet
 facet normal  9.922392e-01 -1.243437e-01  0.000000e+00
   outer loop
     vertex  1.393043e+01 -1.393950e+00 -1.600000e+00
     vertex  1.393043e+01 -1.393950e+00  0.000000e+00
     vertex  1.384363e+01 -2.086592e+00  0.000000e+00
   endloop
 endfacet
 facet normal  9.972038e-01 -7.473009e-02  0.000000e+00
   outer loop
     vertex  1.393043e+01 -1.393950e+00 -1.600000e+00
     vertex  1.398260e+01 -6.978424e-01  0.000000e+00
     vertex  1.393043e+01 -1.393950e+00  0.000000e+00
   endloop
 endfacet
 facet normal  9.922392e-01 -1.243437e-01  0.000000e+00
   outer loop
     vertex  1.393043e+01 -1.393950e+00 -1.600000e+00
     vertex  1.384363e+01 -2.086592e+00  0.000000e+00
     vertex  1.384363e+01 -2.086592e+00 -1.600000e+00
   endloop
 endfacet
 facet normal  9.972038e-01 -7.473009e-02  0.000000e+00
   outer loop
     vertex  1.398260e+01 -6.978424e-01 -1.600000e+00
     vertex  1.398260e+01 -6.978424e-01  0.000000e+00
     vertex  1.393043e+01 -1.393950e+00 -1.600000e+00
   endloop
 endfacet
 facet normal  9.996892e-01 -2.493069e-02  0.000000e+00
   outer loop
     vertex  1.400000e+01  0.000000e+00 -1.600000e+00
     vertex  1.400000e+01  0.000000e+00  0.000000e+00
     vertex  1.398260e+01 -6.978424e-01  0.000000e+00
   endloop
 endfacet
 facet normal  9.996892e-01 -2.493069e-02  0.000000e+00
   outer loop
     vertex  1.400000e+01  0.000000e+00 -1.600000e+00
     vertex  1.398260e+01 -6.978424e-01  0.000000e+00
     vertex  1.398260e+01 -6.978424e-01 -1.600000e+00
   endloop
 endfacet
 facet normal  0.000000e+00  0.000000e+00 -1.000000e+00
   outer loop
     vertex -1.115986e+01 -8.453262e+00 -1.600000e+00
     vertex -1.026273e+01 -9.522418e+00 -1.600000e+00
     vertex -1.072462e+01 -8.999027e+00 -1.600000e+00
   endloop
 endfacet
 facet normal  0.000000e+00  0.000000e+00 -1.000000e+00
   outer loop
     vertex -1.115986e+01 -8.453262e+00 -1.600000e+00
     vertex -9.775315e+00 -1.002214e+01 -1.600000e+00
     vertex -1.026273e+01 -9.522418e+00 -1.600000e+00
   endloop
 endfacet
 facet normal  0.000000e+00  0.000000e+00 -1.000000e+00
   outer loop
     vertex -8.172411e+00 -1.136713e+01 -1.600000e+00
     vertex -8.728857e+00 -1.094564e+01 -1.600000e+00
     vertex -9.263602e+00 -1.049694e+01 -1.600000e+00
   endloop
 endfacet
 facet normal  0.000000e+00  0.000000e+00 -1.000000e+00
   outer loop
     vertex -7.000000e+00 -1.212436e+01 -1.600000e+00
     vertex -8.172411e+00 -1.136713e+01 -1.600000e+00
     vertex -9.263602e+00 -1.049694e+01 -1.600000e+00
   endloop
 endfacet
 facet normal  0.000000e+00  0.000000e+00 -1.000000e+00
   outer loop
     vertex -7.000000e+00 -1.212436e+01 -1.600000e+00
     vertex -9.263602e+00 -1.049694e+01 -1.600000e+00
     vertex -9.775315e+00 -1.002214e+01 -1.600000e+00
   endloop
 endfacet
 facet normal  0.000000e+00  0.000000e+00 -1.000000e+00
   outer loop
     vertex -7.000000e+00 -1.212436e+01 -1.600000e+00
     vertex -7.595648e+00 -1.176036e+01 -1.600000e+00
     vertex -8.172411e+00 -1.136713e+01 -1.600000e+00
   endloop
 endfacet
 facet normal  0.000000e+00  0.000000e+00 -1.000000e+00
   outer loop
     vertex -1.229510e+01 -6.695556e+00 -1.600000e+00
     vertex -1.156734e+01 -7.886481e+00 -1.600000e+00
     vertex -1.194607e+01 -7.300093e+00 -1.600000e+00
   endloop
 endfacet
 facet normal  0.000000e+00  0.000000e+00 -1.000000e+00
   outer loop
     vertex -1.290067e+01 -5.438087e+00 -1.600000e+00
     vertex -1.156734e+01 -7.886481e+00 -1.600000e+00
     vertex -1.229510e+01 -6.695556e+00 -1.600000e+00
   endloop
 endfacet
 facet normal  0.000000e+00  0.000000e+00 -1.000000e+00
   outer loop
     vertex -1.290067e+01 -5.438087e+00 -1.600000e+00
     vertex -1.229510e+01 -6.695556e+00 -1.600000e+00
     vertex -1.261356e+01 -6.074372e+00 -1.600000e+00
   endloop
 endfacet
 facet normal  0.000000e+00  0.000000e+00 -1.000000e+00
   outer loop
     vertex -1.290067e+01 -5.438087e+00 -1.600000e+00
     vertex -1.115986e+01 -8.453262e+00 -1.600000e+00
     vertex -1.156734e+01 -7.886481e+00 -1.600000e+00
   endloop
 endfacet
 facet normal  0.000000e+00  0.000000e+00 -1.000000e+00
   outer loop
     vertex -5.114774e+00 -1.303223e+01 -1.600000e+00
     vertex -6.386949e+00 -1.245821e+01 -1.600000e+00
     vertex -7.000000e+00 -1.212436e+01 -1.600000e+00
   endloop
 endfacet
 facet normal  0.000000e+00  0.000000e+00 -1.000000e+00
   outer loop
     vertex -5.114774e+00 -1.303223e+01 -1.600000e+00
     vertex -5.758019e+00 -1.276108e+01 -1.600000e+00
     vertex -6.386949e+00 -1.245821e+01 -1.600000e+00
   endloop
 endfacet
 facet normal  0.000000e+00  0.000000e+00 -1.000000e+00
   outer loop
     vertex -1.315570e+01 -4.788282e+00 -1.600000e+00
     vertex -1.115986e+01 -8.453262e+00 -1.600000e+00
     vertex -1.290067e+01 -5.438087e+00 -1.600000e+00
   endloop
 endfacet
 facet normal  0.000000e+00  0.000000e+00 -1.000000e+00
   outer loop
     vertex -3.791767e+00 -1.347674e+01 -1.600000e+00
     vertex -4.458813e+00 -1.327098e+01 -1.600000e+00
     vertex -5.114774e+00 -1.303223e+01 -1.600000e+00
   endloop
 endfacet
 facet normal  0.000000e+00  0.000000e+00 -1.000000e+00
   outer loop
     vertex -1.372241e+01 -2.774046e+00 -1.600000e+00
     vertex -1.337802e+01 -4.126572e+00 -1.600000e+00
     vertex -1.356708e+01 -3.454604e+00 -1.600000e+00
   endloop
 endfacet
 facet normal  0.000000e+00  0.000000e+00 -1.000000e+00
   outer loop
     vertex -2.431074e+00 -1.378731e+01 -1.600000e+00
     vertex -5.114774e+00 -1.303223e+01 -1.600000e+00
     vertex -7.000000e+00 -1.212436e+01 -1.600000e+00
   endloop
 endfacet
 facet normal  0.000000e+00  0.000000e+00 -1.000000e+00
   outer loop
     vertex -2.431074e+00 -1.378731e+01 -1.600000e+00
     vertex -3.791767e+00 -1.347674e+01 -1.600000e+00
     vertex -5.114774e+00 -1.303223e+01 -1.600000e+00
   endloop
 endfacet
 facet normal  0.000000e+00  0.000000e+00 -1.000000e+00
   outer loop
     vertex -2.431074e+00 -1.378731e+01 -1.600000e+00
     vertex -3.115293e+00 -1.364899e+01 -1.600000e+00
     vertex -3.791767e+00 -1.347674e+01 -1.600000e+00
   endloop
 endfacet
 facet normal  0.000000e+00  0.000000e+00 -1.000000e+00
   outer loop
     vertex -1.400000e+01 -4.802349e-14 -1.600000e+00
     vertex -1.393043e+01 -1.393950e+00 -1.600000e+00
     vertex -1.398260e+01 -6.978424e-01 -1.600000e+00
   endloop
 endfacet
 facet normal  0.000000e+00  0.000000e+00 -1.000000e+00
   outer loop
     vertex -1.400000e+01 -4.802349e-14 -1.600000e+00
     vertex -1.384363e+01 -2.086592e+00 -1.600000e+00
     vertex -1.393043e+01 -1.393950e+00 -1.600000e+00
   endloop
 endfacet
 facet normal  0.000000e+00  0.000000e+00 -1.000000e+00
   outer loop
     vertex -1.400000e+01 -4.802349e-14 -1.600000e+00
     vertex -1.372241e+01 -2.774046e+00 -1.600000e+00
     vertex -1.384363e+01 -2.086592e+00 -1.600000e+00
   endloop
 endfacet
 facet normal  0.000000e+00  0.000000e+00 -1.000000e+00
   outer loop
     vertex  3.490297e-01 -1.399565e+01 -1.600000e+00
     vertex -1.740812e+00 -1.389135e+01 -1.600000e+00
     vertex -2.431074e+00 -1.378731e+01 -1.600000e+00
   endloop
 endfacet
 facet normal  0.000000e+00  0.000000e+00 -1.000000e+00
   outer loop
     vertex  3.490297e-01 -1.399565e+01 -1.600000e+00
     vertex -1.046221e+00 -1.396085e+01 -1.600000e+00
     vertex -1.740812e+00 -1.389135e+01 -1.600000e+00
   endloop
 endfacet
 facet normal -0.000000e+00  0.000000e+00 -1.000000e+00
   outer loop
     vertex  3.490297e-01 -1.399565e+01 -1.600000e+00
     vertex -3.490297e-01 -1.399565e+01 -1.600000e+00
     vertex -1.046221e+00 -1.396085e+01 -1.600000e+00
   endloop
 endfacet
 facet normal  0.000000e+00  0.000000e+00 -1.000000e+00
   outer loop
     vertex  1.740812e+00 -1.389135e+01 -1.600000e+00
     vertex  1.046221e+00 -1.396085e+01 -1.600000e+00
     vertex  3.490297e-01 -1.399565e+01 -1.600000e+00
   endloop
 endfacet
 facet normal  0.000000e+00  0.000000e+00 -1.000000e+00
   outer loop
     vertex -1.384363e+01  2.086592e+00 -1.600000e+00
     vertex -9.775315e+00 -1.002214e+01 -1.600000e+00
     vertex -1.115986e+01 -8.453262e+00 -1.600000e+00
   endloop
 endfacet
 facet normal  0.000000e+00  0.000000e+00 -1.000000e+00
   outer loop
     vertex -1.384363e+01  2.086592e+00 -1.600000e+00
     vertex -1.115986e+01 -8.453262e+00 -1.600000e+00
     vertex -1.315570e+01 -4.788282e+00 -1.600000e+00
   endloop
 endfacet
 facet normal  0.000000e+00  0.000000e+00 -1.000000e+00
   outer loop
     vertex -1.384363e+01  2.086592e+00 -1.600000e+00
     vertex -7.000000e+00 -1.212436e+01 -1.600000e+00
     vertex -9.775315e+00 -1.002214e+01 -1.600000e+00
   endloop
 endfacet
 facet normal  0.000000e+00  0.000000e+00 -1.000000e+00
   outer loop
     vertex -1.384363e+01  2.086592e+00 -1.600000e+00
     vertex -1.398260e+01  6.978424e-01 -1.600000e+00
     vertex -1.393043e+01  1.393950e+00 -1.600000e+00
   endloop
 endfacet
 facet normal  0.000000e+00  0.000000e+00 -1.000000e+00
   outer loop
     vertex -1.384363e+01  2.086592e+00 -1.600000e+00
     vertex -1.400000e+01 -4.802349e-14 -1.600000e+00
     vertex -1.398260e+01  6.978424e-01 -1.600000e+00
   endloop
 endfacet
 facet normal  0.000000e+00  0.000000e+00 -1.000000e+00
   outer loop
     vertex -1.384363e+01  2.086592e+00 -1.600000e+00
     vertex -1.315570e+01 -4.788282e+00 -1.600000e+00
     vertex -1.337802e+01 -4.126572e+00 -1.600000e+00
   endloop
 endfacet
 facet normal  0.000000e+00  0.000000e+00 -1.000000e+00
   outer loop
     vertex -1.384363e+01  2.086592e+00 -1.600000e+00
     vertex -1.337802e+01 -4.126572e+00 -1.600000e+00
     vertex -1.372241e+01 -2.774046e+00 -1.600000e+00
   endloop
 endfacet
 facet normal  0.000000e+00 -0.000000e+00 -1.000000e+00
   outer loop
     vertex -1.384363e+01  2.086592e+00 -1.600000e+00
     vertex -1.372241e+01 -2.774046e+00 -1.600000e+00
     vertex -1.400000e+01 -4.802349e-14 -1.600000e+00
   endloop
 endfacet
 facet normal  0.000000e+00  0.000000e+00 -1.000000e+00
   outer loop
     vertex  2.431074e+00 -1.378731e+01 -1.600000e+00
     vertex  1.740812e+00 -1.389135e+01 -1.600000e+00
     vertex  3.490297e-01 -1.399565e+01 -1.600000e+00
   endloop
 endfacet
 facet normal  0.000000e+00  0.000000e+00 -1.000000e+00
   outer loop
     vertex  2.431074e+00 -1.378731e+01 -1.600000e+00
     vertex  3.490297e-01 -1.399565e+01 -1.600000e+00
     vertex -2.431074e+00 -1.378731e+01 -1.600000e+00
   endloop
 endfacet
 facet normal  0.000000e+00  0.000000e+00 -1.000000e+00
   outer loop
     vertex -1.356708e+01  3.454604e+00 -1.600000e+00
     vertex -1.384363e+01  2.086592e+00 -1.600000e+00
     vertex -1.372241e+01  2.774046e+00 -1.600000e+00
   endloop
 endfacet
 facet normal  0.000000e+00  0.000000e+00 -1.000000e+00
   outer loop
     vertex  3.791767e+00 -1.347674e+01 -1.600000e+00
     vertex  3.115293e+00 -1.364899e+01 -1.600000e+00
     vertex  2.431074e+00 -1.378731e+01 -1.600000e+00
   endloop
 endfacet
 facet normal  0.000000e+00  0.000000e+00 -1.000000e+00
   outer loop
     vertex -1.337802e+01  4.126572e+00 -1.600000e+00
     vertex -1.384363e+01  2.086592e+00 -1.600000e+00
     vertex -1.356708e+01  3.454604e+00 -1.600000e+00
   endloop
 endfacet
 facet normal  0.000000e+00  0.000000e+00 -1.000000e+00
   outer loop
     vertex -1.290067e+01  5.438087e+00 -1.600000e+00
     vertex -1.337802e+01  4.126572e+00 -1.600000e+00
     vertex -1.315570e+01  4.788282e+00 -1.600000e+00
   endloop
 endfacet
 facet normal  0.000000e+00  0.000000e+00 -1.000000e+00
   outer loop
     vertex  5.758019e+00 -1.276108e+01 -1.600000e+00
     vertex  4.458813e+00 -1.327098e+01 -1.600000e+00
     vertex  3.791767e+00 -1.347674e+01 -1.600000e+00
   endloop
 endfacet
 facet normal  0.000000e+00  0.000000e+00 -1.000000e+00
   outer loop
     vertex  5.758019e+00 -1.276108e+01 -1.600000e+00
     vertex  5.114774e+00 -1.303223e+01 -1.600000e+00
     vertex  4.458813e+00 -1.327098e+01 -1.600000e+00
   endloop
 endfacet
 facet normal  0.000000e+00  0.000000e+00 -1.000000e+00
   outer loop
     vertex  5.758019e+00 -1.276108e+01 -1.600000e+00
     vertex  3.791767e+00 -1.347674e+01 -1.600000e+00
     vertex  2.431074e+00 -1.378731e+01 -1.600000e+00
   endloop
 endfacet
 facet normal  0.000000e+00  0.000000e+00 -1.000000e+00
   outer loop
     vertex  7.000000e+00 -1.212436e+01 -1.600000e+00
     vertex  6.386949e+00 -1.245821e+01 -1.600000e+00
     vertex  5.758019e+00 -1.276108e+01 -1.600000e+00
   endloop
 endfacet
 facet normal  0.000000e+00  0.000000e+00 -1.000000e+00
   outer loop
     vertex  7.000000e+00 -1.212436e+01 -1.600000e+00
     vertex  5.758019e+00 -1.276108e+01 -1.600000e+00
     vertex  2.431074e+00 -1.378731e+01 -1.600000e+00
   endloop
 endfacet
 facet normal  0.000000e+00  0.000000e+00 -1.000000e+00
   outer loop
     vertex -1.194607e+01  7.300093e+00 -1.600000e+00
     vertex -1.261356e+01  6.074372e+00 -1.600000e+00
     vertex -1.229510e+01  6.695556e+00 -1.600000e+00
   endloop
 endfacet
 facet normal  0.000000e+00  0.000000e+00 -1.000000e+00
   outer loop
     vertex -1.156734e+01  7.886481e+00 -1.600000e+00
     vertex -1.261356e+01  6.074372e+00 -1.600000e+00
     vertex -1.194607e+01  7.300093e+00 -1.600000e+00
   endloop
 endfacet
 facet normal  0.000000e+00  0.000000e+00 -1.000000e+00
   outer loop
     vertex  8.172411e+00 -1.136713e+01 -1.600000e+00
     vertex  7.595648e+00 -1.176036e+01 -1.600000e+00
     vertex  7.000000e+00 -1.212436e+01 -1.600000e+00
   endloop
 endfacet
 facet normal  0.000000e+00  0.000000e+00 -1.000000e+00
   outer loop
     vertex  8.172411e+00 -1.136713e+01 -1.600000e+00
     vertex  7.000000e+00 -1.212436e+01 -1.600000e+00
     vertex  2.431074e+00 -1.378731e+01 -1.600000e+00
   endloop
 endfacet
 facet normal  0.000000e+00  0.000000e+00 -1.000000e+00
   outer loop
     vertex -1.072462e+01  8.999027e+00 -1.600000e+00
     vertex -1.261356e+01  6.074372e+00 -1.600000e+00
     vertex -1.156734e+01  7.886481e+00 -1.600000e+00
   endloop
 endfacet
 facet normal  0.000000e+00  0.000000e+00 -1.000000e+00
   outer loop
     vertex -1.072462e+01  8.999027e+00 -1.600000e+00
     vertex -1.156734e+01  7.886481e+00 -1.600000e+00
     vertex -1.115986e+01  8.453262e+00 -1.600000e+00
   endloop
 endfacet
 facet normal  0.000000e+00  0.000000e+00 -1.000000e+00
   outer loop
     vertex -1.072462e+01  8.999027e+00 -1.600000e+00
     vertex -1.290067e+01  5.438087e+00 -1.600000e+00
     vertex -1.261356e+01  6.074372e+00 -1.600000e+00
   endloop
 endfacet
 facet normal  0.000000e+00  0.000000e+00 -1.000000e+00
   outer loop
     vertex  9.263602e+00 -1.049694e+01 -1.600000e+00
     vertex  8.728857e+00 -1.094564e+01 -1.600000e+00
     vertex  8.172411e+00 -1.136713e+01 -1.600000e+00
   endloop
 endfacet
 facet normal  0.000000e+00  0.000000e+00 -1.000000e+00
   outer loop
     vertex -9.775315e+00  1.002214e+01 -1.600000e+00
     vertex -1.290067e+01  5.438087e+00 -1.600000e+00
     vertex -1.072462e+01  8.999027e+00 -1.600000e+00
   endloop
 endfacet
 facet normal  0.000000e+00  0.000000e+00 -1.000000e+00
   outer loop
     vertex -9.775315e+00  1.002214e+01 -1.600000e+00
     vertex -1.072462e+01  8.999027e+00 -1.600000e+00
     vertex -1.026273e+01  9.522418e+00 -1.600000e+00
   endloop
 endfacet
 facet normal  0.000000e+00  0.000000e+00 -1.000000e+00
   outer loop
     vertex  1.026273e+01 -9.522418e+00 -1.600000e+00
     vertex  9.775315e+00 -1.002214e+01 -1.600000e+00
     vertex  9.263602e+00 -1.049694e+01 -1.600000e+00
   endloop
 endfacet
 facet normal  0.000000e+00  0.000000e+00 -1.000000e+00
   outer loop
     vertex -9.263602e+00  1.049694e+01 -1.600000e+00
     vertex -1.384363e+01  2.086592e+00 -1.600000e+00
     vertex -1.337802e+01  4.126572e+00 -1.600000e+00
   endloop
 endfacet
 facet normal  0.000000e+00  0.000000e+00 -1.000000e+00
   outer loop
     vertex -9.263602e+00  1.049694e+01 -1.600000e+00
     vertex -1.337802e+01  4.126572e+00 -1.600000e+00
     vertex -1.290067e+01  5.438087e+00 -1.600000e+00
   endloop
 endfacet
 facet normal  0.000000e+00  0.000000e+00 -1.000000e+00
   outer loop
     vertex -9.263602e+00  1.049694e+01 -1.600000e+00
     vertex -1.290067e+01  5.438087e+00 -1.600000e+00
     vertex -9.775315e+00  1.002214e+01 -1.600000e+00
   endloop
 endfacet
 facet normal  0.000000e+00 -0.000000e+00 -1.000000e+00
   outer loop
     vertex -9.263602e+00  1.049694e+01 -1.600000e+00
     vertex -7.000000e+00 -1.212436e+01 -1.600000e+00
     vertex -1.384363e+01  2.086592e+00 -1.600000e+00
   endloop
 endfacet
 facet normal  0.000000e+00  0.000000e+00 -1.000000e+00
   outer loop
     vertex  1.115986e+01 -8.453262e+00 -1.600000e+00
     vertex  1.072462e+01 -8.999027e+00 -1.600000e+00
     vertex  1.026273e+01 -9.522418e+00 -1.600000e+00
   endloop
 endfacet
 facet normal  0.000000e+00  0.000000e+00 -1.000000e+00
   outer loop
     vertex  1.115986e+01 -8.453262e+00 -1.600000e+00
     vertex  1.026273e+01 -9.522418e+00 -1.600000e+00
     vertex  9.263602e+00 -1.049694e+01 -1.600000e+00
   endloop
 endfacet
 facet normal  0.000000e+00  0.000000e+00 -1.000000e+00
   outer loop
     vertex  1.156734e+01 -7.886481e+00 -1.600000e+00
     vertex  1.115986e+01 -8.453262e+00 -1.600000e+00
     vertex  9.263602e+00 -1.049694e+01 -1.600000e+00
   endloop
 endfacet
 facet normal  0.000000e+00  0.000000e+00 -1.000000e+00
   outer loop
     vertex  1.156734e+01 -7.886481e+00 -1.600000e+00
     vertex  9.263602e+00 -1.049694e+01 -1.600000e+00
     vertex  8.172411e+00 -1.136713e+01 -1.600000e+00
   endloop
 endfacet
 facet normal  0.000000e+00  0.000000e+00 -1.000000e+00
   outer loop
     vertex -7.595648e+00  1.176036e+01 -1.600000e+00
     vertex -8.728857e+00  1.094564e+01 -1.600000e+00
     vertex -8.172411e+00  1.136713e+01 -1.600000e+00
   endloop
 endfacet
 facet normal  0.000000e+00  0.000000e+00 -1.000000e+00
   outer loop
     vertex  1.229510e+01 -6.695556e+00 -1.600000e+00
     vertex  1.194607e+01 -7.300093e+00 -1.600000e+00
     vertex  1.156734e+01 -7.886481e+00 -1.600000e+00
   endloop
 endfacet
 facet normal  0.000000e+00  0.000000e+00 -1.000000e+00
   outer loop
     vertex  1.229510e+01 -6.695556e+00 -1.600000e+00
     vertex  1.156734e+01 -7.886481e+00 -1.600000e+00
     vertex  8.172411e+00 -1.136713e+01 -1.600000e+00
   endloop
 endfacet
 facet normal  0.000000e+00  0.000000e+00 -1.000000e+00
   outer loop
     vertex -6.386949e+00  1.245821e+01 -1.600000e+00
     vertex -7.595648e+00  1.176036e+01 -1.600000e+00
     vertex -7.000000e+00  1.212436e+01 -1.600000e+00
   endloop
 endfacet
 facet normal  0.000000e+00  0.000000e+00 -1.000000e+00
   outer loop
     vertex -6.386949e+00  1.245821e+01 -1.600000e+00
     vertex -8.728857e+00  1.094564e+01 -1.600000e+00
     vertex -7.595648e+00  1.176036e+01 -1.600000e+00
   endloop
 endfacet
 facet normal  0.000000e+00  0.000000e+00 -1.000000e+00
   outer loop
     vertex -5.758019e+00  1.276108e+01 -1.600000e+00
     vertex -8.728857e+00  1.094564e+01 -1.600000e+00
     vertex -6.386949e+00  1.245821e+01 -1.600000e+00
   endloop
 endfacet
 facet normal  0.000000e+00  0.000000e+00 -1.000000e+00
   outer loop
     vertex  1.337802e+01 -4.126572e+00 -1.600000e+00
     vertex  1.261356e+01 -6.074372e+00 -1.600000e+00
     vertex  1.229510e+01 -6.695556e+00 -1.600000e+00
   endloop
 endfacet
 facet normal  0.000000e+00  0.000000e+00 -1.000000e+00
   outer loop
     vertex  1.337802e+01 -4.126572e+00 -1.600000e+00
     vertex  1.290067e+01 -5.438087e+00 -1.600000e+00
     vertex  1.261356e+01 -6.074372e+00 -1.600000e+00
   endloop
 endfacet
 facet normal  0.000000e+00  0.000000e+00 -1.000000e+00
   outer loop
     vertex  1.337802e+01 -4.126572e+00 -1.600000e+00
     vertex  1.315570e+01 -4.788282e+00 -1.600000e+00
     vertex  1.290067e+01 -5.438087e+00 -1.600000e+00
   endloop
 endfacet
 facet normal  0.000000e+00  0.000000e+00 -1.000000e+00
   outer loop
     vertex -3.791767e+00  1.347674e+01 -1.600000e+00
     vertex -5.114774e+00  1.303223e+01 -1.600000e+00
     vertex -4.458813e+00  1.327098e+01 -1.600000e+00
   endloop
 endfacet
 facet normal  0.000000e+00  0.000000e+00 -1.000000e+00
   outer loop
     vertex -3.791767e+00  1.347674e+01 -1.600000e+00
     vertex -5.758019e+00  1.276108e+01 -1.600000e+00
     vertex -5.114774e+00  1.303223e+01 -1.600000e+00
   endloop
 endfacet
 facet normal  0.000000e+00  0.000000e+00 -1.000000e+00
   outer loop
     vertex  1.372241e+01 -2.774046e+00 -1.600000e+00
     vertex  1.356708e+01 -3.454604e+00 -1.600000e+00
     vertex  1.337802e+01 -4.126572e+00 -1.600000e+00
   endloop
 endfacet
 facet normal  0.000000e+00  0.000000e+00 -1.000000e+00
   outer loop
     vertex  1.372241e+01 -2.774046e+00 -1.600000e+00
     vertex  1.337802e+01 -4.126572e+00 -1.600000e+00
     vertex  1.229510e+01 -6.695556e+00 -1.600000e+00
   endloop
 endfacet
 facet normal  0.000000e+00  0.000000e+00 -1.000000e+00
   outer loop
     vertex -1.046221e+00  1.396085e+01 -1.600000e+00
     vertex -2.431074e+00  1.378731e+01 -1.600000e+00
     vertex -1.740812e+00  1.389135e+01 -1.600000e+00
   endloop
 endfacet
 facet normal  0.000000e+00  0.000000e+00 -1.000000e+00
   outer loop
     vertex -1.046221e+00  1.396085e+01 -1.600000e+00
     vertex -3.115293e+00  1.364899e+01 -1.600000e+00
     vertex -2.431074e+00  1.378731e+01 -1.600000e+00
   endloop
 endfacet
 facet normal  0.000000e+00  0.000000e+00 -1.000000e+00
   outer loop
     vertex -1.046221e+00  1.396085e+01 -1.600000e+00
     vertex -3.791767e+00  1.347674e+01 -1.600000e+00
     vertex -3.115293e+00  1.364899e+01 -1.600000e+00
   endloop
 endfacet
 facet normal  0.000000e+00  0.000000e+00 -1.000000e+00
   outer loop
     vertex -1.046221e+00  1.396085e+01 -1.600000e+00
     vertex -9.263602e+00  1.049694e+01 -1.600000e+00
     vertex -8.728857e+00  1.094564e+01 -1.600000e+00
   endloop
 endfacet
 facet normal  0.000000e+00  0.000000e+00 -1.000000e+00
   outer loop
     vertex -1.046221e+00  1.396085e+01 -1.600000e+00
     vertex -8.728857e+00  1.094564e+01 -1.600000e+00
     vertex -5.758019e+00  1.276108e+01 -1.600000e+00
   endloop
 endfacet
 facet normal  0.000000e+00  0.000000e+00 -1.000000e+00
   outer loop
     vertex -1.046221e+00  1.396085e+01 -1.600000e+00
     vertex -5.758019e+00  1.276108e+01 -1.600000e+00
     vertex -3.791767e+00  1.347674e+01 -1.600000e+00
   endloop
 endfacet
 facet normal  0.000000e+00  0.000000e+00 -1.000000e+00
   outer loop
     vertex  1.398260e+01 -6.978424e-01 -1.600000e+00
     vertex  1.384363e+01 -2.086592e+00 -1.600000e+00
     vertex  1.372241e+01 -2.774046e+00 -1.600000e+00
   endloop
 endfacet
 facet normal  0.000000e+00  0.000000e+00 -1.000000e+00
   outer loop
     vertex  1.398260e+01 -6.978424e-01 -1.600000e+00
     vertex  1.393043e+01 -1.393950e+00 -1.600000e+00
     vertex  1.384363e+01 -2.086592e+00 -1.600000e+00
   endloop
 endfacet
 facet normal  0.000000e+00  0.000000e+00 -1.000000e+00
   outer loop
     vertex -3.490297e-01  1.399565e+01 -1.600000e+00
     vertex  1.372241e+01 -2.774046e+00 -1.600000e+00
     vertex  1.229510e+01 -6.695556e+00 -1.600000e+00
   endloop
 endfacet
 facet normal  0.000000e+00 -0.000000e+00 -1.000000e+00
   outer loop
     vertex -3.490297e-01  1.399565e+01 -1.600000e+00
     vertex  2.431074e+00 -1.378731e+01 -1.600000e+00
     vertex -2.431074e+00 -1.378731e+01 -1.600000e+00
   endloop
 endfacet
 facet normal  0.000000e+00  0.000000e+00 -1.000000e+00
   outer loop
     vertex -3.490297e-01  1.399565e+01 -1.600000e+00
     vertex  8.172411e+00 -1.136713e+01 -1.600000e+00
     vertex  2.431074e+00 -1.378731e+01 -1.600000e+00
   endloop
 endfacet
 facet normal  0.000000e+00  0.000000e+00 -1.000000e+00
   outer loop
     vertex -3.490297e-01  1.399565e+01 -1.600000e+00
     vertex  1.398260e+01 -6.978424e-01 -1.600000e+00
     vertex  1.372241e+01 -2.774046e+00 -1.600000e+00
   endloop
 endfacet
 facet normal  0.000000e+00  0.000000e+00 -1.000000e+00
   outer loop
     vertex -3.490297e-01  1.399565e+01 -1.600000e+00
     vertex -7.000000e+00 -1.212436e+01 -1.600000e+00
     vertex -9.263602e+00  1.049694e+01 -1.600000e+00
   endloop
 endfacet
 facet normal  0.000000e+00  0.000000e+00 -1.000000e+00
   outer loop
     vertex -3.490297e-01  1.399565e+01 -1.600000e+00
     vertex -2.431074e+00 -1.378731e+01 -1.600000e+00
     vertex -7.000000e+00 -1.212436e+01 -1.600000e+00
   endloop
 endfacet
 facet normal  0.000000e+00  0.000000e+00 -1.000000e+00
   outer loop
     vertex -3.490297e-01  1.399565e+01 -1.600000e+00
     vertex  1.229510e+01 -6.695556e+00 -1.600000e+00
     vertex  8.172411e+00 -1.136713e+01 -1.600000e+00
   endloop
 endfacet
 facet normal  0.000000e+00  0.000000e+00 -1.000000e+00
   outer loop
     vertex -3.490297e-01  1.399565e+01 -1.600000e+00
     vertex -9.263602e+00  1.049694e+01 -1.600000e+00
     vertex -1.046221e+00  1.396085e+01 -1.600000e+00
   endloop
 endfacet
 facet normal  0.000000e+00  0.000000e+00 -1.000000e+00
   outer loop
     vertex  1.740812e+00  1.389135e+01 -1.600000e+00
     vertex  3.490297e-01  1.399565e+01 -1.600000e+00
     vertex  1.046221e+00  1.396085e+01 -1.600000e+00
   endloop
 endfacet
 facet normal  0.000000e+00  0.000000e+00 -1.000000e+00
   outer loop
     vertex  1.384363e+01  2.086592e+00 -1.600000e+00
     vertex  1.393043e+01  1.393950e+00 -1.600000e+00
     vertex  1.398260e+01  6.978424e-01 -1.600000e+00
   endloop
 endfacet
 facet normal  0.000000e+00  0.000000e+00 -1.000000e+00
   outer loop
     vertex  2.431074e+00  1.378731e+01 -1.600000e+00
     vertex  3.490297e-01  1.399565e+01 -1.600000e+00
     vertex  1.740812e+00  1.389135e+01 -1.600000e+00
   endloop
 endfacet
 facet normal  0.000000e+00  0.000000e+00 -1.000000e+00
   outer loop
     vertex  2.431074e+00  1.378731e+01 -1.600000e+00
     vertex -3.490297e-01  1.399565e+01 -1.600000e+00
     vertex  3.490297e-01  1.399565e+01 -1.600000e+00
   endloop
 endfacet
 facet normal  0.000000e+00  0.000000e+00 -1.000000e+00
   outer loop
     vertex  1.372241e+01  2.774046e+00 -1.600000e+00
     vertex  1.398260e+01  6.978424e-01 -1.600000e+00
     vertex  1.400000e+01  0.000000e+00 -1.600000e+00
   endloop
 endfacet
 facet normal  0.000000e+00  0.000000e+00 -1.000000e+00
   outer loop
     vertex  1.372241e+01  2.774046e+00 -1.600000e+00
     vertex  1.384363e+01  2.086592e+00 -1.600000e+00
     vertex  1.398260e+01  6.978424e-01 -1.600000e+00
   endloop
 endfacet
 facet normal  0.000000e+00  0.000000e+00 -1.000000e+00
   outer loop
     vertex  1.356708e+01  3.454604e+00 -1.600000e+00
     vertex  1.400000e+01  0.000000e+00 -1.600000e+00
     vertex  1.398260e+01 -6.978424e-01 -1.600000e+00
   endloop
 endfacet
 facet normal  0.000000e+00  0.000000e+00 -1.000000e+00
   outer loop
     vertex  1.356708e+01  3.454604e+00 -1.600000e+00
     vertex  1.372241e+01  2.774046e+00 -1.600000e+00
     vertex  1.400000e+01  0.000000e+00 -1.600000e+00
   endloop
 endfacet
 facet normal  0.000000e+00  0.000000e+00 -1.000000e+00
   outer loop
     vertex  1.337802e+01  4.126572e+00 -1.600000e+00
     vertex  1.356708e+01  3.454604e+00 -1.600000e+00
     vertex  1.398260e+01 -6.978424e-01 -1.600000e+00
   endloop
 endfacet
 facet normal  0.000000e+00  0.000000e+00 -1.000000e+00
   outer loop
     vertex  4.458813e+00  1.327098e+01 -1.600000e+00
     vertex  3.115293e+00  1.364899e+01 -1.600000e+00
     vertex  3.791767e+00  1.347674e+01 -1.600000e+00
   endloop
 endfacet
 facet normal  0.000000e+00  0.000000e+00 -1.000000e+00
   outer loop
     vertex  4.458813e+00  1.327098e+01 -1.600000e+00
     vertex  2.431074e+00  1.378731e+01 -1.600000e+00
     vertex  3.115293e+00  1.364899e+01 -1.600000e+00
   endloop
 endfacet
 facet normal  0.000000e+00  0.000000e+00 -1.000000e+00
   outer loop
     vertex  5.114774e+00  1.303223e+01 -1.600000e+00
     vertex -3.490297e-01  1.399565e+01 -1.600000e+00
     vertex  2.431074e+00  1.378731e+01 -1.600000e+00
   endloop
 endfacet
 facet normal  0.000000e+00  0.000000e+00 -1.000000e+00
   outer loop
     vertex  5.114774e+00  1.303223e+01 -1.600000e+00
     vertex  2.431074e+00  1.378731e+01 -1.600000e+00
     vertex  4.458813e+00  1.327098e+01 -1.600000e+00
   endloop
 endfacet
 facet normal  0.000000e+00  0.000000e+00 -1.000000e+00
   outer loop
     vertex  1.290067e+01  5.438087e+00 -1.600000e+00
     vertex  1.315570e+01  4.788282e+00 -1.600000e+00
     vertex  1.337802e+01  4.126572e+00 -1.600000e+00
   endloop
 endfacet
 facet normal  0.000000e+00  0.000000e+00 -1.000000e+00
   outer loop
     vertex  1.229510e+01  6.695556e+00 -1.600000e+00
     vertex  1.261356e+01  6.074372e+00 -1.600000e+00
     vertex  1.290067e+01  5.438087e+00 -1.600000e+00
   endloop
 endfacet
 facet normal  0.000000e+00  0.000000e+00 -1.000000e+00
   outer loop
     vertex  1.229510e+01  6.695556e+00 -1.600000e+00
     vertex  1.337802e+01  4.126572e+00 -1.600000e+00
     vertex  1.398260e+01 -6.978424e-01 -1.600000e+00
   endloop
 endfacet
 facet normal  0.000000e+00  0.000000e+00 -1.000000e+00
   outer loop
     vertex  1.229510e+01  6.695556e+00 -1.600000e+00
     vertex  1.290067e+01  5.438087e+00 -1.600000e+00
     vertex  1.337802e+01  4.126572e+00 -1.600000e+00
   endloop
 endfacet
 facet normal  0.000000e+00  0.000000e+00 -1.000000e+00
   outer loop
     vertex  7.000000e+00  1.212436e+01 -1.600000e+00
     vertex  5.758019e+00  1.276108e+01 -1.600000e+00
     vertex  6.386949e+00  1.245821e+01 -1.600000e+00
   endloop
 endfacet
 facet normal  0.000000e+00  0.000000e+00 -1.000000e+00
   outer loop
     vertex  7.000000e+00  1.212436e+01 -1.600000e+00
     vertex  5.114774e+00  1.303223e+01 -1.600000e+00
     vertex  5.758019e+00  1.276108e+01 -1.600000e+00
   endloop
 endfacet
 facet normal  0.000000e+00  0.000000e+00 -1.000000e+00
   outer loop
     vertex  7.000000e+00  1.212436e+01 -1.600000e+00
     vertex -3.490297e-01  1.399565e+01 -1.600000e+00
     vertex  5.114774e+00  1.303223e+01 -1.600000e+00
   endloop
 endfacet
 facet normal  0.000000e+00  0.000000e+00 -1.000000e+00
   outer loop
     vertex  1.156734e+01  7.886481e+00 -1.600000e+00
     vertex  1.194607e+01  7.300093e+00 -1.600000e+00
     vertex  1.229510e+01  6.695556e+00 -1.600000e+00
   endloop
 endfacet
 facet normal  0.000000e+00  0.000000e+00 -1.000000e+00
   outer loop
     vertex  8.172411e+00  1.136713e+01 -1.600000e+00
     vertex  7.000000e+00  1.212436e+01 -1.600000e+00
     vertex  7.595648e+00  1.176036e+01 -1.600000e+00
   endloop
 endfacet
 facet normal  0.000000e+00  0.000000e+00 -1.000000e+00
   outer loop
     vertex  8.172411e+00  1.136713e+01 -1.600000e+00
     vertex -3.490297e-01  1.399565e+01 -1.600000e+00
     vertex  7.000000e+00  1.212436e+01 -1.600000e+00
   endloop
 endfacet
 facet normal  0.000000e+00  0.000000e+00 -1.000000e+00
   outer loop
     vertex  8.728857e+00  1.094564e+01 -1.600000e+00
     vertex -3.490297e-01  1.399565e+01 -1.600000e+00
     vertex  8.172411e+00  1.136713e+01 -1.600000e+00
   endloop
 endfacet
 facet normal  0.000000e+00  0.000000e+00 -1.000000e+00
   outer loop
     vertex  1.072462e+01  8.999027e+00 -1.600000e+00
     vertex  1.115986e+01  8.453262e+00 -1.600000e+00
     vertex  1.156734e+01  7.886481e+00 -1.600000e+00
   endloop
 endfacet
 facet normal  0.000000e+00  0.000000e+00 -1.000000e+00
   outer loop
     vertex  1.072462e+01  8.999027e+00 -1.600000e+00
     vertex  1.156734e+01  7.886481e+00 -1.600000e+00
     vertex  1.229510e+01  6.695556e+00 -1.600000e+00
   endloop
 endfacet
 facet normal  0.000000e+00  0.000000e+00 -1.000000e+00
   outer loop
     vertex  1.026273e+01  9.522418e+00 -1.600000e+00
     vertex  1.072462e+01  8.999027e+00 -1.600000e+00
     vertex  1.229510e+01  6.695556e+00 -1.600000e+00
   endloop
 endfacet
 facet normal  0.000000e+00  0.000000e+00 -1.000000e+00
   outer loop
     vertex  9.775315e+00  1.002214e+01 -1.600000e+00
     vertex  8.728857e+00  1.094564e+01 -1.600000e+00
     vertex  9.263602e+00  1.049694e+01 -1.600000e+00
   endloop
 endfacet
 facet normal  0.000000e+00  0.000000e+00 -1.000000e+00
   outer loop
     vertex  9.775315e+00  1.002214e+01 -1.600000e+00
     vertex  1.229510e+01  6.695556e+00 -1.600000e+00
     vertex  1.398260e+01 -6.978424e-01 -1.600000e+00
   endloop
 endfacet
 facet normal  0.000000e+00  0.000000e+00 -1.000000e+00
   outer loop
     vertex  9.775315e+00  1.002214e+01 -1.600000e+00
     vertex  1.026273e+01  9.522418e+00 -1.600000e+00
     vertex  1.229510e+01  6.695556e+00 -1.600000e+00
   endloop
 endfacet
 facet normal  0.000000e+00  0.000000e+00 -1.000000e+00
   outer loop
     vertex  9.775315e+00  1.002214e+01 -1.600000e+00
     vertex -3.490297e-01  1.399565e+01 -1.600000e+00
     vertex  8.728857e+00  1.094564e+01 -1.600000e+00
   endloop
 endfacet
 facet normal -0.000000e+00 -0.000000e+00 -1.000000e+00
   outer loop
     vertex  9.775315e+00  1.002214e+01 -1.600000e+00
     vertex  1.398260e+01 -6.978424e-01 -1.600000e+00
     vertex -3.490297e-01  1.399565e+01 -1.600000e+00
   endloop
 endfacet
 facet normal  0.000000e+00  0.000000e+00  1.000000e+00
   outer loop
     vertex -1.115986e+01 -8.453262e+00  0.000000e+00
     vertex -1.072462e+01 -8.999027e+00  0.000000e+00
     vertex -1.026273e+01 -9.522418e+00  0.000000e+00
   endloop
 endfacet
 facet normal  0.000000e+00  0.000000e+00  1.000000e+00
   outer loop
     vertex -1.115986e+01 -8.453262e+00  0.000000e+00
     vertex -1.026273e+01 -9.522418e+00  0.000000e+00
     vertex -9.775315e+00 -1.002214e+01  0.000000e+00
   endloop
 endfacet
 facet normal  0.000000e+00  0.000000e+00  1.000000e+00
   outer loop
     vertex -8.172411e+00 -1.136713e+01  0.000000e+00
     vertex -9.263602e+00 -1.049694e+01  0.000000e+00
     vertex -8.728857e+00 -1.094564e+01  0.000000e+00
   endloop
 endfacet
 facet normal  0.000000e+00  0.000000e+00  1.000000e+00
   outer loop
     vertex -7.000000e+00 -1.212436e+01  0.000000e+00
     vertex -9.263602e+00 -1.049694e+01  0.000000e+00
     vertex -8.172411e+00 -1.136713e+01  0.000000e+00
   endloop
 endfacet
 facet normal  0.000000e+00  0.000000e+00  1.000000e+00
   outer loop
     vertex -7.000000e+00 -1.212436e+01  0.000000e+00
     vertex -9.775315e+00 -1.002214e+01  0.000000e+00
     vertex -9.263602e+00 -1.049694e+01  0.000000e+00
   endloop
 endfacet
 facet normal  0.000000e+00  0.000000e+00  1.000000e+00
   outer loop
     vertex -7.000000e+00 -1.212436e+01  0.000000e+00
     vertex -8.172411e+00 -1.136713e+01  0.000000e+00
     vertex -7.595648e+00 -1.176036e+01  0.000000e+00
   endloop
 endfacet
 facet normal  0.000000e+00  0.000000e+00  1.000000e+00
   outer loop
     vertex -1.229510e+01 -6.695556e+00  0.000000e+00
     vertex -1.194607e+01 -7.300093e+00  0.000000e+00
     vertex -1.156734e+01 -7.886481e+00  0.000000e+00
   endloop
 endfacet
 facet normal  0.000000e+00  0.000000e+00  1.000000e+00
   outer loop
     vertex -1.290067e+01 -5.438087e+00  0.000000e+00
     vertex -1.229510e+01 -6.695556e+00  0.000000e+00
     vertex -1.156734e+01 -7.886481e+00  0.000000e+00
   endloop
 endfacet
 facet normal  0.000000e+00  0.000000e+00  1.000000e+00
   outer loop
     vertex -1.290067e+01 -5.438087e+00  0.000000e+00
     vertex -1.261356e+01 -6.074372e+00  0.000000e+00
     vertex -1.229510e+01 -6.695556e+00  0.000000e+00
   endloop
 endfacet
 facet normal  0.000000e+00  0.000000e+00  1.000000e+00
   outer loop
     vertex -1.290067e+01 -5.438087e+00  0.000000e+00
     vertex -1.156734e+01 -7.886481e+00  0.000000e+00
     vertex -1.115986e+01 -8.453262e+00  0.000000e+00
   endloop
 endfacet
 facet normal  0.000000e+00  0.000000e+00  1.000000e+00
   outer loop
     vertex -5.114774e+00 -1.303223e+01  0.000000e+00
     vertex -7.000000e+00 -1.212436e+01  0.000000e+00
     vertex -6.386949e+00 -1.245821e+01  0.000000e+00
   endloop
 endfacet
 facet normal  0.000000e+00  0.000000e+00  1.000000e+00
   outer loop
     vertex -5.114774e+00 -1.303223e+01  0.000000e+00
     vertex -6.386949e+00 -1.245821e+01  0.000000e+00
     vertex -5.758019e+00 -1.276108e+01  0.000000e+00
   endloop
 endfacet
 facet normal  0.000000e+00  0.000000e+00  1.000000e+00
   outer loop
     vertex -1.315570e+01 -4.788282e+00  0.000000e+00
     vertex -1.290067e+01 -5.438087e+00  0.000000e+00
     vertex -1.115986e+01 -8.453262e+00  0.000000e+00
   endloop
 endfacet
 facet normal  0.000000e+00  0.000000e+00  1.000000e+00
   outer loop
     vertex -3.791767e+00 -1.347674e+01  0.000000e+00
     vertex -5.114774e+00 -1.303223e+01  0.000000e+00
     vertex -4.458813e+00 -1.327098e+01  0.000000e+00
   endloop
 endfacet
 facet normal  0.000000e+00  0.000000e+00  1.000000e+00
   outer loop
     vertex -1.372241e+01 -2.774046e+00  0.000000e+00
     vertex -1.356708e+01 -3.454604e+00  0.000000e+00
     vertex -1.337802e+01 -4.126572e+00  0.000000e+00
   endloop
 endfacet
 facet normal  0.000000e+00  0.000000e+00  1.000000e+00
   outer loop
     vertex -2.431074e+00 -1.378731e+01  0.000000e+00
     vertex -7.000000e+00 -1.212436e+01  0.000000e+00
     vertex -5.114774e+00 -1.303223e+01  0.000000e+00
   endloop
 endfacet
 facet normal  0.000000e+00  0.000000e+00  1.000000e+00
   outer loop
     vertex -2.431074e+00 -1.378731e+01  0.000000e+00
     vertex -5.114774e+00 -1.303223e+01  0.000000e+00
     vertex -3.791767e+00 -1.347674e+01  0.000000e+00
   endloop
 endfacet
 facet normal  0.000000e+00  0.000000e+00  1.000000e+00
   outer loop
     vertex -2.431074e+00 -1.378731e+01  0.000000e+00
     vertex -3.791767e+00 -1.347674e+01  0.000000e+00
     vertex -3.115293e+00 -1.364899e+01  0.000000e+00
   endloop
 endfacet
 facet normal  0.000000e+00  0.000000e+00  1.000000e+00
   outer loop
     vertex -1.400000e+01 -4.802349e-14  0.000000e+00
     vertex -1.398260e+01 -6.978424e-01  0.000000e+00
     vertex -1.393043e+01 -1.393950e+00  0.000000e+00
   endloop
 endfacet
 facet normal  0.000000e+00  0.000000e+00  1.000000e+00
   outer loop
     vertex -1.400000e+01 -4.802349e-14  0.000000e+00
     vertex -1.393043e+01 -1.393950e+00  0.000000e+00
     vertex -1.384363e+01 -2.086592e+00  0.000000e+00
   endloop
 endfacet
 facet normal  0.000000e+00  0.000000e+00  1.000000e+00
   outer loop
     vertex -1.400000e+01 -4.802349e-14  0.000000e+00
     vertex -1.384363e+01 -2.086592e+00  0.000000e+00
     vertex -1.372241e+01 -2.774046e+00  0.000000e+00
   endloop
 endfacet
 facet normal  0.000000e+00  0.000000e+00  1.000000e+00
   outer loop
     vertex  3.490297e-01 -1.399565e+01  0.000000e+00
     vertex -2.431074e+00 -1.378731e+01  0.000000e+00
     vertex -1.740812e+00 -1.389135e+01  0.000000e+00
   endloop
 endfacet
 facet normal  0.000000e+00  0.000000e+00  1.000000e+00
   outer loop
     vertex  3.490297e-01 -1.399565e+01  0.000000e+00
     vertex -1.740812e+00 -1.389135e+01  0.000000e+00
     vertex -1.046221e+00 -1.396085e+01  0.000000e+00
   endloop
 endfacet
 facet normal  0.000000e+00  0.000000e+00  1.000000e+00
   outer loop
     vertex  3.490297e-01 -1.399565e+01  0.000000e+00
     vertex -1.046221e+00 -1.396085e+01  0.000000e+00
     vertex -3.490297e-01 -1.399565e+01  0.000000e+00
   endloop
 endfacet
 facet normal  0.000000e+00  0.000000e+00  1.000000e+00
   outer loop
     vertex  1.740812e+00 -1.389135e+01  0.000000e+00
     vertex  3.490297e-01 -1.399565e+01  0.000000e+00
     vertex  1.046221e+00 -1.396085e+01  0.000000e+00
   endloop
 endfacet
 facet normal  0.000000e+00  0.000000e+00  1.000000e+00
   outer loop
     vertex -1.384363e+01  2.086592e+00  0.000000e+00
     vertex -1.115986e+01 -8.453262e+00  0.000000e+00
     vertex -9.775315e+00 -1.002214e+01  0.000000e+00
   endloop
 endfacet
 facet normal  0.000000e+00  0.000000e+00  1.000000e+00
   outer loop
     vertex -1.384363e+01  2.086592e+00  0.000000e+00
     vertex -1.315570e+01 -4.788282e+00  0.000000e+00
     vertex -1.115986e+01 -8.453262e+00  0.000000e+00
   endloop
 endfacet
 facet normal  0.000000e+00  0.000000e+00  1.000000e+00
   outer loop
     vertex -1.384363e+01  2.086592e+00  0.000000e+00
     vertex -9.775315e+00 -1.002214e+01  0.000000e+00
     vertex -7.000000e+00 -1.212436e+01  0.000000e+00
   endloop
 endfacet
 facet normal  0.000000e+00  0.000000e+00  1.000000e+00
   outer loop
     vertex -1.384363e+01  2.086592e+00  0.000000e+00
     vertex -1.393043e+01  1.393950e+00  0.000000e+00
     vertex -1.398260e+01  6.978424e-01  0.000000e+00
   endloop
 endfacet
 facet normal  0.000000e+00  0.000000e+00  1.000000e+00
   outer loop
     vertex -1.384363e+01  2.086592e+00  0.000000e+00
     vertex -1.398260e+01  6.978424e-01  0.000000e+00
     vertex -1.400000e+01 -4.802349e-14  0.000000e+00
   endloop
 endfacet
 facet normal  0.000000e+00  0.000000e+00  1.000000e+00
   outer loop
     vertex -1.384363e+01  2.086592e+00  0.000000e+00
     vertex -1.337802e+01 -4.126572e+00  0.000000e+00
     vertex -1.315570e+01 -4.788282e+00  0.000000e+00
   endloop
 endfacet
 facet normal  0.000000e+00  0.000000e+00  1.000000e+00
   outer loop
     vertex -1.384363e+01  2.086592e+00  0.000000e+00
     vertex -1.372241e+01 -2.774046e+00  0.000000e+00
     vertex -1.337802e+01 -4.126572e+00  0.000000e+00
   endloop
 endfacet
 facet normal  0.000000e+00  0.000000e+00  1.000000e+00
   outer loop
     vertex -1.384363e+01  2.086592e+00  0.000000e+00
     vertex -1.400000e+01 -4.802349e-14  0.000000e+00
     vertex -1.372241e+01 -2.774046e+00  0.000000e+00
   endloop
 endfacet
 facet normal  0.000000e+00  0.000000e+00  1.000000e+00
   outer loop
     vertex  2.431074e+00 -1.378731e+01  0.000000e+00
     vertex  3.490297e-01 -1.399565e+01  0.000000e+00
     vertex  1.740812e+00 -1.389135e+01  0.000000e+00
   endloop
 endfacet
 facet normal  0.000000e+00  0.000000e+00  1.000000e+00
   outer loop
     vertex  2.431074e+00 -1.378731e+01  0.000000e+00
     vertex -2.431074e+00 -1.378731e+01  0.000000e+00
     vertex  3.490297e-01 -1.399565e+01  0.000000e+00
   endloop
 endfacet
 facet normal  0.000000e+00  0.000000e+00  1.000000e+00
   outer loop
     vertex -1.356708e+01  3.454604e+00  0.000000e+00
     vertex -1.372241e+01  2.774046e+00  0.000000e+00
     vertex -1.384363e+01  2.086592e+00  0.000000e+00
   endloop
 endfacet
 facet normal  0.000000e+00  0.000000e+00  1.000000e+00
   outer loop
     vertex  3.791767e+00 -1.347674e+01  0.000000e+00
     vertex  2.431074e+00 -1.378731e+01  0.000000e+00
     vertex  3.115293e+00 -1.364899e+01  0.000000e+00
   endloop
 endfacet
 facet normal  0.000000e+00  0.000000e+00  1.000000e+00
   outer loop
     vertex -1.337802e+01  4.126572e+00  0.000000e+00
     vertex -1.356708e+01  3.454604e+00  0.000000e+00
     vertex -1.384363e+01  2.086592e+00  0.000000e+00
   endloop
 endfacet
 facet normal  0.000000e+00  0.000000e+00  1.000000e+00
   outer loop
     vertex -1.290067e+01  5.438087e+00  0.000000e+00
     vertex -1.315570e+01  4.788282e+00  0.000000e+00
     vertex -1.337802e+01  4.126572e+00  0.000000e+00
   endloop
 endfacet
 facet normal  0.000000e+00  0.000000e+00  1.000000e+00
   outer loop
     vertex  5.758019e+00 -1.276108e+01  0.000000e+00
     vertex  3.791767e+00 -1.347674e+01  0.000000e+00
     vertex  4.458813e+00 -1.327098e+01  0.000000e+00
   endloop
 endfacet
 facet normal  0.000000e+00  0.000000e+00  1.000000e+00
   outer loop
     vertex  5.758019e+00 -1.276108e+01  0.000000e+00
     vertex  4.458813e+00 -1.327098e+01  0.000000e+00
     vertex  5.114774e+00 -1.303223e+01  0.000000e+00
   endloop
 endfacet
 facet normal  0.000000e+00  0.000000e+00  1.000000e+00
   outer loop
     vertex  5.758019e+00 -1.276108e+01  0.000000e+00
     vertex  2.431074e+00 -1.378731e+01  0.000000e+00
     vertex  3.791767e+00 -1.347674e+01  0.000000e+00
   endloop
 endfacet
 facet normal  0.000000e+00  0.000000e+00  1.000000e+00
   outer loop
     vertex  7.000000e+00 -1.212436e+01  0.000000e+00
     vertex  5.758019e+00 -1.276108e+01  0.000000e+00
     vertex  6.386949e+00 -1.245821e+01  0.000000e+00
   endloop
 endfacet
 facet normal  0.000000e+00  0.000000e+00  1.000000e+00
   outer loop
     vertex  7.000000e+00 -1.212436e+01  0.000000e+00
     vertex  2.431074e+00 -1.378731e+01  0.000000e+00
     vertex  5.758019e+00 -1.276108e+01  0.000000e+00
   endloop
 endfacet
 facet normal  0.000000e+00  0.000000e+00  1.000000e+00
   outer loop
     vertex -1.194607e+01  7.300093e+00  0.000000e+00
     vertex -1.229510e+01  6.695556e+00  0.000000e+00
     vertex -1.261356e+01  6.074372e+00  0.000000e+00
   endloop
 endfacet
 facet normal  0.000000e+00  0.000000e+00  1.000000e+00
   outer loop
     vertex -1.156734e+01  7.886481e+00  0.000000e+00
     vertex -1.194607e+01  7.300093e+00  0.000000e+00
     vertex -1.261356e+01  6.074372e+00  0.000000e+00
   endloop
 endfacet
 facet normal  0.000000e+00  0.000000e+00  1.000000e+00
   outer loop
     vertex  8.172411e+00 -1.136713e+01  0.000000e+00
     vertex  7.000000e+00 -1.212436e+01  0.000000e+00
     vertex  7.595648e+00 -1.176036e+01  0.000000e+00
   endloop
 endfacet
 facet normal  0.000000e+00  0.000000e+00  1.000000e+00
   outer loop
     vertex  8.172411e+00 -1.136713e+01  0.000000e+00
     vertex  2.431074e+00 -1.378731e+01  0.000000e+00
     vertex  7.000000e+00 -1.212436e+01  0.000000e+00
   endloop
 endfacet
 facet normal  0.000000e+00  0.000000e+00  1.000000e+00
   outer loop
     vertex -1.072462e+01  8.999027e+00  0.000000e+00
     vertex -1.156734e+01  7.886481e+00  0.000000e+00
     vertex -1.261356e+01  6.074372e+00  0.000000e+00
   endloop
 endfacet
 facet normal  0.000000e+00  0.000000e+00  1.000000e+00
   outer loop
     vertex -1.072462e+01  8.999027e+00  0.000000e+00
     vertex -1.115986e+01  8.453262e+00  0.000000e+00
     vertex -1.156734e+01  7.886481e+00  0.000000e+00
   endloop
 endfacet
 facet normal  0.000000e+00  0.000000e+00  1.000000e+00
   outer loop
     vertex -1.072462e+01  8.999027e+00  0.000000e+00
     vertex -1.261356e+01  6.074372e+00  0.000000e+00
     vertex -1.290067e+01  5.438087e+00  0.000000e+00
   endloop
 endfacet
 facet normal  0.000000e+00  0.000000e+00  1.000000e+00
   outer loop
     vertex  9.263602e+00 -1.049694e+01  0.000000e+00
     vertex  8.172411e+00 -1.136713e+01  0.000000e+00
     vertex  8.728857e+00 -1.094564e+01  0.000000e+00
   endloop
 endfacet
 facet normal  0.000000e+00  0.000000e+00  1.000000e+00
   outer loop
     vertex -9.775315e+00  1.002214e+01  0.000000e+00
     vertex -1.072462e+01  8.999027e+00  0.000000e+00
     vertex -1.290067e+01  5.438087e+00  0.000000e+00
   endloop
 endfacet
 facet normal  0.000000e+00  0.000000e+00  1.000000e+00
   outer loop
     vertex -9.775315e+00  1.002214e+01  0.000000e+00
     vertex -1.026273e+01  9.522418e+00  0.000000e+00
     vertex -1.072462e+01  8.999027e+00  0.000000e+00
   endloop
 endfacet
 facet normal  0.000000e+00  0.000000e+00  1.000000e+00
   outer loop
     vertex  1.026273e+01 -9.522418e+00  0.000000e+00
     vertex  9.263602e+00 -1.049694e+01  0.000000e+00
     vertex  9.775315e+00 -1.002214e+01  0.000000e+00
   endloop
 endfacet
 facet normal  0.000000e+00  0.000000e+00  1.000000e+00
   outer loop
     vertex -9.263602e+00  1.049694e+01  0.000000e+00
     vertex -1.337802e+01  4.126572e+00  0.000000e+00
     vertex -1.384363e+01  2.086592e+00  0.000000e+00
   endloop
 endfacet
 facet normal  0.000000e+00  0.000000e+00  1.000000e+00
   outer loop
     vertex -9.263602e+00  1.049694e+01  0.000000e+00
     vertex -1.290067e+01  5.438087e+00  0.000000e+00
     vertex -1.337802e+01  4.126572e+00  0.000000e+00
   endloop
 endfacet
 facet normal  0.000000e+00  0.000000e+00  1.000000e+00
   outer loop
     vertex -9.263602e+00  1.049694e+01  0.000000e+00
     vertex -9.775315e+00  1.002214e+01  0.000000e+00
     vertex -1.290067e+01  5.438087e+00  0.000000e+00
   endloop
 endfacet
 facet normal  0.000000e+00  0.000000e+00  1.000000e+00
   outer loop
     vertex -9.263602e+00  1.049694e+01  0.000000e+00
     vertex -1.384363e+01  2.086592e+00  0.000000e+00
     vertex -7.000000e+00 -1.212436e+01  0.000000e+00
   endloop
 endfacet
 facet normal  0.000000e+00  0.000000e+00  1.000000e+00
   outer loop
     vertex  1.115986e+01 -8.453262e+00  0.000000e+00
     vertex  1.026273e+01 -9.522418e+00  0.000000e+00
     vertex  1.072462e+01 -8.999027e+00  0.000000e+00
   endloop
 endfacet
 facet normal  0.000000e+00  0.000000e+00  1.000000e+00
   outer loop
     vertex  1.115986e+01 -8.453262e+00  0.000000e+00
     vertex  9.263602e+00 -1.049694e+01  0.000000e+00
     vertex  1.026273e+01 -9.522418e+00  0.000000e+00
   endloop
 endfacet
 facet normal  0.000000e+00  0.000000e+00  1.000000e+00
   outer loop
     vertex  1.156734e+01 -7.886481e+00  0.000000e+00
     vertex  9.263602e+00 -1.049694e+01  0.000000e+00
     vertex  1.115986e+01 -8.453262e+00  0.000000e+00
   endloop
 endfacet
 facet normal  0.000000e+00  0.000000e+00  1.000000e+00
   outer loop
     vertex  1.156734e+01 -7.886481e+00  0.000000e+00
     vertex  8.172411e+00 -1.136713e+01  0.000000e+00
     vertex  9.263602e+00 -1.049694e+01  0.000000e+00
   endloop
 endfacet
 facet normal  0.000000e+00  0.000000e+00  1.000000e+00
   outer loop
     vertex -7.595648e+00  1.176036e+01  0.000000e+00
     vertex -8.172411e+00  1.136713e+01  0.000000e+00
     vertex -8.728857e+00  1.094564e+01  0.000000e+00
   endloop
 endfacet
 facet normal  0.000000e+00  0.000000e+00  1.000000e+00
   outer loop
     vertex  1.229510e+01 -6.695556e+00  0.000000e+00
     vertex  1.156734e+01 -7.886481e+00  0.000000e+00
     vertex  1.194607e+01 -7.300093e+00  0.000000e+00
   endloop
 endfacet
 facet normal  0.000000e+00  0.000000e+00  1.000000e+00
   outer loop
     vertex  1.229510e+01 -6.695556e+00  0.000000e+00
     vertex  8.172411e+00 -1.136713e+01  0.000000e+00
     vertex  1.156734e+01 -7.886481e+00  0.000000e+00
   endloop
 endfacet
 facet normal  0.000000e+00  0.000000e+00  1.000000e+00
   outer loop
     vertex -6.386949e+00  1.245821e+01  0.000000e+00
     vertex -7.000000e+00  1.212436e+01  0.000000e+00
     vertex -7.595648e+00  1.176036e+01  0.000000e+00
   endloop
 endfacet
 facet normal  0.000000e+00  0.000000e+00  1.000000e+00
   outer loop
     vertex -6.386949e+00  1.245821e+01  0.000000e+00
     vertex -7.595648e+00  1.176036e+01  0.000000e+00
     vertex -8.728857e+00  1.094564e+01  0.000000e+00
   endloop
 endfacet
 facet normal  0.000000e+00  0.000000e+00  1.000000e+00
   outer loop
     vertex -5.758019e+00  1.276108e+01  0.000000e+00
     vertex -6.386949e+00  1.245821e+01  0.000000e+00
     vertex -8.728857e+00  1.094564e+01  0.000000e+00
   endloop
 endfacet
 facet normal  0.000000e+00  0.000000e+00  1.000000e+00
   outer loop
     vertex  1.337802e+01 -4.126572e+00  0.000000e+00
     vertex  1.229510e+01 -6.695556e+00  0.000000e+00
     vertex  1.261356e+01 -6.074372e+00  0.000000e+00
   endloop
 endfacet
 facet normal  0.000000e+00  0.000000e+00  1.000000e+00
   outer loop
     vertex  1.337802e+01 -4.126572e+00  0.000000e+00
     vertex  1.261356e+01 -6.074372e+00  0.000000e+00
     vertex  1.290067e+01 -5.438087e+00  0.000000e+00
   endloop
 endfacet
 facet normal  0.000000e+00  0.000000e+00  1.000000e+00
   outer loop
     vertex  1.337802e+01 -4.126572e+00  0.000000e+00
     vertex  1.290067e+01 -5.438087e+00  0.000000e+00
     vertex  1.315570e+01 -4.788282e+00  0.000000e+00
   endloop
 endfacet
 facet normal  0.000000e+00  0.000000e+00  1.000000e+00
   outer loop
     vertex -3.791767e+00  1.347674e+01  0.000000e+00
     vertex -4.458813e+00  1.327098e+01  0.000000e+00
     vertex -5.114774e+00  1.303223e+01  0.000000e+00
   endloop
 endfacet
 facet normal  0.000000e+00  0.000000e+00  1.000000e+00
   outer loop
     vertex -3.791767e+00  1.347674e+01  0.000000e+00
     vertex -5.114774e+00  1.303223e+01  0.000000e+00
     vertex -5.758019e+00  1.276108e+01  0.000000e+00
   endloop
 endfacet
 facet normal  0.000000e+00  0.000000e+00  1.000000e+00
   outer loop
     vertex  1.372241e+01 -2.774046e+00  0.000000e+00
     vertex  1.337802e+01 -4.126572e+00  0.000000e+00
     vertex  1.356708e+01 -3.454604e+00  0.000000e+00
   endloop
 endfacet
 facet normal  0.000000e+00  0.000000e+00  1.000000e+00
   outer loop
     vertex  1.372241e+01 -2.774046e+00  0.000000e+00
     vertex  1.229510e+01 -6.695556e+00  0.000000e+00
     vertex  1.337802e+01 -4.126572e+00  0.000000e+00
   endloop
 endfacet
 facet normal  0.000000e+00  0.000000e+00  1.000000e+00
   outer loop
     vertex -1.046221e+00  1.396085e+01  0.000000e+00
     vertex -1.740812e+00  1.389135e+01  0.000000e+00
     vertex -2.431074e+00  1.378731e+01  0.000000e+00
   endloop
 endfacet
 facet normal  0.000000e+00  0.000000e+00  1.000000e+00
   outer loop
     vertex -1.046221e+00  1.396085e+01  0.000000e+00
     vertex -2.431074e+00  1.378731e+01  0.000000e+00
     vertex -3.115293e+00  1.364899e+01  0.000000e+00
   endloop
 endfacet
 facet normal  0.000000e+00  0.000000e+00  1.000000e+00
   outer loop
     vertex -1.046221e+00  1.396085e+01  0.000000e+00
     vertex -3.115293e+00  1.364899e+01  0.000000e+00
     vertex -3.791767e+00  1.347674e+01  0.000000e+00
   endloop
 endfacet
 facet normal  0.000000e+00  0.000000e+00  1.000000e+00
   outer loop
     vertex -1.046221e+00  1.396085e+01  0.000000e+00
     vertex -8.728857e+00  1.094564e+01  0.000000e+00
     vertex -9.263602e+00  1.049694e+01  0.000000e+00
   endloop
 endfacet
 facet normal  0.000000e+00  0.000000e+00  1.000000e+00
   outer loop
     vertex -1.046221e+00  1.396085e+01  0.000000e+00
     vertex -5.758019e+00  1.276108e+01  0.000000e+00
     vertex -8.728857e+00  1.094564e+01  0.000000e+00
   endloop
 endfacet
 facet normal  0.000000e+00  0.000000e+00  1.000000e+00
   outer loop
     vertex -1.046221e+00  1.396085e+01  0.000000e+00
     vertex -3.791767e+00  1.347674e+01  0.000000e+00
     vertex -5.758019e+00  1.276108e+01  0.000000e+00
   endloop
 endfacet
 facet normal  0.000000e+00  0.000000e+00  1.000000e+00
   outer loop
     vertex  1.398260e+01 -6.978424e-01  0.000000e+00
     vertex  1.372241e+01 -2.774046e+00  0.000000e+00
     vertex  1.384363e+01 -2.086592e+00  0.000000e+00
   endloop
 endfacet
 facet normal  0.000000e+00  0.000000e+00  1.000000e+00
   outer loop
     vertex  1.398260e+01 -6.978424e-01  0.000000e+00
     vertex  1.384363e+01 -2.086592e+00  0.000000e+00
     vertex  1.393043e+01 -1.393950e+00  0.000000e+00
   endloop
 endfacet
 facet normal  0.000000e+00  0.000000e+00  1.000000e+00
   outer loop
     vertex -3.490297e-01  1.399565e+01  0.000000e+00
     vertex  1.229510e+01 -6.695556e+00  0.000000e+00
     vertex  1.372241e+01 -2.774046e+00  0.000000e+00
   endloop
 endfacet
 facet normal  0.000000e+00  0.000000e+00  1.000000e+00
   outer loop
     vertex -3.490297e-01  1.399565e+01  0.000000e+00
     vertex -2.431074e+00 -1.378731e+01  0.000000e+00
     vertex  2.431074e+00 -1.378731e+01  0.000000e+00
   endloop
 endfacet
 facet normal  0.000000e+00  0.000000e+00  1.000000e+00
   outer loop
     vertex -3.490297e-01  1.399565e+01  0.000000e+00
     vertex  2.431074e+00 -1.378731e+01  0.000000e+00
     vertex  8.172411e+00 -1.136713e+01  0.000000e+00
   endloop
 endfacet
 facet normal  0.000000e+00  0.000000e+00  1.000000e+00
   outer loop
     vertex -3.490297e-01  1.399565e+01  0.000000e+00
     vertex  1.372241e+01 -2.774046e+00  0.000000e+00
     vertex  1.398260e+01 -6.978424e-01  0.000000e+00
   endloop
 endfacet
 facet normal  0.000000e+00  0.000000e+00  1.000000e+00
   outer loop
     vertex -3.490297e-01  1.399565e+01  0.000000e+00
     vertex -9.263602e+00  1.049694e+01  0.000000e+00
     vertex -7.000000e+00 -1.212436e+01  0.000000e+00
   endloop
 endfacet
 facet normal  0.000000e+00  0.000000e+00  1.000000e+00
   outer loop
     vertex -3.490297e-01  1.399565e+01  0.000000e+00
     vertex -7.000000e+00 -1.212436e+01  0.000000e+00
     vertex -2.431074e+00 -1.378731e+01  0.000000e+00
   endloop
 endfacet
 facet normal  0.000000e+00  0.000000e+00  1.000000e+00
   outer loop
     vertex -3.490297e-01  1.399565e+01  0.000000e+00
     vertex  8.172411e+00 -1.136713e+01  0.000000e+00
     vertex  1.229510e+01 -6.695556e+00  0.000000e+00
   endloop
 endfacet
 facet normal  0.000000e+00  0.000000e+00  1.000000e+00
   outer loop
     vertex -3.490297e-01  1.399565e+01  0.000000e+00
     vertex -1.046221e+00  1.396085e+01  0.000000e+00
     vertex -9.263602e+00  1.049694e+01  0.000000e+00
   endloop
 endfacet
 facet normal  0.000000e+00  0.000000e+00  1.000000e+00
   outer loop
     vertex  1.740812e+00  1.389135e+01  0.000000e+00
     vertex  1.046221e+00  1.396085e+01  0.000000e+00
     vertex  3.490297e-01  1.399565e+01  0.000000e+00
   endloop
 endfacet
 facet normal  0.000000e+00  0.000000e+00  1.000000e+00
   outer loop
     vertex  1.384363e+01  2.086592e+00  0.000000e+00
     vertex  1.398260e+01  6.978424e-01  0.000000e+00
     vertex  1.393043e+01  1.393950e+00  0.000000e+00
   endloop
 endfacet
 facet normal  0.000000e+00  0.000000e+00  1.000000e+00
   outer loop
     vertex  2.431074e+00  1.378731e+01  0.000000e+00
     vertex  1.740812e+00  1.389135e+01  0.000000e+00
     vertex  3.490297e-01  1.399565e+01  0.000000e+00
   endloop
 endfacet
 facet normal  0.000000e+00  0.000000e+00  1.000000e+00
   outer loop
     vertex  2.431074e+00  1.378731e+01  0.000000e+00
     vertex  3.490297e-01  1.399565e+01  0.000000e+00
     vertex -3.490297e-01  1.399565e+01  0.000000e+00
   endloop
 endfacet
 facet normal  0.000000e+00  0.000000e+00  1.000000e+00
   outer loop
     vertex  1.372241e+01  2.774046e+00  0.000000e+00
     vertex  1.400000e+01  0.000000e+00  0.000000e+00
     vertex  1.398260e+01  6.978424e-01  0.000000e+00
   endloop
 endfacet
 facet normal  0.000000e+00  0.000000e+00  1.000000e+00
   outer loop
     vertex  1.372241e+01  2.774046e+00  0.000000e+00
     vertex  1.398260e+01  6.978424e-01  0.000000e+00
     vertex  1.384363e+01  2.086592e+00  0.000000e+00
   endloop
 endfacet
 facet normal  0.000000e+00  0.000000e+00  1.000000e+00
   outer loop
     vertex  1.356708e+01  3.454604e+00  0.000000e+00
     vertex  1.398260e+01 -6.978424e-01  0.000000e+00
     vertex  1.400000e+01  0.000000e+00  0.000000e+00
   endloop
 endfacet
 facet normal  0.000000e+00  0.000000e+00  1.000000e+00
   outer loop
     vertex  1.356708e+01  3.454604e+00  0.000000e+00
     vertex  1.400000e+01  0.000000e+00  0.000000e+00
     vertex  1.372241e+01  2.774046e+00  0.000000e+00
   endloop
 endfacet
 facet normal  0.000000e+00  0.000000e+00  1.000000e+00
   outer loop
     vertex  1.337802e+01  4.126572e+00  0.000000e+00
     vertex  1.398260e+01 -6.978424e-01  0.000000e+00
     vertex  1.356708e+01  3.454604e+00  0.000000e+00
   endloop
 endfacet
 facet normal  0.000000e+00  0.000000e+00  1.000000e+00
   outer loop
     vertex  4.458813e+00  1.327098e+01  0.000000e+00
     vertex  3.791767e+00  1.347674e+01  0.000000e+00
     vertex  3.115293e+00  1.364899e+01  0.000000e+00
   endloop
 endfacet
 facet normal  0.000000e+00  0.000000e+00  1.000000e+00
   outer loop
     vertex  4.458813e+00  1.327098e+01  0.000000e+00
     vertex  3.115293e+00  1.364899e+01  0.000000e+00
     vertex  2.431074e+00  1.378731e+01  0.000000e+00
   endloop
 endfacet
 facet normal  0.000000e+00  0.000000e+00  1.000000e+00
   outer loop
     vertex  5.114774e+00  1.303223e+01  0.000000e+00
     vertex  2.431074e+00  1.378731e+01  0.000000e+00
     vertex -3.490297e-01  1.399565e+01  0.000000e+00
   endloop
 endfacet
 facet normal  0.000000e+00  0.000000e+00  1.000000e+00
   outer loop
     vertex  5.114774e+00  1.303223e+01  0.000000e+00
     vertex  4.458813e+00  1.327098e+01  0.000000e+00
     vertex  2.431074e+00  1.378731e+01  0.000000e+00
   endloop
 endfacet
 facet normal  0.000000e+00  0.000000e+00  1.000000e+00
   outer loop
     vertex  1.290067e+01  5.438087e+00  0.000000e+00
     vertex  1.337802e+01  4.126572e+00  0.000000e+00
     vertex  1.315570e+01  4.788282e+00  0.000000e+00
   endloop
 endfacet
 facet normal  0.000000e+00  0.000000e+00  1.000000e+00
   outer loop
     vertex  1.229510e+01  6.695556e+00  0.000000e+00
     vertex  1.290067e+01  5.438087e+00  0.000000e+00
     vertex  1.261356e+01  6.074372e+00  0.000000e+00
   endloop
 endfacet
 facet normal  0.000000e+00  0.000000e+00  1.000000e+00
   outer loop
     vertex  1.229510e+01  6.695556e+00  0.000000e+00
     vertex  1.398260e+01 -6.978424e-01  0.000000e+00
     vertex  1.337802e+01  4.126572e+00  0.000000e+00
   endloop
 endfacet
 facet normal  0.000000e+00  0.000000e+00  1.000000e+00
   outer loop
     vertex  1.229510e+01  6.695556e+00  0.000000e+00
     vertex  1.337802e+01  4.126572e+00  0.000000e+00
     vertex  1.290067e+01  5.438087e+00  0.000000e+00
   endloop
 endfacet
 facet normal  0.000000e+00  0.000000e+00  1.000000e+00
   outer loop
     vertex  7.000000e+00  1.212436e+01  0.000000e+00
     vertex  6.386949e+00  1.245821e+01  0.000000e+00
     vertex  5.758019e+00  1.276108e+01  0.000000e+00
   endloop
 endfacet
 facet normal  0.000000e+00  0.000000e+00  1.000000e+00
   outer loop
     vertex  7.000000e+00  1.212436e+01  0.000000e+00
     vertex  5.758019e+00  1.276108e+01  0.000000e+00
     vertex  5.114774e+00  1.303223e+01  0.000000e+00
   endloop
 endfacet
 facet normal  0.000000e+00  0.000000e+00  1.000000e+00
   outer loop
     vertex  7.000000e+00  1.212436e+01  0.000000e+00
     vertex  5.114774e+00  1.303223e+01  0.000000e+00
     vertex -3.490297e-01  1.399565e+01  0.000000e+00
   endloop
 endfacet
 facet normal  0.000000e+00  0.000000e+00  1.000000e+00
   outer loop
     vertex  1.156734e+01  7.886481e+00  0.000000e+00
     vertex  1.229510e+01  6.695556e+00  0.000000e+00
     vertex  1.194607e+01  7.300093e+00  0.000000e+00
   endloop
 endfacet
 facet normal  0.000000e+00  0.000000e+00  1.000000e+00
   outer loop
     vertex  8.172411e+00  1.136713e+01  0.000000e+00
     vertex  7.595648e+00  1.176036e+01  0.000000e+00
     vertex  7.000000e+00  1.212436e+01  0.000000e+00
   endloop
 endfacet
 facet normal  0.000000e+00  0.000000e+00  1.000000e+00
   outer loop
     vertex  8.172411e+00  1.136713e+01  0.000000e+00
     vertex  7.000000e+00  1.212436e+01  0.000000e+00
     vertex -3.490297e-01  1.399565e+01  0.000000e+00
   endloop
 endfacet
 facet normal  0.000000e+00  0.000000e+00  1.000000e+00
   outer loop
     vertex  8.728857e+00  1.094564e+01  0.000000e+00
     vertex  8.172411e+00  1.136713e+01  0.000000e+00
     vertex -3.490297e-01  1.399565e+01  0.000000e+00
   endloop
 endfacet
 facet normal  0.000000e+00  0.000000e+00  1.000000e+00
   outer loop
     vertex  1.072462e+01  8.999027e+00  0.000000e+00
     vertex  1.156734e+01  7.886481e+00  0.000000e+00
     vertex  1.115986e+01  8.453262e+00  0.000000e+00
   endloop
 endfacet
 facet normal  0.000000e+00  0.000000e+00  1.000000e+00
   outer loop
     vertex  1.072462e+01  8.999027e+00  0.000000e+00
     vertex  1.229510e+01  6.695556e+00  0.000000e+00
     vertex  1.156734e+01  7.886481e+00  0.000000e+00
   endloop
 endfacet
 facet normal  0.000000e+00  0.000000e+00  1.000000e+00
   outer loop
     vertex  1.026273e+01  9.522418e+00  0.000000e+00
     vertex  1.229510e+01  6.695556e+00  0.000000e+00
     vertex  1.072462e+01  8.999027e+00  0.000000e+00
   endloop
 endfacet
 facet normal  0.000000e+00  0.000000e+00  1.000000e+00
   outer loop
     vertex  9.775315e+00  1.002214e+01  0.000000e+00
     vertex  9.263602e+00  1.049694e+01  0.000000e+00
     vertex  8.728857e+00  1.094564e+01  0.000000e+00
   endloop
 endfacet
 facet normal  0.000000e+00  0.000000e+00  1.000000e+00
   outer loop
     vertex  9.775315e+00  1.002214e+01  0.000000e+00
     vertex  1.398260e+01 -6.978424e-01  0.000000e+00
     vertex  1.229510e+01  6.695556e+00  0.000000e+00
   endloop
 endfacet
 facet normal  0.000000e+00  0.000000e+00  1.000000e+00
   outer loop
     vertex  9.775315e+00  1.002214e+01  0.000000e+00
     vertex  1.229510e+01  6.695556e+00  0.000000e+00
     vertex  1.026273e+01  9.522418e+00  0.000000e+00
   endloop
 endfacet
 facet normal  0.000000e+00  0.000000e+00  1.000000e+00
   outer loop
     vertex  9.775315e+00  1.002214e+01  0.000000e+00
     vertex  8.728857e+00  1.094564e+01  0.000000e+00
     vertex -3.490297e-01  1.399565e+01  0.000000e+00
   endloop
 endfacet
 facet normal  0.000000e+00  0.000000e+00  1.000000e+00
   outer loop
     vertex  9.775315e+00  1.002214e+01  0.000000e+00
     vertex -3.490297e-01  1.399565e+01  0.000000e+00
     vertex  1.398260e+01 -6.978424e-01  0.000000e+00
   endloop
 endfacet
endsolid
