solid 
 facet normal  8.660254e-01  5.000000e-01 -0.000000e+00
   outer loop
     vertex  1.732051e+01  0.000000e+00  0.000000e+00
     vertex  8.660254e+00  1.500000e+01  2.200000e+01
     vertex  1.732051e+01  0.000000e+00  2.200000e+01
   endloop
 endfacet
 facet normal  8.660254e-01  5.000000e-01 -0.000000e+00
   outer loop
     vertex  8.660254e+00  1.500000e+01  0.000000e+00
     vertex  8.660254e+00  1.500000e+01  2.200000e+01
     vertex  1.732051e+01  0.000000e+00  0.000000e+00
   endloop
 endfacet
 facet normal  1.025580e-16  1.000000e+00 -0.000000e+00
   outer loop
     vertex  8.660254e+00  1.500000e+01  0.000000e+00
     vertex -8.660254e+00  1.500000e+01  2.200000e+01
     vertex  8.660254e+00  1.500000e+01  2.200000e+01
   endloop
 endfacet
 facet normal  1.025580e-16  1.000000e+00 -0.000000e+00
   outer loop
     vertex -8.660254e+00  1.500000e+01  0.000000e+00
     vertex -8.660254e+00  1.500000e+01  2.200000e+01
     vertex  8.660254e+00  1.500000e+01  0.000000e+00
   endloop
 endfacet
 facet normal -8.660254e-01  5.000000e-01  0.000000e+00
   outer loop
     vertex -1.732051e+01  2.121150e-15  0.000000e+00
     vertex -8.660254e+00  1.500000e+01  2.200000e+01
     vertex -8.660254e+00  1.500000e+01  0.000000e+00
   endloop
 endfacet
 facet normal -8.660254e-01  5.000000e-01  0.000000e+00
   outer loop
     vertex -1.732051e+01  2.121150e-15  0.000000e+00
     vertex -1.732051e+01  2.121150e-15  2.200000e+01
     vertex -8.660254e+00  1.500000e+01  2.200000e+01
   endloop
 endfacet
 facet normal -8.660254e-01 -5.000000e-01  0.000000e+00
   outer loop
     vertex -1.732051e+01  2.121150e-15  0.000000e+00
     vertex -8.660254e+00 -1.500000e+01  2.200000e+01
     vertex -1.732051e+01  2.121150e-15  2.200000e+01
   endloop
 endfacet
 facet normal -8.660254e-01 -5.000000e-01  0.000000e+00
   outer loop
     vertex -8.660254e+00 -1.500000e+01  0.000000e+00
     vertex -8.660254e+00 -1.500000e+01  2.200000e+01
     vertex -1.732051e+01  2.121150e-15  0.000000e+00
   endloop
 endfacet
 facet normal -1.025580e-16 -1.000000e+00  0.000000e+00
   outer loop
     vertex  8.660254e+00 -1.500000e+01  0.000000e+00
     vertex -8.660254e+00 -1.500000e+01  2.200000e+01
     vertex -8.660254e+00 -1.500000e+01  0.000000e+00
   endloop
 endfacet
 facet normal -1.025580e-16 -1.000000e+00  0.000000e+00
   outer loop
     vertex  8.660254e+00 -1.500000e+01  0.000000e+00
     vertex  8.660254e+00 -1.500000e+01  2.200000e+01
     vertex -8.660254e+00 -1.500000e+01  2.200000e+01
   endloop
 endfacet
 facet normal  8.660254e-01 -5.000000e-01  0.000000e+00
   outer loop
     vertex  8.660254e+00 -1.500000e+01  0.000000e+00
     vertex  1.732051e+01  0.000000e+00  2.200000e+01
     vertex  8.660254e+00 -1.500000e+01  2.200000e+01
   endloop
 endfacet
 facet normal  8.660254e-01 -5.000000e-01  0.000000e+00
   outer loop
     vertex  1.732051e+01  0.000000e+00  0.000000e+00
     vertex  1.732051e+01  0.000000e+00  2.200000e+01
     vertex  8.660254e+00 -1.500000e+01  0.000000e+00
   endloop
 endfacet
 facet normal  0.000000e+00  0.000000e+00 -1.000000e+00
   outer loop
     vertex -8.660254e+00  1.500000e+01  0.000000e+00
     vertex -8.660254e+00 -1.500000e+01  0.000000e+00
     vertex -1.732051e+01  2.121150e-15  0.000000e+00
   endloop
 endfacet
 facet normal  0.000000e+00 -0.000000e+00 -1.000000e+00
   outer loop
     vertex -8.660254e+00  1.500000e+01  0.000000e+00
     vertex  8.660254e+00 -1.500000e+01  0.000000e+00
     vertex -8.660254e+00 -1.500000e+01  0.000000e+00
   endloop
 endfacet
 facet normal  0.000000e+00  0.000000e+00 -1.000000e+00
   outer loop
     vertex  8.660254e+00  1.500000e+01  0.000000e+00
     vertex  1.732051e+01  0.000000e+00  0.000000e+00
     vertex  8.660254e+00 -1.500000e+01  0.000000e+00
   endloop
 endfacet
 facet normal -0.000000e+00 -0.000000e+00 -1.000000e+00
   outer loop
     vertex  8.660254e+00  1.500000e+01  0.000000e+00
     vertex  8.660254e+00 -1.500000e+01  0.000000e+00
     vertex -8.660254e+00  1.500000e+01  0.000000e+00
   endloop
 endfacet
 facet normal  0.000000e+00  0.000000e+00  1.000000e+00
   outer loop
     vertex -8.660254e+00  1.500000e+01  2.200000e+01
     vertex -1.732051e+01  2.121150e-15  2.200000e+01
     vertex -8.660254e+00 -1.500000e+01  2.200000e+01
   endloop
 endfacet
 facet normal  0.000000e+00  0.000000e+00  1.000000e+00
   outer loop
     vertex -8.660254e+00  1.500000e+01  2.200000e+01
     vertex -8.660254e+00 -1.500000e+01  2.200000e+01
     vertex  8.660254e+00 -1.500000e+01  2.200000e+01
   endloop
 endfacet
 facet normal  0.000000e+00  0.000000e+00  1.000000e+00
   outer loop
     vertex  8.660254e+00  1.500000e+01  2.200000e+01
     vertex  8.660254e+00 -1.500000e+01  2.200000e+01
     vertex  1.732051e+01  0.000000e+00  2.200000e+01
   endloop
 endfacet
 facet normal  0.000000e+00  0.000000e+00  1.000000e+00
   outer loop
     vertex  8.660254e+00  1.500000e+01  2.200000e+01
     vertex -8.660254e+00  1.500000e+01  2.200000e+01
     vertex  8.660254e+00 -1.500000e+01  2.200000e+01
   endloop
 endfacet
 facet normal  9.996892e-01  2.493069e-02  0.000000e+00
   outer loop
     vertex  1.667924e+01  8.324263e-01 -1.200000e+01
     vertex  1.670000e+01  0.000000e+00  0.000000e+00
     vertex  1.670000e+01  0.000000e+00 -1.200000e+01
   endloop
 endfacet
 facet normal  9.996892e-01  2.493069e-02 -0.000000e+00
   outer loop
     vertex  1.667924e+01  8.324263e-01 -1.200000e+01
     vertex  1.667924e+01  8.324263e-01  0.000000e+00
     vertex  1.670000e+01  0.000000e+00  0.000000e+00
   endloop
 endfacet
 facet normal  9.972038e-01  7.473009e-02 -0.000000e+00
   outer loop
     vertex  1.661701e+01  1.662783e+00 -1.200000e+01
     vertex  1.661701e+01  1.662783e+00  0.000000e+00
     vertex  1.667924e+01  8.324263e-01  0.000000e+00
   endloop
 endfacet
 facet normal  9.922392e-01  1.243437e-01 -0.000000e+00
   outer loop
     vertex  1.661701e+01  1.662783e+00 -1.200000e+01
     vertex  1.651347e+01  2.489006e+00  0.000000e+00
     vertex  1.661701e+01  1.662783e+00  0.000000e+00
   endloop
 endfacet
 facet normal  9.972038e-01  7.473009e-02  0.000000e+00
   outer loop
     vertex  1.661701e+01  1.662783e+00 -1.200000e+01
     vertex  1.667924e+01  8.324263e-01  0.000000e+00
     vertex  1.667924e+01  8.324263e-01 -1.200000e+01
   endloop
 endfacet
 facet normal  9.922392e-01  1.243437e-01 -0.000000e+00
   outer loop
     vertex  1.651347e+01  2.489006e+00 -1.200000e+01
     vertex  1.651347e+01  2.489006e+00  0.000000e+00
     vertex  1.661701e+01  1.662783e+00 -1.200000e+01
   endloop
 endfacet
 facet normal  9.848078e-01  1.736482e-01 -0.000000e+00
   outer loop
     vertex  1.636888e+01  3.309041e+00 -1.200000e+01
     vertex  1.636888e+01  3.309041e+00  0.000000e+00
     vertex  1.651347e+01  2.489006e+00  0.000000e+00
   endloop
 endfacet
 facet normal  9.749279e-01  2.225209e-01 -0.000000e+00
   outer loop
     vertex  1.636888e+01  3.309041e+00 -1.200000e+01
     vertex  1.618359e+01  4.120849e+00  0.000000e+00
     vertex  1.636888e+01  3.309041e+00  0.000000e+00
   endloop
 endfacet
 facet normal  9.848078e-01  1.736482e-01  0.000000e+00
   outer loop
     vertex  1.636888e+01  3.309041e+00 -1.200000e+01
     vertex  1.651347e+01  2.489006e+00  0.000000e+00
     vertex  1.651347e+01  2.489006e+00 -1.200000e+01
   endloop
 endfacet
 facet normal  9.626242e-01  2.708405e-01 -0.000000e+00
   outer loop
     vertex  1.618359e+01  4.120849e+00 -1.200000e+01
     vertex  1.595807e+01  4.922411e+00  0.000000e+00
     vertex  1.618359e+01  4.120849e+00  0.000000e+00
   endloop
 endfacet
 facet normal  9.749279e-01  2.225209e-01 -0.000000e+00
   outer loop
     vertex  1.618359e+01  4.120849e+00 -1.200000e+01
     vertex  1.618359e+01  4.120849e+00  0.000000e+00
     vertex  1.636888e+01  3.309041e+00 -1.200000e+01
   endloop
 endfacet
 facet normal  9.626242e-01  2.708405e-01 -0.000000e+00
   outer loop
     vertex  1.595807e+01  4.922411e+00 -1.200000e+01
     vertex  1.595807e+01  4.922411e+00  0.000000e+00
     vertex  1.618359e+01  4.120849e+00 -1.200000e+01
   endloop
 endfacet
 facet normal  9.479273e-01  3.184867e-01 -0.000000e+00
   outer loop
     vertex  1.569287e+01  5.711736e+00 -1.200000e+01
     vertex  1.569287e+01  5.711736e+00  0.000000e+00
     vertex  1.595807e+01  4.922411e+00  0.000000e+00
   endloop
 endfacet
 facet normal  9.479273e-01  3.184867e-01  0.000000e+00
   outer loop
     vertex  1.569287e+01  5.711736e+00 -1.200000e+01
     vertex  1.595807e+01  4.922411e+00  0.000000e+00
     vertex  1.595807e+01  4.922411e+00 -1.200000e+01
   endloop
 endfacet
 facet normal  9.308737e-01  3.653410e-01 -0.000000e+00
   outer loop
     vertex  1.538865e+01  6.486861e+00 -1.200000e+01
     vertex  1.538865e+01  6.486861e+00  0.000000e+00
     vertex  1.569287e+01  5.711736e+00  0.000000e+00
   endloop
 endfacet
 facet normal  9.115059e-01  4.112871e-01 -0.000000e+00
   outer loop
     vertex  1.538865e+01  6.486861e+00 -1.200000e+01
     vertex  1.504618e+01  7.245858e+00  0.000000e+00
     vertex  1.538865e+01  6.486861e+00  0.000000e+00
   endloop
 endfacet
 facet normal  9.308737e-01  3.653410e-01  0.000000e+00
   outer loop
     vertex  1.538865e+01  6.486861e+00 -1.200000e+01
     vertex  1.569287e+01  5.711736e+00  0.000000e+00
     vertex  1.569287e+01  5.711736e+00 -1.200000e+01
   endloop
 endfacet
 facet normal  9.115059e-01  4.112871e-01 -0.000000e+00
   outer loop
     vertex  1.504618e+01  7.245858e+00 -1.200000e+01
     vertex  1.504618e+01  7.245858e+00  0.000000e+00
     vertex  1.538865e+01  6.486861e+00 -1.200000e+01
   endloop
 endfacet
 facet normal  8.898718e-01  4.562107e-01 -0.000000e+00
   outer loop
     vertex  1.466630e+01  7.986841e+00 -1.200000e+01
     vertex  1.466630e+01  7.986841e+00  0.000000e+00
     vertex  1.504618e+01  7.245858e+00  0.000000e+00
   endloop
 endfacet
 facet normal  8.898718e-01  4.562107e-01  0.000000e+00
   outer loop
     vertex  1.466630e+01  7.986841e+00 -1.200000e+01
     vertex  1.504618e+01  7.245858e+00  0.000000e+00
     vertex  1.504618e+01  7.245858e+00 -1.200000e+01
   endloop
 endfacet
 facet normal  8.660254e-01  5.000000e-01  0.000000e+00
   outer loop
     vertex  1.424996e+01  8.707968e+00 -1.200000e+01
     vertex  1.466630e+01  7.986841e+00  0.000000e+00
     vertex  1.466630e+01  7.986841e+00 -1.200000e+01
   endloop
 endfacet
 facet normal  8.660254e-01  5.000000e-01 -0.000000e+00
   outer loop
     vertex  1.424996e+01  8.707968e+00 -1.200000e+01
     vertex  1.424996e+01  8.707968e+00  0.000000e+00
     vertex  1.466630e+01  7.986841e+00  0.000000e+00
   endloop
 endfacet
 facet normal  8.400259e-01  5.425463e-01  0.000000e+00
   outer loop
     vertex  1.379819e+01  9.407445e+00 -1.200000e+01
     vertex  1.424996e+01  8.707968e+00  0.000000e+00
     vertex  1.424996e+01  8.707968e+00 -1.200000e+01
   endloop
 endfacet
 facet normal  8.400259e-01  5.425463e-01 -0.000000e+00
   outer loop
     vertex  1.379819e+01  9.407445e+00 -1.200000e+01
     vertex  1.379819e+01  9.407445e+00  0.000000e+00
     vertex  1.424996e+01  8.707968e+00  0.000000e+00
   endloop
 endfacet
 facet normal  8.119380e-01  5.837437e-01  0.000000e+00
   outer loop
     vertex  1.331211e+01  1.008353e+01 -1.200000e+01
     vertex  1.379819e+01  9.407445e+00  0.000000e+00
     vertex  1.379819e+01  9.407445e+00 -1.200000e+01
   endloop
 endfacet
 facet normal  8.119380e-01  5.837437e-01 -0.000000e+00
   outer loop
     vertex  1.331211e+01  1.008353e+01 -1.200000e+01
     vertex  1.331211e+01  1.008353e+01  0.000000e+00
     vertex  1.379819e+01  9.407445e+00  0.000000e+00
   endloop
 endfacet
 facet normal  7.818315e-01  6.234898e-01  0.000000e+00
   outer loop
     vertex  1.279294e+01  1.073455e+01 -1.200000e+01
     vertex  1.331211e+01  1.008353e+01  0.000000e+00
     vertex  1.331211e+01  1.008353e+01 -1.200000e+01
   endloop
 endfacet
 facet normal  7.818315e-01  6.234898e-01 -0.000000e+00
   outer loop
     vertex  1.279294e+01  1.073455e+01 -1.200000e+01
     vertex  1.279294e+01  1.073455e+01  0.000000e+00
     vertex  1.331211e+01  1.008353e+01  0.000000e+00
   endloop
 endfacet
 facet normal  7.497812e-01  6.616858e-01 -0.000000e+00
   outer loop
     vertex  1.224197e+01  1.135888e+01 -1.200000e+01
     vertex  1.224197e+01  1.135888e+01  0.000000e+00
     vertex  1.279294e+01  1.073455e+01  0.000000e+00
   endloop
 endfacet
 facet normal  7.497812e-01  6.616858e-01  0.000000e+00
   outer loop
     vertex  1.224197e+01  1.135888e+01 -1.200000e+01
     vertex  1.279294e+01  1.073455e+01  0.000000e+00
     vertex  1.279294e+01  1.073455e+01 -1.200000e+01
   endloop
 endfacet
 facet normal  7.158668e-01  6.982368e-01 -0.000000e+00
   outer loop
     vertex  1.166055e+01  1.195498e+01 -1.200000e+01
     vertex  1.166055e+01  1.195498e+01  0.000000e+00
     vertex  1.224197e+01  1.135888e+01  0.000000e+00
   endloop
 endfacet
 facet normal  7.158668e-01  6.982368e-01  0.000000e+00
   outer loop
     vertex  1.166055e+01  1.195498e+01 -1.200000e+01
     vertex  1.224197e+01  1.135888e+01  0.000000e+00
     vertex  1.224197e+01  1.135888e+01 -1.200000e+01
   endloop
 endfacet
 facet normal  6.801727e-01  7.330519e-01 -0.000000e+00
   outer loop
     vertex  1.105015e+01  1.252135e+01 -1.200000e+01
     vertex  1.105015e+01  1.252135e+01  0.000000e+00
     vertex  1.166055e+01  1.195498e+01  0.000000e+00
   endloop
 endfacet
 facet normal  6.801727e-01  7.330519e-01  0.000000e+00
   outer loop
     vertex  1.105015e+01  1.252135e+01 -1.200000e+01
     vertex  1.166055e+01  1.195498e+01  0.000000e+00
     vertex  1.166055e+01  1.195498e+01 -1.200000e+01
   endloop
 endfacet
 facet normal  6.427876e-01  7.660444e-01 -0.000000e+00
   outer loop
     vertex  1.041228e+01  1.305659e+01 -1.200000e+01
     vertex  1.041228e+01  1.305659e+01  0.000000e+00
     vertex  1.105015e+01  1.252135e+01  0.000000e+00
   endloop
 endfacet
 facet normal  6.427876e-01  7.660444e-01  0.000000e+00
   outer loop
     vertex  1.041228e+01  1.305659e+01 -1.200000e+01
     vertex  1.105015e+01  1.252135e+01  0.000000e+00
     vertex  1.105015e+01  1.252135e+01 -1.200000e+01
   endloop
 endfacet
 facet normal  6.038044e-01  7.971325e-01 -0.000000e+00
   outer loop
     vertex  9.748519e+00  1.355936e+01 -1.200000e+01
     vertex  9.748519e+00  1.355936e+01  0.000000e+00
     vertex  1.041228e+01  1.305659e+01  0.000000e+00
   endloop
 endfacet
 facet normal  6.038044e-01  7.971325e-01  0.000000e+00
   outer loop
     vertex  9.748519e+00  1.355936e+01 -1.200000e+01
     vertex  1.041228e+01  1.305659e+01  0.000000e+00
     vertex  1.041228e+01  1.305659e+01 -1.200000e+01
   endloop
 endfacet
 facet normal  5.633201e-01  8.262388e-01 -0.000000e+00
   outer loop
     vertex  9.060523e+00  1.402843e+01 -1.200000e+01
     vertex  9.060523e+00  1.402843e+01  0.000000e+00
     vertex  9.748519e+00  1.355936e+01  0.000000e+00
   endloop
 endfacet
 facet normal  5.214352e-01  8.532909e-01 -0.000000e+00
   outer loop
     vertex  9.060523e+00  1.402843e+01 -1.200000e+01
     vertex  8.350000e+00  1.446262e+01  0.000000e+00
     vertex  9.060523e+00  1.402843e+01  0.000000e+00
   endloop
 endfacet
 facet normal  5.633201e-01  8.262388e-01  0.000000e+00
   outer loop
     vertex  9.060523e+00  1.402843e+01 -1.200000e+01
     vertex  9.748519e+00  1.355936e+01  0.000000e+00
     vertex  9.748519e+00  1.355936e+01 -1.200000e+01
   endloop
 endfacet
 facet normal  5.214352e-01  8.532909e-01 -0.000000e+00
   outer loop
     vertex  8.350000e+00  1.446262e+01 -1.200000e+01
     vertex  8.350000e+00  1.446262e+01  0.000000e+00
     vertex  9.060523e+00  1.402843e+01 -1.200000e+01
   endloop
 endfacet
 facet normal  4.782540e-01  8.782216e-01 -0.000000e+00
   outer loop
     vertex  7.618718e+00  1.486086e+01 -1.200000e+01
     vertex  7.618718e+00  1.486086e+01  0.000000e+00
     vertex  8.350000e+00  1.446262e+01  0.000000e+00
   endloop
 endfacet
 facet normal  4.338837e-01  9.009689e-01 -0.000000e+00
   outer loop
     vertex  7.618718e+00  1.486086e+01 -1.200000e+01
     vertex  6.868495e+00  1.522215e+01  0.000000e+00
     vertex  7.618718e+00  1.486086e+01  0.000000e+00
   endloop
 endfacet
 facet normal  4.782540e-01  8.782216e-01  0.000000e+00
   outer loop
     vertex  7.618718e+00  1.486086e+01 -1.200000e+01
     vertex  8.350000e+00  1.446262e+01  0.000000e+00
     vertex  8.350000e+00  1.446262e+01 -1.200000e+01
   endloop
 endfacet
 facet normal  4.338837e-01  9.009689e-01 -0.000000e+00
   outer loop
     vertex  6.868495e+00  1.522215e+01 -1.200000e+01
     vertex  6.868495e+00  1.522215e+01  0.000000e+00
     vertex  7.618718e+00  1.486086e+01 -1.200000e+01
   endloop
 endfacet
 facet normal  3.884348e-01  9.214762e-01 -0.000000e+00
   outer loop
     vertex  6.101195e+00  1.554559e+01 -1.200000e+01
     vertex  6.101195e+00  1.554559e+01  0.000000e+00
     vertex  6.868495e+00  1.522215e+01  0.000000e+00
   endloop
 endfacet
 facet normal  3.420201e-01  9.396926e-01 -0.000000e+00
   outer loop
     vertex  6.101195e+00  1.554559e+01 -1.200000e+01
     vertex  5.318727e+00  1.583039e+01  0.000000e+00
     vertex  6.101195e+00  1.554559e+01  0.000000e+00
   endloop
 endfacet
 facet normal  3.884348e-01  9.214762e-01  0.000000e+00
   outer loop
     vertex  6.101195e+00  1.554559e+01 -1.200000e+01
     vertex  6.868495e+00  1.522215e+01  0.000000e+00
     vertex  6.868495e+00  1.522215e+01 -1.200000e+01
   endloop
 endfacet
 facet normal  3.420201e-01  9.396926e-01 -0.000000e+00
   outer loop
     vertex  5.318727e+00  1.583039e+01 -1.200000e+01
     vertex  5.318727e+00  1.583039e+01  0.000000e+00
     vertex  6.101195e+00  1.554559e+01 -1.200000e+01
   endloop
 endfacet
 facet normal  2.947552e-01  9.555728e-01 -0.000000e+00
   outer loop
     vertex  4.523036e+00  1.607582e+01 -1.200000e+01
     vertex  4.523036e+00  1.607582e+01  0.000000e+00
     vertex  5.318727e+00  1.583039e+01  0.000000e+00
   endloop
 endfacet
 facet normal  2.947552e-01  9.555728e-01  0.000000e+00
   outer loop
     vertex  4.523036e+00  1.607582e+01 -1.200000e+01
     vertex  5.318727e+00  1.583039e+01  0.000000e+00
     vertex  5.318727e+00  1.583039e+01 -1.200000e+01
   endloop
 endfacet
 facet normal  2.467574e-01  9.690773e-01 -0.000000e+00
   outer loop
     vertex  3.716100e+00  1.628130e+01 -1.200000e+01
     vertex  3.716100e+00  1.628130e+01  0.000000e+00
     vertex  4.523036e+00  1.607582e+01  0.000000e+00
   endloop
 endfacet
 facet normal  1.981461e-01  9.801725e-01 -0.000000e+00
   outer loop
     vertex  3.716100e+00  1.628130e+01 -1.200000e+01
     vertex  2.899925e+00  1.644629e+01  0.000000e+00
     vertex  3.716100e+00  1.628130e+01  0.000000e+00
   endloop
 endfacet
 facet normal  2.467574e-01  9.690773e-01  0.000000e+00
   outer loop
     vertex  3.716100e+00  1.628130e+01 -1.200000e+01
     vertex  4.523036e+00  1.607582e+01  0.000000e+00
     vertex  4.523036e+00  1.607582e+01 -1.200000e+01
   endloop
 endfacet
 facet normal  1.490423e-01  9.888308e-01 -0.000000e+00
   outer loop
     vertex  2.899925e+00  1.644629e+01 -1.200000e+01
     vertex  2.076540e+00  1.657039e+01  0.000000e+00
     vertex  2.899925e+00  1.644629e+01  0.000000e+00
   endloop
 endfacet
 facet normal  1.981461e-01  9.801725e-01 -0.000000e+00
   outer loop
     vertex  2.899925e+00  1.644629e+01 -1.200000e+01
     vertex  2.899925e+00  1.644629e+01  0.000000e+00
     vertex  3.716100e+00  1.628130e+01 -1.200000e+01
   endloop
 endfacet
 facet normal  1.490423e-01  9.888308e-01 -0.000000e+00
   outer loop
     vertex  2.076540e+00  1.657039e+01 -1.200000e+01
     vertex  2.076540e+00  1.657039e+01  0.000000e+00
     vertex  2.899925e+00  1.644629e+01 -1.200000e+01
   endloop
 endfacet
 facet normal  9.956785e-02  9.950308e-01 -0.000000e+00
   outer loop
     vertex  1.247993e+00  1.665330e+01 -1.200000e+01
     vertex  1.247993e+00  1.665330e+01  0.000000e+00
     vertex  2.076540e+00  1.657039e+01  0.000000e+00
   endloop
 endfacet
 facet normal  4.984589e-02  9.987569e-01 -0.000000e+00
   outer loop
     vertex  1.247993e+00  1.665330e+01 -1.200000e+01
     vertex  4.163426e-01  1.669481e+01  0.000000e+00
     vertex  1.247993e+00  1.665330e+01  0.000000e+00
   endloop
 endfacet
 facet normal  9.956785e-02  9.950308e-01  0.000000e+00
   outer loop
     vertex  1.247993e+00  1.665330e+01 -1.200000e+01
     vertex  2.076540e+00  1.657039e+01  0.000000e+00
     vertex  2.076540e+00  1.657039e+01 -1.200000e+01
   endloop
 endfacet
 facet normal  4.984589e-02  9.987569e-01 -0.000000e+00
   outer loop
     vertex  4.163426e-01  1.669481e+01 -1.200000e+01
     vertex  4.163426e-01  1.669481e+01  0.000000e+00
     vertex  1.247993e+00  1.665330e+01 -1.200000e+01
   endloop
 endfacet
 facet normal  0.000000e+00  1.000000e+00  0.000000e+00
   outer loop
     vertex -4.163426e-01  1.669481e+01 -1.200000e+01
     vertex -4.163426e-01  1.669481e+01  0.000000e+00
     vertex  4.163426e-01  1.669481e+01  0.000000e+00
   endloop
 endfacet
 facet normal -4.984589e-02  9.987569e-01  0.000000e+00
   outer loop
     vertex -4.163426e-01  1.669481e+01 -1.200000e+01
     vertex -1.247993e+00  1.665330e+01  0.000000e+00
     vertex -4.163426e-01  1.669481e+01  0.000000e+00
   endloop
 endfacet
 facet normal  0.000000e+00  1.000000e+00  0.000000e+00
   outer loop
     vertex -4.163426e-01  1.669481e+01 -1.200000e+01
     vertex  4.163426e-01  1.669481e+01  0.000000e+00
     vertex  4.163426e-01  1.669481e+01 -1.200000e+01
   endloop
 endfacet
 facet normal -4.984589e-02  9.987569e-01  0.000000e+00
   outer loop
     vertex -1.247993e+00  1.665330e+01 -1.200000e+01
     vertex -1.247993e+00  1.665330e+01  0.000000e+00
     vertex -4.163426e-01  1.669481e+01 -1.200000e+01
   endloop
 endfacet
 facet normal -9.956785e-02  9.950308e-01  0.000000e+00
   outer loop
     vertex -2.076540e+00  1.657039e+01 -1.200000e+01
     vertex -2.076540e+00  1.657039e+01  0.000000e+00
     vertex -1.247993e+00  1.665330e+01  0.000000e+00
   endloop
 endfacet
 facet normal -1.490423e-01  9.888308e-01  0.000000e+00
   outer loop
     vertex -2.076540e+00  1.657039e+01 -1.200000e+01
     vertex -2.899925e+00  1.644629e+01  0.000000e+00
     vertex -2.076540e+00  1.657039e+01  0.000000e+00
   endloop
 endfacet
 facet normal -9.956785e-02  9.950308e-01  0.000000e+00
   outer loop
     vertex -2.076540e+00  1.657039e+01 -1.200000e+01
     vertex -1.247993e+00  1.665330e+01  0.000000e+00
     vertex -1.247993e+00  1.665330e+01 -1.200000e+01
   endloop
 endfacet
 facet normal -1.490423e-01  9.888308e-01  0.000000e+00
   outer loop
     vertex -2.899925e+00  1.644629e+01 -1.200000e+01
     vertex -2.899925e+00  1.644629e+01  0.000000e+00
     vertex -2.076540e+00  1.657039e+01 -1.200000e+01
   endloop
 endfacet
 facet normal -1.981461e-01  9.801725e-01  0.000000e+00
   outer loop
     vertex -3.716100e+00  1.628130e+01 -1.200000e+01
     vertex -2.899925e+00  1.644629e+01  0.000000e+00
     vertex -2.899925e+00  1.644629e+01 -1.200000e+01
   endloop
 endfacet
 facet normal -1.981461e-01  9.801725e-01  0.000000e+00
   outer loop
     vertex -3.716100e+00  1.628130e+01 -1.200000e+01
     vertex -3.716100e+00  1.628130e+01  0.000000e+00
     vertex -2.899925e+00  1.644629e+01  0.000000e+00
   endloop
 endfacet
 facet normal -2.467574e-01  9.690773e-01  0.000000e+00
   outer loop
     vertex -4.523036e+00  1.607582e+01 -1.200000e+01
     vertex -4.523036e+00  1.607582e+01  0.000000e+00
     vertex -3.716100e+00  1.628130e+01  0.000000e+00
   endloop
 endfacet
 facet normal -2.467574e-01  9.690773e-01  0.000000e+00
   outer loop
     vertex -4.523036e+00  1.607582e+01 -1.200000e+01
     vertex -3.716100e+00  1.628130e+01  0.000000e+00
     vertex -3.716100e+00  1.628130e+01 -1.200000e+01
   endloop
 endfacet
 facet normal -2.947552e-01  9.555728e-01  0.000000e+00
   outer loop
     vertex -5.318727e+00  1.583039e+01 -1.200000e+01
     vertex -4.523036e+00  1.607582e+01  0.000000e+00
     vertex -4.523036e+00  1.607582e+01 -1.200000e+01
   endloop
 endfacet
 facet normal -2.947552e-01  9.555728e-01  0.000000e+00
   outer loop
     vertex -5.318727e+00  1.583039e+01 -1.200000e+01
     vertex -5.318727e+00  1.583039e+01  0.000000e+00
     vertex -4.523036e+00  1.607582e+01  0.000000e+00
   endloop
 endfacet
 facet normal -3.420201e-01  9.396926e-01  0.000000e+00
   outer loop
     vertex -6.101195e+00  1.554559e+01 -1.200000e+01
     vertex -5.318727e+00  1.583039e+01  0.000000e+00
     vertex -5.318727e+00  1.583039e+01 -1.200000e+01
   endloop
 endfacet
 facet normal -3.420201e-01  9.396926e-01  0.000000e+00
   outer loop
     vertex -6.101195e+00  1.554559e+01 -1.200000e+01
     vertex -6.101195e+00  1.554559e+01  0.000000e+00
     vertex -5.318727e+00  1.583039e+01  0.000000e+00
   endloop
 endfacet
 facet normal -3.884348e-01  9.214762e-01  0.000000e+00
   outer loop
     vertex -6.868495e+00  1.522215e+01 -1.200000e+01
     vertex -6.101195e+00  1.554559e+01  0.000000e+00
     vertex -6.101195e+00  1.554559e+01 -1.200000e+01
   endloop
 endfacet
 facet normal -3.884348e-01  9.214762e-01  0.000000e+00
   outer loop
     vertex -6.868495e+00  1.522215e+01 -1.200000e+01
     vertex -6.868495e+00  1.522215e+01  0.000000e+00
     vertex -6.101195e+00  1.554559e+01  0.000000e+00
   endloop
 endfacet
 facet normal -4.338837e-01  9.009689e-01  0.000000e+00
   outer loop
     vertex -6.868495e+00  1.522215e+01 -1.200000e+01
     vertex -7.618718e+00  1.486086e+01  0.000000e+00
     vertex -6.868495e+00  1.522215e+01  0.000000e+00
   endloop
 endfacet
 facet normal -4.338837e-01  9.009689e-01  0.000000e+00
   outer loop
     vertex -7.618718e+00  1.486086e+01 -1.200000e+01
     vertex -7.618718e+00  1.486086e+01  0.000000e+00
     vertex -6.868495e+00  1.522215e+01 -1.200000e+01
   endloop
 endfacet
 facet normal -4.782540e-01  8.782216e-01  0.000000e+00
   outer loop
     vertex -8.350000e+00  1.446262e+01 -1.200000e+01
     vertex -7.618718e+00  1.486086e+01  0.000000e+00
     vertex -7.618718e+00  1.486086e+01 -1.200000e+01
   endloop
 endfacet
 facet normal -4.782540e-01  8.782216e-01  0.000000e+00
   outer loop
     vertex -8.350000e+00  1.446262e+01 -1.200000e+01
     vertex -8.350000e+00  1.446262e+01  0.000000e+00
     vertex -7.618718e+00  1.486086e+01  0.000000e+00
   endloop
 endfacet
 facet normal -5.214352e-01  8.532909e-01  0.000000e+00
   outer loop
     vertex -9.060523e+00  1.402843e+01 -1.200000e+01
     vertex -8.350000e+00  1.446262e+01  0.000000e+00
     vertex -8.350000e+00  1.446262e+01 -1.200000e+01
   endloop
 endfacet
 facet normal -5.214352e-01  8.532909e-01  0.000000e+00
   outer loop
     vertex -9.060523e+00  1.402843e+01 -1.200000e+01
     vertex -9.060523e+00  1.402843e+01  0.000000e+00
     vertex -8.350000e+00  1.446262e+01  0.000000e+00
   endloop
 endfacet
 facet normal -5.633201e-01  8.262388e-01  0.000000e+00
   outer loop
     vertex -9.748519e+00  1.355936e+01 -1.200000e+01
     vertex -9.060523e+00  1.402843e+01  0.000000e+00
     vertex -9.060523e+00  1.402843e+01 -1.200000e+01
   endloop
 endfacet
 facet normal -5.633201e-01  8.262388e-01  0.000000e+00
   outer loop
     vertex -9.748519e+00  1.355936e+01 -1.200000e+01
     vertex -9.748519e+00  1.355936e+01  0.000000e+00
     vertex -9.060523e+00  1.402843e+01  0.000000e+00
   endloop
 endfacet
 facet normal -6.038044e-01  7.971325e-01  0.000000e+00
   outer loop
     vertex -1.041228e+01  1.305659e+01 -1.200000e+01
     vertex -9.748519e+00  1.355936e+01  0.000000e+00
     vertex -9.748519e+00  1.355936e+01 -1.200000e+01
   endloop
 endfacet
 facet normal -6.038044e-01  7.971325e-01  0.000000e+00
   outer loop
     vertex -1.041228e+01  1.305659e+01 -1.200000e+01
     vertex -1.041228e+01  1.305659e+01  0.000000e+00
     vertex -9.748519e+00  1.355936e+01  0.000000e+00
   endloop
 endfacet
 facet normal -6.427876e-01  7.660444e-01  0.000000e+00
   outer loop
     vertex -1.105015e+01  1.252135e+01 -1.200000e+01
     vertex -1.041228e+01  1.305659e+01  0.000000e+00
     vertex -1.041228e+01  1.305659e+01 -1.200000e+01
   endloop
 endfacet
 facet normal -6.427876e-01  7.660444e-01  0.000000e+00
   outer loop
     vertex -1.105015e+01  1.252135e+01 -1.200000e+01
     vertex -1.105015e+01  1.252135e+01  0.000000e+00
     vertex -1.041228e+01  1.305659e+01  0.000000e+00
   endloop
 endfacet
 facet normal -6.801727e-01  7.330519e-01  0.000000e+00
   outer loop
     vertex -1.166055e+01  1.195498e+01 -1.200000e+01
     vertex -1.105015e+01  1.252135e+01  0.000000e+00
     vertex -1.105015e+01  1.252135e+01 -1.200000e+01
   endloop
 endfacet
 facet normal -6.801727e-01  7.330519e-01  0.000000e+00
   outer loop
     vertex -1.166055e+01  1.195498e+01 -1.200000e+01
     vertex -1.166055e+01  1.195498e+01  0.000000e+00
     vertex -1.105015e+01  1.252135e+01  0.000000e+00
   endloop
 endfacet
 facet normal -7.158668e-01  6.982368e-01  0.000000e+00
   outer loop
     vertex -1.224197e+01  1.135888e+01 -1.200000e+01
     vertex -1.166055e+01  1.195498e+01  0.000000e+00
     vertex -1.166055e+01  1.195498e+01 -1.200000e+01
   endloop
 endfacet
 facet normal -7.158668e-01  6.982368e-01  0.000000e+00
   outer loop
     vertex -1.224197e+01  1.135888e+01 -1.200000e+01
     vertex -1.224197e+01  1.135888e+01  0.000000e+00
     vertex -1.166055e+01  1.195498e+01  0.000000e+00
   endloop
 endfacet
 facet normal -7.497812e-01  6.616858e-01  0.000000e+00
   outer loop
     vertex -1.279294e+01  1.073455e+01 -1.200000e+01
     vertex -1.224197e+01  1.135888e+01  0.000000e+00
     vertex -1.224197e+01  1.135888e+01 -1.200000e+01
   endloop
 endfacet
 facet normal -7.497812e-01  6.616858e-01  0.000000e+00
   outer loop
     vertex -1.279294e+01  1.073455e+01 -1.200000e+01
     vertex -1.279294e+01  1.073455e+01  0.000000e+00
     vertex -1.224197e+01  1.135888e+01  0.000000e+00
   endloop
 endfacet
 facet normal -7.818315e-01  6.234898e-01  0.000000e+00
   outer loop
     vertex -1.331211e+01  1.008353e+01 -1.200000e+01
     vertex -1.331211e+01  1.008353e+01  0.000000e+00
     vertex -1.279294e+01  1.073455e+01  0.000000e+00
   endloop
 endfacet
 facet normal -7.818315e-01  6.234898e-01  0.000000e+00
   outer loop
     vertex -1.331211e+01  1.008353e+01 -1.200000e+01
     vertex -1.279294e+01  1.073455e+01  0.000000e+00
     vertex -1.279294e+01  1.073455e+01 -1.200000e+01
   endloop
 endfacet
 facet normal -8.119380e-01  5.837437e-01  0.000000e+00
   outer loop
     vertex -1.379819e+01  9.407445e+00 -1.200000e+01
     vertex -1.379819e+01  9.407445e+00  0.000000e+00
     vertex -1.331211e+01  1.008353e+01  0.000000e+00
   endloop
 endfacet
 facet normal -8.119380e-01  5.837437e-01  0.000000e+00
   outer loop
     vertex -1.379819e+01  9.407445e+00 -1.200000e+01
     vertex -1.331211e+01  1.008353e+01  0.000000e+00
     vertex -1.331211e+01  1.008353e+01 -1.200000e+01
   endloop
 endfacet
 facet normal -8.400259e-01  5.425463e-01  0.000000e+00
   outer loop
     vertex -1.424996e+01  8.707968e+00 -1.200000e+01
     vertex -1.424996e+01  8.707968e+00  0.000000e+00
     vertex -1.379819e+01  9.407445e+00  0.000000e+00
   endloop
 endfacet
 facet normal -8.400259e-01  5.425463e-01  0.000000e+00
   outer loop
     vertex -1.424996e+01  8.707968e+00 -1.200000e+01
     vertex -1.379819e+01  9.407445e+00  0.000000e+00
     vertex -1.379819e+01  9.407445e+00 -1.200000e+01
   endloop
 endfacet
 facet normal -8.660254e-01  5.000000e-01  0.000000e+00
   outer loop
     vertex -1.466630e+01  7.986841e+00 -1.200000e+01
     vertex -1.466630e+01  7.986841e+00  0.000000e+00
     vertex -1.424996e+01  8.707968e+00  0.000000e+00
   endloop
 endfacet
 facet normal -8.660254e-01  5.000000e-01  0.000000e+00
   outer loop
     vertex -1.466630e+01  7.986841e+00 -1.200000e+01
     vertex -1.424996e+01  8.707968e+00  0.000000e+00
     vertex -1.424996e+01  8.707968e+00 -1.200000e+01
   endloop
 endfacet
 facet normal -8.898718e-01  4.562107e-01  0.000000e+00
   outer loop
     vertex -1.504618e+01  7.245858e+00 -1.200000e+01
     vertex -1.504618e+01  7.245858e+00  0.000000e+00
     vertex -1.466630e+01  7.986841e+00  0.000000e+00
   endloop
 endfacet
 facet normal -8.898718e-01  4.562107e-01  0.000000e+00
   outer loop
     vertex -1.504618e+01  7.245858e+00 -1.200000e+01
     vertex -1.466630e+01  7.986841e+00  0.000000e+00
     vertex -1.466630e+01  7.986841e+00 -1.200000e+01
   endloop
 endfacet
 facet normal -9.115059e-01  4.112871e-01  0.000000e+00
   outer loop
     vertex -1.538865e+01  6.486861e+00 -1.200000e+01
     vertex -1.538865e+01  6.486861e+00  0.000000e+00
     vertex -1.504618e+01  7.245858e+00  0.000000e+00
   endloop
 endfacet
 facet normal -9.115059e-01  4.112871e-01  0.000000e+00
   outer loop
     vertex -1.538865e+01  6.486861e+00 -1.200000e+01
     vertex -1.504618e+01  7.245858e+00  0.000000e+00
     vertex -1.504618e+01  7.245858e+00 -1.200000e+01
   endloop
 endfacet
 facet normal -9.308737e-01  3.653410e-01  0.000000e+00
   outer loop
     vertex -1.569287e+01  5.711736e+00 -1.200000e+01
     vertex -1.569287e+01  5.711736e+00  0.000000e+00
     vertex -1.538865e+01  6.486861e+00  0.000000e+00
   endloop
 endfacet
 facet normal -9.308737e-01  3.653410e-01  0.000000e+00
   outer loop
     vertex -1.569287e+01  5.711736e+00 -1.200000e+01
     vertex -1.538865e+01  6.486861e+00  0.000000e+00
     vertex -1.538865e+01  6.486861e+00 -1.200000e+01
   endloop
 endfacet
 facet normal -9.479273e-01  3.184867e-01  0.000000e+00
   outer loop
     vertex -1.595807e+01  4.922411e+00 -1.200000e+01
     vertex -1.595807e+01  4.922411e+00  0.000000e+00
     vertex -1.569287e+01  5.711736e+00  0.000000e+00
   endloop
 endfacet
 facet normal -9.479273e-01  3.184867e-01  0.000000e+00
   outer loop
     vertex -1.595807e+01  4.922411e+00 -1.200000e+01
     vertex -1.569287e+01  5.711736e+00  0.000000e+00
     vertex -1.569287e+01  5.711736e+00 -1.200000e+01
   endloop
 endfacet
 facet normal -9.626242e-01  2.708405e-01  0.000000e+00
   outer loop
     vertex -1.618359e+01  4.120849e+00 -1.200000e+01
     vertex -1.618359e+01  4.120849e+00  0.000000e+00
     vertex -1.595807e+01  4.922411e+00  0.000000e+00
   endloop
 endfacet
 facet normal -9.626242e-01  2.708405e-01  0.000000e+00
   outer loop
     vertex -1.618359e+01  4.120849e+00 -1.200000e+01
     vertex -1.595807e+01  4.922411e+00  0.000000e+00
     vertex -1.595807e+01  4.922411e+00 -1.200000e+01
   endloop
 endfacet
 facet normal -9.749279e-01  2.225209e-01  0.000000e+00
   outer loop
     vertex -1.636888e+01  3.309041e+00 -1.200000e+01
     vertex -1.636888e+01  3.309041e+00  0.000000e+00
     vertex -1.618359e+01  4.120849e+00  0.000000e+00
   endloop
 endfacet
 facet normal -9.749279e-01  2.225209e-01  0.000000e+00
   outer loop
     vertex -1.636888e+01  3.309041e+00 -1.200000e+01
     vertex -1.618359e+01  4.120849e+00  0.000000e+00
     vertex -1.618359e+01  4.120849e+00 -1.200000e+01
   endloop
 endfacet
 facet normal -9.848078e-01  1.736482e-01  0.000000e+00
   outer loop
     vertex -1.651347e+01  2.489006e+00 -1.200000e+01
     vertex -1.651347e+01  2.489006e+00  0.000000e+00
     vertex -1.636888e+01  3.309041e+00  0.000000e+00
   endloop
 endfacet
 facet normal -9.848078e-01  1.736482e-01  0.000000e+00
   outer loop
     vertex -1.651347e+01  2.489006e+00 -1.200000e+01
     vertex -1.636888e+01  3.309041e+00  0.000000e+00
     vertex -1.636888e+01  3.309041e+00 -1.200000e+01
   endloop
 endfacet
 facet normal -9.922392e-01  1.243437e-01  0.000000e+00
   outer loop
     vertex -1.661701e+01  1.662783e+00 -1.200000e+01
     vertex -1.661701e+01  1.662783e+00  0.000000e+00
     vertex -1.651347e+01  2.489006e+00  0.000000e+00
   endloop
 endfacet
 facet normal -9.922392e-01  1.243437e-01  0.000000e+00
   outer loop
     vertex -1.661701e+01  1.662783e+00 -1.200000e+01
     vertex -1.651347e+01  2.489006e+00  0.000000e+00
     vertex -1.651347e+01  2.489006e+00 -1.200000e+01
   endloop
 endfacet
 facet normal -9.972038e-01  7.473009e-02  0.000000e+00
   outer loop
     vertex -1.667924e+01  8.324263e-01 -1.200000e+01
     vertex -1.661701e+01  1.662783e+00  0.000000e+00
     vertex -1.661701e+01  1.662783e+00 -1.200000e+01
   endloop
 endfacet
 facet normal -9.972038e-01  7.473009e-02  0.000000e+00
   outer loop
     vertex -1.667924e+01  8.324263e-01 -1.200000e+01
     vertex -1.667924e+01  8.324263e-01  0.000000e+00
     vertex -1.661701e+01  1.662783e+00  0.000000e+00
   endloop
 endfacet
 facet normal -9.996892e-01  2.493069e-02  0.000000e+00
   outer loop
     vertex -1.670000e+01 -5.728516e-14 -1.200000e+01
     vertex -1.667924e+01  8.324263e-01  0.000000e+00
     vertex -1.667924e+01  8.324263e-01 -1.200000e+01
   endloop
 endfacet
 facet normal -9.996892e-01  2.493069e-02  0.000000e+00
   outer loop
     vertex -1.670000e+01 -5.728516e-14 -1.200000e+01
     vertex -1.670000e+01 -5.728516e-14  0.000000e+00
     vertex -1.667924e+01  8.324263e-01  0.000000e+00
   endloop
 endfacet
 facet normal -9.996892e-01 -2.493069e-02  0.000000e+00
   outer loop
     vertex -1.667924e+01 -8.324263e-01 -1.200000e+01
     vertex -1.670000e+01 -5.728516e-14  0.000000e+00
     vertex -1.670000e+01 -5.728516e-14 -1.200000e+01
   endloop
 endfacet
 facet normal -9.996892e-01 -2.493069e-02  0.000000e+00
   outer loop
     vertex -1.667924e+01 -8.324263e-01 -1.200000e+01
     vertex -1.667924e+01 -8.324263e-01  0.000000e+00
     vertex -1.670000e+01 -5.728516e-14  0.000000e+00
   endloop
 endfacet
 facet normal -9.972038e-01 -7.473009e-02  0.000000e+00
   outer loop
     vertex -1.661701e+01 -1.662783e+00 -1.200000e+01
     vertex -1.667924e+01 -8.324263e-01  0.000000e+00
     vertex -1.667924e+01 -8.324263e-01 -1.200000e+01
   endloop
 endfacet
 facet normal -9.972038e-01 -7.473009e-02  0.000000e+00
   outer loop
     vertex -1.661701e+01 -1.662783e+00 -1.200000e+01
     vertex -1.661701e+01 -1.662783e+00  0.000000e+00
     vertex -1.667924e+01 -8.324263e-01  0.000000e+00
   endloop
 endfacet
 facet normal -9.922392e-01 -1.243437e-01  0.000000e+00
   outer loop
     vertex -1.651347e+01 -2.489006e+00 -1.200000e+01
     vertex -1.661701e+01 -1.662783e+00  0.000000e+00
     vertex -1.661701e+01 -1.662783e+00 -1.200000e+01
   endloop
 endfacet
 facet normal -9.922392e-01 -1.243437e-01  0.000000e+00
   outer loop
     vertex -1.651347e+01 -2.489006e+00 -1.200000e+01
     vertex -1.651347e+01 -2.489006e+00  0.000000e+00
     vertex -1.661701e+01 -1.662783e+00  0.000000e+00
   endloop
 endfacet
 facet normal -9.848078e-01 -1.736482e-01  0.000000e+00
   outer loop
     vertex -1.636888e+01 -3.309041e+00 -1.200000e+01
     vertex -1.651347e+01 -2.489006e+00  0.000000e+00
     vertex -1.651347e+01 -2.489006e+00 -1.200000e+01
   endloop
 endfacet
 facet normal -9.848078e-01 -1.736482e-01  0.000000e+00
   outer loop
     vertex -1.636888e+01 -3.309041e+00 -1.200000e+01
     vertex -1.636888e+01 -3.309041e+00  0.000000e+00
     vertex -1.651347e+01 -2.489006e+00  0.000000e+00
   endloop
 endfacet
 facet normal -9.749279e-01 -2.225209e-01  0.000000e+00
   outer loop
     vertex -1.618359e+01 -4.120849e+00 -1.200000e+01
     vertex -1.636888e+01 -3.309041e+00  0.000000e+00
     vertex -1.636888e+01 -3.309041e+00 -1.200000e+01
   endloop
 endfacet
 facet normal -9.749279e-01 -2.225209e-01  0.000000e+00
   outer loop
     vertex -1.618359e+01 -4.120849e+00 -1.200000e+01
     vertex -1.618359e+01 -4.120849e+00  0.000000e+00
     vertex -1.636888e+01 -3.309041e+00  0.000000e+00
   endloop
 endfacet
 facet normal -9.626242e-01 -2.708405e-01  0.000000e+00
   outer loop
     vertex -1.595807e+01 -4.922411e+00 -1.200000e+01
     vertex -1.618359e+01 -4.120849e+00  0.000000e+00
     vertex -1.618359e+01 -4.120849e+00 -1.200000e+01
   endloop
 endfacet
 facet normal -9.626242e-01 -2.708405e-01  0.000000e+00
   outer loop
     vertex -1.595807e+01 -4.922411e+00 -1.200000e+01
     vertex -1.595807e+01 -4.922411e+00  0.000000e+00
     vertex -1.618359e+01 -4.120849e+00  0.000000e+00
   endloop
 endfacet
 facet normal -9.479273e-01 -3.184867e-01  0.000000e+00
   outer loop
     vertex -1.569287e+01 -5.711736e+00 -1.200000e+01
     vertex -1.595807e+01 -4.922411e+00  0.000000e+00
     vertex -1.595807e+01 -4.922411e+00 -1.200000e+01
   endloop
 endfacet
 facet normal -9.479273e-01 -3.184867e-01  0.000000e+00
   outer loop
     vertex -1.569287e+01 -5.711736e+00 -1.200000e+01
     vertex -1.569287e+01 -5.711736e+00  0.000000e+00
     vertex -1.595807e+01 -4.922411e+00  0.000000e+00
   endloop
 endfacet
 facet normal -9.308737e-01 -3.653410e-01  0.000000e+00
   outer loop
     vertex -1.538865e+01 -6.486861e+00 -1.200000e+01
     vertex -1.569287e+01 -5.711736e+00  0.000000e+00
     vertex -1.569287e+01 -5.711736e+00 -1.200000e+01
   endloop
 endfacet
 facet normal -9.308737e-01 -3.653410e-01  0.000000e+00
   outer loop
     vertex -1.538865e+01 -6.486861e+00 -1.200000e+01
     vertex -1.538865e+01 -6.486861e+00  0.000000e+00
     vertex -1.569287e+01 -5.711736e+00  0.000000e+00
   endloop
 endfacet
 facet normal -9.115059e-01 -4.112871e-01  0.000000e+00
   outer loop
     vertex -1.504618e+01 -7.245858e+00 -1.200000e+01
     vertex -1.538865e+01 -6.486861e+00  0.000000e+00
     vertex -1.538865e+01 -6.486861e+00 -1.200000e+01
   endloop
 endfacet
 facet normal -9.115059e-01 -4.112871e-01  0.000000e+00
   outer loop
     vertex -1.504618e+01 -7.245858e+00 -1.200000e+01
     vertex -1.504618e+01 -7.245858e+00  0.000000e+00
     vertex -1.538865e+01 -6.486861e+00  0.000000e+00
   endloop
 endfacet
 facet normal -8.898718e-01 -4.562107e-01  0.000000e+00
   outer loop
     vertex -1.466630e+01 -7.986841e+00 -1.200000e+01
     vertex -1.504618e+01 -7.245858e+00  0.000000e+00
     vertex -1.504618e+01 -7.245858e+00 -1.200000e+01
   endloop
 endfacet
 facet normal -8.898718e-01 -4.562107e-01  0.000000e+00
   outer loop
     vertex -1.466630e+01 -7.986841e+00 -1.200000e+01
     vertex -1.466630e+01 -7.986841e+00  0.000000e+00
     vertex -1.504618e+01 -7.245858e+00  0.000000e+00
   endloop
 endfacet
 facet normal -8.660254e-01 -5.000000e-01  0.000000e+00
   outer loop
     vertex -1.424996e+01 -8.707968e+00 -1.200000e+01
     vertex -1.466630e+01 -7.986841e+00  0.000000e+00
     vertex -1.466630e+01 -7.986841e+00 -1.200000e+01
   endloop
 endfacet
 facet normal -8.660254e-01 -5.000000e-01  0.000000e+00
   outer loop
     vertex -1.424996e+01 -8.707968e+00 -1.200000e+01
     vertex -1.424996e+01 -8.707968e+00  0.000000e+00
     vertex -1.466630e+01 -7.986841e+00  0.000000e+00
   endloop
 endfacet
 facet normal -8.400259e-01 -5.425463e-01  0.000000e+00
   outer loop
     vertex -1.379819e+01 -9.407445e+00 -1.200000e+01
     vertex -1.424996e+01 -8.707968e+00  0.000000e+00
     vertex -1.424996e+01 -8.707968e+00 -1.200000e+01
   endloop
 endfacet
 facet normal -8.400259e-01 -5.425463e-01  0.000000e+00
   outer loop
     vertex -1.379819e+01 -9.407445e+00 -1.200000e+01
     vertex -1.379819e+01 -9.407445e+00  0.000000e+00
     vertex -1.424996e+01 -8.707968e+00  0.000000e+00
   endloop
 endfacet
 facet normal -8.119380e-01 -5.837437e-01  0.000000e+00
   outer loop
     vertex -1.331211e+01 -1.008353e+01 -1.200000e+01
     vertex -1.379819e+01 -9.407445e+00  0.000000e+00
     vertex -1.379819e+01 -9.407445e+00 -1.200000e+01
   endloop
 endfacet
 facet normal -8.119380e-01 -5.837437e-01  0.000000e+00
   outer loop
     vertex -1.331211e+01 -1.008353e+01 -1.200000e+01
     vertex -1.331211e+01 -1.008353e+01  0.000000e+00
     vertex -1.379819e+01 -9.407445e+00  0.000000e+00
   endloop
 endfacet
 facet normal -7.818315e-01 -6.234898e-01  0.000000e+00
   outer loop
     vertex -1.279294e+01 -1.073455e+01 -1.200000e+01
     vertex -1.331211e+01 -1.008353e+01  0.000000e+00
     vertex -1.331211e+01 -1.008353e+01 -1.200000e+01
   endloop
 endfacet
 facet normal -7.818315e-01 -6.234898e-01  0.000000e+00
   outer loop
     vertex -1.279294e+01 -1.073455e+01 -1.200000e+01
     vertex -1.279294e+01 -1.073455e+01  0.000000e+00
     vertex -1.331211e+01 -1.008353e+01  0.000000e+00
   endloop
 endfacet
 facet normal -7.497812e-01 -6.616858e-01  0.000000e+00
   outer loop
     vertex -1.224197e+01 -1.135888e+01 -1.200000e+01
     vertex -1.279294e+01 -1.073455e+01  0.000000e+00
     vertex -1.279294e+01 -1.073455e+01 -1.200000e+01
   endloop
 endfacet
 facet normal -7.497812e-01 -6.616858e-01  0.000000e+00
   outer loop
     vertex -1.224197e+01 -1.135888e+01 -1.200000e+01
     vertex -1.224197e+01 -1.135888e+01  0.000000e+00
     vertex -1.279294e+01 -1.073455e+01  0.000000e+00
   endloop
 endfacet
 facet normal -7.158668e-01 -6.982368e-01  0.000000e+00
   outer loop
     vertex -1.166055e+01 -1.195498e+01 -1.200000e+01
     vertex -1.224197e+01 -1.135888e+01  0.000000e+00
     vertex -1.224197e+01 -1.135888e+01 -1.200000e+01
   endloop
 endfacet
 facet normal -7.158668e-01 -6.982368e-01  0.000000e+00
   outer loop
     vertex -1.166055e+01 -1.195498e+01 -1.200000e+01
     vertex -1.166055e+01 -1.195498e+01  0.000000e+00
     vertex -1.224197e+01 -1.135888e+01  0.000000e+00
   endloop
 endfacet
 facet normal -6.801727e-01 -7.330519e-01  0.000000e+00
   outer loop
     vertex -1.105015e+01 -1.252135e+01 -1.200000e+01
     vertex -1.166055e+01 -1.195498e+01  0.000000e+00
     vertex -1.166055e+01 -1.195498e+01 -1.200000e+01
   endloop
 endfacet
 facet normal -6.801727e-01 -7.330519e-01  0.000000e+00
   outer loop
     vertex -1.105015e+01 -1.252135e+01 -1.200000e+01
     vertex -1.105015e+01 -1.252135e+01  0.000000e+00
     vertex -1.166055e+01 -1.195498e+01  0.000000e+00
   endloop
 endfacet
 facet normal -6.427876e-01 -7.660444e-01  0.000000e+00
   outer loop
     vertex -1.041228e+01 -1.305659e+01 -1.200000e+01
     vertex -1.105015e+01 -1.252135e+01  0.000000e+00
     vertex -1.105015e+01 -1.252135e+01 -1.200000e+01
   endloop
 endfacet
 facet normal -6.427876e-01 -7.660444e-01  0.000000e+00
   outer loop
     vertex -1.041228e+01 -1.305659e+01 -1.200000e+01
     vertex -1.041228e+01 -1.305659e+01  0.000000e+00
     vertex -1.105015e+01 -1.252135e+01  0.000000e+00
   endloop
 endfacet
 facet normal -6.038044e-01 -7.971325e-01  0.000000e+00
   outer loop
     vertex -9.748519e+00 -1.355936e+01 -1.200000e+01
     vertex -1.041228e+01 -1.305659e+01  0.000000e+00
     vertex -1.041228e+01 -1.305659e+01 -1.200000e+01
   endloop
 endfacet
 facet normal -6.038044e-01 -7.971325e-01  0.000000e+00
   outer loop
     vertex -9.748519e+00 -1.355936e+01 -1.200000e+01
     vertex -9.748519e+00 -1.355936e+01  0.000000e+00
     vertex -1.041228e+01 -1.305659e+01  0.000000e+00
   endloop
 endfacet
 facet normal -5.633201e-01 -8.262388e-01  0.000000e+00
   outer loop
     vertex -9.060523e+00 -1.402843e+01 -1.200000e+01
     vertex -9.060523e+00 -1.402843e+01  0.000000e+00
     vertex -9.748519e+00 -1.355936e+01  0.000000e+00
   endloop
 endfacet
 facet normal -5.633201e-01 -8.262388e-01  0.000000e+00
   outer loop
     vertex -9.060523e+00 -1.402843e+01 -1.200000e+01
     vertex -9.748519e+00 -1.355936e+01  0.000000e+00
     vertex -9.748519e+00 -1.355936e+01 -1.200000e+01
   endloop
 endfacet
 facet normal -5.214352e-01 -8.532909e-01  0.000000e+00
   outer loop
     vertex -8.350000e+00 -1.446262e+01 -1.200000e+01
     vertex -8.350000e+00 -1.446262e+01  0.000000e+00
     vertex -9.060523e+00 -1.402843e+01  0.000000e+00
   endloop
 endfacet
 facet normal -5.214352e-01 -8.532909e-01  0.000000e+00
   outer loop
     vertex -8.350000e+00 -1.446262e+01 -1.200000e+01
     vertex -9.060523e+00 -1.402843e+01  0.000000e+00
     vertex -9.060523e+00 -1.402843e+01 -1.200000e+01
   endloop
 endfacet
 facet normal -4.782540e-01 -8.782216e-01  0.000000e+00
   outer loop
     vertex -7.618718e+00 -1.486086e+01 -1.200000e+01
     vertex -7.618718e+00 -1.486086e+01  0.000000e+00
     vertex -8.350000e+00 -1.446262e+01  0.000000e+00
   endloop
 endfacet
 facet normal -4.782540e-01 -8.782216e-01  0.000000e+00
   outer loop
     vertex -7.618718e+00 -1.486086e+01 -1.200000e+01
     vertex -8.350000e+00 -1.446262e+01  0.000000e+00
     vertex -8.350000e+00 -1.446262e+01 -1.200000e+01
   endloop
 endfacet
 facet normal -4.338837e-01 -9.009689e-01  0.000000e+00
   outer loop
     vertex -6.868495e+00 -1.522215e+01 -1.200000e+01
     vertex -6.868495e+00 -1.522215e+01  0.000000e+00
     vertex -7.618718e+00 -1.486086e+01  0.000000e+00
   endloop
 endfacet
 facet normal -4.338837e-01 -9.009689e-01  0.000000e+00
   outer loop
     vertex -6.868495e+00 -1.522215e+01 -1.200000e+01
     vertex -7.618718e+00 -1.486086e+01  0.000000e+00
     vertex -7.618718e+00 -1.486086e+01 -1.200000e+01
   endloop
 endfacet
 facet normal -3.884348e-01 -9.214762e-01  0.000000e+00
   outer loop
     vertex -6.101195e+00 -1.554559e+01 -1.200000e+01
     vertex -6.101195e+00 -1.554559e+01  0.000000e+00
     vertex -6.868495e+00 -1.522215e+01  0.000000e+00
   endloop
 endfacet
 facet normal -3.884348e-01 -9.214762e-01  0.000000e+00
   outer loop
     vertex -6.101195e+00 -1.554559e+01 -1.200000e+01
     vertex -6.868495e+00 -1.522215e+01  0.000000e+00
     vertex -6.868495e+00 -1.522215e+01 -1.200000e+01
   endloop
 endfacet
 facet normal -3.420201e-01 -9.396926e-01  0.000000e+00
   outer loop
     vertex -5.318727e+00 -1.583039e+01 -1.200000e+01
     vertex -6.101195e+00 -1.554559e+01  0.000000e+00
     vertex -6.101195e+00 -1.554559e+01 -1.200000e+01
   endloop
 endfacet
 facet normal -3.420201e-01 -9.396926e-01  0.000000e+00
   outer loop
     vertex -5.318727e+00 -1.583039e+01 -1.200000e+01
     vertex -5.318727e+00 -1.583039e+01  0.000000e+00
     vertex -6.101195e+00 -1.554559e+01  0.000000e+00
   endloop
 endfacet
 facet normal -2.947552e-01 -9.555728e-01  0.000000e+00
   outer loop
     vertex -4.523036e+00 -1.607582e+01 -1.200000e+01
     vertex -5.318727e+00 -1.583039e+01  0.000000e+00
     vertex -5.318727e+00 -1.583039e+01 -1.200000e+01
   endloop
 endfacet
 facet normal -2.947552e-01 -9.555728e-01  0.000000e+00
   outer loop
     vertex -4.523036e+00 -1.607582e+01 -1.200000e+01
     vertex -4.523036e+00 -1.607582e+01  0.000000e+00
     vertex -5.318727e+00 -1.583039e+01  0.000000e+00
   endloop
 endfacet
 facet normal -2.467574e-01 -9.690773e-01  0.000000e+00
   outer loop
     vertex -3.716100e+00 -1.628130e+01 -1.200000e+01
     vertex -4.523036e+00 -1.607582e+01  0.000000e+00
     vertex -4.523036e+00 -1.607582e+01 -1.200000e+01
   endloop
 endfacet
 facet normal -2.467574e-01 -9.690773e-01  0.000000e+00
   outer loop
     vertex -3.716100e+00 -1.628130e+01 -1.200000e+01
     vertex -3.716100e+00 -1.628130e+01  0.000000e+00
     vertex -4.523036e+00 -1.607582e+01  0.000000e+00
   endloop
 endfacet
 facet normal -1.981461e-01 -9.801725e-01  0.000000e+00
   outer loop
     vertex -2.899925e+00 -1.644629e+01 -1.200000e+01
     vertex -3.716100e+00 -1.628130e+01  0.000000e+00
     vertex -3.716100e+00 -1.628130e+01 -1.200000e+01
   endloop
 endfacet
 facet normal -1.981461e-01 -9.801725e-01  0.000000e+00
   outer loop
     vertex -2.899925e+00 -1.644629e+01 -1.200000e+01
     vertex -2.899925e+00 -1.644629e+01  0.000000e+00
     vertex -3.716100e+00 -1.628130e+01  0.000000e+00
   endloop
 endfacet
 facet normal -1.490423e-01 -9.888308e-01  0.000000e+00
   outer loop
     vertex -2.076540e+00 -1.657039e+01 -1.200000e+01
     vertex -2.899925e+00 -1.644629e+01  0.000000e+00
     vertex -2.899925e+00 -1.644629e+01 -1.200000e+01
   endloop
 endfacet
 facet normal -1.490423e-01 -9.888308e-01  0.000000e+00
   outer loop
     vertex -2.076540e+00 -1.657039e+01 -1.200000e+01
     vertex -2.076540e+00 -1.657039e+01  0.000000e+00
     vertex -2.899925e+00 -1.644629e+01  0.000000e+00
   endloop
 endfacet
 facet normal -9.956785e-02 -9.950308e-01  0.000000e+00
   outer loop
     vertex -1.247993e+00 -1.665330e+01 -1.200000e+01
     vertex -2.076540e+00 -1.657039e+01  0.000000e+00
     vertex -2.076540e+00 -1.657039e+01 -1.200000e+01
   endloop
 endfacet
 facet normal -9.956785e-02 -9.950308e-01  0.000000e+00
   outer loop
     vertex -1.247993e+00 -1.665330e+01 -1.200000e+01
     vertex -1.247993e+00 -1.665330e+01  0.000000e+00
     vertex -2.076540e+00 -1.657039e+01  0.000000e+00
   endloop
 endfacet
 facet normal -4.984589e-02 -9.987569e-01  0.000000e+00
   outer loop
     vertex -1.247993e+00 -1.665330e+01 -1.200000e+01
     vertex -4.163426e-01 -1.669481e+01  0.000000e+00
     vertex -1.247993e+00 -1.665330e+01  0.000000e+00
   endloop
 endfacet
 facet normal -4.984589e-02 -9.987569e-01  0.000000e+00
   outer loop
     vertex -4.163426e-01 -1.669481e+01 -1.200000e+01
     vertex -4.163426e-01 -1.669481e+01  0.000000e+00
     vertex -1.247993e+00 -1.665330e+01 -1.200000e+01
   endloop
 endfacet
 facet normal  8.533151e-15 -1.000000e+00  0.000000e+00
   outer loop
     vertex  4.163426e-01 -1.669481e+01 -1.200000e+01
     vertex -4.163426e-01 -1.669481e+01  0.000000e+00
     vertex -4.163426e-01 -1.669481e+01 -1.200000e+01
   endloop
 endfacet
 facet normal  8.533151e-15 -1.000000e+00  0.000000e+00
   outer loop
     vertex  4.163426e-01 -1.669481e+01 -1.200000e+01
     vertex  4.163426e-01 -1.669481e+01  0.000000e+00
     vertex -4.163426e-01 -1.669481e+01  0.000000e+00
   endloop
 endfacet
 facet normal  4.984589e-02 -9.987569e-01  0.000000e+00
   outer loop
     vertex  1.247993e+00 -1.665330e+01 -1.200000e+01
     vertex  4.163426e-01 -1.669481e+01  0.000000e+00
     vertex  4.163426e-01 -1.669481e+01 -1.200000e+01
   endloop
 endfacet
 facet normal  4.984589e-02 -9.987569e-01  0.000000e+00
   outer loop
     vertex  1.247993e+00 -1.665330e+01 -1.200000e+01
     vertex  1.247993e+00 -1.665330e+01  0.000000e+00
     vertex  4.163426e-01 -1.669481e+01  0.000000e+00
   endloop
 endfacet
 facet normal  9.956785e-02 -9.950308e-01  0.000000e+00
   outer loop
     vertex  2.076540e+00 -1.657039e+01 -1.200000e+01
     vertex  1.247993e+00 -1.665330e+01  0.000000e+00
     vertex  1.247993e+00 -1.665330e+01 -1.200000e+01
   endloop
 endfacet
 facet normal  9.956785e-02 -9.950308e-01  0.000000e+00
   outer loop
     vertex  2.076540e+00 -1.657039e+01 -1.200000e+01
     vertex  2.076540e+00 -1.657039e+01  0.000000e+00
     vertex  1.247993e+00 -1.665330e+01  0.000000e+00
   endloop
 endfacet
 facet normal  1.490423e-01 -9.888308e-01  0.000000e+00
   outer loop
     vertex  2.899925e+00 -1.644629e+01 -1.200000e+01
     vertex  2.076540e+00 -1.657039e+01  0.000000e+00
     vertex  2.076540e+00 -1.657039e+01 -1.200000e+01
   endloop
 endfacet
 facet normal  1.490423e-01 -9.888308e-01  0.000000e+00
   outer loop
     vertex  2.899925e+00 -1.644629e+01 -1.200000e+01
     vertex  2.899925e+00 -1.644629e+01  0.000000e+00
     vertex  2.076540e+00 -1.657039e+01  0.000000e+00
   endloop
 endfacet
 facet normal  2.467574e-01 -9.690773e-01  0.000000e+00
   outer loop
     vertex  3.716100e+00 -1.628130e+01 -1.200000e+01
     vertex  4.523036e+00 -1.607582e+01  0.000000e+00
     vertex  3.716100e+00 -1.628130e+01  0.000000e+00
   endloop
 endfacet
 facet normal  1.981461e-01 -9.801725e-01  0.000000e+00
   outer loop
     vertex  3.716100e+00 -1.628130e+01 -1.200000e+01
     vertex  2.899925e+00 -1.644629e+01  0.000000e+00
     vertex  2.899925e+00 -1.644629e+01 -1.200000e+01
   endloop
 endfacet
 facet normal  1.981461e-01 -9.801725e-01  0.000000e+00
   outer loop
     vertex  3.716100e+00 -1.628130e+01 -1.200000e+01
     vertex  3.716100e+00 -1.628130e+01  0.000000e+00
     vertex  2.899925e+00 -1.644629e+01  0.000000e+00
   endloop
 endfacet
 facet normal  2.467574e-01 -9.690773e-01  0.000000e+00
   outer loop
     vertex  4.523036e+00 -1.607582e+01 -1.200000e+01
     vertex  4.523036e+00 -1.607582e+01  0.000000e+00
     vertex  3.716100e+00 -1.628130e+01 -1.200000e+01
   endloop
 endfacet
 facet normal  2.947552e-01 -9.555728e-01  0.000000e+00
   outer loop
     vertex  5.318727e+00 -1.583039e+01 -1.200000e+01
     vertex  5.318727e+00 -1.583039e+01  0.000000e+00
     vertex  4.523036e+00 -1.607582e+01  0.000000e+00
   endloop
 endfacet
 facet normal  2.947552e-01 -9.555728e-01  0.000000e+00
   outer loop
     vertex  5.318727e+00 -1.583039e+01 -1.200000e+01
     vertex  4.523036e+00 -1.607582e+01  0.000000e+00
     vertex  4.523036e+00 -1.607582e+01 -1.200000e+01
   endloop
 endfacet
 facet normal  3.420201e-01 -9.396926e-01  0.000000e+00
   outer loop
     vertex  6.101195e+00 -1.554559e+01 -1.200000e+01
     vertex  6.101195e+00 -1.554559e+01  0.000000e+00
     vertex  5.318727e+00 -1.583039e+01  0.000000e+00
   endloop
 endfacet
 facet normal  3.420201e-01 -9.396926e-01  0.000000e+00
   outer loop
     vertex  6.101195e+00 -1.554559e+01 -1.200000e+01
     vertex  5.318727e+00 -1.583039e+01  0.000000e+00
     vertex  5.318727e+00 -1.583039e+01 -1.200000e+01
   endloop
 endfacet
 facet normal  3.884348e-01 -9.214762e-01  0.000000e+00
   outer loop
     vertex  6.868495e+00 -1.522215e+01 -1.200000e+01
     vertex  6.868495e+00 -1.522215e+01  0.000000e+00
     vertex  6.101195e+00 -1.554559e+01  0.000000e+00
   endloop
 endfacet
 facet normal  4.338837e-01 -9.009689e-01  0.000000e+00
   outer loop
     vertex  6.868495e+00 -1.522215e+01 -1.200000e+01
     vertex  7.618718e+00 -1.486086e+01  0.000000e+00
     vertex  6.868495e+00 -1.522215e+01  0.000000e+00
   endloop
 endfacet
 facet normal  3.884348e-01 -9.214762e-01  0.000000e+00
   outer loop
     vertex  6.868495e+00 -1.522215e+01 -1.200000e+01
     vertex  6.101195e+00 -1.554559e+01  0.000000e+00
     vertex  6.101195e+00 -1.554559e+01 -1.200000e+01
   endloop
 endfacet
 facet normal  4.338837e-01 -9.009689e-01  0.000000e+00
   outer loop
     vertex  7.618718e+00 -1.486086e+01 -1.200000e+01
     vertex  7.618718e+00 -1.486086e+01  0.000000e+00
     vertex  6.868495e+00 -1.522215e+01 -1.200000e+01
   endloop
 endfacet
 facet normal  4.782540e-01 -8.782216e-01  0.000000e+00
   outer loop
     vertex  8.350000e+00 -1.446262e+01 -1.200000e+01
     vertex  8.350000e+00 -1.446262e+01  0.000000e+00
     vertex  7.618718e+00 -1.486086e+01  0.000000e+00
   endloop
 endfacet
 facet normal  4.782540e-01 -8.782216e-01  0.000000e+00
   outer loop
     vertex  8.350000e+00 -1.446262e+01 -1.200000e+01
     vertex  7.618718e+00 -1.486086e+01  0.000000e+00
     vertex  7.618718e+00 -1.486086e+01 -1.200000e+01
   endloop
 endfacet
 facet normal  5.214352e-01 -8.532909e-01  0.000000e+00
   outer loop
     vertex  9.060523e+00 -1.402843e+01 -1.200000e+01
     vertex  9.060523e+00 -1.402843e+01  0.000000e+00
     vertex  8.350000e+00 -1.446262e+01  0.000000e+00
   endloop
 endfacet
 facet normal  5.214352e-01 -8.532909e-01  0.000000e+00
   outer loop
     vertex  9.060523e+00 -1.402843e+01 -1.200000e+01
     vertex  8.350000e+00 -1.446262e+01  0.000000e+00
     vertex  8.350000e+00 -1.446262e+01 -1.200000e+01
   endloop
 endfacet
 facet normal  5.633201e-01 -8.262388e-01  0.000000e+00
   outer loop
     vertex  9.748519e+00 -1.355936e+01 -1.200000e+01
     vertex  9.748519e+00 -1.355936e+01  0.000000e+00
     vertex  9.060523e+00 -1.402843e+01  0.000000e+00
   endloop
 endfacet
 facet normal  6.038044e-01 -7.971325e-01  0.000000e+00
   outer loop
     vertex  9.748519e+00 -1.355936e+01 -1.200000e+01
     vertex  1.041228e+01 -1.305659e+01  0.000000e+00
     vertex  9.748519e+00 -1.355936e+01  0.000000e+00
   endloop
 endfacet
 facet normal  5.633201e-01 -8.262388e-01  0.000000e+00
   outer loop
     vertex  9.748519e+00 -1.355936e+01 -1.200000e+01
     vertex  9.060523e+00 -1.402843e+01  0.000000e+00
     vertex  9.060523e+00 -1.402843e+01 -1.200000e+01
   endloop
 endfacet
 facet normal  6.038044e-01 -7.971325e-01  0.000000e+00
   outer loop
     vertex  1.041228e+01 -1.305659e+01 -1.200000e+01
     vertex  1.041228e+01 -1.305659e+01  0.000000e+00
     vertex  9.748519e+00 -1.355936e+01 -1.200000e+01
   endloop
 endfacet
 facet normal  6.427876e-01 -7.660444e-01  0.000000e+00
   outer loop
     vertex  1.105015e+01 -1.252135e+01 -1.200000e+01
     vertex  1.105015e+01 -1.252135e+01  0.000000e+00
     vertex  1.041228e+01 -1.305659e+01  0.000000e+00
   endloop
 endfacet
 facet normal  6.801727e-01 -7.330519e-01  0.000000e+00
   outer loop
     vertex  1.105015e+01 -1.252135e+01 -1.200000e+01
     vertex  1.166055e+01 -1.195498e+01  0.000000e+00
     vertex  1.105015e+01 -1.252135e+01  0.000000e+00
   endloop
 endfacet
 facet normal  6.427876e-01 -7.660444e-01  0.000000e+00
   outer loop
     vertex  1.105015e+01 -1.252135e+01 -1.200000e+01
     vertex  1.041228e+01 -1.305659e+01  0.000000e+00
     vertex  1.041228e+01 -1.305659e+01 -1.200000e+01
   endloop
 endfacet
 facet normal  6.801727e-01 -7.330519e-01  0.000000e+00
   outer loop
     vertex  1.166055e+01 -1.195498e+01 -1.200000e+01
     vertex  1.166055e+01 -1.195498e+01  0.000000e+00
     vertex  1.105015e+01 -1.252135e+01 -1.200000e+01
   endloop
 endfacet
 facet normal  7.158668e-01 -6.982368e-01  0.000000e+00
   outer loop
     vertex  1.224197e+01 -1.135888e+01 -1.200000e+01
     vertex  1.224197e+01 -1.135888e+01  0.000000e+00
     vertex  1.166055e+01 -1.195498e+01  0.000000e+00
   endloop
 endfacet
 facet normal  7.158668e-01 -6.982368e-01  0.000000e+00
   outer loop
     vertex  1.224197e+01 -1.135888e+01 -1.200000e+01
     vertex  1.166055e+01 -1.195498e+01  0.000000e+00
     vertex  1.166055e+01 -1.195498e+01 -1.200000e+01
   endloop
 endfacet
 facet normal  7.497812e-01 -6.616858e-01  0.000000e+00
   outer loop
     vertex  1.279294e+01 -1.073455e+01 -1.200000e+01
     vertex  1.224197e+01 -1.135888e+01  0.000000e+00
     vertex  1.224197e+01 -1.135888e+01 -1.200000e+01
   endloop
 endfacet
 facet normal  7.497812e-01 -6.616858e-01  0.000000e+00
   outer loop
     vertex  1.279294e+01 -1.073455e+01 -1.200000e+01
     vertex  1.279294e+01 -1.073455e+01  0.000000e+00
     vertex  1.224197e+01 -1.135888e+01  0.000000e+00
   endloop
 endfacet
 facet normal  7.818315e-01 -6.234898e-01  0.000000e+00
   outer loop
     vertex  1.331211e+01 -1.008353e+01 -1.200000e+01
     vertex  1.279294e+01 -1.073455e+01  0.000000e+00
     vertex  1.279294e+01 -1.073455e+01 -1.200000e+01
   endloop
 endfacet
 facet normal  7.818315e-01 -6.234898e-01  0.000000e+00
   outer loop
     vertex  1.331211e+01 -1.008353e+01 -1.200000e+01
     vertex  1.331211e+01 -1.008353e+01  0.000000e+00
     vertex  1.279294e+01 -1.073455e+01  0.000000e+00
   endloop
 endfacet
 facet normal  8.119380e-01 -5.837437e-01  0.000000e+00
   outer loop
     vertex  1.379819e+01 -9.407445e+00 -1.200000e+01
     vertex  1.331211e+01 -1.008353e+01  0.000000e+00
     vertex  1.331211e+01 -1.008353e+01 -1.200000e+01
   endloop
 endfacet
 facet normal  8.119380e-01 -5.837437e-01  0.000000e+00
   outer loop
     vertex  1.379819e+01 -9.407445e+00 -1.200000e+01
     vertex  1.379819e+01 -9.407445e+00  0.000000e+00
     vertex  1.331211e+01 -1.008353e+01  0.000000e+00
   endloop
 endfacet
 facet normal  8.400259e-01 -5.425463e-01  0.000000e+00
   outer loop
     vertex  1.424996e+01 -8.707968e+00 -1.200000e+01
     vertex  1.379819e+01 -9.407445e+00  0.000000e+00
     vertex  1.379819e+01 -9.407445e+00 -1.200000e+01
   endloop
 endfacet
 facet normal  8.400259e-01 -5.425463e-01  0.000000e+00
   outer loop
     vertex  1.424996e+01 -8.707968e+00 -1.200000e+01
     vertex  1.424996e+01 -8.707968e+00  0.000000e+00
     vertex  1.379819e+01 -9.407445e+00  0.000000e+00
   endloop
 endfacet
 facet normal  8.660254e-01 -5.000000e-01  0.000000e+00
   outer loop
     vertex  1.466630e+01 -7.986841e+00 -1.200000e+01
     vertex  1.466630e+01 -7.986841e+00  0.000000e+00
     vertex  1.424996e+01 -8.707968e+00  0.000000e+00
   endloop
 endfacet
 facet normal  8.660254e-01 -5.000000e-01  0.000000e+00
   outer loop
     vertex  1.466630e+01 -7.986841e+00 -1.200000e+01
     vertex  1.424996e+01 -8.707968e+00  0.000000e+00
     vertex  1.424996e+01 -8.707968e+00 -1.200000e+01
   endloop
 endfacet
 facet normal  8.898718e-01 -4.562107e-01  0.000000e+00
   outer loop
     vertex  1.504618e+01 -7.245858e+00 -1.200000e+01
     vertex  1.504618e+01 -7.245858e+00  0.000000e+00
     vertex  1.466630e+01 -7.986841e+00  0.000000e+00
   endloop
 endfacet
 facet normal  8.898718e-01 -4.562107e-01  0.000000e+00
   outer loop
     vertex  1.504618e+01 -7.245858e+00 -1.200000e+01
     vertex  1.466630e+01 -7.986841e+00  0.000000e+00
     vertex  1.466630e+01 -7.986841e+00 -1.200000e+01
   endloop
 endfacet
 facet normal  9.115059e-01 -4.112871e-01  0.000000e+00
   outer loop
     vertex  1.538865e+01 -6.486861e+00 -1.200000e+01
     vertex  1.538865e+01 -6.486861e+00  0.000000e+00
     vertex  1.504618e+01 -7.245858e+00  0.000000e+00
   endloop
 endfacet
 facet normal  9.115059e-01 -4.112871e-01  0.000000e+00
   outer loop
     vertex  1.538865e+01 -6.486861e+00 -1.200000e+01
     vertex  1.504618e+01 -7.245858e+00  0.000000e+00
     vertex  1.504618e+01 -7.245858e+00 -1.200000e+01
   endloop
 endfacet
 facet normal  9.308737e-01 -3.653410e-01  0.000000e+00
   outer loop
     vertex  1.569287e+01 -5.711736e+00 -1.200000e+01
     vertex  1.569287e+01 -5.711736e+00  0.000000e+00
     vertex  1.538865e+01 -6.486861e+00  0.000000e+00
   endloop
 endfacet
 facet normal  9.308737e-01 -3.653410e-01  0.000000e+00
   outer loop
     vertex  1.569287e+01 -5.711736e+00 -1.200000e+01
     vertex  1.538865e+01 -6.486861e+00  0.000000e+00
     vertex  1.538865e+01 -6.486861e+00 -1.200000e+01
   endloop
 endfacet
 facet normal  9.479273e-01 -3.184867e-01  0.000000e+00
   outer loop
     vertex  1.595807e+01 -4.922411e+00 -1.200000e+01
     vertex  1.595807e+01 -4.922411e+00  0.000000e+00
     vertex  1.569287e+01 -5.711736e+00  0.000000e+00
   endloop
 endfacet
 facet normal  9.479273e-01 -3.184867e-01  0.000000e+00
   outer loop
     vertex  1.595807e+01 -4.922411e+00 -1.200000e+01
     vertex  1.569287e+01 -5.711736e+00  0.000000e+00
     vertex  1.569287e+01 -5.711736e+00 -1.200000e+01
   endloop
 endfacet
 facet normal  9.626242e-01 -2.708405e-01  0.000000e+00
   outer loop
     vertex  1.618359e+01 -4.120849e+00 -1.200000e+01
     vertex  1.618359e+01 -4.120849e+00  0.000000e+00
     vertex  1.595807e+01 -4.922411e+00  0.000000e+00
   endloop
 endfacet
 facet normal  9.626242e-01 -2.708405e-01  0.000000e+00
   outer loop
     vertex  1.618359e+01 -4.120849e+00 -1.200000e+01
     vertex  1.595807e+01 -4.922411e+00  0.000000e+00
     vertex  1.595807e+01 -4.922411e+00 -1.200000e+01
   endloop
 endfacet
 facet normal  9.749279e-01 -2.225209e-01  0.000000e+00
   outer loop
     vertex  1.636888e+01 -3.309041e+00 -1.200000e+01
     vertex  1.636888e+01 -3.309041e+00  0.000000e+00
     vertex  1.618359e+01 -4.120849e+00  0.000000e+00
   endloop
 endfacet
 facet normal  9.749279e-01 -2.225209e-01  0.000000e+00
   outer loop
     vertex  1.636888e+01 -3.309041e+00 -1.200000e+01
     vertex  1.618359e+01 -4.120849e+00  0.000000e+00
     vertex  1.618359e+01 -4.120849e+00 -1.200000e+01
   endloop
 endfacet
 facet normal  9.848078e-01 -1.736482e-01  0.000000e+00
   outer loop
     vertex  1.651347e+01 -2.489006e+00 -1.200000e+01
     vertex  1.651347e+01 -2.489006e+00  0.000000e+00
     vertex  1.636888e+01 -3.309041e+00  0.000000e+00
   endloop
 endfacet
 facet normal  9.848078e-01 -1.736482e-01  0.000000e+00
   outer loop
     vertex  1.651347e+01 -2.489006e+00 -1.200000e+01
     vertex  1.636888e+01 -3.309041e+00  0.000000e+00
     vertex  1.636888e+01 -3.309041e+00 -1.200000e+01
   endloop
 endfacet
 facet normal  9.922392e-01 -1.243437e-01  0.000000e+00
   outer loop
     vertex  1.661701e+01 -1.662783e+00 -1.200000e+01
     vertex  1.661701e+01 -1.662783e+00  0.000000e+00
     vertex  1.651347e+01 -2.489006e+00  0.000000e+00
   endloop
 endfacet
 facet normal  9.922392e-01 -1.243437e-01  0.000000e+00
   outer loop
     vertex  1.661701e+01 -1.662783e+00 -1.200000e+01
     vertex  1.651347e+01 -2.489006e+00  0.000000e+00
     vertex  1.651347e+01 -2.489006e+00 -1.200000e+01
   endloop
 endfacet
 facet normal  9.972038e-01 -7.473009e-02  0.000000e+00
   outer loop
     vertex  1.667924e+01 -8.324263e-01 -1.200000e+01
     vertex  1.667924e+01 -8.324263e-01  0.000000e+00
     vertex  1.661701e+01 -1.662783e+00  0.000000e+00
   endloop
 endfacet
 facet normal  9.972038e-01 -7.473009e-02  0.000000e+00
   outer loop
     vertex  1.667924e+01 -8.324263e-01 -1.200000e+01
     vertex  1.661701e+01 -1.662783e+00  0.000000e+00
     vertex  1.661701e+01 -1.662783e+00 -1.200000e+01
   endloop
 endfacet
 facet normal  9.996892e-01 -2.493069e-02  0.000000e+00
   outer loop
     vertex  1.670000e+01  0.000000e+00 -1.200000e+01
     vertex  1.670000e+01  0.000000e+00  0.000000e+00
     vertex  1.667924e+01 -8.324263e-01  0.000000e+00
   endloop
 endfacet
 facet normal  9.996892e-01 -2.493069e-02  0.000000e+00
   outer loop
     vertex  1.670000e+01  0.000000e+00 -1.200000e+01
     vertex  1.667924e+01 -8.324263e-01  0.000000e+00
     vertex  1.667924e+01 -8.324263e-01 -1.200000e+01
   endloop
 endfacet
 facet normal  0.000000e+00  0.000000e+00 -1.000000e+00
   outer loop
     vertex -1.041228e+01 -1.305659e+01 -1.200000e+01
     vertex -1.105015e+01 -1.252135e+01 -1.200000e+01
     vertex -1.166055e+01 -1.195498e+01 -1.200000e+01
   endloop
 endfacet
 facet normal  0.000000e+00  0.000000e+00 -1.000000e+00
   outer loop
     vertex -1.331211e+01 -1.008353e+01 -1.200000e+01
     vertex -1.224197e+01 -1.135888e+01 -1.200000e+01
     vertex -1.279294e+01 -1.073455e+01 -1.200000e+01
   endloop
 endfacet
 facet normal  0.000000e+00  0.000000e+00 -1.000000e+00
   outer loop
     vertex -1.379819e+01 -9.407445e+00 -1.200000e+01
     vertex -1.224197e+01 -1.135888e+01 -1.200000e+01
     vertex -1.331211e+01 -1.008353e+01 -1.200000e+01
   endloop
 endfacet
 facet normal  0.000000e+00  0.000000e+00 -1.000000e+00
   outer loop
     vertex -9.060523e+00 -1.402843e+01 -1.200000e+01
     vertex -1.041228e+01 -1.305659e+01 -1.200000e+01
     vertex -1.166055e+01 -1.195498e+01 -1.200000e+01
   endloop
 endfacet
 facet normal  0.000000e+00  0.000000e+00 -1.000000e+00
   outer loop
     vertex -9.060523e+00 -1.402843e+01 -1.200000e+01
     vertex -9.748519e+00 -1.355936e+01 -1.200000e+01
     vertex -1.041228e+01 -1.305659e+01 -1.200000e+01
   endloop
 endfacet
 facet normal  0.000000e+00  0.000000e+00 -1.000000e+00
   outer loop
     vertex -8.350000e+00 -1.446262e+01 -1.200000e+01
     vertex -9.060523e+00 -1.402843e+01 -1.200000e+01
     vertex -1.166055e+01 -1.195498e+01 -1.200000e+01
   endloop
 endfacet
 facet normal  0.000000e+00  0.000000e+00 -1.000000e+00
   outer loop
     vertex -5.318727e+00 -1.583039e+01 -1.200000e+01
     vertex -6.868495e+00 -1.522215e+01 -1.200000e+01
     vertex -7.618718e+00 -1.486086e+01 -1.200000e+01
   endloop
 endfacet
 facet normal  0.000000e+00  0.000000e+00 -1.000000e+00
   outer loop
     vertex -5.318727e+00 -1.583039e+01 -1.200000e+01
     vertex -6.101195e+00 -1.554559e+01 -1.200000e+01
     vertex -6.868495e+00 -1.522215e+01 -1.200000e+01
   endloop
 endfacet
 facet normal  0.000000e+00  0.000000e+00 -1.000000e+00
   outer loop
     vertex -4.523036e+00 -1.607582e+01 -1.200000e+01
     vertex -5.318727e+00 -1.583039e+01 -1.200000e+01
     vertex -7.618718e+00 -1.486086e+01 -1.200000e+01
   endloop
 endfacet
 facet normal  0.000000e+00  0.000000e+00 -1.000000e+00
   outer loop
     vertex -4.523036e+00 -1.607582e+01 -1.200000e+01
     vertex -7.618718e+00 -1.486086e+01 -1.200000e+01
     vertex -8.350000e+00 -1.446262e+01 -1.200000e+01
   endloop
 endfacet
 facet normal  0.000000e+00  0.000000e+00 -1.000000e+00
   outer loop
     vertex -1.651347e+01 -2.489006e+00 -1.200000e+01
     vertex -1.618359e+01 -4.120849e+00 -1.200000e+01
     vertex -1.636888e+01 -3.309041e+00 -1.200000e+01
   endloop
 endfacet
 facet normal  0.000000e+00  0.000000e+00 -1.000000e+00
   outer loop
     vertex -1.651347e+01 -2.489006e+00 -1.200000e+01
     vertex -1.595807e+01 -4.922411e+00 -1.200000e+01
     vertex -1.618359e+01 -4.120849e+00 -1.200000e+01
   endloop
 endfacet
 facet normal  0.000000e+00  0.000000e+00 -1.000000e+00
   outer loop
     vertex -1.651347e+01 -2.489006e+00 -1.200000e+01
     vertex -1.569287e+01 -5.711736e+00 -1.200000e+01
     vertex -1.595807e+01 -4.922411e+00 -1.200000e+01
   endloop
 endfacet
 facet normal  0.000000e+00  0.000000e+00 -1.000000e+00
   outer loop
     vertex -1.651347e+01 -2.489006e+00 -1.200000e+01
     vertex -1.538865e+01 -6.486861e+00 -1.200000e+01
     vertex -1.569287e+01 -5.711736e+00 -1.200000e+01
   endloop
 endfacet
 facet normal  0.000000e+00  0.000000e+00 -1.000000e+00
   outer loop
     vertex -1.651347e+01 -2.489006e+00 -1.200000e+01
     vertex -1.504618e+01 -7.245858e+00 -1.200000e+01
     vertex -1.538865e+01 -6.486861e+00 -1.200000e+01
   endloop
 endfacet
 facet normal  0.000000e+00  0.000000e+00 -1.000000e+00
   outer loop
     vertex -1.247993e+00 -1.665330e+01 -1.200000e+01
     vertex -2.899925e+00 -1.644629e+01 -1.200000e+01
     vertex -3.716100e+00 -1.628130e+01 -1.200000e+01
   endloop
 endfacet
 facet normal  0.000000e+00  0.000000e+00 -1.000000e+00
   outer loop
     vertex -1.247993e+00 -1.665330e+01 -1.200000e+01
     vertex -2.076540e+00 -1.657039e+01 -1.200000e+01
     vertex -2.899925e+00 -1.644629e+01 -1.200000e+01
   endloop
 endfacet
 facet normal  0.000000e+00  0.000000e+00 -1.000000e+00
   outer loop
     vertex -1.670000e+01 -5.728516e-14 -1.200000e+01
     vertex -1.504618e+01 -7.245858e+00 -1.200000e+01
     vertex -1.651347e+01 -2.489006e+00 -1.200000e+01
   endloop
 endfacet
 facet normal  0.000000e+00  0.000000e+00 -1.000000e+00
   outer loop
     vertex -1.670000e+01 -5.728516e-14 -1.200000e+01
     vertex -1.661701e+01 -1.662783e+00 -1.200000e+01
     vertex -1.667924e+01 -8.324263e-01 -1.200000e+01
   endloop
 endfacet
 facet normal  0.000000e+00  0.000000e+00 -1.000000e+00
   outer loop
     vertex -1.670000e+01 -5.728516e-14 -1.200000e+01
     vertex -1.651347e+01 -2.489006e+00 -1.200000e+01
     vertex -1.661701e+01 -1.662783e+00 -1.200000e+01
   endloop
 endfacet
 facet normal  0.000000e+00  0.000000e+00 -1.000000e+00
   outer loop
     vertex -1.670000e+01 -5.728516e-14 -1.200000e+01
     vertex -1.466630e+01 -7.986841e+00 -1.200000e+01
     vertex -1.504618e+01 -7.245858e+00 -1.200000e+01
   endloop
 endfacet
 facet normal  0.000000e+00  0.000000e+00 -1.000000e+00
   outer loop
     vertex -1.670000e+01 -5.728516e-14 -1.200000e+01
     vertex -1.424996e+01 -8.707968e+00 -1.200000e+01
     vertex -1.466630e+01 -7.986841e+00 -1.200000e+01
   endloop
 endfacet
 facet normal -0.000000e+00  0.000000e+00 -1.000000e+00
   outer loop
     vertex  1.247993e+00 -1.665330e+01 -1.200000e+01
     vertex -1.247993e+00 -1.665330e+01 -1.200000e+01
     vertex -3.716100e+00 -1.628130e+01 -1.200000e+01
   endloop
 endfacet
 facet normal  0.000000e+00  0.000000e+00 -1.000000e+00
   outer loop
     vertex  1.247993e+00 -1.665330e+01 -1.200000e+01
     vertex -3.716100e+00 -1.628130e+01 -1.200000e+01
     vertex -4.523036e+00 -1.607582e+01 -1.200000e+01
   endloop
 endfacet
 facet normal  0.000000e+00  0.000000e+00 -1.000000e+00
   outer loop
     vertex  1.247993e+00 -1.665330e+01 -1.200000e+01
     vertex -4.163426e-01 -1.669481e+01 -1.200000e+01
     vertex -1.247993e+00 -1.665330e+01 -1.200000e+01
   endloop
 endfacet
 facet normal  0.000000e+00  0.000000e+00 -1.000000e+00
   outer loop
     vertex  1.247993e+00 -1.665330e+01 -1.200000e+01
     vertex  4.163426e-01 -1.669481e+01 -1.200000e+01
     vertex -4.163426e-01 -1.669481e+01 -1.200000e+01
   endloop
 endfacet
 facet normal -0.000000e+00  0.000000e+00 -1.000000e+00
   outer loop
     vertex  2.076540e+00 -1.657039e+01 -1.200000e+01
     vertex  1.247993e+00 -1.665330e+01 -1.200000e+01
     vertex -4.523036e+00 -1.607582e+01 -1.200000e+01
   endloop
 endfacet
 facet normal  0.000000e+00  0.000000e+00 -1.000000e+00
   outer loop
     vertex -1.651347e+01  2.489006e+00 -1.200000e+01
     vertex -1.667924e+01  8.324263e-01 -1.200000e+01
     vertex -1.661701e+01  1.662783e+00 -1.200000e+01
   endloop
 endfacet
 facet normal  0.000000e+00  0.000000e+00 -1.000000e+00
   outer loop
     vertex -1.618359e+01  4.120849e+00 -1.200000e+01
     vertex -1.651347e+01  2.489006e+00 -1.200000e+01
     vertex -1.636888e+01  3.309041e+00 -1.200000e+01
   endloop
 endfacet
 facet normal  0.000000e+00  0.000000e+00 -1.000000e+00
   outer loop
     vertex  4.523036e+00 -1.607582e+01 -1.200000e+01
     vertex  3.716100e+00 -1.628130e+01 -1.200000e+01
     vertex  2.899925e+00 -1.644629e+01 -1.200000e+01
   endloop
 endfacet
 facet normal  0.000000e+00  0.000000e+00 -1.000000e+00
   outer loop
     vertex -1.595807e+01  4.922411e+00 -1.200000e+01
     vertex -1.667924e+01  8.324263e-01 -1.200000e+01
     vertex -1.651347e+01  2.489006e+00 -1.200000e+01
   endloop
 endfacet
 facet normal  0.000000e+00  0.000000e+00 -1.000000e+00
   outer loop
     vertex -1.595807e+01  4.922411e+00 -1.200000e+01
     vertex -1.651347e+01  2.489006e+00 -1.200000e+01
     vertex -1.618359e+01  4.120849e+00 -1.200000e+01
   endloop
 endfacet
 facet normal  0.000000e+00  0.000000e+00 -1.000000e+00
   outer loop
     vertex -1.595807e+01  4.922411e+00 -1.200000e+01
     vertex -1.224197e+01 -1.135888e+01 -1.200000e+01
     vertex -1.379819e+01 -9.407445e+00 -1.200000e+01
   endloop
 endfacet
 facet normal  0.000000e+00  0.000000e+00 -1.000000e+00
   outer loop
     vertex -1.595807e+01  4.922411e+00 -1.200000e+01
     vertex -8.350000e+00 -1.446262e+01 -1.200000e+01
     vertex -1.166055e+01 -1.195498e+01 -1.200000e+01
   endloop
 endfacet
 facet normal  0.000000e+00 -0.000000e+00 -1.000000e+00
   outer loop
     vertex -1.595807e+01  4.922411e+00 -1.200000e+01
     vertex -1.424996e+01 -8.707968e+00 -1.200000e+01
     vertex -1.670000e+01 -5.728516e-14 -1.200000e+01
   endloop
 endfacet
 facet normal  0.000000e+00  0.000000e+00 -1.000000e+00
   outer loop
     vertex -1.595807e+01  4.922411e+00 -1.200000e+01
     vertex -1.670000e+01 -5.728516e-14 -1.200000e+01
     vertex -1.667924e+01  8.324263e-01 -1.200000e+01
   endloop
 endfacet
 facet normal  0.000000e+00  0.000000e+00 -1.000000e+00
   outer loop
     vertex -1.595807e+01  4.922411e+00 -1.200000e+01
     vertex -1.379819e+01 -9.407445e+00 -1.200000e+01
     vertex -1.424996e+01 -8.707968e+00 -1.200000e+01
   endloop
 endfacet
 facet normal  0.000000e+00  0.000000e+00 -1.000000e+00
   outer loop
     vertex -1.595807e+01  4.922411e+00 -1.200000e+01
     vertex -1.166055e+01 -1.195498e+01 -1.200000e+01
     vertex -1.224197e+01 -1.135888e+01 -1.200000e+01
   endloop
 endfacet
 facet normal  0.000000e+00  0.000000e+00 -1.000000e+00
   outer loop
     vertex -1.504618e+01  7.245858e+00 -1.200000e+01
     vertex -1.569287e+01  5.711736e+00 -1.200000e+01
     vertex -1.538865e+01  6.486861e+00 -1.200000e+01
   endloop
 endfacet
 facet normal  0.000000e+00  0.000000e+00 -1.000000e+00
   outer loop
     vertex -1.504618e+01  7.245858e+00 -1.200000e+01
     vertex -1.595807e+01  4.922411e+00 -1.200000e+01
     vertex -1.569287e+01  5.711736e+00 -1.200000e+01
   endloop
 endfacet
 facet normal  0.000000e+00  0.000000e+00 -1.000000e+00
   outer loop
     vertex  7.618718e+00 -1.486086e+01 -1.200000e+01
     vertex  5.318727e+00 -1.583039e+01 -1.200000e+01
     vertex  4.523036e+00 -1.607582e+01 -1.200000e+01
   endloop
 endfacet
 facet normal  0.000000e+00  0.000000e+00 -1.000000e+00
   outer loop
     vertex  7.618718e+00 -1.486086e+01 -1.200000e+01
     vertex  6.101195e+00 -1.554559e+01 -1.200000e+01
     vertex  5.318727e+00 -1.583039e+01 -1.200000e+01
   endloop
 endfacet
 facet normal  0.000000e+00  0.000000e+00 -1.000000e+00
   outer loop
     vertex  7.618718e+00 -1.486086e+01 -1.200000e+01
     vertex  6.868495e+00 -1.522215e+01 -1.200000e+01
     vertex  6.101195e+00 -1.554559e+01 -1.200000e+01
   endloop
 endfacet
 facet normal  0.000000e+00  0.000000e+00 -1.000000e+00
   outer loop
     vertex  9.060523e+00 -1.402843e+01 -1.200000e+01
     vertex  8.350000e+00 -1.446262e+01 -1.200000e+01
     vertex  7.618718e+00 -1.486086e+01 -1.200000e+01
   endloop
 endfacet
 facet normal  0.000000e+00  0.000000e+00 -1.000000e+00
   outer loop
     vertex  9.060523e+00 -1.402843e+01 -1.200000e+01
     vertex  4.523036e+00 -1.607582e+01 -1.200000e+01
     vertex  2.899925e+00 -1.644629e+01 -1.200000e+01
   endloop
 endfacet
 facet normal  0.000000e+00  0.000000e+00 -1.000000e+00
   outer loop
     vertex  9.060523e+00 -1.402843e+01 -1.200000e+01
     vertex  7.618718e+00 -1.486086e+01 -1.200000e+01
     vertex  4.523036e+00 -1.607582e+01 -1.200000e+01
   endloop
 endfacet
 facet normal  0.000000e+00  0.000000e+00 -1.000000e+00
   outer loop
     vertex -1.331211e+01  1.008353e+01 -1.200000e+01
     vertex -1.424996e+01  8.707968e+00 -1.200000e+01
     vertex -1.379819e+01  9.407445e+00 -1.200000e+01
   endloop
 endfacet
 facet normal  0.000000e+00  0.000000e+00 -1.000000e+00
   outer loop
     vertex -1.331211e+01  1.008353e+01 -1.200000e+01
     vertex -1.466630e+01  7.986841e+00 -1.200000e+01
     vertex -1.424996e+01  8.707968e+00 -1.200000e+01
   endloop
 endfacet
 facet normal  0.000000e+00  0.000000e+00 -1.000000e+00
   outer loop
     vertex  1.041228e+01 -1.305659e+01 -1.200000e+01
     vertex  9.748519e+00 -1.355936e+01 -1.200000e+01
     vertex  9.060523e+00 -1.402843e+01 -1.200000e+01
   endloop
 endfacet
 facet normal  0.000000e+00  0.000000e+00 -1.000000e+00
   outer loop
     vertex -1.279294e+01  1.073455e+01 -1.200000e+01
     vertex -1.466630e+01  7.986841e+00 -1.200000e+01
     vertex -1.331211e+01  1.008353e+01 -1.200000e+01
   endloop
 endfacet
 facet normal  0.000000e+00  0.000000e+00 -1.000000e+00
   outer loop
     vertex -1.224197e+01  1.135888e+01 -1.200000e+01
     vertex  2.076540e+00 -1.657039e+01 -1.200000e+01
     vertex -4.523036e+00 -1.607582e+01 -1.200000e+01
   endloop
 endfacet
 facet normal  0.000000e+00  0.000000e+00 -1.000000e+00
   outer loop
     vertex -1.224197e+01  1.135888e+01 -1.200000e+01
     vertex -1.595807e+01  4.922411e+00 -1.200000e+01
     vertex -1.504618e+01  7.245858e+00 -1.200000e+01
   endloop
 endfacet
 facet normal  0.000000e+00  0.000000e+00 -1.000000e+00
   outer loop
     vertex -1.224197e+01  1.135888e+01 -1.200000e+01
     vertex -1.466630e+01  7.986841e+00 -1.200000e+01
     vertex -1.279294e+01  1.073455e+01 -1.200000e+01
   endloop
 endfacet
 facet normal  0.000000e+00  0.000000e+00 -1.000000e+00
   outer loop
     vertex -1.224197e+01  1.135888e+01 -1.200000e+01
     vertex -4.523036e+00 -1.607582e+01 -1.200000e+01
     vertex -8.350000e+00 -1.446262e+01 -1.200000e+01
   endloop
 endfacet
 facet normal  0.000000e+00  0.000000e+00 -1.000000e+00
   outer loop
     vertex -1.224197e+01  1.135888e+01 -1.200000e+01
     vertex -1.504618e+01  7.245858e+00 -1.200000e+01
     vertex -1.466630e+01  7.986841e+00 -1.200000e+01
   endloop
 endfacet
 facet normal  0.000000e+00 -0.000000e+00 -1.000000e+00
   outer loop
     vertex -1.224197e+01  1.135888e+01 -1.200000e+01
     vertex -8.350000e+00 -1.446262e+01 -1.200000e+01
     vertex -1.595807e+01  4.922411e+00 -1.200000e+01
   endloop
 endfacet
 facet normal  0.000000e+00  0.000000e+00 -1.000000e+00
   outer loop
     vertex -1.166055e+01  1.195498e+01 -1.200000e+01
     vertex  1.105015e+01 -1.252135e+01 -1.200000e+01
     vertex  1.041228e+01 -1.305659e+01 -1.200000e+01
   endloop
 endfacet
 facet normal  0.000000e+00  0.000000e+00 -1.000000e+00
   outer loop
     vertex -1.166055e+01  1.195498e+01 -1.200000e+01
     vertex  9.060523e+00 -1.402843e+01 -1.200000e+01
     vertex  2.899925e+00 -1.644629e+01 -1.200000e+01
   endloop
 endfacet
 facet normal  0.000000e+00 -0.000000e+00 -1.000000e+00
   outer loop
     vertex -1.166055e+01  1.195498e+01 -1.200000e+01
     vertex  2.076540e+00 -1.657039e+01 -1.200000e+01
     vertex -1.224197e+01  1.135888e+01 -1.200000e+01
   endloop
 endfacet
 facet normal  0.000000e+00  0.000000e+00 -1.000000e+00
   outer loop
     vertex -1.166055e+01  1.195498e+01 -1.200000e+01
     vertex  1.041228e+01 -1.305659e+01 -1.200000e+01
     vertex  9.060523e+00 -1.402843e+01 -1.200000e+01
   endloop
 endfacet
 facet normal  0.000000e+00  0.000000e+00 -1.000000e+00
   outer loop
     vertex -1.166055e+01  1.195498e+01 -1.200000e+01
     vertex  2.899925e+00 -1.644629e+01 -1.200000e+01
     vertex  2.076540e+00 -1.657039e+01 -1.200000e+01
   endloop
 endfacet
 facet normal  0.000000e+00  0.000000e+00 -1.000000e+00
   outer loop
     vertex  1.224197e+01 -1.135888e+01 -1.200000e+01
     vertex  1.166055e+01 -1.195498e+01 -1.200000e+01
     vertex  1.105015e+01 -1.252135e+01 -1.200000e+01
   endloop
 endfacet
 facet normal  0.000000e+00  0.000000e+00 -1.000000e+00
   outer loop
     vertex  1.331211e+01 -1.008353e+01 -1.200000e+01
     vertex  1.279294e+01 -1.073455e+01 -1.200000e+01
     vertex  1.224197e+01 -1.135888e+01 -1.200000e+01
   endloop
 endfacet
 facet normal  0.000000e+00  0.000000e+00 -1.000000e+00
   outer loop
     vertex -9.748519e+00  1.355936e+01 -1.200000e+01
     vertex -1.105015e+01  1.252135e+01 -1.200000e+01
     vertex -1.041228e+01  1.305659e+01 -1.200000e+01
   endloop
 endfacet
 facet normal  0.000000e+00  0.000000e+00 -1.000000e+00
   outer loop
     vertex -9.748519e+00  1.355936e+01 -1.200000e+01
     vertex -1.166055e+01  1.195498e+01 -1.200000e+01
     vertex -1.105015e+01  1.252135e+01 -1.200000e+01
   endloop
 endfacet
 facet normal  0.000000e+00 -0.000000e+00 -1.000000e+00
   outer loop
     vertex -9.748519e+00  1.355936e+01 -1.200000e+01
     vertex  1.105015e+01 -1.252135e+01 -1.200000e+01
     vertex -1.166055e+01  1.195498e+01 -1.200000e+01
   endloop
 endfacet
 facet normal  0.000000e+00  0.000000e+00 -1.000000e+00
   outer loop
     vertex  1.424996e+01 -8.707968e+00 -1.200000e+01
     vertex  1.379819e+01 -9.407445e+00 -1.200000e+01
     vertex  1.331211e+01 -1.008353e+01 -1.200000e+01
   endloop
 endfacet
 facet normal  0.000000e+00  0.000000e+00 -1.000000e+00
   outer loop
     vertex  1.424996e+01 -8.707968e+00 -1.200000e+01
     vertex  1.331211e+01 -1.008353e+01 -1.200000e+01
     vertex  1.224197e+01 -1.135888e+01 -1.200000e+01
   endloop
 endfacet
 facet normal  0.000000e+00  0.000000e+00 -1.000000e+00
   outer loop
     vertex -8.350000e+00  1.446262e+01 -1.200000e+01
     vertex -9.748519e+00  1.355936e+01 -1.200000e+01
     vertex -9.060523e+00  1.402843e+01 -1.200000e+01
   endloop
 endfacet
 facet normal  0.000000e+00  0.000000e+00 -1.000000e+00
   outer loop
     vertex -7.618718e+00  1.486086e+01 -1.200000e+01
     vertex  1.224197e+01 -1.135888e+01 -1.200000e+01
     vertex  1.105015e+01 -1.252135e+01 -1.200000e+01
   endloop
 endfacet
 facet normal  0.000000e+00 -0.000000e+00 -1.000000e+00
   outer loop
     vertex -7.618718e+00  1.486086e+01 -1.200000e+01
     vertex  1.105015e+01 -1.252135e+01 -1.200000e+01
     vertex -9.748519e+00  1.355936e+01 -1.200000e+01
   endloop
 endfacet
 facet normal  0.000000e+00  0.000000e+00 -1.000000e+00
   outer loop
     vertex -7.618718e+00  1.486086e+01 -1.200000e+01
     vertex -9.748519e+00  1.355936e+01 -1.200000e+01
     vertex -8.350000e+00  1.446262e+01 -1.200000e+01
   endloop
 endfacet
 facet normal  0.000000e+00  0.000000e+00 -1.000000e+00
   outer loop
     vertex  1.569287e+01 -5.711736e+00 -1.200000e+01
     vertex  1.466630e+01 -7.986841e+00 -1.200000e+01
     vertex  1.424996e+01 -8.707968e+00 -1.200000e+01
   endloop
 endfacet
 facet normal  0.000000e+00  0.000000e+00 -1.000000e+00
   outer loop
     vertex  1.569287e+01 -5.711736e+00 -1.200000e+01
     vertex  1.504618e+01 -7.245858e+00 -1.200000e+01
     vertex  1.466630e+01 -7.986841e+00 -1.200000e+01
   endloop
 endfacet
 facet normal  0.000000e+00  0.000000e+00 -1.000000e+00
   outer loop
     vertex  1.569287e+01 -5.711736e+00 -1.200000e+01
     vertex  1.538865e+01 -6.486861e+00 -1.200000e+01
     vertex  1.504618e+01 -7.245858e+00 -1.200000e+01
   endloop
 endfacet
 facet normal  0.000000e+00  0.000000e+00 -1.000000e+00
   outer loop
     vertex  1.569287e+01 -5.711736e+00 -1.200000e+01
     vertex  1.424996e+01 -8.707968e+00 -1.200000e+01
     vertex  1.224197e+01 -1.135888e+01 -1.200000e+01
   endloop
 endfacet
 facet normal  0.000000e+00  0.000000e+00 -1.000000e+00
   outer loop
     vertex -4.523036e+00  1.607582e+01 -1.200000e+01
     vertex -6.101195e+00  1.554559e+01 -1.200000e+01
     vertex -5.318727e+00  1.583039e+01 -1.200000e+01
   endloop
 endfacet
 facet normal  0.000000e+00  0.000000e+00 -1.000000e+00
   outer loop
     vertex -4.523036e+00  1.607582e+01 -1.200000e+01
     vertex -6.868495e+00  1.522215e+01 -1.200000e+01
     vertex -6.101195e+00  1.554559e+01 -1.200000e+01
   endloop
 endfacet
 facet normal  0.000000e+00  0.000000e+00 -1.000000e+00
   outer loop
     vertex -2.899925e+00  1.644629e+01 -1.200000e+01
     vertex -4.523036e+00  1.607582e+01 -1.200000e+01
     vertex -3.716100e+00  1.628130e+01 -1.200000e+01
   endloop
 endfacet
 facet normal  0.000000e+00  0.000000e+00 -1.000000e+00
   outer loop
     vertex -2.899925e+00  1.644629e+01 -1.200000e+01
     vertex -6.868495e+00  1.522215e+01 -1.200000e+01
     vertex -4.523036e+00  1.607582e+01 -1.200000e+01
   endloop
 endfacet
 facet normal  0.000000e+00  0.000000e+00 -1.000000e+00
   outer loop
     vertex  1.651347e+01 -2.489006e+00 -1.200000e+01
     vertex  1.595807e+01 -4.922411e+00 -1.200000e+01
     vertex  1.569287e+01 -5.711736e+00 -1.200000e+01
   endloop
 endfacet
 facet normal  0.000000e+00  0.000000e+00 -1.000000e+00
   outer loop
     vertex  1.651347e+01 -2.489006e+00 -1.200000e+01
     vertex  1.618359e+01 -4.120849e+00 -1.200000e+01
     vertex  1.595807e+01 -4.922411e+00 -1.200000e+01
   endloop
 endfacet
 facet normal  0.000000e+00  0.000000e+00 -1.000000e+00
   outer loop
     vertex  1.651347e+01 -2.489006e+00 -1.200000e+01
     vertex  1.636888e+01 -3.309041e+00 -1.200000e+01
     vertex  1.618359e+01 -4.120849e+00 -1.200000e+01
   endloop
 endfacet
 facet normal  0.000000e+00  0.000000e+00 -1.000000e+00
   outer loop
     vertex  1.661701e+01 -1.662783e+00 -1.200000e+01
     vertex  1.651347e+01 -2.489006e+00 -1.200000e+01
     vertex  1.569287e+01 -5.711736e+00 -1.200000e+01
   endloop
 endfacet
 facet normal  0.000000e+00  0.000000e+00 -1.000000e+00
   outer loop
     vertex  1.667924e+01 -8.324263e-01 -1.200000e+01
     vertex  1.661701e+01 -1.662783e+00 -1.200000e+01
     vertex  1.569287e+01 -5.711736e+00 -1.200000e+01
   endloop
 endfacet
 facet normal  0.000000e+00  0.000000e+00 -1.000000e+00
   outer loop
     vertex  1.667924e+01 -8.324263e-01 -1.200000e+01
     vertex  1.569287e+01 -5.711736e+00 -1.200000e+01
     vertex  1.224197e+01 -1.135888e+01 -1.200000e+01
   endloop
 endfacet
 facet normal  0.000000e+00  0.000000e+00 -1.000000e+00
   outer loop
     vertex -4.163426e-01  1.669481e+01 -1.200000e+01
     vertex -2.076540e+00  1.657039e+01 -1.200000e+01
     vertex -1.247993e+00  1.665330e+01 -1.200000e+01
   endloop
 endfacet
 facet normal  0.000000e+00  0.000000e+00 -1.000000e+00
   outer loop
     vertex -4.163426e-01  1.669481e+01 -1.200000e+01
     vertex -2.899925e+00  1.644629e+01 -1.200000e+01
     vertex -2.076540e+00  1.657039e+01 -1.200000e+01
   endloop
 endfacet
 facet normal  0.000000e+00  0.000000e+00 -1.000000e+00
   outer loop
     vertex -4.163426e-01  1.669481e+01 -1.200000e+01
     vertex -7.618718e+00  1.486086e+01 -1.200000e+01
     vertex -6.868495e+00  1.522215e+01 -1.200000e+01
   endloop
 endfacet
 facet normal  0.000000e+00  0.000000e+00 -1.000000e+00
   outer loop
     vertex -4.163426e-01  1.669481e+01 -1.200000e+01
     vertex -6.868495e+00  1.522215e+01 -1.200000e+01
     vertex -2.899925e+00  1.644629e+01 -1.200000e+01
   endloop
 endfacet
 facet normal -0.000000e+00  0.000000e+00 -1.000000e+00
   outer loop
     vertex  4.163426e-01  1.669481e+01 -1.200000e+01
     vertex -7.618718e+00  1.486086e+01 -1.200000e+01
     vertex -4.163426e-01  1.669481e+01 -1.200000e+01
   endloop
 endfacet
 facet normal  0.000000e+00 -0.000000e+00 -1.000000e+00
   outer loop
     vertex  4.163426e-01  1.669481e+01 -1.200000e+01
     vertex  1.224197e+01 -1.135888e+01 -1.200000e+01
     vertex -7.618718e+00  1.486086e+01 -1.200000e+01
   endloop
 endfacet
 facet normal  0.000000e+00  0.000000e+00 -1.000000e+00
   outer loop
     vertex  1.667924e+01  8.324263e-01 -1.200000e+01
     vertex  1.670000e+01  0.000000e+00 -1.200000e+01
     vertex  1.667924e+01 -8.324263e-01 -1.200000e+01
   endloop
 endfacet
 facet normal  0.000000e+00  0.000000e+00 -1.000000e+00
   outer loop
     vertex  1.661701e+01  1.662783e+00 -1.200000e+01
     vertex  1.667924e+01  8.324263e-01 -1.200000e+01
     vertex  1.667924e+01 -8.324263e-01 -1.200000e+01
   endloop
 endfacet
 facet normal  0.000000e+00  0.000000e+00 -1.000000e+00
   outer loop
     vertex  2.899925e+00  1.644629e+01 -1.200000e+01
     vertex  1.247993e+00  1.665330e+01 -1.200000e+01
     vertex  2.076540e+00  1.657039e+01 -1.200000e+01
   endloop
 endfacet
 facet normal  0.000000e+00  0.000000e+00 -1.000000e+00
   outer loop
     vertex  2.899925e+00  1.644629e+01 -1.200000e+01
     vertex  4.163426e-01  1.669481e+01 -1.200000e+01
     vertex  1.247993e+00  1.665330e+01 -1.200000e+01
   endloop
 endfacet
 facet normal  0.000000e+00  0.000000e+00 -1.000000e+00
   outer loop
     vertex  1.636888e+01  3.309041e+00 -1.200000e+01
     vertex  1.651347e+01  2.489006e+00 -1.200000e+01
     vertex  1.661701e+01  1.662783e+00 -1.200000e+01
   endloop
 endfacet
 facet normal  0.000000e+00  0.000000e+00 -1.000000e+00
   outer loop
     vertex  1.636888e+01  3.309041e+00 -1.200000e+01
     vertex  1.661701e+01  1.662783e+00 -1.200000e+01
     vertex  1.667924e+01 -8.324263e-01 -1.200000e+01
   endloop
 endfacet
 facet normal  0.000000e+00  0.000000e+00 -1.000000e+00
   outer loop
     vertex  3.716100e+00  1.628130e+01 -1.200000e+01
     vertex  4.163426e-01  1.669481e+01 -1.200000e+01
     vertex  2.899925e+00  1.644629e+01 -1.200000e+01
   endloop
 endfacet
 facet normal  0.000000e+00  0.000000e+00 -1.000000e+00
   outer loop
     vertex  4.523036e+00  1.607582e+01 -1.200000e+01
     vertex  4.163426e-01  1.669481e+01 -1.200000e+01
     vertex  3.716100e+00  1.628130e+01 -1.200000e+01
   endloop
 endfacet
 facet normal  0.000000e+00  0.000000e+00 -1.000000e+00
   outer loop
     vertex  1.569287e+01  5.711736e+00 -1.200000e+01
     vertex  1.595807e+01  4.922411e+00 -1.200000e+01
     vertex  1.618359e+01  4.120849e+00 -1.200000e+01
   endloop
 endfacet
 facet normal  0.000000e+00  0.000000e+00 -1.000000e+00
   outer loop
     vertex  6.101195e+00  1.554559e+01 -1.200000e+01
     vertex  4.523036e+00  1.607582e+01 -1.200000e+01
     vertex  5.318727e+00  1.583039e+01 -1.200000e+01
   endloop
 endfacet
 facet normal  0.000000e+00  0.000000e+00 -1.000000e+00
   outer loop
     vertex  6.101195e+00  1.554559e+01 -1.200000e+01
     vertex  4.163426e-01  1.669481e+01 -1.200000e+01
     vertex  4.523036e+00  1.607582e+01 -1.200000e+01
   endloop
 endfacet
 facet normal  0.000000e+00  0.000000e+00 -1.000000e+00
   outer loop
     vertex  1.538865e+01  6.486861e+00 -1.200000e+01
     vertex  1.569287e+01  5.711736e+00 -1.200000e+01
     vertex  1.618359e+01  4.120849e+00 -1.200000e+01
   endloop
 endfacet
 facet normal -0.000000e+00 -0.000000e+00 -1.000000e+00
   outer loop
     vertex  6.868495e+00  1.522215e+01 -1.200000e+01
     vertex  1.224197e+01 -1.135888e+01 -1.200000e+01
     vertex  4.163426e-01  1.669481e+01 -1.200000e+01
   endloop
 endfacet
 facet normal  0.000000e+00  0.000000e+00 -1.000000e+00
   outer loop
     vertex  6.868495e+00  1.522215e+01 -1.200000e+01
     vertex  1.667924e+01 -8.324263e-01 -1.200000e+01
     vertex  1.224197e+01 -1.135888e+01 -1.200000e+01
   endloop
 endfacet
 facet normal  0.000000e+00  0.000000e+00 -1.000000e+00
   outer loop
     vertex  6.868495e+00  1.522215e+01 -1.200000e+01
     vertex  4.163426e-01  1.669481e+01 -1.200000e+01
     vertex  6.101195e+00  1.554559e+01 -1.200000e+01
   endloop
 endfacet
 facet normal  0.000000e+00  0.000000e+00 -1.000000e+00
   outer loop
     vertex  6.868495e+00  1.522215e+01 -1.200000e+01
     vertex  1.636888e+01  3.309041e+00 -1.200000e+01
     vertex  1.667924e+01 -8.324263e-01 -1.200000e+01
   endloop
 endfacet
 facet normal  0.000000e+00  0.000000e+00 -1.000000e+00
   outer loop
     vertex  1.504618e+01  7.245858e+00 -1.200000e+01
     vertex  1.618359e+01  4.120849e+00 -1.200000e+01
     vertex  1.636888e+01  3.309041e+00 -1.200000e+01
   endloop
 endfacet
 facet normal  0.000000e+00  0.000000e+00 -1.000000e+00
   outer loop
     vertex  1.504618e+01  7.245858e+00 -1.200000e+01
     vertex  1.538865e+01  6.486861e+00 -1.200000e+01
     vertex  1.618359e+01  4.120849e+00 -1.200000e+01
   endloop
 endfacet
 facet normal  0.000000e+00  0.000000e+00 -1.000000e+00
   outer loop
     vertex  1.466630e+01  7.986841e+00 -1.200000e+01
     vertex  1.504618e+01  7.245858e+00 -1.200000e+01
     vertex  1.636888e+01  3.309041e+00 -1.200000e+01
   endloop
 endfacet
 facet normal  0.000000e+00  0.000000e+00 -1.000000e+00
   outer loop
     vertex  1.379819e+01  9.407445e+00 -1.200000e+01
     vertex  1.424996e+01  8.707968e+00 -1.200000e+01
     vertex  1.466630e+01  7.986841e+00 -1.200000e+01
   endloop
 endfacet
 facet normal  0.000000e+00  0.000000e+00 -1.000000e+00
   outer loop
     vertex  1.379819e+01  9.407445e+00 -1.200000e+01
     vertex  1.466630e+01  7.986841e+00 -1.200000e+01
     vertex  1.636888e+01  3.309041e+00 -1.200000e+01
   endloop
 endfacet
 facet normal  0.000000e+00  0.000000e+00 -1.000000e+00
   outer loop
     vertex  9.748519e+00  1.355936e+01 -1.200000e+01
     vertex  8.350000e+00  1.446262e+01 -1.200000e+01
     vertex  9.060523e+00  1.402843e+01 -1.200000e+01
   endloop
 endfacet
 facet normal  0.000000e+00  0.000000e+00 -1.000000e+00
   outer loop
     vertex  9.748519e+00  1.355936e+01 -1.200000e+01
     vertex  7.618718e+00  1.486086e+01 -1.200000e+01
     vertex  8.350000e+00  1.446262e+01 -1.200000e+01
   endloop
 endfacet
 facet normal  0.000000e+00  0.000000e+00 -1.000000e+00
   outer loop
     vertex  9.748519e+00  1.355936e+01 -1.200000e+01
     vertex  6.868495e+00  1.522215e+01 -1.200000e+01
     vertex  7.618718e+00  1.486086e+01 -1.200000e+01
   endloop
 endfacet
 facet normal -0.000000e+00 -0.000000e+00 -1.000000e+00
   outer loop
     vertex  9.748519e+00  1.355936e+01 -1.200000e+01
     vertex  1.636888e+01  3.309041e+00 -1.200000e+01
     vertex  6.868495e+00  1.522215e+01 -1.200000e+01
   endloop
 endfacet
 facet normal  0.000000e+00  0.000000e+00 -1.000000e+00
   outer loop
     vertex  9.748519e+00  1.355936e+01 -1.200000e+01
     vertex  1.379819e+01  9.407445e+00 -1.200000e+01
     vertex  1.636888e+01  3.309041e+00 -1.200000e+01
   endloop
 endfacet
 facet normal -0.000000e+00 -0.000000e+00 -1.000000e+00
   outer loop
     vertex  1.041228e+01  1.305659e+01 -1.200000e+01
     vertex  1.379819e+01  9.407445e+00 -1.200000e+01
     vertex  9.748519e+00  1.355936e+01 -1.200000e+01
   endloop
 endfacet
 facet normal  0.000000e+00  0.000000e+00 -1.000000e+00
   outer loop
     vertex  1.279294e+01  1.073455e+01 -1.200000e+01
     vertex  1.331211e+01  1.008353e+01 -1.200000e+01
     vertex  1.379819e+01  9.407445e+00 -1.200000e+01
   endloop
 endfacet
 facet normal  0.000000e+00  0.000000e+00 -1.000000e+00
   outer loop
     vertex  1.166055e+01  1.195498e+01 -1.200000e+01
     vertex  1.224197e+01  1.135888e+01 -1.200000e+01
     vertex  1.279294e+01  1.073455e+01 -1.200000e+01
   endloop
 endfacet
 facet normal  0.000000e+00  0.000000e+00 -1.000000e+00
   outer loop
     vertex  1.166055e+01  1.195498e+01 -1.200000e+01
     vertex  1.041228e+01  1.305659e+01 -1.200000e+01
     vertex  1.105015e+01  1.252135e+01 -1.200000e+01
   endloop
 endfacet
 facet normal -0.000000e+00 -0.000000e+00 -1.000000e+00
   outer loop
     vertex  1.166055e+01  1.195498e+01 -1.200000e+01
     vertex  1.379819e+01  9.407445e+00 -1.200000e+01
     vertex  1.041228e+01  1.305659e+01 -1.200000e+01
   endloop
 endfacet
 facet normal  0.000000e+00  0.000000e+00 -1.000000e+00
   outer loop
     vertex  1.166055e+01  1.195498e+01 -1.200000e+01
     vertex  1.279294e+01  1.073455e+01 -1.200000e+01
     vertex  1.379819e+01  9.407445e+00 -1.200000e+01
   endloop
 endfacet
 facet normal  0.000000e+00  0.000000e+00  1.000000e+00
   outer loop
     vertex -1.041228e+01 -1.305659e+01  0.000000e+00
     vertex -1.166055e+01 -1.195498e+01  0.000000e+00
     vertex -1.105015e+01 -1.252135e+01  0.000000e+00
   endloop
 endfacet
 facet normal  0.000000e+00  0.000000e+00  1.000000e+00
   outer loop
     vertex -1.331211e+01 -1.008353e+01  0.000000e+00
     vertex -1.279294e+01 -1.073455e+01  0.000000e+00
     vertex -1.224197e+01 -1.135888e+01  0.000000e+00
   endloop
 endfacet
 facet normal  0.000000e+00  0.000000e+00  1.000000e+00
   outer loop
     vertex -1.379819e+01 -9.407445e+00  0.000000e+00
     vertex -1.331211e+01 -1.008353e+01  0.000000e+00
     vertex -1.224197e+01 -1.135888e+01  0.000000e+00
   endloop
 endfacet
 facet normal  0.000000e+00  0.000000e+00  1.000000e+00
   outer loop
     vertex -9.060523e+00 -1.402843e+01  0.000000e+00
     vertex -1.166055e+01 -1.195498e+01  0.000000e+00
     vertex -1.041228e+01 -1.305659e+01  0.000000e+00
   endloop
 endfacet
 facet normal  0.000000e+00  0.000000e+00  1.000000e+00
   outer loop
     vertex -9.060523e+00 -1.402843e+01  0.000000e+00
     vertex -1.041228e+01 -1.305659e+01  0.000000e+00
     vertex -9.748519e+00 -1.355936e+01  0.000000e+00
   endloop
 endfacet
 facet normal  0.000000e+00  0.000000e+00  1.000000e+00
   outer loop
     vertex -8.350000e+00 -1.446262e+01  0.000000e+00
     vertex -1.166055e+01 -1.195498e+01  0.000000e+00
     vertex -9.060523e+00 -1.402843e+01  0.000000e+00
   endloop
 endfacet
 facet normal  0.000000e+00  0.000000e+00  1.000000e+00
   outer loop
     vertex -5.318727e+00 -1.583039e+01  0.000000e+00
     vertex -7.618718e+00 -1.486086e+01  0.000000e+00
     vertex -6.868495e+00 -1.522215e+01  0.000000e+00
   endloop
 endfacet
 facet normal  0.000000e+00  0.000000e+00  1.000000e+00
   outer loop
     vertex -5.318727e+00 -1.583039e+01  0.000000e+00
     vertex -6.868495e+00 -1.522215e+01  0.000000e+00
     vertex -6.101195e+00 -1.554559e+01  0.000000e+00
   endloop
 endfacet
 facet normal  0.000000e+00  0.000000e+00  1.000000e+00
   outer loop
     vertex -4.523036e+00 -1.607582e+01  0.000000e+00
     vertex -7.618718e+00 -1.486086e+01  0.000000e+00
     vertex -5.318727e+00 -1.583039e+01  0.000000e+00
   endloop
 endfacet
 facet normal  0.000000e+00  0.000000e+00  1.000000e+00
   outer loop
     vertex -4.523036e+00 -1.607582e+01  0.000000e+00
     vertex -8.350000e+00 -1.446262e+01  0.000000e+00
     vertex -7.618718e+00 -1.486086e+01  0.000000e+00
   endloop
 endfacet
 facet normal  0.000000e+00  0.000000e+00  1.000000e+00
   outer loop
     vertex -1.651347e+01 -2.489006e+00  0.000000e+00
     vertex -1.636888e+01 -3.309041e+00  0.000000e+00
     vertex -1.618359e+01 -4.120849e+00  0.000000e+00
   endloop
 endfacet
 facet normal  0.000000e+00  0.000000e+00  1.000000e+00
   outer loop
     vertex -1.651347e+01 -2.489006e+00  0.000000e+00
     vertex -1.618359e+01 -4.120849e+00  0.000000e+00
     vertex -1.595807e+01 -4.922411e+00  0.000000e+00
   endloop
 endfacet
 facet normal  0.000000e+00  0.000000e+00  1.000000e+00
   outer loop
     vertex -1.651347e+01 -2.489006e+00  0.000000e+00
     vertex -1.595807e+01 -4.922411e+00  0.000000e+00
     vertex -1.569287e+01 -5.711736e+00  0.000000e+00
   endloop
 endfacet
 facet normal  0.000000e+00  0.000000e+00  1.000000e+00
   outer loop
     vertex -1.651347e+01 -2.489006e+00  0.000000e+00
     vertex -1.569287e+01 -5.711736e+00  0.000000e+00
     vertex -1.538865e+01 -6.486861e+00  0.000000e+00
   endloop
 endfacet
 facet normal  0.000000e+00  0.000000e+00  1.000000e+00
   outer loop
     vertex -1.651347e+01 -2.489006e+00  0.000000e+00
     vertex -1.538865e+01 -6.486861e+00  0.000000e+00
     vertex -1.504618e+01 -7.245858e+00  0.000000e+00
   endloop
 endfacet
 facet normal  0.000000e+00  0.000000e+00  1.000000e+00
   outer loop
     vertex -1.247993e+00 -1.665330e+01  0.000000e+00
     vertex -3.716100e+00 -1.628130e+01  0.000000e+00
     vertex -2.899925e+00 -1.644629e+01  0.000000e+00
   endloop
 endfacet
 facet normal  0.000000e+00  0.000000e+00  1.000000e+00
   outer loop
     vertex -1.247993e+00 -1.665330e+01  0.000000e+00
     vertex -2.899925e+00 -1.644629e+01  0.000000e+00
     vertex -2.076540e+00 -1.657039e+01  0.000000e+00
   endloop
 endfacet
 facet normal  0.000000e+00  0.000000e+00  1.000000e+00
   outer loop
     vertex -1.670000e+01 -5.728516e-14  0.000000e+00
     vertex -1.651347e+01 -2.489006e+00  0.000000e+00
     vertex -1.504618e+01 -7.245858e+00  0.000000e+00
   endloop
 endfacet
 facet normal  0.000000e+00  0.000000e+00  1.000000e+00
   outer loop
     vertex -1.670000e+01 -5.728516e-14  0.000000e+00
     vertex -1.667924e+01 -8.324263e-01  0.000000e+00
     vertex -1.661701e+01 -1.662783e+00  0.000000e+00
   endloop
 endfacet
 facet normal  0.000000e+00  0.000000e+00  1.000000e+00
   outer loop
     vertex -1.670000e+01 -5.728516e-14  0.000000e+00
     vertex -1.661701e+01 -1.662783e+00  0.000000e+00
     vertex -1.651347e+01 -2.489006e+00  0.000000e+00
   endloop
 endfacet
 facet normal  0.000000e+00  0.000000e+00  1.000000e+00
   outer loop
     vertex -1.670000e+01 -5.728516e-14  0.000000e+00
     vertex -1.504618e+01 -7.245858e+00  0.000000e+00
     vertex -1.466630e+01 -7.986841e+00  0.000000e+00
   endloop
 endfacet
 facet normal  0.000000e+00  0.000000e+00  1.000000e+00
   outer loop
     vertex -1.670000e+01 -5.728516e-14  0.000000e+00
     vertex -1.466630e+01 -7.986841e+00  0.000000e+00
     vertex -1.424996e+01 -8.707968e+00  0.000000e+00
   endloop
 endfacet
 facet normal  0.000000e+00  0.000000e+00  1.000000e+00
   outer loop
     vertex  1.247993e+00 -1.665330e+01  0.000000e+00
     vertex -3.716100e+00 -1.628130e+01  0.000000e+00
     vertex -1.247993e+00 -1.665330e+01  0.000000e+00
   endloop
 endfacet
 facet normal  0.000000e+00  0.000000e+00  1.000000e+00
   outer loop
     vertex  1.247993e+00 -1.665330e+01  0.000000e+00
     vertex -4.523036e+00 -1.607582e+01  0.000000e+00
     vertex -3.716100e+00 -1.628130e+01  0.000000e+00
   endloop
 endfacet
 facet normal  0.000000e+00  0.000000e+00  1.000000e+00
   outer loop
     vertex  1.247993e+00 -1.665330e+01  0.000000e+00
     vertex -1.247993e+00 -1.665330e+01  0.000000e+00
     vertex -4.163426e-01 -1.669481e+01  0.000000e+00
   endloop
 endfacet
 facet normal  0.000000e+00  0.000000e+00  1.000000e+00
   outer loop
     vertex  1.247993e+00 -1.665330e+01  0.000000e+00
     vertex -4.163426e-01 -1.669481e+01  0.000000e+00
     vertex  4.163426e-01 -1.669481e+01  0.000000e+00
   endloop
 endfacet
 facet normal  0.000000e+00  0.000000e+00  1.000000e+00
   outer loop
     vertex  2.076540e+00 -1.657039e+01  0.000000e+00
     vertex -4.523036e+00 -1.607582e+01  0.000000e+00
     vertex  1.247993e+00 -1.665330e+01  0.000000e+00
   endloop
 endfacet
 facet normal  0.000000e+00  0.000000e+00  1.000000e+00
   outer loop
     vertex -1.651347e+01  2.489006e+00  0.000000e+00
     vertex -1.661701e+01  1.662783e+00  0.000000e+00
     vertex -1.667924e+01  8.324263e-01  0.000000e+00
   endloop
 endfacet
 facet normal  0.000000e+00  0.000000e+00  1.000000e+00
   outer loop
     vertex -1.618359e+01  4.120849e+00  0.000000e+00
     vertex -1.636888e+01  3.309041e+00  0.000000e+00
     vertex -1.651347e+01  2.489006e+00  0.000000e+00
   endloop
 endfacet
 facet normal  0.000000e+00  0.000000e+00  1.000000e+00
   outer loop
     vertex  4.523036e+00 -1.607582e+01  0.000000e+00
     vertex  2.899925e+00 -1.644629e+01  0.000000e+00
     vertex  3.716100e+00 -1.628130e+01  0.000000e+00
   endloop
 endfacet
 facet normal  0.000000e+00  0.000000e+00  1.000000e+00
   outer loop
     vertex -1.595807e+01  4.922411e+00  0.000000e+00
     vertex -1.651347e+01  2.489006e+00  0.000000e+00
     vertex -1.667924e+01  8.324263e-01  0.000000e+00
   endloop
 endfacet
 facet normal  0.000000e+00  0.000000e+00  1.000000e+00
   outer loop
     vertex -1.595807e+01  4.922411e+00  0.000000e+00
     vertex -1.618359e+01  4.120849e+00  0.000000e+00
     vertex -1.651347e+01  2.489006e+00  0.000000e+00
   endloop
 endfacet
 facet normal  0.000000e+00  0.000000e+00  1.000000e+00
   outer loop
     vertex -1.595807e+01  4.922411e+00  0.000000e+00
     vertex -1.379819e+01 -9.407445e+00  0.000000e+00
     vertex -1.224197e+01 -1.135888e+01  0.000000e+00
   endloop
 endfacet
 facet normal  0.000000e+00  0.000000e+00  1.000000e+00
   outer loop
     vertex -1.595807e+01  4.922411e+00  0.000000e+00
     vertex -1.166055e+01 -1.195498e+01  0.000000e+00
     vertex -8.350000e+00 -1.446262e+01  0.000000e+00
   endloop
 endfacet
 facet normal  0.000000e+00  0.000000e+00  1.000000e+00
   outer loop
     vertex -1.595807e+01  4.922411e+00  0.000000e+00
     vertex -1.670000e+01 -5.728516e-14  0.000000e+00
     vertex -1.424996e+01 -8.707968e+00  0.000000e+00
   endloop
 endfacet
 facet normal  0.000000e+00  0.000000e+00  1.000000e+00
   outer loop
     vertex -1.595807e+01  4.922411e+00  0.000000e+00
     vertex -1.667924e+01  8.324263e-01  0.000000e+00
     vertex -1.670000e+01 -5.728516e-14  0.000000e+00
   endloop
 endfacet
 facet normal  0.000000e+00  0.000000e+00  1.000000e+00
   outer loop
     vertex -1.595807e+01  4.922411e+00  0.000000e+00
     vertex -1.424996e+01 -8.707968e+00  0.000000e+00
     vertex -1.379819e+01 -9.407445e+00  0.000000e+00
   endloop
 endfacet
 facet normal  0.000000e+00  0.000000e+00  1.000000e+00
   outer loop
     vertex -1.595807e+01  4.922411e+00  0.000000e+00
     vertex -1.224197e+01 -1.135888e+01  0.000000e+00
     vertex -1.166055e+01 -1.195498e+01  0.000000e+00
   endloop
 endfacet
 facet normal  0.000000e+00  0.000000e+00  1.000000e+00
   outer loop
     vertex -1.504618e+01  7.245858e+00  0.000000e+00
     vertex -1.538865e+01  6.486861e+00  0.000000e+00
     vertex -1.569287e+01  5.711736e+00  0.000000e+00
   endloop
 endfacet
 facet normal  0.000000e+00  0.000000e+00  1.000000e+00
   outer loop
     vertex -1.504618e+01  7.245858e+00  0.000000e+00
     vertex -1.569287e+01  5.711736e+00  0.000000e+00
     vertex -1.595807e+01  4.922411e+00  0.000000e+00
   endloop
 endfacet
 facet normal  0.000000e+00  0.000000e+00  1.000000e+00
   outer loop
     vertex  7.618718e+00 -1.486086e+01  0.000000e+00
     vertex  4.523036e+00 -1.607582e+01  0.000000e+00
     vertex  5.318727e+00 -1.583039e+01  0.000000e+00
   endloop
 endfacet
 facet normal  0.000000e+00  0.000000e+00  1.000000e+00
   outer loop
     vertex  7.618718e+00 -1.486086e+01  0.000000e+00
     vertex  5.318727e+00 -1.583039e+01  0.000000e+00
     vertex  6.101195e+00 -1.554559e+01  0.000000e+00
   endloop
 endfacet
 facet normal  0.000000e+00  0.000000e+00  1.000000e+00
   outer loop
     vertex  7.618718e+00 -1.486086e+01  0.000000e+00
     vertex  6.101195e+00 -1.554559e+01  0.000000e+00
     vertex  6.868495e+00 -1.522215e+01  0.000000e+00
   endloop
 endfacet
 facet normal  0.000000e+00  0.000000e+00  1.000000e+00
   outer loop
     vertex  9.060523e+00 -1.402843e+01  0.000000e+00
     vertex  7.618718e+00 -1.486086e+01  0.000000e+00
     vertex  8.350000e+00 -1.446262e+01  0.000000e+00
   endloop
 endfacet
 facet normal  0.000000e+00  0.000000e+00  1.000000e+00
   outer loop
     vertex  9.060523e+00 -1.402843e+01  0.000000e+00
     vertex  2.899925e+00 -1.644629e+01  0.000000e+00
     vertex  4.523036e+00 -1.607582e+01  0.000000e+00
   endloop
 endfacet
 facet normal  0.000000e+00  0.000000e+00  1.000000e+00
   outer loop
     vertex  9.060523e+00 -1.402843e+01  0.000000e+00
     vertex  4.523036e+00 -1.607582e+01  0.000000e+00
     vertex  7.618718e+00 -1.486086e+01  0.000000e+00
   endloop
 endfacet
 facet normal  0.000000e+00  0.000000e+00  1.000000e+00
   outer loop
     vertex -1.331211e+01  1.008353e+01  0.000000e+00
     vertex -1.379819e+01  9.407445e+00  0.000000e+00
     vertex -1.424996e+01  8.707968e+00  0.000000e+00
   endloop
 endfacet
 facet normal  0.000000e+00  0.000000e+00  1.000000e+00
   outer loop
     vertex -1.331211e+01  1.008353e+01  0.000000e+00
     vertex -1.424996e+01  8.707968e+00  0.000000e+00
     vertex -1.466630e+01  7.986841e+00  0.000000e+00
   endloop
 endfacet
 facet normal  0.000000e+00  0.000000e+00  1.000000e+00
   outer loop
     vertex  1.041228e+01 -1.305659e+01  0.000000e+00
     vertex  9.060523e+00 -1.402843e+01  0.000000e+00
     vertex  9.748519e+00 -1.355936e+01  0.000000e+00
   endloop
 endfacet
 facet normal  0.000000e+00  0.000000e+00  1.000000e+00
   outer loop
     vertex -1.279294e+01  1.073455e+01  0.000000e+00
     vertex -1.331211e+01  1.008353e+01  0.000000e+00
     vertex -1.466630e+01  7.986841e+00  0.000000e+00
   endloop
 endfacet
 facet normal  0.000000e+00  0.000000e+00  1.000000e+00
   outer loop
     vertex -1.224197e+01  1.135888e+01  0.000000e+00
     vertex -4.523036e+00 -1.607582e+01  0.000000e+00
     vertex  2.076540e+00 -1.657039e+01  0.000000e+00
   endloop
 endfacet
 facet normal  0.000000e+00  0.000000e+00  1.000000e+00
   outer loop
     vertex -1.224197e+01  1.135888e+01  0.000000e+00
     vertex -1.504618e+01  7.245858e+00  0.000000e+00
     vertex -1.595807e+01  4.922411e+00  0.000000e+00
   endloop
 endfacet
 facet normal  0.000000e+00  0.000000e+00  1.000000e+00
   outer loop
     vertex -1.224197e+01  1.135888e+01  0.000000e+00
     vertex -1.279294e+01  1.073455e+01  0.000000e+00
     vertex -1.466630e+01  7.986841e+00  0.000000e+00
   endloop
 endfacet
 facet normal  0.000000e+00  0.000000e+00  1.000000e+00
   outer loop
     vertex -1.224197e+01  1.135888e+01  0.000000e+00
     vertex -8.350000e+00 -1.446262e+01  0.000000e+00
     vertex -4.523036e+00 -1.607582e+01  0.000000e+00
   endloop
 endfacet
 facet normal  0.000000e+00  0.000000e+00  1.000000e+00
   outer loop
     vertex -1.224197e+01  1.135888e+01  0.000000e+00
     vertex -1.466630e+01  7.986841e+00  0.000000e+00
     vertex -1.504618e+01  7.245858e+00  0.000000e+00
   endloop
 endfacet
 facet normal  0.000000e+00  0.000000e+00  1.000000e+00
   outer loop
     vertex -1.224197e+01  1.135888e+01  0.000000e+00
     vertex -1.595807e+01  4.922411e+00  0.000000e+00
     vertex -8.350000e+00 -1.446262e+01  0.000000e+00
   endloop
 endfacet
 facet normal  0.000000e+00  0.000000e+00  1.000000e+00
   outer loop
     vertex -1.166055e+01  1.195498e+01  0.000000e+00
     vertex  1.041228e+01 -1.305659e+01  0.000000e+00
     vertex  1.105015e+01 -1.252135e+01  0.000000e+00
   endloop
 endfacet
 facet normal  0.000000e+00  0.000000e+00  1.000000e+00
   outer loop
     vertex -1.166055e+01  1.195498e+01  0.000000e+00
     vertex  2.899925e+00 -1.644629e+01  0.000000e+00
     vertex  9.060523e+00 -1.402843e+01  0.000000e+00
   endloop
 endfacet
 facet normal  0.000000e+00  0.000000e+00  1.000000e+00
   outer loop
     vertex -1.166055e+01  1.195498e+01  0.000000e+00
     vertex -1.224197e+01  1.135888e+01  0.000000e+00
     vertex  2.076540e+00 -1.657039e+01  0.000000e+00
   endloop
 endfacet
 facet normal  0.000000e+00  0.000000e+00  1.000000e+00
   outer loop
     vertex -1.166055e+01  1.195498e+01  0.000000e+00
     vertex  9.060523e+00 -1.402843e+01  0.000000e+00
     vertex  1.041228e+01 -1.305659e+01  0.000000e+00
   endloop
 endfacet
 facet normal  0.000000e+00  0.000000e+00  1.000000e+00
   outer loop
     vertex -1.166055e+01  1.195498e+01  0.000000e+00
     vertex  2.076540e+00 -1.657039e+01  0.000000e+00
     vertex  2.899925e+00 -1.644629e+01  0.000000e+00
   endloop
 endfacet
 facet normal  0.000000e+00  0.000000e+00  1.000000e+00
   outer loop
     vertex  1.224197e+01 -1.135888e+01  0.000000e+00
     vertex  1.105015e+01 -1.252135e+01  0.000000e+00
     vertex  1.166055e+01 -1.195498e+01  0.000000e+00
   endloop
 endfacet
 facet normal  0.000000e+00  0.000000e+00  1.000000e+00
   outer loop
     vertex  1.331211e+01 -1.008353e+01  0.000000e+00
     vertex  1.224197e+01 -1.135888e+01  0.000000e+00
     vertex  1.279294e+01 -1.073455e+01  0.000000e+00
   endloop
 endfacet
 facet normal  0.000000e+00  0.000000e+00  1.000000e+00
   outer loop
     vertex -9.748519e+00  1.355936e+01  0.000000e+00
     vertex -1.041228e+01  1.305659e+01  0.000000e+00
     vertex -1.105015e+01  1.252135e+01  0.000000e+00
   endloop
 endfacet
 facet normal  0.000000e+00  0.000000e+00  1.000000e+00
   outer loop
     vertex -9.748519e+00  1.355936e+01  0.000000e+00
     vertex -1.105015e+01  1.252135e+01  0.000000e+00
     vertex -1.166055e+01  1.195498e+01  0.000000e+00
   endloop
 endfacet
 facet normal  0.000000e+00  0.000000e+00  1.000000e+00
   outer loop
     vertex -9.748519e+00  1.355936e+01  0.000000e+00
     vertex -1.166055e+01  1.195498e+01  0.000000e+00
     vertex  1.105015e+01 -1.252135e+01  0.000000e+00
   endloop
 endfacet
 facet normal  0.000000e+00  0.000000e+00  1.000000e+00
   outer loop
     vertex  1.424996e+01 -8.707968e+00  0.000000e+00
     vertex  1.331211e+01 -1.008353e+01  0.000000e+00
     vertex  1.379819e+01 -9.407445e+00  0.000000e+00
   endloop
 endfacet
 facet normal  0.000000e+00  0.000000e+00  1.000000e+00
   outer loop
     vertex  1.424996e+01 -8.707968e+00  0.000000e+00
     vertex  1.224197e+01 -1.135888e+01  0.000000e+00
     vertex  1.331211e+01 -1.008353e+01  0.000000e+00
   endloop
 endfacet
 facet normal  0.000000e+00  0.000000e+00  1.000000e+00
   outer loop
     vertex -8.350000e+00  1.446262e+01  0.000000e+00
     vertex -9.060523e+00  1.402843e+01  0.000000e+00
     vertex -9.748519e+00  1.355936e+01  0.000000e+00
   endloop
 endfacet
 facet normal  0.000000e+00  0.000000e+00  1.000000e+00
   outer loop
     vertex -7.618718e+00  1.486086e+01  0.000000e+00
     vertex  1.105015e+01 -1.252135e+01  0.000000e+00
     vertex  1.224197e+01 -1.135888e+01  0.000000e+00
   endloop
 endfacet
 facet normal  0.000000e+00  0.000000e+00  1.000000e+00
   outer loop
     vertex -7.618718e+00  1.486086e+01  0.000000e+00
     vertex -9.748519e+00  1.355936e+01  0.000000e+00
     vertex  1.105015e+01 -1.252135e+01  0.000000e+00
   endloop
 endfacet
 facet normal  0.000000e+00  0.000000e+00  1.000000e+00
   outer loop
     vertex -7.618718e+00  1.486086e+01  0.000000e+00
     vertex -8.350000e+00  1.446262e+01  0.000000e+00
     vertex -9.748519e+00  1.355936e+01  0.000000e+00
   endloop
 endfacet
 facet normal  0.000000e+00  0.000000e+00  1.000000e+00
   outer loop
     vertex  1.569287e+01 -5.711736e+00  0.000000e+00
     vertex  1.424996e+01 -8.707968e+00  0.000000e+00
     vertex  1.466630e+01 -7.986841e+00  0.000000e+00
   endloop
 endfacet
 facet normal  0.000000e+00  0.000000e+00  1.000000e+00
   outer loop
     vertex  1.569287e+01 -5.711736e+00  0.000000e+00
     vertex  1.466630e+01 -7.986841e+00  0.000000e+00
     vertex  1.504618e+01 -7.245858e+00  0.000000e+00
   endloop
 endfacet
 facet normal  0.000000e+00  0.000000e+00  1.000000e+00
   outer loop
     vertex  1.569287e+01 -5.711736e+00  0.000000e+00
     vertex  1.504618e+01 -7.245858e+00  0.000000e+00
     vertex  1.538865e+01 -6.486861e+00  0.000000e+00
   endloop
 endfacet
 facet normal  0.000000e+00  0.000000e+00  1.000000e+00
   outer loop
     vertex  1.569287e+01 -5.711736e+00  0.000000e+00
     vertex  1.224197e+01 -1.135888e+01  0.000000e+00
     vertex  1.424996e+01 -8.707968e+00  0.000000e+00
   endloop
 endfacet
 facet normal  0.000000e+00  0.000000e+00  1.000000e+00
   outer loop
     vertex -4.523036e+00  1.607582e+01  0.000000e+00
     vertex -5.318727e+00  1.583039e+01  0.000000e+00
     vertex -6.101195e+00  1.554559e+01  0.000000e+00
   endloop
 endfacet
 facet normal  0.000000e+00  0.000000e+00  1.000000e+00
   outer loop
     vertex -4.523036e+00  1.607582e+01  0.000000e+00
     vertex -6.101195e+00  1.554559e+01  0.000000e+00
     vertex -6.868495e+00  1.522215e+01  0.000000e+00
   endloop
 endfacet
 facet normal  0.000000e+00  0.000000e+00  1.000000e+00
   outer loop
     vertex -2.899925e+00  1.644629e+01  0.000000e+00
     vertex -3.716100e+00  1.628130e+01  0.000000e+00
     vertex -4.523036e+00  1.607582e+01  0.000000e+00
   endloop
 endfacet
 facet normal  0.000000e+00  0.000000e+00  1.000000e+00
   outer loop
     vertex -2.899925e+00  1.644629e+01  0.000000e+00
     vertex -4.523036e+00  1.607582e+01  0.000000e+00
     vertex -6.868495e+00  1.522215e+01  0.000000e+00
   endloop
 endfacet
 facet normal  0.000000e+00  0.000000e+00  1.000000e+00
   outer loop
     vertex  1.651347e+01 -2.489006e+00  0.000000e+00
     vertex  1.569287e+01 -5.711736e+00  0.000000e+00
     vertex  1.595807e+01 -4.922411e+00  0.000000e+00
   endloop
 endfacet
 facet normal  0.000000e+00  0.000000e+00  1.000000e+00
   outer loop
     vertex  1.651347e+01 -2.489006e+00  0.000000e+00
     vertex  1.595807e+01 -4.922411e+00  0.000000e+00
     vertex  1.618359e+01 -4.120849e+00  0.000000e+00
   endloop
 endfacet
 facet normal  0.000000e+00  0.000000e+00  1.000000e+00
   outer loop
     vertex  1.651347e+01 -2.489006e+00  0.000000e+00
     vertex  1.618359e+01 -4.120849e+00  0.000000e+00
     vertex  1.636888e+01 -3.309041e+00  0.000000e+00
   endloop
 endfacet
 facet normal  0.000000e+00  0.000000e+00  1.000000e+00
   outer loop
     vertex  1.661701e+01 -1.662783e+00  0.000000e+00
     vertex  1.569287e+01 -5.711736e+00  0.000000e+00
     vertex  1.651347e+01 -2.489006e+00  0.000000e+00
   endloop
 endfacet
 facet normal  0.000000e+00  0.000000e+00  1.000000e+00
   outer loop
     vertex  1.667924e+01 -8.324263e-01  0.000000e+00
     vertex  1.569287e+01 -5.711736e+00  0.000000e+00
     vertex  1.661701e+01 -1.662783e+00  0.000000e+00
   endloop
 endfacet
 facet normal  0.000000e+00  0.000000e+00  1.000000e+00
   outer loop
     vertex  1.667924e+01 -8.324263e-01  0.000000e+00
     vertex  1.224197e+01 -1.135888e+01  0.000000e+00
     vertex  1.569287e+01 -5.711736e+00  0.000000e+00
   endloop
 endfacet
 facet normal  0.000000e+00  0.000000e+00  1.000000e+00
   outer loop
     vertex -4.163426e-01  1.669481e+01  0.000000e+00
     vertex -1.247993e+00  1.665330e+01  0.000000e+00
     vertex -2.076540e+00  1.657039e+01  0.000000e+00
   endloop
 endfacet
 facet normal  0.000000e+00  0.000000e+00  1.000000e+00
   outer loop
     vertex -4.163426e-01  1.669481e+01  0.000000e+00
     vertex -2.076540e+00  1.657039e+01  0.000000e+00
     vertex -2.899925e+00  1.644629e+01  0.000000e+00
   endloop
 endfacet
 facet normal  0.000000e+00  0.000000e+00  1.000000e+00
   outer loop
     vertex -4.163426e-01  1.669481e+01  0.000000e+00
     vertex -6.868495e+00  1.522215e+01  0.000000e+00
     vertex -7.618718e+00  1.486086e+01  0.000000e+00
   endloop
 endfacet
 facet normal  0.000000e+00  0.000000e+00  1.000000e+00
   outer loop
     vertex -4.163426e-01  1.669481e+01  0.000000e+00
     vertex -2.899925e+00  1.644629e+01  0.000000e+00
     vertex -6.868495e+00  1.522215e+01  0.000000e+00
   endloop
 endfacet
 facet normal  0.000000e+00  0.000000e+00  1.000000e+00
   outer loop
     vertex  4.163426e-01  1.669481e+01  0.000000e+00
     vertex -4.163426e-01  1.669481e+01  0.000000e+00
     vertex -7.618718e+00  1.486086e+01  0.000000e+00
   endloop
 endfacet
 facet normal  0.000000e+00  0.000000e+00  1.000000e+00
   outer loop
     vertex  4.163426e-01  1.669481e+01  0.000000e+00
     vertex -7.618718e+00  1.486086e+01  0.000000e+00
     vertex  1.224197e+01 -1.135888e+01  0.000000e+00
   endloop
 endfacet
 facet normal  0.000000e+00  0.000000e+00  1.000000e+00
   outer loop
     vertex  1.667924e+01  8.324263e-01  0.000000e+00
     vertex  1.667924e+01 -8.324263e-01  0.000000e+00
     vertex  1.670000e+01  0.000000e+00  0.000000e+00
   endloop
 endfacet
 facet normal  0.000000e+00  0.000000e+00  1.000000e+00
   outer loop
     vertex  1.661701e+01  1.662783e+00  0.000000e+00
     vertex  1.667924e+01 -8.324263e-01  0.000000e+00
     vertex  1.667924e+01  8.324263e-01  0.000000e+00
   endloop
 endfacet
 facet normal  0.000000e+00  0.000000e+00  1.000000e+00
   outer loop
     vertex  2.899925e+00  1.644629e+01  0.000000e+00
     vertex  2.076540e+00  1.657039e+01  0.000000e+00
     vertex  1.247993e+00  1.665330e+01  0.000000e+00
   endloop
 endfacet
 facet normal  0.000000e+00  0.000000e+00  1.000000e+00
   outer loop
     vertex  2.899925e+00  1.644629e+01  0.000000e+00
     vertex  1.247993e+00  1.665330e+01  0.000000e+00
     vertex  4.163426e-01  1.669481e+01  0.000000e+00
   endloop
 endfacet
 facet normal  0.000000e+00  0.000000e+00  1.000000e+00
   outer loop
     vertex  1.636888e+01  3.309041e+00  0.000000e+00
     vertex  1.661701e+01  1.662783e+00  0.000000e+00
     vertex  1.651347e+01  2.489006e+00  0.000000e+00
   endloop
 endfacet
 facet normal  0.000000e+00  0.000000e+00  1.000000e+00
   outer loop
     vertex  1.636888e+01  3.309041e+00  0.000000e+00
     vertex  1.667924e+01 -8.324263e-01  0.000000e+00
     vertex  1.661701e+01  1.662783e+00  0.000000e+00
   endloop
 endfacet
 facet normal  0.000000e+00  0.000000e+00  1.000000e+00
   outer loop
     vertex  3.716100e+00  1.628130e+01  0.000000e+00
     vertex  2.899925e+00  1.644629e+01  0.000000e+00
     vertex  4.163426e-01  1.669481e+01  0.000000e+00
   endloop
 endfacet
 facet normal  0.000000e+00  0.000000e+00  1.000000e+00
   outer loop
     vertex  4.523036e+00  1.607582e+01  0.000000e+00
     vertex  3.716100e+00  1.628130e+01  0.000000e+00
     vertex  4.163426e-01  1.669481e+01  0.000000e+00
   endloop
 endfacet
 facet normal  0.000000e+00  0.000000e+00  1.000000e+00
   outer loop
     vertex  1.569287e+01  5.711736e+00  0.000000e+00
     vertex  1.618359e+01  4.120849e+00  0.000000e+00
     vertex  1.595807e+01  4.922411e+00  0.000000e+00
   endloop
 endfacet
 facet normal  0.000000e+00  0.000000e+00  1.000000e+00
   outer loop
     vertex  6.101195e+00  1.554559e+01  0.000000e+00
     vertex  5.318727e+00  1.583039e+01  0.000000e+00
     vertex  4.523036e+00  1.607582e+01  0.000000e+00
   endloop
 endfacet
 facet normal  0.000000e+00  0.000000e+00  1.000000e+00
   outer loop
     vertex  6.101195e+00  1.554559e+01  0.000000e+00
     vertex  4.523036e+00  1.607582e+01  0.000000e+00
     vertex  4.163426e-01  1.669481e+01  0.000000e+00
   endloop
 endfacet
 facet normal  0.000000e+00  0.000000e+00  1.000000e+00
   outer loop
     vertex  1.538865e+01  6.486861e+00  0.000000e+00
     vertex  1.618359e+01  4.120849e+00  0.000000e+00
     vertex  1.569287e+01  5.711736e+00  0.000000e+00
   endloop
 endfacet
 facet normal  0.000000e+00  0.000000e+00  1.000000e+00
   outer loop
     vertex  6.868495e+00  1.522215e+01  0.000000e+00
     vertex  4.163426e-01  1.669481e+01  0.000000e+00
     vertex  1.224197e+01 -1.135888e+01  0.000000e+00
   endloop
 endfacet
 facet normal  0.000000e+00  0.000000e+00  1.000000e+00
   outer loop
     vertex  6.868495e+00  1.522215e+01  0.000000e+00
     vertex  1.224197e+01 -1.135888e+01  0.000000e+00
     vertex  1.667924e+01 -8.324263e-01  0.000000e+00
   endloop
 endfacet
 facet normal  0.000000e+00  0.000000e+00  1.000000e+00
   outer loop
     vertex  6.868495e+00  1.522215e+01  0.000000e+00
     vertex  6.101195e+00  1.554559e+01  0.000000e+00
     vertex  4.163426e-01  1.669481e+01  0.000000e+00
   endloop
 endfacet
 facet normal  0.000000e+00  0.000000e+00  1.000000e+00
   outer loop
     vertex  6.868495e+00  1.522215e+01  0.000000e+00
     vertex  1.667924e+01 -8.324263e-01  0.000000e+00
     vertex  1.636888e+01  3.309041e+00  0.000000e+00
   endloop
 endfacet
 facet normal  0.000000e+00  0.000000e+00  1.000000e+00
   outer loop
     vertex  1.504618e+01  7.245858e+00  0.000000e+00
     vertex  1.636888e+01  3.309041e+00  0.000000e+00
     vertex  1.618359e+01  4.120849e+00  0.000000e+00
   endloop
 endfacet
 facet normal  0.000000e+00  0.000000e+00  1.000000e+00
   outer loop
     vertex  1.504618e+01  7.245858e+00  0.000000e+00
     vertex  1.618359e+01  4.120849e+00  0.000000e+00
     vertex  1.538865e+01  6.486861e+00  0.000000e+00
   endloop
 endfacet
 facet normal  0.000000e+00  0.000000e+00  1.000000e+00
   outer loop
     vertex  1.466630e+01  7.986841e+00  0.000000e+00
     vertex  1.636888e+01  3.309041e+00  0.000000e+00
     vertex  1.504618e+01  7.245858e+00  0.000000e+00
   endloop
 endfacet
 facet normal  0.000000e+00  0.000000e+00  1.000000e+00
   outer loop
     vertex  1.379819e+01  9.407445e+00  0.000000e+00
     vertex  1.466630e+01  7.986841e+00  0.000000e+00
     vertex  1.424996e+01  8.707968e+00  0.000000e+00
   endloop
 endfacet
 facet normal  0.000000e+00  0.000000e+00  1.000000e+00
   outer loop
     vertex  1.379819e+01  9.407445e+00  0.000000e+00
     vertex  1.636888e+01  3.309041e+00  0.000000e+00
     vertex  1.466630e+01  7.986841e+00  0.000000e+00
   endloop
 endfacet
 facet normal  0.000000e+00  0.000000e+00  1.000000e+00
   outer loop
     vertex  9.748519e+00  1.355936e+01  0.000000e+00
     vertex  9.060523e+00  1.402843e+01  0.000000e+00
     vertex  8.350000e+00  1.446262e+01  0.000000e+00
   endloop
 endfacet
 facet normal  0.000000e+00  0.000000e+00  1.000000e+00
   outer loop
     vertex  9.748519e+00  1.355936e+01  0.000000e+00
     vertex  8.350000e+00  1.446262e+01  0.000000e+00
     vertex  7.618718e+00  1.486086e+01  0.000000e+00
   endloop
 endfacet
 facet normal  0.000000e+00  0.000000e+00  1.000000e+00
   outer loop
     vertex  9.748519e+00  1.355936e+01  0.000000e+00
     vertex  7.618718e+00  1.486086e+01  0.000000e+00
     vertex  6.868495e+00  1.522215e+01  0.000000e+00
   endloop
 endfacet
 facet normal  0.000000e+00  0.000000e+00  1.000000e+00
   outer loop
     vertex  9.748519e+00  1.355936e+01  0.000000e+00
     vertex  6.868495e+00  1.522215e+01  0.000000e+00
     vertex  1.636888e+01  3.309041e+00  0.000000e+00
   endloop
 endfacet
 facet normal  0.000000e+00  0.000000e+00  1.000000e+00
   outer loop
     vertex  9.748519e+00  1.355936e+01  0.000000e+00
     vertex  1.636888e+01  3.309041e+00  0.000000e+00
     vertex  1.379819e+01  9.407445e+00  0.000000e+00
   endloop
 endfacet
 facet normal  0.000000e+00  0.000000e+00  1.000000e+00
   outer loop
     vertex  1.041228e+01  1.305659e+01  0.000000e+00
     vertex  9.748519e+00  1.355936e+01  0.000000e+00
     vertex  1.379819e+01  9.407445e+00  0.000000e+00
   endloop
 endfacet
 facet normal  0.000000e+00  0.000000e+00  1.000000e+00
   outer loop
     vertex  1.279294e+01  1.073455e+01  0.000000e+00
     vertex  1.379819e+01  9.407445e+00  0.000000e+00
     vertex  1.331211e+01  1.008353e+01  0.000000e+00
   endloop
 endfacet
 facet normal  0.000000e+00  0.000000e+00  1.000000e+00
   outer loop
     vertex  1.166055e+01  1.195498e+01  0.000000e+00
     vertex  1.279294e+01  1.073455e+01  0.000000e+00
     vertex  1.224197e+01  1.135888e+01  0.000000e+00
   endloop
 endfacet
 facet normal  0.000000e+00  0.000000e+00  1.000000e+00
   outer loop
     vertex  1.166055e+01  1.195498e+01  0.000000e+00
     vertex  1.105015e+01  1.252135e+01  0.000000e+00
     vertex  1.041228e+01  1.305659e+01  0.000000e+00
   endloop
 endfacet
 facet normal  0.000000e+00  0.000000e+00  1.000000e+00
   outer loop
     vertex  1.166055e+01  1.195498e+01  0.000000e+00
     vertex  1.041228e+01  1.305659e+01  0.000000e+00
     vertex  1.379819e+01  9.407445e+00  0.000000e+00
   endloop
 endfacet
 facet normal  0.000000e+00  0.000000e+00  1.000000e+00
   outer loop
     vertex  1.166055e+01  1.195498e+01  0.000000e+00
     vertex  1.379819e+01  9.407445e+00  0.000000e+00
     vertex  1.279294e+01  1.073455e+01  0.000000e+00
   endloop
 endfacet
 facet normal  0.000000e+00  2.493069e-02 -9.996892e-01
   outer loop
     vertex  1.900000e+01  9.470718e-01  3.023618e+00
     vertex  2.060000e+01  0.000000e+00  3.000000e+00
     vertex  1.900000e+01  0.000000e+00  3.000000e+00
   endloop
 endfacet
 facet normal  0.000000e+00  2.493069e-02 -9.996892e-01
   outer loop
     vertex  1.900000e+01  9.470718e-01  3.023618e+00
     vertex  2.060000e+01  9.470718e-01  3.023618e+00
     vertex  2.060000e+01  0.000000e+00  3.000000e+00
   endloop
 endfacet
 facet normal  0.000000e+00  7.473009e-02 -9.972038e-01
   outer loop
     vertex  1.900000e+01  1.891789e+00  3.094415e+00
     vertex  2.060000e+01  1.891789e+00  3.094415e+00
     vertex  2.060000e+01  9.470718e-01  3.023618e+00
   endloop
 endfacet
 facet normal  0.000000e+00  7.473009e-02 -9.972038e-01
   outer loop
     vertex  1.900000e+01  1.891789e+00  3.094415e+00
     vertex  2.060000e+01  9.470718e-01  3.023618e+00
     vertex  1.900000e+01  9.470718e-01  3.023618e+00
   endloop
 endfacet
 facet normal  0.000000e+00  1.243437e-01 -9.922392e-01
   outer loop
     vertex  1.900000e+01  2.831803e+00  3.212214e+00
     vertex  2.060000e+01  2.831803e+00  3.212214e+00
     vertex  2.060000e+01  1.891789e+00  3.094415e+00
   endloop
 endfacet
 facet normal  0.000000e+00  1.736482e-01 -9.848078e-01
   outer loop
     vertex  1.900000e+01  2.831803e+00  3.212214e+00
     vertex  2.060000e+01  3.764777e+00  3.376723e+00
     vertex  2.060000e+01  2.831803e+00  3.212214e+00
   endloop
 endfacet
 facet normal  0.000000e+00  1.243437e-01 -9.922392e-01
   outer loop
     vertex  1.900000e+01  2.831803e+00  3.212214e+00
     vertex  2.060000e+01  1.891789e+00  3.094415e+00
     vertex  1.900000e+01  1.891789e+00  3.094415e+00
   endloop
 endfacet
 facet normal  0.000000e+00  1.736482e-01 -9.848078e-01
   outer loop
     vertex  1.900000e+01  3.764777e+00  3.376723e+00
     vertex  2.060000e+01  3.764777e+00  3.376723e+00
     vertex  1.900000e+01  2.831803e+00  3.212214e+00
   endloop
 endfacet
 facet normal  0.000000e+00  2.225209e-01 -9.749279e-01
   outer loop
     vertex  1.900000e+01  4.688391e+00  3.587532e+00
     vertex  2.060000e+01  4.688391e+00  3.587532e+00
     vertex  2.060000e+01  3.764777e+00  3.376723e+00
   endloop
 endfacet
 facet normal  0.000000e+00  2.225209e-01 -9.749279e-01
   outer loop
     vertex  1.900000e+01  4.688391e+00  3.587532e+00
     vertex  2.060000e+01  3.764777e+00  3.376723e+00
     vertex  1.900000e+01  3.764777e+00  3.376723e+00
   endloop
 endfacet
 facet normal  0.000000e+00  2.708405e-01 -9.626242e-01
   outer loop
     vertex  1.900000e+01  5.600348e+00  3.844117e+00
     vertex  2.060000e+01  5.600348e+00  3.844117e+00
     vertex  2.060000e+01  4.688391e+00  3.587532e+00
   endloop
 endfacet
 facet normal  0.000000e+00  2.708405e-01 -9.626242e-01
   outer loop
     vertex  1.900000e+01  5.600348e+00  3.844117e+00
     vertex  2.060000e+01  4.688391e+00  3.587532e+00
     vertex  1.900000e+01  4.688391e+00  3.587532e+00
   endloop
 endfacet
 facet normal  0.000000e+00  3.184867e-01 -9.479273e-01
   outer loop
     vertex  1.900000e+01  6.498383e+00  4.145840e+00
     vertex  2.060000e+01  6.498383e+00  4.145840e+00
     vertex  2.060000e+01  5.600348e+00  3.844117e+00
   endloop
 endfacet
 facet normal  0.000000e+00  3.184867e-01 -9.479273e-01
   outer loop
     vertex  1.900000e+01  6.498383e+00  4.145840e+00
     vertex  2.060000e+01  5.600348e+00  3.844117e+00
     vertex  1.900000e+01  5.600348e+00  3.844117e+00
   endloop
 endfacet
 facet normal  0.000000e+00  3.653410e-01 -9.308737e-01
   outer loop
     vertex  1.900000e+01  7.380261e+00  4.491952e+00
     vertex  2.060000e+01  7.380261e+00  4.491952e+00
     vertex  2.060000e+01  6.498383e+00  4.145840e+00
   endloop
 endfacet
 facet normal  0.000000e+00  3.653410e-01 -9.308737e-01
   outer loop
     vertex  1.900000e+01  7.380261e+00  4.491952e+00
     vertex  2.060000e+01  6.498383e+00  4.145840e+00
     vertex  1.900000e+01  6.498383e+00  4.145840e+00
   endloop
 endfacet
 facet normal  0.000000e+00  4.112871e-01 -9.115059e-01
   outer loop
     vertex  1.900000e+01  8.243791e+00  4.881592e+00
     vertex  2.060000e+01  8.243791e+00  4.881592e+00
     vertex  2.060000e+01  7.380261e+00  4.491952e+00
   endloop
 endfacet
 facet normal  0.000000e+00  4.112871e-01 -9.115059e-01
   outer loop
     vertex  1.900000e+01  8.243791e+00  4.881592e+00
     vertex  2.060000e+01  7.380261e+00  4.491952e+00
     vertex  1.900000e+01  7.380261e+00  4.491952e+00
   endloop
 endfacet
 facet normal  0.000000e+00  4.562107e-01 -8.898718e-01
   outer loop
     vertex  1.900000e+01  9.086826e+00  5.313790e+00
     vertex  2.060000e+01  9.086826e+00  5.313790e+00
     vertex  2.060000e+01  8.243791e+00  4.881592e+00
   endloop
 endfacet
 facet normal  0.000000e+00  5.000000e-01 -8.660254e-01
   outer loop
     vertex  1.900000e+01  9.086826e+00  5.313790e+00
     vertex  2.060000e+01  9.907269e+00  5.787473e+00
     vertex  2.060000e+01  9.086826e+00  5.313790e+00
   endloop
 endfacet
 facet normal  0.000000e+00  4.562107e-01 -8.898718e-01
   outer loop
     vertex  1.900000e+01  9.086826e+00  5.313790e+00
     vertex  2.060000e+01  8.243791e+00  4.881592e+00
     vertex  1.900000e+01  8.243791e+00  4.881592e+00
   endloop
 endfacet
 facet normal  0.000000e+00  5.000000e-01 -8.660254e-01
   outer loop
     vertex  1.900000e+01  9.907269e+00  5.787473e+00
     vertex  2.060000e+01  9.907269e+00  5.787473e+00
     vertex  1.900000e+01  9.086826e+00  5.313790e+00
   endloop
 endfacet
 facet normal  0.000000e+00  5.425463e-01 -8.400259e-01
   outer loop
     vertex  1.900000e+01  1.070308e+01  6.301463e+00
     vertex  2.060000e+01  1.070308e+01  6.301463e+00
     vertex  2.060000e+01  9.907269e+00  5.787473e+00
   endloop
 endfacet
 facet normal  0.000000e+00  5.837437e-01 -8.119380e-01
   outer loop
     vertex  1.900000e+01  1.070308e+01  6.301463e+00
     vertex  2.060000e+01  1.147228e+01  6.854482e+00
     vertex  2.060000e+01  1.070308e+01  6.301463e+00
   endloop
 endfacet
 facet normal  0.000000e+00  5.425463e-01 -8.400259e-01
   outer loop
     vertex  1.900000e+01  1.070308e+01  6.301463e+00
     vertex  2.060000e+01  9.907269e+00  5.787473e+00
     vertex  1.900000e+01  9.907269e+00  5.787473e+00
   endloop
 endfacet
 facet normal  0.000000e+00  5.837437e-01 -8.119380e-01
   outer loop
     vertex  1.900000e+01  1.147228e+01  6.854482e+00
     vertex  2.060000e+01  1.147228e+01  6.854482e+00
     vertex  1.900000e+01  1.070308e+01  6.301463e+00
   endloop
 endfacet
 facet normal  0.000000e+00  6.234898e-01 -7.818315e-01
   outer loop
     vertex  1.900000e+01  1.221296e+01  7.445156e+00
     vertex  2.060000e+01  1.147228e+01  6.854482e+00
     vertex  1.900000e+01  1.147228e+01  6.854482e+00
   endloop
 endfacet
 facet normal  0.000000e+00  6.234898e-01 -7.818315e-01
   outer loop
     vertex  1.900000e+01  1.221296e+01  7.445156e+00
     vertex  2.060000e+01  1.221296e+01  7.445156e+00
     vertex  2.060000e+01  1.147228e+01  6.854482e+00
   endloop
 endfacet
 facet normal  0.000000e+00  6.616858e-01 -7.497812e-01
   outer loop
     vertex  1.900000e+01  1.292328e+01  8.072014e+00
     vertex  2.060000e+01  1.292328e+01  8.072014e+00
     vertex  2.060000e+01  1.221296e+01  7.445156e+00
   endloop
 endfacet
 facet normal  0.000000e+00  6.616858e-01 -7.497812e-01
   outer loop
     vertex  1.900000e+01  1.292328e+01  8.072014e+00
     vertex  2.060000e+01  1.221296e+01  7.445156e+00
     vertex  1.900000e+01  1.221296e+01  7.445156e+00
   endloop
 endfacet
 facet normal  0.000000e+00  6.982368e-01 -7.158668e-01
   outer loop
     vertex  1.900000e+01  1.360147e+01  8.733500e+00
     vertex  2.060000e+01  1.360147e+01  8.733500e+00
     vertex  2.060000e+01  1.292328e+01  8.072014e+00
   endloop
 endfacet
 facet normal  0.000000e+00  6.982368e-01 -7.158668e-01
   outer loop
     vertex  1.900000e+01  1.360147e+01  8.733500e+00
     vertex  2.060000e+01  1.292328e+01  8.072014e+00
     vertex  1.900000e+01  1.292328e+01  8.072014e+00
   endloop
 endfacet
 facet normal  0.000000e+00  7.330519e-01 -6.801727e-01
   outer loop
     vertex  1.900000e+01  1.424584e+01  9.427969e+00
     vertex  2.060000e+01  1.424584e+01  9.427969e+00
     vertex  2.060000e+01  1.360147e+01  8.733500e+00
   endloop
 endfacet
 facet normal  0.000000e+00  7.330519e-01 -6.801727e-01
   outer loop
     vertex  1.900000e+01  1.424584e+01  9.427969e+00
     vertex  2.060000e+01  1.360147e+01  8.733500e+00
     vertex  1.900000e+01  1.360147e+01  8.733500e+00
   endloop
 endfacet
 facet normal  0.000000e+00  7.660444e-01 -6.427876e-01
   outer loop
     vertex  1.900000e+01  1.485480e+01  1.015369e+01
     vertex  2.060000e+01  1.485480e+01  1.015369e+01
     vertex  2.060000e+01  1.424584e+01  9.427969e+00
   endloop
 endfacet
 facet normal  0.000000e+00  7.660444e-01 -6.427876e-01
   outer loop
     vertex  1.900000e+01  1.485480e+01  1.015369e+01
     vertex  2.060000e+01  1.424584e+01  9.427969e+00
     vertex  1.900000e+01  1.424584e+01  9.427969e+00
   endloop
 endfacet
 facet normal  0.000000e+00  7.971325e-01 -6.038044e-01
   outer loop
     vertex  1.900000e+01  1.542682e+01  1.090887e+01
     vertex  2.060000e+01  1.542682e+01  1.090887e+01
     vertex  2.060000e+01  1.485480e+01  1.015369e+01
   endloop
 endfacet
 facet normal  0.000000e+00  8.262388e-01 -5.633201e-01
   outer loop
     vertex  1.900000e+01  1.542682e+01  1.090887e+01
     vertex  2.060000e+01  1.596049e+01  1.169162e+01
     vertex  2.060000e+01  1.542682e+01  1.090887e+01
   endloop
 endfacet
 facet normal  0.000000e+00  7.971325e-01 -6.038044e-01
   outer loop
     vertex  1.900000e+01  1.542682e+01  1.090887e+01
     vertex  2.060000e+01  1.485480e+01  1.015369e+01
     vertex  1.900000e+01  1.485480e+01  1.015369e+01
   endloop
 endfacet
 facet normal  0.000000e+00  8.262388e-01 -5.633201e-01
   outer loop
     vertex  1.900000e+01  1.596049e+01  1.169162e+01
     vertex  2.060000e+01  1.596049e+01  1.169162e+01
     vertex  1.900000e+01  1.542682e+01  1.090887e+01
   endloop
 endfacet
 facet normal  0.000000e+00  8.532909e-01 -5.214352e-01
   outer loop
     vertex  1.900000e+01  1.645448e+01  1.250000e+01
     vertex  2.060000e+01  1.645448e+01  1.250000e+01
     vertex  2.060000e+01  1.596049e+01  1.169162e+01
   endloop
 endfacet
 facet normal  0.000000e+00  8.532909e-01 -5.214352e-01
   outer loop
     vertex  1.900000e+01  1.645448e+01  1.250000e+01
     vertex  2.060000e+01  1.596049e+01  1.169162e+01
     vertex  1.900000e+01  1.596049e+01  1.169162e+01
   endloop
 endfacet
 facet normal  0.000000e+00  8.782216e-01 -4.782540e-01
   outer loop
     vertex  1.900000e+01  1.690756e+01  1.333200e+01
     vertex  2.060000e+01  1.690756e+01  1.333200e+01
     vertex  2.060000e+01  1.645448e+01  1.250000e+01
   endloop
 endfacet
 facet normal  0.000000e+00  9.009689e-01 -4.338837e-01
   outer loop
     vertex  1.900000e+01  1.690756e+01  1.333200e+01
     vertex  2.060000e+01  1.731861e+01  1.418555e+01
     vertex  2.060000e+01  1.690756e+01  1.333200e+01
   endloop
 endfacet
 facet normal  0.000000e+00  8.782216e-01 -4.782540e-01
   outer loop
     vertex  1.900000e+01  1.690756e+01  1.333200e+01
     vertex  2.060000e+01  1.645448e+01  1.250000e+01
     vertex  1.900000e+01  1.645448e+01  1.250000e+01
   endloop
 endfacet
 facet normal  0.000000e+00  9.009689e-01 -4.338837e-01
   outer loop
     vertex  1.900000e+01  1.731861e+01  1.418555e+01
     vertex  2.060000e+01  1.731861e+01  1.418555e+01
     vertex  1.900000e+01  1.690756e+01  1.333200e+01
   endloop
 endfacet
 facet normal  0.000000e+00  9.214762e-01 -3.884348e-01
   outer loop
     vertex  1.900000e+01  1.768660e+01  1.505852e+01
     vertex  2.060000e+01  1.768660e+01  1.505852e+01
     vertex  2.060000e+01  1.731861e+01  1.418555e+01
   endloop
 endfacet
 facet normal  0.000000e+00  9.396926e-01 -3.420201e-01
   outer loop
     vertex  1.900000e+01  1.768660e+01  1.505852e+01
     vertex  2.060000e+01  1.801062e+01  1.594875e+01
     vertex  2.060000e+01  1.768660e+01  1.505852e+01
   endloop
 endfacet
 facet normal  0.000000e+00  9.214762e-01 -3.884348e-01
   outer loop
     vertex  1.900000e+01  1.768660e+01  1.505852e+01
     vertex  2.060000e+01  1.731861e+01  1.418555e+01
     vertex  1.900000e+01  1.731861e+01  1.418555e+01
   endloop
 endfacet
 facet normal  0.000000e+00  9.396926e-01 -3.420201e-01
   outer loop
     vertex  1.900000e+01  1.801062e+01  1.594875e+01
     vertex  2.060000e+01  1.801062e+01  1.594875e+01
     vertex  1.900000e+01  1.768660e+01  1.505852e+01
   endloop
 endfacet
 facet normal  0.000000e+00  9.555728e-01 -2.947552e-01
   outer loop
     vertex  1.900000e+01  1.828986e+01  1.685403e+01
     vertex  2.060000e+01  1.828986e+01  1.685403e+01
     vertex  2.060000e+01  1.801062e+01  1.594875e+01
   endloop
 endfacet
 facet normal  0.000000e+00  9.690773e-01 -2.467574e-01
   outer loop
     vertex  1.900000e+01  1.828986e+01  1.685403e+01
     vertex  2.060000e+01  1.852363e+01  1.777210e+01
     vertex  2.060000e+01  1.828986e+01  1.685403e+01
   endloop
 endfacet
 facet normal  0.000000e+00  9.555728e-01 -2.947552e-01
   outer loop
     vertex  1.900000e+01  1.828986e+01  1.685403e+01
     vertex  2.060000e+01  1.801062e+01  1.594875e+01
     vertex  1.900000e+01  1.801062e+01  1.594875e+01
   endloop
 endfacet
 facet normal  0.000000e+00  9.801725e-01 -1.981461e-01
   outer loop
     vertex  1.900000e+01  1.852363e+01  1.777210e+01
     vertex  2.060000e+01  1.871135e+01  1.870068e+01
     vertex  2.060000e+01  1.852363e+01  1.777210e+01
   endloop
 endfacet
 facet normal  0.000000e+00  9.690773e-01 -2.467574e-01
   outer loop
     vertex  1.900000e+01  1.852363e+01  1.777210e+01
     vertex  2.060000e+01  1.852363e+01  1.777210e+01
     vertex  1.900000e+01  1.828986e+01  1.685403e+01
   endloop
 endfacet
 facet normal  0.000000e+00  9.801725e-01 -1.981461e-01
   outer loop
     vertex  1.900000e+01  1.871135e+01  1.870068e+01
     vertex  2.060000e+01  1.871135e+01  1.870068e+01
     vertex  1.900000e+01  1.852363e+01  1.777210e+01
   endloop
 endfacet
 facet normal  0.000000e+00  9.888308e-01 -1.490423e-01
   outer loop
     vertex  1.900000e+01  1.885254e+01  1.963747e+01
     vertex  2.060000e+01  1.885254e+01  1.963747e+01
     vertex  2.060000e+01  1.871135e+01  1.870068e+01
   endloop
 endfacet
 facet normal  0.000000e+00  9.888308e-01 -1.490423e-01
   outer loop
     vertex  1.900000e+01  1.885254e+01  1.963747e+01
     vertex  2.060000e+01  1.871135e+01  1.870068e+01
     vertex  1.900000e+01  1.871135e+01  1.870068e+01
   endloop
 endfacet
 facet normal  0.000000e+00  9.950308e-01 -9.956785e-02
   outer loop
     vertex  1.900000e+01  1.894687e+01  2.058013e+01
     vertex  2.060000e+01  1.894687e+01  2.058013e+01
     vertex  2.060000e+01  1.885254e+01  1.963747e+01
   endloop
 endfacet
 facet normal  0.000000e+00  9.987569e-01 -4.984589e-02
   outer loop
     vertex  1.900000e+01  1.894687e+01  2.058013e+01
     vertex  2.060000e+01  1.899409e+01  2.152632e+01
     vertex  2.060000e+01  1.894687e+01  2.058013e+01
   endloop
 endfacet
 facet normal  0.000000e+00  9.950308e-01 -9.956785e-02
   outer loop
     vertex  1.900000e+01  1.894687e+01  2.058013e+01
     vertex  2.060000e+01  1.885254e+01  1.963747e+01
     vertex  1.900000e+01  1.885254e+01  1.963747e+01
   endloop
 endfacet
 facet normal  0.000000e+00  9.987569e-01 -4.984589e-02
   outer loop
     vertex  1.900000e+01  1.899409e+01  2.152632e+01
     vertex  2.060000e+01  1.899409e+01  2.152632e+01
     vertex  1.900000e+01  1.894687e+01  2.058013e+01
   endloop
 endfacet
 facet normal -0.000000e+00  1.000000e+00  0.000000e+00
   outer loop
     vertex  1.900000e+01  1.899409e+01  2.247368e+01
     vertex  2.060000e+01  1.899409e+01  2.247368e+01
     vertex  2.060000e+01  1.899409e+01  2.152632e+01
   endloop
 endfacet
 facet normal -0.000000e+00  9.987569e-01  4.984589e-02
   outer loop
     vertex  1.900000e+01  1.899409e+01  2.247368e+01
     vertex  2.060000e+01  1.894687e+01  2.341987e+01
     vertex  2.060000e+01  1.899409e+01  2.247368e+01
   endloop
 endfacet
 facet normal  0.000000e+00  1.000000e+00  0.000000e+00
   outer loop
     vertex  1.900000e+01  1.899409e+01  2.247368e+01
     vertex  2.060000e+01  1.899409e+01  2.152632e+01
     vertex  1.900000e+01  1.899409e+01  2.152632e+01
   endloop
 endfacet
 facet normal -0.000000e+00  9.950308e-01  9.956785e-02
   outer loop
     vertex  1.900000e+01  1.894687e+01  2.341987e+01
     vertex  2.060000e+01  1.885254e+01  2.436253e+01
     vertex  2.060000e+01  1.894687e+01  2.341987e+01
   endloop
 endfacet
 facet normal -0.000000e+00  9.987569e-01  4.984589e-02
   outer loop
     vertex  1.900000e+01  1.894687e+01  2.341987e+01
     vertex  2.060000e+01  1.894687e+01  2.341987e+01
     vertex  1.900000e+01  1.899409e+01  2.247368e+01
   endloop
 endfacet
 facet normal -0.000000e+00  9.950308e-01  9.956785e-02
   outer loop
     vertex  1.900000e+01  1.885254e+01  2.436253e+01
     vertex  2.060000e+01  1.885254e+01  2.436253e+01
     vertex  1.900000e+01  1.894687e+01  2.341987e+01
   endloop
 endfacet
 facet normal -0.000000e+00  9.888308e-01  1.490423e-01
   outer loop
     vertex  1.900000e+01  1.871135e+01  2.529932e+01
     vertex  2.060000e+01  1.871135e+01  2.529932e+01
     vertex  2.060000e+01  1.885254e+01  2.436253e+01
   endloop
 endfacet
 facet normal -0.000000e+00  9.801725e-01  1.981461e-01
   outer loop
     vertex  1.900000e+01  1.871135e+01  2.529932e+01
     vertex  2.060000e+01  1.852363e+01  2.622790e+01
     vertex  2.060000e+01  1.871135e+01  2.529932e+01
   endloop
 endfacet
 facet normal  0.000000e+00  9.888308e-01  1.490423e-01
   outer loop
     vertex  1.900000e+01  1.871135e+01  2.529932e+01
     vertex  2.060000e+01  1.885254e+01  2.436253e+01
     vertex  1.900000e+01  1.885254e+01  2.436253e+01
   endloop
 endfacet
 facet normal -0.000000e+00  9.801725e-01  1.981461e-01
   outer loop
     vertex  1.900000e+01  1.852363e+01  2.622790e+01
     vertex  2.060000e+01  1.852363e+01  2.622790e+01
     vertex  1.900000e+01  1.871135e+01  2.529932e+01
   endloop
 endfacet
 facet normal  0.000000e+00  9.690773e-01  2.467574e-01
   outer loop
     vertex  1.900000e+01  1.828986e+01  2.714597e+01
     vertex  2.060000e+01  1.852363e+01  2.622790e+01
     vertex  1.900000e+01  1.852363e+01  2.622790e+01
   endloop
 endfacet
 facet normal -0.000000e+00  9.690773e-01  2.467574e-01
   outer loop
     vertex  1.900000e+01  1.828986e+01  2.714597e+01
     vertex  2.060000e+01  1.828986e+01  2.714597e+01
     vertex  2.060000e+01  1.852363e+01  2.622790e+01
   endloop
 endfacet
 facet normal  0.000000e+00  9.555728e-01  2.947552e-01
   outer loop
     vertex  1.900000e+01  1.801062e+01  2.805125e+01
     vertex  2.060000e+01  1.828986e+01  2.714597e+01
     vertex  1.900000e+01  1.828986e+01  2.714597e+01
   endloop
 endfacet
 facet normal -0.000000e+00  9.555728e-01  2.947552e-01
   outer loop
     vertex  1.900000e+01  1.801062e+01  2.805125e+01
     vertex  2.060000e+01  1.801062e+01  2.805125e+01
     vertex  2.060000e+01  1.828986e+01  2.714597e+01
   endloop
 endfacet
 facet normal  0.000000e+00  9.396926e-01  3.420201e-01
   outer loop
     vertex  1.900000e+01  1.768660e+01  2.894148e+01
     vertex  2.060000e+01  1.801062e+01  2.805125e+01
     vertex  1.900000e+01  1.801062e+01  2.805125e+01
   endloop
 endfacet
 facet normal -0.000000e+00  9.396926e-01  3.420201e-01
   outer loop
     vertex  1.900000e+01  1.768660e+01  2.894148e+01
     vertex  2.060000e+01  1.768660e+01  2.894148e+01
     vertex  2.060000e+01  1.801062e+01  2.805125e+01
   endloop
 endfacet
 facet normal  0.000000e+00  9.214762e-01  3.884348e-01
   outer loop
     vertex  1.900000e+01  1.731861e+01  2.981445e+01
     vertex  2.060000e+01  1.768660e+01  2.894148e+01
     vertex  1.900000e+01  1.768660e+01  2.894148e+01
   endloop
 endfacet
 facet normal -0.000000e+00  9.214762e-01  3.884348e-01
   outer loop
     vertex  1.900000e+01  1.731861e+01  2.981445e+01
     vertex  2.060000e+01  1.731861e+01  2.981445e+01
     vertex  2.060000e+01  1.768660e+01  2.894148e+01
   endloop
 endfacet
 facet normal -0.000000e+00  9.009689e-01  4.338837e-01
   outer loop
     vertex  1.900000e+01  1.731861e+01  2.981445e+01
     vertex  2.060000e+01  1.690756e+01  3.066800e+01
     vertex  2.060000e+01  1.731861e+01  2.981445e+01
   endloop
 endfacet
 facet normal -0.000000e+00  9.009689e-01  4.338837e-01
   outer loop
     vertex  1.900000e+01  1.690756e+01  3.066800e+01
     vertex  2.060000e+01  1.690756e+01  3.066800e+01
     vertex  1.900000e+01  1.731861e+01  2.981445e+01
   endloop
 endfacet
 facet normal  0.000000e+00  8.782216e-01  4.782540e-01
   outer loop
     vertex  1.900000e+01  1.645448e+01  3.150000e+01
     vertex  2.060000e+01  1.690756e+01  3.066800e+01
     vertex  1.900000e+01  1.690756e+01  3.066800e+01
   endloop
 endfacet
 facet normal -0.000000e+00  8.782216e-01  4.782540e-01
   outer loop
     vertex  1.900000e+01  1.645448e+01  3.150000e+01
     vertex  2.060000e+01  1.645448e+01  3.150000e+01
     vertex  2.060000e+01  1.690756e+01  3.066800e+01
   endloop
 endfacet
 facet normal -0.000000e+00  8.532909e-01  5.214352e-01
   outer loop
     vertex  1.900000e+01  1.645448e+01  3.150000e+01
     vertex  2.060000e+01  1.596049e+01  3.230838e+01
     vertex  2.060000e+01  1.645448e+01  3.150000e+01
   endloop
 endfacet
 facet normal -0.000000e+00  8.532909e-01  5.214352e-01
   outer loop
     vertex  1.900000e+01  1.596049e+01  3.230838e+01
     vertex  2.060000e+01  1.596049e+01  3.230838e+01
     vertex  1.900000e+01  1.645448e+01  3.150000e+01
   endloop
 endfacet
 facet normal -0.000000e+00  8.262388e-01  5.633201e-01
   outer loop
     vertex  1.900000e+01  1.596049e+01  3.230838e+01
     vertex  2.060000e+01  1.542682e+01  3.309113e+01
     vertex  2.060000e+01  1.596049e+01  3.230838e+01
   endloop
 endfacet
 facet normal -0.000000e+00  8.262388e-01  5.633201e-01
   outer loop
     vertex  1.900000e+01  1.542682e+01  3.309113e+01
     vertex  2.060000e+01  1.542682e+01  3.309113e+01
     vertex  1.900000e+01  1.596049e+01  3.230838e+01
   endloop
 endfacet
 facet normal  0.000000e+00  7.971325e-01  6.038044e-01
   outer loop
     vertex  1.900000e+01  1.485480e+01  3.384631e+01
     vertex  2.060000e+01  1.542682e+01  3.309113e+01
     vertex  1.900000e+01  1.542682e+01  3.309113e+01
   endloop
 endfacet
 facet normal -0.000000e+00  7.971325e-01  6.038044e-01
   outer loop
     vertex  1.900000e+01  1.485480e+01  3.384631e+01
     vertex  2.060000e+01  1.485480e+01  3.384631e+01
     vertex  2.060000e+01  1.542682e+01  3.309113e+01
   endloop
 endfacet
 facet normal  0.000000e+00  7.660444e-01  6.427876e-01
   outer loop
     vertex  1.900000e+01  1.424584e+01  3.457203e+01
     vertex  2.060000e+01  1.485480e+01  3.384631e+01
     vertex  1.900000e+01  1.485480e+01  3.384631e+01
   endloop
 endfacet
 facet normal -0.000000e+00  7.660444e-01  6.427876e-01
   outer loop
     vertex  1.900000e+01  1.424584e+01  3.457203e+01
     vertex  2.060000e+01  1.424584e+01  3.457203e+01
     vertex  2.060000e+01  1.485480e+01  3.384631e+01
   endloop
 endfacet
 facet normal  0.000000e+00  7.330519e-01  6.801727e-01
   outer loop
     vertex  1.900000e+01  1.360147e+01  3.526650e+01
     vertex  2.060000e+01  1.424584e+01  3.457203e+01
     vertex  1.900000e+01  1.424584e+01  3.457203e+01
   endloop
 endfacet
 facet normal -0.000000e+00  7.330519e-01  6.801727e-01
   outer loop
     vertex  1.900000e+01  1.360147e+01  3.526650e+01
     vertex  2.060000e+01  1.360147e+01  3.526650e+01
     vertex  2.060000e+01  1.424584e+01  3.457203e+01
   endloop
 endfacet
 facet normal  0.000000e+00  6.982368e-01  7.158668e-01
   outer loop
     vertex  1.900000e+01  1.292328e+01  3.592799e+01
     vertex  2.060000e+01  1.360147e+01  3.526650e+01
     vertex  1.900000e+01  1.360147e+01  3.526650e+01
   endloop
 endfacet
 facet normal -0.000000e+00  6.982368e-01  7.158668e-01
   outer loop
     vertex  1.900000e+01  1.292328e+01  3.592799e+01
     vertex  2.060000e+01  1.292328e+01  3.592799e+01
     vertex  2.060000e+01  1.360147e+01  3.526650e+01
   endloop
 endfacet
 facet normal -0.000000e+00  6.616858e-01  7.497812e-01
   outer loop
     vertex  1.900000e+01  1.221296e+01  3.655484e+01
     vertex  2.060000e+01  1.221296e+01  3.655484e+01
     vertex  2.060000e+01  1.292328e+01  3.592799e+01
   endloop
 endfacet
 facet normal -0.000000e+00  6.234898e-01  7.818315e-01
   outer loop
     vertex  1.900000e+01  1.221296e+01  3.655484e+01
     vertex  2.060000e+01  1.147228e+01  3.714552e+01
     vertex  2.060000e+01  1.221296e+01  3.655484e+01
   endloop
 endfacet
 facet normal  0.000000e+00  6.616858e-01  7.497812e-01
   outer loop
     vertex  1.900000e+01  1.221296e+01  3.655484e+01
     vertex  2.060000e+01  1.292328e+01  3.592799e+01
     vertex  1.900000e+01  1.292328e+01  3.592799e+01
   endloop
 endfacet
 facet normal -0.000000e+00  6.234898e-01  7.818315e-01
   outer loop
     vertex  1.900000e+01  1.147228e+01  3.714552e+01
     vertex  2.060000e+01  1.147228e+01  3.714552e+01
     vertex  1.900000e+01  1.221296e+01  3.655484e+01
   endloop
 endfacet
 facet normal -0.000000e+00  5.837437e-01  8.119380e-01
   outer loop
     vertex  1.900000e+01  1.070308e+01  3.769854e+01
     vertex  2.060000e+01  1.070308e+01  3.769854e+01
     vertex  2.060000e+01  1.147228e+01  3.714552e+01
   endloop
 endfacet
 facet normal  0.000000e+00  5.837437e-01  8.119380e-01
   outer loop
     vertex  1.900000e+01  1.070308e+01  3.769854e+01
     vertex  2.060000e+01  1.147228e+01  3.714552e+01
     vertex  1.900000e+01  1.147228e+01  3.714552e+01
   endloop
 endfacet
 facet normal -0.000000e+00  5.425463e-01  8.400259e-01
   outer loop
     vertex  1.900000e+01  9.907269e+00  3.821253e+01
     vertex  2.060000e+01  9.907269e+00  3.821253e+01
     vertex  2.060000e+01  1.070308e+01  3.769854e+01
   endloop
 endfacet
 facet normal -0.000000e+00  5.000000e-01  8.660254e-01
   outer loop
     vertex  1.900000e+01  9.907269e+00  3.821253e+01
     vertex  2.060000e+01  9.086826e+00  3.868621e+01
     vertex  2.060000e+01  9.907269e+00  3.821253e+01
   endloop
 endfacet
 facet normal  0.000000e+00  5.425463e-01  8.400259e-01
   outer loop
     vertex  1.900000e+01  9.907269e+00  3.821253e+01
     vertex  2.060000e+01  1.070308e+01  3.769854e+01
     vertex  1.900000e+01  1.070308e+01  3.769854e+01
   endloop
 endfacet
 facet normal -0.000000e+00  5.000000e-01  8.660254e-01
   outer loop
     vertex  1.900000e+01  9.086826e+00  3.868621e+01
     vertex  2.060000e+01  9.086826e+00  3.868621e+01
     vertex  1.900000e+01  9.907269e+00  3.821253e+01
   endloop
 endfacet
 facet normal -0.000000e+00  4.562107e-01  8.898718e-01
   outer loop
     vertex  1.900000e+01  8.243791e+00  3.911841e+01
     vertex  2.060000e+01  8.243791e+00  3.911841e+01
     vertex  2.060000e+01  9.086826e+00  3.868621e+01
   endloop
 endfacet
 facet normal  0.000000e+00  4.562107e-01  8.898718e-01
   outer loop
     vertex  1.900000e+01  8.243791e+00  3.911841e+01
     vertex  2.060000e+01  9.086826e+00  3.868621e+01
     vertex  1.900000e+01  9.086826e+00  3.868621e+01
   endloop
 endfacet
 facet normal -0.000000e+00  4.112871e-01  9.115059e-01
   outer loop
     vertex  1.900000e+01  7.380261e+00  3.950805e+01
     vertex  2.060000e+01  7.380261e+00  3.950805e+01
     vertex  2.060000e+01  8.243791e+00  3.911841e+01
   endloop
 endfacet
 facet normal  0.000000e+00  4.112871e-01  9.115059e-01
   outer loop
     vertex  1.900000e+01  7.380261e+00  3.950805e+01
     vertex  2.060000e+01  8.243791e+00  3.911841e+01
     vertex  1.900000e+01  8.243791e+00  3.911841e+01
   endloop
 endfacet
 facet normal -0.000000e+00  3.653410e-01  9.308737e-01
   outer loop
     vertex  1.900000e+01  6.498383e+00  3.985416e+01
     vertex  2.060000e+01  6.498383e+00  3.985416e+01
     vertex  2.060000e+01  7.380261e+00  3.950805e+01
   endloop
 endfacet
 facet normal  0.000000e+00  3.653410e-01  9.308737e-01
   outer loop
     vertex  1.900000e+01  6.498383e+00  3.985416e+01
     vertex  2.060000e+01  7.380261e+00  3.950805e+01
     vertex  1.900000e+01  7.380261e+00  3.950805e+01
   endloop
 endfacet
 facet normal -0.000000e+00  3.184867e-01  9.479273e-01
   outer loop
     vertex  1.900000e+01  5.600348e+00  4.015588e+01
     vertex  2.060000e+01  5.600348e+00  4.015588e+01
     vertex  2.060000e+01  6.498383e+00  3.985416e+01
   endloop
 endfacet
 facet normal  0.000000e+00  3.184867e-01  9.479273e-01
   outer loop
     vertex  1.900000e+01  5.600348e+00  4.015588e+01
     vertex  2.060000e+01  6.498383e+00  3.985416e+01
     vertex  1.900000e+01  6.498383e+00  3.985416e+01
   endloop
 endfacet
 facet normal -0.000000e+00  2.708405e-01  9.626242e-01
   outer loop
     vertex  1.900000e+01  4.688391e+00  4.041247e+01
     vertex  2.060000e+01  4.688391e+00  4.041247e+01
     vertex  2.060000e+01  5.600348e+00  4.015588e+01
   endloop
 endfacet
 facet normal  0.000000e+00  2.708405e-01  9.626242e-01
   outer loop
     vertex  1.900000e+01  4.688391e+00  4.041247e+01
     vertex  2.060000e+01  5.600348e+00  4.015588e+01
     vertex  1.900000e+01  5.600348e+00  4.015588e+01
   endloop
 endfacet
 facet normal -0.000000e+00  2.225209e-01  9.749279e-01
   outer loop
     vertex  1.900000e+01  3.764777e+00  4.062328e+01
     vertex  2.060000e+01  3.764777e+00  4.062328e+01
     vertex  2.060000e+01  4.688391e+00  4.041247e+01
   endloop
 endfacet
 facet normal  0.000000e+00  2.225209e-01  9.749279e-01
   outer loop
     vertex  1.900000e+01  3.764777e+00  4.062328e+01
     vertex  2.060000e+01  4.688391e+00  4.041247e+01
     vertex  1.900000e+01  4.688391e+00  4.041247e+01
   endloop
 endfacet
 facet normal -0.000000e+00  1.736482e-01  9.848078e-01
   outer loop
     vertex  1.900000e+01  2.831803e+00  4.078779e+01
     vertex  2.060000e+01  2.831803e+00  4.078779e+01
     vertex  2.060000e+01  3.764777e+00  4.062328e+01
   endloop
 endfacet
 facet normal  0.000000e+00  1.736482e-01  9.848078e-01
   outer loop
     vertex  1.900000e+01  2.831803e+00  4.078779e+01
     vertex  2.060000e+01  3.764777e+00  4.062328e+01
     vertex  1.900000e+01  3.764777e+00  4.062328e+01
   endloop
 endfacet
 facet normal -0.000000e+00  1.243437e-01  9.922392e-01
   outer loop
     vertex  1.900000e+01  1.891789e+00  4.090558e+01
     vertex  2.060000e+01  1.891789e+00  4.090558e+01
     vertex  2.060000e+01  2.831803e+00  4.078779e+01
   endloop
 endfacet
 facet normal  0.000000e+00  1.243437e-01  9.922392e-01
   outer loop
     vertex  1.900000e+01  1.891789e+00  4.090558e+01
     vertex  2.060000e+01  2.831803e+00  4.078779e+01
     vertex  1.900000e+01  2.831803e+00  4.078779e+01
   endloop
 endfacet
 facet normal  0.000000e+00  7.473009e-02  9.972038e-01
   outer loop
     vertex  1.900000e+01  9.470718e-01  4.097638e+01
     vertex  2.060000e+01  1.891789e+00  4.090558e+01
     vertex  1.900000e+01  1.891789e+00  4.090558e+01
   endloop
 endfacet
 facet normal -0.000000e+00  7.473009e-02  9.972038e-01
   outer loop
     vertex  1.900000e+01  9.470718e-01  4.097638e+01
     vertex  2.060000e+01  9.470718e-01  4.097638e+01
     vertex  2.060000e+01  1.891789e+00  4.090558e+01
   endloop
 endfacet
 facet normal  0.000000e+00  2.493069e-02  9.996892e-01
   outer loop
     vertex  1.900000e+01 -6.517473e-14  4.100000e+01
     vertex  2.060000e+01  9.470718e-01  4.097638e+01
     vertex  1.900000e+01  9.470718e-01  4.097638e+01
   endloop
 endfacet
 facet normal -0.000000e+00  2.493069e-02  9.996892e-01
   outer loop
     vertex  1.900000e+01 -6.517473e-14  4.100000e+01
     vertex  2.060000e+01 -6.517473e-14  4.100000e+01
     vertex  2.060000e+01  9.470718e-01  4.097638e+01
   endloop
 endfacet
 facet normal  0.000000e+00 -2.493069e-02  9.996892e-01
   outer loop
     vertex  1.900000e+01 -6.517473e-14  4.100000e+01
     vertex  2.060000e+01 -9.470718e-01  4.097638e+01
     vertex  2.060000e+01 -6.517473e-14  4.100000e+01
   endloop
 endfacet
 facet normal  0.000000e+00 -2.493069e-02  9.996892e-01
   outer loop
     vertex  1.900000e+01 -9.470718e-01  4.097638e+01
     vertex  2.060000e+01 -9.470718e-01  4.097638e+01
     vertex  1.900000e+01 -6.517473e-14  4.100000e+01
   endloop
 endfacet
 facet normal  0.000000e+00 -7.473009e-02  9.972038e-01
   outer loop
     vertex  1.900000e+01 -1.891789e+00  4.090558e+01
     vertex  2.060000e+01 -9.470718e-01  4.097638e+01
     vertex  1.900000e+01 -9.470718e-01  4.097638e+01
   endloop
 endfacet
 facet normal  0.000000e+00 -7.473009e-02  9.972038e-01
   outer loop
     vertex  1.900000e+01 -1.891789e+00  4.090558e+01
     vertex  2.060000e+01 -1.891789e+00  4.090558e+01
     vertex  2.060000e+01 -9.470718e-01  4.097638e+01
   endloop
 endfacet
 facet normal  0.000000e+00 -1.243437e-01  9.922392e-01
   outer loop
     vertex  1.900000e+01 -2.831803e+00  4.078779e+01
     vertex  2.060000e+01 -1.891789e+00  4.090558e+01
     vertex  1.900000e+01 -1.891789e+00  4.090558e+01
   endloop
 endfacet
 facet normal  0.000000e+00 -1.243437e-01  9.922392e-01
   outer loop
     vertex  1.900000e+01 -2.831803e+00  4.078779e+01
     vertex  2.060000e+01 -2.831803e+00  4.078779e+01
     vertex  2.060000e+01 -1.891789e+00  4.090558e+01
   endloop
 endfacet
 facet normal  0.000000e+00 -1.736482e-01  9.848078e-01
   outer loop
     vertex  1.900000e+01 -3.764777e+00  4.062328e+01
     vertex  2.060000e+01 -2.831803e+00  4.078779e+01
     vertex  1.900000e+01 -2.831803e+00  4.078779e+01
   endloop
 endfacet
 facet normal  0.000000e+00 -1.736482e-01  9.848078e-01
   outer loop
     vertex  1.900000e+01 -3.764777e+00  4.062328e+01
     vertex  2.060000e+01 -3.764777e+00  4.062328e+01
     vertex  2.060000e+01 -2.831803e+00  4.078779e+01
   endloop
 endfacet
 facet normal  0.000000e+00 -2.225209e-01  9.749279e-01
   outer loop
     vertex  1.900000e+01 -4.688391e+00  4.041247e+01
     vertex  2.060000e+01 -3.764777e+00  4.062328e+01
     vertex  1.900000e+01 -3.764777e+00  4.062328e+01
   endloop
 endfacet
 facet normal  0.000000e+00 -2.225209e-01  9.749279e-01
   outer loop
     vertex  1.900000e+01 -4.688391e+00  4.041247e+01
     vertex  2.060000e+01 -4.688391e+00  4.041247e+01
     vertex  2.060000e+01 -3.764777e+00  4.062328e+01
   endloop
 endfacet
 facet normal  0.000000e+00 -2.708405e-01  9.626242e-01
   outer loop
     vertex  1.900000e+01 -5.600348e+00  4.015588e+01
     vertex  2.060000e+01 -4.688391e+00  4.041247e+01
     vertex  1.900000e+01 -4.688391e+00  4.041247e+01
   endloop
 endfacet
 facet normal  0.000000e+00 -2.708405e-01  9.626242e-01
   outer loop
     vertex  1.900000e+01 -5.600348e+00  4.015588e+01
     vertex  2.060000e+01 -5.600348e+00  4.015588e+01
     vertex  2.060000e+01 -4.688391e+00  4.041247e+01
   endloop
 endfacet
 facet normal  0.000000e+00 -3.184867e-01  9.479273e-01
   outer loop
     vertex  1.900000e+01 -6.498383e+00  3.985416e+01
     vertex  2.060000e+01 -5.600348e+00  4.015588e+01
     vertex  1.900000e+01 -5.600348e+00  4.015588e+01
   endloop
 endfacet
 facet normal  0.000000e+00 -3.184867e-01  9.479273e-01
   outer loop
     vertex  1.900000e+01 -6.498383e+00  3.985416e+01
     vertex  2.060000e+01 -6.498383e+00  3.985416e+01
     vertex  2.060000e+01 -5.600348e+00  4.015588e+01
   endloop
 endfacet
 facet normal  0.000000e+00 -3.653410e-01  9.308737e-01
   outer loop
     vertex  1.900000e+01 -7.380261e+00  3.950805e+01
     vertex  2.060000e+01 -6.498383e+00  3.985416e+01
     vertex  1.900000e+01 -6.498383e+00  3.985416e+01
   endloop
 endfacet
 facet normal  0.000000e+00 -3.653410e-01  9.308737e-01
   outer loop
     vertex  1.900000e+01 -7.380261e+00  3.950805e+01
     vertex  2.060000e+01 -7.380261e+00  3.950805e+01
     vertex  2.060000e+01 -6.498383e+00  3.985416e+01
   endloop
 endfacet
 facet normal  0.000000e+00 -4.112871e-01  9.115059e-01
   outer loop
     vertex  1.900000e+01 -8.243791e+00  3.911841e+01
     vertex  2.060000e+01 -7.380261e+00  3.950805e+01
     vertex  1.900000e+01 -7.380261e+00  3.950805e+01
   endloop
 endfacet
 facet normal  0.000000e+00 -4.112871e-01  9.115059e-01
   outer loop
     vertex  1.900000e+01 -8.243791e+00  3.911841e+01
     vertex  2.060000e+01 -8.243791e+00  3.911841e+01
     vertex  2.060000e+01 -7.380261e+00  3.950805e+01
   endloop
 endfacet
 facet normal  0.000000e+00 -4.562107e-01  8.898718e-01
   outer loop
     vertex  1.900000e+01 -9.086826e+00  3.868621e+01
     vertex  2.060000e+01 -8.243791e+00  3.911841e+01
     vertex  1.900000e+01 -8.243791e+00  3.911841e+01
   endloop
 endfacet
 facet normal  0.000000e+00 -4.562107e-01  8.898718e-01
   outer loop
     vertex  1.900000e+01 -9.086826e+00  3.868621e+01
     vertex  2.060000e+01 -9.086826e+00  3.868621e+01
     vertex  2.060000e+01 -8.243791e+00  3.911841e+01
   endloop
 endfacet
 facet normal  0.000000e+00 -5.000000e-01  8.660254e-01
   outer loop
     vertex  1.900000e+01 -9.907269e+00  3.821253e+01
     vertex  2.060000e+01 -9.086826e+00  3.868621e+01
     vertex  1.900000e+01 -9.086826e+00  3.868621e+01
   endloop
 endfacet
 facet normal  0.000000e+00 -5.000000e-01  8.660254e-01
   outer loop
     vertex  1.900000e+01 -9.907269e+00  3.821253e+01
     vertex  2.060000e+01 -9.907269e+00  3.821253e+01
     vertex  2.060000e+01 -9.086826e+00  3.868621e+01
   endloop
 endfacet
 facet normal  0.000000e+00 -5.425463e-01  8.400259e-01
   outer loop
     vertex  1.900000e+01 -1.070308e+01  3.769854e+01
     vertex  2.060000e+01 -9.907269e+00  3.821253e+01
     vertex  1.900000e+01 -9.907269e+00  3.821253e+01
   endloop
 endfacet
 facet normal  0.000000e+00 -5.425463e-01  8.400259e-01
   outer loop
     vertex  1.900000e+01 -1.070308e+01  3.769854e+01
     vertex  2.060000e+01 -1.070308e+01  3.769854e+01
     vertex  2.060000e+01 -9.907269e+00  3.821253e+01
   endloop
 endfacet
 facet normal  0.000000e+00 -5.837437e-01  8.119380e-01
   outer loop
     vertex  1.900000e+01 -1.147228e+01  3.714552e+01
     vertex  2.060000e+01 -1.070308e+01  3.769854e+01
     vertex  1.900000e+01 -1.070308e+01  3.769854e+01
   endloop
 endfacet
 facet normal  0.000000e+00 -5.837437e-01  8.119380e-01
   outer loop
     vertex  1.900000e+01 -1.147228e+01  3.714552e+01
     vertex  2.060000e+01 -1.147228e+01  3.714552e+01
     vertex  2.060000e+01 -1.070308e+01  3.769854e+01
   endloop
 endfacet
 facet normal  0.000000e+00 -6.234898e-01  7.818315e-01
   outer loop
     vertex  1.900000e+01 -1.221296e+01  3.655484e+01
     vertex  2.060000e+01 -1.147228e+01  3.714552e+01
     vertex  1.900000e+01 -1.147228e+01  3.714552e+01
   endloop
 endfacet
 facet normal  0.000000e+00 -6.234898e-01  7.818315e-01
   outer loop
     vertex  1.900000e+01 -1.221296e+01  3.655484e+01
     vertex  2.060000e+01 -1.221296e+01  3.655484e+01
     vertex  2.060000e+01 -1.147228e+01  3.714552e+01
   endloop
 endfacet
 facet normal  0.000000e+00 -6.616858e-01  7.497812e-01
   outer loop
     vertex  1.900000e+01 -1.292328e+01  3.592799e+01
     vertex  2.060000e+01 -1.221296e+01  3.655484e+01
     vertex  1.900000e+01 -1.221296e+01  3.655484e+01
   endloop
 endfacet
 facet normal  0.000000e+00 -6.616858e-01  7.497812e-01
   outer loop
     vertex  1.900000e+01 -1.292328e+01  3.592799e+01
     vertex  2.060000e+01 -1.292328e+01  3.592799e+01
     vertex  2.060000e+01 -1.221296e+01  3.655484e+01
   endloop
 endfacet
 facet normal  0.000000e+00 -6.982368e-01  7.158668e-01
   outer loop
     vertex  1.900000e+01 -1.360147e+01  3.526650e+01
     vertex  2.060000e+01 -1.292328e+01  3.592799e+01
     vertex  1.900000e+01 -1.292328e+01  3.592799e+01
   endloop
 endfacet
 facet normal  0.000000e+00 -6.982368e-01  7.158668e-01
   outer loop
     vertex  1.900000e+01 -1.360147e+01  3.526650e+01
     vertex  2.060000e+01 -1.360147e+01  3.526650e+01
     vertex  2.060000e+01 -1.292328e+01  3.592799e+01
   endloop
 endfacet
 facet normal  0.000000e+00 -7.330519e-01  6.801727e-01
   outer loop
     vertex  1.900000e+01 -1.424584e+01  3.457203e+01
     vertex  2.060000e+01 -1.360147e+01  3.526650e+01
     vertex  1.900000e+01 -1.360147e+01  3.526650e+01
   endloop
 endfacet
 facet normal  0.000000e+00 -7.330519e-01  6.801727e-01
   outer loop
     vertex  1.900000e+01 -1.424584e+01  3.457203e+01
     vertex  2.060000e+01 -1.424584e+01  3.457203e+01
     vertex  2.060000e+01 -1.360147e+01  3.526650e+01
   endloop
 endfacet
 facet normal  0.000000e+00 -7.660444e-01  6.427876e-01
   outer loop
     vertex  1.900000e+01 -1.485480e+01  3.384631e+01
     vertex  2.060000e+01 -1.424584e+01  3.457203e+01
     vertex  1.900000e+01 -1.424584e+01  3.457203e+01
   endloop
 endfacet
 facet normal  0.000000e+00 -7.660444e-01  6.427876e-01
   outer loop
     vertex  1.900000e+01 -1.485480e+01  3.384631e+01
     vertex  2.060000e+01 -1.485480e+01  3.384631e+01
     vertex  2.060000e+01 -1.424584e+01  3.457203e+01
   endloop
 endfacet
 facet normal  0.000000e+00 -7.971325e-01  6.038044e-01
   outer loop
     vertex  1.900000e+01 -1.542682e+01  3.309113e+01
     vertex  2.060000e+01 -1.542682e+01  3.309113e+01
     vertex  2.060000e+01 -1.485480e+01  3.384631e+01
   endloop
 endfacet
 facet normal  0.000000e+00 -7.971325e-01  6.038044e-01
   outer loop
     vertex  1.900000e+01 -1.542682e+01  3.309113e+01
     vertex  2.060000e+01 -1.485480e+01  3.384631e+01
     vertex  1.900000e+01 -1.485480e+01  3.384631e+01
   endloop
 endfacet
 facet normal  0.000000e+00 -8.262388e-01  5.633201e-01
   outer loop
     vertex  1.900000e+01 -1.596049e+01  3.230838e+01
     vertex  2.060000e+01 -1.596049e+01  3.230838e+01
     vertex  2.060000e+01 -1.542682e+01  3.309113e+01
   endloop
 endfacet
 facet normal  0.000000e+00 -8.262388e-01  5.633201e-01
   outer loop
     vertex  1.900000e+01 -1.596049e+01  3.230838e+01
     vertex  2.060000e+01 -1.542682e+01  3.309113e+01
     vertex  1.900000e+01 -1.542682e+01  3.309113e+01
   endloop
 endfacet
 facet normal  0.000000e+00 -8.532909e-01  5.214352e-01
   outer loop
     vertex  1.900000e+01 -1.645448e+01  3.150000e+01
     vertex  2.060000e+01 -1.645448e+01  3.150000e+01
     vertex  2.060000e+01 -1.596049e+01  3.230838e+01
   endloop
 endfacet
 facet normal  0.000000e+00 -8.532909e-01  5.214352e-01
   outer loop
     vertex  1.900000e+01 -1.645448e+01  3.150000e+01
     vertex  2.060000e+01 -1.596049e+01  3.230838e+01
     vertex  1.900000e+01 -1.596049e+01  3.230838e+01
   endloop
 endfacet
 facet normal  0.000000e+00 -8.782216e-01  4.782540e-01
   outer loop
     vertex  1.900000e+01 -1.690756e+01  3.066800e+01
     vertex  2.060000e+01 -1.690756e+01  3.066800e+01
     vertex  2.060000e+01 -1.645448e+01  3.150000e+01
   endloop
 endfacet
 facet normal  0.000000e+00 -8.782216e-01  4.782540e-01
   outer loop
     vertex  1.900000e+01 -1.690756e+01  3.066800e+01
     vertex  2.060000e+01 -1.645448e+01  3.150000e+01
     vertex  1.900000e+01 -1.645448e+01  3.150000e+01
   endloop
 endfacet
 facet normal  0.000000e+00 -9.009689e-01  4.338837e-01
   outer loop
     vertex  1.900000e+01 -1.731861e+01  2.981445e+01
     vertex  2.060000e+01 -1.731861e+01  2.981445e+01
     vertex  2.060000e+01 -1.690756e+01  3.066800e+01
   endloop
 endfacet
 facet normal  0.000000e+00 -9.009689e-01  4.338837e-01
   outer loop
     vertex  1.900000e+01 -1.731861e+01  2.981445e+01
     vertex  2.060000e+01 -1.690756e+01  3.066800e+01
     vertex  1.900000e+01 -1.690756e+01  3.066800e+01
   endloop
 endfacet
 facet normal  0.000000e+00 -9.214762e-01  3.884348e-01
   outer loop
     vertex  1.900000e+01 -1.768660e+01  2.894148e+01
     vertex  2.060000e+01 -1.731861e+01  2.981445e+01
     vertex  1.900000e+01 -1.731861e+01  2.981445e+01
   endloop
 endfacet
 facet normal  0.000000e+00 -9.214762e-01  3.884348e-01
   outer loop
     vertex  1.900000e+01 -1.768660e+01  2.894148e+01
     vertex  2.060000e+01 -1.768660e+01  2.894148e+01
     vertex  2.060000e+01 -1.731861e+01  2.981445e+01
   endloop
 endfacet
 facet normal  0.000000e+00 -9.396926e-01  3.420201e-01
   outer loop
     vertex  1.900000e+01 -1.801062e+01  2.805125e+01
     vertex  2.060000e+01 -1.768660e+01  2.894148e+01
     vertex  1.900000e+01 -1.768660e+01  2.894148e+01
   endloop
 endfacet
 facet normal  0.000000e+00 -9.396926e-01  3.420201e-01
   outer loop
     vertex  1.900000e+01 -1.801062e+01  2.805125e+01
     vertex  2.060000e+01 -1.801062e+01  2.805125e+01
     vertex  2.060000e+01 -1.768660e+01  2.894148e+01
   endloop
 endfacet
 facet normal  0.000000e+00 -9.555728e-01  2.947552e-01
   outer loop
     vertex  1.900000e+01 -1.828986e+01  2.714597e+01
     vertex  2.060000e+01 -1.801062e+01  2.805125e+01
     vertex  1.900000e+01 -1.801062e+01  2.805125e+01
   endloop
 endfacet
 facet normal  0.000000e+00 -9.555728e-01  2.947552e-01
   outer loop
     vertex  1.900000e+01 -1.828986e+01  2.714597e+01
     vertex  2.060000e+01 -1.828986e+01  2.714597e+01
     vertex  2.060000e+01 -1.801062e+01  2.805125e+01
   endloop
 endfacet
 facet normal  0.000000e+00 -9.690773e-01  2.467574e-01
   outer loop
     vertex  1.900000e+01 -1.852363e+01  2.622790e+01
     vertex  2.060000e+01 -1.828986e+01  2.714597e+01
     vertex  1.900000e+01 -1.828986e+01  2.714597e+01
   endloop
 endfacet
 facet normal  0.000000e+00 -9.690773e-01  2.467574e-01
   outer loop
     vertex  1.900000e+01 -1.852363e+01  2.622790e+01
     vertex  2.060000e+01 -1.852363e+01  2.622790e+01
     vertex  2.060000e+01 -1.828986e+01  2.714597e+01
   endloop
 endfacet
 facet normal  0.000000e+00 -9.801725e-01  1.981461e-01
   outer loop
     vertex  1.900000e+01 -1.871135e+01  2.529932e+01
     vertex  2.060000e+01 -1.852363e+01  2.622790e+01
     vertex  1.900000e+01 -1.852363e+01  2.622790e+01
   endloop
 endfacet
 facet normal  0.000000e+00 -9.801725e-01  1.981461e-01
   outer loop
     vertex  1.900000e+01 -1.871135e+01  2.529932e+01
     vertex  2.060000e+01 -1.871135e+01  2.529932e+01
     vertex  2.060000e+01 -1.852363e+01  2.622790e+01
   endloop
 endfacet
 facet normal  0.000000e+00 -9.888308e-01  1.490423e-01
   outer loop
     vertex  1.900000e+01 -1.885254e+01  2.436253e+01
     vertex  2.060000e+01 -1.871135e+01  2.529932e+01
     vertex  1.900000e+01 -1.871135e+01  2.529932e+01
   endloop
 endfacet
 facet normal  0.000000e+00 -9.888308e-01  1.490423e-01
   outer loop
     vertex  1.900000e+01 -1.885254e+01  2.436253e+01
     vertex  2.060000e+01 -1.885254e+01  2.436253e+01
     vertex  2.060000e+01 -1.871135e+01  2.529932e+01
   endloop
 endfacet
 facet normal  0.000000e+00 -9.950308e-01  9.956785e-02
   outer loop
     vertex  1.900000e+01 -1.894687e+01  2.341987e+01
     vertex  2.060000e+01 -1.885254e+01  2.436253e+01
     vertex  1.900000e+01 -1.885254e+01  2.436253e+01
   endloop
 endfacet
 facet normal  0.000000e+00 -9.950308e-01  9.956785e-02
   outer loop
     vertex  1.900000e+01 -1.894687e+01  2.341987e+01
     vertex  2.060000e+01 -1.894687e+01  2.341987e+01
     vertex  2.060000e+01 -1.885254e+01  2.436253e+01
   endloop
 endfacet
 facet normal  0.000000e+00 -9.987569e-01  4.984589e-02
   outer loop
     vertex  1.900000e+01 -1.899409e+01  2.247368e+01
     vertex  2.060000e+01 -1.894687e+01  2.341987e+01
     vertex  1.900000e+01 -1.894687e+01  2.341987e+01
   endloop
 endfacet
 facet normal  0.000000e+00 -9.987569e-01  4.984589e-02
   outer loop
     vertex  1.900000e+01 -1.899409e+01  2.247368e+01
     vertex  2.060000e+01 -1.899409e+01  2.247368e+01
     vertex  2.060000e+01 -1.894687e+01  2.341987e+01
   endloop
 endfacet
 facet normal  0.000000e+00 -1.000000e+00 -1.125029e-14
   outer loop
     vertex  1.900000e+01 -1.899409e+01  2.152632e+01
     vertex  2.060000e+01 -1.899409e+01  2.247368e+01
     vertex  1.900000e+01 -1.899409e+01  2.247368e+01
   endloop
 endfacet
 facet normal  0.000000e+00 -1.000000e+00 -1.125029e-14
   outer loop
     vertex  1.900000e+01 -1.899409e+01  2.152632e+01
     vertex  2.060000e+01 -1.899409e+01  2.152632e+01
     vertex  2.060000e+01 -1.899409e+01  2.247368e+01
   endloop
 endfacet
 facet normal  0.000000e+00 -9.987569e-01 -4.984589e-02
   outer loop
     vertex  1.900000e+01 -1.894687e+01  2.058013e+01
     vertex  2.060000e+01 -1.899409e+01  2.152632e+01
     vertex  1.900000e+01 -1.899409e+01  2.152632e+01
   endloop
 endfacet
 facet normal  0.000000e+00 -9.987569e-01 -4.984589e-02
   outer loop
     vertex  1.900000e+01 -1.894687e+01  2.058013e+01
     vertex  2.060000e+01 -1.894687e+01  2.058013e+01
     vertex  2.060000e+01 -1.899409e+01  2.152632e+01
   endloop
 endfacet
 facet normal  0.000000e+00 -9.950308e-01 -9.956785e-02
   outer loop
     vertex  1.900000e+01 -1.885254e+01  1.963747e+01
     vertex  2.060000e+01 -1.894687e+01  2.058013e+01
     vertex  1.900000e+01 -1.894687e+01  2.058013e+01
   endloop
 endfacet
 facet normal  0.000000e+00 -9.950308e-01 -9.956785e-02
   outer loop
     vertex  1.900000e+01 -1.885254e+01  1.963747e+01
     vertex  2.060000e+01 -1.885254e+01  1.963747e+01
     vertex  2.060000e+01 -1.894687e+01  2.058013e+01
   endloop
 endfacet
 facet normal  0.000000e+00 -9.888308e-01 -1.490423e-01
   outer loop
     vertex  1.900000e+01 -1.871135e+01  1.870068e+01
     vertex  2.060000e+01 -1.885254e+01  1.963747e+01
     vertex  1.900000e+01 -1.885254e+01  1.963747e+01
   endloop
 endfacet
 facet normal  0.000000e+00 -9.888308e-01 -1.490423e-01
   outer loop
     vertex  1.900000e+01 -1.871135e+01  1.870068e+01
     vertex  2.060000e+01 -1.871135e+01  1.870068e+01
     vertex  2.060000e+01 -1.885254e+01  1.963747e+01
   endloop
 endfacet
 facet normal  0.000000e+00 -9.801725e-01 -1.981461e-01
   outer loop
     vertex  1.900000e+01 -1.852363e+01  1.777210e+01
     vertex  2.060000e+01 -1.871135e+01  1.870068e+01
     vertex  1.900000e+01 -1.871135e+01  1.870068e+01
   endloop
 endfacet
 facet normal  0.000000e+00 -9.801725e-01 -1.981461e-01
   outer loop
     vertex  1.900000e+01 -1.852363e+01  1.777210e+01
     vertex  2.060000e+01 -1.852363e+01  1.777210e+01
     vertex  2.060000e+01 -1.871135e+01  1.870068e+01
   endloop
 endfacet
 facet normal  0.000000e+00 -9.690773e-01 -2.467574e-01
   outer loop
     vertex  1.900000e+01 -1.828986e+01  1.685403e+01
     vertex  2.060000e+01 -1.828986e+01  1.685403e+01
     vertex  2.060000e+01 -1.852363e+01  1.777210e+01
   endloop
 endfacet
 facet normal  0.000000e+00 -9.690773e-01 -2.467574e-01
   outer loop
     vertex  1.900000e+01 -1.828986e+01  1.685403e+01
     vertex  2.060000e+01 -1.852363e+01  1.777210e+01
     vertex  1.900000e+01 -1.852363e+01  1.777210e+01
   endloop
 endfacet
 facet normal  0.000000e+00 -9.555728e-01 -2.947552e-01
   outer loop
     vertex  1.900000e+01 -1.801062e+01  1.594875e+01
     vertex  2.060000e+01 -1.801062e+01  1.594875e+01
     vertex  2.060000e+01 -1.828986e+01  1.685403e+01
   endloop
 endfacet
 facet normal  0.000000e+00 -9.555728e-01 -2.947552e-01
   outer loop
     vertex  1.900000e+01 -1.801062e+01  1.594875e+01
     vertex  2.060000e+01 -1.828986e+01  1.685403e+01
     vertex  1.900000e+01 -1.828986e+01  1.685403e+01
   endloop
 endfacet
 facet normal  0.000000e+00 -9.396926e-01 -3.420201e-01
   outer loop
     vertex  1.900000e+01 -1.768660e+01  1.505852e+01
     vertex  2.060000e+01 -1.768660e+01  1.505852e+01
     vertex  2.060000e+01 -1.801062e+01  1.594875e+01
   endloop
 endfacet
 facet normal  0.000000e+00 -9.214762e-01 -3.884348e-01
   outer loop
     vertex  1.900000e+01 -1.768660e+01  1.505852e+01
     vertex  2.060000e+01 -1.731861e+01  1.418555e+01
     vertex  2.060000e+01 -1.768660e+01  1.505852e+01
   endloop
 endfacet
 facet normal  0.000000e+00 -9.396926e-01 -3.420201e-01
   outer loop
     vertex  1.900000e+01 -1.768660e+01  1.505852e+01
     vertex  2.060000e+01 -1.801062e+01  1.594875e+01
     vertex  1.900000e+01 -1.801062e+01  1.594875e+01
   endloop
 endfacet
 facet normal  0.000000e+00 -9.214762e-01 -3.884348e-01
   outer loop
     vertex  1.900000e+01 -1.731861e+01  1.418555e+01
     vertex  2.060000e+01 -1.731861e+01  1.418555e+01
     vertex  1.900000e+01 -1.768660e+01  1.505852e+01
   endloop
 endfacet
 facet normal  0.000000e+00 -9.009689e-01 -4.338837e-01
   outer loop
     vertex  1.900000e+01 -1.690756e+01  1.333200e+01
     vertex  2.060000e+01 -1.690756e+01  1.333200e+01
     vertex  2.060000e+01 -1.731861e+01  1.418555e+01
   endloop
 endfacet
 facet normal  0.000000e+00 -8.782216e-01 -4.782540e-01
   outer loop
     vertex  1.900000e+01 -1.690756e+01  1.333200e+01
     vertex  2.060000e+01 -1.645448e+01  1.250000e+01
     vertex  2.060000e+01 -1.690756e+01  1.333200e+01
   endloop
 endfacet
 facet normal  0.000000e+00 -9.009689e-01 -4.338837e-01
   outer loop
     vertex  1.900000e+01 -1.690756e+01  1.333200e+01
     vertex  2.060000e+01 -1.731861e+01  1.418555e+01
     vertex  1.900000e+01 -1.731861e+01  1.418555e+01
   endloop
 endfacet
 facet normal  0.000000e+00 -8.782216e-01 -4.782540e-01
   outer loop
     vertex  1.900000e+01 -1.645448e+01  1.250000e+01
     vertex  2.060000e+01 -1.645448e+01  1.250000e+01
     vertex  1.900000e+01 -1.690756e+01  1.333200e+01
   endloop
 endfacet
 facet normal  0.000000e+00 -8.532909e-01 -5.214352e-01
   outer loop
     vertex  1.900000e+01 -1.596049e+01  1.169162e+01
     vertex  2.060000e+01 -1.596049e+01  1.169162e+01
     vertex  2.060000e+01 -1.645448e+01  1.250000e+01
   endloop
 endfacet
 facet normal  0.000000e+00 -8.532909e-01 -5.214352e-01
   outer loop
     vertex  1.900000e+01 -1.596049e+01  1.169162e+01
     vertex  2.060000e+01 -1.645448e+01  1.250000e+01
     vertex  1.900000e+01 -1.645448e+01  1.250000e+01
   endloop
 endfacet
 facet normal  0.000000e+00 -8.262388e-01 -5.633201e-01
   outer loop
     vertex  1.900000e+01 -1.542682e+01  1.090887e+01
     vertex  2.060000e+01 -1.542682e+01  1.090887e+01
     vertex  2.060000e+01 -1.596049e+01  1.169162e+01
   endloop
 endfacet
 facet normal  0.000000e+00 -7.971325e-01 -6.038044e-01
   outer loop
     vertex  1.900000e+01 -1.542682e+01  1.090887e+01
     vertex  2.060000e+01 -1.485480e+01  1.015369e+01
     vertex  2.060000e+01 -1.542682e+01  1.090887e+01
   endloop
 endfacet
 facet normal  0.000000e+00 -8.262388e-01 -5.633201e-01
   outer loop
     vertex  1.900000e+01 -1.542682e+01  1.090887e+01
     vertex  2.060000e+01 -1.596049e+01  1.169162e+01
     vertex  1.900000e+01 -1.596049e+01  1.169162e+01
   endloop
 endfacet
 facet normal  0.000000e+00 -7.971325e-01 -6.038044e-01
   outer loop
     vertex  1.900000e+01 -1.485480e+01  1.015369e+01
     vertex  2.060000e+01 -1.485480e+01  1.015369e+01
     vertex  1.900000e+01 -1.542682e+01  1.090887e+01
   endloop
 endfacet
 facet normal  0.000000e+00 -7.660444e-01 -6.427876e-01
   outer loop
     vertex  1.900000e+01 -1.424584e+01  9.427969e+00
     vertex  2.060000e+01 -1.424584e+01  9.427969e+00
     vertex  2.060000e+01 -1.485480e+01  1.015369e+01
   endloop
 endfacet
 facet normal  0.000000e+00 -7.660444e-01 -6.427876e-01
   outer loop
     vertex  1.900000e+01 -1.424584e+01  9.427969e+00
     vertex  2.060000e+01 -1.485480e+01  1.015369e+01
     vertex  1.900000e+01 -1.485480e+01  1.015369e+01
   endloop
 endfacet
 facet normal  0.000000e+00 -7.330519e-01 -6.801727e-01
   outer loop
     vertex  1.900000e+01 -1.360147e+01  8.733500e+00
     vertex  2.060000e+01 -1.360147e+01  8.733500e+00
     vertex  2.060000e+01 -1.424584e+01  9.427969e+00
   endloop
 endfacet
 facet normal  0.000000e+00 -6.982368e-01 -7.158668e-01
   outer loop
     vertex  1.900000e+01 -1.360147e+01  8.733500e+00
     vertex  2.060000e+01 -1.292328e+01  8.072014e+00
     vertex  2.060000e+01 -1.360147e+01  8.733500e+00
   endloop
 endfacet
 facet normal  0.000000e+00 -7.330519e-01 -6.801727e-01
   outer loop
     vertex  1.900000e+01 -1.360147e+01  8.733500e+00
     vertex  2.060000e+01 -1.424584e+01  9.427969e+00
     vertex  1.900000e+01 -1.424584e+01  9.427969e+00
   endloop
 endfacet
 facet normal  0.000000e+00 -6.616858e-01 -7.497812e-01
   outer loop
     vertex  1.900000e+01 -1.292328e+01  8.072014e+00
     vertex  2.060000e+01 -1.221296e+01  7.445156e+00
     vertex  2.060000e+01 -1.292328e+01  8.072014e+00
   endloop
 endfacet
 facet normal  0.000000e+00 -6.982368e-01 -7.158668e-01
   outer loop
     vertex  1.900000e+01 -1.292328e+01  8.072014e+00
     vertex  2.060000e+01 -1.292328e+01  8.072014e+00
     vertex  1.900000e+01 -1.360147e+01  8.733500e+00
   endloop
 endfacet
 facet normal  0.000000e+00 -6.616858e-01 -7.497812e-01
   outer loop
     vertex  1.900000e+01 -1.221296e+01  7.445156e+00
     vertex  2.060000e+01 -1.221296e+01  7.445156e+00
     vertex  1.900000e+01 -1.292328e+01  8.072014e+00
   endloop
 endfacet
 facet normal  0.000000e+00 -6.234898e-01 -7.818315e-01
   outer loop
     vertex  1.900000e+01 -1.147228e+01  6.854482e+00
     vertex  2.060000e+01 -1.221296e+01  7.445156e+00
     vertex  1.900000e+01 -1.221296e+01  7.445156e+00
   endloop
 endfacet
 facet normal  0.000000e+00 -6.234898e-01 -7.818315e-01
   outer loop
     vertex  1.900000e+01 -1.147228e+01  6.854482e+00
     vertex  2.060000e+01 -1.147228e+01  6.854482e+00
     vertex  2.060000e+01 -1.221296e+01  7.445156e+00
   endloop
 endfacet
 facet normal  0.000000e+00 -5.837437e-01 -8.119380e-01
   outer loop
     vertex  1.900000e+01 -1.070308e+01  6.301463e+00
     vertex  2.060000e+01 -1.147228e+01  6.854482e+00
     vertex  1.900000e+01 -1.147228e+01  6.854482e+00
   endloop
 endfacet
 facet normal  0.000000e+00 -5.837437e-01 -8.119380e-01
   outer loop
     vertex  1.900000e+01 -1.070308e+01  6.301463e+00
     vertex  2.060000e+01 -1.070308e+01  6.301463e+00
     vertex  2.060000e+01 -1.147228e+01  6.854482e+00
   endloop
 endfacet
 facet normal  0.000000e+00 -5.425463e-01 -8.400259e-01
   outer loop
     vertex  1.900000e+01 -9.907269e+00  5.787473e+00
     vertex  2.060000e+01 -1.070308e+01  6.301463e+00
     vertex  1.900000e+01 -1.070308e+01  6.301463e+00
   endloop
 endfacet
 facet normal  0.000000e+00 -5.425463e-01 -8.400259e-01
   outer loop
     vertex  1.900000e+01 -9.907269e+00  5.787473e+00
     vertex  2.060000e+01 -9.907269e+00  5.787473e+00
     vertex  2.060000e+01 -1.070308e+01  6.301463e+00
   endloop
 endfacet
 facet normal  0.000000e+00 -5.000000e-01 -8.660254e-01
   outer loop
     vertex  1.900000e+01 -9.086826e+00  5.313790e+00
     vertex  2.060000e+01 -9.907269e+00  5.787473e+00
     vertex  1.900000e+01 -9.907269e+00  5.787473e+00
   endloop
 endfacet
 facet normal  0.000000e+00 -5.000000e-01 -8.660254e-01
   outer loop
     vertex  1.900000e+01 -9.086826e+00  5.313790e+00
     vertex  2.060000e+01 -9.086826e+00  5.313790e+00
     vertex  2.060000e+01 -9.907269e+00  5.787473e+00
   endloop
 endfacet
 facet normal  0.000000e+00 -4.562107e-01 -8.898718e-01
   outer loop
     vertex  1.900000e+01 -9.086826e+00  5.313790e+00
     vertex  2.060000e+01 -8.243791e+00  4.881592e+00
     vertex  2.060000e+01 -9.086826e+00  5.313790e+00
   endloop
 endfacet
 facet normal  0.000000e+00 -4.562107e-01 -8.898718e-01
   outer loop
     vertex  1.900000e+01 -8.243791e+00  4.881592e+00
     vertex  2.060000e+01 -8.243791e+00  4.881592e+00
     vertex  1.900000e+01 -9.086826e+00  5.313790e+00
   endloop
 endfacet
 facet normal  0.000000e+00 -4.112871e-01 -9.115059e-01
   outer loop
     vertex  1.900000e+01 -7.380261e+00  4.491952e+00
     vertex  2.060000e+01 -7.380261e+00  4.491952e+00
     vertex  2.060000e+01 -8.243791e+00  4.881592e+00
   endloop
 endfacet
 facet normal  0.000000e+00 -4.112871e-01 -9.115059e-01
   outer loop
     vertex  1.900000e+01 -7.380261e+00  4.491952e+00
     vertex  2.060000e+01 -8.243791e+00  4.881592e+00
     vertex  1.900000e+01 -8.243791e+00  4.881592e+00
   endloop
 endfacet
 facet normal  0.000000e+00 -3.653410e-01 -9.308737e-01
   outer loop
     vertex  1.900000e+01 -6.498383e+00  4.145840e+00
     vertex  2.060000e+01 -6.498383e+00  4.145840e+00
     vertex  2.060000e+01 -7.380261e+00  4.491952e+00
   endloop
 endfacet
 facet normal  0.000000e+00 -3.653410e-01 -9.308737e-01
   outer loop
     vertex  1.900000e+01 -6.498383e+00  4.145840e+00
     vertex  2.060000e+01 -7.380261e+00  4.491952e+00
     vertex  1.900000e+01 -7.380261e+00  4.491952e+00
   endloop
 endfacet
 facet normal  0.000000e+00 -3.184867e-01 -9.479273e-01
   outer loop
     vertex  1.900000e+01 -5.600348e+00  3.844117e+00
     vertex  2.060000e+01 -5.600348e+00  3.844117e+00
     vertex  2.060000e+01 -6.498383e+00  4.145840e+00
   endloop
 endfacet
 facet normal  0.000000e+00 -3.184867e-01 -9.479273e-01
   outer loop
     vertex  1.900000e+01 -5.600348e+00  3.844117e+00
     vertex  2.060000e+01 -6.498383e+00  4.145840e+00
     vertex  1.900000e+01 -6.498383e+00  4.145840e+00
   endloop
 endfacet
 facet normal  0.000000e+00 -2.708405e-01 -9.626242e-01
   outer loop
     vertex  1.900000e+01 -4.688391e+00  3.587532e+00
     vertex  2.060000e+01 -4.688391e+00  3.587532e+00
     vertex  2.060000e+01 -5.600348e+00  3.844117e+00
   endloop
 endfacet
 facet normal  0.000000e+00 -2.225209e-01 -9.749279e-01
   outer loop
     vertex  1.900000e+01 -4.688391e+00  3.587532e+00
     vertex  2.060000e+01 -3.764777e+00  3.376723e+00
     vertex  2.060000e+01 -4.688391e+00  3.587532e+00
   endloop
 endfacet
 facet normal  0.000000e+00 -2.708405e-01 -9.626242e-01
   outer loop
     vertex  1.900000e+01 -4.688391e+00  3.587532e+00
     vertex  2.060000e+01 -5.600348e+00  3.844117e+00
     vertex  1.900000e+01 -5.600348e+00  3.844117e+00
   endloop
 endfacet
 facet normal  0.000000e+00 -2.225209e-01 -9.749279e-01
   outer loop
     vertex  1.900000e+01 -3.764777e+00  3.376723e+00
     vertex  2.060000e+01 -3.764777e+00  3.376723e+00
     vertex  1.900000e+01 -4.688391e+00  3.587532e+00
   endloop
 endfacet
 facet normal  0.000000e+00 -1.736482e-01 -9.848078e-01
   outer loop
     vertex  1.900000e+01 -2.831803e+00  3.212214e+00
     vertex  2.060000e+01 -2.831803e+00  3.212214e+00
     vertex  2.060000e+01 -3.764777e+00  3.376723e+00
   endloop
 endfacet
 facet normal  0.000000e+00 -1.736482e-01 -9.848078e-01
   outer loop
     vertex  1.900000e+01 -2.831803e+00  3.212214e+00
     vertex  2.060000e+01 -3.764777e+00  3.376723e+00
     vertex  1.900000e+01 -3.764777e+00  3.376723e+00
   endloop
 endfacet
 facet normal  0.000000e+00 -1.243437e-01 -9.922392e-01
   outer loop
     vertex  1.900000e+01 -1.891789e+00  3.094415e+00
     vertex  2.060000e+01 -1.891789e+00  3.094415e+00
     vertex  2.060000e+01 -2.831803e+00  3.212214e+00
   endloop
 endfacet
 facet normal  0.000000e+00 -1.243437e-01 -9.922392e-01
   outer loop
     vertex  1.900000e+01 -1.891789e+00  3.094415e+00
     vertex  2.060000e+01 -2.831803e+00  3.212214e+00
     vertex  1.900000e+01 -2.831803e+00  3.212214e+00
   endloop
 endfacet
 facet normal  0.000000e+00 -7.473009e-02 -9.972038e-01
   outer loop
     vertex  1.900000e+01 -9.470718e-01  3.023618e+00
     vertex  2.060000e+01 -9.470718e-01  3.023618e+00
     vertex  2.060000e+01 -1.891789e+00  3.094415e+00
   endloop
 endfacet
 facet normal  0.000000e+00 -7.473009e-02 -9.972038e-01
   outer loop
     vertex  1.900000e+01 -9.470718e-01  3.023618e+00
     vertex  2.060000e+01 -1.891789e+00  3.094415e+00
     vertex  1.900000e+01 -1.891789e+00  3.094415e+00
   endloop
 endfacet
 facet normal  0.000000e+00 -2.493069e-02 -9.996892e-01
   outer loop
     vertex  1.900000e+01  0.000000e+00  3.000000e+00
     vertex  2.060000e+01  0.000000e+00  3.000000e+00
     vertex  2.060000e+01 -9.470718e-01  3.023618e+00
   endloop
 endfacet
 facet normal  0.000000e+00 -2.493069e-02 -9.996892e-01
   outer loop
     vertex  1.900000e+01  0.000000e+00  3.000000e+00
     vertex  2.060000e+01 -9.470718e-01  3.023618e+00
     vertex  1.900000e+01 -9.470718e-01  3.023618e+00
   endloop
 endfacet
 facet normal -1.000000e+00  0.000000e+00  0.000000e+00
   outer loop
     vertex  1.900000e+01 -1.221296e+01  3.655484e+01
     vertex  1.900000e+01 -1.360147e+01  3.526650e+01
     vertex  1.900000e+01 -1.292328e+01  3.592799e+01
   endloop
 endfacet
 facet normal -1.000000e+00  0.000000e+00  0.000000e+00
   outer loop
     vertex  1.900000e+01 -1.485480e+01  3.384631e+01
     vertex  1.900000e+01 -1.424584e+01  3.457203e+01
     vertex  1.900000e+01 -1.360147e+01  3.526650e+01
   endloop
 endfacet
 facet normal -1.000000e+00  0.000000e+00  0.000000e+00
   outer loop
     vertex  1.900000e+01 -1.147228e+01  3.714552e+01
     vertex  1.900000e+01 -1.360147e+01  3.526650e+01
     vertex  1.900000e+01 -1.221296e+01  3.655484e+01
   endloop
 endfacet
 facet normal -1.000000e+00  0.000000e+00  0.000000e+00
   outer loop
     vertex  1.900000e+01 -1.070308e+01  3.769854e+01
     vertex  1.900000e+01 -1.360147e+01  3.526650e+01
     vertex  1.900000e+01 -1.147228e+01  3.714552e+01
   endloop
 endfacet
 facet normal -1.000000e+00  0.000000e+00  0.000000e+00
   outer loop
     vertex  1.900000e+01 -1.596049e+01  3.230838e+01
     vertex  1.900000e+01 -1.542682e+01  3.309113e+01
     vertex  1.900000e+01 -1.485480e+01  3.384631e+01
   endloop
 endfacet
 facet normal -1.000000e+00  0.000000e+00  0.000000e+00
   outer loop
     vertex  1.900000e+01 -1.690756e+01  3.066800e+01
     vertex  1.900000e+01 -1.596049e+01  3.230838e+01
     vertex  1.900000e+01 -1.485480e+01  3.384631e+01
   endloop
 endfacet
 facet normal -1.000000e+00  0.000000e+00  0.000000e+00
   outer loop
     vertex  1.900000e+01 -1.690756e+01  3.066800e+01
     vertex  1.900000e+01 -1.645448e+01  3.150000e+01
     vertex  1.900000e+01 -1.596049e+01  3.230838e+01
   endloop
 endfacet
 facet normal -1.000000e+00  0.000000e+00  0.000000e+00
   outer loop
     vertex  1.900000e+01 -8.243791e+00  3.911841e+01
     vertex  1.900000e+01 -9.907269e+00  3.821253e+01
     vertex  1.900000e+01 -9.086826e+00  3.868621e+01
   endloop
 endfacet
 facet normal -1.000000e+00  0.000000e+00  0.000000e+00
   outer loop
     vertex  1.900000e+01 -7.380261e+00  3.950805e+01
     vertex  1.900000e+01 -9.907269e+00  3.821253e+01
     vertex  1.900000e+01 -8.243791e+00  3.911841e+01
   endloop
 endfacet
 facet normal -1.000000e+00  0.000000e+00  0.000000e+00
   outer loop
     vertex  1.900000e+01 -7.380261e+00  3.950805e+01
     vertex  1.900000e+01 -1.070308e+01  3.769854e+01
     vertex  1.900000e+01 -9.907269e+00  3.821253e+01
   endloop
 endfacet
 facet normal -1.000000e+00  0.000000e+00  0.000000e+00
   outer loop
     vertex  1.900000e+01 -1.768660e+01  2.894148e+01
     vertex  1.900000e+01 -1.690756e+01  3.066800e+01
     vertex  1.900000e+01 -1.485480e+01  3.384631e+01
   endloop
 endfacet
 facet normal -1.000000e+00  0.000000e+00  0.000000e+00
   outer loop
     vertex  1.900000e+01 -1.768660e+01  2.894148e+01
     vertex  1.900000e+01 -1.731861e+01  2.981445e+01
     vertex  1.900000e+01 -1.690756e+01  3.066800e+01
   endloop
 endfacet
 facet normal -1.000000e+00  0.000000e+00  0.000000e+00
   outer loop
     vertex  1.900000e+01 -1.828986e+01  2.714597e+01
     vertex  1.900000e+01 -1.801062e+01  2.805125e+01
     vertex  1.900000e+01 -1.768660e+01  2.894148e+01
   endloop
 endfacet
 facet normal -1.000000e+00  0.000000e+00  0.000000e+00
   outer loop
     vertex  1.900000e+01 -4.688391e+00  4.041247e+01
     vertex  1.900000e+01 -1.070308e+01  3.769854e+01
     vertex  1.900000e+01 -7.380261e+00  3.950805e+01
   endloop
 endfacet
 facet normal -1.000000e+00  0.000000e+00  0.000000e+00
   outer loop
     vertex  1.900000e+01 -4.688391e+00  4.041247e+01
     vertex  1.900000e+01 -6.498383e+00  3.985416e+01
     vertex  1.900000e+01 -5.600348e+00  4.015588e+01
   endloop
 endfacet
 facet normal -1.000000e+00  0.000000e+00  0.000000e+00
   outer loop
     vertex  1.900000e+01 -4.688391e+00  4.041247e+01
     vertex  1.900000e+01 -7.380261e+00  3.950805e+01
     vertex  1.900000e+01 -6.498383e+00  3.985416e+01
   endloop
 endfacet
 facet normal -1.000000e+00  0.000000e+00  0.000000e+00
   outer loop
     vertex  1.900000e+01 -1.852363e+01  2.622790e+01
     vertex  1.900000e+01 -1.828986e+01  2.714597e+01
     vertex  1.900000e+01 -1.768660e+01  2.894148e+01
   endloop
 endfacet
 facet normal -1.000000e+00  0.000000e+00  0.000000e+00
   outer loop
     vertex  1.900000e+01 -1.871135e+01  2.529932e+01
     vertex  1.900000e+01 -1.485480e+01  3.384631e+01
     vertex  1.900000e+01 -1.360147e+01  3.526650e+01
   endloop
 endfacet
 facet normal -1.000000e+00  0.000000e+00  0.000000e+00
   outer loop
     vertex  1.900000e+01 -1.871135e+01  2.529932e+01
     vertex  1.900000e+01 -1.768660e+01  2.894148e+01
     vertex  1.900000e+01 -1.485480e+01  3.384631e+01
   endloop
 endfacet
 facet normal -1.000000e+00  0.000000e+00  0.000000e+00
   outer loop
     vertex  1.900000e+01 -1.871135e+01  2.529932e+01
     vertex  1.900000e+01 -1.852363e+01  2.622790e+01
     vertex  1.900000e+01 -1.768660e+01  2.894148e+01
   endloop
 endfacet
 facet normal -1.000000e+00  0.000000e+00  0.000000e+00
   outer loop
     vertex  1.900000e+01 -2.831803e+00  4.078779e+01
     vertex  1.900000e+01 -4.688391e+00  4.041247e+01
     vertex  1.900000e+01 -3.764777e+00  4.062328e+01
   endloop
 endfacet
 facet normal -1.000000e+00  0.000000e+00  0.000000e+00
   outer loop
     vertex  1.900000e+01 -1.894687e+01  2.341987e+01
     vertex  1.900000e+01 -1.871135e+01  2.529932e+01
     vertex  1.900000e+01 -1.360147e+01  3.526650e+01
   endloop
 endfacet
 facet normal -1.000000e+00  0.000000e+00  0.000000e+00
   outer loop
     vertex  1.900000e+01 -1.894687e+01  2.341987e+01
     vertex  1.900000e+01 -1.885254e+01  2.436253e+01
     vertex  1.900000e+01 -1.871135e+01  2.529932e+01
   endloop
 endfacet
 facet normal -1.000000e+00  0.000000e+00  0.000000e+00
   outer loop
     vertex  1.900000e+01 -6.517473e-14  4.100000e+01
     vertex  1.900000e+01 -1.891789e+00  4.090558e+01
     vertex  1.900000e+01 -9.470718e-01  4.097638e+01
   endloop
 endfacet
 facet normal -1.000000e+00  0.000000e+00  0.000000e+00
   outer loop
     vertex  1.900000e+01 -6.517473e-14  4.100000e+01
     vertex  1.900000e+01 -2.831803e+00  4.078779e+01
     vertex  1.900000e+01 -1.891789e+00  4.090558e+01
   endloop
 endfacet
 facet normal -1.000000e+00  0.000000e+00  0.000000e+00
   outer loop
     vertex  1.900000e+01 -1.899409e+01  2.152632e+01
     vertex  1.900000e+01 -1.899409e+01  2.247368e+01
     vertex  1.900000e+01 -1.894687e+01  2.341987e+01
   endloop
 endfacet
 facet normal -1.000000e+00  0.000000e+00  0.000000e+00
   outer loop
     vertex  1.900000e+01  1.891789e+00  4.090558e+01
     vertex  1.900000e+01 -6.517473e-14  4.100000e+01
     vertex  1.900000e+01  9.470718e-01  4.097638e+01
   endloop
 endfacet
 facet normal -1.000000e+00 -0.000000e+00  0.000000e+00
   outer loop
     vertex  1.900000e+01  1.891789e+00  4.090558e+01
     vertex  1.900000e+01 -2.831803e+00  4.078779e+01
     vertex  1.900000e+01 -6.517473e-14  4.100000e+01
   endloop
 endfacet
 facet normal -1.000000e+00  0.000000e+00  0.000000e+00
   outer loop
     vertex  1.900000e+01  2.831803e+00  4.078779e+01
     vertex  1.900000e+01 -4.688391e+00  4.041247e+01
     vertex  1.900000e+01 -2.831803e+00  4.078779e+01
   endloop
 endfacet
 facet normal -1.000000e+00 -0.000000e+00  0.000000e+00
   outer loop
     vertex  1.900000e+01  2.831803e+00  4.078779e+01
     vertex  1.900000e+01 -2.831803e+00  4.078779e+01
     vertex  1.900000e+01  1.891789e+00  4.090558e+01
   endloop
 endfacet
 facet normal -1.000000e+00  0.000000e+00  0.000000e+00
   outer loop
     vertex  1.900000e+01 -1.871135e+01  1.870068e+01
     vertex  1.900000e+01 -1.894687e+01  2.058013e+01
     vertex  1.900000e+01 -1.899409e+01  2.152632e+01
   endloop
 endfacet
 facet normal -1.000000e+00  0.000000e+00  0.000000e+00
   outer loop
     vertex  1.900000e+01 -1.871135e+01  1.870068e+01
     vertex  1.900000e+01 -1.885254e+01  1.963747e+01
     vertex  1.900000e+01 -1.894687e+01  2.058013e+01
   endloop
 endfacet
 facet normal -1.000000e+00 -0.000000e+00  0.000000e+00
   outer loop
     vertex  1.900000e+01  4.688391e+00  4.041247e+01
     vertex  1.900000e+01 -4.688391e+00  4.041247e+01
     vertex  1.900000e+01  2.831803e+00  4.078779e+01
   endloop
 endfacet
 facet normal -1.000000e+00  0.000000e+00  0.000000e+00
   outer loop
     vertex  1.900000e+01  4.688391e+00  4.041247e+01
     vertex  1.900000e+01  2.831803e+00  4.078779e+01
     vertex  1.900000e+01  3.764777e+00  4.062328e+01
   endloop
 endfacet
 facet normal -1.000000e+00  0.000000e+00  0.000000e+00
   outer loop
     vertex  1.900000e+01 -1.828986e+01  1.685403e+01
     vertex  1.900000e+01 -1.871135e+01  1.870068e+01
     vertex  1.900000e+01 -1.899409e+01  2.152632e+01
   endloop
 endfacet
 facet normal -1.000000e+00  0.000000e+00  0.000000e+00
   outer loop
     vertex  1.900000e+01 -1.828986e+01  1.685403e+01
     vertex  1.900000e+01 -1.899409e+01  2.152632e+01
     vertex  1.900000e+01 -1.894687e+01  2.341987e+01
   endloop
 endfacet
 facet normal -1.000000e+00  0.000000e+00  0.000000e+00
   outer loop
     vertex  1.900000e+01 -1.828986e+01  1.685403e+01
     vertex  1.900000e+01 -1.852363e+01  1.777210e+01
     vertex  1.900000e+01 -1.871135e+01  1.870068e+01
   endloop
 endfacet
 facet normal -1.000000e+00  0.000000e+00  0.000000e+00
   outer loop
     vertex  1.900000e+01 -1.801062e+01  1.594875e+01
     vertex  1.900000e+01 -1.828986e+01  1.685403e+01
     vertex  1.900000e+01 -1.894687e+01  2.341987e+01
   endloop
 endfacet
 facet normal -1.000000e+00  0.000000e+00  0.000000e+00
   outer loop
     vertex  1.900000e+01  8.243791e+00  3.911841e+01
     vertex  1.900000e+01  6.498383e+00  3.985416e+01
     vertex  1.900000e+01  7.380261e+00  3.950805e+01
   endloop
 endfacet
 facet normal -1.000000e+00  0.000000e+00  0.000000e+00
   outer loop
     vertex  1.900000e+01  9.086826e+00  3.868621e+01
     vertex  1.900000e+01  6.498383e+00  3.985416e+01
     vertex  1.900000e+01  8.243791e+00  3.911841e+01
   endloop
 endfacet
 facet normal -1.000000e+00  0.000000e+00  0.000000e+00
   outer loop
     vertex  1.900000e+01 -1.596049e+01  1.169162e+01
     vertex  1.900000e+01 -1.768660e+01  1.505852e+01
     vertex  1.900000e+01 -1.801062e+01  1.594875e+01
   endloop
 endfacet
 facet normal -1.000000e+00  0.000000e+00  0.000000e+00
   outer loop
     vertex  1.900000e+01 -1.596049e+01  1.169162e+01
     vertex  1.900000e+01 -1.731861e+01  1.418555e+01
     vertex  1.900000e+01 -1.768660e+01  1.505852e+01
   endloop
 endfacet
 facet normal -1.000000e+00  0.000000e+00  0.000000e+00
   outer loop
     vertex  1.900000e+01 -1.596049e+01  1.169162e+01
     vertex  1.900000e+01 -1.690756e+01  1.333200e+01
     vertex  1.900000e+01 -1.731861e+01  1.418555e+01
   endloop
 endfacet
 facet normal -1.000000e+00  0.000000e+00  0.000000e+00
   outer loop
     vertex  1.900000e+01 -1.596049e+01  1.169162e+01
     vertex  1.900000e+01 -1.645448e+01  1.250000e+01
     vertex  1.900000e+01 -1.690756e+01  1.333200e+01
   endloop
 endfacet
 facet normal -1.000000e+00  0.000000e+00  0.000000e+00
   outer loop
     vertex  1.900000e+01 -1.596049e+01  1.169162e+01
     vertex  1.900000e+01 -1.801062e+01  1.594875e+01
     vertex  1.900000e+01 -1.894687e+01  2.341987e+01
   endloop
 endfacet
 facet normal -1.000000e+00  0.000000e+00  0.000000e+00
   outer loop
     vertex  1.900000e+01  1.070308e+01  3.769854e+01
     vertex  1.900000e+01  6.498383e+00  3.985416e+01
     vertex  1.900000e+01  9.086826e+00  3.868621e+01
   endloop
 endfacet
 facet normal -1.000000e+00  0.000000e+00  0.000000e+00
   outer loop
     vertex  1.900000e+01  1.070308e+01  3.769854e+01
     vertex  1.900000e+01  9.086826e+00  3.868621e+01
     vertex  1.900000e+01  9.907269e+00  3.821253e+01
   endloop
 endfacet
 facet normal -1.000000e+00  0.000000e+00  0.000000e+00
   outer loop
     vertex  1.900000e+01 -1.542682e+01  1.090887e+01
     vertex  1.900000e+01 -1.596049e+01  1.169162e+01
     vertex  1.900000e+01 -1.894687e+01  2.341987e+01
   endloop
 endfacet
 facet normal -1.000000e+00  0.000000e+00  0.000000e+00
   outer loop
     vertex  1.900000e+01  1.221296e+01  3.655484e+01
     vertex  1.900000e+01  6.498383e+00  3.985416e+01
     vertex  1.900000e+01  1.070308e+01  3.769854e+01
   endloop
 endfacet
 facet normal -1.000000e+00  0.000000e+00  0.000000e+00
   outer loop
     vertex  1.900000e+01  1.221296e+01  3.655484e+01
     vertex  1.900000e+01  1.070308e+01  3.769854e+01
     vertex  1.900000e+01  1.147228e+01  3.714552e+01
   endloop
 endfacet
 facet normal -1.000000e+00  0.000000e+00  0.000000e+00
   outer loop
     vertex  1.900000e+01  1.221296e+01  3.655484e+01
     vertex  1.900000e+01  5.600348e+00  4.015588e+01
     vertex  1.900000e+01  6.498383e+00  3.985416e+01
   endloop
 endfacet
 facet normal -1.000000e+00  0.000000e+00  0.000000e+00
   outer loop
     vertex  1.900000e+01  1.221296e+01  3.655484e+01
     vertex  1.900000e+01  4.688391e+00  4.041247e+01
     vertex  1.900000e+01  5.600348e+00  4.015588e+01
   endloop
 endfacet
 facet normal -1.000000e+00  0.000000e+00  0.000000e+00
   outer loop
     vertex  1.900000e+01  1.424584e+01  3.457203e+01
     vertex  1.900000e+01  1.292328e+01  3.592799e+01
     vertex  1.900000e+01  1.360147e+01  3.526650e+01
   endloop
 endfacet
 facet normal -1.000000e+00  0.000000e+00  0.000000e+00
   outer loop
     vertex  1.900000e+01  1.424584e+01  3.457203e+01
     vertex  1.900000e+01  1.221296e+01  3.655484e+01
     vertex  1.900000e+01  1.292328e+01  3.592799e+01
   endloop
 endfacet
 facet normal -1.000000e+00  0.000000e+00  0.000000e+00
   outer loop
     vertex  1.900000e+01 -1.147228e+01  6.854482e+00
     vertex  1.900000e+01 -1.485480e+01  1.015369e+01
     vertex  1.900000e+01 -1.542682e+01  1.090887e+01
   endloop
 endfacet
 facet normal -1.000000e+00  0.000000e+00  0.000000e+00
   outer loop
     vertex  1.900000e+01 -1.147228e+01  6.854482e+00
     vertex  1.900000e+01 -1.424584e+01  9.427969e+00
     vertex  1.900000e+01 -1.485480e+01  1.015369e+01
   endloop
 endfacet
 facet normal -1.000000e+00  0.000000e+00  0.000000e+00
   outer loop
     vertex  1.900000e+01 -1.147228e+01  6.854482e+00
     vertex  1.900000e+01 -1.360147e+01  8.733500e+00
     vertex  1.900000e+01 -1.424584e+01  9.427969e+00
   endloop
 endfacet
 facet normal -1.000000e+00  0.000000e+00  0.000000e+00
   outer loop
     vertex  1.900000e+01 -1.147228e+01  6.854482e+00
     vertex  1.900000e+01 -1.292328e+01  8.072014e+00
     vertex  1.900000e+01 -1.360147e+01  8.733500e+00
   endloop
 endfacet
 facet normal -1.000000e+00  0.000000e+00  0.000000e+00
   outer loop
     vertex  1.900000e+01 -1.147228e+01  6.854482e+00
     vertex  1.900000e+01 -1.221296e+01  7.445156e+00
     vertex  1.900000e+01 -1.292328e+01  8.072014e+00
   endloop
 endfacet
 facet normal -1.000000e+00  0.000000e+00  0.000000e+00
   outer loop
     vertex  1.900000e+01  1.596049e+01  3.230838e+01
     vertex  1.900000e+01  1.485480e+01  3.384631e+01
     vertex  1.900000e+01  1.542682e+01  3.309113e+01
   endloop
 endfacet
 facet normal -1.000000e+00  0.000000e+00  0.000000e+00
   outer loop
     vertex  1.900000e+01  1.645448e+01  3.150000e+01
     vertex  1.900000e+01  1.485480e+01  3.384631e+01
     vertex  1.900000e+01  1.596049e+01  3.230838e+01
   endloop
 endfacet
 facet normal -1.000000e+00  0.000000e+00  0.000000e+00
   outer loop
     vertex  1.900000e+01  1.645448e+01  3.150000e+01
     vertex  1.900000e+01  1.424584e+01  3.457203e+01
     vertex  1.900000e+01  1.485480e+01  3.384631e+01
   endloop
 endfacet
 facet normal -1.000000e+00  0.000000e+00  0.000000e+00
   outer loop
     vertex  1.900000e+01 -9.086826e+00  5.313790e+00
     vertex  1.900000e+01 -1.070308e+01  6.301463e+00
     vertex  1.900000e+01 -1.147228e+01  6.854482e+00
   endloop
 endfacet
 facet normal -1.000000e+00  0.000000e+00  0.000000e+00
   outer loop
     vertex  1.900000e+01 -9.086826e+00  5.313790e+00
     vertex  1.900000e+01 -9.907269e+00  5.787473e+00
     vertex  1.900000e+01 -1.070308e+01  6.301463e+00
   endloop
 endfacet
 facet normal -1.000000e+00  0.000000e+00  0.000000e+00
   outer loop
     vertex  1.900000e+01 -9.086826e+00  5.313790e+00
     vertex  1.900000e+01 -1.542682e+01  1.090887e+01
     vertex  1.900000e+01 -1.894687e+01  2.341987e+01
   endloop
 endfacet
 facet normal -1.000000e+00  0.000000e+00  0.000000e+00
   outer loop
     vertex  1.900000e+01 -9.086826e+00  5.313790e+00
     vertex  1.900000e+01 -1.147228e+01  6.854482e+00
     vertex  1.900000e+01 -1.542682e+01  1.090887e+01
   endloop
 endfacet
 facet normal -1.000000e+00  0.000000e+00  0.000000e+00
   outer loop
     vertex  1.900000e+01 -9.086826e+00  5.313790e+00
     vertex  1.900000e+01 -1.894687e+01  2.341987e+01
     vertex  1.900000e+01 -1.360147e+01  3.526650e+01
   endloop
 endfacet
 facet normal -1.000000e+00  0.000000e+00  0.000000e+00
   outer loop
     vertex  1.900000e+01  1.731861e+01  2.981445e+01
     vertex  1.900000e+01  1.645448e+01  3.150000e+01
     vertex  1.900000e+01  1.690756e+01  3.066800e+01
   endloop
 endfacet
 facet normal -1.000000e+00  0.000000e+00  0.000000e+00
   outer loop
     vertex  1.900000e+01  1.731861e+01  2.981445e+01
     vertex  1.900000e+01  1.424584e+01  3.457203e+01
     vertex  1.900000e+01  1.645448e+01  3.150000e+01
   endloop
 endfacet
 facet normal -1.000000e+00  0.000000e+00  0.000000e+00
   outer loop
     vertex  1.900000e+01 -5.600348e+00  3.844117e+00
     vertex  1.900000e+01 -8.243791e+00  4.881592e+00
     vertex  1.900000e+01 -9.086826e+00  5.313790e+00
   endloop
 endfacet
 facet normal -1.000000e+00  0.000000e+00  0.000000e+00
   outer loop
     vertex  1.900000e+01 -5.600348e+00  3.844117e+00
     vertex  1.900000e+01 -7.380261e+00  4.491952e+00
     vertex  1.900000e+01 -8.243791e+00  4.881592e+00
   endloop
 endfacet
 facet normal -1.000000e+00  0.000000e+00  0.000000e+00
   outer loop
     vertex  1.900000e+01 -5.600348e+00  3.844117e+00
     vertex  1.900000e+01 -6.498383e+00  4.145840e+00
     vertex  1.900000e+01 -7.380261e+00  4.491952e+00
   endloop
 endfacet
 facet normal -1.000000e+00  0.000000e+00  0.000000e+00
   outer loop
     vertex  1.900000e+01  1.828986e+01  2.714597e+01
     vertex  1.900000e+01  1.768660e+01  2.894148e+01
     vertex  1.900000e+01  1.801062e+01  2.805125e+01
   endloop
 endfacet
 facet normal -1.000000e+00  0.000000e+00  0.000000e+00
   outer loop
     vertex  1.900000e+01  1.828986e+01  2.714597e+01
     vertex  1.900000e+01  1.731861e+01  2.981445e+01
     vertex  1.900000e+01  1.768660e+01  2.894148e+01
   endloop
 endfacet
 facet normal -1.000000e+00  0.000000e+00  0.000000e+00
   outer loop
     vertex  1.900000e+01 -4.688391e+00  3.587532e+00
     vertex  1.900000e+01 -5.600348e+00  3.844117e+00
     vertex  1.900000e+01 -9.086826e+00  5.313790e+00
   endloop
 endfacet
 facet normal -1.000000e+00  0.000000e+00  0.000000e+00
   outer loop
     vertex  1.900000e+01  1.852363e+01  2.622790e+01
     vertex  1.900000e+01  1.731861e+01  2.981445e+01
     vertex  1.900000e+01  1.828986e+01  2.714597e+01
   endloop
 endfacet
 facet normal -1.000000e+00  0.000000e+00  0.000000e+00
   outer loop
     vertex  1.900000e+01  1.885254e+01  2.436253e+01
     vertex  1.900000e+01  1.852363e+01  2.622790e+01
     vertex  1.900000e+01  1.871135e+01  2.529932e+01
   endloop
 endfacet
 facet normal -1.000000e+00  0.000000e+00  0.000000e+00
   outer loop
     vertex  1.900000e+01 -1.891789e+00  3.094415e+00
     vertex  1.900000e+01 -3.764777e+00  3.376723e+00
     vertex  1.900000e+01 -4.688391e+00  3.587532e+00
   endloop
 endfacet
 facet normal -1.000000e+00  0.000000e+00  0.000000e+00
   outer loop
     vertex  1.900000e+01 -1.891789e+00  3.094415e+00
     vertex  1.900000e+01 -2.831803e+00  3.212214e+00
     vertex  1.900000e+01 -3.764777e+00  3.376723e+00
   endloop
 endfacet
 facet normal -1.000000e+00  0.000000e+00  0.000000e+00
   outer loop
     vertex  1.900000e+01  1.899409e+01  2.247368e+01
     vertex  1.900000e+01  1.852363e+01  2.622790e+01
     vertex  1.900000e+01  1.885254e+01  2.436253e+01
   endloop
 endfacet
 facet normal -1.000000e+00  0.000000e+00  0.000000e+00
   outer loop
     vertex  1.900000e+01  1.899409e+01  2.247368e+01
     vertex  1.900000e+01  1.885254e+01  2.436253e+01
     vertex  1.900000e+01  1.894687e+01  2.341987e+01
   endloop
 endfacet
 facet normal -1.000000e+00  0.000000e+00  0.000000e+00
   outer loop
     vertex  1.900000e+01  1.899409e+01  2.247368e+01
     vertex  1.900000e+01  1.731861e+01  2.981445e+01
     vertex  1.900000e+01  1.852363e+01  2.622790e+01
   endloop
 endfacet
 facet normal -1.000000e+00  0.000000e+00  0.000000e+00
   outer loop
     vertex  1.900000e+01  1.899409e+01  2.152632e+01
     vertex  1.900000e+01  1.731861e+01  2.981445e+01
     vertex  1.900000e+01  1.899409e+01  2.247368e+01
   endloop
 endfacet
 facet normal -1.000000e+00  0.000000e+00  0.000000e+00
   outer loop
     vertex  1.900000e+01  1.899409e+01  2.152632e+01
     vertex  1.900000e+01  1.424584e+01  3.457203e+01
     vertex  1.900000e+01  1.731861e+01  2.981445e+01
   endloop
 endfacet
 facet normal -1.000000e+00 -0.000000e+00  0.000000e+00
   outer loop
     vertex  1.900000e+01  9.470718e-01  3.023618e+00
     vertex  1.900000e+01 -9.470718e-01  3.023618e+00
     vertex  1.900000e+01 -1.891789e+00  3.094415e+00
   endloop
 endfacet
 facet normal -1.000000e+00  0.000000e+00  0.000000e+00
   outer loop
     vertex  1.900000e+01  9.470718e-01  3.023618e+00
     vertex  1.900000e+01  0.000000e+00  3.000000e+00
     vertex  1.900000e+01 -9.470718e-01  3.023618e+00
   endloop
 endfacet
 facet normal -1.000000e+00  0.000000e+00  0.000000e+00
   outer loop
     vertex  1.900000e+01  1.871135e+01  1.870068e+01
     vertex  1.900000e+01  1.894687e+01  2.058013e+01
     vertex  1.900000e+01  1.885254e+01  1.963747e+01
   endloop
 endfacet
 facet normal -1.000000e+00  0.000000e+00  0.000000e+00
   outer loop
     vertex  1.900000e+01  3.764777e+00  3.376723e+00
     vertex  1.900000e+01  2.831803e+00  3.212214e+00
     vertex  1.900000e+01  1.891789e+00  3.094415e+00
   endloop
 endfacet
 facet normal -1.000000e+00  0.000000e+00  0.000000e+00
   outer loop
     vertex  1.900000e+01  1.852363e+01  1.777210e+01
     vertex  1.900000e+01  1.899409e+01  2.152632e+01
     vertex  1.900000e+01  1.894687e+01  2.058013e+01
   endloop
 endfacet
 facet normal -1.000000e+00  0.000000e+00  0.000000e+00
   outer loop
     vertex  1.900000e+01  1.852363e+01  1.777210e+01
     vertex  1.900000e+01  1.894687e+01  2.058013e+01
     vertex  1.900000e+01  1.871135e+01  1.870068e+01
   endloop
 endfacet
 facet normal -1.000000e+00  0.000000e+00  0.000000e+00
   outer loop
     vertex  1.900000e+01  4.688391e+00  3.587532e+00
     vertex  1.900000e+01  1.891789e+00  3.094415e+00
     vertex  1.900000e+01  9.470718e-01  3.023618e+00
   endloop
 endfacet
 facet normal -1.000000e+00  0.000000e+00  0.000000e+00
   outer loop
     vertex  1.900000e+01  4.688391e+00  3.587532e+00
     vertex  1.900000e+01  9.470718e-01  3.023618e+00
     vertex  1.900000e+01 -1.891789e+00  3.094415e+00
   endloop
 endfacet
 facet normal -1.000000e+00  0.000000e+00  0.000000e+00
   outer loop
     vertex  1.900000e+01  4.688391e+00  3.587532e+00
     vertex  1.900000e+01  3.764777e+00  3.376723e+00
     vertex  1.900000e+01  1.891789e+00  3.094415e+00
   endloop
 endfacet
 facet normal -1.000000e+00  0.000000e+00  0.000000e+00
   outer loop
     vertex  1.900000e+01  4.688391e+00  3.587532e+00
     vertex  1.900000e+01 -1.360147e+01  3.526650e+01
     vertex  1.900000e+01 -1.070308e+01  3.769854e+01
   endloop
 endfacet
 facet normal -1.000000e+00  0.000000e+00  0.000000e+00
   outer loop
     vertex  1.900000e+01  4.688391e+00  3.587532e+00
     vertex  1.900000e+01 -1.070308e+01  3.769854e+01
     vertex  1.900000e+01 -4.688391e+00  4.041247e+01
   endloop
 endfacet
 facet normal -1.000000e+00 -0.000000e+00  0.000000e+00
   outer loop
     vertex  1.900000e+01  4.688391e+00  3.587532e+00
     vertex  1.900000e+01 -4.688391e+00  3.587532e+00
     vertex  1.900000e+01 -9.086826e+00  5.313790e+00
   endloop
 endfacet
 facet normal -1.000000e+00  0.000000e+00  0.000000e+00
   outer loop
     vertex  1.900000e+01  4.688391e+00  3.587532e+00
     vertex  1.900000e+01 -9.086826e+00  5.313790e+00
     vertex  1.900000e+01 -1.360147e+01  3.526650e+01
   endloop
 endfacet
 facet normal -1.000000e+00  0.000000e+00  0.000000e+00
   outer loop
     vertex  1.900000e+01  4.688391e+00  3.587532e+00
     vertex  1.900000e+01 -1.891789e+00  3.094415e+00
     vertex  1.900000e+01 -4.688391e+00  3.587532e+00
   endloop
 endfacet
 facet normal -1.000000e+00  0.000000e+00  0.000000e+00
   outer loop
     vertex  1.900000e+01  1.828986e+01  1.685403e+01
     vertex  1.900000e+01  1.899409e+01  2.152632e+01
     vertex  1.900000e+01  1.852363e+01  1.777210e+01
   endloop
 endfacet
 facet normal -1.000000e+00  0.000000e+00  0.000000e+00
   outer loop
     vertex  1.900000e+01  5.600348e+00  3.844117e+00
     vertex  1.900000e+01 -4.688391e+00  4.041247e+01
     vertex  1.900000e+01  4.688391e+00  4.041247e+01
   endloop
 endfacet
 facet normal -1.000000e+00 -0.000000e+00  0.000000e+00
   outer loop
     vertex  1.900000e+01  5.600348e+00  3.844117e+00
     vertex  1.900000e+01  4.688391e+00  3.587532e+00
     vertex  1.900000e+01 -4.688391e+00  4.041247e+01
   endloop
 endfacet
 facet normal -1.000000e+00  0.000000e+00  0.000000e+00
   outer loop
     vertex  1.900000e+01  5.600348e+00  3.844117e+00
     vertex  1.900000e+01  4.688391e+00  4.041247e+01
     vertex  1.900000e+01  1.221296e+01  3.655484e+01
   endloop
 endfacet
 facet normal -1.000000e+00  0.000000e+00  0.000000e+00
   outer loop
     vertex  1.900000e+01  1.690756e+01  1.333200e+01
     vertex  1.900000e+01  1.768660e+01  1.505852e+01
     vertex  1.900000e+01  1.731861e+01  1.418555e+01
   endloop
 endfacet
 facet normal -1.000000e+00  0.000000e+00  0.000000e+00
   outer loop
     vertex  1.900000e+01  1.690756e+01  1.333200e+01
     vertex  1.900000e+01  1.801062e+01  1.594875e+01
     vertex  1.900000e+01  1.768660e+01  1.505852e+01
   endloop
 endfacet
 facet normal -1.000000e+00  0.000000e+00  0.000000e+00
   outer loop
     vertex  1.900000e+01  9.086826e+00  5.313790e+00
     vertex  1.900000e+01  6.498383e+00  4.145840e+00
     vertex  1.900000e+01  5.600348e+00  3.844117e+00
   endloop
 endfacet
 facet normal -1.000000e+00  0.000000e+00  0.000000e+00
   outer loop
     vertex  1.900000e+01  9.086826e+00  5.313790e+00
     vertex  1.900000e+01  7.380261e+00  4.491952e+00
     vertex  1.900000e+01  6.498383e+00  4.145840e+00
   endloop
 endfacet
 facet normal -1.000000e+00  0.000000e+00  0.000000e+00
   outer loop
     vertex  1.900000e+01  9.086826e+00  5.313790e+00
     vertex  1.900000e+01  8.243791e+00  4.881592e+00
     vertex  1.900000e+01  7.380261e+00  4.491952e+00
   endloop
 endfacet
 facet normal -1.000000e+00  0.000000e+00  0.000000e+00
   outer loop
     vertex  1.900000e+01  1.645448e+01  1.250000e+01
     vertex  1.900000e+01  1.424584e+01  3.457203e+01
     vertex  1.900000e+01  1.899409e+01  2.152632e+01
   endloop
 endfacet
 facet normal -1.000000e+00  0.000000e+00  0.000000e+00
   outer loop
     vertex  1.900000e+01  1.645448e+01  1.250000e+01
     vertex  1.900000e+01  1.899409e+01  2.152632e+01
     vertex  1.900000e+01  1.828986e+01  1.685403e+01
   endloop
 endfacet
 facet normal -1.000000e+00  0.000000e+00  0.000000e+00
   outer loop
     vertex  1.900000e+01  1.645448e+01  1.250000e+01
     vertex  1.900000e+01  1.828986e+01  1.685403e+01
     vertex  1.900000e+01  1.801062e+01  1.594875e+01
   endloop
 endfacet
 facet normal -1.000000e+00  0.000000e+00  0.000000e+00
   outer loop
     vertex  1.900000e+01  1.645448e+01  1.250000e+01
     vertex  1.900000e+01  1.801062e+01  1.594875e+01
     vertex  1.900000e+01  1.690756e+01  1.333200e+01
   endloop
 endfacet
 facet normal -1.000000e+00  0.000000e+00  0.000000e+00
   outer loop
     vertex  1.900000e+01  9.907269e+00  5.787473e+00
     vertex  1.900000e+01  9.086826e+00  5.313790e+00
     vertex  1.900000e+01  5.600348e+00  3.844117e+00
   endloop
 endfacet
 facet normal -1.000000e+00  0.000000e+00  0.000000e+00
   outer loop
     vertex  1.900000e+01  1.542682e+01  1.090887e+01
     vertex  1.900000e+01  1.645448e+01  1.250000e+01
     vertex  1.900000e+01  1.596049e+01  1.169162e+01
   endloop
 endfacet
 facet normal -1.000000e+00  0.000000e+00  0.000000e+00
   outer loop
     vertex  1.900000e+01  1.147228e+01  6.854482e+00
     vertex  1.900000e+01  1.070308e+01  6.301463e+00
     vertex  1.900000e+01  9.907269e+00  5.787473e+00
   endloop
 endfacet
 facet normal -1.000000e+00  0.000000e+00  0.000000e+00
   outer loop
     vertex  1.900000e+01  1.147228e+01  6.854482e+00
     vertex  1.900000e+01  9.907269e+00  5.787473e+00
     vertex  1.900000e+01  5.600348e+00  3.844117e+00
   endloop
 endfacet
 facet normal -1.000000e+00  0.000000e+00  0.000000e+00
   outer loop
     vertex  1.900000e+01  1.485480e+01  1.015369e+01
     vertex  1.900000e+01  1.424584e+01  3.457203e+01
     vertex  1.900000e+01  1.645448e+01  1.250000e+01
   endloop
 endfacet
 facet normal -1.000000e+00  0.000000e+00  0.000000e+00
   outer loop
     vertex  1.900000e+01  1.485480e+01  1.015369e+01
     vertex  1.900000e+01  1.645448e+01  1.250000e+01
     vertex  1.900000e+01  1.542682e+01  1.090887e+01
   endloop
 endfacet
 facet normal -1.000000e+00  0.000000e+00  0.000000e+00
   outer loop
     vertex  1.900000e+01  1.292328e+01  8.072014e+00
     vertex  1.900000e+01  1.221296e+01  7.445156e+00
     vertex  1.900000e+01  1.147228e+01  6.854482e+00
   endloop
 endfacet
 facet normal -1.000000e+00 -0.000000e+00  0.000000e+00
   outer loop
     vertex  1.900000e+01  1.292328e+01  8.072014e+00
     vertex  1.900000e+01  5.600348e+00  3.844117e+00
     vertex  1.900000e+01  1.221296e+01  3.655484e+01
   endloop
 endfacet
 facet normal -1.000000e+00  0.000000e+00  0.000000e+00
   outer loop
     vertex  1.900000e+01  1.292328e+01  8.072014e+00
     vertex  1.900000e+01  1.147228e+01  6.854482e+00
     vertex  1.900000e+01  5.600348e+00  3.844117e+00
   endloop
 endfacet
 facet normal -1.000000e+00  0.000000e+00  0.000000e+00
   outer loop
     vertex  1.900000e+01  1.292328e+01  8.072014e+00
     vertex  1.900000e+01  1.221296e+01  3.655484e+01
     vertex  1.900000e+01  1.424584e+01  3.457203e+01
   endloop
 endfacet
 facet normal -1.000000e+00  0.000000e+00  0.000000e+00
   outer loop
     vertex  1.900000e+01  1.360147e+01  8.733500e+00
     vertex  1.900000e+01  1.485480e+01  1.015369e+01
     vertex  1.900000e+01  1.424584e+01  9.427969e+00
   endloop
 endfacet
 facet normal -1.000000e+00  0.000000e+00  0.000000e+00
   outer loop
     vertex  1.900000e+01  1.360147e+01  8.733500e+00
     vertex  1.900000e+01  1.424584e+01  3.457203e+01
     vertex  1.900000e+01  1.485480e+01  1.015369e+01
   endloop
 endfacet
 facet normal -1.000000e+00 -0.000000e+00  0.000000e+00
   outer loop
     vertex  1.900000e+01  1.360147e+01  8.733500e+00
     vertex  1.900000e+01  1.292328e+01  8.072014e+00
     vertex  1.900000e+01  1.424584e+01  3.457203e+01
   endloop
 endfacet
 facet normal  1.000000e+00  0.000000e+00  0.000000e+00
   outer loop
     vertex  2.060000e+01 -1.221296e+01  3.655484e+01
     vertex  2.060000e+01 -1.292328e+01  3.592799e+01
     vertex  2.060000e+01 -1.360147e+01  3.526650e+01
   endloop
 endfacet
 facet normal  1.000000e+00  0.000000e+00  0.000000e+00
   outer loop
     vertex  2.060000e+01 -1.485480e+01  3.384631e+01
     vertex  2.060000e+01 -1.360147e+01  3.526650e+01
     vertex  2.060000e+01 -1.424584e+01  3.457203e+01
   endloop
 endfacet
 facet normal  1.000000e+00  0.000000e+00  0.000000e+00
   outer loop
     vertex  2.060000e+01 -1.147228e+01  3.714552e+01
     vertex  2.060000e+01 -1.221296e+01  3.655484e+01
     vertex  2.060000e+01 -1.360147e+01  3.526650e+01
   endloop
 endfacet
 facet normal  1.000000e+00  0.000000e+00  0.000000e+00
   outer loop
     vertex  2.060000e+01 -1.070308e+01  3.769854e+01
     vertex  2.060000e+01 -1.147228e+01  3.714552e+01
     vertex  2.060000e+01 -1.360147e+01  3.526650e+01
   endloop
 endfacet
 facet normal  1.000000e+00  0.000000e+00  0.000000e+00
   outer loop
     vertex  2.060000e+01 -1.596049e+01  3.230838e+01
     vertex  2.060000e+01 -1.485480e+01  3.384631e+01
     vertex  2.060000e+01 -1.542682e+01  3.309113e+01
   endloop
 endfacet
 facet normal  1.000000e+00  0.000000e+00  0.000000e+00
   outer loop
     vertex  2.060000e+01 -1.690756e+01  3.066800e+01
     vertex  2.060000e+01 -1.485480e+01  3.384631e+01
     vertex  2.060000e+01 -1.596049e+01  3.230838e+01
   endloop
 endfacet
 facet normal  1.000000e+00  0.000000e+00  0.000000e+00
   outer loop
     vertex  2.060000e+01 -1.690756e+01  3.066800e+01
     vertex  2.060000e+01 -1.596049e+01  3.230838e+01
     vertex  2.060000e+01 -1.645448e+01  3.150000e+01
   endloop
 endfacet
 facet normal  1.000000e+00  0.000000e+00  0.000000e+00
   outer loop
     vertex  2.060000e+01 -8.243791e+00  3.911841e+01
     vertex  2.060000e+01 -9.086826e+00  3.868621e+01
     vertex  2.060000e+01 -9.907269e+00  3.821253e+01
   endloop
 endfacet
 facet normal  1.000000e+00  0.000000e+00  0.000000e+00
   outer loop
     vertex  2.060000e+01 -7.380261e+00  3.950805e+01
     vertex  2.060000e+01 -8.243791e+00  3.911841e+01
     vertex  2.060000e+01 -9.907269e+00  3.821253e+01
   endloop
 endfacet
 facet normal  1.000000e+00  0.000000e+00  0.000000e+00
   outer loop
     vertex  2.060000e+01 -7.380261e+00  3.950805e+01
     vertex  2.060000e+01 -9.907269e+00  3.821253e+01
     vertex  2.060000e+01 -1.070308e+01  3.769854e+01
   endloop
 endfacet
 facet normal  1.000000e+00  0.000000e+00  0.000000e+00
   outer loop
     vertex  2.060000e+01 -1.768660e+01  2.894148e+01
     vertex  2.060000e+01 -1.485480e+01  3.384631e+01
     vertex  2.060000e+01 -1.690756e+01  3.066800e+01
   endloop
 endfacet
 facet normal  1.000000e+00  0.000000e+00  0.000000e+00
   outer loop
     vertex  2.060000e+01 -1.768660e+01  2.894148e+01
     vertex  2.060000e+01 -1.690756e+01  3.066800e+01
     vertex  2.060000e+01 -1.731861e+01  2.981445e+01
   endloop
 endfacet
 facet normal  1.000000e+00  0.000000e+00  0.000000e+00
   outer loop
     vertex  2.060000e+01 -1.828986e+01  2.714597e+01
     vertex  2.060000e+01 -1.768660e+01  2.894148e+01
     vertex  2.060000e+01 -1.801062e+01  2.805125e+01
   endloop
 endfacet
 facet normal  1.000000e+00  0.000000e+00  0.000000e+00
   outer loop
     vertex  2.060000e+01 -4.688391e+00  4.041247e+01
     vertex  2.060000e+01 -7.380261e+00  3.950805e+01
     vertex  2.060000e+01 -1.070308e+01  3.769854e+01
   endloop
 endfacet
 facet normal  1.000000e+00  0.000000e+00  0.000000e+00
   outer loop
     vertex  2.060000e+01 -4.688391e+00  4.041247e+01
     vertex  2.060000e+01 -5.600348e+00  4.015588e+01
     vertex  2.060000e+01 -6.498383e+00  3.985416e+01
   endloop
 endfacet
 facet normal  1.000000e+00  0.000000e+00  0.000000e+00
   outer loop
     vertex  2.060000e+01 -4.688391e+00  4.041247e+01
     vertex  2.060000e+01 -6.498383e+00  3.985416e+01
     vertex  2.060000e+01 -7.380261e+00  3.950805e+01
   endloop
 endfacet
 facet normal  1.000000e+00  0.000000e+00  0.000000e+00
   outer loop
     vertex  2.060000e+01 -1.852363e+01  2.622790e+01
     vertex  2.060000e+01 -1.768660e+01  2.894148e+01
     vertex  2.060000e+01 -1.828986e+01  2.714597e+01
   endloop
 endfacet
 facet normal  1.000000e+00  0.000000e+00  0.000000e+00
   outer loop
     vertex  2.060000e+01 -1.871135e+01  2.529932e+01
     vertex  2.060000e+01 -1.360147e+01  3.526650e+01
     vertex  2.060000e+01 -1.485480e+01  3.384631e+01
   endloop
 endfacet
 facet normal  1.000000e+00  0.000000e+00  0.000000e+00
   outer loop
     vertex  2.060000e+01 -1.871135e+01  2.529932e+01
     vertex  2.060000e+01 -1.485480e+01  3.384631e+01
     vertex  2.060000e+01 -1.768660e+01  2.894148e+01
   endloop
 endfacet
 facet normal  1.000000e+00  0.000000e+00  0.000000e+00
   outer loop
     vertex  2.060000e+01 -1.871135e+01  2.529932e+01
     vertex  2.060000e+01 -1.768660e+01  2.894148e+01
     vertex  2.060000e+01 -1.852363e+01  2.622790e+01
   endloop
 endfacet
 facet normal  1.000000e+00  0.000000e+00  0.000000e+00
   outer loop
     vertex  2.060000e+01 -2.831803e+00  4.078779e+01
     vertex  2.060000e+01 -3.764777e+00  4.062328e+01
     vertex  2.060000e+01 -4.688391e+00  4.041247e+01
   endloop
 endfacet
 facet normal  1.000000e+00  0.000000e+00  0.000000e+00
   outer loop
     vertex  2.060000e+01 -1.894687e+01  2.341987e+01
     vertex  2.060000e+01 -1.360147e+01  3.526650e+01
     vertex  2.060000e+01 -1.871135e+01  2.529932e+01
   endloop
 endfacet
 facet normal  1.000000e+00  0.000000e+00  0.000000e+00
   outer loop
     vertex  2.060000e+01 -1.894687e+01  2.341987e+01
     vertex  2.060000e+01 -1.871135e+01  2.529932e+01
     vertex  2.060000e+01 -1.885254e+01  2.436253e+01
   endloop
 endfacet
 facet normal  1.000000e+00  0.000000e+00  0.000000e+00
   outer loop
     vertex  2.060000e+01 -6.517473e-14  4.100000e+01
     vertex  2.060000e+01 -9.470718e-01  4.097638e+01
     vertex  2.060000e+01 -1.891789e+00  4.090558e+01
   endloop
 endfacet
 facet normal  1.000000e+00  0.000000e+00  0.000000e+00
   outer loop
     vertex  2.060000e+01 -6.517473e-14  4.100000e+01
     vertex  2.060000e+01 -1.891789e+00  4.090558e+01
     vertex  2.060000e+01 -2.831803e+00  4.078779e+01
   endloop
 endfacet
 facet normal  1.000000e+00  0.000000e+00 -0.000000e+00
   outer loop
     vertex  2.060000e+01 -1.899409e+01  2.152632e+01
     vertex  2.060000e+01 -1.894687e+01  2.341987e+01
     vertex  2.060000e+01 -1.899409e+01  2.247368e+01
   endloop
 endfacet
 facet normal  1.000000e+00  0.000000e+00  0.000000e+00
   outer loop
     vertex  2.060000e+01  1.891789e+00  4.090558e+01
     vertex  2.060000e+01  9.470718e-01  4.097638e+01
     vertex  2.060000e+01 -6.517473e-14  4.100000e+01
   endloop
 endfacet
 facet normal  1.000000e+00  0.000000e+00  0.000000e+00
   outer loop
     vertex  2.060000e+01  1.891789e+00  4.090558e+01
     vertex  2.060000e+01 -6.517473e-14  4.100000e+01
     vertex  2.060000e+01 -2.831803e+00  4.078779e+01
   endloop
 endfacet
 facet normal  1.000000e+00  0.000000e+00  0.000000e+00
   outer loop
     vertex  2.060000e+01  2.831803e+00  4.078779e+01
     vertex  2.060000e+01 -2.831803e+00  4.078779e+01
     vertex  2.060000e+01 -4.688391e+00  4.041247e+01
   endloop
 endfacet
 facet normal  1.000000e+00  0.000000e+00  0.000000e+00
   outer loop
     vertex  2.060000e+01  2.831803e+00  4.078779e+01
     vertex  2.060000e+01  1.891789e+00  4.090558e+01
     vertex  2.060000e+01 -2.831803e+00  4.078779e+01
   endloop
 endfacet
 facet normal  1.000000e+00  0.000000e+00  0.000000e+00
   outer loop
     vertex  2.060000e+01 -1.871135e+01  1.870068e+01
     vertex  2.060000e+01 -1.899409e+01  2.152632e+01
     vertex  2.060000e+01 -1.894687e+01  2.058013e+01
   endloop
 endfacet
 facet normal  1.000000e+00  0.000000e+00  0.000000e+00
   outer loop
     vertex  2.060000e+01 -1.871135e+01  1.870068e+01
     vertex  2.060000e+01 -1.894687e+01  2.058013e+01
     vertex  2.060000e+01 -1.885254e+01  1.963747e+01
   endloop
 endfacet
 facet normal  1.000000e+00  0.000000e+00  0.000000e+00
   outer loop
     vertex  2.060000e+01  4.688391e+00  4.041247e+01
     vertex  2.060000e+01  2.831803e+00  4.078779e+01
     vertex  2.060000e+01 -4.688391e+00  4.041247e+01
   endloop
 endfacet
 facet normal  1.000000e+00  0.000000e+00  0.000000e+00
   outer loop
     vertex  2.060000e+01  4.688391e+00  4.041247e+01
     vertex  2.060000e+01  3.764777e+00  4.062328e+01
     vertex  2.060000e+01  2.831803e+00  4.078779e+01
   endloop
 endfacet
 facet normal  1.000000e+00  0.000000e+00  0.000000e+00
   outer loop
     vertex  2.060000e+01 -1.828986e+01  1.685403e+01
     vertex  2.060000e+01 -1.899409e+01  2.152632e+01
     vertex  2.060000e+01 -1.871135e+01  1.870068e+01
   endloop
 endfacet
 facet normal  1.000000e+00  0.000000e+00  0.000000e+00
   outer loop
     vertex  2.060000e+01 -1.828986e+01  1.685403e+01
     vertex  2.060000e+01 -1.894687e+01  2.341987e+01
     vertex  2.060000e+01 -1.899409e+01  2.152632e+01
   endloop
 endfacet
 facet normal  1.000000e+00  0.000000e+00  0.000000e+00
   outer loop
     vertex  2.060000e+01 -1.828986e+01  1.685403e+01
     vertex  2.060000e+01 -1.871135e+01  1.870068e+01
     vertex  2.060000e+01 -1.852363e+01  1.777210e+01
   endloop
 endfacet
 facet normal  1.000000e+00  0.000000e+00  0.000000e+00
   outer loop
     vertex  2.060000e+01 -1.801062e+01  1.594875e+01
     vertex  2.060000e+01 -1.894687e+01  2.341987e+01
     vertex  2.060000e+01 -1.828986e+01  1.685403e+01
   endloop
 endfacet
 facet normal  1.000000e+00  0.000000e+00  0.000000e+00
   outer loop
     vertex  2.060000e+01  8.243791e+00  3.911841e+01
     vertex  2.060000e+01  7.380261e+00  3.950805e+01
     vertex  2.060000e+01  6.498383e+00  3.985416e+01
   endloop
 endfacet
 facet normal  1.000000e+00  0.000000e+00  0.000000e+00
   outer loop
     vertex  2.060000e+01  9.086826e+00  3.868621e+01
     vertex  2.060000e+01  8.243791e+00  3.911841e+01
     vertex  2.060000e+01  6.498383e+00  3.985416e+01
   endloop
 endfacet
 facet normal  1.000000e+00  0.000000e+00  0.000000e+00
   outer loop
     vertex  2.060000e+01 -1.596049e+01  1.169162e+01
     vertex  2.060000e+01 -1.801062e+01  1.594875e+01
     vertex  2.060000e+01 -1.768660e+01  1.505852e+01
   endloop
 endfacet
 facet normal  1.000000e+00  0.000000e+00  0.000000e+00
   outer loop
     vertex  2.060000e+01 -1.596049e+01  1.169162e+01
     vertex  2.060000e+01 -1.768660e+01  1.505852e+01
     vertex  2.060000e+01 -1.731861e+01  1.418555e+01
   endloop
 endfacet
 facet normal  1.000000e+00  0.000000e+00  0.000000e+00
   outer loop
     vertex  2.060000e+01 -1.596049e+01  1.169162e+01
     vertex  2.060000e+01 -1.731861e+01  1.418555e+01
     vertex  2.060000e+01 -1.690756e+01  1.333200e+01
   endloop
 endfacet
 facet normal  1.000000e+00  0.000000e+00  0.000000e+00
   outer loop
     vertex  2.060000e+01 -1.596049e+01  1.169162e+01
     vertex  2.060000e+01 -1.690756e+01  1.333200e+01
     vertex  2.060000e+01 -1.645448e+01  1.250000e+01
   endloop
 endfacet
 facet normal  1.000000e+00  0.000000e+00  0.000000e+00
   outer loop
     vertex  2.060000e+01 -1.596049e+01  1.169162e+01
     vertex  2.060000e+01 -1.894687e+01  2.341987e+01
     vertex  2.060000e+01 -1.801062e+01  1.594875e+01
   endloop
 endfacet
 facet normal  1.000000e+00  0.000000e+00  0.000000e+00
   outer loop
     vertex  2.060000e+01  1.070308e+01  3.769854e+01
     vertex  2.060000e+01  9.086826e+00  3.868621e+01
     vertex  2.060000e+01  6.498383e+00  3.985416e+01
   endloop
 endfacet
 facet normal  1.000000e+00  0.000000e+00  0.000000e+00
   outer loop
     vertex  2.060000e+01  1.070308e+01  3.769854e+01
     vertex  2.060000e+01  9.907269e+00  3.821253e+01
     vertex  2.060000e+01  9.086826e+00  3.868621e+01
   endloop
 endfacet
 facet normal  1.000000e+00  0.000000e+00  0.000000e+00
   outer loop
     vertex  2.060000e+01 -1.542682e+01  1.090887e+01
     vertex  2.060000e+01 -1.894687e+01  2.341987e+01
     vertex  2.060000e+01 -1.596049e+01  1.169162e+01
   endloop
 endfacet
 facet normal  1.000000e+00  0.000000e+00  0.000000e+00
   outer loop
     vertex  2.060000e+01  1.221296e+01  3.655484e+01
     vertex  2.060000e+01  1.070308e+01  3.769854e+01
     vertex  2.060000e+01  6.498383e+00  3.985416e+01
   endloop
 endfacet
 facet normal  1.000000e+00  0.000000e+00  0.000000e+00
   outer loop
     vertex  2.060000e+01  1.221296e+01  3.655484e+01
     vertex  2.060000e+01  1.147228e+01  3.714552e+01
     vertex  2.060000e+01  1.070308e+01  3.769854e+01
   endloop
 endfacet
 facet normal  1.000000e+00  0.000000e+00  0.000000e+00
   outer loop
     vertex  2.060000e+01  1.221296e+01  3.655484e+01
     vertex  2.060000e+01  6.498383e+00  3.985416e+01
     vertex  2.060000e+01  5.600348e+00  4.015588e+01
   endloop
 endfacet
 facet normal  1.000000e+00  0.000000e+00  0.000000e+00
   outer loop
     vertex  2.060000e+01  1.221296e+01  3.655484e+01
     vertex  2.060000e+01  5.600348e+00  4.015588e+01
     vertex  2.060000e+01  4.688391e+00  4.041247e+01
   endloop
 endfacet
 facet normal  1.000000e+00  0.000000e+00  0.000000e+00
   outer loop
     vertex  2.060000e+01  1.424584e+01  3.457203e+01
     vertex  2.060000e+01  1.360147e+01  3.526650e+01
     vertex  2.060000e+01  1.292328e+01  3.592799e+01
   endloop
 endfacet
 facet normal  1.000000e+00  0.000000e+00  0.000000e+00
   outer loop
     vertex  2.060000e+01  1.424584e+01  3.457203e+01
     vertex  2.060000e+01  1.292328e+01  3.592799e+01
     vertex  2.060000e+01  1.221296e+01  3.655484e+01
   endloop
 endfacet
 facet normal  1.000000e+00  0.000000e+00  0.000000e+00
   outer loop
     vertex  2.060000e+01 -1.147228e+01  6.854482e+00
     vertex  2.060000e+01 -1.542682e+01  1.090887e+01
     vertex  2.060000e+01 -1.485480e+01  1.015369e+01
   endloop
 endfacet
 facet normal  1.000000e+00  0.000000e+00  0.000000e+00
   outer loop
     vertex  2.060000e+01 -1.147228e+01  6.854482e+00
     vertex  2.060000e+01 -1.485480e+01  1.015369e+01
     vertex  2.060000e+01 -1.424584e+01  9.427969e+00
   endloop
 endfacet
 facet normal  1.000000e+00  0.000000e+00  0.000000e+00
   outer loop
     vertex  2.060000e+01 -1.147228e+01  6.854482e+00
     vertex  2.060000e+01 -1.424584e+01  9.427969e+00
     vertex  2.060000e+01 -1.360147e+01  8.733500e+00
   endloop
 endfacet
 facet normal  1.000000e+00  0.000000e+00  0.000000e+00
   outer loop
     vertex  2.060000e+01 -1.147228e+01  6.854482e+00
     vertex  2.060000e+01 -1.360147e+01  8.733500e+00
     vertex  2.060000e+01 -1.292328e+01  8.072014e+00
   endloop
 endfacet
 facet normal  1.000000e+00  0.000000e+00  0.000000e+00
   outer loop
     vertex  2.060000e+01 -1.147228e+01  6.854482e+00
     vertex  2.060000e+01 -1.292328e+01  8.072014e+00
     vertex  2.060000e+01 -1.221296e+01  7.445156e+00
   endloop
 endfacet
 facet normal  1.000000e+00  0.000000e+00  0.000000e+00
   outer loop
     vertex  2.060000e+01  1.596049e+01  3.230838e+01
     vertex  2.060000e+01  1.542682e+01  3.309113e+01
     vertex  2.060000e+01  1.485480e+01  3.384631e+01
   endloop
 endfacet
 facet normal  1.000000e+00  0.000000e+00  0.000000e+00
   outer loop
     vertex  2.060000e+01  1.645448e+01  3.150000e+01
     vertex  2.060000e+01  1.596049e+01  3.230838e+01
     vertex  2.060000e+01  1.485480e+01  3.384631e+01
   endloop
 endfacet
 facet normal  1.000000e+00  0.000000e+00  0.000000e+00
   outer loop
     vertex  2.060000e+01  1.645448e+01  3.150000e+01
     vertex  2.060000e+01  1.485480e+01  3.384631e+01
     vertex  2.060000e+01  1.424584e+01  3.457203e+01
   endloop
 endfacet
 facet normal  1.000000e+00  0.000000e+00  0.000000e+00
   outer loop
     vertex  2.060000e+01 -9.086826e+00  5.313790e+00
     vertex  2.060000e+01 -1.147228e+01  6.854482e+00
     vertex  2.060000e+01 -1.070308e+01  6.301463e+00
   endloop
 endfacet
 facet normal  1.000000e+00  0.000000e+00  0.000000e+00
   outer loop
     vertex  2.060000e+01 -9.086826e+00  5.313790e+00
     vertex  2.060000e+01 -1.070308e+01  6.301463e+00
     vertex  2.060000e+01 -9.907269e+00  5.787473e+00
   endloop
 endfacet
 facet normal  1.000000e+00  0.000000e+00  0.000000e+00
   outer loop
     vertex  2.060000e+01 -9.086826e+00  5.313790e+00
     vertex  2.060000e+01 -1.894687e+01  2.341987e+01
     vertex  2.060000e+01 -1.542682e+01  1.090887e+01
   endloop
 endfacet
 facet normal  1.000000e+00  0.000000e+00  0.000000e+00
   outer loop
     vertex  2.060000e+01 -9.086826e+00  5.313790e+00
     vertex  2.060000e+01 -1.542682e+01  1.090887e+01
     vertex  2.060000e+01 -1.147228e+01  6.854482e+00
   endloop
 endfacet
 facet normal  1.000000e+00  0.000000e+00  0.000000e+00
   outer loop
     vertex  2.060000e+01 -9.086826e+00  5.313790e+00
     vertex  2.060000e+01 -1.360147e+01  3.526650e+01
     vertex  2.060000e+01 -1.894687e+01  2.341987e+01
   endloop
 endfacet
 facet normal  1.000000e+00  0.000000e+00  0.000000e+00
   outer loop
     vertex  2.060000e+01  1.731861e+01  2.981445e+01
     vertex  2.060000e+01  1.690756e+01  3.066800e+01
     vertex  2.060000e+01  1.645448e+01  3.150000e+01
   endloop
 endfacet
 facet normal  1.000000e+00  0.000000e+00  0.000000e+00
   outer loop
     vertex  2.060000e+01  1.731861e+01  2.981445e+01
     vertex  2.060000e+01  1.645448e+01  3.150000e+01
     vertex  2.060000e+01  1.424584e+01  3.457203e+01
   endloop
 endfacet
 facet normal  1.000000e+00  0.000000e+00  0.000000e+00
   outer loop
     vertex  2.060000e+01 -5.600348e+00  3.844117e+00
     vertex  2.060000e+01 -9.086826e+00  5.313790e+00
     vertex  2.060000e+01 -8.243791e+00  4.881592e+00
   endloop
 endfacet
 facet normal  1.000000e+00  0.000000e+00  0.000000e+00
   outer loop
     vertex  2.060000e+01 -5.600348e+00  3.844117e+00
     vertex  2.060000e+01 -8.243791e+00  4.881592e+00
     vertex  2.060000e+01 -7.380261e+00  4.491952e+00
   endloop
 endfacet
 facet normal  1.000000e+00  0.000000e+00  0.000000e+00
   outer loop
     vertex  2.060000e+01 -5.600348e+00  3.844117e+00
     vertex  2.060000e+01 -7.380261e+00  4.491952e+00
     vertex  2.060000e+01 -6.498383e+00  4.145840e+00
   endloop
 endfacet
 facet normal  1.000000e+00  0.000000e+00  0.000000e+00
   outer loop
     vertex  2.060000e+01  1.828986e+01  2.714597e+01
     vertex  2.060000e+01  1.801062e+01  2.805125e+01
     vertex  2.060000e+01  1.768660e+01  2.894148e+01
   endloop
 endfacet
 facet normal  1.000000e+00  0.000000e+00  0.000000e+00
   outer loop
     vertex  2.060000e+01  1.828986e+01  2.714597e+01
     vertex  2.060000e+01  1.768660e+01  2.894148e+01
     vertex  2.060000e+01  1.731861e+01  2.981445e+01
   endloop
 endfacet
 facet normal  1.000000e+00  0.000000e+00  0.000000e+00
   outer loop
     vertex  2.060000e+01 -4.688391e+00  3.587532e+00
     vertex  2.060000e+01 -9.086826e+00  5.313790e+00
     vertex  2.060000e+01 -5.600348e+00  3.844117e+00
   endloop
 endfacet
 facet normal  1.000000e+00  0.000000e+00  0.000000e+00
   outer loop
     vertex  2.060000e+01  1.852363e+01  2.622790e+01
     vertex  2.060000e+01  1.828986e+01  2.714597e+01
     vertex  2.060000e+01  1.731861e+01  2.981445e+01
   endloop
 endfacet
 facet normal  1.000000e+00  0.000000e+00  0.000000e+00
   outer loop
     vertex  2.060000e+01  1.885254e+01  2.436253e+01
     vertex  2.060000e+01  1.871135e+01  2.529932e+01
     vertex  2.060000e+01  1.852363e+01  2.622790e+01
   endloop
 endfacet
 facet normal  1.000000e+00  0.000000e+00  0.000000e+00
   outer loop
     vertex  2.060000e+01 -1.891789e+00  3.094415e+00
     vertex  2.060000e+01 -4.688391e+00  3.587532e+00
     vertex  2.060000e+01 -3.764777e+00  3.376723e+00
   endloop
 endfacet
 facet normal  1.000000e+00  0.000000e+00  0.000000e+00
   outer loop
     vertex  2.060000e+01 -1.891789e+00  3.094415e+00
     vertex  2.060000e+01 -3.764777e+00  3.376723e+00
     vertex  2.060000e+01 -2.831803e+00  3.212214e+00
   endloop
 endfacet
 facet normal  1.000000e+00  0.000000e+00  0.000000e+00
   outer loop
     vertex  2.060000e+01  1.899409e+01  2.247368e+01
     vertex  2.060000e+01  1.885254e+01  2.436253e+01
     vertex  2.060000e+01  1.852363e+01  2.622790e+01
   endloop
 endfacet
 facet normal  1.000000e+00  0.000000e+00  0.000000e+00
   outer loop
     vertex  2.060000e+01  1.899409e+01  2.247368e+01
     vertex  2.060000e+01  1.894687e+01  2.341987e+01
     vertex  2.060000e+01  1.885254e+01  2.436253e+01
   endloop
 endfacet
 facet normal  1.000000e+00  0.000000e+00  0.000000e+00
   outer loop
     vertex  2.060000e+01  1.899409e+01  2.247368e+01
     vertex  2.060000e+01  1.852363e+01  2.622790e+01
     vertex  2.060000e+01  1.731861e+01  2.981445e+01
   endloop
 endfacet
 facet normal  1.000000e+00  0.000000e+00 -0.000000e+00
   outer loop
     vertex  2.060000e+01  1.899409e+01  2.152632e+01
     vertex  2.060000e+01  1.899409e+01  2.247368e+01
     vertex  2.060000e+01  1.731861e+01  2.981445e+01
   endloop
 endfacet
 facet normal  1.000000e+00  0.000000e+00  0.000000e+00
   outer loop
     vertex  2.060000e+01  1.899409e+01  2.152632e+01
     vertex  2.060000e+01  1.731861e+01  2.981445e+01
     vertex  2.060000e+01  1.424584e+01  3.457203e+01
   endloop
 endfacet
 facet normal  1.000000e+00  0.000000e+00  0.000000e+00
   outer loop
     vertex  2.060000e+01  9.470718e-01  3.023618e+00
     vertex  2.060000e+01 -1.891789e+00  3.094415e+00
     vertex  2.060000e+01 -9.470718e-01  3.023618e+00
   endloop
 endfacet
 facet normal  1.000000e+00  0.000000e+00  0.000000e+00
   outer loop
     vertex  2.060000e+01  9.470718e-01  3.023618e+00
     vertex  2.060000e+01 -9.470718e-01  3.023618e+00
     vertex  2.060000e+01  0.000000e+00  3.000000e+00
   endloop
 endfacet
 facet normal  1.000000e+00  0.000000e+00  0.000000e+00
   outer loop
     vertex  2.060000e+01  1.871135e+01  1.870068e+01
     vertex  2.060000e+01  1.885254e+01  1.963747e+01
     vertex  2.060000e+01  1.894687e+01  2.058013e+01
   endloop
 endfacet
 facet normal  1.000000e+00  0.000000e+00  0.000000e+00
   outer loop
     vertex  2.060000e+01  3.764777e+00  3.376723e+00
     vertex  2.060000e+01  1.891789e+00  3.094415e+00
     vertex  2.060000e+01  2.831803e+00  3.212214e+00
   endloop
 endfacet
 facet normal  1.000000e+00  0.000000e+00  0.000000e+00
   outer loop
     vertex  2.060000e+01  1.852363e+01  1.777210e+01
     vertex  2.060000e+01  1.894687e+01  2.058013e+01
     vertex  2.060000e+01  1.899409e+01  2.152632e+01
   endloop
 endfacet
 facet normal  1.000000e+00  0.000000e+00  0.000000e+00
   outer loop
     vertex  2.060000e+01  1.852363e+01  1.777210e+01
     vertex  2.060000e+01  1.871135e+01  1.870068e+01
     vertex  2.060000e+01  1.894687e+01  2.058013e+01
   endloop
 endfacet
 facet normal  1.000000e+00  0.000000e+00  0.000000e+00
   outer loop
     vertex  2.060000e+01  4.688391e+00  3.587532e+00
     vertex  2.060000e+01  9.470718e-01  3.023618e+00
     vertex  2.060000e+01  1.891789e+00  3.094415e+00
   endloop
 endfacet
 facet normal  1.000000e+00  0.000000e+00  0.000000e+00
   outer loop
     vertex  2.060000e+01  4.688391e+00  3.587532e+00
     vertex  2.060000e+01 -1.891789e+00  3.094415e+00
     vertex  2.060000e+01  9.470718e-01  3.023618e+00
   endloop
 endfacet
 facet normal  1.000000e+00  0.000000e+00  0.000000e+00
   outer loop
     vertex  2.060000e+01  4.688391e+00  3.587532e+00
     vertex  2.060000e+01  1.891789e+00  3.094415e+00
     vertex  2.060000e+01  3.764777e+00  3.376723e+00
   endloop
 endfacet
 facet normal  1.000000e+00  0.000000e+00  0.000000e+00
   outer loop
     vertex  2.060000e+01  4.688391e+00  3.587532e+00
     vertex  2.060000e+01 -1.070308e+01  3.769854e+01
     vertex  2.060000e+01 -1.360147e+01  3.526650e+01
   endloop
 endfacet
 facet normal  1.000000e+00  0.000000e+00  0.000000e+00
   outer loop
     vertex  2.060000e+01  4.688391e+00  3.587532e+00
     vertex  2.060000e+01 -4.688391e+00  4.041247e+01
     vertex  2.060000e+01 -1.070308e+01  3.769854e+01
   endloop
 endfacet
 facet normal  1.000000e+00  0.000000e+00  0.000000e+00
   outer loop
     vertex  2.060000e+01  4.688391e+00  3.587532e+00
     vertex  2.060000e+01 -9.086826e+00  5.313790e+00
     vertex  2.060000e+01 -4.688391e+00  3.587532e+00
   endloop
 endfacet
 facet normal  1.000000e+00  0.000000e+00  0.000000e+00
   outer loop
     vertex  2.060000e+01  4.688391e+00  3.587532e+00
     vertex  2.060000e+01 -1.360147e+01  3.526650e+01
     vertex  2.060000e+01 -9.086826e+00  5.313790e+00
   endloop
 endfacet
 facet normal  1.000000e+00  0.000000e+00  0.000000e+00
   outer loop
     vertex  2.060000e+01  4.688391e+00  3.587532e+00
     vertex  2.060000e+01 -4.688391e+00  3.587532e+00
     vertex  2.060000e+01 -1.891789e+00  3.094415e+00
   endloop
 endfacet
 facet normal  1.000000e+00  0.000000e+00  0.000000e+00
   outer loop
     vertex  2.060000e+01  1.828986e+01  1.685403e+01
     vertex  2.060000e+01  1.852363e+01  1.777210e+01
     vertex  2.060000e+01  1.899409e+01  2.152632e+01
   endloop
 endfacet
 facet normal  1.000000e+00  0.000000e+00  0.000000e+00
   outer loop
     vertex  2.060000e+01  5.600348e+00  3.844117e+00
     vertex  2.060000e+01  4.688391e+00  4.041247e+01
     vertex  2.060000e+01 -4.688391e+00  4.041247e+01
   endloop
 endfacet
 facet normal  1.000000e+00  0.000000e+00  0.000000e+00
   outer loop
     vertex  2.060000e+01  5.600348e+00  3.844117e+00
     vertex  2.060000e+01 -4.688391e+00  4.041247e+01
     vertex  2.060000e+01  4.688391e+00  3.587532e+00
   endloop
 endfacet
 facet normal  1.000000e+00  0.000000e+00 -0.000000e+00
   outer loop
     vertex  2.060000e+01  5.600348e+00  3.844117e+00
     vertex  2.060000e+01  1.221296e+01  3.655484e+01
     vertex  2.060000e+01  4.688391e+00  4.041247e+01
   endloop
 endfacet
 facet normal  1.000000e+00  0.000000e+00  0.000000e+00
   outer loop
     vertex  2.060000e+01  1.690756e+01  1.333200e+01
     vertex  2.060000e+01  1.731861e+01  1.418555e+01
     vertex  2.060000e+01  1.768660e+01  1.505852e+01
   endloop
 endfacet
 facet normal  1.000000e+00  0.000000e+00  0.000000e+00
   outer loop
     vertex  2.060000e+01  1.690756e+01  1.333200e+01
     vertex  2.060000e+01  1.768660e+01  1.505852e+01
     vertex  2.060000e+01  1.801062e+01  1.594875e+01
   endloop
 endfacet
 facet normal  1.000000e+00  0.000000e+00  0.000000e+00
   outer loop
     vertex  2.060000e+01  9.086826e+00  5.313790e+00
     vertex  2.060000e+01  5.600348e+00  3.844117e+00
     vertex  2.060000e+01  6.498383e+00  4.145840e+00
   endloop
 endfacet
 facet normal  1.000000e+00  0.000000e+00  0.000000e+00
   outer loop
     vertex  2.060000e+01  9.086826e+00  5.313790e+00
     vertex  2.060000e+01  6.498383e+00  4.145840e+00
     vertex  2.060000e+01  7.380261e+00  4.491952e+00
   endloop
 endfacet
 facet normal  1.000000e+00  0.000000e+00  0.000000e+00
   outer loop
     vertex  2.060000e+01  9.086826e+00  5.313790e+00
     vertex  2.060000e+01  7.380261e+00  4.491952e+00
     vertex  2.060000e+01  8.243791e+00  4.881592e+00
   endloop
 endfacet
 facet normal  1.000000e+00  0.000000e+00 -0.000000e+00
   outer loop
     vertex  2.060000e+01  1.645448e+01  1.250000e+01
     vertex  2.060000e+01  1.899409e+01  2.152632e+01
     vertex  2.060000e+01  1.424584e+01  3.457203e+01
   endloop
 endfacet
 facet normal  1.000000e+00  0.000000e+00  0.000000e+00
   outer loop
     vertex  2.060000e+01  1.645448e+01  1.250000e+01
     vertex  2.060000e+01  1.828986e+01  1.685403e+01
     vertex  2.060000e+01  1.899409e+01  2.152632e+01
   endloop
 endfacet
 facet normal  1.000000e+00  0.000000e+00  0.000000e+00
   outer loop
     vertex  2.060000e+01  1.645448e+01  1.250000e+01
     vertex  2.060000e+01  1.801062e+01  1.594875e+01
     vertex  2.060000e+01  1.828986e+01  1.685403e+01
   endloop
 endfacet
 facet normal  1.000000e+00  0.000000e+00  0.000000e+00
   outer loop
     vertex  2.060000e+01  1.645448e+01  1.250000e+01
     vertex  2.060000e+01  1.690756e+01  1.333200e+01
     vertex  2.060000e+01  1.801062e+01  1.594875e+01
   endloop
 endfacet
 facet normal  1.000000e+00  0.000000e+00  0.000000e+00
   outer loop
     vertex  2.060000e+01  9.907269e+00  5.787473e+00
     vertex  2.060000e+01  5.600348e+00  3.844117e+00
     vertex  2.060000e+01  9.086826e+00  5.313790e+00
   endloop
 endfacet
 facet normal  1.000000e+00  0.000000e+00  0.000000e+00
   outer loop
     vertex  2.060000e+01  1.542682e+01  1.090887e+01
     vertex  2.060000e+01  1.596049e+01  1.169162e+01
     vertex  2.060000e+01  1.645448e+01  1.250000e+01
   endloop
 endfacet
 facet normal  1.000000e+00  0.000000e+00  0.000000e+00
   outer loop
     vertex  2.060000e+01  1.147228e+01  6.854482e+00
     vertex  2.060000e+01  9.907269e+00  5.787473e+00
     vertex  2.060000e+01  1.070308e+01  6.301463e+00
   endloop
 endfacet
 facet normal  1.000000e+00  0.000000e+00  0.000000e+00
   outer loop
     vertex  2.060000e+01  1.147228e+01  6.854482e+00
     vertex  2.060000e+01  5.600348e+00  3.844117e+00
     vertex  2.060000e+01  9.907269e+00  5.787473e+00
   endloop
 endfacet
 facet normal  1.000000e+00  0.000000e+00 -0.000000e+00
   outer loop
     vertex  2.060000e+01  1.485480e+01  1.015369e+01
     vertex  2.060000e+01  1.645448e+01  1.250000e+01
     vertex  2.060000e+01  1.424584e+01  3.457203e+01
   endloop
 endfacet
 facet normal  1.000000e+00  0.000000e+00  0.000000e+00
   outer loop
     vertex  2.060000e+01  1.485480e+01  1.015369e+01
     vertex  2.060000e+01  1.542682e+01  1.090887e+01
     vertex  2.060000e+01  1.645448e+01  1.250000e+01
   endloop
 endfacet
 facet normal  1.000000e+00  0.000000e+00  0.000000e+00
   outer loop
     vertex  2.060000e+01  1.292328e+01  8.072014e+00
     vertex  2.060000e+01  1.147228e+01  6.854482e+00
     vertex  2.060000e+01  1.221296e+01  7.445156e+00
   endloop
 endfacet
 facet normal  1.000000e+00  0.000000e+00  0.000000e+00
   outer loop
     vertex  2.060000e+01  1.292328e+01  8.072014e+00
     vertex  2.060000e+01  1.221296e+01  3.655484e+01
     vertex  2.060000e+01  5.600348e+00  3.844117e+00
   endloop
 endfacet
 facet normal  1.000000e+00  0.000000e+00  0.000000e+00
   outer loop
     vertex  2.060000e+01  1.292328e+01  8.072014e+00
     vertex  2.060000e+01  5.600348e+00  3.844117e+00
     vertex  2.060000e+01  1.147228e+01  6.854482e+00
   endloop
 endfacet
 facet normal  1.000000e+00  0.000000e+00 -0.000000e+00
   outer loop
     vertex  2.060000e+01  1.292328e+01  8.072014e+00
     vertex  2.060000e+01  1.424584e+01  3.457203e+01
     vertex  2.060000e+01  1.221296e+01  3.655484e+01
   endloop
 endfacet
 facet normal  1.000000e+00  0.000000e+00  0.000000e+00
   outer loop
     vertex  2.060000e+01  1.360147e+01  8.733500e+00
     vertex  2.060000e+01  1.424584e+01  9.427969e+00
     vertex  2.060000e+01  1.485480e+01  1.015369e+01
   endloop
 endfacet
 facet normal  1.000000e+00  0.000000e+00  0.000000e+00
   outer loop
     vertex  2.060000e+01  1.360147e+01  8.733500e+00
     vertex  2.060000e+01  1.485480e+01  1.015369e+01
     vertex  2.060000e+01  1.424584e+01  3.457203e+01
   endloop
 endfacet
 facet normal  1.000000e+00  0.000000e+00 -0.000000e+00
   outer loop
     vertex  2.060000e+01  1.360147e+01  8.733500e+00
     vertex  2.060000e+01  1.424584e+01  3.457203e+01
     vertex  2.060000e+01  1.292328e+01  8.072014e+00
   endloop
 endfacet
endsolid
