solid 
 facet normal  8.660254e-01  5.000000e-01  0.000000e+00
   outer loop
     vertex  6.928203e+00  1.200000e+01  0.000000e+00
     vertex  1.385641e+01  0.000000e+00  2.000000e+01
     vertex  1.385641e+01  0.000000e+00  0.000000e+00
   endloop
 endfacet
 facet normal  8.660254e-01  5.000000e-01 -0.000000e+00
   outer loop
     vertex  6.928203e+00  1.200000e+01  0.000000e+00
     vertex  6.928203e+00  1.200000e+01  2.000000e+01
     vertex  1.385641e+01  0.000000e+00  2.000000e+01
   endloop
 endfacet
 facet normal  1.281975e-16  1.000000e+00  0.000000e+00
   outer loop
     vertex -6.928203e+00  1.200000e+01  0.000000e+00
     vertex  6.928203e+00  1.200000e+01  2.000000e+01
     vertex  6.928203e+00  1.200000e+01  0.000000e+00
   endloop
 endfacet
 facet normal  1.281975e-16  1.000000e+00 -0.000000e+00
   outer loop
     vertex -6.928203e+00  1.200000e+01  0.000000e+00
     vertex -6.928203e+00  1.200000e+01  2.000000e+01
     vertex  6.928203e+00  1.200000e+01  2.000000e+01
   endloop
 endfacet
 facet normal -8.660254e-01  5.000000e-01  0.000000e+00
   outer loop
     vertex -6.928203e+00  1.200000e+01  0.000000e+00
     vertex -1.385641e+01  1.696920e-15  2.000000e+01
     vertex -6.928203e+00  1.200000e+01  2.000000e+01
   endloop
 endfacet
 facet normal -8.660254e-01  5.000000e-01  0.000000e+00
   outer loop
     vertex -1.385641e+01  1.696920e-15  0.000000e+00
     vertex -1.385641e+01  1.696920e-15  2.000000e+01
     vertex -6.928203e+00  1.200000e+01  0.000000e+00
   endloop
 endfacet
 facet normal -8.660254e-01 -5.000000e-01  0.000000e+00
   outer loop
     vertex -6.928203e+00 -1.200000e+01  0.000000e+00
     vertex -1.385641e+01  1.696920e-15  2.000000e+01
     vertex -1.385641e+01  1.696920e-15  0.000000e+00
   endloop
 endfacet
 facet normal -8.660254e-01 -5.000000e-01  0.000000e+00
   outer loop
     vertex -6.928203e+00 -1.200000e+01  0.000000e+00
     vertex -6.928203e+00 -1.200000e+01  2.000000e+01
     vertex -1.385641e+01  1.696920e-15  2.000000e+01
   endloop
 endfacet
 facet normal -1.281975e-16 -1.000000e+00  0.000000e+00
   outer loop
     vertex  6.928203e+00 -1.200000e+01  0.000000e+00
     vertex -6.928203e+00 -1.200000e+01  2.000000e+01
     vertex -6.928203e+00 -1.200000e+01  0.000000e+00
   endloop
 endfacet
 facet normal -1.281975e-16 -1.000000e+00  0.000000e+00
   outer loop
     vertex  6.928203e+00 -1.200000e+01  0.000000e+00
     vertex  6.928203e+00 -1.200000e+01  2.000000e+01
     vertex -6.928203e+00 -1.200000e+01  2.000000e+01
   endloop
 endfacet
 facet normal  8.660254e-01 -5.000000e-01  0.000000e+00
   outer loop
     vertex  1.385641e+01  0.000000e+00  0.000000e+00
     vertex  6.928203e+00 -1.200000e+01  2.000000e+01
     vertex  6.928203e+00 -1.200000e+01  0.000000e+00
   endloop
 endfacet
 facet normal  8.660254e-01 -5.000000e-01  0.000000e+00
   outer loop
     vertex  1.385641e+01  0.000000e+00  0.000000e+00
     vertex  1.385641e+01  0.000000e+00  2.000000e+01
     vertex  6.928203e+00 -1.200000e+01  2.000000e+01
   endloop
 endfacet
 facet normal  0.000000e+00  0.000000e+00 -1.000000e+00
   outer loop
     vertex  6.928203e+00 -1.200000e+01  0.000000e+00
     vertex -6.928203e+00 -1.200000e+01  0.000000e+00
     vertex -1.385641e+01  1.696920e-15  0.000000e+00
   endloop
 endfacet
 facet normal  0.000000e+00  0.000000e+00 -1.000000e+00
   outer loop
     vertex  1.385641e+01  0.000000e+00  0.000000e+00
     vertex -1.385641e+01  1.696920e-15  0.000000e+00
     vertex -6.928203e+00  1.200000e+01  0.000000e+00
   endloop
 endfacet
 facet normal -0.000000e+00  0.000000e+00 -1.000000e+00
   outer loop
     vertex  1.385641e+01  0.000000e+00  0.000000e+00
     vertex  6.928203e+00 -1.200000e+01  0.000000e+00
     vertex -1.385641e+01  1.696920e-15  0.000000e+00
   endloop
 endfacet
 facet normal -0.000000e+00 -0.000000e+00 -1.000000e+00
   outer loop
     vertex  6.928203e+00  1.200000e+01  0.000000e+00
     vertex  1.385641e+01  0.000000e+00  0.000000e+00
     vertex -6.928203e+00  1.200000e+01  0.000000e+00
   endloop
 endfacet
 facet normal  0.000000e+00  0.000000e+00  1.000000e+00
   outer loop
     vertex  6.928203e+00 -1.200000e+01  2.000000e+01
     vertex -1.385641e+01  1.696920e-15  2.000000e+01
     vertex -6.928203e+00 -1.200000e+01  2.000000e+01
   endloop
 endfacet
 facet normal  0.000000e+00  0.000000e+00  1.000000e+00
   outer loop
     vertex  1.385641e+01  0.000000e+00  2.000000e+01
     vertex -6.928203e+00  1.200000e+01  2.000000e+01
     vertex -1.385641e+01  1.696920e-15  2.000000e+01
   endloop
 endfacet
 facet normal  0.000000e+00  0.000000e+00  1.000000e+00
   outer loop
     vertex  1.385641e+01  0.000000e+00  2.000000e+01
     vertex -1.385641e+01  1.696920e-15  2.000000e+01
     vertex  6.928203e+00 -1.200000e+01  2.000000e+01
   endloop
 endfacet
 facet normal  0.000000e+00  0.000000e+00  1.000000e+00
   outer loop
     vertex  6.928203e+00  1.200000e+01  2.000000e+01
     vertex -6.928203e+00  1.200000e+01  2.000000e+01
     vertex  1.385641e+01  0.000000e+00  2.000000e+01
   endloop
 endfacet
 facet normal  9.996892e-01  2.493069e-02  0.000000e+00
   outer loop
     vertex  1.333340e+01  6.654426e-01 -1.200000e+01
     vertex  1.335000e+01  0.000000e+00  0.000000e+00
     vertex  1.335000e+01  0.000000e+00 -1.200000e+01
   endloop
 endfacet
 facet normal  9.996892e-01  2.493069e-02 -0.000000e+00
   outer loop
     vertex  1.333340e+01  6.654426e-01 -1.200000e+01
     vertex  1.333340e+01  6.654426e-01  0.000000e+00
     vertex  1.335000e+01  0.000000e+00  0.000000e+00
   endloop
 endfacet
 facet normal  9.972038e-01  7.473009e-02 -0.000000e+00
   outer loop
     vertex  1.328366e+01  1.329231e+00 -1.200000e+01
     vertex  1.328366e+01  1.329231e+00  0.000000e+00
     vertex  1.333340e+01  6.654426e-01  0.000000e+00
   endloop
 endfacet
 facet normal  9.922392e-01  1.243437e-01 -0.000000e+00
   outer loop
     vertex  1.328366e+01  1.329231e+00 -1.200000e+01
     vertex  1.320089e+01  1.989714e+00  0.000000e+00
     vertex  1.328366e+01  1.329231e+00  0.000000e+00
   endloop
 endfacet
 facet normal  9.972038e-01  7.473009e-02  0.000000e+00
   outer loop
     vertex  1.328366e+01  1.329231e+00 -1.200000e+01
     vertex  1.333340e+01  6.654426e-01  0.000000e+00
     vertex  1.333340e+01  6.654426e-01 -1.200000e+01
   endloop
 endfacet
 facet normal  9.922392e-01  1.243437e-01 -0.000000e+00
   outer loop
     vertex  1.320089e+01  1.989714e+00 -1.200000e+01
     vertex  1.320089e+01  1.989714e+00  0.000000e+00
     vertex  1.328366e+01  1.329231e+00 -1.200000e+01
   endloop
 endfacet
 facet normal  9.848078e-01  1.736482e-01 -0.000000e+00
   outer loop
     vertex  1.308530e+01  2.645251e+00 -1.200000e+01
     vertex  1.308530e+01  2.645251e+00  0.000000e+00
     vertex  1.320089e+01  1.989714e+00  0.000000e+00
   endloop
 endfacet
 facet normal  9.749279e-01  2.225209e-01 -0.000000e+00
   outer loop
     vertex  1.308530e+01  2.645251e+00 -1.200000e+01
     vertex  1.293718e+01  3.294211e+00  0.000000e+00
     vertex  1.308530e+01  2.645251e+00  0.000000e+00
   endloop
 endfacet
 facet normal  9.848078e-01  1.736482e-01  0.000000e+00
   outer loop
     vertex  1.308530e+01  2.645251e+00 -1.200000e+01
     vertex  1.320089e+01  1.989714e+00  0.000000e+00
     vertex  1.320089e+01  1.989714e+00 -1.200000e+01
   endloop
 endfacet
 facet normal  9.626242e-01  2.708405e-01 -0.000000e+00
   outer loop
     vertex  1.293718e+01  3.294211e+00 -1.200000e+01
     vertex  1.275690e+01  3.934982e+00  0.000000e+00
     vertex  1.293718e+01  3.294211e+00  0.000000e+00
   endloop
 endfacet
 facet normal  9.749279e-01  2.225209e-01 -0.000000e+00
   outer loop
     vertex  1.293718e+01  3.294211e+00 -1.200000e+01
     vertex  1.293718e+01  3.294211e+00  0.000000e+00
     vertex  1.308530e+01  2.645251e+00 -1.200000e+01
   endloop
 endfacet
 facet normal  9.626242e-01  2.708405e-01 -0.000000e+00
   outer loop
     vertex  1.275690e+01  3.934982e+00 -1.200000e+01
     vertex  1.275690e+01  3.934982e+00  0.000000e+00
     vertex  1.293718e+01  3.294211e+00 -1.200000e+01
   endloop
 endfacet
 facet normal  9.479273e-01  3.184867e-01 -0.000000e+00
   outer loop
     vertex  1.254490e+01  4.565969e+00 -1.200000e+01
     vertex  1.254490e+01  4.565969e+00  0.000000e+00
     vertex  1.275690e+01  3.934982e+00  0.000000e+00
   endloop
 endfacet
 facet normal  9.479273e-01  3.184867e-01  0.000000e+00
   outer loop
     vertex  1.254490e+01  4.565969e+00 -1.200000e+01
     vertex  1.275690e+01  3.934982e+00  0.000000e+00
     vertex  1.275690e+01  3.934982e+00 -1.200000e+01
   endloop
 endfacet
 facet normal  9.308737e-01  3.653410e-01 -0.000000e+00
   outer loop
     vertex  1.230171e+01  5.185605e+00 -1.200000e+01
     vertex  1.230171e+01  5.185605e+00  0.000000e+00
     vertex  1.254490e+01  4.565969e+00  0.000000e+00
   endloop
 endfacet
 facet normal  9.115059e-01  4.112871e-01 -0.000000e+00
   outer loop
     vertex  1.230171e+01  5.185605e+00 -1.200000e+01
     vertex  1.202793e+01  5.792348e+00  0.000000e+00
     vertex  1.230171e+01  5.185605e+00  0.000000e+00
   endloop
 endfacet
 facet normal  9.308737e-01  3.653410e-01  0.000000e+00
   outer loop
     vertex  1.230171e+01  5.185605e+00 -1.200000e+01
     vertex  1.254490e+01  4.565969e+00  0.000000e+00
     vertex  1.254490e+01  4.565969e+00 -1.200000e+01
   endloop
 endfacet
 facet normal  9.115059e-01  4.112871e-01 -0.000000e+00
   outer loop
     vertex  1.202793e+01  5.792348e+00 -1.200000e+01
     vertex  1.202793e+01  5.792348e+00  0.000000e+00
     vertex  1.230171e+01  5.185605e+00 -1.200000e+01
   endloop
 endfacet
 facet normal  8.898718e-01  4.562107e-01 -0.000000e+00
   outer loop
     vertex  1.172426e+01  6.384691e+00 -1.200000e+01
     vertex  1.172426e+01  6.384691e+00  0.000000e+00
     vertex  1.202793e+01  5.792348e+00  0.000000e+00
   endloop
 endfacet
 facet normal  8.898718e-01  4.562107e-01  0.000000e+00
   outer loop
     vertex  1.172426e+01  6.384691e+00 -1.200000e+01
     vertex  1.202793e+01  5.792348e+00  0.000000e+00
     vertex  1.202793e+01  5.792348e+00 -1.200000e+01
   endloop
 endfacet
 facet normal  8.660254e-01  5.000000e-01  0.000000e+00
   outer loop
     vertex  1.139143e+01  6.961160e+00 -1.200000e+01
     vertex  1.172426e+01  6.384691e+00  0.000000e+00
     vertex  1.172426e+01  6.384691e+00 -1.200000e+01
   endloop
 endfacet
 facet normal  8.660254e-01  5.000000e-01 -0.000000e+00
   outer loop
     vertex  1.139143e+01  6.961160e+00 -1.200000e+01
     vertex  1.139143e+01  6.961160e+00  0.000000e+00
     vertex  1.172426e+01  6.384691e+00  0.000000e+00
   endloop
 endfacet
 facet normal  8.400259e-01  5.425463e-01  0.000000e+00
   outer loop
     vertex  1.103029e+01  7.520323e+00 -1.200000e+01
     vertex  1.139143e+01  6.961160e+00  0.000000e+00
     vertex  1.139143e+01  6.961160e+00 -1.200000e+01
   endloop
 endfacet
 facet normal  8.400259e-01  5.425463e-01 -0.000000e+00
   outer loop
     vertex  1.103029e+01  7.520323e+00 -1.200000e+01
     vertex  1.103029e+01  7.520323e+00  0.000000e+00
     vertex  1.139143e+01  6.961160e+00  0.000000e+00
   endloop
 endfacet
 facet normal  8.119380e-01  5.837437e-01  0.000000e+00
   outer loop
     vertex  1.064172e+01  8.060789e+00 -1.200000e+01
     vertex  1.103029e+01  7.520323e+00  0.000000e+00
     vertex  1.103029e+01  7.520323e+00 -1.200000e+01
   endloop
 endfacet
 facet normal  8.119380e-01  5.837437e-01 -0.000000e+00
   outer loop
     vertex  1.064172e+01  8.060789e+00 -1.200000e+01
     vertex  1.064172e+01  8.060789e+00  0.000000e+00
     vertex  1.103029e+01  7.520323e+00  0.000000e+00
   endloop
 endfacet
 facet normal  7.818315e-01  6.234898e-01  0.000000e+00
   outer loop
     vertex  1.022669e+01  8.581215e+00 -1.200000e+01
     vertex  1.064172e+01  8.060789e+00  0.000000e+00
     vertex  1.064172e+01  8.060789e+00 -1.200000e+01
   endloop
 endfacet
 facet normal  7.818315e-01  6.234898e-01 -0.000000e+00
   outer loop
     vertex  1.022669e+01  8.581215e+00 -1.200000e+01
     vertex  1.022669e+01  8.581215e+00  0.000000e+00
     vertex  1.064172e+01  8.060789e+00  0.000000e+00
   endloop
 endfacet
 facet normal  7.497812e-01  6.616858e-01 -0.000000e+00
   outer loop
     vertex  9.786242e+00  9.080306e+00 -1.200000e+01
     vertex  9.786242e+00  9.080306e+00  0.000000e+00
     vertex  1.022669e+01  8.581215e+00  0.000000e+00
   endloop
 endfacet
 facet normal  7.497812e-01  6.616858e-01  0.000000e+00
   outer loop
     vertex  9.786242e+00  9.080306e+00 -1.200000e+01
     vertex  1.022669e+01  8.581215e+00  0.000000e+00
     vertex  1.022669e+01  8.581215e+00 -1.200000e+01
   endloop
 endfacet
 facet normal  7.158668e-01  6.982368e-01 -0.000000e+00
   outer loop
     vertex  9.321462e+00  9.556822e+00 -1.200000e+01
     vertex  9.321462e+00  9.556822e+00  0.000000e+00
     vertex  9.786242e+00  9.080306e+00  0.000000e+00
   endloop
 endfacet
 facet normal  7.158668e-01  6.982368e-01  0.000000e+00
   outer loop
     vertex  9.321462e+00  9.556822e+00 -1.200000e+01
     vertex  9.786242e+00  9.080306e+00  0.000000e+00
     vertex  9.786242e+00  9.080306e+00 -1.200000e+01
   endloop
 endfacet
 facet normal  6.801727e-01  7.330519e-01 -0.000000e+00
   outer loop
     vertex  8.833506e+00  1.000958e+01 -1.200000e+01
     vertex  8.833506e+00  1.000958e+01  0.000000e+00
     vertex  9.321462e+00  9.556822e+00  0.000000e+00
   endloop
 endfacet
 facet normal  6.801727e-01  7.330519e-01  0.000000e+00
   outer loop
     vertex  8.833506e+00  1.000958e+01 -1.200000e+01
     vertex  9.321462e+00  9.556822e+00  0.000000e+00
     vertex  9.321462e+00  9.556822e+00 -1.200000e+01
   endloop
 endfacet
 facet normal  6.427876e-01  7.660444e-01 -0.000000e+00
   outer loop
     vertex  8.323589e+00  1.043745e+01 -1.200000e+01
     vertex  8.323589e+00  1.043745e+01  0.000000e+00
     vertex  8.833506e+00  1.000958e+01  0.000000e+00
   endloop
 endfacet
 facet normal  6.427876e-01  7.660444e-01  0.000000e+00
   outer loop
     vertex  8.323589e+00  1.043745e+01 -1.200000e+01
     vertex  8.833506e+00  1.000958e+01  0.000000e+00
     vertex  8.833506e+00  1.000958e+01 -1.200000e+01
   endloop
 endfacet
 facet normal  6.038044e-01  7.971325e-01 -0.000000e+00
   outer loop
     vertex  7.792978e+00  1.083937e+01 -1.200000e+01
     vertex  7.792978e+00  1.083937e+01  0.000000e+00
     vertex  8.323589e+00  1.043745e+01  0.000000e+00
   endloop
 endfacet
 facet normal  6.038044e-01  7.971325e-01  0.000000e+00
   outer loop
     vertex  7.792978e+00  1.083937e+01 -1.200000e+01
     vertex  8.323589e+00  1.043745e+01  0.000000e+00
     vertex  8.323589e+00  1.043745e+01 -1.200000e+01
   endloop
 endfacet
 facet normal  5.633201e-01  8.262388e-01 -0.000000e+00
   outer loop
     vertex  7.242993e+00  1.121435e+01 -1.200000e+01
     vertex  7.242993e+00  1.121435e+01  0.000000e+00
     vertex  7.792978e+00  1.083937e+01  0.000000e+00
   endloop
 endfacet
 facet normal  5.214352e-01  8.532909e-01 -0.000000e+00
   outer loop
     vertex  7.242993e+00  1.121435e+01 -1.200000e+01
     vertex  6.675000e+00  1.156144e+01  0.000000e+00
     vertex  7.242993e+00  1.121435e+01  0.000000e+00
   endloop
 endfacet
 facet normal  5.633201e-01  8.262388e-01  0.000000e+00
   outer loop
     vertex  7.242993e+00  1.121435e+01 -1.200000e+01
     vertex  7.792978e+00  1.083937e+01  0.000000e+00
     vertex  7.792978e+00  1.083937e+01 -1.200000e+01
   endloop
 endfacet
 facet normal  5.214352e-01  8.532909e-01 -0.000000e+00
   outer loop
     vertex  6.675000e+00  1.156144e+01 -1.200000e+01
     vertex  6.675000e+00  1.156144e+01  0.000000e+00
     vertex  7.242993e+00  1.121435e+01 -1.200000e+01
   endloop
 endfacet
 facet normal  4.782540e-01  8.782216e-01 -0.000000e+00
   outer loop
     vertex  6.090412e+00  1.187979e+01 -1.200000e+01
     vertex  6.090412e+00  1.187979e+01  0.000000e+00
     vertex  6.675000e+00  1.156144e+01  0.000000e+00
   endloop
 endfacet
 facet normal  4.338837e-01  9.009689e-01 -0.000000e+00
   outer loop
     vertex  6.090412e+00  1.187979e+01 -1.200000e+01
     vertex  5.490683e+00  1.216860e+01  0.000000e+00
     vertex  6.090412e+00  1.187979e+01  0.000000e+00
   endloop
 endfacet
 facet normal  4.782540e-01  8.782216e-01  0.000000e+00
   outer loop
     vertex  6.090412e+00  1.187979e+01 -1.200000e+01
     vertex  6.675000e+00  1.156144e+01  0.000000e+00
     vertex  6.675000e+00  1.156144e+01 -1.200000e+01
   endloop
 endfacet
 facet normal  4.338837e-01  9.009689e-01 -0.000000e+00
   outer loop
     vertex  5.490683e+00  1.216860e+01 -1.200000e+01
     vertex  5.490683e+00  1.216860e+01  0.000000e+00
     vertex  6.090412e+00  1.187979e+01 -1.200000e+01
   endloop
 endfacet
 facet normal  3.884348e-01  9.214762e-01 -0.000000e+00
   outer loop
     vertex  4.877303e+00  1.242716e+01 -1.200000e+01
     vertex  4.877303e+00  1.242716e+01  0.000000e+00
     vertex  5.490683e+00  1.216860e+01  0.000000e+00
   endloop
 endfacet
 facet normal  3.420201e-01  9.396926e-01 -0.000000e+00
   outer loop
     vertex  4.877303e+00  1.242716e+01 -1.200000e+01
     vertex  4.251797e+00  1.265483e+01  0.000000e+00
     vertex  4.877303e+00  1.242716e+01  0.000000e+00
   endloop
 endfacet
 facet normal  3.884348e-01  9.214762e-01  0.000000e+00
   outer loop
     vertex  4.877303e+00  1.242716e+01 -1.200000e+01
     vertex  5.490683e+00  1.216860e+01  0.000000e+00
     vertex  5.490683e+00  1.216860e+01 -1.200000e+01
   endloop
 endfacet
 facet normal  3.420201e-01  9.396926e-01 -0.000000e+00
   outer loop
     vertex  4.251797e+00  1.265483e+01 -1.200000e+01
     vertex  4.251797e+00  1.265483e+01  0.000000e+00
     vertex  4.877303e+00  1.242716e+01 -1.200000e+01
   endloop
 endfacet
 facet normal  2.947552e-01  9.555728e-01 -0.000000e+00
   outer loop
     vertex  3.615720e+00  1.285103e+01 -1.200000e+01
     vertex  3.615720e+00  1.285103e+01  0.000000e+00
     vertex  4.251797e+00  1.265483e+01  0.000000e+00
   endloop
 endfacet
 facet normal  2.947552e-01  9.555728e-01  0.000000e+00
   outer loop
     vertex  3.615720e+00  1.285103e+01 -1.200000e+01
     vertex  4.251797e+00  1.265483e+01  0.000000e+00
     vertex  4.251797e+00  1.265483e+01 -1.200000e+01
   endloop
 endfacet
 facet normal  2.467574e-01  9.690773e-01 -0.000000e+00
   outer loop
     vertex  2.970654e+00  1.301529e+01 -1.200000e+01
     vertex  2.970654e+00  1.301529e+01  0.000000e+00
     vertex  3.615720e+00  1.285103e+01  0.000000e+00
   endloop
 endfacet
 facet normal  1.981461e-01  9.801725e-01 -0.000000e+00
   outer loop
     vertex  2.970654e+00  1.301529e+01 -1.200000e+01
     vertex  2.318203e+00  1.314718e+01  0.000000e+00
     vertex  2.970654e+00  1.301529e+01  0.000000e+00
   endloop
 endfacet
 facet normal  2.467574e-01  9.690773e-01  0.000000e+00
   outer loop
     vertex  2.970654e+00  1.301529e+01 -1.200000e+01
     vertex  3.615720e+00  1.285103e+01  0.000000e+00
     vertex  3.615720e+00  1.285103e+01 -1.200000e+01
   endloop
 endfacet
 facet normal  1.490423e-01  9.888308e-01 -0.000000e+00
   outer loop
     vertex  2.318203e+00  1.314718e+01 -1.200000e+01
     vertex  1.659988e+00  1.324639e+01  0.000000e+00
     vertex  2.318203e+00  1.314718e+01  0.000000e+00
   endloop
 endfacet
 facet normal  1.981461e-01  9.801725e-01 -0.000000e+00
   outer loop
     vertex  2.318203e+00  1.314718e+01 -1.200000e+01
     vertex  2.318203e+00  1.314718e+01  0.000000e+00
     vertex  2.970654e+00  1.301529e+01 -1.200000e+01
   endloop
 endfacet
 facet normal  1.490423e-01  9.888308e-01 -0.000000e+00
   outer loop
     vertex  1.659988e+00  1.324639e+01 -1.200000e+01
     vertex  1.659988e+00  1.324639e+01  0.000000e+00
     vertex  2.318203e+00  1.314718e+01 -1.200000e+01
   endloop
 endfacet
 facet normal  9.956785e-02  9.950308e-01 -0.000000e+00
   outer loop
     vertex  9.976467e-01  1.331267e+01 -1.200000e+01
     vertex  9.976467e-01  1.331267e+01  0.000000e+00
     vertex  1.659988e+00  1.324639e+01  0.000000e+00
   endloop
 endfacet
 facet normal  4.984589e-02  9.987569e-01 -0.000000e+00
   outer loop
     vertex  9.976467e-01  1.331267e+01 -1.200000e+01
     vertex  3.328247e-01  1.334585e+01  0.000000e+00
     vertex  9.976467e-01  1.331267e+01  0.000000e+00
   endloop
 endfacet
 facet normal  9.956785e-02  9.950308e-01  0.000000e+00
   outer loop
     vertex  9.976467e-01  1.331267e+01 -1.200000e+01
     vertex  1.659988e+00  1.324639e+01  0.000000e+00
     vertex  1.659988e+00  1.324639e+01 -1.200000e+01
   endloop
 endfacet
 facet normal  4.984589e-02  9.987569e-01 -0.000000e+00
   outer loop
     vertex  3.328247e-01  1.334585e+01 -1.200000e+01
     vertex  3.328247e-01  1.334585e+01  0.000000e+00
     vertex  9.976467e-01  1.331267e+01 -1.200000e+01
   endloop
 endfacet
 facet normal  0.000000e+00  1.000000e+00  0.000000e+00
   outer loop
     vertex -3.328247e-01  1.334585e+01 -1.200000e+01
     vertex -3.328247e-01  1.334585e+01  0.000000e+00
     vertex  3.328247e-01  1.334585e+01  0.000000e+00
   endloop
 endfacet
 facet normal -4.984589e-02  9.987569e-01  0.000000e+00
   outer loop
     vertex -3.328247e-01  1.334585e+01 -1.200000e+01
     vertex -9.976467e-01  1.331267e+01  0.000000e+00
     vertex -3.328247e-01  1.334585e+01  0.000000e+00
   endloop
 endfacet
 facet normal  0.000000e+00  1.000000e+00  0.000000e+00
   outer loop
     vertex -3.328247e-01  1.334585e+01 -1.200000e+01
     vertex  3.328247e-01  1.334585e+01  0.000000e+00
     vertex  3.328247e-01  1.334585e+01 -1.200000e+01
   endloop
 endfacet
 facet normal -4.984589e-02  9.987569e-01  0.000000e+00
   outer loop
     vertex -9.976467e-01  1.331267e+01 -1.200000e+01
     vertex -9.976467e-01  1.331267e+01  0.000000e+00
     vertex -3.328247e-01  1.334585e+01 -1.200000e+01
   endloop
 endfacet
 facet normal -9.956785e-02  9.950308e-01  0.000000e+00
   outer loop
     vertex -1.659988e+00  1.324639e+01 -1.200000e+01
     vertex -1.659988e+00  1.324639e+01  0.000000e+00
     vertex -9.976467e-01  1.331267e+01  0.000000e+00
   endloop
 endfacet
 facet normal -1.490423e-01  9.888308e-01  0.000000e+00
   outer loop
     vertex -1.659988e+00  1.324639e+01 -1.200000e+01
     vertex -2.318203e+00  1.314718e+01  0.000000e+00
     vertex -1.659988e+00  1.324639e+01  0.000000e+00
   endloop
 endfacet
 facet normal -9.956785e-02  9.950308e-01  0.000000e+00
   outer loop
     vertex -1.659988e+00  1.324639e+01 -1.200000e+01
     vertex -9.976467e-01  1.331267e+01  0.000000e+00
     vertex -9.976467e-01  1.331267e+01 -1.200000e+01
   endloop
 endfacet
 facet normal -1.490423e-01  9.888308e-01  0.000000e+00
   outer loop
     vertex -2.318203e+00  1.314718e+01 -1.200000e+01
     vertex -2.318203e+00  1.314718e+01  0.000000e+00
     vertex -1.659988e+00  1.324639e+01 -1.200000e+01
   endloop
 endfacet
 facet normal -1.981461e-01  9.801725e-01  0.000000e+00
   outer loop
     vertex -2.970654e+00  1.301529e+01 -1.200000e+01
     vertex -2.318203e+00  1.314718e+01  0.000000e+00
     vertex -2.318203e+00  1.314718e+01 -1.200000e+01
   endloop
 endfacet
 facet normal -1.981461e-01  9.801725e-01  0.000000e+00
   outer loop
     vertex -2.970654e+00  1.301529e+01 -1.200000e+01
     vertex -2.970654e+00  1.301529e+01  0.000000e+00
     vertex -2.318203e+00  1.314718e+01  0.000000e+00
   endloop
 endfacet
 facet normal -2.467574e-01  9.690773e-01  0.000000e+00
   outer loop
     vertex -3.615720e+00  1.285103e+01 -1.200000e+01
     vertex -3.615720e+00  1.285103e+01  0.000000e+00
     vertex -2.970654e+00  1.301529e+01  0.000000e+00
   endloop
 endfacet
 facet normal -2.467574e-01  9.690773e-01  0.000000e+00
   outer loop
     vertex -3.615720e+00  1.285103e+01 -1.200000e+01
     vertex -2.970654e+00  1.301529e+01  0.000000e+00
     vertex -2.970654e+00  1.301529e+01 -1.200000e+01
   endloop
 endfacet
 facet normal -2.947552e-01  9.555728e-01  0.000000e+00
   outer loop
     vertex -4.251797e+00  1.265483e+01 -1.200000e+01
     vertex -3.615720e+00  1.285103e+01  0.000000e+00
     vertex -3.615720e+00  1.285103e+01 -1.200000e+01
   endloop
 endfacet
 facet normal -2.947552e-01  9.555728e-01  0.000000e+00
   outer loop
     vertex -4.251797e+00  1.265483e+01 -1.200000e+01
     vertex -4.251797e+00  1.265483e+01  0.000000e+00
     vertex -3.615720e+00  1.285103e+01  0.000000e+00
   endloop
 endfacet
 facet normal -3.420201e-01  9.396926e-01  0.000000e+00
   outer loop
     vertex -4.877303e+00  1.242716e+01 -1.200000e+01
     vertex -4.251797e+00  1.265483e+01  0.000000e+00
     vertex -4.251797e+00  1.265483e+01 -1.200000e+01
   endloop
 endfacet
 facet normal -3.420201e-01  9.396926e-01  0.000000e+00
   outer loop
     vertex -4.877303e+00  1.242716e+01 -1.200000e+01
     vertex -4.877303e+00  1.242716e+01  0.000000e+00
     vertex -4.251797e+00  1.265483e+01  0.000000e+00
   endloop
 endfacet
 facet normal -3.884348e-01  9.214762e-01  0.000000e+00
   outer loop
     vertex -5.490683e+00  1.216860e+01 -1.200000e+01
     vertex -4.877303e+00  1.242716e+01  0.000000e+00
     vertex -4.877303e+00  1.242716e+01 -1.200000e+01
   endloop
 endfacet
 facet normal -3.884348e-01  9.214762e-01  0.000000e+00
   outer loop
     vertex -5.490683e+00  1.216860e+01 -1.200000e+01
     vertex -5.490683e+00  1.216860e+01  0.000000e+00
     vertex -4.877303e+00  1.242716e+01  0.000000e+00
   endloop
 endfacet
 facet normal -4.338837e-01  9.009689e-01  0.000000e+00
   outer loop
     vertex -5.490683e+00  1.216860e+01 -1.200000e+01
     vertex -6.090412e+00  1.187979e+01  0.000000e+00
     vertex -5.490683e+00  1.216860e+01  0.000000e+00
   endloop
 endfacet
 facet normal -4.338837e-01  9.009689e-01  0.000000e+00
   outer loop
     vertex -6.090412e+00  1.187979e+01 -1.200000e+01
     vertex -6.090412e+00  1.187979e+01  0.000000e+00
     vertex -5.490683e+00  1.216860e+01 -1.200000e+01
   endloop
 endfacet
 facet normal -4.782540e-01  8.782216e-01  0.000000e+00
   outer loop
     vertex -6.675000e+00  1.156144e+01 -1.200000e+01
     vertex -6.090412e+00  1.187979e+01  0.000000e+00
     vertex -6.090412e+00  1.187979e+01 -1.200000e+01
   endloop
 endfacet
 facet normal -4.782540e-01  8.782216e-01  0.000000e+00
   outer loop
     vertex -6.675000e+00  1.156144e+01 -1.200000e+01
     vertex -6.675000e+00  1.156144e+01  0.000000e+00
     vertex -6.090412e+00  1.187979e+01  0.000000e+00
   endloop
 endfacet
 facet normal -5.214352e-01  8.532909e-01  0.000000e+00
   outer loop
     vertex -7.242993e+00  1.121435e+01 -1.200000e+01
     vertex -6.675000e+00  1.156144e+01  0.000000e+00
     vertex -6.675000e+00  1.156144e+01 -1.200000e+01
   endloop
 endfacet
 facet normal -5.214352e-01  8.532909e-01  0.000000e+00
   outer loop
     vertex -7.242993e+00  1.121435e+01 -1.200000e+01
     vertex -7.242993e+00  1.121435e+01  0.000000e+00
     vertex -6.675000e+00  1.156144e+01  0.000000e+00
   endloop
 endfacet
 facet normal -5.633201e-01  8.262388e-01  0.000000e+00
   outer loop
     vertex -7.792978e+00  1.083937e+01 -1.200000e+01
     vertex -7.242993e+00  1.121435e+01  0.000000e+00
     vertex -7.242993e+00  1.121435e+01 -1.200000e+01
   endloop
 endfacet
 facet normal -5.633201e-01  8.262388e-01  0.000000e+00
   outer loop
     vertex -7.792978e+00  1.083937e+01 -1.200000e+01
     vertex -7.792978e+00  1.083937e+01  0.000000e+00
     vertex -7.242993e+00  1.121435e+01  0.000000e+00
   endloop
 endfacet
 facet normal -6.038044e-01  7.971325e-01  0.000000e+00
   outer loop
     vertex -8.323589e+00  1.043745e+01 -1.200000e+01
     vertex -7.792978e+00  1.083937e+01  0.000000e+00
     vertex -7.792978e+00  1.083937e+01 -1.200000e+01
   endloop
 endfacet
 facet normal -6.038044e-01  7.971325e-01  0.000000e+00
   outer loop
     vertex -8.323589e+00  1.043745e+01 -1.200000e+01
     vertex -8.323589e+00  1.043745e+01  0.000000e+00
     vertex -7.792978e+00  1.083937e+01  0.000000e+00
   endloop
 endfacet
 facet normal -6.427876e-01  7.660444e-01  0.000000e+00
   outer loop
     vertex -8.833506e+00  1.000958e+01 -1.200000e+01
     vertex -8.323589e+00  1.043745e+01  0.000000e+00
     vertex -8.323589e+00  1.043745e+01 -1.200000e+01
   endloop
 endfacet
 facet normal -6.427876e-01  7.660444e-01  0.000000e+00
   outer loop
     vertex -8.833506e+00  1.000958e+01 -1.200000e+01
     vertex -8.833506e+00  1.000958e+01  0.000000e+00
     vertex -8.323589e+00  1.043745e+01  0.000000e+00
   endloop
 endfacet
 facet normal -6.801727e-01  7.330519e-01  0.000000e+00
   outer loop
     vertex -9.321462e+00  9.556822e+00 -1.200000e+01
     vertex -8.833506e+00  1.000958e+01  0.000000e+00
     vertex -8.833506e+00  1.000958e+01 -1.200000e+01
   endloop
 endfacet
 facet normal -6.801727e-01  7.330519e-01  0.000000e+00
   outer loop
     vertex -9.321462e+00  9.556822e+00 -1.200000e+01
     vertex -9.321462e+00  9.556822e+00  0.000000e+00
     vertex -8.833506e+00  1.000958e+01  0.000000e+00
   endloop
 endfacet
 facet normal -7.158668e-01  6.982368e-01  0.000000e+00
   outer loop
     vertex -9.786242e+00  9.080306e+00 -1.200000e+01
     vertex -9.321462e+00  9.556822e+00  0.000000e+00
     vertex -9.321462e+00  9.556822e+00 -1.200000e+01
   endloop
 endfacet
 facet normal -7.158668e-01  6.982368e-01  0.000000e+00
   outer loop
     vertex -9.786242e+00  9.080306e+00 -1.200000e+01
     vertex -9.786242e+00  9.080306e+00  0.000000e+00
     vertex -9.321462e+00  9.556822e+00  0.000000e+00
   endloop
 endfacet
 facet normal -7.497812e-01  6.616858e-01  0.000000e+00
   outer loop
     vertex -1.022669e+01  8.581215e+00 -1.200000e+01
     vertex -9.786242e+00  9.080306e+00  0.000000e+00
     vertex -9.786242e+00  9.080306e+00 -1.200000e+01
   endloop
 endfacet
 facet normal -7.497812e-01  6.616858e-01  0.000000e+00
   outer loop
     vertex -1.022669e+01  8.581215e+00 -1.200000e+01
     vertex -1.022669e+01  8.581215e+00  0.000000e+00
     vertex -9.786242e+00  9.080306e+00  0.000000e+00
   endloop
 endfacet
 facet normal -7.818315e-01  6.234898e-01  0.000000e+00
   outer loop
     vertex -1.064172e+01  8.060789e+00 -1.200000e+01
     vertex -1.064172e+01  8.060789e+00  0.000000e+00
     vertex -1.022669e+01  8.581215e+00  0.000000e+00
   endloop
 endfacet
 facet normal -7.818315e-01  6.234898e-01  0.000000e+00
   outer loop
     vertex -1.064172e+01  8.060789e+00 -1.200000e+01
     vertex -1.022669e+01  8.581215e+00  0.000000e+00
     vertex -1.022669e+01  8.581215e+00 -1.200000e+01
   endloop
 endfacet
 facet normal -8.119380e-01  5.837437e-01  0.000000e+00
   outer loop
     vertex -1.103029e+01  7.520323e+00 -1.200000e+01
     vertex -1.103029e+01  7.520323e+00  0.000000e+00
     vertex -1.064172e+01  8.060789e+00  0.000000e+00
   endloop
 endfacet
 facet normal -8.119380e-01  5.837437e-01  0.000000e+00
   outer loop
     vertex -1.103029e+01  7.520323e+00 -1.200000e+01
     vertex -1.064172e+01  8.060789e+00  0.000000e+00
     vertex -1.064172e+01  8.060789e+00 -1.200000e+01
   endloop
 endfacet
 facet normal -8.400259e-01  5.425463e-01  0.000000e+00
   outer loop
     vertex -1.139143e+01  6.961160e+00 -1.200000e+01
     vertex -1.139143e+01  6.961160e+00  0.000000e+00
     vertex -1.103029e+01  7.520323e+00  0.000000e+00
   endloop
 endfacet
 facet normal -8.400259e-01  5.425463e-01  0.000000e+00
   outer loop
     vertex -1.139143e+01  6.961160e+00 -1.200000e+01
     vertex -1.103029e+01  7.520323e+00  0.000000e+00
     vertex -1.103029e+01  7.520323e+00 -1.200000e+01
   endloop
 endfacet
 facet normal -8.660254e-01  5.000000e-01  0.000000e+00
   outer loop
     vertex -1.172426e+01  6.384691e+00 -1.200000e+01
     vertex -1.172426e+01  6.384691e+00  0.000000e+00
     vertex -1.139143e+01  6.961160e+00  0.000000e+00
   endloop
 endfacet
 facet normal -8.660254e-01  5.000000e-01  0.000000e+00
   outer loop
     vertex -1.172426e+01  6.384691e+00 -1.200000e+01
     vertex -1.139143e+01  6.961160e+00  0.000000e+00
     vertex -1.139143e+01  6.961160e+00 -1.200000e+01
   endloop
 endfacet
 facet normal -8.898718e-01  4.562107e-01  0.000000e+00
   outer loop
     vertex -1.202793e+01  5.792348e+00 -1.200000e+01
     vertex -1.202793e+01  5.792348e+00  0.000000e+00
     vertex -1.172426e+01  6.384691e+00  0.000000e+00
   endloop
 endfacet
 facet normal -8.898718e-01  4.562107e-01  0.000000e+00
   outer loop
     vertex -1.202793e+01  5.792348e+00 -1.200000e+01
     vertex -1.172426e+01  6.384691e+00  0.000000e+00
     vertex -1.172426e+01  6.384691e+00 -1.200000e+01
   endloop
 endfacet
 facet normal -9.115059e-01  4.112871e-01  0.000000e+00
   outer loop
     vertex -1.230171e+01  5.185605e+00 -1.200000e+01
     vertex -1.230171e+01  5.185605e+00  0.000000e+00
     vertex -1.202793e+01  5.792348e+00  0.000000e+00
   endloop
 endfacet
 facet normal -9.115059e-01  4.112871e-01  0.000000e+00
   outer loop
     vertex -1.230171e+01  5.185605e+00 -1.200000e+01
     vertex -1.202793e+01  5.792348e+00  0.000000e+00
     vertex -1.202793e+01  5.792348e+00 -1.200000e+01
   endloop
 endfacet
 facet normal -9.308737e-01  3.653410e-01  0.000000e+00
   outer loop
     vertex -1.254490e+01  4.565969e+00 -1.200000e+01
     vertex -1.254490e+01  4.565969e+00  0.000000e+00
     vertex -1.230171e+01  5.185605e+00  0.000000e+00
   endloop
 endfacet
 facet normal -9.308737e-01  3.653410e-01  0.000000e+00
   outer loop
     vertex -1.254490e+01  4.565969e+00 -1.200000e+01
     vertex -1.230171e+01  5.185605e+00  0.000000e+00
     vertex -1.230171e+01  5.185605e+00 -1.200000e+01
   endloop
 endfacet
 facet normal -9.479273e-01  3.184867e-01  0.000000e+00
   outer loop
     vertex -1.275690e+01  3.934982e+00 -1.200000e+01
     vertex -1.275690e+01  3.934982e+00  0.000000e+00
     vertex -1.254490e+01  4.565969e+00  0.000000e+00
   endloop
 endfacet
 facet normal -9.479273e-01  3.184867e-01  0.000000e+00
   outer loop
     vertex -1.275690e+01  3.934982e+00 -1.200000e+01
     vertex -1.254490e+01  4.565969e+00  0.000000e+00
     vertex -1.254490e+01  4.565969e+00 -1.200000e+01
   endloop
 endfacet
 facet normal -9.626242e-01  2.708405e-01  0.000000e+00
   outer loop
     vertex -1.293718e+01  3.294211e+00 -1.200000e+01
     vertex -1.293718e+01  3.294211e+00  0.000000e+00
     vertex -1.275690e+01  3.934982e+00  0.000000e+00
   endloop
 endfacet
 facet normal -9.626242e-01  2.708405e-01  0.000000e+00
   outer loop
     vertex -1.293718e+01  3.294211e+00 -1.200000e+01
     vertex -1.275690e+01  3.934982e+00  0.000000e+00
     vertex -1.275690e+01  3.934982e+00 -1.200000e+01
   endloop
 endfacet
 facet normal -9.749279e-01  2.225209e-01  0.000000e+00
   outer loop
     vertex -1.308530e+01  2.645251e+00 -1.200000e+01
     vertex -1.308530e+01  2.645251e+00  0.000000e+00
     vertex -1.293718e+01  3.294211e+00  0.000000e+00
   endloop
 endfacet
 facet normal -9.749279e-01  2.225209e-01  0.000000e+00
   outer loop
     vertex -1.308530e+01  2.645251e+00 -1.200000e+01
     vertex -1.293718e+01  3.294211e+00  0.000000e+00
     vertex -1.293718e+01  3.294211e+00 -1.200000e+01
   endloop
 endfacet
 facet normal -9.848078e-01  1.736482e-01  0.000000e+00
   outer loop
     vertex -1.320089e+01  1.989714e+00 -1.200000e+01
     vertex -1.320089e+01  1.989714e+00  0.000000e+00
     vertex -1.308530e+01  2.645251e+00  0.000000e+00
   endloop
 endfacet
 facet normal -9.848078e-01  1.736482e-01  0.000000e+00
   outer loop
     vertex -1.320089e+01  1.989714e+00 -1.200000e+01
     vertex -1.308530e+01  2.645251e+00  0.000000e+00
     vertex -1.308530e+01  2.645251e+00 -1.200000e+01
   endloop
 endfacet
 facet normal -9.922392e-01  1.243437e-01  0.000000e+00
   outer loop
     vertex -1.328366e+01  1.329231e+00 -1.200000e+01
     vertex -1.328366e+01  1.329231e+00  0.000000e+00
     vertex -1.320089e+01  1.989714e+00  0.000000e+00
   endloop
 endfacet
 facet normal -9.922392e-01  1.243437e-01  0.000000e+00
   outer loop
     vertex -1.328366e+01  1.329231e+00 -1.200000e+01
     vertex -1.320089e+01  1.989714e+00  0.000000e+00
     vertex -1.320089e+01  1.989714e+00 -1.200000e+01
   endloop
 endfacet
 facet normal -9.972038e-01  7.473009e-02  0.000000e+00
   outer loop
     vertex -1.333340e+01  6.654426e-01 -1.200000e+01
     vertex -1.328366e+01  1.329231e+00  0.000000e+00
     vertex -1.328366e+01  1.329231e+00 -1.200000e+01
   endloop
 endfacet
 facet normal -9.972038e-01  7.473009e-02  0.000000e+00
   outer loop
     vertex -1.333340e+01  6.654426e-01 -1.200000e+01
     vertex -1.333340e+01  6.654426e-01  0.000000e+00
     vertex -1.328366e+01  1.329231e+00  0.000000e+00
   endloop
 endfacet
 facet normal -9.996892e-01  2.493069e-02  0.000000e+00
   outer loop
     vertex -1.335000e+01 -4.579382e-14 -1.200000e+01
     vertex -1.333340e+01  6.654426e-01  0.000000e+00
     vertex -1.333340e+01  6.654426e-01 -1.200000e+01
   endloop
 endfacet
 facet normal -9.996892e-01  2.493069e-02  0.000000e+00
   outer loop
     vertex -1.335000e+01 -4.579382e-14 -1.200000e+01
     vertex -1.335000e+01 -4.579382e-14  0.000000e+00
     vertex -1.333340e+01  6.654426e-01  0.000000e+00
   endloop
 endfacet
 facet normal -9.996892e-01 -2.493069e-02  0.000000e+00
   outer loop
     vertex -1.333340e+01 -6.654426e-01 -1.200000e+01
     vertex -1.335000e+01 -4.579382e-14  0.000000e+00
     vertex -1.335000e+01 -4.579382e-14 -1.200000e+01
   endloop
 endfacet
 facet normal -9.996892e-01 -2.493069e-02  0.000000e+00
   outer loop
     vertex -1.333340e+01 -6.654426e-01 -1.200000e+01
     vertex -1.333340e+01 -6.654426e-01  0.000000e+00
     vertex -1.335000e+01 -4.579382e-14  0.000000e+00
   endloop
 endfacet
 facet normal -9.972038e-01 -7.473009e-02  0.000000e+00
   outer loop
     vertex -1.328366e+01 -1.329231e+00 -1.200000e+01
     vertex -1.333340e+01 -6.654426e-01  0.000000e+00
     vertex -1.333340e+01 -6.654426e-01 -1.200000e+01
   endloop
 endfacet
 facet normal -9.972038e-01 -7.473009e-02  0.000000e+00
   outer loop
     vertex -1.328366e+01 -1.329231e+00 -1.200000e+01
     vertex -1.328366e+01 -1.329231e+00  0.000000e+00
     vertex -1.333340e+01 -6.654426e-01  0.000000e+00
   endloop
 endfacet
 facet normal -9.922392e-01 -1.243437e-01  0.000000e+00
   outer loop
     vertex -1.320089e+01 -1.989714e+00 -1.200000e+01
     vertex -1.328366e+01 -1.329231e+00  0.000000e+00
     vertex -1.328366e+01 -1.329231e+00 -1.200000e+01
   endloop
 endfacet
 facet normal -9.922392e-01 -1.243437e-01  0.000000e+00
   outer loop
     vertex -1.320089e+01 -1.989714e+00 -1.200000e+01
     vertex -1.320089e+01 -1.989714e+00  0.000000e+00
     vertex -1.328366e+01 -1.329231e+00  0.000000e+00
   endloop
 endfacet
 facet normal -9.848078e-01 -1.736482e-01  0.000000e+00
   outer loop
     vertex -1.308530e+01 -2.645251e+00 -1.200000e+01
     vertex -1.320089e+01 -1.989714e+00  0.000000e+00
     vertex -1.320089e+01 -1.989714e+00 -1.200000e+01
   endloop
 endfacet
 facet normal -9.848078e-01 -1.736482e-01  0.000000e+00
   outer loop
     vertex -1.308530e+01 -2.645251e+00 -1.200000e+01
     vertex -1.308530e+01 -2.645251e+00  0.000000e+00
     vertex -1.320089e+01 -1.989714e+00  0.000000e+00
   endloop
 endfacet
 facet normal -9.749279e-01 -2.225209e-01  0.000000e+00
   outer loop
     vertex -1.293718e+01 -3.294211e+00 -1.200000e+01
     vertex -1.308530e+01 -2.645251e+00  0.000000e+00
     vertex -1.308530e+01 -2.645251e+00 -1.200000e+01
   endloop
 endfacet
 facet normal -9.749279e-01 -2.225209e-01  0.000000e+00
   outer loop
     vertex -1.293718e+01 -3.294211e+00 -1.200000e+01
     vertex -1.293718e+01 -3.294211e+00  0.000000e+00
     vertex -1.308530e+01 -2.645251e+00  0.000000e+00
   endloop
 endfacet
 facet normal -9.626242e-01 -2.708405e-01  0.000000e+00
   outer loop
     vertex -1.275690e+01 -3.934982e+00 -1.200000e+01
     vertex -1.293718e+01 -3.294211e+00  0.000000e+00
     vertex -1.293718e+01 -3.294211e+00 -1.200000e+01
   endloop
 endfacet
 facet normal -9.626242e-01 -2.708405e-01  0.000000e+00
   outer loop
     vertex -1.275690e+01 -3.934982e+00 -1.200000e+01
     vertex -1.275690e+01 -3.934982e+00  0.000000e+00
     vertex -1.293718e+01 -3.294211e+00  0.000000e+00
   endloop
 endfacet
 facet normal -9.479273e-01 -3.184867e-01  0.000000e+00
   outer loop
     vertex -1.254490e+01 -4.565969e+00 -1.200000e+01
     vertex -1.275690e+01 -3.934982e+00  0.000000e+00
     vertex -1.275690e+01 -3.934982e+00 -1.200000e+01
   endloop
 endfacet
 facet normal -9.479273e-01 -3.184867e-01  0.000000e+00
   outer loop
     vertex -1.254490e+01 -4.565969e+00 -1.200000e+01
     vertex -1.254490e+01 -4.565969e+00  0.000000e+00
     vertex -1.275690e+01 -3.934982e+00  0.000000e+00
   endloop
 endfacet
 facet normal -9.308737e-01 -3.653410e-01  0.000000e+00
   outer loop
     vertex -1.230171e+01 -5.185605e+00 -1.200000e+01
     vertex -1.254490e+01 -4.565969e+00  0.000000e+00
     vertex -1.254490e+01 -4.565969e+00 -1.200000e+01
   endloop
 endfacet
 facet normal -9.308737e-01 -3.653410e-01  0.000000e+00
   outer loop
     vertex -1.230171e+01 -5.185605e+00 -1.200000e+01
     vertex -1.230171e+01 -5.185605e+00  0.000000e+00
     vertex -1.254490e+01 -4.565969e+00  0.000000e+00
   endloop
 endfacet
 facet normal -9.115059e-01 -4.112871e-01  0.000000e+00
   outer loop
     vertex -1.202793e+01 -5.792348e+00 -1.200000e+01
     vertex -1.230171e+01 -5.185605e+00  0.000000e+00
     vertex -1.230171e+01 -5.185605e+00 -1.200000e+01
   endloop
 endfacet
 facet normal -9.115059e-01 -4.112871e-01  0.000000e+00
   outer loop
     vertex -1.202793e+01 -5.792348e+00 -1.200000e+01
     vertex -1.202793e+01 -5.792348e+00  0.000000e+00
     vertex -1.230171e+01 -5.185605e+00  0.000000e+00
   endloop
 endfacet
 facet normal -8.898718e-01 -4.562107e-01  0.000000e+00
   outer loop
     vertex -1.172426e+01 -6.384691e+00 -1.200000e+01
     vertex -1.202793e+01 -5.792348e+00  0.000000e+00
     vertex -1.202793e+01 -5.792348e+00 -1.200000e+01
   endloop
 endfacet
 facet normal -8.898718e-01 -4.562107e-01  0.000000e+00
   outer loop
     vertex -1.172426e+01 -6.384691e+00 -1.200000e+01
     vertex -1.172426e+01 -6.384691e+00  0.000000e+00
     vertex -1.202793e+01 -5.792348e+00  0.000000e+00
   endloop
 endfacet
 facet normal -8.660254e-01 -5.000000e-01  0.000000e+00
   outer loop
     vertex -1.139143e+01 -6.961160e+00 -1.200000e+01
     vertex -1.172426e+01 -6.384691e+00  0.000000e+00
     vertex -1.172426e+01 -6.384691e+00 -1.200000e+01
   endloop
 endfacet
 facet normal -8.660254e-01 -5.000000e-01  0.000000e+00
   outer loop
     vertex -1.139143e+01 -6.961160e+00 -1.200000e+01
     vertex -1.139143e+01 -6.961160e+00  0.000000e+00
     vertex -1.172426e+01 -6.384691e+00  0.000000e+00
   endloop
 endfacet
 facet normal -8.400259e-01 -5.425463e-01  0.000000e+00
   outer loop
     vertex -1.103029e+01 -7.520323e+00 -1.200000e+01
     vertex -1.139143e+01 -6.961160e+00  0.000000e+00
     vertex -1.139143e+01 -6.961160e+00 -1.200000e+01
   endloop
 endfacet
 facet normal -8.400259e-01 -5.425463e-01  0.000000e+00
   outer loop
     vertex -1.103029e+01 -7.520323e+00 -1.200000e+01
     vertex -1.103029e+01 -7.520323e+00  0.000000e+00
     vertex -1.139143e+01 -6.961160e+00  0.000000e+00
   endloop
 endfacet
 facet normal -8.119380e-01 -5.837437e-01  0.000000e+00
   outer loop
     vertex -1.064172e+01 -8.060789e+00 -1.200000e+01
     vertex -1.103029e+01 -7.520323e+00  0.000000e+00
     vertex -1.103029e+01 -7.520323e+00 -1.200000e+01
   endloop
 endfacet
 facet normal -8.119380e-01 -5.837437e-01  0.000000e+00
   outer loop
     vertex -1.064172e+01 -8.060789e+00 -1.200000e+01
     vertex -1.064172e+01 -8.060789e+00  0.000000e+00
     vertex -1.103029e+01 -7.520323e+00  0.000000e+00
   endloop
 endfacet
 facet normal -7.818315e-01 -6.234898e-01  0.000000e+00
   outer loop
     vertex -1.022669e+01 -8.581215e+00 -1.200000e+01
     vertex -1.064172e+01 -8.060789e+00  0.000000e+00
     vertex -1.064172e+01 -8.060789e+00 -1.200000e+01
   endloop
 endfacet
 facet normal -7.818315e-01 -6.234898e-01  0.000000e+00
   outer loop
     vertex -1.022669e+01 -8.581215e+00 -1.200000e+01
     vertex -1.022669e+01 -8.581215e+00  0.000000e+00
     vertex -1.064172e+01 -8.060789e+00  0.000000e+00
   endloop
 endfacet
 facet normal -7.497812e-01 -6.616858e-01  0.000000e+00
   outer loop
     vertex -9.786242e+00 -9.080306e+00 -1.200000e+01
     vertex -1.022669e+01 -8.581215e+00  0.000000e+00
     vertex -1.022669e+01 -8.581215e+00 -1.200000e+01
   endloop
 endfacet
 facet normal -7.497812e-01 -6.616858e-01  0.000000e+00
   outer loop
     vertex -9.786242e+00 -9.080306e+00 -1.200000e+01
     vertex -9.786242e+00 -9.080306e+00  0.000000e+00
     vertex -1.022669e+01 -8.581215e+00  0.000000e+00
   endloop
 endfacet
 facet normal -7.158668e-01 -6.982368e-01  0.000000e+00
   outer loop
     vertex -9.321462e+00 -9.556822e+00 -1.200000e+01
     vertex -9.786242e+00 -9.080306e+00  0.000000e+00
     vertex -9.786242e+00 -9.080306e+00 -1.200000e+01
   endloop
 endfacet
 facet normal -7.158668e-01 -6.982368e-01  0.000000e+00
   outer loop
     vertex -9.321462e+00 -9.556822e+00 -1.200000e+01
     vertex -9.321462e+00 -9.556822e+00  0.000000e+00
     vertex -9.786242e+00 -9.080306e+00  0.000000e+00
   endloop
 endfacet
 facet normal -6.801727e-01 -7.330519e-01  0.000000e+00
   outer loop
     vertex -8.833506e+00 -1.000958e+01 -1.200000e+01
     vertex -9.321462e+00 -9.556822e+00  0.000000e+00
     vertex -9.321462e+00 -9.556822e+00 -1.200000e+01
   endloop
 endfacet
 facet normal -6.801727e-01 -7.330519e-01  0.000000e+00
   outer loop
     vertex -8.833506e+00 -1.000958e+01 -1.200000e+01
     vertex -8.833506e+00 -1.000958e+01  0.000000e+00
     vertex -9.321462e+00 -9.556822e+00  0.000000e+00
   endloop
 endfacet
 facet normal -6.427876e-01 -7.660444e-01  0.000000e+00
   outer loop
     vertex -8.323589e+00 -1.043745e+01 -1.200000e+01
     vertex -8.833506e+00 -1.000958e+01  0.000000e+00
     vertex -8.833506e+00 -1.000958e+01 -1.200000e+01
   endloop
 endfacet
 facet normal -6.427876e-01 -7.660444e-01  0.000000e+00
   outer loop
     vertex -8.323589e+00 -1.043745e+01 -1.200000e+01
     vertex -8.323589e+00 -1.043745e+01  0.000000e+00
     vertex -8.833506e+00 -1.000958e+01  0.000000e+00
   endloop
 endfacet
 facet normal -6.038044e-01 -7.971325e-01  0.000000e+00
   outer loop
     vertex -7.792978e+00 -1.083937e+01 -1.200000e+01
     vertex -8.323589e+00 -1.043745e+01  0.000000e+00
     vertex -8.323589e+00 -1.043745e+01 -1.200000e+01
   endloop
 endfacet
 facet normal -6.038044e-01 -7.971325e-01  0.000000e+00
   outer loop
     vertex -7.792978e+00 -1.083937e+01 -1.200000e+01
     vertex -7.792978e+00 -1.083937e+01  0.000000e+00
     vertex -8.323589e+00 -1.043745e+01  0.000000e+00
   endloop
 endfacet
 facet normal -5.633201e-01 -8.262388e-01  0.000000e+00
   outer loop
     vertex -7.242993e+00 -1.121435e+01 -1.200000e+01
     vertex -7.242993e+00 -1.121435e+01  0.000000e+00
     vertex -7.792978e+00 -1.083937e+01  0.000000e+00
   endloop
 endfacet
 facet normal -5.633201e-01 -8.262388e-01  0.000000e+00
   outer loop
     vertex -7.242993e+00 -1.121435e+01 -1.200000e+01
     vertex -7.792978e+00 -1.083937e+01  0.000000e+00
     vertex -7.792978e+00 -1.083937e+01 -1.200000e+01
   endloop
 endfacet
 facet normal -5.214352e-01 -8.532909e-01  0.000000e+00
   outer loop
     vertex -6.675000e+00 -1.156144e+01 -1.200000e+01
     vertex -6.675000e+00 -1.156144e+01  0.000000e+00
     vertex -7.242993e+00 -1.121435e+01  0.000000e+00
   endloop
 endfacet
 facet normal -5.214352e-01 -8.532909e-01  0.000000e+00
   outer loop
     vertex -6.675000e+00 -1.156144e+01 -1.200000e+01
     vertex -7.242993e+00 -1.121435e+01  0.000000e+00
     vertex -7.242993e+00 -1.121435e+01 -1.200000e+01
   endloop
 endfacet
 facet normal -4.782540e-01 -8.782216e-01  0.000000e+00
   outer loop
     vertex -6.090412e+00 -1.187979e+01 -1.200000e+01
     vertex -6.090412e+00 -1.187979e+01  0.000000e+00
     vertex -6.675000e+00 -1.156144e+01  0.000000e+00
   endloop
 endfacet
 facet normal -4.782540e-01 -8.782216e-01  0.000000e+00
   outer loop
     vertex -6.090412e+00 -1.187979e+01 -1.200000e+01
     vertex -6.675000e+00 -1.156144e+01  0.000000e+00
     vertex -6.675000e+00 -1.156144e+01 -1.200000e+01
   endloop
 endfacet
 facet normal -4.338837e-01 -9.009689e-01  0.000000e+00
   outer loop
     vertex -5.490683e+00 -1.216860e+01 -1.200000e+01
     vertex -5.490683e+00 -1.216860e+01  0.000000e+00
     vertex -6.090412e+00 -1.187979e+01  0.000000e+00
   endloop
 endfacet
 facet normal -4.338837e-01 -9.009689e-01  0.000000e+00
   outer loop
     vertex -5.490683e+00 -1.216860e+01 -1.200000e+01
     vertex -6.090412e+00 -1.187979e+01  0.000000e+00
     vertex -6.090412e+00 -1.187979e+01 -1.200000e+01
   endloop
 endfacet
 facet normal -3.884348e-01 -9.214762e-01  0.000000e+00
   outer loop
     vertex -4.877303e+00 -1.242716e+01 -1.200000e+01
     vertex -4.877303e+00 -1.242716e+01  0.000000e+00
     vertex -5.490683e+00 -1.216860e+01  0.000000e+00
   endloop
 endfacet
 facet normal -3.884348e-01 -9.214762e-01  0.000000e+00
   outer loop
     vertex -4.877303e+00 -1.242716e+01 -1.200000e+01
     vertex -5.490683e+00 -1.216860e+01  0.000000e+00
     vertex -5.490683e+00 -1.216860e+01 -1.200000e+01
   endloop
 endfacet
 facet normal -3.420201e-01 -9.396926e-01  0.000000e+00
   outer loop
     vertex -4.251797e+00 -1.265483e+01 -1.200000e+01
     vertex -4.877303e+00 -1.242716e+01  0.000000e+00
     vertex -4.877303e+00 -1.242716e+01 -1.200000e+01
   endloop
 endfacet
 facet normal -3.420201e-01 -9.396926e-01  0.000000e+00
   outer loop
     vertex -4.251797e+00 -1.265483e+01 -1.200000e+01
     vertex -4.251797e+00 -1.265483e+01  0.000000e+00
     vertex -4.877303e+00 -1.242716e+01  0.000000e+00
   endloop
 endfacet
 facet normal -2.947552e-01 -9.555728e-01  0.000000e+00
   outer loop
     vertex -3.615720e+00 -1.285103e+01 -1.200000e+01
     vertex -4.251797e+00 -1.265483e+01  0.000000e+00
     vertex -4.251797e+00 -1.265483e+01 -1.200000e+01
   endloop
 endfacet
 facet normal -2.947552e-01 -9.555728e-01  0.000000e+00
   outer loop
     vertex -3.615720e+00 -1.285103e+01 -1.200000e+01
     vertex -3.615720e+00 -1.285103e+01  0.000000e+00
     vertex -4.251797e+00 -1.265483e+01  0.000000e+00
   endloop
 endfacet
 facet normal -2.467574e-01 -9.690773e-01  0.000000e+00
   outer loop
     vertex -2.970654e+00 -1.301529e+01 -1.200000e+01
     vertex -3.615720e+00 -1.285103e+01  0.000000e+00
     vertex -3.615720e+00 -1.285103e+01 -1.200000e+01
   endloop
 endfacet
 facet normal -2.467574e-01 -9.690773e-01  0.000000e+00
   outer loop
     vertex -2.970654e+00 -1.301529e+01 -1.200000e+01
     vertex -2.970654e+00 -1.301529e+01  0.000000e+00
     vertex -3.615720e+00 -1.285103e+01  0.000000e+00
   endloop
 endfacet
 facet normal -1.981461e-01 -9.801725e-01  0.000000e+00
   outer loop
     vertex -2.318203e+00 -1.314718e+01 -1.200000e+01
     vertex -2.970654e+00 -1.301529e+01  0.000000e+00
     vertex -2.970654e+00 -1.301529e+01 -1.200000e+01
   endloop
 endfacet
 facet normal -1.981461e-01 -9.801725e-01  0.000000e+00
   outer loop
     vertex -2.318203e+00 -1.314718e+01 -1.200000e+01
     vertex -2.318203e+00 -1.314718e+01  0.000000e+00
     vertex -2.970654e+00 -1.301529e+01  0.000000e+00
   endloop
 endfacet
 facet normal -1.490423e-01 -9.888308e-01  0.000000e+00
   outer loop
     vertex -1.659988e+00 -1.324639e+01 -1.200000e+01
     vertex -2.318203e+00 -1.314718e+01  0.000000e+00
     vertex -2.318203e+00 -1.314718e+01 -1.200000e+01
   endloop
 endfacet
 facet normal -1.490423e-01 -9.888308e-01  0.000000e+00
   outer loop
     vertex -1.659988e+00 -1.324639e+01 -1.200000e+01
     vertex -1.659988e+00 -1.324639e+01  0.000000e+00
     vertex -2.318203e+00 -1.314718e+01  0.000000e+00
   endloop
 endfacet
 facet normal -9.956785e-02 -9.950308e-01  0.000000e+00
   outer loop
     vertex -9.976467e-01 -1.331267e+01 -1.200000e+01
     vertex -1.659988e+00 -1.324639e+01  0.000000e+00
     vertex -1.659988e+00 -1.324639e+01 -1.200000e+01
   endloop
 endfacet
 facet normal -9.956785e-02 -9.950308e-01  0.000000e+00
   outer loop
     vertex -9.976467e-01 -1.331267e+01 -1.200000e+01
     vertex -9.976467e-01 -1.331267e+01  0.000000e+00
     vertex -1.659988e+00 -1.324639e+01  0.000000e+00
   endloop
 endfacet
 facet normal -4.984589e-02 -9.987569e-01  0.000000e+00
   outer loop
     vertex -9.976467e-01 -1.331267e+01 -1.200000e+01
     vertex -3.328247e-01 -1.334585e+01  0.000000e+00
     vertex -9.976467e-01 -1.331267e+01  0.000000e+00
   endloop
 endfacet
 facet normal -4.984589e-02 -9.987569e-01  0.000000e+00
   outer loop
     vertex -3.328247e-01 -1.334585e+01 -1.200000e+01
     vertex -3.328247e-01 -1.334585e+01  0.000000e+00
     vertex -9.976467e-01 -1.331267e+01 -1.200000e+01
   endloop
 endfacet
 facet normal  1.067443e-14 -1.000000e+00  0.000000e+00
   outer loop
     vertex  3.328247e-01 -1.334585e+01 -1.200000e+01
     vertex -3.328247e-01 -1.334585e+01  0.000000e+00
     vertex -3.328247e-01 -1.334585e+01 -1.200000e+01
   endloop
 endfacet
 facet normal  1.067443e-14 -1.000000e+00  0.000000e+00
   outer loop
     vertex  3.328247e-01 -1.334585e+01 -1.200000e+01
     vertex  3.328247e-01 -1.334585e+01  0.000000e+00
     vertex -3.328247e-01 -1.334585e+01  0.000000e+00
   endloop
 endfacet
 facet normal  4.984589e-02 -9.987569e-01  0.000000e+00
   outer loop
     vertex  9.976467e-01 -1.331267e+01 -1.200000e+01
     vertex  3.328247e-01 -1.334585e+01  0.000000e+00
     vertex  3.328247e-01 -1.334585e+01 -1.200000e+01
   endloop
 endfacet
 facet normal  4.984589e-02 -9.987569e-01  0.000000e+00
   outer loop
     vertex  9.976467e-01 -1.331267e+01 -1.200000e+01
     vertex  9.976467e-01 -1.331267e+01  0.000000e+00
     vertex  3.328247e-01 -1.334585e+01  0.000000e+00
   endloop
 endfacet
 facet normal  9.956785e-02 -9.950308e-01  0.000000e+00
   outer loop
     vertex  1.659988e+00 -1.324639e+01 -1.200000e+01
     vertex  9.976467e-01 -1.331267e+01  0.000000e+00
     vertex  9.976467e-01 -1.331267e+01 -1.200000e+01
   endloop
 endfacet
 facet normal  9.956785e-02 -9.950308e-01  0.000000e+00
   outer loop
     vertex  1.659988e+00 -1.324639e+01 -1.200000e+01
     vertex  1.659988e+00 -1.324639e+01  0.000000e+00
     vertex  9.976467e-01 -1.331267e+01  0.000000e+00
   endloop
 endfacet
 facet normal  1.490423e-01 -9.888308e-01  0.000000e+00
   outer loop
     vertex  2.318203e+00 -1.314718e+01 -1.200000e+01
     vertex  1.659988e+00 -1.324639e+01  0.000000e+00
     vertex  1.659988e+00 -1.324639e+01 -1.200000e+01
   endloop
 endfacet
 facet normal  1.490423e-01 -9.888308e-01  0.000000e+00
   outer loop
     vertex  2.318203e+00 -1.314718e+01 -1.200000e+01
     vertex  2.318203e+00 -1.314718e+01  0.000000e+00
     vertex  1.659988e+00 -1.324639e+01  0.000000e+00
   endloop
 endfacet
 facet normal  2.467574e-01 -9.690773e-01  0.000000e+00
   outer loop
     vertex  2.970654e+00 -1.301529e+01 -1.200000e+01
     vertex  3.615720e+00 -1.285103e+01  0.000000e+00
     vertex  2.970654e+00 -1.301529e+01  0.000000e+00
   endloop
 endfacet
 facet normal  1.981461e-01 -9.801725e-01  0.000000e+00
   outer loop
     vertex  2.970654e+00 -1.301529e+01 -1.200000e+01
     vertex  2.318203e+00 -1.314718e+01  0.000000e+00
     vertex  2.318203e+00 -1.314718e+01 -1.200000e+01
   endloop
 endfacet
 facet normal  1.981461e-01 -9.801725e-01  0.000000e+00
   outer loop
     vertex  2.970654e+00 -1.301529e+01 -1.200000e+01
     vertex  2.970654e+00 -1.301529e+01  0.000000e+00
     vertex  2.318203e+00 -1.314718e+01  0.000000e+00
   endloop
 endfacet
 facet normal  2.467574e-01 -9.690773e-01  0.000000e+00
   outer loop
     vertex  3.615720e+00 -1.285103e+01 -1.200000e+01
     vertex  3.615720e+00 -1.285103e+01  0.000000e+00
     vertex  2.970654e+00 -1.301529e+01 -1.200000e+01
   endloop
 endfacet
 facet normal  2.947552e-01 -9.555728e-01  0.000000e+00
   outer loop
     vertex  4.251797e+00 -1.265483e+01 -1.200000e+01
     vertex  4.251797e+00 -1.265483e+01  0.000000e+00
     vertex  3.615720e+00 -1.285103e+01  0.000000e+00
   endloop
 endfacet
 facet normal  2.947552e-01 -9.555728e-01  0.000000e+00
   outer loop
     vertex  4.251797e+00 -1.265483e+01 -1.200000e+01
     vertex  3.615720e+00 -1.285103e+01  0.000000e+00
     vertex  3.615720e+00 -1.285103e+01 -1.200000e+01
   endloop
 endfacet
 facet normal  3.420201e-01 -9.396926e-01  0.000000e+00
   outer loop
     vertex  4.877303e+00 -1.242716e+01 -1.200000e+01
     vertex  4.877303e+00 -1.242716e+01  0.000000e+00
     vertex  4.251797e+00 -1.265483e+01  0.000000e+00
   endloop
 endfacet
 facet normal  3.420201e-01 -9.396926e-01  0.000000e+00
   outer loop
     vertex  4.877303e+00 -1.242716e+01 -1.200000e+01
     vertex  4.251797e+00 -1.265483e+01  0.000000e+00
     vertex  4.251797e+00 -1.265483e+01 -1.200000e+01
   endloop
 endfacet
 facet normal  3.884348e-01 -9.214762e-01  0.000000e+00
   outer loop
     vertex  5.490683e+00 -1.216860e+01 -1.200000e+01
     vertex  5.490683e+00 -1.216860e+01  0.000000e+00
     vertex  4.877303e+00 -1.242716e+01  0.000000e+00
   endloop
 endfacet
 facet normal  4.338837e-01 -9.009689e-01  0.000000e+00
   outer loop
     vertex  5.490683e+00 -1.216860e+01 -1.200000e+01
     vertex  6.090412e+00 -1.187979e+01  0.000000e+00
     vertex  5.490683e+00 -1.216860e+01  0.000000e+00
   endloop
 endfacet
 facet normal  3.884348e-01 -9.214762e-01  0.000000e+00
   outer loop
     vertex  5.490683e+00 -1.216860e+01 -1.200000e+01
     vertex  4.877303e+00 -1.242716e+01  0.000000e+00
     vertex  4.877303e+00 -1.242716e+01 -1.200000e+01
   endloop
 endfacet
 facet normal  4.338837e-01 -9.009689e-01  0.000000e+00
   outer loop
     vertex  6.090412e+00 -1.187979e+01 -1.200000e+01
     vertex  6.090412e+00 -1.187979e+01  0.000000e+00
     vertex  5.490683e+00 -1.216860e+01 -1.200000e+01
   endloop
 endfacet
 facet normal  4.782540e-01 -8.782216e-01  0.000000e+00
   outer loop
     vertex  6.675000e+00 -1.156144e+01 -1.200000e+01
     vertex  6.675000e+00 -1.156144e+01  0.000000e+00
     vertex  6.090412e+00 -1.187979e+01  0.000000e+00
   endloop
 endfacet
 facet normal  4.782540e-01 -8.782216e-01  0.000000e+00
   outer loop
     vertex  6.675000e+00 -1.156144e+01 -1.200000e+01
     vertex  6.090412e+00 -1.187979e+01  0.000000e+00
     vertex  6.090412e+00 -1.187979e+01 -1.200000e+01
   endloop
 endfacet
 facet normal  5.214352e-01 -8.532909e-01  0.000000e+00
   outer loop
     vertex  7.242993e+00 -1.121435e+01 -1.200000e+01
     vertex  7.242993e+00 -1.121435e+01  0.000000e+00
     vertex  6.675000e+00 -1.156144e+01  0.000000e+00
   endloop
 endfacet
 facet normal  5.214352e-01 -8.532909e-01  0.000000e+00
   outer loop
     vertex  7.242993e+00 -1.121435e+01 -1.200000e+01
     vertex  6.675000e+00 -1.156144e+01  0.000000e+00
     vertex  6.675000e+00 -1.156144e+01 -1.200000e+01
   endloop
 endfacet
 facet normal  5.633201e-01 -8.262388e-01  0.000000e+00
   outer loop
     vertex  7.792978e+00 -1.083937e+01 -1.200000e+01
     vertex  7.792978e+00 -1.083937e+01  0.000000e+00
     vertex  7.242993e+00 -1.121435e+01  0.000000e+00
   endloop
 endfacet
 facet normal  6.038044e-01 -7.971325e-01  0.000000e+00
   outer loop
     vertex  7.792978e+00 -1.083937e+01 -1.200000e+01
     vertex  8.323589e+00 -1.043745e+01  0.000000e+00
     vertex  7.792978e+00 -1.083937e+01  0.000000e+00
   endloop
 endfacet
 facet normal  5.633201e-01 -8.262388e-01  0.000000e+00
   outer loop
     vertex  7.792978e+00 -1.083937e+01 -1.200000e+01
     vertex  7.242993e+00 -1.121435e+01  0.000000e+00
     vertex  7.242993e+00 -1.121435e+01 -1.200000e+01
   endloop
 endfacet
 facet normal  6.038044e-01 -7.971325e-01  0.000000e+00
   outer loop
     vertex  8.323589e+00 -1.043745e+01 -1.200000e+01
     vertex  8.323589e+00 -1.043745e+01  0.000000e+00
     vertex  7.792978e+00 -1.083937e+01 -1.200000e+01
   endloop
 endfacet
 facet normal  6.427876e-01 -7.660444e-01  0.000000e+00
   outer loop
     vertex  8.833506e+00 -1.000958e+01 -1.200000e+01
     vertex  8.833506e+00 -1.000958e+01  0.000000e+00
     vertex  8.323589e+00 -1.043745e+01  0.000000e+00
   endloop
 endfacet
 facet normal  6.801727e-01 -7.330519e-01  0.000000e+00
   outer loop
     vertex  8.833506e+00 -1.000958e+01 -1.200000e+01
     vertex  9.321462e+00 -9.556822e+00  0.000000e+00
     vertex  8.833506e+00 -1.000958e+01  0.000000e+00
   endloop
 endfacet
 facet normal  6.427876e-01 -7.660444e-01  0.000000e+00
   outer loop
     vertex  8.833506e+00 -1.000958e+01 -1.200000e+01
     vertex  8.323589e+00 -1.043745e+01  0.000000e+00
     vertex  8.323589e+00 -1.043745e+01 -1.200000e+01
   endloop
 endfacet
 facet normal  6.801727e-01 -7.330519e-01  0.000000e+00
   outer loop
     vertex  9.321462e+00 -9.556822e+00 -1.200000e+01
     vertex  9.321462e+00 -9.556822e+00  0.000000e+00
     vertex  8.833506e+00 -1.000958e+01 -1.200000e+01
   endloop
 endfacet
 facet normal  7.158668e-01 -6.982368e-01  0.000000e+00
   outer loop
     vertex  9.786242e+00 -9.080306e+00 -1.200000e+01
     vertex  9.786242e+00 -9.080306e+00  0.000000e+00
     vertex  9.321462e+00 -9.556822e+00  0.000000e+00
   endloop
 endfacet
 facet normal  7.158668e-01 -6.982368e-01  0.000000e+00
   outer loop
     vertex  9.786242e+00 -9.080306e+00 -1.200000e+01
     vertex  9.321462e+00 -9.556822e+00  0.000000e+00
     vertex  9.321462e+00 -9.556822e+00 -1.200000e+01
   endloop
 endfacet
 facet normal  7.497812e-01 -6.616858e-01  0.000000e+00
   outer loop
     vertex  1.022669e+01 -8.581215e+00 -1.200000e+01
     vertex  9.786242e+00 -9.080306e+00  0.000000e+00
     vertex  9.786242e+00 -9.080306e+00 -1.200000e+01
   endloop
 endfacet
 facet normal  7.497812e-01 -6.616858e-01  0.000000e+00
   outer loop
     vertex  1.022669e+01 -8.581215e+00 -1.200000e+01
     vertex  1.022669e+01 -8.581215e+00  0.000000e+00
     vertex  9.786242e+00 -9.080306e+00  0.000000e+00
   endloop
 endfacet
 facet normal  7.818315e-01 -6.234898e-01  0.000000e+00
   outer loop
     vertex  1.064172e+01 -8.060789e+00 -1.200000e+01
     vertex  1.022669e+01 -8.581215e+00  0.000000e+00
     vertex  1.022669e+01 -8.581215e+00 -1.200000e+01
   endloop
 endfacet
 facet normal  7.818315e-01 -6.234898e-01  0.000000e+00
   outer loop
     vertex  1.064172e+01 -8.060789e+00 -1.200000e+01
     vertex  1.064172e+01 -8.060789e+00  0.000000e+00
     vertex  1.022669e+01 -8.581215e+00  0.000000e+00
   endloop
 endfacet
 facet normal  8.119380e-01 -5.837437e-01  0.000000e+00
   outer loop
     vertex  1.103029e+01 -7.520323e+00 -1.200000e+01
     vertex  1.064172e+01 -8.060789e+00  0.000000e+00
     vertex  1.064172e+01 -8.060789e+00 -1.200000e+01
   endloop
 endfacet
 facet normal  8.119380e-01 -5.837437e-01  0.000000e+00
   outer loop
     vertex  1.103029e+01 -7.520323e+00 -1.200000e+01
     vertex  1.103029e+01 -7.520323e+00  0.000000e+00
     vertex  1.064172e+01 -8.060789e+00  0.000000e+00
   endloop
 endfacet
 facet normal  8.400259e-01 -5.425463e-01  0.000000e+00
   outer loop
     vertex  1.139143e+01 -6.961160e+00 -1.200000e+01
     vertex  1.103029e+01 -7.520323e+00  0.000000e+00
     vertex  1.103029e+01 -7.520323e+00 -1.200000e+01
   endloop
 endfacet
 facet normal  8.400259e-01 -5.425463e-01  0.000000e+00
   outer loop
     vertex  1.139143e+01 -6.961160e+00 -1.200000e+01
     vertex  1.139143e+01 -6.961160e+00  0.000000e+00
     vertex  1.103029e+01 -7.520323e+00  0.000000e+00
   endloop
 endfacet
 facet normal  8.660254e-01 -5.000000e-01  0.000000e+00
   outer loop
     vertex  1.172426e+01 -6.384691e+00 -1.200000e+01
     vertex  1.172426e+01 -6.384691e+00  0.000000e+00
     vertex  1.139143e+01 -6.961160e+00  0.000000e+00
   endloop
 endfacet
 facet normal  8.660254e-01 -5.000000e-01  0.000000e+00
   outer loop
     vertex  1.172426e+01 -6.384691e+00 -1.200000e+01
     vertex  1.139143e+01 -6.961160e+00  0.000000e+00
     vertex  1.139143e+01 -6.961160e+00 -1.200000e+01
   endloop
 endfacet
 facet normal  8.898718e-01 -4.562107e-01  0.000000e+00
   outer loop
     vertex  1.202793e+01 -5.792348e+00 -1.200000e+01
     vertex  1.202793e+01 -5.792348e+00  0.000000e+00
     vertex  1.172426e+01 -6.384691e+00  0.000000e+00
   endloop
 endfacet
 facet normal  8.898718e-01 -4.562107e-01  0.000000e+00
   outer loop
     vertex  1.202793e+01 -5.792348e+00 -1.200000e+01
     vertex  1.172426e+01 -6.384691e+00  0.000000e+00
     vertex  1.172426e+01 -6.384691e+00 -1.200000e+01
   endloop
 endfacet
 facet normal  9.115059e-01 -4.112871e-01  0.000000e+00
   outer loop
     vertex  1.230171e+01 -5.185605e+00 -1.200000e+01
     vertex  1.230171e+01 -5.185605e+00  0.000000e+00
     vertex  1.202793e+01 -5.792348e+00  0.000000e+00
   endloop
 endfacet
 facet normal  9.115059e-01 -4.112871e-01  0.000000e+00
   outer loop
     vertex  1.230171e+01 -5.185605e+00 -1.200000e+01
     vertex  1.202793e+01 -5.792348e+00  0.000000e+00
     vertex  1.202793e+01 -5.792348e+00 -1.200000e+01
   endloop
 endfacet
 facet normal  9.308737e-01 -3.653410e-01  0.000000e+00
   outer loop
     vertex  1.254490e+01 -4.565969e+00 -1.200000e+01
     vertex  1.254490e+01 -4.565969e+00  0.000000e+00
     vertex  1.230171e+01 -5.185605e+00  0.000000e+00
   endloop
 endfacet
 facet normal  9.308737e-01 -3.653410e-01  0.000000e+00
   outer loop
     vertex  1.254490e+01 -4.565969e+00 -1.200000e+01
     vertex  1.230171e+01 -5.185605e+00  0.000000e+00
     vertex  1.230171e+01 -5.185605e+00 -1.200000e+01
   endloop
 endfacet
 facet normal  9.479273e-01 -3.184867e-01  0.000000e+00
   outer loop
     vertex  1.275690e+01 -3.934982e+00 -1.200000e+01
     vertex  1.275690e+01 -3.934982e+00  0.000000e+00
     vertex  1.254490e+01 -4.565969e+00  0.000000e+00
   endloop
 endfacet
 facet normal  9.479273e-01 -3.184867e-01  0.000000e+00
   outer loop
     vertex  1.275690e+01 -3.934982e+00 -1.200000e+01
     vertex  1.254490e+01 -4.565969e+00  0.000000e+00
     vertex  1.254490e+01 -4.565969e+00 -1.200000e+01
   endloop
 endfacet
 facet normal  9.626242e-01 -2.708405e-01  0.000000e+00
   outer loop
     vertex  1.293718e+01 -3.294211e+00 -1.200000e+01
     vertex  1.293718e+01 -3.294211e+00  0.000000e+00
     vertex  1.275690e+01 -3.934982e+00  0.000000e+00
   endloop
 endfacet
 facet normal  9.626242e-01 -2.708405e-01  0.000000e+00
   outer loop
     vertex  1.293718e+01 -3.294211e+00 -1.200000e+01
     vertex  1.275690e+01 -3.934982e+00  0.000000e+00
     vertex  1.275690e+01 -3.934982e+00 -1.200000e+01
   endloop
 endfacet
 facet normal  9.749279e-01 -2.225209e-01  0.000000e+00
   outer loop
     vertex  1.308530e+01 -2.645251e+00 -1.200000e+01
     vertex  1.308530e+01 -2.645251e+00  0.000000e+00
     vertex  1.293718e+01 -3.294211e+00  0.000000e+00
   endloop
 endfacet
 facet normal  9.749279e-01 -2.225209e-01  0.000000e+00
   outer loop
     vertex  1.308530e+01 -2.645251e+00 -1.200000e+01
     vertex  1.293718e+01 -3.294211e+00  0.000000e+00
     vertex  1.293718e+01 -3.294211e+00 -1.200000e+01
   endloop
 endfacet
 facet normal  9.848078e-01 -1.736482e-01  0.000000e+00
   outer loop
     vertex  1.320089e+01 -1.989714e+00 -1.200000e+01
     vertex  1.320089e+01 -1.989714e+00  0.000000e+00
     vertex  1.308530e+01 -2.645251e+00  0.000000e+00
   endloop
 endfacet
 facet normal  9.848078e-01 -1.736482e-01  0.000000e+00
   outer loop
     vertex  1.320089e+01 -1.989714e+00 -1.200000e+01
     vertex  1.308530e+01 -2.645251e+00  0.000000e+00
     vertex  1.308530e+01 -2.645251e+00 -1.200000e+01
   endloop
 endfacet
 facet normal  9.922392e-01 -1.243437e-01  0.000000e+00
   outer loop
     vertex  1.328366e+01 -1.329231e+00 -1.200000e+01
     vertex  1.328366e+01 -1.329231e+00  0.000000e+00
     vertex  1.320089e+01 -1.989714e+00  0.000000e+00
   endloop
 endfacet
 facet normal  9.922392e-01 -1.243437e-01  0.000000e+00
   outer loop
     vertex  1.328366e+01 -1.329231e+00 -1.200000e+01
     vertex  1.320089e+01 -1.989714e+00  0.000000e+00
     vertex  1.320089e+01 -1.989714e+00 -1.200000e+01
   endloop
 endfacet
 facet normal  9.972038e-01 -7.473009e-02  0.000000e+00
   outer loop
     vertex  1.333340e+01 -6.654426e-01 -1.200000e+01
     vertex  1.333340e+01 -6.654426e-01  0.000000e+00
     vertex  1.328366e+01 -1.329231e+00  0.000000e+00
   endloop
 endfacet
 facet normal  9.972038e-01 -7.473009e-02  0.000000e+00
   outer loop
     vertex  1.333340e+01 -6.654426e-01 -1.200000e+01
     vertex  1.328366e+01 -1.329231e+00  0.000000e+00
     vertex  1.328366e+01 -1.329231e+00 -1.200000e+01
   endloop
 endfacet
 facet normal  9.996892e-01 -2.493069e-02  0.000000e+00
   outer loop
     vertex  1.335000e+01  0.000000e+00 -1.200000e+01
     vertex  1.335000e+01  0.000000e+00  0.000000e+00
     vertex  1.333340e+01 -6.654426e-01  0.000000e+00
   endloop
 endfacet
 facet normal  9.996892e-01 -2.493069e-02  0.000000e+00
   outer loop
     vertex  1.335000e+01  0.000000e+00 -1.200000e+01
     vertex  1.333340e+01 -6.654426e-01  0.000000e+00
     vertex  1.333340e+01 -6.654426e-01 -1.200000e+01
   endloop
 endfacet
 facet normal  0.000000e+00  0.000000e+00 -1.000000e+00
   outer loop
     vertex -1.022669e+01 -8.581215e+00 -1.200000e+01
     vertex -9.321462e+00 -9.556822e+00 -1.200000e+01
     vertex -9.786242e+00 -9.080306e+00 -1.200000e+01
   endloop
 endfacet
 facet normal  0.000000e+00  0.000000e+00 -1.000000e+00
   outer loop
     vertex -1.103029e+01 -7.520323e+00 -1.200000e+01
     vertex -9.321462e+00 -9.556822e+00 -1.200000e+01
     vertex -1.022669e+01 -8.581215e+00 -1.200000e+01
   endloop
 endfacet
 facet normal  0.000000e+00  0.000000e+00 -1.000000e+00
   outer loop
     vertex -1.103029e+01 -7.520323e+00 -1.200000e+01
     vertex -1.022669e+01 -8.581215e+00 -1.200000e+01
     vertex -1.064172e+01 -8.060789e+00 -1.200000e+01
   endloop
 endfacet
 facet normal  0.000000e+00  0.000000e+00 -1.000000e+00
   outer loop
     vertex -7.242993e+00 -1.121435e+01 -1.200000e+01
     vertex -8.833506e+00 -1.000958e+01 -1.200000e+01
     vertex -9.321462e+00 -9.556822e+00 -1.200000e+01
   endloop
 endfacet
 facet normal  0.000000e+00  0.000000e+00 -1.000000e+00
   outer loop
     vertex -7.242993e+00 -1.121435e+01 -1.200000e+01
     vertex -8.323589e+00 -1.043745e+01 -1.200000e+01
     vertex -8.833506e+00 -1.000958e+01 -1.200000e+01
   endloop
 endfacet
 facet normal  0.000000e+00  0.000000e+00 -1.000000e+00
   outer loop
     vertex -7.242993e+00 -1.121435e+01 -1.200000e+01
     vertex -7.792978e+00 -1.083937e+01 -1.200000e+01
     vertex -8.323589e+00 -1.043745e+01 -1.200000e+01
   endloop
 endfacet
 facet normal  0.000000e+00  0.000000e+00 -1.000000e+00
   outer loop
     vertex -6.675000e+00 -1.156144e+01 -1.200000e+01
     vertex -7.242993e+00 -1.121435e+01 -1.200000e+01
     vertex -9.321462e+00 -9.556822e+00 -1.200000e+01
   endloop
 endfacet
 facet normal  0.000000e+00  0.000000e+00 -1.000000e+00
   outer loop
     vertex -1.230171e+01 -5.185605e+00 -1.200000e+01
     vertex -1.172426e+01 -6.384691e+00 -1.200000e+01
     vertex -1.202793e+01 -5.792348e+00 -1.200000e+01
   endloop
 endfacet
 facet normal  0.000000e+00  0.000000e+00 -1.000000e+00
   outer loop
     vertex -1.230171e+01 -5.185605e+00 -1.200000e+01
     vertex -1.139143e+01 -6.961160e+00 -1.200000e+01
     vertex -1.172426e+01 -6.384691e+00 -1.200000e+01
   endloop
 endfacet
 facet normal  0.000000e+00  0.000000e+00 -1.000000e+00
   outer loop
     vertex -4.251797e+00 -1.265483e+01 -1.200000e+01
     vertex -6.090412e+00 -1.187979e+01 -1.200000e+01
     vertex -6.675000e+00 -1.156144e+01 -1.200000e+01
   endloop
 endfacet
 facet normal  0.000000e+00  0.000000e+00 -1.000000e+00
   outer loop
     vertex -4.251797e+00 -1.265483e+01 -1.200000e+01
     vertex -5.490683e+00 -1.216860e+01 -1.200000e+01
     vertex -6.090412e+00 -1.187979e+01 -1.200000e+01
   endloop
 endfacet
 facet normal  0.000000e+00  0.000000e+00 -1.000000e+00
   outer loop
     vertex -4.251797e+00 -1.265483e+01 -1.200000e+01
     vertex -4.877303e+00 -1.242716e+01 -1.200000e+01
     vertex -5.490683e+00 -1.216860e+01 -1.200000e+01
   endloop
 endfacet
 facet normal  0.000000e+00  0.000000e+00 -1.000000e+00
   outer loop
     vertex -1.275690e+01 -3.934982e+00 -1.200000e+01
     vertex -1.139143e+01 -6.961160e+00 -1.200000e+01
     vertex -1.230171e+01 -5.185605e+00 -1.200000e+01
   endloop
 endfacet
 facet normal  0.000000e+00  0.000000e+00 -1.000000e+00
   outer loop
     vertex -1.275690e+01 -3.934982e+00 -1.200000e+01
     vertex -1.230171e+01 -5.185605e+00 -1.200000e+01
     vertex -1.254490e+01 -4.565969e+00 -1.200000e+01
   endloop
 endfacet
 facet normal  0.000000e+00  0.000000e+00 -1.000000e+00
   outer loop
     vertex -1.275690e+01 -3.934982e+00 -1.200000e+01
     vertex -1.103029e+01 -7.520323e+00 -1.200000e+01
     vertex -1.139143e+01 -6.961160e+00 -1.200000e+01
   endloop
 endfacet
 facet normal  0.000000e+00  0.000000e+00 -1.000000e+00
   outer loop
     vertex -2.970654e+00 -1.301529e+01 -1.200000e+01
     vertex -3.615720e+00 -1.285103e+01 -1.200000e+01
     vertex -4.251797e+00 -1.265483e+01 -1.200000e+01
   endloop
 endfacet
 facet normal  0.000000e+00  0.000000e+00 -1.000000e+00
   outer loop
     vertex -1.308530e+01 -2.645251e+00 -1.200000e+01
     vertex -1.103029e+01 -7.520323e+00 -1.200000e+01
     vertex -1.275690e+01 -3.934982e+00 -1.200000e+01
   endloop
 endfacet
 facet normal  0.000000e+00  0.000000e+00 -1.000000e+00
   outer loop
     vertex -1.308530e+01 -2.645251e+00 -1.200000e+01
     vertex -1.275690e+01 -3.934982e+00 -1.200000e+01
     vertex -1.293718e+01 -3.294211e+00 -1.200000e+01
   endloop
 endfacet
 facet normal  0.000000e+00  0.000000e+00 -1.000000e+00
   outer loop
     vertex -2.318203e+00 -1.314718e+01 -1.200000e+01
     vertex -2.970654e+00 -1.301529e+01 -1.200000e+01
     vertex -4.251797e+00 -1.265483e+01 -1.200000e+01
   endloop
 endfacet
 facet normal  0.000000e+00  0.000000e+00 -1.000000e+00
   outer loop
     vertex -1.659988e+00 -1.324639e+01 -1.200000e+01
     vertex -6.675000e+00 -1.156144e+01 -1.200000e+01
     vertex -9.321462e+00 -9.556822e+00 -1.200000e+01
   endloop
 endfacet
 facet normal  0.000000e+00  0.000000e+00 -1.000000e+00
   outer loop
     vertex -1.659988e+00 -1.324639e+01 -1.200000e+01
     vertex -4.251797e+00 -1.265483e+01 -1.200000e+01
     vertex -6.675000e+00 -1.156144e+01 -1.200000e+01
   endloop
 endfacet
 facet normal  0.000000e+00  0.000000e+00 -1.000000e+00
   outer loop
     vertex -1.659988e+00 -1.324639e+01 -1.200000e+01
     vertex -2.318203e+00 -1.314718e+01 -1.200000e+01
     vertex -4.251797e+00 -1.265483e+01 -1.200000e+01
   endloop
 endfacet
 facet normal  0.000000e+00  0.000000e+00 -1.000000e+00
   outer loop
     vertex -1.335000e+01 -4.579382e-14 -1.200000e+01
     vertex -1.328366e+01 -1.329231e+00 -1.200000e+01
     vertex -1.333340e+01 -6.654426e-01 -1.200000e+01
   endloop
 endfacet
 facet normal  0.000000e+00  0.000000e+00 -1.000000e+00
   outer loop
     vertex -1.335000e+01 -4.579382e-14 -1.200000e+01
     vertex -1.320089e+01 -1.989714e+00 -1.200000e+01
     vertex -1.328366e+01 -1.329231e+00 -1.200000e+01
   endloop
 endfacet
 facet normal  0.000000e+00  0.000000e+00 -1.000000e+00
   outer loop
     vertex -1.335000e+01 -4.579382e-14 -1.200000e+01
     vertex -1.308530e+01 -2.645251e+00 -1.200000e+01
     vertex -1.320089e+01 -1.989714e+00 -1.200000e+01
   endloop
 endfacet
 facet normal  0.000000e+00  0.000000e+00 -1.000000e+00
   outer loop
     vertex  3.328247e-01 -1.334585e+01 -1.200000e+01
     vertex -9.976467e-01 -1.331267e+01 -1.200000e+01
     vertex -1.659988e+00 -1.324639e+01 -1.200000e+01
   endloop
 endfacet
 facet normal -0.000000e+00  0.000000e+00 -1.000000e+00
   outer loop
     vertex  3.328247e-01 -1.334585e+01 -1.200000e+01
     vertex -3.328247e-01 -1.334585e+01 -1.200000e+01
     vertex -9.976467e-01 -1.331267e+01 -1.200000e+01
   endloop
 endfacet
 facet normal  0.000000e+00  0.000000e+00 -1.000000e+00
   outer loop
     vertex -1.320089e+01  1.989714e+00 -1.200000e+01
     vertex -9.321462e+00 -9.556822e+00 -1.200000e+01
     vertex -1.103029e+01 -7.520323e+00 -1.200000e+01
   endloop
 endfacet
 facet normal  0.000000e+00  0.000000e+00 -1.000000e+00
   outer loop
     vertex -1.320089e+01  1.989714e+00 -1.200000e+01
     vertex -1.333340e+01  6.654426e-01 -1.200000e+01
     vertex -1.328366e+01  1.329231e+00 -1.200000e+01
   endloop
 endfacet
 facet normal  0.000000e+00  0.000000e+00 -1.000000e+00
   outer loop
     vertex -1.320089e+01  1.989714e+00 -1.200000e+01
     vertex -1.335000e+01 -4.579382e-14 -1.200000e+01
     vertex -1.333340e+01  6.654426e-01 -1.200000e+01
   endloop
 endfacet
 facet normal  0.000000e+00  0.000000e+00 -1.000000e+00
   outer loop
     vertex -1.320089e+01  1.989714e+00 -1.200000e+01
     vertex -1.103029e+01 -7.520323e+00 -1.200000e+01
     vertex -1.308530e+01 -2.645251e+00 -1.200000e+01
   endloop
 endfacet
 facet normal  0.000000e+00 -0.000000e+00 -1.000000e+00
   outer loop
     vertex -1.320089e+01  1.989714e+00 -1.200000e+01
     vertex -1.308530e+01 -2.645251e+00 -1.200000e+01
     vertex -1.335000e+01 -4.579382e-14 -1.200000e+01
   endloop
 endfacet
 facet normal  0.000000e+00  0.000000e+00 -1.000000e+00
   outer loop
     vertex  2.318203e+00 -1.314718e+01 -1.200000e+01
     vertex  9.976467e-01 -1.331267e+01 -1.200000e+01
     vertex  3.328247e-01 -1.334585e+01 -1.200000e+01
   endloop
 endfacet
 facet normal  0.000000e+00  0.000000e+00 -1.000000e+00
   outer loop
     vertex  2.318203e+00 -1.314718e+01 -1.200000e+01
     vertex  1.659988e+00 -1.324639e+01 -1.200000e+01
     vertex  9.976467e-01 -1.331267e+01 -1.200000e+01
   endloop
 endfacet
 facet normal  0.000000e+00  0.000000e+00 -1.000000e+00
   outer loop
     vertex  2.970654e+00 -1.301529e+01 -1.200000e+01
     vertex  2.318203e+00 -1.314718e+01 -1.200000e+01
     vertex  3.328247e-01 -1.334585e+01 -1.200000e+01
   endloop
 endfacet
 facet normal  0.000000e+00  0.000000e+00 -1.000000e+00
   outer loop
     vertex  4.251797e+00 -1.265483e+01 -1.200000e+01
     vertex  2.970654e+00 -1.301529e+01 -1.200000e+01
     vertex  3.328247e-01 -1.334585e+01 -1.200000e+01
   endloop
 endfacet
 facet normal  0.000000e+00  0.000000e+00 -1.000000e+00
   outer loop
     vertex  4.251797e+00 -1.265483e+01 -1.200000e+01
     vertex  3.328247e-01 -1.334585e+01 -1.200000e+01
     vertex -1.659988e+00 -1.324639e+01 -1.200000e+01
   endloop
 endfacet
 facet normal  0.000000e+00  0.000000e+00 -1.000000e+00
   outer loop
     vertex  4.251797e+00 -1.265483e+01 -1.200000e+01
     vertex  3.615720e+00 -1.285103e+01 -1.200000e+01
     vertex  2.970654e+00 -1.301529e+01 -1.200000e+01
   endloop
 endfacet
 facet normal  0.000000e+00  0.000000e+00 -1.000000e+00
   outer loop
     vertex -1.254490e+01  4.565969e+00 -1.200000e+01
     vertex -1.293718e+01  3.294211e+00 -1.200000e+01
     vertex -1.275690e+01  3.934982e+00 -1.200000e+01
   endloop
 endfacet
 facet normal  0.000000e+00  0.000000e+00 -1.000000e+00
   outer loop
     vertex -1.230171e+01  5.185605e+00 -1.200000e+01
     vertex -1.293718e+01  3.294211e+00 -1.200000e+01
     vertex -1.254490e+01  4.565969e+00 -1.200000e+01
   endloop
 endfacet
 facet normal  0.000000e+00  0.000000e+00 -1.000000e+00
   outer loop
     vertex  5.490683e+00 -1.216860e+01 -1.200000e+01
     vertex  4.877303e+00 -1.242716e+01 -1.200000e+01
     vertex  4.251797e+00 -1.265483e+01 -1.200000e+01
   endloop
 endfacet
 facet normal  0.000000e+00  0.000000e+00 -1.000000e+00
   outer loop
     vertex  5.490683e+00 -1.216860e+01 -1.200000e+01
     vertex  4.251797e+00 -1.265483e+01 -1.200000e+01
     vertex -1.659988e+00 -1.324639e+01 -1.200000e+01
   endloop
 endfacet
 facet normal  0.000000e+00  0.000000e+00 -1.000000e+00
   outer loop
     vertex -1.202793e+01  5.792348e+00 -1.200000e+01
     vertex -1.293718e+01  3.294211e+00 -1.200000e+01
     vertex -1.230171e+01  5.185605e+00 -1.200000e+01
   endloop
 endfacet
 facet normal  0.000000e+00  0.000000e+00 -1.000000e+00
   outer loop
     vertex  6.675000e+00 -1.156144e+01 -1.200000e+01
     vertex  6.090412e+00 -1.187979e+01 -1.200000e+01
     vertex  5.490683e+00 -1.216860e+01 -1.200000e+01
   endloop
 endfacet
 facet normal  0.000000e+00  0.000000e+00 -1.000000e+00
   outer loop
     vertex  6.675000e+00 -1.156144e+01 -1.200000e+01
     vertex  5.490683e+00 -1.216860e+01 -1.200000e+01
     vertex -1.659988e+00 -1.324639e+01 -1.200000e+01
   endloop
 endfacet
 facet normal  0.000000e+00  0.000000e+00 -1.000000e+00
   outer loop
     vertex  7.242993e+00 -1.121435e+01 -1.200000e+01
     vertex  6.675000e+00 -1.156144e+01 -1.200000e+01
     vertex -1.659988e+00 -1.324639e+01 -1.200000e+01
   endloop
 endfacet
 facet normal -0.000000e+00  0.000000e+00 -1.000000e+00
   outer loop
     vertex  7.242993e+00 -1.121435e+01 -1.200000e+01
     vertex -1.659988e+00 -1.324639e+01 -1.200000e+01
     vertex -9.321462e+00 -9.556822e+00 -1.200000e+01
   endloop
 endfacet
 facet normal  0.000000e+00  0.000000e+00 -1.000000e+00
   outer loop
     vertex -1.022669e+01  8.581215e+00 -1.200000e+01
     vertex -1.103029e+01  7.520323e+00 -1.200000e+01
     vertex -1.064172e+01  8.060789e+00 -1.200000e+01
   endloop
 endfacet
 facet normal  0.000000e+00  0.000000e+00 -1.000000e+00
   outer loop
     vertex -1.022669e+01  8.581215e+00 -1.200000e+01
     vertex -1.139143e+01  6.961160e+00 -1.200000e+01
     vertex -1.103029e+01  7.520323e+00 -1.200000e+01
   endloop
 endfacet
 facet normal  0.000000e+00  0.000000e+00 -1.000000e+00
   outer loop
     vertex -1.022669e+01  8.581215e+00 -1.200000e+01
     vertex -1.172426e+01  6.384691e+00 -1.200000e+01
     vertex -1.139143e+01  6.961160e+00 -1.200000e+01
   endloop
 endfacet
 facet normal  0.000000e+00  0.000000e+00 -1.000000e+00
   outer loop
     vertex -9.786242e+00  9.080306e+00 -1.200000e+01
     vertex -1.172426e+01  6.384691e+00 -1.200000e+01
     vertex -1.022669e+01  8.581215e+00 -1.200000e+01
   endloop
 endfacet
 facet normal  0.000000e+00  0.000000e+00 -1.000000e+00
   outer loop
     vertex  9.321462e+00 -9.556822e+00 -1.200000e+01
     vertex  7.792978e+00 -1.083937e+01 -1.200000e+01
     vertex  7.242993e+00 -1.121435e+01 -1.200000e+01
   endloop
 endfacet
 facet normal  0.000000e+00  0.000000e+00 -1.000000e+00
   outer loop
     vertex  9.321462e+00 -9.556822e+00 -1.200000e+01
     vertex  8.323589e+00 -1.043745e+01 -1.200000e+01
     vertex  7.792978e+00 -1.083937e+01 -1.200000e+01
   endloop
 endfacet
 facet normal  0.000000e+00  0.000000e+00 -1.000000e+00
   outer loop
     vertex  9.321462e+00 -9.556822e+00 -1.200000e+01
     vertex  8.833506e+00 -1.000958e+01 -1.200000e+01
     vertex  8.323589e+00 -1.043745e+01 -1.200000e+01
   endloop
 endfacet
 facet normal  0.000000e+00  0.000000e+00 -1.000000e+00
   outer loop
     vertex  9.786242e+00 -9.080306e+00 -1.200000e+01
     vertex  7.242993e+00 -1.121435e+01 -1.200000e+01
     vertex -9.321462e+00 -9.556822e+00 -1.200000e+01
   endloop
 endfacet
 facet normal  0.000000e+00  0.000000e+00 -1.000000e+00
   outer loop
     vertex  9.786242e+00 -9.080306e+00 -1.200000e+01
     vertex  9.321462e+00 -9.556822e+00 -1.200000e+01
     vertex  7.242993e+00 -1.121435e+01 -1.200000e+01
   endloop
 endfacet
 facet normal  0.000000e+00  0.000000e+00 -1.000000e+00
   outer loop
     vertex  9.786242e+00 -9.080306e+00 -1.200000e+01
     vertex -1.320089e+01  1.989714e+00 -1.200000e+01
     vertex -1.308530e+01  2.645251e+00 -1.200000e+01
   endloop
 endfacet
 facet normal -0.000000e+00  0.000000e+00 -1.000000e+00
   outer loop
     vertex  9.786242e+00 -9.080306e+00 -1.200000e+01
     vertex -9.321462e+00 -9.556822e+00 -1.200000e+01
     vertex -1.320089e+01  1.989714e+00 -1.200000e+01
   endloop
 endfacet
 facet normal  0.000000e+00  0.000000e+00 -1.000000e+00
   outer loop
     vertex  1.022669e+01 -8.581215e+00 -1.200000e+01
     vertex -1.293718e+01  3.294211e+00 -1.200000e+01
     vertex -1.202793e+01  5.792348e+00 -1.200000e+01
   endloop
 endfacet
 facet normal  0.000000e+00  0.000000e+00 -1.000000e+00
   outer loop
     vertex  1.022669e+01 -8.581215e+00 -1.200000e+01
     vertex -1.202793e+01  5.792348e+00 -1.200000e+01
     vertex -1.172426e+01  6.384691e+00 -1.200000e+01
   endloop
 endfacet
 facet normal -0.000000e+00  0.000000e+00 -1.000000e+00
   outer loop
     vertex  1.022669e+01 -8.581215e+00 -1.200000e+01
     vertex  9.786242e+00 -9.080306e+00 -1.200000e+01
     vertex -1.308530e+01  2.645251e+00 -1.200000e+01
   endloop
 endfacet
 facet normal  0.000000e+00  0.000000e+00 -1.000000e+00
   outer loop
     vertex  1.022669e+01 -8.581215e+00 -1.200000e+01
     vertex -1.308530e+01  2.645251e+00 -1.200000e+01
     vertex -1.293718e+01  3.294211e+00 -1.200000e+01
   endloop
 endfacet
 facet normal  0.000000e+00  0.000000e+00 -1.000000e+00
   outer loop
     vertex -8.323589e+00  1.043745e+01 -1.200000e+01
     vertex -9.321462e+00  9.556822e+00 -1.200000e+01
     vertex -8.833506e+00  1.000958e+01 -1.200000e+01
   endloop
 endfacet
 facet normal  0.000000e+00  0.000000e+00 -1.000000e+00
   outer loop
     vertex -8.323589e+00  1.043745e+01 -1.200000e+01
     vertex -9.786242e+00  9.080306e+00 -1.200000e+01
     vertex -9.321462e+00  9.556822e+00 -1.200000e+01
   endloop
 endfacet
 facet normal  0.000000e+00  0.000000e+00 -1.000000e+00
   outer loop
     vertex -7.242993e+00  1.121435e+01 -1.200000e+01
     vertex -1.172426e+01  6.384691e+00 -1.200000e+01
     vertex -9.786242e+00  9.080306e+00 -1.200000e+01
   endloop
 endfacet
 facet normal  0.000000e+00  0.000000e+00 -1.000000e+00
   outer loop
     vertex -7.242993e+00  1.121435e+01 -1.200000e+01
     vertex -8.323589e+00  1.043745e+01 -1.200000e+01
     vertex -7.792978e+00  1.083937e+01 -1.200000e+01
   endloop
 endfacet
 facet normal  0.000000e+00  0.000000e+00 -1.000000e+00
   outer loop
     vertex -7.242993e+00  1.121435e+01 -1.200000e+01
     vertex -9.786242e+00  9.080306e+00 -1.200000e+01
     vertex -8.323589e+00  1.043745e+01 -1.200000e+01
   endloop
 endfacet
 facet normal  0.000000e+00  0.000000e+00 -1.000000e+00
   outer loop
     vertex  1.139143e+01 -6.961160e+00 -1.200000e+01
     vertex  1.103029e+01 -7.520323e+00 -1.200000e+01
     vertex  1.064172e+01 -8.060789e+00 -1.200000e+01
   endloop
 endfacet
 facet normal  0.000000e+00  0.000000e+00 -1.000000e+00
   outer loop
     vertex  1.172426e+01 -6.384691e+00 -1.200000e+01
     vertex  1.139143e+01 -6.961160e+00 -1.200000e+01
     vertex  1.064172e+01 -8.060789e+00 -1.200000e+01
   endloop
 endfacet
 facet normal  0.000000e+00  0.000000e+00 -1.000000e+00
   outer loop
     vertex -6.090412e+00  1.187979e+01 -1.200000e+01
     vertex -7.242993e+00  1.121435e+01 -1.200000e+01
     vertex -6.675000e+00  1.156144e+01 -1.200000e+01
   endloop
 endfacet
 facet normal  0.000000e+00  0.000000e+00 -1.000000e+00
   outer loop
     vertex -6.090412e+00  1.187979e+01 -1.200000e+01
     vertex -1.172426e+01  6.384691e+00 -1.200000e+01
     vertex -7.242993e+00  1.121435e+01 -1.200000e+01
   endloop
 endfacet
 facet normal  0.000000e+00  0.000000e+00 -1.000000e+00
   outer loop
     vertex  1.202793e+01 -5.792348e+00 -1.200000e+01
     vertex  1.064172e+01 -8.060789e+00 -1.200000e+01
     vertex  1.022669e+01 -8.581215e+00 -1.200000e+01
   endloop
 endfacet
 facet normal -0.000000e+00  0.000000e+00 -1.000000e+00
   outer loop
     vertex  1.202793e+01 -5.792348e+00 -1.200000e+01
     vertex  1.022669e+01 -8.581215e+00 -1.200000e+01
     vertex -1.172426e+01  6.384691e+00 -1.200000e+01
   endloop
 endfacet
 facet normal  0.000000e+00  0.000000e+00 -1.000000e+00
   outer loop
     vertex  1.202793e+01 -5.792348e+00 -1.200000e+01
     vertex  1.172426e+01 -6.384691e+00 -1.200000e+01
     vertex  1.064172e+01 -8.060789e+00 -1.200000e+01
   endloop
 endfacet
 facet normal  0.000000e+00  0.000000e+00 -1.000000e+00
   outer loop
     vertex -4.877303e+00  1.242716e+01 -1.200000e+01
     vertex -6.090412e+00  1.187979e+01 -1.200000e+01
     vertex -5.490683e+00  1.216860e+01 -1.200000e+01
   endloop
 endfacet
 facet normal  0.000000e+00  0.000000e+00 -1.000000e+00
   outer loop
     vertex  1.254490e+01 -4.565969e+00 -1.200000e+01
     vertex  1.230171e+01 -5.185605e+00 -1.200000e+01
     vertex  1.202793e+01 -5.792348e+00 -1.200000e+01
   endloop
 endfacet
 facet normal  0.000000e+00  0.000000e+00 -1.000000e+00
   outer loop
     vertex -4.251797e+00  1.265483e+01 -1.200000e+01
     vertex -6.090412e+00  1.187979e+01 -1.200000e+01
     vertex -4.877303e+00  1.242716e+01 -1.200000e+01
   endloop
 endfacet
 facet normal  0.000000e+00  0.000000e+00 -1.000000e+00
   outer loop
     vertex  1.293718e+01 -3.294211e+00 -1.200000e+01
     vertex  1.275690e+01 -3.934982e+00 -1.200000e+01
     vertex  1.254490e+01 -4.565969e+00 -1.200000e+01
   endloop
 endfacet
 facet normal  0.000000e+00  0.000000e+00 -1.000000e+00
   outer loop
     vertex  1.293718e+01 -3.294211e+00 -1.200000e+01
     vertex  1.254490e+01 -4.565969e+00 -1.200000e+01
     vertex  1.202793e+01 -5.792348e+00 -1.200000e+01
   endloop
 endfacet
 facet normal  0.000000e+00  0.000000e+00 -1.000000e+00
   outer loop
     vertex -2.318203e+00  1.314718e+01 -1.200000e+01
     vertex -3.615720e+00  1.285103e+01 -1.200000e+01
     vertex -2.970654e+00  1.301529e+01 -1.200000e+01
   endloop
 endfacet
 facet normal  0.000000e+00  0.000000e+00 -1.000000e+00
   outer loop
     vertex  1.328366e+01 -1.329231e+00 -1.200000e+01
     vertex  1.308530e+01 -2.645251e+00 -1.200000e+01
     vertex  1.293718e+01 -3.294211e+00 -1.200000e+01
   endloop
 endfacet
 facet normal  0.000000e+00  0.000000e+00 -1.000000e+00
   outer loop
     vertex  1.328366e+01 -1.329231e+00 -1.200000e+01
     vertex  1.320089e+01 -1.989714e+00 -1.200000e+01
     vertex  1.308530e+01 -2.645251e+00 -1.200000e+01
   endloop
 endfacet
 facet normal  0.000000e+00  0.000000e+00 -1.000000e+00
   outer loop
     vertex -9.976467e-01  1.331267e+01 -1.200000e+01
     vertex -3.615720e+00  1.285103e+01 -1.200000e+01
     vertex -2.318203e+00  1.314718e+01 -1.200000e+01
   endloop
 endfacet
 facet normal  0.000000e+00  0.000000e+00 -1.000000e+00
   outer loop
     vertex -9.976467e-01  1.331267e+01 -1.200000e+01
     vertex -2.318203e+00  1.314718e+01 -1.200000e+01
     vertex -1.659988e+00  1.324639e+01 -1.200000e+01
   endloop
 endfacet
 facet normal  0.000000e+00  0.000000e+00 -1.000000e+00
   outer loop
     vertex  1.333340e+01 -6.654426e-01 -1.200000e+01
     vertex  1.328366e+01 -1.329231e+00 -1.200000e+01
     vertex  1.293718e+01 -3.294211e+00 -1.200000e+01
   endloop
 endfacet
 facet normal  0.000000e+00  0.000000e+00 -1.000000e+00
   outer loop
     vertex  1.333340e+01 -6.654426e-01 -1.200000e+01
     vertex  1.293718e+01 -3.294211e+00 -1.200000e+01
     vertex  1.202793e+01 -5.792348e+00 -1.200000e+01
   endloop
 endfacet
 facet normal  0.000000e+00  0.000000e+00 -1.000000e+00
   outer loop
     vertex  1.335000e+01  0.000000e+00 -1.200000e+01
     vertex  1.333340e+01 -6.654426e-01 -1.200000e+01
     vertex  1.202793e+01 -5.792348e+00 -1.200000e+01
   endloop
 endfacet
 facet normal -0.000000e+00  0.000000e+00 -1.000000e+00
   outer loop
     vertex  9.976467e-01  1.331267e+01 -1.200000e+01
     vertex -3.615720e+00  1.285103e+01 -1.200000e+01
     vertex -9.976467e-01  1.331267e+01 -1.200000e+01
   endloop
 endfacet
 facet normal  0.000000e+00  0.000000e+00 -1.000000e+00
   outer loop
     vertex  9.976467e-01  1.331267e+01 -1.200000e+01
     vertex -3.328247e-01  1.334585e+01 -1.200000e+01
     vertex  3.328247e-01  1.334585e+01 -1.200000e+01
   endloop
 endfacet
 facet normal  0.000000e+00  0.000000e+00 -1.000000e+00
   outer loop
     vertex  9.976467e-01  1.331267e+01 -1.200000e+01
     vertex -9.976467e-01  1.331267e+01 -1.200000e+01
     vertex -3.328247e-01  1.334585e+01 -1.200000e+01
   endloop
 endfacet
 facet normal  0.000000e+00  0.000000e+00 -1.000000e+00
   outer loop
     vertex  9.976467e-01  1.331267e+01 -1.200000e+01
     vertex -4.251797e+00  1.265483e+01 -1.200000e+01
     vertex -3.615720e+00  1.285103e+01 -1.200000e+01
   endloop
 endfacet
 facet normal  0.000000e+00  0.000000e+00 -1.000000e+00
   outer loop
     vertex  1.328366e+01  1.329231e+00 -1.200000e+01
     vertex  1.333340e+01  6.654426e-01 -1.200000e+01
     vertex  1.335000e+01  0.000000e+00 -1.200000e+01
   endloop
 endfacet
 facet normal  0.000000e+00 -0.000000e+00 -1.000000e+00
   outer loop
     vertex  1.328366e+01  1.329231e+00 -1.200000e+01
     vertex  1.335000e+01  0.000000e+00 -1.200000e+01
     vertex  1.202793e+01 -5.792348e+00 -1.200000e+01
   endloop
 endfacet
 facet normal  0.000000e+00  0.000000e+00 -1.000000e+00
   outer loop
     vertex  2.318203e+00  1.314718e+01 -1.200000e+01
     vertex  9.976467e-01  1.331267e+01 -1.200000e+01
     vertex  1.659988e+00  1.324639e+01 -1.200000e+01
   endloop
 endfacet
 facet normal  0.000000e+00  0.000000e+00 -1.000000e+00
   outer loop
     vertex  2.970654e+00  1.301529e+01 -1.200000e+01
     vertex  9.976467e-01  1.331267e+01 -1.200000e+01
     vertex  2.318203e+00  1.314718e+01 -1.200000e+01
   endloop
 endfacet
 facet normal  0.000000e+00  0.000000e+00 -1.000000e+00
   outer loop
     vertex  1.293718e+01  3.294211e+00 -1.200000e+01
     vertex  1.320089e+01  1.989714e+00 -1.200000e+01
     vertex  1.328366e+01  1.329231e+00 -1.200000e+01
   endloop
 endfacet
 facet normal  0.000000e+00  0.000000e+00 -1.000000e+00
   outer loop
     vertex  1.293718e+01  3.294211e+00 -1.200000e+01
     vertex  1.308530e+01  2.645251e+00 -1.200000e+01
     vertex  1.320089e+01  1.989714e+00 -1.200000e+01
   endloop
 endfacet
 facet normal  0.000000e+00  0.000000e+00 -1.000000e+00
   outer loop
     vertex  3.615720e+00  1.285103e+01 -1.200000e+01
     vertex  9.976467e-01  1.331267e+01 -1.200000e+01
     vertex  2.970654e+00  1.301529e+01 -1.200000e+01
   endloop
 endfacet
 facet normal  0.000000e+00  0.000000e+00 -1.000000e+00
   outer loop
     vertex  4.251797e+00  1.265483e+01 -1.200000e+01
     vertex  9.976467e-01  1.331267e+01 -1.200000e+01
     vertex  3.615720e+00  1.285103e+01 -1.200000e+01
   endloop
 endfacet
 facet normal  0.000000e+00  0.000000e+00 -1.000000e+00
   outer loop
     vertex  4.251797e+00  1.265483e+01 -1.200000e+01
     vertex -1.172426e+01  6.384691e+00 -1.200000e+01
     vertex -6.090412e+00  1.187979e+01 -1.200000e+01
   endloop
 endfacet
 facet normal  0.000000e+00  0.000000e+00 -1.000000e+00
   outer loop
     vertex  4.251797e+00  1.265483e+01 -1.200000e+01
     vertex -4.251797e+00  1.265483e+01 -1.200000e+01
     vertex  9.976467e-01  1.331267e+01 -1.200000e+01
   endloop
 endfacet
 facet normal -0.000000e+00  0.000000e+00 -1.000000e+00
   outer loop
     vertex  4.251797e+00  1.265483e+01 -1.200000e+01
     vertex -6.090412e+00  1.187979e+01 -1.200000e+01
     vertex -4.251797e+00  1.265483e+01 -1.200000e+01
   endloop
 endfacet
 facet normal  0.000000e+00  0.000000e+00 -1.000000e+00
   outer loop
     vertex  1.254490e+01  4.565969e+00 -1.200000e+01
     vertex  1.275690e+01  3.934982e+00 -1.200000e+01
     vertex  1.293718e+01  3.294211e+00 -1.200000e+01
   endloop
 endfacet
 facet normal  0.000000e+00  0.000000e+00 -1.000000e+00
   outer loop
     vertex  1.254490e+01  4.565969e+00 -1.200000e+01
     vertex  1.293718e+01  3.294211e+00 -1.200000e+01
     vertex  1.328366e+01  1.329231e+00 -1.200000e+01
   endloop
 endfacet
 facet normal -0.000000e+00  0.000000e+00 -1.000000e+00
   outer loop
     vertex  4.877303e+00  1.242716e+01 -1.200000e+01
     vertex -1.172426e+01  6.384691e+00 -1.200000e+01
     vertex  4.251797e+00  1.265483e+01 -1.200000e+01
   endloop
 endfacet
 facet normal  0.000000e+00  0.000000e+00 -1.000000e+00
   outer loop
     vertex  1.202793e+01  5.792348e+00 -1.200000e+01
     vertex  1.230171e+01  5.185605e+00 -1.200000e+01
     vertex  1.254490e+01  4.565969e+00 -1.200000e+01
   endloop
 endfacet
 facet normal  0.000000e+00  0.000000e+00 -1.000000e+00
   outer loop
     vertex  1.202793e+01  5.792348e+00 -1.200000e+01
     vertex  1.328366e+01  1.329231e+00 -1.200000e+01
     vertex  1.202793e+01 -5.792348e+00 -1.200000e+01
   endloop
 endfacet
 facet normal  0.000000e+00  0.000000e+00 -1.000000e+00
   outer loop
     vertex  1.202793e+01  5.792348e+00 -1.200000e+01
     vertex  1.254490e+01  4.565969e+00 -1.200000e+01
     vertex  1.328366e+01  1.329231e+00 -1.200000e+01
   endloop
 endfacet
 facet normal  0.000000e+00  0.000000e+00 -1.000000e+00
   outer loop
     vertex  1.172426e+01  6.384691e+00 -1.200000e+01
     vertex  1.202793e+01  5.792348e+00 -1.200000e+01
     vertex  1.202793e+01 -5.792348e+00 -1.200000e+01
   endloop
 endfacet
 facet normal  0.000000e+00  0.000000e+00 -1.000000e+00
   outer loop
     vertex  1.139143e+01  6.961160e+00 -1.200000e+01
     vertex  1.172426e+01  6.384691e+00 -1.200000e+01
     vertex  1.202793e+01 -5.792348e+00 -1.200000e+01
   endloop
 endfacet
 facet normal  0.000000e+00  0.000000e+00 -1.000000e+00
   outer loop
     vertex  7.242993e+00  1.121435e+01 -1.200000e+01
     vertex  6.090412e+00  1.187979e+01 -1.200000e+01
     vertex  6.675000e+00  1.156144e+01 -1.200000e+01
   endloop
 endfacet
 facet normal  0.000000e+00  0.000000e+00 -1.000000e+00
   outer loop
     vertex  7.242993e+00  1.121435e+01 -1.200000e+01
     vertex  5.490683e+00  1.216860e+01 -1.200000e+01
     vertex  6.090412e+00  1.187979e+01 -1.200000e+01
   endloop
 endfacet
 facet normal  0.000000e+00  0.000000e+00 -1.000000e+00
   outer loop
     vertex  7.242993e+00  1.121435e+01 -1.200000e+01
     vertex  4.877303e+00  1.242716e+01 -1.200000e+01
     vertex  5.490683e+00  1.216860e+01 -1.200000e+01
   endloop
 endfacet
 facet normal  0.000000e+00  0.000000e+00 -1.000000e+00
   outer loop
     vertex  1.064172e+01  8.060789e+00 -1.200000e+01
     vertex  1.103029e+01  7.520323e+00 -1.200000e+01
     vertex  1.139143e+01  6.961160e+00 -1.200000e+01
   endloop
 endfacet
 facet normal  0.000000e+00  0.000000e+00 -1.000000e+00
   outer loop
     vertex  8.323589e+00  1.043745e+01 -1.200000e+01
     vertex  7.242993e+00  1.121435e+01 -1.200000e+01
     vertex  7.792978e+00  1.083937e+01 -1.200000e+01
   endloop
 endfacet
 facet normal  0.000000e+00  0.000000e+00 -1.000000e+00
   outer loop
     vertex  9.786242e+00  9.080306e+00 -1.200000e+01
     vertex  1.022669e+01  8.581215e+00 -1.200000e+01
     vertex  1.064172e+01  8.060789e+00 -1.200000e+01
   endloop
 endfacet
 facet normal  0.000000e+00  0.000000e+00 -1.000000e+00
   outer loop
     vertex  9.786242e+00  9.080306e+00 -1.200000e+01
     vertex  1.139143e+01  6.961160e+00 -1.200000e+01
     vertex  1.202793e+01 -5.792348e+00 -1.200000e+01
   endloop
 endfacet
 facet normal  0.000000e+00  0.000000e+00 -1.000000e+00
   outer loop
     vertex  9.786242e+00  9.080306e+00 -1.200000e+01
     vertex  1.064172e+01  8.060789e+00 -1.200000e+01
     vertex  1.139143e+01  6.961160e+00 -1.200000e+01
   endloop
 endfacet
 facet normal  0.000000e+00 -0.000000e+00 -1.000000e+00
   outer loop
     vertex  9.786242e+00  9.080306e+00 -1.200000e+01
     vertex  1.202793e+01 -5.792348e+00 -1.200000e+01
     vertex -1.172426e+01  6.384691e+00 -1.200000e+01
   endloop
 endfacet
 facet normal  0.000000e+00  0.000000e+00 -1.000000e+00
   outer loop
     vertex  9.321462e+00  9.556822e+00 -1.200000e+01
     vertex  8.323589e+00  1.043745e+01 -1.200000e+01
     vertex  8.833506e+00  1.000958e+01 -1.200000e+01
   endloop
 endfacet
 facet normal -0.000000e+00  0.000000e+00 -1.000000e+00
   outer loop
     vertex  9.321462e+00  9.556822e+00 -1.200000e+01
     vertex -1.172426e+01  6.384691e+00 -1.200000e+01
     vertex  4.877303e+00  1.242716e+01 -1.200000e+01
   endloop
 endfacet
 facet normal  0.000000e+00 -0.000000e+00 -1.000000e+00
   outer loop
     vertex  9.321462e+00  9.556822e+00 -1.200000e+01
     vertex  9.786242e+00  9.080306e+00 -1.200000e+01
     vertex -1.172426e+01  6.384691e+00 -1.200000e+01
   endloop
 endfacet
 facet normal  0.000000e+00  0.000000e+00 -1.000000e+00
   outer loop
     vertex  9.321462e+00  9.556822e+00 -1.200000e+01
     vertex  4.877303e+00  1.242716e+01 -1.200000e+01
     vertex  7.242993e+00  1.121435e+01 -1.200000e+01
   endloop
 endfacet
 facet normal  0.000000e+00  0.000000e+00 -1.000000e+00
   outer loop
     vertex  9.321462e+00  9.556822e+00 -1.200000e+01
     vertex  7.242993e+00  1.121435e+01 -1.200000e+01
     vertex  8.323589e+00  1.043745e+01 -1.200000e+01
   endloop
 endfacet
 facet normal  0.000000e+00  0.000000e+00  1.000000e+00
   outer loop
     vertex -1.022669e+01 -8.581215e+00  0.000000e+00
     vertex -9.786242e+00 -9.080306e+00  0.000000e+00
     vertex -9.321462e+00 -9.556822e+00  0.000000e+00
   endloop
 endfacet
 facet normal  0.000000e+00  0.000000e+00  1.000000e+00
   outer loop
     vertex -1.103029e+01 -7.520323e+00  0.000000e+00
     vertex -1.022669e+01 -8.581215e+00  0.000000e+00
     vertex -9.321462e+00 -9.556822e+00  0.000000e+00
   endloop
 endfacet
 facet normal  0.000000e+00  0.000000e+00  1.000000e+00
   outer loop
     vertex -1.103029e+01 -7.520323e+00  0.000000e+00
     vertex -1.064172e+01 -8.060789e+00  0.000000e+00
     vertex -1.022669e+01 -8.581215e+00  0.000000e+00
   endloop
 endfacet
 facet normal  0.000000e+00  0.000000e+00  1.000000e+00
   outer loop
     vertex -7.242993e+00 -1.121435e+01  0.000000e+00
     vertex -9.321462e+00 -9.556822e+00  0.000000e+00
     vertex -8.833506e+00 -1.000958e+01  0.000000e+00
   endloop
 endfacet
 facet normal  0.000000e+00  0.000000e+00  1.000000e+00
   outer loop
     vertex -7.242993e+00 -1.121435e+01  0.000000e+00
     vertex -8.833506e+00 -1.000958e+01  0.000000e+00
     vertex -8.323589e+00 -1.043745e+01  0.000000e+00
   endloop
 endfacet
 facet normal  0.000000e+00  0.000000e+00  1.000000e+00
   outer loop
     vertex -7.242993e+00 -1.121435e+01  0.000000e+00
     vertex -8.323589e+00 -1.043745e+01  0.000000e+00
     vertex -7.792978e+00 -1.083937e+01  0.000000e+00
   endloop
 endfacet
 facet normal  0.000000e+00  0.000000e+00  1.000000e+00
   outer loop
     vertex -6.675000e+00 -1.156144e+01  0.000000e+00
     vertex -9.321462e+00 -9.556822e+00  0.000000e+00
     vertex -7.242993e+00 -1.121435e+01  0.000000e+00
   endloop
 endfacet
 facet normal  0.000000e+00  0.000000e+00  1.000000e+00
   outer loop
     vertex -1.230171e+01 -5.185605e+00  0.000000e+00
     vertex -1.202793e+01 -5.792348e+00  0.000000e+00
     vertex -1.172426e+01 -6.384691e+00  0.000000e+00
   endloop
 endfacet
 facet normal  0.000000e+00  0.000000e+00  1.000000e+00
   outer loop
     vertex -1.230171e+01 -5.185605e+00  0.000000e+00
     vertex -1.172426e+01 -6.384691e+00  0.000000e+00
     vertex -1.139143e+01 -6.961160e+00  0.000000e+00
   endloop
 endfacet
 facet normal  0.000000e+00  0.000000e+00  1.000000e+00
   outer loop
     vertex -4.251797e+00 -1.265483e+01  0.000000e+00
     vertex -6.675000e+00 -1.156144e+01  0.000000e+00
     vertex -6.090412e+00 -1.187979e+01  0.000000e+00
   endloop
 endfacet
 facet normal  0.000000e+00  0.000000e+00  1.000000e+00
   outer loop
     vertex -4.251797e+00 -1.265483e+01  0.000000e+00
     vertex -6.090412e+00 -1.187979e+01  0.000000e+00
     vertex -5.490683e+00 -1.216860e+01  0.000000e+00
   endloop
 endfacet
 facet normal  0.000000e+00  0.000000e+00  1.000000e+00
   outer loop
     vertex -4.251797e+00 -1.265483e+01  0.000000e+00
     vertex -5.490683e+00 -1.216860e+01  0.000000e+00
     vertex -4.877303e+00 -1.242716e+01  0.000000e+00
   endloop
 endfacet
 facet normal  0.000000e+00  0.000000e+00  1.000000e+00
   outer loop
     vertex -1.275690e+01 -3.934982e+00  0.000000e+00
     vertex -1.230171e+01 -5.185605e+00  0.000000e+00
     vertex -1.139143e+01 -6.961160e+00  0.000000e+00
   endloop
 endfacet
 facet normal  0.000000e+00  0.000000e+00  1.000000e+00
   outer loop
     vertex -1.275690e+01 -3.934982e+00  0.000000e+00
     vertex -1.254490e+01 -4.565969e+00  0.000000e+00
     vertex -1.230171e+01 -5.185605e+00  0.000000e+00
   endloop
 endfacet
 facet normal  0.000000e+00  0.000000e+00  1.000000e+00
   outer loop
     vertex -1.275690e+01 -3.934982e+00  0.000000e+00
     vertex -1.139143e+01 -6.961160e+00  0.000000e+00
     vertex -1.103029e+01 -7.520323e+00  0.000000e+00
   endloop
 endfacet
 facet normal  0.000000e+00  0.000000e+00  1.000000e+00
   outer loop
     vertex -2.970654e+00 -1.301529e+01  0.000000e+00
     vertex -4.251797e+00 -1.265483e+01  0.000000e+00
     vertex -3.615720e+00 -1.285103e+01  0.000000e+00
   endloop
 endfacet
 facet normal  0.000000e+00  0.000000e+00  1.000000e+00
   outer loop
     vertex -1.308530e+01 -2.645251e+00  0.000000e+00
     vertex -1.275690e+01 -3.934982e+00  0.000000e+00
     vertex -1.103029e+01 -7.520323e+00  0.000000e+00
   endloop
 endfacet
 facet normal  0.000000e+00  0.000000e+00  1.000000e+00
   outer loop
     vertex -1.308530e+01 -2.645251e+00  0.000000e+00
     vertex -1.293718e+01 -3.294211e+00  0.000000e+00
     vertex -1.275690e+01 -3.934982e+00  0.000000e+00
   endloop
 endfacet
 facet normal  0.000000e+00  0.000000e+00  1.000000e+00
   outer loop
     vertex -2.318203e+00 -1.314718e+01  0.000000e+00
     vertex -4.251797e+00 -1.265483e+01  0.000000e+00
     vertex -2.970654e+00 -1.301529e+01  0.000000e+00
   endloop
 endfacet
 facet normal  0.000000e+00  0.000000e+00  1.000000e+00
   outer loop
     vertex -1.659988e+00 -1.324639e+01  0.000000e+00
     vertex -9.321462e+00 -9.556822e+00  0.000000e+00
     vertex -6.675000e+00 -1.156144e+01  0.000000e+00
   endloop
 endfacet
 facet normal  0.000000e+00  0.000000e+00  1.000000e+00
   outer loop
     vertex -1.659988e+00 -1.324639e+01  0.000000e+00
     vertex -6.675000e+00 -1.156144e+01  0.000000e+00
     vertex -4.251797e+00 -1.265483e+01  0.000000e+00
   endloop
 endfacet
 facet normal  0.000000e+00  0.000000e+00  1.000000e+00
   outer loop
     vertex -1.659988e+00 -1.324639e+01  0.000000e+00
     vertex -4.251797e+00 -1.265483e+01  0.000000e+00
     vertex -2.318203e+00 -1.314718e+01  0.000000e+00
   endloop
 endfacet
 facet normal  0.000000e+00  0.000000e+00  1.000000e+00
   outer loop
     vertex -1.335000e+01 -4.579382e-14  0.000000e+00
     vertex -1.333340e+01 -6.654426e-01  0.000000e+00
     vertex -1.328366e+01 -1.329231e+00  0.000000e+00
   endloop
 endfacet
 facet normal  0.000000e+00  0.000000e+00  1.000000e+00
   outer loop
     vertex -1.335000e+01 -4.579382e-14  0.000000e+00
     vertex -1.328366e+01 -1.329231e+00  0.000000e+00
     vertex -1.320089e+01 -1.989714e+00  0.000000e+00
   endloop
 endfacet
 facet normal  0.000000e+00  0.000000e+00  1.000000e+00
   outer loop
     vertex -1.335000e+01 -4.579382e-14  0.000000e+00
     vertex -1.320089e+01 -1.989714e+00  0.000000e+00
     vertex -1.308530e+01 -2.645251e+00  0.000000e+00
   endloop
 endfacet
 facet normal  0.000000e+00  0.000000e+00  1.000000e+00
   outer loop
     vertex  3.328247e-01 -1.334585e+01  0.000000e+00
     vertex -1.659988e+00 -1.324639e+01  0.000000e+00
     vertex -9.976467e-01 -1.331267e+01  0.000000e+00
   endloop
 endfacet
 facet normal  0.000000e+00  0.000000e+00  1.000000e+00
   outer loop
     vertex  3.328247e-01 -1.334585e+01  0.000000e+00
     vertex -9.976467e-01 -1.331267e+01  0.000000e+00
     vertex -3.328247e-01 -1.334585e+01  0.000000e+00
   endloop
 endfacet
 facet normal  0.000000e+00  0.000000e+00  1.000000e+00
   outer loop
     vertex -1.320089e+01  1.989714e+00  0.000000e+00
     vertex -1.103029e+01 -7.520323e+00  0.000000e+00
     vertex -9.321462e+00 -9.556822e+00  0.000000e+00
   endloop
 endfacet
 facet normal  0.000000e+00  0.000000e+00  1.000000e+00
   outer loop
     vertex -1.320089e+01  1.989714e+00  0.000000e+00
     vertex -1.328366e+01  1.329231e+00  0.000000e+00
     vertex -1.333340e+01  6.654426e-01  0.000000e+00
   endloop
 endfacet
 facet normal  0.000000e+00  0.000000e+00  1.000000e+00
   outer loop
     vertex -1.320089e+01  1.989714e+00  0.000000e+00
     vertex -1.333340e+01  6.654426e-01  0.000000e+00
     vertex -1.335000e+01 -4.579382e-14  0.000000e+00
   endloop
 endfacet
 facet normal  0.000000e+00  0.000000e+00  1.000000e+00
   outer loop
     vertex -1.320089e+01  1.989714e+00  0.000000e+00
     vertex -1.308530e+01 -2.645251e+00  0.000000e+00
     vertex -1.103029e+01 -7.520323e+00  0.000000e+00
   endloop
 endfacet
 facet normal  0.000000e+00  0.000000e+00  1.000000e+00
   outer loop
     vertex -1.320089e+01  1.989714e+00  0.000000e+00
     vertex -1.335000e+01 -4.579382e-14  0.000000e+00
     vertex -1.308530e+01 -2.645251e+00  0.000000e+00
   endloop
 endfacet
 facet normal  0.000000e+00  0.000000e+00  1.000000e+00
   outer loop
     vertex  2.318203e+00 -1.314718e+01  0.000000e+00
     vertex  3.328247e-01 -1.334585e+01  0.000000e+00
     vertex  9.976467e-01 -1.331267e+01  0.000000e+00
   endloop
 endfacet
 facet normal  0.000000e+00  0.000000e+00  1.000000e+00
   outer loop
     vertex  2.318203e+00 -1.314718e+01  0.000000e+00
     vertex  9.976467e-01 -1.331267e+01  0.000000e+00
     vertex  1.659988e+00 -1.324639e+01  0.000000e+00
   endloop
 endfacet
 facet normal  0.000000e+00  0.000000e+00  1.000000e+00
   outer loop
     vertex  2.970654e+00 -1.301529e+01  0.000000e+00
     vertex  3.328247e-01 -1.334585e+01  0.000000e+00
     vertex  2.318203e+00 -1.314718e+01  0.000000e+00
   endloop
 endfacet
 facet normal  0.000000e+00  0.000000e+00  1.000000e+00
   outer loop
     vertex  4.251797e+00 -1.265483e+01  0.000000e+00
     vertex  3.328247e-01 -1.334585e+01  0.000000e+00
     vertex  2.970654e+00 -1.301529e+01  0.000000e+00
   endloop
 endfacet
 facet normal  0.000000e+00  0.000000e+00  1.000000e+00
   outer loop
     vertex  4.251797e+00 -1.265483e+01  0.000000e+00
     vertex -1.659988e+00 -1.324639e+01  0.000000e+00
     vertex  3.328247e-01 -1.334585e+01  0.000000e+00
   endloop
 endfacet
 facet normal  0.000000e+00  0.000000e+00  1.000000e+00
   outer loop
     vertex  4.251797e+00 -1.265483e+01  0.000000e+00
     vertex  2.970654e+00 -1.301529e+01  0.000000e+00
     vertex  3.615720e+00 -1.285103e+01  0.000000e+00
   endloop
 endfacet
 facet normal  0.000000e+00  0.000000e+00  1.000000e+00
   outer loop
     vertex -1.254490e+01  4.565969e+00  0.000000e+00
     vertex -1.275690e+01  3.934982e+00  0.000000e+00
     vertex -1.293718e+01  3.294211e+00  0.000000e+00
   endloop
 endfacet
 facet normal  0.000000e+00  0.000000e+00  1.000000e+00
   outer loop
     vertex -1.230171e+01  5.185605e+00  0.000000e+00
     vertex -1.254490e+01  4.565969e+00  0.000000e+00
     vertex -1.293718e+01  3.294211e+00  0.000000e+00
   endloop
 endfacet
 facet normal  0.000000e+00  0.000000e+00  1.000000e+00
   outer loop
     vertex  5.490683e+00 -1.216860e+01  0.000000e+00
     vertex  4.251797e+00 -1.265483e+01  0.000000e+00
     vertex  4.877303e+00 -1.242716e+01  0.000000e+00
   endloop
 endfacet
 facet normal  0.000000e+00  0.000000e+00  1.000000e+00
   outer loop
     vertex  5.490683e+00 -1.216860e+01  0.000000e+00
     vertex -1.659988e+00 -1.324639e+01  0.000000e+00
     vertex  4.251797e+00 -1.265483e+01  0.000000e+00
   endloop
 endfacet
 facet normal  0.000000e+00  0.000000e+00  1.000000e+00
   outer loop
     vertex -1.202793e+01  5.792348e+00  0.000000e+00
     vertex -1.230171e+01  5.185605e+00  0.000000e+00
     vertex -1.293718e+01  3.294211e+00  0.000000e+00
   endloop
 endfacet
 facet normal  0.000000e+00  0.000000e+00  1.000000e+00
   outer loop
     vertex  6.675000e+00 -1.156144e+01  0.000000e+00
     vertex  5.490683e+00 -1.216860e+01  0.000000e+00
     vertex  6.090412e+00 -1.187979e+01  0.000000e+00
   endloop
 endfacet
 facet normal  0.000000e+00  0.000000e+00  1.000000e+00
   outer loop
     vertex  6.675000e+00 -1.156144e+01  0.000000e+00
     vertex -1.659988e+00 -1.324639e+01  0.000000e+00
     vertex  5.490683e+00 -1.216860e+01  0.000000e+00
   endloop
 endfacet
 facet normal  0.000000e+00  0.000000e+00  1.000000e+00
   outer loop
     vertex  7.242993e+00 -1.121435e+01  0.000000e+00
     vertex -1.659988e+00 -1.324639e+01  0.000000e+00
     vertex  6.675000e+00 -1.156144e+01  0.000000e+00
   endloop
 endfacet
 facet normal  0.000000e+00  0.000000e+00  1.000000e+00
   outer loop
     vertex  7.242993e+00 -1.121435e+01  0.000000e+00
     vertex -9.321462e+00 -9.556822e+00  0.000000e+00
     vertex -1.659988e+00 -1.324639e+01  0.000000e+00
   endloop
 endfacet
 facet normal  0.000000e+00  0.000000e+00  1.000000e+00
   outer loop
     vertex -1.022669e+01  8.581215e+00  0.000000e+00
     vertex -1.064172e+01  8.060789e+00  0.000000e+00
     vertex -1.103029e+01  7.520323e+00  0.000000e+00
   endloop
 endfacet
 facet normal  0.000000e+00  0.000000e+00  1.000000e+00
   outer loop
     vertex -1.022669e+01  8.581215e+00  0.000000e+00
     vertex -1.103029e+01  7.520323e+00  0.000000e+00
     vertex -1.139143e+01  6.961160e+00  0.000000e+00
   endloop
 endfacet
 facet normal  0.000000e+00  0.000000e+00  1.000000e+00
   outer loop
     vertex -1.022669e+01  8.581215e+00  0.000000e+00
     vertex -1.139143e+01  6.961160e+00  0.000000e+00
     vertex -1.172426e+01  6.384691e+00  0.000000e+00
   endloop
 endfacet
 facet normal  0.000000e+00  0.000000e+00  1.000000e+00
   outer loop
     vertex -9.786242e+00  9.080306e+00  0.000000e+00
     vertex -1.022669e+01  8.581215e+00  0.000000e+00
     vertex -1.172426e+01  6.384691e+00  0.000000e+00
   endloop
 endfacet
 facet normal  0.000000e+00  0.000000e+00  1.000000e+00
   outer loop
     vertex  9.321462e+00 -9.556822e+00  0.000000e+00
     vertex  7.242993e+00 -1.121435e+01  0.000000e+00
     vertex  7.792978e+00 -1.083937e+01  0.000000e+00
   endloop
 endfacet
 facet normal  0.000000e+00  0.000000e+00  1.000000e+00
   outer loop
     vertex  9.321462e+00 -9.556822e+00  0.000000e+00
     vertex  7.792978e+00 -1.083937e+01  0.000000e+00
     vertex  8.323589e+00 -1.043745e+01  0.000000e+00
   endloop
 endfacet
 facet normal  0.000000e+00  0.000000e+00  1.000000e+00
   outer loop
     vertex  9.321462e+00 -9.556822e+00  0.000000e+00
     vertex  8.323589e+00 -1.043745e+01  0.000000e+00
     vertex  8.833506e+00 -1.000958e+01  0.000000e+00
   endloop
 endfacet
 facet normal  0.000000e+00  0.000000e+00  1.000000e+00
   outer loop
     vertex  9.786242e+00 -9.080306e+00  0.000000e+00
     vertex -9.321462e+00 -9.556822e+00  0.000000e+00
     vertex  7.242993e+00 -1.121435e+01  0.000000e+00
   endloop
 endfacet
 facet normal  0.000000e+00  0.000000e+00  1.000000e+00
   outer loop
     vertex  9.786242e+00 -9.080306e+00  0.000000e+00
     vertex  7.242993e+00 -1.121435e+01  0.000000e+00
     vertex  9.321462e+00 -9.556822e+00  0.000000e+00
   endloop
 endfacet
 facet normal  0.000000e+00  0.000000e+00  1.000000e+00
   outer loop
     vertex  9.786242e+00 -9.080306e+00  0.000000e+00
     vertex -1.308530e+01  2.645251e+00  0.000000e+00
     vertex -1.320089e+01  1.989714e+00  0.000000e+00
   endloop
 endfacet
 facet normal  0.000000e+00  0.000000e+00  1.000000e+00
   outer loop
     vertex  9.786242e+00 -9.080306e+00  0.000000e+00
     vertex -1.320089e+01  1.989714e+00  0.000000e+00
     vertex -9.321462e+00 -9.556822e+00  0.000000e+00
   endloop
 endfacet
 facet normal  0.000000e+00  0.000000e+00  1.000000e+00
   outer loop
     vertex  1.022669e+01 -8.581215e+00  0.000000e+00
     vertex -1.202793e+01  5.792348e+00  0.000000e+00
     vertex -1.293718e+01  3.294211e+00  0.000000e+00
   endloop
 endfacet
 facet normal  0.000000e+00  0.000000e+00  1.000000e+00
   outer loop
     vertex  1.022669e+01 -8.581215e+00  0.000000e+00
     vertex -1.172426e+01  6.384691e+00  0.000000e+00
     vertex -1.202793e+01  5.792348e+00  0.000000e+00
   endloop
 endfacet
 facet normal  0.000000e+00  0.000000e+00  1.000000e+00
   outer loop
     vertex  1.022669e+01 -8.581215e+00  0.000000e+00
     vertex -1.308530e+01  2.645251e+00  0.000000e+00
     vertex  9.786242e+00 -9.080306e+00  0.000000e+00
   endloop
 endfacet
 facet normal  0.000000e+00  0.000000e+00  1.000000e+00
   outer loop
     vertex  1.022669e+01 -8.581215e+00  0.000000e+00
     vertex -1.293718e+01  3.294211e+00  0.000000e+00
     vertex -1.308530e+01  2.645251e+00  0.000000e+00
   endloop
 endfacet
 facet normal  0.000000e+00  0.000000e+00  1.000000e+00
   outer loop
     vertex -8.323589e+00  1.043745e+01  0.000000e+00
     vertex -8.833506e+00  1.000958e+01  0.000000e+00
     vertex -9.321462e+00  9.556822e+00  0.000000e+00
   endloop
 endfacet
 facet normal  0.000000e+00  0.000000e+00  1.000000e+00
   outer loop
     vertex -8.323589e+00  1.043745e+01  0.000000e+00
     vertex -9.321462e+00  9.556822e+00  0.000000e+00
     vertex -9.786242e+00  9.080306e+00  0.000000e+00
   endloop
 endfacet
 facet normal  0.000000e+00  0.000000e+00  1.000000e+00
   outer loop
     vertex -7.242993e+00  1.121435e+01  0.000000e+00
     vertex -9.786242e+00  9.080306e+00  0.000000e+00
     vertex -1.172426e+01  6.384691e+00  0.000000e+00
   endloop
 endfacet
 facet normal  0.000000e+00  0.000000e+00  1.000000e+00
   outer loop
     vertex -7.242993e+00  1.121435e+01  0.000000e+00
     vertex -7.792978e+00  1.083937e+01  0.000000e+00
     vertex -8.323589e+00  1.043745e+01  0.000000e+00
   endloop
 endfacet
 facet normal  0.000000e+00  0.000000e+00  1.000000e+00
   outer loop
     vertex -7.242993e+00  1.121435e+01  0.000000e+00
     vertex -8.323589e+00  1.043745e+01  0.000000e+00
     vertex -9.786242e+00  9.080306e+00  0.000000e+00
   endloop
 endfacet
 facet normal  0.000000e+00  0.000000e+00  1.000000e+00
   outer loop
     vertex  1.139143e+01 -6.961160e+00  0.000000e+00
     vertex  1.064172e+01 -8.060789e+00  0.000000e+00
     vertex  1.103029e+01 -7.520323e+00  0.000000e+00
   endloop
 endfacet
 facet normal  0.000000e+00  0.000000e+00  1.000000e+00
   outer loop
     vertex  1.172426e+01 -6.384691e+00  0.000000e+00
     vertex  1.064172e+01 -8.060789e+00  0.000000e+00
     vertex  1.139143e+01 -6.961160e+00  0.000000e+00
   endloop
 endfacet
 facet normal  0.000000e+00  0.000000e+00  1.000000e+00
   outer loop
     vertex -6.090412e+00  1.187979e+01  0.000000e+00
     vertex -6.675000e+00  1.156144e+01  0.000000e+00
     vertex -7.242993e+00  1.121435e+01  0.000000e+00
   endloop
 endfacet
 facet normal  0.000000e+00  0.000000e+00  1.000000e+00
   outer loop
     vertex -6.090412e+00  1.187979e+01  0.000000e+00
     vertex -7.242993e+00  1.121435e+01  0.000000e+00
     vertex -1.172426e+01  6.384691e+00  0.000000e+00
   endloop
 endfacet
 facet normal  0.000000e+00  0.000000e+00  1.000000e+00
   outer loop
     vertex  1.202793e+01 -5.792348e+00  0.000000e+00
     vertex  1.022669e+01 -8.581215e+00  0.000000e+00
     vertex  1.064172e+01 -8.060789e+00  0.000000e+00
   endloop
 endfacet
 facet normal  0.000000e+00  0.000000e+00  1.000000e+00
   outer loop
     vertex  1.202793e+01 -5.792348e+00  0.000000e+00
     vertex -1.172426e+01  6.384691e+00  0.000000e+00
     vertex  1.022669e+01 -8.581215e+00  0.000000e+00
   endloop
 endfacet
 facet normal  0.000000e+00  0.000000e+00  1.000000e+00
   outer loop
     vertex  1.202793e+01 -5.792348e+00  0.000000e+00
     vertex  1.064172e+01 -8.060789e+00  0.000000e+00
     vertex  1.172426e+01 -6.384691e+00  0.000000e+00
   endloop
 endfacet
 facet normal  0.000000e+00  0.000000e+00  1.000000e+00
   outer loop
     vertex -4.877303e+00  1.242716e+01  0.000000e+00
     vertex -5.490683e+00  1.216860e+01  0.000000e+00
     vertex -6.090412e+00  1.187979e+01  0.000000e+00
   endloop
 endfacet
 facet normal  0.000000e+00  0.000000e+00  1.000000e+00
   outer loop
     vertex  1.254490e+01 -4.565969e+00  0.000000e+00
     vertex  1.202793e+01 -5.792348e+00  0.000000e+00
     vertex  1.230171e+01 -5.185605e+00  0.000000e+00
   endloop
 endfacet
 facet normal  0.000000e+00  0.000000e+00  1.000000e+00
   outer loop
     vertex -4.251797e+00  1.265483e+01  0.000000e+00
     vertex -4.877303e+00  1.242716e+01  0.000000e+00
     vertex -6.090412e+00  1.187979e+01  0.000000e+00
   endloop
 endfacet
 facet normal  0.000000e+00  0.000000e+00  1.000000e+00
   outer loop
     vertex  1.293718e+01 -3.294211e+00  0.000000e+00
     vertex  1.254490e+01 -4.565969e+00  0.000000e+00
     vertex  1.275690e+01 -3.934982e+00  0.000000e+00
   endloop
 endfacet
 facet normal  0.000000e+00  0.000000e+00  1.000000e+00
   outer loop
     vertex  1.293718e+01 -3.294211e+00  0.000000e+00
     vertex  1.202793e+01 -5.792348e+00  0.000000e+00
     vertex  1.254490e+01 -4.565969e+00  0.000000e+00
   endloop
 endfacet
 facet normal  0.000000e+00  0.000000e+00  1.000000e+00
   outer loop
     vertex -2.318203e+00  1.314718e+01  0.000000e+00
     vertex -2.970654e+00  1.301529e+01  0.000000e+00
     vertex -3.615720e+00  1.285103e+01  0.000000e+00
   endloop
 endfacet
 facet normal  0.000000e+00  0.000000e+00  1.000000e+00
   outer loop
     vertex  1.328366e+01 -1.329231e+00  0.000000e+00
     vertex  1.293718e+01 -3.294211e+00  0.000000e+00
     vertex  1.308530e+01 -2.645251e+00  0.000000e+00
   endloop
 endfacet
 facet normal  0.000000e+00  0.000000e+00  1.000000e+00
   outer loop
     vertex  1.328366e+01 -1.329231e+00  0.000000e+00
     vertex  1.308530e+01 -2.645251e+00  0.000000e+00
     vertex  1.320089e+01 -1.989714e+00  0.000000e+00
   endloop
 endfacet
 facet normal  0.000000e+00  0.000000e+00  1.000000e+00
   outer loop
     vertex -9.976467e-01  1.331267e+01  0.000000e+00
     vertex -2.318203e+00  1.314718e+01  0.000000e+00
     vertex -3.615720e+00  1.285103e+01  0.000000e+00
   endloop
 endfacet
 facet normal  0.000000e+00  0.000000e+00  1.000000e+00
   outer loop
     vertex -9.976467e-01  1.331267e+01  0.000000e+00
     vertex -1.659988e+00  1.324639e+01  0.000000e+00
     vertex -2.318203e+00  1.314718e+01  0.000000e+00
   endloop
 endfacet
 facet normal  0.000000e+00  0.000000e+00  1.000000e+00
   outer loop
     vertex  1.333340e+01 -6.654426e-01  0.000000e+00
     vertex  1.293718e+01 -3.294211e+00  0.000000e+00
     vertex  1.328366e+01 -1.329231e+00  0.000000e+00
   endloop
 endfacet
 facet normal  0.000000e+00  0.000000e+00  1.000000e+00
   outer loop
     vertex  1.333340e+01 -6.654426e-01  0.000000e+00
     vertex  1.202793e+01 -5.792348e+00  0.000000e+00
     vertex  1.293718e+01 -3.294211e+00  0.000000e+00
   endloop
 endfacet
 facet normal  0.000000e+00  0.000000e+00  1.000000e+00
   outer loop
     vertex  1.335000e+01  0.000000e+00  0.000000e+00
     vertex  1.202793e+01 -5.792348e+00  0.000000e+00
     vertex  1.333340e+01 -6.654426e-01  0.000000e+00
   endloop
 endfacet
 facet normal  0.000000e+00  0.000000e+00  1.000000e+00
   outer loop
     vertex  9.976467e-01  1.331267e+01  0.000000e+00
     vertex -9.976467e-01  1.331267e+01  0.000000e+00
     vertex -3.615720e+00  1.285103e+01  0.000000e+00
   endloop
 endfacet
 facet normal  0.000000e+00  0.000000e+00  1.000000e+00
   outer loop
     vertex  9.976467e-01  1.331267e+01  0.000000e+00
     vertex  3.328247e-01  1.334585e+01  0.000000e+00
     vertex -3.328247e-01  1.334585e+01  0.000000e+00
   endloop
 endfacet
 facet normal  0.000000e+00  0.000000e+00  1.000000e+00
   outer loop
     vertex  9.976467e-01  1.331267e+01  0.000000e+00
     vertex -3.328247e-01  1.334585e+01  0.000000e+00
     vertex -9.976467e-01  1.331267e+01  0.000000e+00
   endloop
 endfacet
 facet normal  0.000000e+00  0.000000e+00  1.000000e+00
   outer loop
     vertex  9.976467e-01  1.331267e+01  0.000000e+00
     vertex -3.615720e+00  1.285103e+01  0.000000e+00
     vertex -4.251797e+00  1.265483e+01  0.000000e+00
   endloop
 endfacet
 facet normal  0.000000e+00  0.000000e+00  1.000000e+00
   outer loop
     vertex  1.328366e+01  1.329231e+00  0.000000e+00
     vertex  1.335000e+01  0.000000e+00  0.000000e+00
     vertex  1.333340e+01  6.654426e-01  0.000000e+00
   endloop
 endfacet
 facet normal  0.000000e+00  0.000000e+00  1.000000e+00
   outer loop
     vertex  1.328366e+01  1.329231e+00  0.000000e+00
     vertex  1.202793e+01 -5.792348e+00  0.000000e+00
     vertex  1.335000e+01  0.000000e+00  0.000000e+00
   endloop
 endfacet
 facet normal  0.000000e+00  0.000000e+00  1.000000e+00
   outer loop
     vertex  2.318203e+00  1.314718e+01  0.000000e+00
     vertex  1.659988e+00  1.324639e+01  0.000000e+00
     vertex  9.976467e-01  1.331267e+01  0.000000e+00
   endloop
 endfacet
 facet normal  0.000000e+00  0.000000e+00  1.000000e+00
   outer loop
     vertex  2.970654e+00  1.301529e+01  0.000000e+00
     vertex  2.318203e+00  1.314718e+01  0.000000e+00
     vertex  9.976467e-01  1.331267e+01  0.000000e+00
   endloop
 endfacet
 facet normal  0.000000e+00  0.000000e+00  1.000000e+00
   outer loop
     vertex  1.293718e+01  3.294211e+00  0.000000e+00
     vertex  1.328366e+01  1.329231e+00  0.000000e+00
     vertex  1.320089e+01  1.989714e+00  0.000000e+00
   endloop
 endfacet
 facet normal  0.000000e+00  0.000000e+00  1.000000e+00
   outer loop
     vertex  1.293718e+01  3.294211e+00  0.000000e+00
     vertex  1.320089e+01  1.989714e+00  0.000000e+00
     vertex  1.308530e+01  2.645251e+00  0.000000e+00
   endloop
 endfacet
 facet normal  0.000000e+00  0.000000e+00  1.000000e+00
   outer loop
     vertex  3.615720e+00  1.285103e+01  0.000000e+00
     vertex  2.970654e+00  1.301529e+01  0.000000e+00
     vertex  9.976467e-01  1.331267e+01  0.000000e+00
   endloop
 endfacet
 facet normal  0.000000e+00  0.000000e+00  1.000000e+00
   outer loop
     vertex  4.251797e+00  1.265483e+01  0.000000e+00
     vertex  3.615720e+00  1.285103e+01  0.000000e+00
     vertex  9.976467e-01  1.331267e+01  0.000000e+00
   endloop
 endfacet
 facet normal  0.000000e+00  0.000000e+00  1.000000e+00
   outer loop
     vertex  4.251797e+00  1.265483e+01  0.000000e+00
     vertex -6.090412e+00  1.187979e+01  0.000000e+00
     vertex -1.172426e+01  6.384691e+00  0.000000e+00
   endloop
 endfacet
 facet normal  0.000000e+00  0.000000e+00  1.000000e+00
   outer loop
     vertex  4.251797e+00  1.265483e+01  0.000000e+00
     vertex  9.976467e-01  1.331267e+01  0.000000e+00
     vertex -4.251797e+00  1.265483e+01  0.000000e+00
   endloop
 endfacet
 facet normal  0.000000e+00  0.000000e+00  1.000000e+00
   outer loop
     vertex  4.251797e+00  1.265483e+01  0.000000e+00
     vertex -4.251797e+00  1.265483e+01  0.000000e+00
     vertex -6.090412e+00  1.187979e+01  0.000000e+00
   endloop
 endfacet
 facet normal  0.000000e+00  0.000000e+00  1.000000e+00
   outer loop
     vertex  1.254490e+01  4.565969e+00  0.000000e+00
     vertex  1.293718e+01  3.294211e+00  0.000000e+00
     vertex  1.275690e+01  3.934982e+00  0.000000e+00
   endloop
 endfacet
 facet normal  0.000000e+00  0.000000e+00  1.000000e+00
   outer loop
     vertex  1.254490e+01  4.565969e+00  0.000000e+00
     vertex  1.328366e+01  1.329231e+00  0.000000e+00
     vertex  1.293718e+01  3.294211e+00  0.000000e+00
   endloop
 endfacet
 facet normal  0.000000e+00  0.000000e+00  1.000000e+00
   outer loop
     vertex  4.877303e+00  1.242716e+01  0.000000e+00
     vertex  4.251797e+00  1.265483e+01  0.000000e+00
     vertex -1.172426e+01  6.384691e+00  0.000000e+00
   endloop
 endfacet
 facet normal  0.000000e+00  0.000000e+00  1.000000e+00
   outer loop
     vertex  1.202793e+01  5.792348e+00  0.000000e+00
     vertex  1.254490e+01  4.565969e+00  0.000000e+00
     vertex  1.230171e+01  5.185605e+00  0.000000e+00
   endloop
 endfacet
 facet normal  0.000000e+00  0.000000e+00  1.000000e+00
   outer loop
     vertex  1.202793e+01  5.792348e+00  0.000000e+00
     vertex  1.202793e+01 -5.792348e+00  0.000000e+00
     vertex  1.328366e+01  1.329231e+00  0.000000e+00
   endloop
 endfacet
 facet normal  0.000000e+00  0.000000e+00  1.000000e+00
   outer loop
     vertex  1.202793e+01  5.792348e+00  0.000000e+00
     vertex  1.328366e+01  1.329231e+00  0.000000e+00
     vertex  1.254490e+01  4.565969e+00  0.000000e+00
   endloop
 endfacet
 facet normal  0.000000e+00  0.000000e+00  1.000000e+00
   outer loop
     vertex  1.172426e+01  6.384691e+00  0.000000e+00
     vertex  1.202793e+01 -5.792348e+00  0.000000e+00
     vertex  1.202793e+01  5.792348e+00  0.000000e+00
   endloop
 endfacet
 facet normal  0.000000e+00  0.000000e+00  1.000000e+00
   outer loop
     vertex  1.139143e+01  6.961160e+00  0.000000e+00
     vertex  1.202793e+01 -5.792348e+00  0.000000e+00
     vertex  1.172426e+01  6.384691e+00  0.000000e+00
   endloop
 endfacet
 facet normal  0.000000e+00  0.000000e+00  1.000000e+00
   outer loop
     vertex  7.242993e+00  1.121435e+01  0.000000e+00
     vertex  6.675000e+00  1.156144e+01  0.000000e+00
     vertex  6.090412e+00  1.187979e+01  0.000000e+00
   endloop
 endfacet
 facet normal  0.000000e+00  0.000000e+00  1.000000e+00
   outer loop
     vertex  7.242993e+00  1.121435e+01  0.000000e+00
     vertex  6.090412e+00  1.187979e+01  0.000000e+00
     vertex  5.490683e+00  1.216860e+01  0.000000e+00
   endloop
 endfacet
 facet normal  0.000000e+00  0.000000e+00  1.000000e+00
   outer loop
     vertex  7.242993e+00  1.121435e+01  0.000000e+00
     vertex  5.490683e+00  1.216860e+01  0.000000e+00
     vertex  4.877303e+00  1.242716e+01  0.000000e+00
   endloop
 endfacet
 facet normal  0.000000e+00  0.000000e+00  1.000000e+00
   outer loop
     vertex  1.064172e+01  8.060789e+00  0.000000e+00
     vertex  1.139143e+01  6.961160e+00  0.000000e+00
     vertex  1.103029e+01  7.520323e+00  0.000000e+00
   endloop
 endfacet
 facet normal  0.000000e+00  0.000000e+00  1.000000e+00
   outer loop
     vertex  8.323589e+00  1.043745e+01  0.000000e+00
     vertex  7.792978e+00  1.083937e+01  0.000000e+00
     vertex  7.242993e+00  1.121435e+01  0.000000e+00
   endloop
 endfacet
 facet normal  0.000000e+00  0.000000e+00  1.000000e+00
   outer loop
     vertex  9.786242e+00  9.080306e+00  0.000000e+00
     vertex  1.064172e+01  8.060789e+00  0.000000e+00
     vertex  1.022669e+01  8.581215e+00  0.000000e+00
   endloop
 endfacet
 facet normal  0.000000e+00  0.000000e+00  1.000000e+00
   outer loop
     vertex  9.786242e+00  9.080306e+00  0.000000e+00
     vertex  1.202793e+01 -5.792348e+00  0.000000e+00
     vertex  1.139143e+01  6.961160e+00  0.000000e+00
   endloop
 endfacet
 facet normal  0.000000e+00  0.000000e+00  1.000000e+00
   outer loop
     vertex  9.786242e+00  9.080306e+00  0.000000e+00
     vertex  1.139143e+01  6.961160e+00  0.000000e+00
     vertex  1.064172e+01  8.060789e+00  0.000000e+00
   endloop
 endfacet
 facet normal  0.000000e+00  0.000000e+00  1.000000e+00
   outer loop
     vertex  9.786242e+00  9.080306e+00  0.000000e+00
     vertex -1.172426e+01  6.384691e+00  0.000000e+00
     vertex  1.202793e+01 -5.792348e+00  0.000000e+00
   endloop
 endfacet
 facet normal  0.000000e+00  0.000000e+00  1.000000e+00
   outer loop
     vertex  9.321462e+00  9.556822e+00  0.000000e+00
     vertex  8.833506e+00  1.000958e+01  0.000000e+00
     vertex  8.323589e+00  1.043745e+01  0.000000e+00
   endloop
 endfacet
 facet normal  0.000000e+00  0.000000e+00  1.000000e+00
   outer loop
     vertex  9.321462e+00  9.556822e+00  0.000000e+00
     vertex  4.877303e+00  1.242716e+01  0.000000e+00
     vertex -1.172426e+01  6.384691e+00  0.000000e+00
   endloop
 endfacet
 facet normal  0.000000e+00  0.000000e+00  1.000000e+00
   outer loop
     vertex  9.321462e+00  9.556822e+00  0.000000e+00
     vertex -1.172426e+01  6.384691e+00  0.000000e+00
     vertex  9.786242e+00  9.080306e+00  0.000000e+00
   endloop
 endfacet
 facet normal  0.000000e+00  0.000000e+00  1.000000e+00
   outer loop
     vertex  9.321462e+00  9.556822e+00  0.000000e+00
     vertex  7.242993e+00  1.121435e+01  0.000000e+00
     vertex  4.877303e+00  1.242716e+01  0.000000e+00
   endloop
 endfacet
 facet normal  0.000000e+00  0.000000e+00  1.000000e+00
   outer loop
     vertex  9.321462e+00  9.556822e+00  0.000000e+00
     vertex  8.323589e+00  1.043745e+01  0.000000e+00
     vertex  7.242993e+00  1.121435e+01  0.000000e+00
   endloop
 endfacet
 facet normal  9.996892e-01  2.493069e-02  0.000000e+00
   outer loop
     vertex  1.598011e+01  7.975342e-01  2.000000e+01
     vertex  1.600000e+01  0.000000e+00  2.160000e+01
     vertex  1.600000e+01  0.000000e+00  2.000000e+01
   endloop
 endfacet
 facet normal  9.996892e-01  2.493069e-02 -0.000000e+00
   outer loop
     vertex  1.598011e+01  7.975342e-01  2.000000e+01
     vertex  1.598011e+01  7.975342e-01  2.160000e+01
     vertex  1.600000e+01  0.000000e+00  2.160000e+01
   endloop
 endfacet
 facet normal  9.972038e-01  7.473009e-02 -0.000000e+00
   outer loop
     vertex  1.592049e+01  1.593086e+00  2.000000e+01
     vertex  1.592049e+01  1.593086e+00  2.160000e+01
     vertex  1.598011e+01  7.975342e-01  2.160000e+01
   endloop
 endfacet
 facet normal  9.972038e-01  7.473009e-02  0.000000e+00
   outer loop
     vertex  1.592049e+01  1.593086e+00  2.000000e+01
     vertex  1.598011e+01  7.975342e-01  2.160000e+01
     vertex  1.598011e+01  7.975342e-01  2.000000e+01
   endloop
 endfacet
 facet normal  9.922392e-01  1.243437e-01 -0.000000e+00
   outer loop
     vertex  1.582129e+01  2.384676e+00  2.000000e+01
     vertex  1.582129e+01  2.384676e+00  2.160000e+01
     vertex  1.592049e+01  1.593086e+00  2.160000e+01
   endloop
 endfacet
 facet normal  9.922392e-01  1.243437e-01  0.000000e+00
   outer loop
     vertex  1.582129e+01  2.384676e+00  2.000000e+01
     vertex  1.592049e+01  1.593086e+00  2.160000e+01
     vertex  1.592049e+01  1.593086e+00  2.000000e+01
   endloop
 endfacet
 facet normal  9.848078e-01  1.736482e-01 -0.000000e+00
   outer loop
     vertex  1.568276e+01  3.170338e+00  2.000000e+01
     vertex  1.568276e+01  3.170338e+00  2.160000e+01
     vertex  1.582129e+01  2.384676e+00  2.160000e+01
   endloop
 endfacet
 facet normal  9.848078e-01  1.736482e-01  0.000000e+00
   outer loop
     vertex  1.568276e+01  3.170338e+00  2.000000e+01
     vertex  1.582129e+01  2.384676e+00  2.160000e+01
     vertex  1.582129e+01  2.384676e+00  2.000000e+01
   endloop
 endfacet
 facet normal  9.749279e-01  2.225209e-01 -0.000000e+00
   outer loop
     vertex  1.550524e+01  3.948118e+00  2.000000e+01
     vertex  1.550524e+01  3.948118e+00  2.160000e+01
     vertex  1.568276e+01  3.170338e+00  2.160000e+01
   endloop
 endfacet
 facet normal  9.749279e-01  2.225209e-01  0.000000e+00
   outer loop
     vertex  1.550524e+01  3.948118e+00  2.000000e+01
     vertex  1.568276e+01  3.170338e+00  2.160000e+01
     vertex  1.568276e+01  3.170338e+00  2.000000e+01
   endloop
 endfacet
 facet normal  9.626242e-01  2.708405e-01 -0.000000e+00
   outer loop
     vertex  1.528916e+01  4.716083e+00  2.000000e+01
     vertex  1.528916e+01  4.716083e+00  2.160000e+01
     vertex  1.550524e+01  3.948118e+00  2.160000e+01
   endloop
 endfacet
 facet normal  9.479273e-01  3.184867e-01 -0.000000e+00
   outer loop
     vertex  1.528916e+01  4.716083e+00  2.000000e+01
     vertex  1.503508e+01  5.472322e+00  2.160000e+01
     vertex  1.528916e+01  4.716083e+00  2.160000e+01
   endloop
 endfacet
 facet normal  9.626242e-01  2.708405e-01  0.000000e+00
   outer loop
     vertex  1.528916e+01  4.716083e+00  2.000000e+01
     vertex  1.550524e+01  3.948118e+00  2.160000e+01
     vertex  1.550524e+01  3.948118e+00  2.000000e+01
   endloop
 endfacet
 facet normal  9.479273e-01  3.184867e-01 -0.000000e+00
   outer loop
     vertex  1.503508e+01  5.472322e+00  2.000000e+01
     vertex  1.503508e+01  5.472322e+00  2.160000e+01
     vertex  1.528916e+01  4.716083e+00  2.000000e+01
   endloop
 endfacet
 facet normal  9.308737e-01  3.653410e-01 -0.000000e+00
   outer loop
     vertex  1.474362e+01  6.214957e+00  2.000000e+01
     vertex  1.474362e+01  6.214957e+00  2.160000e+01
     vertex  1.503508e+01  5.472322e+00  2.160000e+01
   endloop
 endfacet
 facet normal  9.115059e-01  4.112871e-01 -0.000000e+00
   outer loop
     vertex  1.474362e+01  6.214957e+00  2.000000e+01
     vertex  1.441550e+01  6.942140e+00  2.160000e+01
     vertex  1.474362e+01  6.214957e+00  2.160000e+01
   endloop
 endfacet
 facet normal  9.308737e-01  3.653410e-01  0.000000e+00
   outer loop
     vertex  1.474362e+01  6.214957e+00  2.000000e+01
     vertex  1.503508e+01  5.472322e+00  2.160000e+01
     vertex  1.503508e+01  5.472322e+00  2.000000e+01
   endloop
 endfacet
 facet normal  9.115059e-01  4.112871e-01 -0.000000e+00
   outer loop
     vertex  1.441550e+01  6.942140e+00  2.000000e+01
     vertex  1.441550e+01  6.942140e+00  2.160000e+01
     vertex  1.474362e+01  6.214957e+00  2.000000e+01
   endloop
 endfacet
 facet normal  8.898718e-01  4.562107e-01 -0.000000e+00
   outer loop
     vertex  1.405155e+01  7.652064e+00  2.000000e+01
     vertex  1.405155e+01  7.652064e+00  2.160000e+01
     vertex  1.441550e+01  6.942140e+00  2.160000e+01
   endloop
 endfacet
 facet normal  8.898718e-01  4.562107e-01  0.000000e+00
   outer loop
     vertex  1.405155e+01  7.652064e+00  2.000000e+01
     vertex  1.441550e+01  6.942140e+00  2.160000e+01
     vertex  1.441550e+01  6.942140e+00  2.000000e+01
   endloop
 endfacet
 facet normal  8.660254e-01  5.000000e-01 -0.000000e+00
   outer loop
     vertex  1.365265e+01  8.342963e+00  2.000000e+01
     vertex  1.365265e+01  8.342963e+00  2.160000e+01
     vertex  1.405155e+01  7.652064e+00  2.160000e+01
   endloop
 endfacet
 facet normal  8.660254e-01  5.000000e-01  0.000000e+00
   outer loop
     vertex  1.365265e+01  8.342963e+00  2.000000e+01
     vertex  1.405155e+01  7.652064e+00  2.160000e+01
     vertex  1.405155e+01  7.652064e+00  2.000000e+01
   endloop
 endfacet
 facet normal  8.400259e-01  5.425463e-01  0.000000e+00
   outer loop
     vertex  1.321982e+01  9.013121e+00  2.000000e+01
     vertex  1.365265e+01  8.342963e+00  2.160000e+01
     vertex  1.365265e+01  8.342963e+00  2.000000e+01
   endloop
 endfacet
 facet normal  8.400259e-01  5.425463e-01 -0.000000e+00
   outer loop
     vertex  1.321982e+01  9.013121e+00  2.000000e+01
     vertex  1.321982e+01  9.013121e+00  2.160000e+01
     vertex  1.365265e+01  8.342963e+00  2.160000e+01
   endloop
 endfacet
 facet normal  8.119380e-01  5.837437e-01  0.000000e+00
   outer loop
     vertex  1.275412e+01  9.660871e+00  2.000000e+01
     vertex  1.321982e+01  9.013121e+00  2.160000e+01
     vertex  1.321982e+01  9.013121e+00  2.000000e+01
   endloop
 endfacet
 facet normal  8.119380e-01  5.837437e-01 -0.000000e+00
   outer loop
     vertex  1.275412e+01  9.660871e+00  2.000000e+01
     vertex  1.275412e+01  9.660871e+00  2.160000e+01
     vertex  1.321982e+01  9.013121e+00  2.160000e+01
   endloop
 endfacet
 facet normal  7.818315e-01  6.234898e-01 -0.000000e+00
   outer loop
     vertex  1.275412e+01  9.660871e+00  2.000000e+01
     vertex  1.225671e+01  1.028460e+01  2.160000e+01
     vertex  1.275412e+01  9.660871e+00  2.160000e+01
   endloop
 endfacet
 facet normal  7.818315e-01  6.234898e-01 -0.000000e+00
   outer loop
     vertex  1.225671e+01  1.028460e+01  2.000000e+01
     vertex  1.225671e+01  1.028460e+01  2.160000e+01
     vertex  1.275412e+01  9.660871e+00  2.000000e+01
   endloop
 endfacet
 facet normal  7.497812e-01  6.616858e-01 -0.000000e+00
   outer loop
     vertex  1.172883e+01  1.088276e+01  2.000000e+01
     vertex  1.172883e+01  1.088276e+01  2.160000e+01
     vertex  1.225671e+01  1.028460e+01  2.160000e+01
   endloop
 endfacet
 facet normal  7.497812e-01  6.616858e-01  0.000000e+00
   outer loop
     vertex  1.172883e+01  1.088276e+01  2.000000e+01
     vertex  1.225671e+01  1.028460e+01  2.160000e+01
     vertex  1.225671e+01  1.028460e+01  2.000000e+01
   endloop
 endfacet
 facet normal  7.158668e-01  6.982368e-01 -0.000000e+00
   outer loop
     vertex  1.172883e+01  1.088276e+01  2.000000e+01
     vertex  1.117179e+01  1.145387e+01  2.160000e+01
     vertex  1.172883e+01  1.088276e+01  2.160000e+01
   endloop
 endfacet
 facet normal  7.158668e-01  6.982368e-01 -0.000000e+00
   outer loop
     vertex  1.117179e+01  1.145387e+01  2.000000e+01
     vertex  1.117179e+01  1.145387e+01  2.160000e+01
     vertex  1.172883e+01  1.088276e+01  2.000000e+01
   endloop
 endfacet
 facet normal  6.801727e-01  7.330519e-01  0.000000e+00
   outer loop
     vertex  1.058697e+01  1.199650e+01  2.000000e+01
     vertex  1.117179e+01  1.145387e+01  2.160000e+01
     vertex  1.117179e+01  1.145387e+01  2.000000e+01
   endloop
 endfacet
 facet normal  6.801727e-01  7.330519e-01 -0.000000e+00
   outer loop
     vertex  1.058697e+01  1.199650e+01  2.000000e+01
     vertex  1.058697e+01  1.199650e+01  2.160000e+01
     vertex  1.117179e+01  1.145387e+01  2.160000e+01
   endloop
 endfacet
 facet normal  6.427876e-01  7.660444e-01 -0.000000e+00
   outer loop
     vertex  9.975837e+00  1.250930e+01  2.000000e+01
     vertex  9.975837e+00  1.250930e+01  2.160000e+01
     vertex  1.058697e+01  1.199650e+01  2.160000e+01
   endloop
 endfacet
 facet normal  6.038044e-01  7.971325e-01 -0.000000e+00
   outer loop
     vertex  9.975837e+00  1.250930e+01  2.000000e+01
     vertex  9.339899e+00  1.299101e+01  2.160000e+01
     vertex  9.975837e+00  1.250930e+01  2.160000e+01
   endloop
 endfacet
 facet normal  6.427876e-01  7.660444e-01  0.000000e+00
   outer loop
     vertex  9.975837e+00  1.250930e+01  2.000000e+01
     vertex  1.058697e+01  1.199650e+01  2.160000e+01
     vertex  1.058697e+01  1.199650e+01  2.000000e+01
   endloop
 endfacet
 facet normal  6.038044e-01  7.971325e-01 -0.000000e+00
   outer loop
     vertex  9.339899e+00  1.299101e+01  2.000000e+01
     vertex  9.339899e+00  1.299101e+01  2.160000e+01
     vertex  9.975837e+00  1.250930e+01  2.000000e+01
   endloop
 endfacet
 facet normal  5.633201e-01  8.262388e-01 -0.000000e+00
   outer loop
     vertex  8.680740e+00  1.344041e+01  2.000000e+01
     vertex  8.680740e+00  1.344041e+01  2.160000e+01
     vertex  9.339899e+00  1.299101e+01  2.160000e+01
   endloop
 endfacet
 facet normal  5.214352e-01  8.532909e-01 -0.000000e+00
   outer loop
     vertex  8.680740e+00  1.344041e+01  2.000000e+01
     vertex  8.000000e+00  1.385641e+01  2.160000e+01
     vertex  8.680740e+00  1.344041e+01  2.160000e+01
   endloop
 endfacet
 facet normal  5.633201e-01  8.262388e-01  0.000000e+00
   outer loop
     vertex  8.680740e+00  1.344041e+01  2.000000e+01
     vertex  9.339899e+00  1.299101e+01  2.160000e+01
     vertex  9.339899e+00  1.299101e+01  2.000000e+01
   endloop
 endfacet
 facet normal  5.214352e-01  8.532909e-01 -0.000000e+00
   outer loop
     vertex  8.000000e+00  1.385641e+01  2.000000e+01
     vertex  8.000000e+00  1.385641e+01  2.160000e+01
     vertex  8.680740e+00  1.344041e+01  2.000000e+01
   endloop
 endfacet
 facet normal  4.782540e-01  8.782216e-01 -0.000000e+00
   outer loop
     vertex  7.299371e+00  1.423795e+01  2.000000e+01
     vertex  7.299371e+00  1.423795e+01  2.160000e+01
     vertex  8.000000e+00  1.385641e+01  2.160000e+01
   endloop
 endfacet
 facet normal  4.782540e-01  8.782216e-01  0.000000e+00
   outer loop
     vertex  7.299371e+00  1.423795e+01  2.000000e+01
     vertex  8.000000e+00  1.385641e+01  2.160000e+01
     vertex  8.000000e+00  1.385641e+01  2.000000e+01
   endloop
 endfacet
 facet normal  4.338837e-01  9.009689e-01 -0.000000e+00
   outer loop
     vertex  6.580594e+00  1.458409e+01  2.000000e+01
     vertex  6.580594e+00  1.458409e+01  2.160000e+01
     vertex  7.299371e+00  1.423795e+01  2.160000e+01
   endloop
 endfacet
 facet normal  3.884348e-01  9.214762e-01 -0.000000e+00
   outer loop
     vertex  6.580594e+00  1.458409e+01  2.000000e+01
     vertex  5.845456e+00  1.489398e+01  2.160000e+01
     vertex  6.580594e+00  1.458409e+01  2.160000e+01
   endloop
 endfacet
 facet normal  4.338837e-01  9.009689e-01  0.000000e+00
   outer loop
     vertex  6.580594e+00  1.458409e+01  2.000000e+01
     vertex  7.299371e+00  1.423795e+01  2.160000e+01
     vertex  7.299371e+00  1.423795e+01  2.000000e+01
   endloop
 endfacet
 facet normal  3.884348e-01  9.214762e-01 -0.000000e+00
   outer loop
     vertex  5.845456e+00  1.489398e+01  2.000000e+01
     vertex  5.845456e+00  1.489398e+01  2.160000e+01
     vertex  6.580594e+00  1.458409e+01  2.000000e+01
   endloop
 endfacet
 facet normal  3.420201e-01  9.396926e-01 -0.000000e+00
   outer loop
     vertex  5.095786e+00  1.516684e+01  2.000000e+01
     vertex  5.095786e+00  1.516684e+01  2.160000e+01
     vertex  5.845456e+00  1.489398e+01  2.160000e+01
   endloop
 endfacet
 facet normal  3.420201e-01  9.396926e-01  0.000000e+00
   outer loop
     vertex  5.095786e+00  1.516684e+01  2.000000e+01
     vertex  5.845456e+00  1.489398e+01  2.160000e+01
     vertex  5.845456e+00  1.489398e+01  2.000000e+01
   endloop
 endfacet
 facet normal  2.947552e-01  9.555728e-01 -0.000000e+00
   outer loop
     vertex  4.333447e+00  1.540199e+01  2.000000e+01
     vertex  4.333447e+00  1.540199e+01  2.160000e+01
     vertex  5.095786e+00  1.516684e+01  2.160000e+01
   endloop
 endfacet
 facet normal  2.467574e-01  9.690773e-01 -0.000000e+00
   outer loop
     vertex  4.333447e+00  1.540199e+01  2.000000e+01
     vertex  3.560335e+00  1.559885e+01  2.160000e+01
     vertex  4.333447e+00  1.540199e+01  2.160000e+01
   endloop
 endfacet
 facet normal  2.947552e-01  9.555728e-01  0.000000e+00
   outer loop
     vertex  4.333447e+00  1.540199e+01  2.000000e+01
     vertex  5.095786e+00  1.516684e+01  2.160000e+01
     vertex  5.095786e+00  1.516684e+01  2.000000e+01
   endloop
 endfacet
 facet normal  2.467574e-01  9.690773e-01 -0.000000e+00
   outer loop
     vertex  3.560335e+00  1.559885e+01  2.000000e+01
     vertex  3.560335e+00  1.559885e+01  2.160000e+01
     vertex  4.333447e+00  1.540199e+01  2.000000e+01
   endloop
 endfacet
 facet normal  1.981461e-01  9.801725e-01 -0.000000e+00
   outer loop
     vertex  2.778371e+00  1.575692e+01  2.000000e+01
     vertex  2.778371e+00  1.575692e+01  2.160000e+01
     vertex  3.560335e+00  1.559885e+01  2.160000e+01
   endloop
 endfacet
 facet normal  1.490423e-01  9.888308e-01 -0.000000e+00
   outer loop
     vertex  2.778371e+00  1.575692e+01  2.000000e+01
     vertex  1.989499e+00  1.587583e+01  2.160000e+01
     vertex  2.778371e+00  1.575692e+01  2.160000e+01
   endloop
 endfacet
 facet normal  1.981461e-01  9.801725e-01  0.000000e+00
   outer loop
     vertex  2.778371e+00  1.575692e+01  2.000000e+01
     vertex  3.560335e+00  1.559885e+01  2.160000e+01
     vertex  3.560335e+00  1.559885e+01  2.000000e+01
   endloop
 endfacet
 facet normal  1.490423e-01  9.888308e-01 -0.000000e+00
   outer loop
     vertex  1.989499e+00  1.587583e+01  2.000000e+01
     vertex  1.989499e+00  1.587583e+01  2.160000e+01
     vertex  2.778371e+00  1.575692e+01  2.000000e+01
   endloop
 endfacet
 facet normal  9.956785e-02  9.950308e-01 -0.000000e+00
   outer loop
     vertex  1.195681e+00  1.595526e+01  2.000000e+01
     vertex  1.195681e+00  1.595526e+01  2.160000e+01
     vertex  1.989499e+00  1.587583e+01  2.160000e+01
   endloop
 endfacet
 facet normal  4.984589e-02  9.987569e-01 -0.000000e+00
   outer loop
     vertex  1.195681e+00  1.595526e+01  2.000000e+01
     vertex  3.988911e-01  1.599503e+01  2.160000e+01
     vertex  1.195681e+00  1.595526e+01  2.160000e+01
   endloop
 endfacet
 facet normal  9.956785e-02  9.950308e-01  0.000000e+00
   outer loop
     vertex  1.195681e+00  1.595526e+01  2.000000e+01
     vertex  1.989499e+00  1.587583e+01  2.160000e+01
     vertex  1.989499e+00  1.587583e+01  2.000000e+01
   endloop
 endfacet
 facet normal  4.984589e-02  9.987569e-01 -0.000000e+00
   outer loop
     vertex  3.988911e-01  1.599503e+01  2.000000e+01
     vertex  3.988911e-01  1.599503e+01  2.160000e+01
     vertex  1.195681e+00  1.595526e+01  2.000000e+01
   endloop
 endfacet
 facet normal  0.000000e+00  1.000000e+00  0.000000e+00
   outer loop
     vertex -3.988911e-01  1.599503e+01  2.000000e+01
     vertex -3.988911e-01  1.599503e+01  2.160000e+01
     vertex  3.988911e-01  1.599503e+01  2.160000e+01
   endloop
 endfacet
 facet normal -4.984589e-02  9.987569e-01  0.000000e+00
   outer loop
     vertex -3.988911e-01  1.599503e+01  2.000000e+01
     vertex -1.195681e+00  1.595526e+01  2.160000e+01
     vertex -3.988911e-01  1.599503e+01  2.160000e+01
   endloop
 endfacet
 facet normal  0.000000e+00  1.000000e+00  0.000000e+00
   outer loop
     vertex -3.988911e-01  1.599503e+01  2.000000e+01
     vertex  3.988911e-01  1.599503e+01  2.160000e+01
     vertex  3.988911e-01  1.599503e+01  2.000000e+01
   endloop
 endfacet
 facet normal -4.984589e-02  9.987569e-01  0.000000e+00
   outer loop
     vertex -1.195681e+00  1.595526e+01  2.000000e+01
     vertex -1.195681e+00  1.595526e+01  2.160000e+01
     vertex -3.988911e-01  1.599503e+01  2.000000e+01
   endloop
 endfacet
 facet normal -9.956785e-02  9.950308e-01  0.000000e+00
   outer loop
     vertex -1.989499e+00  1.587583e+01  2.000000e+01
     vertex -1.989499e+00  1.587583e+01  2.160000e+01
     vertex -1.195681e+00  1.595526e+01  2.160000e+01
   endloop
 endfacet
 facet normal -1.490423e-01  9.888308e-01  0.000000e+00
   outer loop
     vertex -1.989499e+00  1.587583e+01  2.000000e+01
     vertex -2.778371e+00  1.575692e+01  2.160000e+01
     vertex -1.989499e+00  1.587583e+01  2.160000e+01
   endloop
 endfacet
 facet normal -9.956785e-02  9.950308e-01  0.000000e+00
   outer loop
     vertex -1.989499e+00  1.587583e+01  2.000000e+01
     vertex -1.195681e+00  1.595526e+01  2.160000e+01
     vertex -1.195681e+00  1.595526e+01  2.000000e+01
   endloop
 endfacet
 facet normal -1.981461e-01  9.801725e-01  0.000000e+00
   outer loop
     vertex -2.778371e+00  1.575692e+01  2.000000e+01
     vertex -3.560335e+00  1.559885e+01  2.160000e+01
     vertex -2.778371e+00  1.575692e+01  2.160000e+01
   endloop
 endfacet
 facet normal -1.490423e-01  9.888308e-01  0.000000e+00
   outer loop
     vertex -2.778371e+00  1.575692e+01  2.000000e+01
     vertex -2.778371e+00  1.575692e+01  2.160000e+01
     vertex -1.989499e+00  1.587583e+01  2.000000e+01
   endloop
 endfacet
 facet normal -1.981461e-01  9.801725e-01  0.000000e+00
   outer loop
     vertex -3.560335e+00  1.559885e+01  2.000000e+01
     vertex -3.560335e+00  1.559885e+01  2.160000e+01
     vertex -2.778371e+00  1.575692e+01  2.000000e+01
   endloop
 endfacet
 facet normal -2.467574e-01  9.690773e-01  0.000000e+00
   outer loop
     vertex -4.333447e+00  1.540199e+01  2.000000e+01
     vertex -3.560335e+00  1.559885e+01  2.160000e+01
     vertex -3.560335e+00  1.559885e+01  2.000000e+01
   endloop
 endfacet
 facet normal -2.467574e-01  9.690773e-01  0.000000e+00
   outer loop
     vertex -4.333447e+00  1.540199e+01  2.000000e+01
     vertex -4.333447e+00  1.540199e+01  2.160000e+01
     vertex -3.560335e+00  1.559885e+01  2.160000e+01
   endloop
 endfacet
 facet normal -2.947552e-01  9.555728e-01  0.000000e+00
   outer loop
     vertex -4.333447e+00  1.540199e+01  2.000000e+01
     vertex -5.095786e+00  1.516684e+01  2.160000e+01
     vertex -4.333447e+00  1.540199e+01  2.160000e+01
   endloop
 endfacet
 facet normal -2.947552e-01  9.555728e-01  0.000000e+00
   outer loop
     vertex -5.095786e+00  1.516684e+01  2.000000e+01
     vertex -5.095786e+00  1.516684e+01  2.160000e+01
     vertex -4.333447e+00  1.540199e+01  2.000000e+01
   endloop
 endfacet
 facet normal -3.420201e-01  9.396926e-01  0.000000e+00
   outer loop
     vertex -5.845456e+00  1.489398e+01  2.000000e+01
     vertex -5.095786e+00  1.516684e+01  2.160000e+01
     vertex -5.095786e+00  1.516684e+01  2.000000e+01
   endloop
 endfacet
 facet normal -3.420201e-01  9.396926e-01  0.000000e+00
   outer loop
     vertex -5.845456e+00  1.489398e+01  2.000000e+01
     vertex -5.845456e+00  1.489398e+01  2.160000e+01
     vertex -5.095786e+00  1.516684e+01  2.160000e+01
   endloop
 endfacet
 facet normal -3.884348e-01  9.214762e-01  0.000000e+00
   outer loop
     vertex -5.845456e+00  1.489398e+01  2.000000e+01
     vertex -6.580594e+00  1.458409e+01  2.160000e+01
     vertex -5.845456e+00  1.489398e+01  2.160000e+01
   endloop
 endfacet
 facet normal -3.884348e-01  9.214762e-01  0.000000e+00
   outer loop
     vertex -6.580594e+00  1.458409e+01  2.000000e+01
     vertex -6.580594e+00  1.458409e+01  2.160000e+01
     vertex -5.845456e+00  1.489398e+01  2.000000e+01
   endloop
 endfacet
 facet normal -4.338837e-01  9.009689e-01  0.000000e+00
   outer loop
     vertex -6.580594e+00  1.458409e+01  2.000000e+01
     vertex -7.299371e+00  1.423795e+01  2.160000e+01
     vertex -6.580594e+00  1.458409e+01  2.160000e+01
   endloop
 endfacet
 facet normal -4.338837e-01  9.009689e-01  0.000000e+00
   outer loop
     vertex -7.299371e+00  1.423795e+01  2.000000e+01
     vertex -7.299371e+00  1.423795e+01  2.160000e+01
     vertex -6.580594e+00  1.458409e+01  2.000000e+01
   endloop
 endfacet
 facet normal -4.782540e-01  8.782216e-01  0.000000e+00
   outer loop
     vertex -7.299371e+00  1.423795e+01  2.000000e+01
     vertex -8.000000e+00  1.385641e+01  2.160000e+01
     vertex -7.299371e+00  1.423795e+01  2.160000e+01
   endloop
 endfacet
 facet normal -4.782540e-01  8.782216e-01  0.000000e+00
   outer loop
     vertex -8.000000e+00  1.385641e+01  2.000000e+01
     vertex -8.000000e+00  1.385641e+01  2.160000e+01
     vertex -7.299371e+00  1.423795e+01  2.000000e+01
   endloop
 endfacet
 facet normal -5.214352e-01  8.532909e-01  0.000000e+00
   outer loop
     vertex -8.680740e+00  1.344041e+01  2.000000e+01
     vertex -8.000000e+00  1.385641e+01  2.160000e+01
     vertex -8.000000e+00  1.385641e+01  2.000000e+01
   endloop
 endfacet
 facet normal -5.214352e-01  8.532909e-01  0.000000e+00
   outer loop
     vertex -8.680740e+00  1.344041e+01  2.000000e+01
     vertex -8.680740e+00  1.344041e+01  2.160000e+01
     vertex -8.000000e+00  1.385641e+01  2.160000e+01
   endloop
 endfacet
 facet normal -5.633201e-01  8.262388e-01  0.000000e+00
   outer loop
     vertex -9.339899e+00  1.299101e+01  2.000000e+01
     vertex -8.680740e+00  1.344041e+01  2.160000e+01
     vertex -8.680740e+00  1.344041e+01  2.000000e+01
   endloop
 endfacet
 facet normal -5.633201e-01  8.262388e-01  0.000000e+00
   outer loop
     vertex -9.339899e+00  1.299101e+01  2.000000e+01
     vertex -9.339899e+00  1.299101e+01  2.160000e+01
     vertex -8.680740e+00  1.344041e+01  2.160000e+01
   endloop
 endfacet
 facet normal -6.038044e-01  7.971325e-01  0.000000e+00
   outer loop
     vertex -9.975837e+00  1.250930e+01  2.000000e+01
     vertex -9.339899e+00  1.299101e+01  2.160000e+01
     vertex -9.339899e+00  1.299101e+01  2.000000e+01
   endloop
 endfacet
 facet normal -6.038044e-01  7.971325e-01  0.000000e+00
   outer loop
     vertex -9.975837e+00  1.250930e+01  2.000000e+01
     vertex -9.975837e+00  1.250930e+01  2.160000e+01
     vertex -9.339899e+00  1.299101e+01  2.160000e+01
   endloop
 endfacet
 facet normal -6.427876e-01  7.660444e-01  0.000000e+00
   outer loop
     vertex -1.058697e+01  1.199650e+01  2.000000e+01
     vertex -9.975837e+00  1.250930e+01  2.160000e+01
     vertex -9.975837e+00  1.250930e+01  2.000000e+01
   endloop
 endfacet
 facet normal -6.427876e-01  7.660444e-01  0.000000e+00
   outer loop
     vertex -1.058697e+01  1.199650e+01  2.000000e+01
     vertex -1.058697e+01  1.199650e+01  2.160000e+01
     vertex -9.975837e+00  1.250930e+01  2.160000e+01
   endloop
 endfacet
 facet normal -6.801727e-01  7.330519e-01  0.000000e+00
   outer loop
     vertex -1.117179e+01  1.145387e+01  2.000000e+01
     vertex -1.058697e+01  1.199650e+01  2.160000e+01
     vertex -1.058697e+01  1.199650e+01  2.000000e+01
   endloop
 endfacet
 facet normal -6.801727e-01  7.330519e-01  0.000000e+00
   outer loop
     vertex -1.117179e+01  1.145387e+01  2.000000e+01
     vertex -1.117179e+01  1.145387e+01  2.160000e+01
     vertex -1.058697e+01  1.199650e+01  2.160000e+01
   endloop
 endfacet
 facet normal -7.158668e-01  6.982368e-01  0.000000e+00
   outer loop
     vertex -1.117179e+01  1.145387e+01  2.000000e+01
     vertex -1.172883e+01  1.088276e+01  2.160000e+01
     vertex -1.117179e+01  1.145387e+01  2.160000e+01
   endloop
 endfacet
 facet normal -7.158668e-01  6.982368e-01  0.000000e+00
   outer loop
     vertex -1.172883e+01  1.088276e+01  2.000000e+01
     vertex -1.172883e+01  1.088276e+01  2.160000e+01
     vertex -1.117179e+01  1.145387e+01  2.000000e+01
   endloop
 endfacet
 facet normal -7.497812e-01  6.616858e-01  0.000000e+00
   outer loop
     vertex -1.172883e+01  1.088276e+01  2.000000e+01
     vertex -1.225671e+01  1.028460e+01  2.160000e+01
     vertex -1.172883e+01  1.088276e+01  2.160000e+01
   endloop
 endfacet
 facet normal -7.818315e-01  6.234898e-01  0.000000e+00
   outer loop
     vertex -1.225671e+01  1.028460e+01  2.000000e+01
     vertex -1.275412e+01  9.660871e+00  2.160000e+01
     vertex -1.225671e+01  1.028460e+01  2.160000e+01
   endloop
 endfacet
 facet normal -7.497812e-01  6.616858e-01  0.000000e+00
   outer loop
     vertex -1.225671e+01  1.028460e+01  2.000000e+01
     vertex -1.225671e+01  1.028460e+01  2.160000e+01
     vertex -1.172883e+01  1.088276e+01  2.000000e+01
   endloop
 endfacet
 facet normal -7.818315e-01  6.234898e-01  0.000000e+00
   outer loop
     vertex -1.275412e+01  9.660871e+00  2.000000e+01
     vertex -1.275412e+01  9.660871e+00  2.160000e+01
     vertex -1.225671e+01  1.028460e+01  2.000000e+01
   endloop
 endfacet
 facet normal -8.119380e-01  5.837437e-01  0.000000e+00
   outer loop
     vertex -1.321982e+01  9.013121e+00  2.000000e+01
     vertex -1.321982e+01  9.013121e+00  2.160000e+01
     vertex -1.275412e+01  9.660871e+00  2.160000e+01
   endloop
 endfacet
 facet normal -8.119380e-01  5.837437e-01  0.000000e+00
   outer loop
     vertex -1.321982e+01  9.013121e+00  2.000000e+01
     vertex -1.275412e+01  9.660871e+00  2.160000e+01
     vertex -1.275412e+01  9.660871e+00  2.000000e+01
   endloop
 endfacet
 facet normal -8.400259e-01  5.425463e-01  0.000000e+00
   outer loop
     vertex -1.365265e+01  8.342963e+00  2.000000e+01
     vertex -1.365265e+01  8.342963e+00  2.160000e+01
     vertex -1.321982e+01  9.013121e+00  2.160000e+01
   endloop
 endfacet
 facet normal -8.660254e-01  5.000000e-01  0.000000e+00
   outer loop
     vertex -1.365265e+01  8.342963e+00  2.000000e+01
     vertex -1.405155e+01  7.652064e+00  2.160000e+01
     vertex -1.365265e+01  8.342963e+00  2.160000e+01
   endloop
 endfacet
 facet normal -8.400259e-01  5.425463e-01  0.000000e+00
   outer loop
     vertex -1.365265e+01  8.342963e+00  2.000000e+01
     vertex -1.321982e+01  9.013121e+00  2.160000e+01
     vertex -1.321982e+01  9.013121e+00  2.000000e+01
   endloop
 endfacet
 facet normal -8.660254e-01  5.000000e-01  0.000000e+00
   outer loop
     vertex -1.405155e+01  7.652064e+00  2.000000e+01
     vertex -1.405155e+01  7.652064e+00  2.160000e+01
     vertex -1.365265e+01  8.342963e+00  2.000000e+01
   endloop
 endfacet
 facet normal -8.898718e-01  4.562107e-01  0.000000e+00
   outer loop
     vertex -1.441550e+01  6.942140e+00  2.000000e+01
     vertex -1.441550e+01  6.942140e+00  2.160000e+01
     vertex -1.405155e+01  7.652064e+00  2.160000e+01
   endloop
 endfacet
 facet normal -9.115059e-01  4.112871e-01  0.000000e+00
   outer loop
     vertex -1.441550e+01  6.942140e+00  2.000000e+01
     vertex -1.474362e+01  6.214957e+00  2.160000e+01
     vertex -1.441550e+01  6.942140e+00  2.160000e+01
   endloop
 endfacet
 facet normal -8.898718e-01  4.562107e-01  0.000000e+00
   outer loop
     vertex -1.441550e+01  6.942140e+00  2.000000e+01
     vertex -1.405155e+01  7.652064e+00  2.160000e+01
     vertex -1.405155e+01  7.652064e+00  2.000000e+01
   endloop
 endfacet
 facet normal -9.115059e-01  4.112871e-01  0.000000e+00
   outer loop
     vertex -1.474362e+01  6.214957e+00  2.000000e+01
     vertex -1.474362e+01  6.214957e+00  2.160000e+01
     vertex -1.441550e+01  6.942140e+00  2.000000e+01
   endloop
 endfacet
 facet normal -9.308737e-01  3.653410e-01  0.000000e+00
   outer loop
     vertex -1.503508e+01  5.472322e+00  2.000000e+01
     vertex -1.503508e+01  5.472322e+00  2.160000e+01
     vertex -1.474362e+01  6.214957e+00  2.160000e+01
   endloop
 endfacet
 facet normal -9.308737e-01  3.653410e-01  0.000000e+00
   outer loop
     vertex -1.503508e+01  5.472322e+00  2.000000e+01
     vertex -1.474362e+01  6.214957e+00  2.160000e+01
     vertex -1.474362e+01  6.214957e+00  2.000000e+01
   endloop
 endfacet
 facet normal -9.479273e-01  3.184867e-01  0.000000e+00
   outer loop
     vertex -1.528916e+01  4.716083e+00  2.000000e+01
     vertex -1.528916e+01  4.716083e+00  2.160000e+01
     vertex -1.503508e+01  5.472322e+00  2.160000e+01
   endloop
 endfacet
 facet normal -9.479273e-01  3.184867e-01  0.000000e+00
   outer loop
     vertex -1.528916e+01  4.716083e+00  2.000000e+01
     vertex -1.503508e+01  5.472322e+00  2.160000e+01
     vertex -1.503508e+01  5.472322e+00  2.000000e+01
   endloop
 endfacet
 facet normal -9.626242e-01  2.708405e-01  0.000000e+00
   outer loop
     vertex -1.550524e+01  3.948118e+00  2.000000e+01
     vertex -1.550524e+01  3.948118e+00  2.160000e+01
     vertex -1.528916e+01  4.716083e+00  2.160000e+01
   endloop
 endfacet
 facet normal -9.626242e-01  2.708405e-01  0.000000e+00
   outer loop
     vertex -1.550524e+01  3.948118e+00  2.000000e+01
     vertex -1.528916e+01  4.716083e+00  2.160000e+01
     vertex -1.528916e+01  4.716083e+00  2.000000e+01
   endloop
 endfacet
 facet normal -9.749279e-01  2.225209e-01  0.000000e+00
   outer loop
     vertex -1.568276e+01  3.170338e+00  2.000000e+01
     vertex -1.568276e+01  3.170338e+00  2.160000e+01
     vertex -1.550524e+01  3.948118e+00  2.160000e+01
   endloop
 endfacet
 facet normal -9.749279e-01  2.225209e-01  0.000000e+00
   outer loop
     vertex -1.568276e+01  3.170338e+00  2.000000e+01
     vertex -1.550524e+01  3.948118e+00  2.160000e+01
     vertex -1.550524e+01  3.948118e+00  2.000000e+01
   endloop
 endfacet
 facet normal -9.848078e-01  1.736482e-01  0.000000e+00
   outer loop
     vertex -1.582129e+01  2.384676e+00  2.000000e+01
     vertex -1.582129e+01  2.384676e+00  2.160000e+01
     vertex -1.568276e+01  3.170338e+00  2.160000e+01
   endloop
 endfacet
 facet normal -9.848078e-01  1.736482e-01  0.000000e+00
   outer loop
     vertex -1.582129e+01  2.384676e+00  2.000000e+01
     vertex -1.568276e+01  3.170338e+00  2.160000e+01
     vertex -1.568276e+01  3.170338e+00  2.000000e+01
   endloop
 endfacet
 facet normal -9.922392e-01  1.243437e-01  0.000000e+00
   outer loop
     vertex -1.592049e+01  1.593086e+00  2.000000e+01
     vertex -1.592049e+01  1.593086e+00  2.160000e+01
     vertex -1.582129e+01  2.384676e+00  2.160000e+01
   endloop
 endfacet
 facet normal -9.922392e-01  1.243437e-01  0.000000e+00
   outer loop
     vertex -1.592049e+01  1.593086e+00  2.000000e+01
     vertex -1.582129e+01  2.384676e+00  2.160000e+01
     vertex -1.582129e+01  2.384676e+00  2.000000e+01
   endloop
 endfacet
 facet normal -9.972038e-01  7.473009e-02  0.000000e+00
   outer loop
     vertex -1.598011e+01  7.975342e-01  2.000000e+01
     vertex -1.592049e+01  1.593086e+00  2.160000e+01
     vertex -1.592049e+01  1.593086e+00  2.000000e+01
   endloop
 endfacet
 facet normal -9.972038e-01  7.473009e-02  0.000000e+00
   outer loop
     vertex -1.598011e+01  7.975342e-01  2.000000e+01
     vertex -1.598011e+01  7.975342e-01  2.160000e+01
     vertex -1.592049e+01  1.593086e+00  2.160000e+01
   endloop
 endfacet
 facet normal -9.996892e-01  2.493069e-02  0.000000e+00
   outer loop
     vertex -1.600000e+01 -5.488398e-14  2.000000e+01
     vertex -1.598011e+01  7.975342e-01  2.160000e+01
     vertex -1.598011e+01  7.975342e-01  2.000000e+01
   endloop
 endfacet
 facet normal -9.996892e-01  2.493069e-02  0.000000e+00
   outer loop
     vertex -1.600000e+01 -5.488398e-14  2.000000e+01
     vertex -1.600000e+01 -5.488398e-14  2.160000e+01
     vertex -1.598011e+01  7.975342e-01  2.160000e+01
   endloop
 endfacet
 facet normal -9.996892e-01 -2.493069e-02  0.000000e+00
   outer loop
     vertex -1.600000e+01 -5.488398e-14  2.000000e+01
     vertex -1.598011e+01 -7.975342e-01  2.160000e+01
     vertex -1.600000e+01 -5.488398e-14  2.160000e+01
   endloop
 endfacet
 facet normal -9.996892e-01 -2.493069e-02  0.000000e+00
   outer loop
     vertex -1.598011e+01 -7.975342e-01  2.000000e+01
     vertex -1.598011e+01 -7.975342e-01  2.160000e+01
     vertex -1.600000e+01 -5.488398e-14  2.000000e+01
   endloop
 endfacet
 facet normal -9.972038e-01 -7.473009e-02  0.000000e+00
   outer loop
     vertex -1.592049e+01 -1.593086e+00  2.000000e+01
     vertex -1.598011e+01 -7.975342e-01  2.160000e+01
     vertex -1.598011e+01 -7.975342e-01  2.000000e+01
   endloop
 endfacet
 facet normal -9.972038e-01 -7.473009e-02  0.000000e+00
   outer loop
     vertex -1.592049e+01 -1.593086e+00  2.000000e+01
     vertex -1.592049e+01 -1.593086e+00  2.160000e+01
     vertex -1.598011e+01 -7.975342e-01  2.160000e+01
   endloop
 endfacet
 facet normal -9.922392e-01 -1.243437e-01  0.000000e+00
   outer loop
     vertex -1.582129e+01 -2.384676e+00  2.000000e+01
     vertex -1.592049e+01 -1.593086e+00  2.160000e+01
     vertex -1.592049e+01 -1.593086e+00  2.000000e+01
   endloop
 endfacet
 facet normal -9.922392e-01 -1.243437e-01  0.000000e+00
   outer loop
     vertex -1.582129e+01 -2.384676e+00  2.000000e+01
     vertex -1.582129e+01 -2.384676e+00  2.160000e+01
     vertex -1.592049e+01 -1.593086e+00  2.160000e+01
   endloop
 endfacet
 facet normal -9.848078e-01 -1.736482e-01  0.000000e+00
   outer loop
     vertex -1.568276e+01 -3.170338e+00  2.000000e+01
     vertex -1.582129e+01 -2.384676e+00  2.160000e+01
     vertex -1.582129e+01 -2.384676e+00  2.000000e+01
   endloop
 endfacet
 facet normal -9.848078e-01 -1.736482e-01  0.000000e+00
   outer loop
     vertex -1.568276e+01 -3.170338e+00  2.000000e+01
     vertex -1.568276e+01 -3.170338e+00  2.160000e+01
     vertex -1.582129e+01 -2.384676e+00  2.160000e+01
   endloop
 endfacet
 facet normal -9.749279e-01 -2.225209e-01  0.000000e+00
   outer loop
     vertex -1.550524e+01 -3.948118e+00  2.000000e+01
     vertex -1.568276e+01 -3.170338e+00  2.160000e+01
     vertex -1.568276e+01 -3.170338e+00  2.000000e+01
   endloop
 endfacet
 facet normal -9.749279e-01 -2.225209e-01  0.000000e+00
   outer loop
     vertex -1.550524e+01 -3.948118e+00  2.000000e+01
     vertex -1.550524e+01 -3.948118e+00  2.160000e+01
     vertex -1.568276e+01 -3.170338e+00  2.160000e+01
   endloop
 endfacet
 facet normal -9.626242e-01 -2.708405e-01  0.000000e+00
   outer loop
     vertex -1.528916e+01 -4.716083e+00  2.000000e+01
     vertex -1.550524e+01 -3.948118e+00  2.160000e+01
     vertex -1.550524e+01 -3.948118e+00  2.000000e+01
   endloop
 endfacet
 facet normal -9.626242e-01 -2.708405e-01  0.000000e+00
   outer loop
     vertex -1.528916e+01 -4.716083e+00  2.000000e+01
     vertex -1.528916e+01 -4.716083e+00  2.160000e+01
     vertex -1.550524e+01 -3.948118e+00  2.160000e+01
   endloop
 endfacet
 facet normal -9.479273e-01 -3.184867e-01  0.000000e+00
   outer loop
     vertex -1.503508e+01 -5.472322e+00  2.000000e+01
     vertex -1.528916e+01 -4.716083e+00  2.160000e+01
     vertex -1.528916e+01 -4.716083e+00  2.000000e+01
   endloop
 endfacet
 facet normal -9.479273e-01 -3.184867e-01  0.000000e+00
   outer loop
     vertex -1.503508e+01 -5.472322e+00  2.000000e+01
     vertex -1.503508e+01 -5.472322e+00  2.160000e+01
     vertex -1.528916e+01 -4.716083e+00  2.160000e+01
   endloop
 endfacet
 facet normal -9.308737e-01 -3.653410e-01  0.000000e+00
   outer loop
     vertex -1.474362e+01 -6.214957e+00  2.000000e+01
     vertex -1.503508e+01 -5.472322e+00  2.160000e+01
     vertex -1.503508e+01 -5.472322e+00  2.000000e+01
   endloop
 endfacet
 facet normal -9.308737e-01 -3.653410e-01  0.000000e+00
   outer loop
     vertex -1.474362e+01 -6.214957e+00  2.000000e+01
     vertex -1.474362e+01 -6.214957e+00  2.160000e+01
     vertex -1.503508e+01 -5.472322e+00  2.160000e+01
   endloop
 endfacet
 facet normal -9.115059e-01 -4.112871e-01  0.000000e+00
   outer loop
     vertex -1.441550e+01 -6.942140e+00  2.000000e+01
     vertex -1.474362e+01 -6.214957e+00  2.160000e+01
     vertex -1.474362e+01 -6.214957e+00  2.000000e+01
   endloop
 endfacet
 facet normal -9.115059e-01 -4.112871e-01  0.000000e+00
   outer loop
     vertex -1.441550e+01 -6.942140e+00  2.000000e+01
     vertex -1.441550e+01 -6.942140e+00  2.160000e+01
     vertex -1.474362e+01 -6.214957e+00  2.160000e+01
   endloop
 endfacet
 facet normal -8.898718e-01 -4.562107e-01  0.000000e+00
   outer loop
     vertex -1.405155e+01 -7.652064e+00  2.000000e+01
     vertex -1.441550e+01 -6.942140e+00  2.160000e+01
     vertex -1.441550e+01 -6.942140e+00  2.000000e+01
   endloop
 endfacet
 facet normal -8.898718e-01 -4.562107e-01  0.000000e+00
   outer loop
     vertex -1.405155e+01 -7.652064e+00  2.000000e+01
     vertex -1.405155e+01 -7.652064e+00  2.160000e+01
     vertex -1.441550e+01 -6.942140e+00  2.160000e+01
   endloop
 endfacet
 facet normal -8.660254e-01 -5.000000e-01  0.000000e+00
   outer loop
     vertex -1.365265e+01 -8.342963e+00  2.000000e+01
     vertex -1.405155e+01 -7.652064e+00  2.160000e+01
     vertex -1.405155e+01 -7.652064e+00  2.000000e+01
   endloop
 endfacet
 facet normal -8.660254e-01 -5.000000e-01  0.000000e+00
   outer loop
     vertex -1.365265e+01 -8.342963e+00  2.000000e+01
     vertex -1.365265e+01 -8.342963e+00  2.160000e+01
     vertex -1.405155e+01 -7.652064e+00  2.160000e+01
   endloop
 endfacet
 facet normal -8.400259e-01 -5.425463e-01  0.000000e+00
   outer loop
     vertex -1.321982e+01 -9.013121e+00  2.000000e+01
     vertex -1.365265e+01 -8.342963e+00  2.160000e+01
     vertex -1.365265e+01 -8.342963e+00  2.000000e+01
   endloop
 endfacet
 facet normal -8.400259e-01 -5.425463e-01  0.000000e+00
   outer loop
     vertex -1.321982e+01 -9.013121e+00  2.000000e+01
     vertex -1.321982e+01 -9.013121e+00  2.160000e+01
     vertex -1.365265e+01 -8.342963e+00  2.160000e+01
   endloop
 endfacet
 facet normal -8.119380e-01 -5.837437e-01  0.000000e+00
   outer loop
     vertex -1.275412e+01 -9.660871e+00  2.000000e+01
     vertex -1.321982e+01 -9.013121e+00  2.160000e+01
     vertex -1.321982e+01 -9.013121e+00  2.000000e+01
   endloop
 endfacet
 facet normal -8.119380e-01 -5.837437e-01  0.000000e+00
   outer loop
     vertex -1.275412e+01 -9.660871e+00  2.000000e+01
     vertex -1.275412e+01 -9.660871e+00  2.160000e+01
     vertex -1.321982e+01 -9.013121e+00  2.160000e+01
   endloop
 endfacet
 facet normal -7.818315e-01 -6.234898e-01  0.000000e+00
   outer loop
     vertex -1.225671e+01 -1.028460e+01  2.000000e+01
     vertex -1.275412e+01 -9.660871e+00  2.160000e+01
     vertex -1.275412e+01 -9.660871e+00  2.000000e+01
   endloop
 endfacet
 facet normal -7.818315e-01 -6.234898e-01  0.000000e+00
   outer loop
     vertex -1.225671e+01 -1.028460e+01  2.000000e+01
     vertex -1.225671e+01 -1.028460e+01  2.160000e+01
     vertex -1.275412e+01 -9.660871e+00  2.160000e+01
   endloop
 endfacet
 facet normal -7.497812e-01 -6.616858e-01  0.000000e+00
   outer loop
     vertex -1.172883e+01 -1.088276e+01  2.000000e+01
     vertex -1.225671e+01 -1.028460e+01  2.160000e+01
     vertex -1.225671e+01 -1.028460e+01  2.000000e+01
   endloop
 endfacet
 facet normal -7.497812e-01 -6.616858e-01  0.000000e+00
   outer loop
     vertex -1.172883e+01 -1.088276e+01  2.000000e+01
     vertex -1.172883e+01 -1.088276e+01  2.160000e+01
     vertex -1.225671e+01 -1.028460e+01  2.160000e+01
   endloop
 endfacet
 facet normal -7.158668e-01 -6.982368e-01  0.000000e+00
   outer loop
     vertex -1.117179e+01 -1.145387e+01  2.000000e+01
     vertex -1.172883e+01 -1.088276e+01  2.160000e+01
     vertex -1.172883e+01 -1.088276e+01  2.000000e+01
   endloop
 endfacet
 facet normal -7.158668e-01 -6.982368e-01  0.000000e+00
   outer loop
     vertex -1.117179e+01 -1.145387e+01  2.000000e+01
     vertex -1.117179e+01 -1.145387e+01  2.160000e+01
     vertex -1.172883e+01 -1.088276e+01  2.160000e+01
   endloop
 endfacet
 facet normal -6.801727e-01 -7.330519e-01  0.000000e+00
   outer loop
     vertex -1.058697e+01 -1.199650e+01  2.000000e+01
     vertex -1.117179e+01 -1.145387e+01  2.160000e+01
     vertex -1.117179e+01 -1.145387e+01  2.000000e+01
   endloop
 endfacet
 facet normal -6.801727e-01 -7.330519e-01  0.000000e+00
   outer loop
     vertex -1.058697e+01 -1.199650e+01  2.000000e+01
     vertex -1.058697e+01 -1.199650e+01  2.160000e+01
     vertex -1.117179e+01 -1.145387e+01  2.160000e+01
   endloop
 endfacet
 facet normal -6.427876e-01 -7.660444e-01  0.000000e+00
   outer loop
     vertex -9.975837e+00 -1.250930e+01  2.000000e+01
     vertex -1.058697e+01 -1.199650e+01  2.160000e+01
     vertex -1.058697e+01 -1.199650e+01  2.000000e+01
   endloop
 endfacet
 facet normal -6.427876e-01 -7.660444e-01  0.000000e+00
   outer loop
     vertex -9.975837e+00 -1.250930e+01  2.000000e+01
     vertex -9.975837e+00 -1.250930e+01  2.160000e+01
     vertex -1.058697e+01 -1.199650e+01  2.160000e+01
   endloop
 endfacet
 facet normal -6.038044e-01 -7.971325e-01  0.000000e+00
   outer loop
     vertex -9.339899e+00 -1.299101e+01  2.000000e+01
     vertex -9.339899e+00 -1.299101e+01  2.160000e+01
     vertex -9.975837e+00 -1.250930e+01  2.160000e+01
   endloop
 endfacet
 facet normal -6.038044e-01 -7.971325e-01  0.000000e+00
   outer loop
     vertex -9.339899e+00 -1.299101e+01  2.000000e+01
     vertex -9.975837e+00 -1.250930e+01  2.160000e+01
     vertex -9.975837e+00 -1.250930e+01  2.000000e+01
   endloop
 endfacet
 facet normal -5.633201e-01 -8.262388e-01  0.000000e+00
   outer loop
     vertex -8.680740e+00 -1.344041e+01  2.000000e+01
     vertex -8.680740e+00 -1.344041e+01  2.160000e+01
     vertex -9.339899e+00 -1.299101e+01  2.160000e+01
   endloop
 endfacet
 facet normal -5.633201e-01 -8.262388e-01  0.000000e+00
   outer loop
     vertex -8.680740e+00 -1.344041e+01  2.000000e+01
     vertex -9.339899e+00 -1.299101e+01  2.160000e+01
     vertex -9.339899e+00 -1.299101e+01  2.000000e+01
   endloop
 endfacet
 facet normal -5.214352e-01 -8.532909e-01  0.000000e+00
   outer loop
     vertex -8.000000e+00 -1.385641e+01  2.000000e+01
     vertex -8.000000e+00 -1.385641e+01  2.160000e+01
     vertex -8.680740e+00 -1.344041e+01  2.160000e+01
   endloop
 endfacet
 facet normal -5.214352e-01 -8.532909e-01  0.000000e+00
   outer loop
     vertex -8.000000e+00 -1.385641e+01  2.000000e+01
     vertex -8.680740e+00 -1.344041e+01  2.160000e+01
     vertex -8.680740e+00 -1.344041e+01  2.000000e+01
   endloop
 endfacet
 facet normal -4.782540e-01 -8.782216e-01  0.000000e+00
   outer loop
     vertex -7.299371e+00 -1.423795e+01  2.000000e+01
     vertex -7.299371e+00 -1.423795e+01  2.160000e+01
     vertex -8.000000e+00 -1.385641e+01  2.160000e+01
   endloop
 endfacet
 facet normal -4.782540e-01 -8.782216e-01  0.000000e+00
   outer loop
     vertex -7.299371e+00 -1.423795e+01  2.000000e+01
     vertex -8.000000e+00 -1.385641e+01  2.160000e+01
     vertex -8.000000e+00 -1.385641e+01  2.000000e+01
   endloop
 endfacet
 facet normal -4.338837e-01 -9.009689e-01  0.000000e+00
   outer loop
     vertex -6.580594e+00 -1.458409e+01  2.000000e+01
     vertex -6.580594e+00 -1.458409e+01  2.160000e+01
     vertex -7.299371e+00 -1.423795e+01  2.160000e+01
   endloop
 endfacet
 facet normal -4.338837e-01 -9.009689e-01  0.000000e+00
   outer loop
     vertex -6.580594e+00 -1.458409e+01  2.000000e+01
     vertex -7.299371e+00 -1.423795e+01  2.160000e+01
     vertex -7.299371e+00 -1.423795e+01  2.000000e+01
   endloop
 endfacet
 facet normal -3.884348e-01 -9.214762e-01  0.000000e+00
   outer loop
     vertex -5.845456e+00 -1.489398e+01  2.000000e+01
     vertex -6.580594e+00 -1.458409e+01  2.160000e+01
     vertex -6.580594e+00 -1.458409e+01  2.000000e+01
   endloop
 endfacet
 facet normal -3.884348e-01 -9.214762e-01  0.000000e+00
   outer loop
     vertex -5.845456e+00 -1.489398e+01  2.000000e+01
     vertex -5.845456e+00 -1.489398e+01  2.160000e+01
     vertex -6.580594e+00 -1.458409e+01  2.160000e+01
   endloop
 endfacet
 facet normal -3.420201e-01 -9.396926e-01  0.000000e+00
   outer loop
     vertex -5.095786e+00 -1.516684e+01  2.000000e+01
     vertex -5.845456e+00 -1.489398e+01  2.160000e+01
     vertex -5.845456e+00 -1.489398e+01  2.000000e+01
   endloop
 endfacet
 facet normal -3.420201e-01 -9.396926e-01  0.000000e+00
   outer loop
     vertex -5.095786e+00 -1.516684e+01  2.000000e+01
     vertex -5.095786e+00 -1.516684e+01  2.160000e+01
     vertex -5.845456e+00 -1.489398e+01  2.160000e+01
   endloop
 endfacet
 facet normal -2.947552e-01 -9.555728e-01  0.000000e+00
   outer loop
     vertex -4.333447e+00 -1.540199e+01  2.000000e+01
     vertex -5.095786e+00 -1.516684e+01  2.160000e+01
     vertex -5.095786e+00 -1.516684e+01  2.000000e+01
   endloop
 endfacet
 facet normal -2.947552e-01 -9.555728e-01  0.000000e+00
   outer loop
     vertex -4.333447e+00 -1.540199e+01  2.000000e+01
     vertex -4.333447e+00 -1.540199e+01  2.160000e+01
     vertex -5.095786e+00 -1.516684e+01  2.160000e+01
   endloop
 endfacet
 facet normal -2.467574e-01 -9.690773e-01  0.000000e+00
   outer loop
     vertex -3.560335e+00 -1.559885e+01  2.000000e+01
     vertex -4.333447e+00 -1.540199e+01  2.160000e+01
     vertex -4.333447e+00 -1.540199e+01  2.000000e+01
   endloop
 endfacet
 facet normal -2.467574e-01 -9.690773e-01  0.000000e+00
   outer loop
     vertex -3.560335e+00 -1.559885e+01  2.000000e+01
     vertex -3.560335e+00 -1.559885e+01  2.160000e+01
     vertex -4.333447e+00 -1.540199e+01  2.160000e+01
   endloop
 endfacet
 facet normal -1.981461e-01 -9.801725e-01  0.000000e+00
   outer loop
     vertex -2.778371e+00 -1.575692e+01  2.000000e+01
     vertex -3.560335e+00 -1.559885e+01  2.160000e+01
     vertex -3.560335e+00 -1.559885e+01  2.000000e+01
   endloop
 endfacet
 facet normal -1.981461e-01 -9.801725e-01  0.000000e+00
   outer loop
     vertex -2.778371e+00 -1.575692e+01  2.000000e+01
     vertex -2.778371e+00 -1.575692e+01  2.160000e+01
     vertex -3.560335e+00 -1.559885e+01  2.160000e+01
   endloop
 endfacet
 facet normal -1.490423e-01 -9.888308e-01  0.000000e+00
   outer loop
     vertex -1.989499e+00 -1.587583e+01  2.000000e+01
     vertex -2.778371e+00 -1.575692e+01  2.160000e+01
     vertex -2.778371e+00 -1.575692e+01  2.000000e+01
   endloop
 endfacet
 facet normal -1.490423e-01 -9.888308e-01  0.000000e+00
   outer loop
     vertex -1.989499e+00 -1.587583e+01  2.000000e+01
     vertex -1.989499e+00 -1.587583e+01  2.160000e+01
     vertex -2.778371e+00 -1.575692e+01  2.160000e+01
   endloop
 endfacet
 facet normal -9.956785e-02 -9.950308e-01  0.000000e+00
   outer loop
     vertex -1.195681e+00 -1.595526e+01  2.000000e+01
     vertex -1.989499e+00 -1.587583e+01  2.160000e+01
     vertex -1.989499e+00 -1.587583e+01  2.000000e+01
   endloop
 endfacet
 facet normal -9.956785e-02 -9.950308e-01  0.000000e+00
   outer loop
     vertex -1.195681e+00 -1.595526e+01  2.000000e+01
     vertex -1.195681e+00 -1.595526e+01  2.160000e+01
     vertex -1.989499e+00 -1.587583e+01  2.160000e+01
   endloop
 endfacet
 facet normal -4.984589e-02 -9.987569e-01  0.000000e+00
   outer loop
     vertex -3.988911e-01 -1.599503e+01  2.000000e+01
     vertex -1.195681e+00 -1.595526e+01  2.160000e+01
     vertex -1.195681e+00 -1.595526e+01  2.000000e+01
   endloop
 endfacet
 facet normal -4.984589e-02 -9.987569e-01  0.000000e+00
   outer loop
     vertex -3.988911e-01 -1.599503e+01  2.000000e+01
     vertex -3.988911e-01 -1.599503e+01  2.160000e+01
     vertex -1.195681e+00 -1.595526e+01  2.160000e+01
   endloop
 endfacet
 facet normal  8.906476e-15 -1.000000e+00  0.000000e+00
   outer loop
     vertex  3.988911e-01 -1.599503e+01  2.000000e+01
     vertex -3.988911e-01 -1.599503e+01  2.160000e+01
     vertex -3.988911e-01 -1.599503e+01  2.000000e+01
   endloop
 endfacet
 facet normal  8.906476e-15 -1.000000e+00  0.000000e+00
   outer loop
     vertex  3.988911e-01 -1.599503e+01  2.000000e+01
     vertex  3.988911e-01 -1.599503e+01  2.160000e+01
     vertex -3.988911e-01 -1.599503e+01  2.160000e+01
   endloop
 endfacet
 facet normal  4.984589e-02 -9.987569e-01  0.000000e+00
   outer loop
     vertex  1.195681e+00 -1.595526e+01  2.000000e+01
     vertex  3.988911e-01 -1.599503e+01  2.160000e+01
     vertex  3.988911e-01 -1.599503e+01  2.000000e+01
   endloop
 endfacet
 facet normal  4.984589e-02 -9.987569e-01  0.000000e+00
   outer loop
     vertex  1.195681e+00 -1.595526e+01  2.000000e+01
     vertex  1.195681e+00 -1.595526e+01  2.160000e+01
     vertex  3.988911e-01 -1.599503e+01  2.160000e+01
   endloop
 endfacet
 facet normal  9.956785e-02 -9.950308e-01  0.000000e+00
   outer loop
     vertex  1.989499e+00 -1.587583e+01  2.000000e+01
     vertex  1.195681e+00 -1.595526e+01  2.160000e+01
     vertex  1.195681e+00 -1.595526e+01  2.000000e+01
   endloop
 endfacet
 facet normal  9.956785e-02 -9.950308e-01  0.000000e+00
   outer loop
     vertex  1.989499e+00 -1.587583e+01  2.000000e+01
     vertex  1.989499e+00 -1.587583e+01  2.160000e+01
     vertex  1.195681e+00 -1.595526e+01  2.160000e+01
   endloop
 endfacet
 facet normal  1.490423e-01 -9.888308e-01  0.000000e+00
   outer loop
     vertex  2.778371e+00 -1.575692e+01  2.000000e+01
     vertex  1.989499e+00 -1.587583e+01  2.160000e+01
     vertex  1.989499e+00 -1.587583e+01  2.000000e+01
   endloop
 endfacet
 facet normal  1.490423e-01 -9.888308e-01  0.000000e+00
   outer loop
     vertex  2.778371e+00 -1.575692e+01  2.000000e+01
     vertex  2.778371e+00 -1.575692e+01  2.160000e+01
     vertex  1.989499e+00 -1.587583e+01  2.160000e+01
   endloop
 endfacet
 facet normal  1.981461e-01 -9.801725e-01  0.000000e+00
   outer loop
     vertex  3.560335e+00 -1.559885e+01  2.000000e+01
     vertex  2.778371e+00 -1.575692e+01  2.160000e+01
     vertex  2.778371e+00 -1.575692e+01  2.000000e+01
   endloop
 endfacet
 facet normal  1.981461e-01 -9.801725e-01  0.000000e+00
   outer loop
     vertex  3.560335e+00 -1.559885e+01  2.000000e+01
     vertex  3.560335e+00 -1.559885e+01  2.160000e+01
     vertex  2.778371e+00 -1.575692e+01  2.160000e+01
   endloop
 endfacet
 facet normal  2.467574e-01 -9.690773e-01  0.000000e+00
   outer loop
     vertex  4.333447e+00 -1.540199e+01  2.000000e+01
     vertex  4.333447e+00 -1.540199e+01  2.160000e+01
     vertex  3.560335e+00 -1.559885e+01  2.160000e+01
   endloop
 endfacet
 facet normal  2.467574e-01 -9.690773e-01  0.000000e+00
   outer loop
     vertex  4.333447e+00 -1.540199e+01  2.000000e+01
     vertex  3.560335e+00 -1.559885e+01  2.160000e+01
     vertex  3.560335e+00 -1.559885e+01  2.000000e+01
   endloop
 endfacet
 facet normal  2.947552e-01 -9.555728e-01  0.000000e+00
   outer loop
     vertex  5.095786e+00 -1.516684e+01  2.000000e+01
     vertex  5.095786e+00 -1.516684e+01  2.160000e+01
     vertex  4.333447e+00 -1.540199e+01  2.160000e+01
   endloop
 endfacet
 facet normal  2.947552e-01 -9.555728e-01  0.000000e+00
   outer loop
     vertex  5.095786e+00 -1.516684e+01  2.000000e+01
     vertex  4.333447e+00 -1.540199e+01  2.160000e+01
     vertex  4.333447e+00 -1.540199e+01  2.000000e+01
   endloop
 endfacet
 facet normal  3.420201e-01 -9.396926e-01  0.000000e+00
   outer loop
     vertex  5.845456e+00 -1.489398e+01  2.000000e+01
     vertex  5.845456e+00 -1.489398e+01  2.160000e+01
     vertex  5.095786e+00 -1.516684e+01  2.160000e+01
   endloop
 endfacet
 facet normal  3.420201e-01 -9.396926e-01  0.000000e+00
   outer loop
     vertex  5.845456e+00 -1.489398e+01  2.000000e+01
     vertex  5.095786e+00 -1.516684e+01  2.160000e+01
     vertex  5.095786e+00 -1.516684e+01  2.000000e+01
   endloop
 endfacet
 facet normal  3.884348e-01 -9.214762e-01  0.000000e+00
   outer loop
     vertex  6.580594e+00 -1.458409e+01  2.000000e+01
     vertex  6.580594e+00 -1.458409e+01  2.160000e+01
     vertex  5.845456e+00 -1.489398e+01  2.160000e+01
   endloop
 endfacet
 facet normal  3.884348e-01 -9.214762e-01  0.000000e+00
   outer loop
     vertex  6.580594e+00 -1.458409e+01  2.000000e+01
     vertex  5.845456e+00 -1.489398e+01  2.160000e+01
     vertex  5.845456e+00 -1.489398e+01  2.000000e+01
   endloop
 endfacet
 facet normal  4.338837e-01 -9.009689e-01  0.000000e+00
   outer loop
     vertex  7.299371e+00 -1.423795e+01  2.000000e+01
     vertex  7.299371e+00 -1.423795e+01  2.160000e+01
     vertex  6.580594e+00 -1.458409e+01  2.160000e+01
   endloop
 endfacet
 facet normal  4.338837e-01 -9.009689e-01  0.000000e+00
   outer loop
     vertex  7.299371e+00 -1.423795e+01  2.000000e+01
     vertex  6.580594e+00 -1.458409e+01  2.160000e+01
     vertex  6.580594e+00 -1.458409e+01  2.000000e+01
   endloop
 endfacet
 facet normal  4.782540e-01 -8.782216e-01  0.000000e+00
   outer loop
     vertex  8.000000e+00 -1.385641e+01  2.000000e+01
     vertex  8.000000e+00 -1.385641e+01  2.160000e+01
     vertex  7.299371e+00 -1.423795e+01  2.160000e+01
   endloop
 endfacet
 facet normal  5.214352e-01 -8.532909e-01  0.000000e+00
   outer loop
     vertex  8.000000e+00 -1.385641e+01  2.000000e+01
     vertex  8.680740e+00 -1.344041e+01  2.160000e+01
     vertex  8.000000e+00 -1.385641e+01  2.160000e+01
   endloop
 endfacet
 facet normal  4.782540e-01 -8.782216e-01  0.000000e+00
   outer loop
     vertex  8.000000e+00 -1.385641e+01  2.000000e+01
     vertex  7.299371e+00 -1.423795e+01  2.160000e+01
     vertex  7.299371e+00 -1.423795e+01  2.000000e+01
   endloop
 endfacet
 facet normal  5.214352e-01 -8.532909e-01  0.000000e+00
   outer loop
     vertex  8.680740e+00 -1.344041e+01  2.000000e+01
     vertex  8.680740e+00 -1.344041e+01  2.160000e+01
     vertex  8.000000e+00 -1.385641e+01  2.000000e+01
   endloop
 endfacet
 facet normal  5.633201e-01 -8.262388e-01  0.000000e+00
   outer loop
     vertex  9.339899e+00 -1.299101e+01  2.000000e+01
     vertex  9.339899e+00 -1.299101e+01  2.160000e+01
     vertex  8.680740e+00 -1.344041e+01  2.160000e+01
   endloop
 endfacet
 facet normal  6.038044e-01 -7.971325e-01  0.000000e+00
   outer loop
     vertex  9.339899e+00 -1.299101e+01  2.000000e+01
     vertex  9.975837e+00 -1.250930e+01  2.160000e+01
     vertex  9.339899e+00 -1.299101e+01  2.160000e+01
   endloop
 endfacet
 facet normal  5.633201e-01 -8.262388e-01  0.000000e+00
   outer loop
     vertex  9.339899e+00 -1.299101e+01  2.000000e+01
     vertex  8.680740e+00 -1.344041e+01  2.160000e+01
     vertex  8.680740e+00 -1.344041e+01  2.000000e+01
   endloop
 endfacet
 facet normal  6.038044e-01 -7.971325e-01  0.000000e+00
   outer loop
     vertex  9.975837e+00 -1.250930e+01  2.000000e+01
     vertex  9.975837e+00 -1.250930e+01  2.160000e+01
     vertex  9.339899e+00 -1.299101e+01  2.000000e+01
   endloop
 endfacet
 facet normal  6.427876e-01 -7.660444e-01  0.000000e+00
   outer loop
     vertex  1.058697e+01 -1.199650e+01  2.000000e+01
     vertex  1.058697e+01 -1.199650e+01  2.160000e+01
     vertex  9.975837e+00 -1.250930e+01  2.160000e+01
   endloop
 endfacet
 facet normal  6.427876e-01 -7.660444e-01  0.000000e+00
   outer loop
     vertex  1.058697e+01 -1.199650e+01  2.000000e+01
     vertex  9.975837e+00 -1.250930e+01  2.160000e+01
     vertex  9.975837e+00 -1.250930e+01  2.000000e+01
   endloop
 endfacet
 facet normal  6.801727e-01 -7.330519e-01  0.000000e+00
   outer loop
     vertex  1.117179e+01 -1.145387e+01  2.000000e+01
     vertex  1.117179e+01 -1.145387e+01  2.160000e+01
     vertex  1.058697e+01 -1.199650e+01  2.160000e+01
   endloop
 endfacet
 facet normal  6.801727e-01 -7.330519e-01  0.000000e+00
   outer loop
     vertex  1.117179e+01 -1.145387e+01  2.000000e+01
     vertex  1.058697e+01 -1.199650e+01  2.160000e+01
     vertex  1.058697e+01 -1.199650e+01  2.000000e+01
   endloop
 endfacet
 facet normal  7.158668e-01 -6.982368e-01  0.000000e+00
   outer loop
     vertex  1.172883e+01 -1.088276e+01  2.000000e+01
     vertex  1.172883e+01 -1.088276e+01  2.160000e+01
     vertex  1.117179e+01 -1.145387e+01  2.160000e+01
   endloop
 endfacet
 facet normal  7.158668e-01 -6.982368e-01  0.000000e+00
   outer loop
     vertex  1.172883e+01 -1.088276e+01  2.000000e+01
     vertex  1.117179e+01 -1.145387e+01  2.160000e+01
     vertex  1.117179e+01 -1.145387e+01  2.000000e+01
   endloop
 endfacet
 facet normal  7.497812e-01 -6.616858e-01  0.000000e+00
   outer loop
     vertex  1.225671e+01 -1.028460e+01  2.000000e+01
     vertex  1.225671e+01 -1.028460e+01  2.160000e+01
     vertex  1.172883e+01 -1.088276e+01  2.160000e+01
   endloop
 endfacet
 facet normal  7.497812e-01 -6.616858e-01  0.000000e+00
   outer loop
     vertex  1.225671e+01 -1.028460e+01  2.000000e+01
     vertex  1.172883e+01 -1.088276e+01  2.160000e+01
     vertex  1.172883e+01 -1.088276e+01  2.000000e+01
   endloop
 endfacet
 facet normal  7.818315e-01 -6.234898e-01  0.000000e+00
   outer loop
     vertex  1.275412e+01 -9.660871e+00  2.000000e+01
     vertex  1.225671e+01 -1.028460e+01  2.160000e+01
     vertex  1.225671e+01 -1.028460e+01  2.000000e+01
   endloop
 endfacet
 facet normal  7.818315e-01 -6.234898e-01  0.000000e+00
   outer loop
     vertex  1.275412e+01 -9.660871e+00  2.000000e+01
     vertex  1.275412e+01 -9.660871e+00  2.160000e+01
     vertex  1.225671e+01 -1.028460e+01  2.160000e+01
   endloop
 endfacet
 facet normal  8.119380e-01 -5.837437e-01  0.000000e+00
   outer loop
     vertex  1.321982e+01 -9.013121e+00  2.000000e+01
     vertex  1.275412e+01 -9.660871e+00  2.160000e+01
     vertex  1.275412e+01 -9.660871e+00  2.000000e+01
   endloop
 endfacet
 facet normal  8.119380e-01 -5.837437e-01  0.000000e+00
   outer loop
     vertex  1.321982e+01 -9.013121e+00  2.000000e+01
     vertex  1.321982e+01 -9.013121e+00  2.160000e+01
     vertex  1.275412e+01 -9.660871e+00  2.160000e+01
   endloop
 endfacet
 facet normal  8.400259e-01 -5.425463e-01  0.000000e+00
   outer loop
     vertex  1.321982e+01 -9.013121e+00  2.000000e+01
     vertex  1.365265e+01 -8.342963e+00  2.160000e+01
     vertex  1.321982e+01 -9.013121e+00  2.160000e+01
   endloop
 endfacet
 facet normal  8.400259e-01 -5.425463e-01  0.000000e+00
   outer loop
     vertex  1.365265e+01 -8.342963e+00  2.000000e+01
     vertex  1.365265e+01 -8.342963e+00  2.160000e+01
     vertex  1.321982e+01 -9.013121e+00  2.000000e+01
   endloop
 endfacet
 facet normal  8.660254e-01 -5.000000e-01  0.000000e+00
   outer loop
     vertex  1.405155e+01 -7.652064e+00  2.000000e+01
     vertex  1.365265e+01 -8.342963e+00  2.160000e+01
     vertex  1.365265e+01 -8.342963e+00  2.000000e+01
   endloop
 endfacet
 facet normal  8.660254e-01 -5.000000e-01  0.000000e+00
   outer loop
     vertex  1.405155e+01 -7.652064e+00  2.000000e+01
     vertex  1.405155e+01 -7.652064e+00  2.160000e+01
     vertex  1.365265e+01 -8.342963e+00  2.160000e+01
   endloop
 endfacet
 facet normal  8.898718e-01 -4.562107e-01  0.000000e+00
   outer loop
     vertex  1.441550e+01 -6.942140e+00  2.000000e+01
     vertex  1.405155e+01 -7.652064e+00  2.160000e+01
     vertex  1.405155e+01 -7.652064e+00  2.000000e+01
   endloop
 endfacet
 facet normal  8.898718e-01 -4.562107e-01  0.000000e+00
   outer loop
     vertex  1.441550e+01 -6.942140e+00  2.000000e+01
     vertex  1.441550e+01 -6.942140e+00  2.160000e+01
     vertex  1.405155e+01 -7.652064e+00  2.160000e+01
   endloop
 endfacet
 facet normal  9.115059e-01 -4.112871e-01  0.000000e+00
   outer loop
     vertex  1.474362e+01 -6.214957e+00  2.000000e+01
     vertex  1.474362e+01 -6.214957e+00  2.160000e+01
     vertex  1.441550e+01 -6.942140e+00  2.160000e+01
   endloop
 endfacet
 facet normal  9.115059e-01 -4.112871e-01  0.000000e+00
   outer loop
     vertex  1.474362e+01 -6.214957e+00  2.000000e+01
     vertex  1.441550e+01 -6.942140e+00  2.160000e+01
     vertex  1.441550e+01 -6.942140e+00  2.000000e+01
   endloop
 endfacet
 facet normal  9.308737e-01 -3.653410e-01  0.000000e+00
   outer loop
     vertex  1.503508e+01 -5.472322e+00  2.000000e+01
     vertex  1.503508e+01 -5.472322e+00  2.160000e+01
     vertex  1.474362e+01 -6.214957e+00  2.160000e+01
   endloop
 endfacet
 facet normal  9.308737e-01 -3.653410e-01  0.000000e+00
   outer loop
     vertex  1.503508e+01 -5.472322e+00  2.000000e+01
     vertex  1.474362e+01 -6.214957e+00  2.160000e+01
     vertex  1.474362e+01 -6.214957e+00  2.000000e+01
   endloop
 endfacet
 facet normal  9.479273e-01 -3.184867e-01  0.000000e+00
   outer loop
     vertex  1.528916e+01 -4.716083e+00  2.000000e+01
     vertex  1.528916e+01 -4.716083e+00  2.160000e+01
     vertex  1.503508e+01 -5.472322e+00  2.160000e+01
   endloop
 endfacet
 facet normal  9.479273e-01 -3.184867e-01  0.000000e+00
   outer loop
     vertex  1.528916e+01 -4.716083e+00  2.000000e+01
     vertex  1.503508e+01 -5.472322e+00  2.160000e+01
     vertex  1.503508e+01 -5.472322e+00  2.000000e+01
   endloop
 endfacet
 facet normal  9.626242e-01 -2.708405e-01  0.000000e+00
   outer loop
     vertex  1.550524e+01 -3.948118e+00  2.000000e+01
     vertex  1.550524e+01 -3.948118e+00  2.160000e+01
     vertex  1.528916e+01 -4.716083e+00  2.160000e+01
   endloop
 endfacet
 facet normal  9.626242e-01 -2.708405e-01  0.000000e+00
   outer loop
     vertex  1.550524e+01 -3.948118e+00  2.000000e+01
     vertex  1.528916e+01 -4.716083e+00  2.160000e+01
     vertex  1.528916e+01 -4.716083e+00  2.000000e+01
   endloop
 endfacet
 facet normal  9.749279e-01 -2.225209e-01  0.000000e+00
   outer loop
     vertex  1.568276e+01 -3.170338e+00  2.000000e+01
     vertex  1.568276e+01 -3.170338e+00  2.160000e+01
     vertex  1.550524e+01 -3.948118e+00  2.160000e+01
   endloop
 endfacet
 facet normal  9.749279e-01 -2.225209e-01  0.000000e+00
   outer loop
     vertex  1.568276e+01 -3.170338e+00  2.000000e+01
     vertex  1.550524e+01 -3.948118e+00  2.160000e+01
     vertex  1.550524e+01 -3.948118e+00  2.000000e+01
   endloop
 endfacet
 facet normal  9.848078e-01 -1.736482e-01  0.000000e+00
   outer loop
     vertex  1.582129e+01 -2.384676e+00  2.000000e+01
     vertex  1.582129e+01 -2.384676e+00  2.160000e+01
     vertex  1.568276e+01 -3.170338e+00  2.160000e+01
   endloop
 endfacet
 facet normal  9.848078e-01 -1.736482e-01  0.000000e+00
   outer loop
     vertex  1.582129e+01 -2.384676e+00  2.000000e+01
     vertex  1.568276e+01 -3.170338e+00  2.160000e+01
     vertex  1.568276e+01 -3.170338e+00  2.000000e+01
   endloop
 endfacet
 facet normal  9.922392e-01 -1.243437e-01  0.000000e+00
   outer loop
     vertex  1.592049e+01 -1.593086e+00  2.000000e+01
     vertex  1.592049e+01 -1.593086e+00  2.160000e+01
     vertex  1.582129e+01 -2.384676e+00  2.160000e+01
   endloop
 endfacet
 facet normal  9.922392e-01 -1.243437e-01  0.000000e+00
   outer loop
     vertex  1.592049e+01 -1.593086e+00  2.000000e+01
     vertex  1.582129e+01 -2.384676e+00  2.160000e+01
     vertex  1.582129e+01 -2.384676e+00  2.000000e+01
   endloop
 endfacet
 facet normal  9.972038e-01 -7.473009e-02  0.000000e+00
   outer loop
     vertex  1.598011e+01 -7.975342e-01  2.000000e+01
     vertex  1.598011e+01 -7.975342e-01  2.160000e+01
     vertex  1.592049e+01 -1.593086e+00  2.160000e+01
   endloop
 endfacet
 facet normal  9.972038e-01 -7.473009e-02  0.000000e+00
   outer loop
     vertex  1.598011e+01 -7.975342e-01  2.000000e+01
     vertex  1.592049e+01 -1.593086e+00  2.160000e+01
     vertex  1.592049e+01 -1.593086e+00  2.000000e+01
   endloop
 endfacet
 facet normal  9.996892e-01 -2.493069e-02  0.000000e+00
   outer loop
     vertex  1.600000e+01  0.000000e+00  2.000000e+01
     vertex  1.600000e+01  0.000000e+00  2.160000e+01
     vertex  1.598011e+01 -7.975342e-01  2.160000e+01
   endloop
 endfacet
 facet normal  9.996892e-01 -2.493069e-02  0.000000e+00
   outer loop
     vertex  1.600000e+01  0.000000e+00  2.000000e+01
     vertex  1.598011e+01 -7.975342e-01  2.160000e+01
     vertex  1.598011e+01 -7.975342e-01  2.000000e+01
   endloop
 endfacet
 facet normal  0.000000e+00  0.000000e+00 -1.000000e+00
   outer loop
     vertex -1.225671e+01 -1.028460e+01  2.000000e+01
     vertex -1.117179e+01 -1.145387e+01  2.000000e+01
     vertex -1.172883e+01 -1.088276e+01  2.000000e+01
   endloop
 endfacet
 facet normal  0.000000e+00  0.000000e+00 -1.000000e+00
   outer loop
     vertex -1.321982e+01 -9.013121e+00  2.000000e+01
     vertex -1.117179e+01 -1.145387e+01  2.000000e+01
     vertex -1.225671e+01 -1.028460e+01  2.000000e+01
   endloop
 endfacet
 facet normal  0.000000e+00  0.000000e+00 -1.000000e+00
   outer loop
     vertex -1.321982e+01 -9.013121e+00  2.000000e+01
     vertex -1.225671e+01 -1.028460e+01  2.000000e+01
     vertex -1.275412e+01 -9.660871e+00  2.000000e+01
   endloop
 endfacet
 facet normal  0.000000e+00  0.000000e+00 -1.000000e+00
   outer loop
     vertex -8.680740e+00 -1.344041e+01  2.000000e+01
     vertex -1.058697e+01 -1.199650e+01  2.000000e+01
     vertex -1.117179e+01 -1.145387e+01  2.000000e+01
   endloop
 endfacet
 facet normal  0.000000e+00  0.000000e+00 -1.000000e+00
   outer loop
     vertex -8.680740e+00 -1.344041e+01  2.000000e+01
     vertex -9.975837e+00 -1.250930e+01  2.000000e+01
     vertex -1.058697e+01 -1.199650e+01  2.000000e+01
   endloop
 endfacet
 facet normal  0.000000e+00  0.000000e+00 -1.000000e+00
   outer loop
     vertex -8.680740e+00 -1.344041e+01  2.000000e+01
     vertex -9.339899e+00 -1.299101e+01  2.000000e+01
     vertex -9.975837e+00 -1.250930e+01  2.000000e+01
   endloop
 endfacet
 facet normal  0.000000e+00  0.000000e+00 -1.000000e+00
   outer loop
     vertex -7.299371e+00 -1.423795e+01  2.000000e+01
     vertex -8.000000e+00 -1.385641e+01  2.000000e+01
     vertex -8.680740e+00 -1.344041e+01  2.000000e+01
   endloop
 endfacet
 facet normal  0.000000e+00  0.000000e+00 -1.000000e+00
   outer loop
     vertex -1.441550e+01 -6.942140e+00  2.000000e+01
     vertex -1.365265e+01 -8.342963e+00  2.000000e+01
     vertex -1.405155e+01 -7.652064e+00  2.000000e+01
   endloop
 endfacet
 facet normal  0.000000e+00  0.000000e+00 -1.000000e+00
   outer loop
     vertex -1.474362e+01 -6.214957e+00  2.000000e+01
     vertex -8.680740e+00 -1.344041e+01  2.000000e+01
     vertex -1.117179e+01 -1.145387e+01  2.000000e+01
   endloop
 endfacet
 facet normal  0.000000e+00  0.000000e+00 -1.000000e+00
   outer loop
     vertex -1.474362e+01 -6.214957e+00  2.000000e+01
     vertex -1.117179e+01 -1.145387e+01  2.000000e+01
     vertex -1.321982e+01 -9.013121e+00  2.000000e+01
   endloop
 endfacet
 facet normal  0.000000e+00  0.000000e+00 -1.000000e+00
   outer loop
     vertex -1.474362e+01 -6.214957e+00  2.000000e+01
     vertex -7.299371e+00 -1.423795e+01  2.000000e+01
     vertex -8.680740e+00 -1.344041e+01  2.000000e+01
   endloop
 endfacet
 facet normal  0.000000e+00  0.000000e+00 -1.000000e+00
   outer loop
     vertex -1.474362e+01 -6.214957e+00  2.000000e+01
     vertex -1.365265e+01 -8.342963e+00  2.000000e+01
     vertex -1.441550e+01 -6.942140e+00  2.000000e+01
   endloop
 endfacet
 facet normal  0.000000e+00  0.000000e+00 -1.000000e+00
   outer loop
     vertex -1.474362e+01 -6.214957e+00  2.000000e+01
     vertex -1.321982e+01 -9.013121e+00  2.000000e+01
     vertex -1.365265e+01 -8.342963e+00  2.000000e+01
   endloop
 endfacet
 facet normal  0.000000e+00  0.000000e+00 -1.000000e+00
   outer loop
     vertex -5.845456e+00 -1.489398e+01  2.000000e+01
     vertex -6.580594e+00 -1.458409e+01  2.000000e+01
     vertex -7.299371e+00 -1.423795e+01  2.000000e+01
   endloop
 endfacet
 facet normal  0.000000e+00  0.000000e+00 -1.000000e+00
   outer loop
     vertex -5.095786e+00 -1.516684e+01  2.000000e+01
     vertex -5.845456e+00 -1.489398e+01  2.000000e+01
     vertex -7.299371e+00 -1.423795e+01  2.000000e+01
   endloop
 endfacet
 facet normal  0.000000e+00  0.000000e+00 -1.000000e+00
   outer loop
     vertex -1.528916e+01 -4.716083e+00  2.000000e+01
     vertex -1.474362e+01 -6.214957e+00  2.000000e+01
     vertex -1.503508e+01 -5.472322e+00  2.000000e+01
   endloop
 endfacet
 facet normal  0.000000e+00  0.000000e+00 -1.000000e+00
   outer loop
     vertex -1.550524e+01 -3.948118e+00  2.000000e+01
     vertex -1.474362e+01 -6.214957e+00  2.000000e+01
     vertex -1.528916e+01 -4.716083e+00  2.000000e+01
   endloop
 endfacet
 facet normal  0.000000e+00  0.000000e+00 -1.000000e+00
   outer loop
     vertex -3.560335e+00 -1.559885e+01  2.000000e+01
     vertex -5.095786e+00 -1.516684e+01  2.000000e+01
     vertex -7.299371e+00 -1.423795e+01  2.000000e+01
   endloop
 endfacet
 facet normal  0.000000e+00  0.000000e+00 -1.000000e+00
   outer loop
     vertex -3.560335e+00 -1.559885e+01  2.000000e+01
     vertex -4.333447e+00 -1.540199e+01  2.000000e+01
     vertex -5.095786e+00 -1.516684e+01  2.000000e+01
   endloop
 endfacet
 facet normal  0.000000e+00  0.000000e+00 -1.000000e+00
   outer loop
     vertex -1.582129e+01 -2.384676e+00  2.000000e+01
     vertex -1.550524e+01 -3.948118e+00  2.000000e+01
     vertex -1.568276e+01 -3.170338e+00  2.000000e+01
   endloop
 endfacet
 facet normal  0.000000e+00  0.000000e+00 -1.000000e+00
   outer loop
     vertex -1.582129e+01 -2.384676e+00  2.000000e+01
     vertex -1.474362e+01 -6.214957e+00  2.000000e+01
     vertex -1.550524e+01 -3.948118e+00  2.000000e+01
   endloop
 endfacet
 facet normal  0.000000e+00  0.000000e+00 -1.000000e+00
   outer loop
     vertex -1.195681e+00 -1.595526e+01  2.000000e+01
     vertex -1.989499e+00 -1.587583e+01  2.000000e+01
     vertex -2.778371e+00 -1.575692e+01  2.000000e+01
   endloop
 endfacet
 facet normal  0.000000e+00  0.000000e+00 -1.000000e+00
   outer loop
     vertex -3.988911e-01 -1.599503e+01  2.000000e+01
     vertex -1.195681e+00 -1.595526e+01  2.000000e+01
     vertex -2.778371e+00 -1.575692e+01  2.000000e+01
   endloop
 endfacet
 facet normal  0.000000e+00  0.000000e+00 -1.000000e+00
   outer loop
     vertex -3.988911e-01 -1.599503e+01  2.000000e+01
     vertex -2.778371e+00 -1.575692e+01  2.000000e+01
     vertex -3.560335e+00 -1.559885e+01  2.000000e+01
   endloop
 endfacet
 facet normal  0.000000e+00  0.000000e+00 -1.000000e+00
   outer loop
     vertex -1.600000e+01 -5.488398e-14  2.000000e+01
     vertex -7.299371e+00 -1.423795e+01  2.000000e+01
     vertex -1.474362e+01 -6.214957e+00  2.000000e+01
   endloop
 endfacet
 facet normal  0.000000e+00  0.000000e+00 -1.000000e+00
   outer loop
     vertex -1.600000e+01 -5.488398e-14  2.000000e+01
     vertex -1.592049e+01 -1.593086e+00  2.000000e+01
     vertex -1.598011e+01 -7.975342e-01  2.000000e+01
   endloop
 endfacet
 facet normal  0.000000e+00  0.000000e+00 -1.000000e+00
   outer loop
     vertex -1.600000e+01 -5.488398e-14  2.000000e+01
     vertex -1.582129e+01 -2.384676e+00  2.000000e+01
     vertex -1.592049e+01 -1.593086e+00  2.000000e+01
   endloop
 endfacet
 facet normal  0.000000e+00  0.000000e+00 -1.000000e+00
   outer loop
     vertex -1.600000e+01 -5.488398e-14  2.000000e+01
     vertex -3.560335e+00 -1.559885e+01  2.000000e+01
     vertex -7.299371e+00 -1.423795e+01  2.000000e+01
   endloop
 endfacet
 facet normal  0.000000e+00  0.000000e+00 -1.000000e+00
   outer loop
     vertex -1.600000e+01 -5.488398e-14  2.000000e+01
     vertex -1.474362e+01 -6.214957e+00  2.000000e+01
     vertex -1.582129e+01 -2.384676e+00  2.000000e+01
   endloop
 endfacet
 facet normal  0.000000e+00  0.000000e+00 -1.000000e+00
   outer loop
     vertex  1.989499e+00 -1.587583e+01  2.000000e+01
     vertex  1.195681e+00 -1.595526e+01  2.000000e+01
     vertex  3.988911e-01 -1.599503e+01  2.000000e+01
   endloop
 endfacet
 facet normal  0.000000e+00  0.000000e+00 -1.000000e+00
   outer loop
     vertex -1.582129e+01  2.384676e+00  2.000000e+01
     vertex -1.598011e+01  7.975342e-01  2.000000e+01
     vertex -1.592049e+01  1.593086e+00  2.000000e+01
   endloop
 endfacet
 facet normal  0.000000e+00  0.000000e+00 -1.000000e+00
   outer loop
     vertex -1.582129e+01  2.384676e+00  2.000000e+01
     vertex -1.600000e+01 -5.488398e-14  2.000000e+01
     vertex -1.598011e+01  7.975342e-01  2.000000e+01
   endloop
 endfacet
 facet normal  0.000000e+00  0.000000e+00 -1.000000e+00
   outer loop
     vertex -1.582129e+01  2.384676e+00  2.000000e+01
     vertex -3.988911e-01 -1.599503e+01  2.000000e+01
     vertex -3.560335e+00 -1.559885e+01  2.000000e+01
   endloop
 endfacet
 facet normal  0.000000e+00 -0.000000e+00 -1.000000e+00
   outer loop
     vertex -1.582129e+01  2.384676e+00  2.000000e+01
     vertex -3.560335e+00 -1.559885e+01  2.000000e+01
     vertex -1.600000e+01 -5.488398e-14  2.000000e+01
   endloop
 endfacet
 facet normal  0.000000e+00  0.000000e+00 -1.000000e+00
   outer loop
     vertex  3.560335e+00 -1.559885e+01  2.000000e+01
     vertex  2.778371e+00 -1.575692e+01  2.000000e+01
     vertex  1.989499e+00 -1.587583e+01  2.000000e+01
   endloop
 endfacet
 facet normal  0.000000e+00  0.000000e+00 -1.000000e+00
   outer loop
     vertex  4.333447e+00 -1.540199e+01  2.000000e+01
     vertex  1.989499e+00 -1.587583e+01  2.000000e+01
     vertex  3.988911e-01 -1.599503e+01  2.000000e+01
   endloop
 endfacet
 facet normal  0.000000e+00  0.000000e+00 -1.000000e+00
   outer loop
     vertex  4.333447e+00 -1.540199e+01  2.000000e+01
     vertex  3.988911e-01 -1.599503e+01  2.000000e+01
     vertex -3.988911e-01 -1.599503e+01  2.000000e+01
   endloop
 endfacet
 facet normal  0.000000e+00  0.000000e+00 -1.000000e+00
   outer loop
     vertex  4.333447e+00 -1.540199e+01  2.000000e+01
     vertex  3.560335e+00 -1.559885e+01  2.000000e+01
     vertex  1.989499e+00 -1.587583e+01  2.000000e+01
   endloop
 endfacet
 facet normal  0.000000e+00  0.000000e+00 -1.000000e+00
   outer loop
     vertex -1.528916e+01  4.716083e+00  2.000000e+01
     vertex -1.568276e+01  3.170338e+00  2.000000e+01
     vertex -1.550524e+01  3.948118e+00  2.000000e+01
   endloop
 endfacet
 facet normal  0.000000e+00  0.000000e+00 -1.000000e+00
   outer loop
     vertex -1.474362e+01  6.214957e+00  2.000000e+01
     vertex -1.528916e+01  4.716083e+00  2.000000e+01
     vertex -1.503508e+01  5.472322e+00  2.000000e+01
   endloop
 endfacet
 facet normal  0.000000e+00  0.000000e+00 -1.000000e+00
   outer loop
     vertex -1.441550e+01  6.942140e+00  2.000000e+01
     vertex -1.528916e+01  4.716083e+00  2.000000e+01
     vertex -1.474362e+01  6.214957e+00  2.000000e+01
   endloop
 endfacet
 facet normal  0.000000e+00  0.000000e+00 -1.000000e+00
   outer loop
     vertex -1.441550e+01  6.942140e+00  2.000000e+01
     vertex -1.568276e+01  3.170338e+00  2.000000e+01
     vertex -1.528916e+01  4.716083e+00  2.000000e+01
   endloop
 endfacet
 facet normal  0.000000e+00  0.000000e+00 -1.000000e+00
   outer loop
     vertex -1.441550e+01  6.942140e+00  2.000000e+01
     vertex -1.582129e+01  2.384676e+00  2.000000e+01
     vertex -1.568276e+01  3.170338e+00  2.000000e+01
   endloop
 endfacet
 facet normal  0.000000e+00 -0.000000e+00 -1.000000e+00
   outer loop
     vertex -1.441550e+01  6.942140e+00  2.000000e+01
     vertex -3.988911e-01 -1.599503e+01  2.000000e+01
     vertex -1.582129e+01  2.384676e+00  2.000000e+01
   endloop
 endfacet
 facet normal  0.000000e+00  0.000000e+00 -1.000000e+00
   outer loop
     vertex  7.299371e+00 -1.423795e+01  2.000000e+01
     vertex  5.095786e+00 -1.516684e+01  2.000000e+01
     vertex  4.333447e+00 -1.540199e+01  2.000000e+01
   endloop
 endfacet
 facet normal  0.000000e+00  0.000000e+00 -1.000000e+00
   outer loop
     vertex  7.299371e+00 -1.423795e+01  2.000000e+01
     vertex  5.845456e+00 -1.489398e+01  2.000000e+01
     vertex  5.095786e+00 -1.516684e+01  2.000000e+01
   endloop
 endfacet
 facet normal  0.000000e+00  0.000000e+00 -1.000000e+00
   outer loop
     vertex  7.299371e+00 -1.423795e+01  2.000000e+01
     vertex  6.580594e+00 -1.458409e+01  2.000000e+01
     vertex  5.845456e+00 -1.489398e+01  2.000000e+01
   endloop
 endfacet
 facet normal  0.000000e+00  0.000000e+00 -1.000000e+00
   outer loop
     vertex -1.365265e+01  8.342963e+00  2.000000e+01
     vertex -1.441550e+01  6.942140e+00  2.000000e+01
     vertex -1.405155e+01  7.652064e+00  2.000000e+01
   endloop
 endfacet
 facet normal  0.000000e+00  0.000000e+00 -1.000000e+00
   outer loop
     vertex  9.339899e+00 -1.299101e+01  2.000000e+01
     vertex  8.000000e+00 -1.385641e+01  2.000000e+01
     vertex  7.299371e+00 -1.423795e+01  2.000000e+01
   endloop
 endfacet
 facet normal  0.000000e+00  0.000000e+00 -1.000000e+00
   outer loop
     vertex  9.339899e+00 -1.299101e+01  2.000000e+01
     vertex  8.680740e+00 -1.344041e+01  2.000000e+01
     vertex  8.000000e+00 -1.385641e+01  2.000000e+01
   endloop
 endfacet
 facet normal  0.000000e+00  0.000000e+00 -1.000000e+00
   outer loop
     vertex  9.339899e+00 -1.299101e+01  2.000000e+01
     vertex  7.299371e+00 -1.423795e+01  2.000000e+01
     vertex  4.333447e+00 -1.540199e+01  2.000000e+01
   endloop
 endfacet
 facet normal  0.000000e+00  0.000000e+00 -1.000000e+00
   outer loop
     vertex  9.975837e+00 -1.250930e+01  2.000000e+01
     vertex  9.339899e+00 -1.299101e+01  2.000000e+01
     vertex  4.333447e+00 -1.540199e+01  2.000000e+01
   endloop
 endfacet
 facet normal  0.000000e+00  0.000000e+00 -1.000000e+00
   outer loop
     vertex -1.225671e+01  1.028460e+01  2.000000e+01
     vertex -1.321982e+01  9.013121e+00  2.000000e+01
     vertex -1.275412e+01  9.660871e+00  2.000000e+01
   endloop
 endfacet
 facet normal  0.000000e+00  0.000000e+00 -1.000000e+00
   outer loop
     vertex -1.225671e+01  1.028460e+01  2.000000e+01
     vertex -1.365265e+01  8.342963e+00  2.000000e+01
     vertex -1.321982e+01  9.013121e+00  2.000000e+01
   endloop
 endfacet
 facet normal  0.000000e+00  0.000000e+00 -1.000000e+00
   outer loop
     vertex  1.058697e+01 -1.199650e+01  2.000000e+01
     vertex  4.333447e+00 -1.540199e+01  2.000000e+01
     vertex -3.988911e-01 -1.599503e+01  2.000000e+01
   endloop
 endfacet
 facet normal  0.000000e+00  0.000000e+00 -1.000000e+00
   outer loop
     vertex  1.058697e+01 -1.199650e+01  2.000000e+01
     vertex  9.975837e+00 -1.250930e+01  2.000000e+01
     vertex  4.333447e+00 -1.540199e+01  2.000000e+01
   endloop
 endfacet
 facet normal  0.000000e+00  0.000000e+00 -1.000000e+00
   outer loop
     vertex -1.117179e+01  1.145387e+01  2.000000e+01
     vertex -1.441550e+01  6.942140e+00  2.000000e+01
     vertex -1.365265e+01  8.342963e+00  2.000000e+01
   endloop
 endfacet
 facet normal  0.000000e+00  0.000000e+00 -1.000000e+00
   outer loop
     vertex -1.117179e+01  1.145387e+01  2.000000e+01
     vertex -1.365265e+01  8.342963e+00  2.000000e+01
     vertex -1.225671e+01  1.028460e+01  2.000000e+01
   endloop
 endfacet
 facet normal  0.000000e+00  0.000000e+00 -1.000000e+00
   outer loop
     vertex -1.117179e+01  1.145387e+01  2.000000e+01
     vertex -1.225671e+01  1.028460e+01  2.000000e+01
     vertex -1.172883e+01  1.088276e+01  2.000000e+01
   endloop
 endfacet
 facet normal  0.000000e+00  0.000000e+00 -1.000000e+00
   outer loop
     vertex  1.225671e+01 -1.028460e+01  2.000000e+01
     vertex  1.117179e+01 -1.145387e+01  2.000000e+01
     vertex  1.058697e+01 -1.199650e+01  2.000000e+01
   endloop
 endfacet
 facet normal  0.000000e+00  0.000000e+00 -1.000000e+00
   outer loop
     vertex  1.225671e+01 -1.028460e+01  2.000000e+01
     vertex  1.172883e+01 -1.088276e+01  2.000000e+01
     vertex  1.117179e+01 -1.145387e+01  2.000000e+01
   endloop
 endfacet
 facet normal  0.000000e+00  0.000000e+00 -1.000000e+00
   outer loop
     vertex  1.225671e+01 -1.028460e+01  2.000000e+01
     vertex  1.058697e+01 -1.199650e+01  2.000000e+01
     vertex -3.988911e-01 -1.599503e+01  2.000000e+01
   endloop
 endfacet
 facet normal  0.000000e+00  0.000000e+00 -1.000000e+00
   outer loop
     vertex -9.975837e+00  1.250930e+01  2.000000e+01
     vertex -1.441550e+01  6.942140e+00  2.000000e+01
     vertex -1.117179e+01  1.145387e+01  2.000000e+01
   endloop
 endfacet
 facet normal  0.000000e+00  0.000000e+00 -1.000000e+00
   outer loop
     vertex -9.975837e+00  1.250930e+01  2.000000e+01
     vertex -1.117179e+01  1.145387e+01  2.000000e+01
     vertex -1.058697e+01  1.199650e+01  2.000000e+01
   endloop
 endfacet
 facet normal  0.000000e+00  0.000000e+00 -1.000000e+00
   outer loop
     vertex -8.680740e+00  1.344041e+01  2.000000e+01
     vertex -9.975837e+00  1.250930e+01  2.000000e+01
     vertex -9.339899e+00  1.299101e+01  2.000000e+01
   endloop
 endfacet
 facet normal  0.000000e+00  0.000000e+00 -1.000000e+00
   outer loop
     vertex -8.680740e+00  1.344041e+01  2.000000e+01
     vertex -1.441550e+01  6.942140e+00  2.000000e+01
     vertex -9.975837e+00  1.250930e+01  2.000000e+01
   endloop
 endfacet
 facet normal  0.000000e+00  0.000000e+00 -1.000000e+00
   outer loop
     vertex  1.365265e+01 -8.342963e+00  2.000000e+01
     vertex  1.275412e+01 -9.660871e+00  2.000000e+01
     vertex  1.225671e+01 -1.028460e+01  2.000000e+01
   endloop
 endfacet
 facet normal  0.000000e+00  0.000000e+00 -1.000000e+00
   outer loop
     vertex  1.365265e+01 -8.342963e+00  2.000000e+01
     vertex  1.321982e+01 -9.013121e+00  2.000000e+01
     vertex  1.275412e+01 -9.660871e+00  2.000000e+01
   endloop
 endfacet
 facet normal  0.000000e+00  0.000000e+00 -1.000000e+00
   outer loop
     vertex  1.365265e+01 -8.342963e+00  2.000000e+01
     vertex  1.225671e+01 -1.028460e+01  2.000000e+01
     vertex -3.988911e-01 -1.599503e+01  2.000000e+01
   endloop
 endfacet
 facet normal  0.000000e+00  0.000000e+00 -1.000000e+00
   outer loop
     vertex  1.405155e+01 -7.652064e+00  2.000000e+01
     vertex  1.365265e+01 -8.342963e+00  2.000000e+01
     vertex -3.988911e-01 -1.599503e+01  2.000000e+01
   endloop
 endfacet
 facet normal  0.000000e+00  0.000000e+00 -1.000000e+00
   outer loop
     vertex -5.845456e+00  1.489398e+01  2.000000e+01
     vertex -7.299371e+00  1.423795e+01  2.000000e+01
     vertex -6.580594e+00  1.458409e+01  2.000000e+01
   endloop
 endfacet
 facet normal  0.000000e+00  0.000000e+00 -1.000000e+00
   outer loop
     vertex -5.845456e+00  1.489398e+01  2.000000e+01
     vertex -8.000000e+00  1.385641e+01  2.000000e+01
     vertex -7.299371e+00  1.423795e+01  2.000000e+01
   endloop
 endfacet
 facet normal  0.000000e+00  0.000000e+00 -1.000000e+00
   outer loop
     vertex  1.528916e+01 -4.716083e+00  2.000000e+01
     vertex  1.503508e+01 -5.472322e+00  2.000000e+01
     vertex  1.474362e+01 -6.214957e+00  2.000000e+01
   endloop
 endfacet
 facet normal  0.000000e+00  0.000000e+00 -1.000000e+00
   outer loop
     vertex -4.333447e+00  1.540199e+01  2.000000e+01
     vertex -5.845456e+00  1.489398e+01  2.000000e+01
     vertex -5.095786e+00  1.516684e+01  2.000000e+01
   endloop
 endfacet
 facet normal  0.000000e+00  0.000000e+00 -1.000000e+00
   outer loop
     vertex -4.333447e+00  1.540199e+01  2.000000e+01
     vertex -8.680740e+00  1.344041e+01  2.000000e+01
     vertex -8.000000e+00  1.385641e+01  2.000000e+01
   endloop
 endfacet
 facet normal  0.000000e+00  0.000000e+00 -1.000000e+00
   outer loop
     vertex -4.333447e+00  1.540199e+01  2.000000e+01
     vertex -1.441550e+01  6.942140e+00  2.000000e+01
     vertex -8.680740e+00  1.344041e+01  2.000000e+01
   endloop
 endfacet
 facet normal  0.000000e+00  0.000000e+00 -1.000000e+00
   outer loop
     vertex -4.333447e+00  1.540199e+01  2.000000e+01
     vertex -8.000000e+00  1.385641e+01  2.000000e+01
     vertex -5.845456e+00  1.489398e+01  2.000000e+01
   endloop
 endfacet
 facet normal  0.000000e+00  0.000000e+00 -1.000000e+00
   outer loop
     vertex  1.568276e+01 -3.170338e+00  2.000000e+01
     vertex  1.550524e+01 -3.948118e+00  2.000000e+01
     vertex  1.528916e+01 -4.716083e+00  2.000000e+01
   endloop
 endfacet
 facet normal  0.000000e+00  0.000000e+00 -1.000000e+00
   outer loop
     vertex -1.989499e+00  1.587583e+01  2.000000e+01
     vertex -3.560335e+00  1.559885e+01  2.000000e+01
     vertex -2.778371e+00  1.575692e+01  2.000000e+01
   endloop
 endfacet
 facet normal  0.000000e+00  0.000000e+00 -1.000000e+00
   outer loop
     vertex  1.592049e+01 -1.593086e+00  2.000000e+01
     vertex  1.582129e+01 -2.384676e+00  2.000000e+01
     vertex  1.568276e+01 -3.170338e+00  2.000000e+01
   endloop
 endfacet
 facet normal  0.000000e+00  0.000000e+00 -1.000000e+00
   outer loop
     vertex  1.592049e+01 -1.593086e+00  2.000000e+01
     vertex  1.528916e+01 -4.716083e+00  2.000000e+01
     vertex  1.474362e+01 -6.214957e+00  2.000000e+01
   endloop
 endfacet
 facet normal  0.000000e+00  0.000000e+00 -1.000000e+00
   outer loop
     vertex  1.592049e+01 -1.593086e+00  2.000000e+01
     vertex  1.568276e+01 -3.170338e+00  2.000000e+01
     vertex  1.528916e+01 -4.716083e+00  2.000000e+01
   endloop
 endfacet
 facet normal  0.000000e+00  0.000000e+00 -1.000000e+00
   outer loop
     vertex -1.195681e+00  1.595526e+01  2.000000e+01
     vertex -4.333447e+00  1.540199e+01  2.000000e+01
     vertex -3.560335e+00  1.559885e+01  2.000000e+01
   endloop
 endfacet
 facet normal  0.000000e+00  0.000000e+00 -1.000000e+00
   outer loop
     vertex -1.195681e+00  1.595526e+01  2.000000e+01
     vertex -3.560335e+00  1.559885e+01  2.000000e+01
     vertex -1.989499e+00  1.587583e+01  2.000000e+01
   endloop
 endfacet
 facet normal  0.000000e+00 -0.000000e+00 -1.000000e+00
   outer loop
     vertex  1.598011e+01  7.975342e-01  2.000000e+01
     vertex  1.598011e+01 -7.975342e-01  2.000000e+01
     vertex  1.592049e+01 -1.593086e+00  2.000000e+01
   endloop
 endfacet
 facet normal  0.000000e+00  0.000000e+00 -1.000000e+00
   outer loop
     vertex  1.598011e+01  7.975342e-01  2.000000e+01
     vertex  1.600000e+01  0.000000e+00  2.000000e+01
     vertex  1.598011e+01 -7.975342e-01  2.000000e+01
   endloop
 endfacet
 facet normal  0.000000e+00  0.000000e+00 -1.000000e+00
   outer loop
     vertex  1.195681e+00  1.595526e+01  2.000000e+01
     vertex -3.988911e-01  1.599503e+01  2.000000e+01
     vertex  3.988911e-01  1.599503e+01  2.000000e+01
   endloop
 endfacet
 facet normal  0.000000e+00  0.000000e+00 -1.000000e+00
   outer loop
     vertex  1.989499e+00  1.587583e+01  2.000000e+01
     vertex -3.988911e-01  1.599503e+01  2.000000e+01
     vertex  1.195681e+00  1.595526e+01  2.000000e+01
   endloop
 endfacet
 facet normal  0.000000e+00 -0.000000e+00 -1.000000e+00
   outer loop
     vertex  1.582129e+01  2.384676e+00  2.000000e+01
     vertex  1.592049e+01 -1.593086e+00  2.000000e+01
     vertex  1.474362e+01 -6.214957e+00  2.000000e+01
   endloop
 endfacet
 facet normal  0.000000e+00  0.000000e+00 -1.000000e+00
   outer loop
     vertex  1.582129e+01  2.384676e+00  2.000000e+01
     vertex  1.592049e+01  1.593086e+00  2.000000e+01
     vertex  1.598011e+01  7.975342e-01  2.000000e+01
   endloop
 endfacet
 facet normal  0.000000e+00  0.000000e+00 -1.000000e+00
   outer loop
     vertex  1.582129e+01  2.384676e+00  2.000000e+01
     vertex -4.333447e+00  1.540199e+01  2.000000e+01
     vertex -1.195681e+00  1.595526e+01  2.000000e+01
   endloop
 endfacet
 facet normal  0.000000e+00  0.000000e+00 -1.000000e+00
   outer loop
     vertex  1.582129e+01  2.384676e+00  2.000000e+01
     vertex  1.441550e+01 -6.942140e+00  2.000000e+01
     vertex  1.405155e+01 -7.652064e+00  2.000000e+01
   endloop
 endfacet
 facet normal  0.000000e+00  0.000000e+00 -1.000000e+00
   outer loop
     vertex  1.582129e+01  2.384676e+00  2.000000e+01
     vertex  1.474362e+01 -6.214957e+00  2.000000e+01
     vertex  1.441550e+01 -6.942140e+00  2.000000e+01
   endloop
 endfacet
 facet normal  0.000000e+00  0.000000e+00 -1.000000e+00
   outer loop
     vertex  1.582129e+01  2.384676e+00  2.000000e+01
     vertex  1.598011e+01  7.975342e-01  2.000000e+01
     vertex  1.592049e+01 -1.593086e+00  2.000000e+01
   endloop
 endfacet
 facet normal -0.000000e+00  0.000000e+00 -1.000000e+00
   outer loop
     vertex  1.582129e+01  2.384676e+00  2.000000e+01
     vertex -3.988911e-01 -1.599503e+01  2.000000e+01
     vertex -1.441550e+01  6.942140e+00  2.000000e+01
   endloop
 endfacet
 facet normal  0.000000e+00  0.000000e+00 -1.000000e+00
   outer loop
     vertex  1.582129e+01  2.384676e+00  2.000000e+01
     vertex -1.195681e+00  1.595526e+01  2.000000e+01
     vertex -3.988911e-01  1.599503e+01  2.000000e+01
   endloop
 endfacet
 facet normal  0.000000e+00  0.000000e+00 -1.000000e+00
   outer loop
     vertex  1.582129e+01  2.384676e+00  2.000000e+01
     vertex  1.405155e+01 -7.652064e+00  2.000000e+01
     vertex -3.988911e-01 -1.599503e+01  2.000000e+01
   endloop
 endfacet
 facet normal  0.000000e+00  0.000000e+00 -1.000000e+00
   outer loop
     vertex  1.582129e+01  2.384676e+00  2.000000e+01
     vertex -1.441550e+01  6.942140e+00  2.000000e+01
     vertex -4.333447e+00  1.540199e+01  2.000000e+01
   endloop
 endfacet
 facet normal  0.000000e+00  0.000000e+00 -1.000000e+00
   outer loop
     vertex  4.333447e+00  1.540199e+01  2.000000e+01
     vertex  2.778371e+00  1.575692e+01  2.000000e+01
     vertex  3.560335e+00  1.559885e+01  2.000000e+01
   endloop
 endfacet
 facet normal  0.000000e+00  0.000000e+00 -1.000000e+00
   outer loop
     vertex  4.333447e+00  1.540199e+01  2.000000e+01
     vertex  1.989499e+00  1.587583e+01  2.000000e+01
     vertex  2.778371e+00  1.575692e+01  2.000000e+01
   endloop
 endfacet
 facet normal  0.000000e+00  0.000000e+00 -1.000000e+00
   outer loop
     vertex  1.528916e+01  4.716083e+00  2.000000e+01
     vertex  1.568276e+01  3.170338e+00  2.000000e+01
     vertex  1.582129e+01  2.384676e+00  2.000000e+01
   endloop
 endfacet
 facet normal  0.000000e+00  0.000000e+00 -1.000000e+00
   outer loop
     vertex  1.528916e+01  4.716083e+00  2.000000e+01
     vertex  1.550524e+01  3.948118e+00  2.000000e+01
     vertex  1.568276e+01  3.170338e+00  2.000000e+01
   endloop
 endfacet
 facet normal -0.000000e+00 -0.000000e+00 -1.000000e+00
   outer loop
     vertex  5.095786e+00  1.516684e+01  2.000000e+01
     vertex  1.582129e+01  2.384676e+00  2.000000e+01
     vertex -3.988911e-01  1.599503e+01  2.000000e+01
   endloop
 endfacet
 facet normal  0.000000e+00  0.000000e+00 -1.000000e+00
   outer loop
     vertex  5.095786e+00  1.516684e+01  2.000000e+01
     vertex  1.989499e+00  1.587583e+01  2.000000e+01
     vertex  4.333447e+00  1.540199e+01  2.000000e+01
   endloop
 endfacet
 facet normal  0.000000e+00  0.000000e+00 -1.000000e+00
   outer loop
     vertex  5.095786e+00  1.516684e+01  2.000000e+01
     vertex -3.988911e-01  1.599503e+01  2.000000e+01
     vertex  1.989499e+00  1.587583e+01  2.000000e+01
   endloop
 endfacet
 facet normal  0.000000e+00  0.000000e+00 -1.000000e+00
   outer loop
     vertex  1.474362e+01  6.214957e+00  2.000000e+01
     vertex  1.503508e+01  5.472322e+00  2.000000e+01
     vertex  1.528916e+01  4.716083e+00  2.000000e+01
   endloop
 endfacet
 facet normal  0.000000e+00  0.000000e+00 -1.000000e+00
   outer loop
     vertex  6.580594e+00  1.458409e+01  2.000000e+01
     vertex  5.095786e+00  1.516684e+01  2.000000e+01
     vertex  5.845456e+00  1.489398e+01  2.000000e+01
   endloop
 endfacet
 facet normal  0.000000e+00  0.000000e+00 -1.000000e+00
   outer loop
     vertex  1.441550e+01  6.942140e+00  2.000000e+01
     vertex  1.474362e+01  6.214957e+00  2.000000e+01
     vertex  1.528916e+01  4.716083e+00  2.000000e+01
   endloop
 endfacet
 facet normal  0.000000e+00  0.000000e+00 -1.000000e+00
   outer loop
     vertex  1.405155e+01  7.652064e+00  2.000000e+01
     vertex  1.528916e+01  4.716083e+00  2.000000e+01
     vertex  1.582129e+01  2.384676e+00  2.000000e+01
   endloop
 endfacet
 facet normal  0.000000e+00  0.000000e+00 -1.000000e+00
   outer loop
     vertex  1.405155e+01  7.652064e+00  2.000000e+01
     vertex  1.441550e+01  6.942140e+00  2.000000e+01
     vertex  1.528916e+01  4.716083e+00  2.000000e+01
   endloop
 endfacet
 facet normal  0.000000e+00  0.000000e+00 -1.000000e+00
   outer loop
     vertex  1.365265e+01  8.342963e+00  2.000000e+01
     vertex  1.405155e+01  7.652064e+00  2.000000e+01
     vertex  1.582129e+01  2.384676e+00  2.000000e+01
   endloop
 endfacet
 facet normal  0.000000e+00  0.000000e+00 -1.000000e+00
   outer loop
     vertex  8.680740e+00  1.344041e+01  2.000000e+01
     vertex  7.299371e+00  1.423795e+01  2.000000e+01
     vertex  8.000000e+00  1.385641e+01  2.000000e+01
   endloop
 endfacet
 facet normal  0.000000e+00  0.000000e+00 -1.000000e+00
   outer loop
     vertex  8.680740e+00  1.344041e+01  2.000000e+01
     vertex  6.580594e+00  1.458409e+01  2.000000e+01
     vertex  7.299371e+00  1.423795e+01  2.000000e+01
   endloop
 endfacet
 facet normal  0.000000e+00  0.000000e+00 -1.000000e+00
   outer loop
     vertex  8.680740e+00  1.344041e+01  2.000000e+01
     vertex  5.095786e+00  1.516684e+01  2.000000e+01
     vertex  6.580594e+00  1.458409e+01  2.000000e+01
   endloop
 endfacet
 facet normal  0.000000e+00  0.000000e+00 -1.000000e+00
   outer loop
     vertex  1.321982e+01  9.013121e+00  2.000000e+01
     vertex  1.365265e+01  8.342963e+00  2.000000e+01
     vertex  1.582129e+01  2.384676e+00  2.000000e+01
   endloop
 endfacet
 facet normal -0.000000e+00 -0.000000e+00 -1.000000e+00
   outer loop
     vertex  9.339899e+00  1.299101e+01  2.000000e+01
     vertex  1.582129e+01  2.384676e+00  2.000000e+01
     vertex  5.095786e+00  1.516684e+01  2.000000e+01
   endloop
 endfacet
 facet normal  0.000000e+00  0.000000e+00 -1.000000e+00
   outer loop
     vertex  9.339899e+00  1.299101e+01  2.000000e+01
     vertex  5.095786e+00  1.516684e+01  2.000000e+01
     vertex  8.680740e+00  1.344041e+01  2.000000e+01
   endloop
 endfacet
 facet normal  0.000000e+00  0.000000e+00 -1.000000e+00
   outer loop
     vertex  1.172883e+01  1.088276e+01  2.000000e+01
     vertex  1.275412e+01  9.660871e+00  2.000000e+01
     vertex  1.321982e+01  9.013121e+00  2.000000e+01
   endloop
 endfacet
 facet normal  0.000000e+00  0.000000e+00 -1.000000e+00
   outer loop
     vertex  1.172883e+01  1.088276e+01  2.000000e+01
     vertex  1.225671e+01  1.028460e+01  2.000000e+01
     vertex  1.275412e+01  9.660871e+00  2.000000e+01
   endloop
 endfacet
 facet normal  0.000000e+00  0.000000e+00 -1.000000e+00
   outer loop
     vertex  1.117179e+01  1.145387e+01  2.000000e+01
     vertex  9.975837e+00  1.250930e+01  2.000000e+01
     vertex  1.058697e+01  1.199650e+01  2.000000e+01
   endloop
 endfacet
 facet normal  0.000000e+00  0.000000e+00 -1.000000e+00
   outer loop
     vertex  1.117179e+01  1.145387e+01  2.000000e+01
     vertex  9.339899e+00  1.299101e+01  2.000000e+01
     vertex  9.975837e+00  1.250930e+01  2.000000e+01
   endloop
 endfacet
 facet normal  0.000000e+00  0.000000e+00 -1.000000e+00
   outer loop
     vertex  1.117179e+01  1.145387e+01  2.000000e+01
     vertex  1.321982e+01  9.013121e+00  2.000000e+01
     vertex  1.582129e+01  2.384676e+00  2.000000e+01
   endloop
 endfacet
 facet normal -0.000000e+00 -0.000000e+00 -1.000000e+00
   outer loop
     vertex  1.117179e+01  1.145387e+01  2.000000e+01
     vertex  1.582129e+01  2.384676e+00  2.000000e+01
     vertex  9.339899e+00  1.299101e+01  2.000000e+01
   endloop
 endfacet
 facet normal  0.000000e+00  0.000000e+00 -1.000000e+00
   outer loop
     vertex  1.117179e+01  1.145387e+01  2.000000e+01
     vertex  1.172883e+01  1.088276e+01  2.000000e+01
     vertex  1.321982e+01  9.013121e+00  2.000000e+01
   endloop
 endfacet
 facet normal  0.000000e+00  0.000000e+00  1.000000e+00
   outer loop
     vertex -1.225671e+01 -1.028460e+01  2.160000e+01
     vertex -1.172883e+01 -1.088276e+01  2.160000e+01
     vertex -1.117179e+01 -1.145387e+01  2.160000e+01
   endloop
 endfacet
 facet normal  0.000000e+00  0.000000e+00  1.000000e+00
   outer loop
     vertex -1.321982e+01 -9.013121e+00  2.160000e+01
     vertex -1.225671e+01 -1.028460e+01  2.160000e+01
     vertex -1.117179e+01 -1.145387e+01  2.160000e+01
   endloop
 endfacet
 facet normal  0.000000e+00  0.000000e+00  1.000000e+00
   outer loop
     vertex -1.321982e+01 -9.013121e+00  2.160000e+01
     vertex -1.275412e+01 -9.660871e+00  2.160000e+01
     vertex -1.225671e+01 -1.028460e+01  2.160000e+01
   endloop
 endfacet
 facet normal  0.000000e+00  0.000000e+00  1.000000e+00
   outer loop
     vertex -8.680740e+00 -1.344041e+01  2.160000e+01
     vertex -1.117179e+01 -1.145387e+01  2.160000e+01
     vertex -1.058697e+01 -1.199650e+01  2.160000e+01
   endloop
 endfacet
 facet normal  0.000000e+00  0.000000e+00  1.000000e+00
   outer loop
     vertex -8.680740e+00 -1.344041e+01  2.160000e+01
     vertex -1.058697e+01 -1.199650e+01  2.160000e+01
     vertex -9.975837e+00 -1.250930e+01  2.160000e+01
   endloop
 endfacet
 facet normal  0.000000e+00  0.000000e+00  1.000000e+00
   outer loop
     vertex -8.680740e+00 -1.344041e+01  2.160000e+01
     vertex -9.975837e+00 -1.250930e+01  2.160000e+01
     vertex -9.339899e+00 -1.299101e+01  2.160000e+01
   endloop
 endfacet
 facet normal  0.000000e+00  0.000000e+00  1.000000e+00
   outer loop
     vertex -7.299371e+00 -1.423795e+01  2.160000e+01
     vertex -8.680740e+00 -1.344041e+01  2.160000e+01
     vertex -8.000000e+00 -1.385641e+01  2.160000e+01
   endloop
 endfacet
 facet normal  0.000000e+00  0.000000e+00  1.000000e+00
   outer loop
     vertex -1.441550e+01 -6.942140e+00  2.160000e+01
     vertex -1.405155e+01 -7.652064e+00  2.160000e+01
     vertex -1.365265e+01 -8.342963e+00  2.160000e+01
   endloop
 endfacet
 facet normal  0.000000e+00  0.000000e+00  1.000000e+00
   outer loop
     vertex -1.474362e+01 -6.214957e+00  2.160000e+01
     vertex -1.117179e+01 -1.145387e+01  2.160000e+01
     vertex -8.680740e+00 -1.344041e+01  2.160000e+01
   endloop
 endfacet
 facet normal  0.000000e+00  0.000000e+00  1.000000e+00
   outer loop
     vertex -1.474362e+01 -6.214957e+00  2.160000e+01
     vertex -1.321982e+01 -9.013121e+00  2.160000e+01
     vertex -1.117179e+01 -1.145387e+01  2.160000e+01
   endloop
 endfacet
 facet normal  0.000000e+00  0.000000e+00  1.000000e+00
   outer loop
     vertex -1.474362e+01 -6.214957e+00  2.160000e+01
     vertex -8.680740e+00 -1.344041e+01  2.160000e+01
     vertex -7.299371e+00 -1.423795e+01  2.160000e+01
   endloop
 endfacet
 facet normal  0.000000e+00  0.000000e+00  1.000000e+00
   outer loop
     vertex -1.474362e+01 -6.214957e+00  2.160000e+01
     vertex -1.441550e+01 -6.942140e+00  2.160000e+01
     vertex -1.365265e+01 -8.342963e+00  2.160000e+01
   endloop
 endfacet
 facet normal  0.000000e+00  0.000000e+00  1.000000e+00
   outer loop
     vertex -1.474362e+01 -6.214957e+00  2.160000e+01
     vertex -1.365265e+01 -8.342963e+00  2.160000e+01
     vertex -1.321982e+01 -9.013121e+00  2.160000e+01
   endloop
 endfacet
 facet normal  0.000000e+00  0.000000e+00  1.000000e+00
   outer loop
     vertex -5.845456e+00 -1.489398e+01  2.160000e+01
     vertex -7.299371e+00 -1.423795e+01  2.160000e+01
     vertex -6.580594e+00 -1.458409e+01  2.160000e+01
   endloop
 endfacet
 facet normal  0.000000e+00  0.000000e+00  1.000000e+00
   outer loop
     vertex -5.095786e+00 -1.516684e+01  2.160000e+01
     vertex -7.299371e+00 -1.423795e+01  2.160000e+01
     vertex -5.845456e+00 -1.489398e+01  2.160000e+01
   endloop
 endfacet
 facet normal  0.000000e+00  0.000000e+00  1.000000e+00
   outer loop
     vertex -1.528916e+01 -4.716083e+00  2.160000e+01
     vertex -1.503508e+01 -5.472322e+00  2.160000e+01
     vertex -1.474362e+01 -6.214957e+00  2.160000e+01
   endloop
 endfacet
 facet normal  0.000000e+00  0.000000e+00  1.000000e+00
   outer loop
     vertex -1.550524e+01 -3.948118e+00  2.160000e+01
     vertex -1.528916e+01 -4.716083e+00  2.160000e+01
     vertex -1.474362e+01 -6.214957e+00  2.160000e+01
   endloop
 endfacet
 facet normal  0.000000e+00  0.000000e+00  1.000000e+00
   outer loop
     vertex -3.560335e+00 -1.559885e+01  2.160000e+01
     vertex -7.299371e+00 -1.423795e+01  2.160000e+01
     vertex -5.095786e+00 -1.516684e+01  2.160000e+01
   endloop
 endfacet
 facet normal  0.000000e+00  0.000000e+00  1.000000e+00
   outer loop
     vertex -3.560335e+00 -1.559885e+01  2.160000e+01
     vertex -5.095786e+00 -1.516684e+01  2.160000e+01
     vertex -4.333447e+00 -1.540199e+01  2.160000e+01
   endloop
 endfacet
 facet normal  0.000000e+00  0.000000e+00  1.000000e+00
   outer loop
     vertex -1.582129e+01 -2.384676e+00  2.160000e+01
     vertex -1.568276e+01 -3.170338e+00  2.160000e+01
     vertex -1.550524e+01 -3.948118e+00  2.160000e+01
   endloop
 endfacet
 facet normal  0.000000e+00  0.000000e+00  1.000000e+00
   outer loop
     vertex -1.582129e+01 -2.384676e+00  2.160000e+01
     vertex -1.550524e+01 -3.948118e+00  2.160000e+01
     vertex -1.474362e+01 -6.214957e+00  2.160000e+01
   endloop
 endfacet
 facet normal  0.000000e+00  0.000000e+00  1.000000e+00
   outer loop
     vertex -1.195681e+00 -1.595526e+01  2.160000e+01
     vertex -2.778371e+00 -1.575692e+01  2.160000e+01
     vertex -1.989499e+00 -1.587583e+01  2.160000e+01
   endloop
 endfacet
 facet normal  0.000000e+00  0.000000e+00  1.000000e+00
   outer loop
     vertex -3.988911e-01 -1.599503e+01  2.160000e+01
     vertex -2.778371e+00 -1.575692e+01  2.160000e+01
     vertex -1.195681e+00 -1.595526e+01  2.160000e+01
   endloop
 endfacet
 facet normal  0.000000e+00  0.000000e+00  1.000000e+00
   outer loop
     vertex -3.988911e-01 -1.599503e+01  2.160000e+01
     vertex -3.560335e+00 -1.559885e+01  2.160000e+01
     vertex -2.778371e+00 -1.575692e+01  2.160000e+01
   endloop
 endfacet
 facet normal  0.000000e+00  0.000000e+00  1.000000e+00
   outer loop
     vertex -1.600000e+01 -5.488398e-14  2.160000e+01
     vertex -1.474362e+01 -6.214957e+00  2.160000e+01
     vertex -7.299371e+00 -1.423795e+01  2.160000e+01
   endloop
 endfacet
 facet normal  0.000000e+00  0.000000e+00  1.000000e+00
   outer loop
     vertex -1.600000e+01 -5.488398e-14  2.160000e+01
     vertex -1.598011e+01 -7.975342e-01  2.160000e+01
     vertex -1.592049e+01 -1.593086e+00  2.160000e+01
   endloop
 endfacet
 facet normal  0.000000e+00  0.000000e+00  1.000000e+00
   outer loop
     vertex -1.600000e+01 -5.488398e-14  2.160000e+01
     vertex -1.592049e+01 -1.593086e+00  2.160000e+01
     vertex -1.582129e+01 -2.384676e+00  2.160000e+01
   endloop
 endfacet
 facet normal  0.000000e+00  0.000000e+00  1.000000e+00
   outer loop
     vertex -1.600000e+01 -5.488398e-14  2.160000e+01
     vertex -7.299371e+00 -1.423795e+01  2.160000e+01
     vertex -3.560335e+00 -1.559885e+01  2.160000e+01
   endloop
 endfacet
 facet normal  0.000000e+00  0.000000e+00  1.000000e+00
   outer loop
     vertex -1.600000e+01 -5.488398e-14  2.160000e+01
     vertex -1.582129e+01 -2.384676e+00  2.160000e+01
     vertex -1.474362e+01 -6.214957e+00  2.160000e+01
   endloop
 endfacet
 facet normal  0.000000e+00  0.000000e+00  1.000000e+00
   outer loop
     vertex  1.989499e+00 -1.587583e+01  2.160000e+01
     vertex  3.988911e-01 -1.599503e+01  2.160000e+01
     vertex  1.195681e+00 -1.595526e+01  2.160000e+01
   endloop
 endfacet
 facet normal  0.000000e+00  0.000000e+00  1.000000e+00
   outer loop
     vertex -1.582129e+01  2.384676e+00  2.160000e+01
     vertex -1.592049e+01  1.593086e+00  2.160000e+01
     vertex -1.598011e+01  7.975342e-01  2.160000e+01
   endloop
 endfacet
 facet normal  0.000000e+00  0.000000e+00  1.000000e+00
   outer loop
     vertex -1.582129e+01  2.384676e+00  2.160000e+01
     vertex -1.598011e+01  7.975342e-01  2.160000e+01
     vertex -1.600000e+01 -5.488398e-14  2.160000e+01
   endloop
 endfacet
 facet normal  0.000000e+00  0.000000e+00  1.000000e+00
   outer loop
     vertex -1.582129e+01  2.384676e+00  2.160000e+01
     vertex -3.560335e+00 -1.559885e+01  2.160000e+01
     vertex -3.988911e-01 -1.599503e+01  2.160000e+01
   endloop
 endfacet
 facet normal  0.000000e+00  0.000000e+00  1.000000e+00
   outer loop
     vertex -1.582129e+01  2.384676e+00  2.160000e+01
     vertex -1.600000e+01 -5.488398e-14  2.160000e+01
     vertex -3.560335e+00 -1.559885e+01  2.160000e+01
   endloop
 endfacet
 facet normal  0.000000e+00  0.000000e+00  1.000000e+00
   outer loop
     vertex  3.560335e+00 -1.559885e+01  2.160000e+01
     vertex  1.989499e+00 -1.587583e+01  2.160000e+01
     vertex  2.778371e+00 -1.575692e+01  2.160000e+01
   endloop
 endfacet
 facet normal  0.000000e+00  0.000000e+00  1.000000e+00
   outer loop
     vertex  4.333447e+00 -1.540199e+01  2.160000e+01
     vertex  3.988911e-01 -1.599503e+01  2.160000e+01
     vertex  1.989499e+00 -1.587583e+01  2.160000e+01
   endloop
 endfacet
 facet normal  0.000000e+00  0.000000e+00  1.000000e+00
   outer loop
     vertex  4.333447e+00 -1.540199e+01  2.160000e+01
     vertex -3.988911e-01 -1.599503e+01  2.160000e+01
     vertex  3.988911e-01 -1.599503e+01  2.160000e+01
   endloop
 endfacet
 facet normal  0.000000e+00  0.000000e+00  1.000000e+00
   outer loop
     vertex  4.333447e+00 -1.540199e+01  2.160000e+01
     vertex  1.989499e+00 -1.587583e+01  2.160000e+01
     vertex  3.560335e+00 -1.559885e+01  2.160000e+01
   endloop
 endfacet
 facet normal  0.000000e+00  0.000000e+00  1.000000e+00
   outer loop
     vertex -1.528916e+01  4.716083e+00  2.160000e+01
     vertex -1.550524e+01  3.948118e+00  2.160000e+01
     vertex -1.568276e+01  3.170338e+00  2.160000e+01
   endloop
 endfacet
 facet normal  0.000000e+00  0.000000e+00  1.000000e+00
   outer loop
     vertex -1.474362e+01  6.214957e+00  2.160000e+01
     vertex -1.503508e+01  5.472322e+00  2.160000e+01
     vertex -1.528916e+01  4.716083e+00  2.160000e+01
   endloop
 endfacet
 facet normal  0.000000e+00  0.000000e+00  1.000000e+00
   outer loop
     vertex -1.441550e+01  6.942140e+00  2.160000e+01
     vertex -1.474362e+01  6.214957e+00  2.160000e+01
     vertex -1.528916e+01  4.716083e+00  2.160000e+01
   endloop
 endfacet
 facet normal  0.000000e+00  0.000000e+00  1.000000e+00
   outer loop
     vertex -1.441550e+01  6.942140e+00  2.160000e+01
     vertex -1.528916e+01  4.716083e+00  2.160000e+01
     vertex -1.568276e+01  3.170338e+00  2.160000e+01
   endloop
 endfacet
 facet normal  0.000000e+00  0.000000e+00  1.000000e+00
   outer loop
     vertex -1.441550e+01  6.942140e+00  2.160000e+01
     vertex -1.568276e+01  3.170338e+00  2.160000e+01
     vertex -1.582129e+01  2.384676e+00  2.160000e+01
   endloop
 endfacet
 facet normal  0.000000e+00  0.000000e+00  1.000000e+00
   outer loop
     vertex -1.441550e+01  6.942140e+00  2.160000e+01
     vertex -1.582129e+01  2.384676e+00  2.160000e+01
     vertex -3.988911e-01 -1.599503e+01  2.160000e+01
   endloop
 endfacet
 facet normal  0.000000e+00  0.000000e+00  1.000000e+00
   outer loop
     vertex  7.299371e+00 -1.423795e+01  2.160000e+01
     vertex  4.333447e+00 -1.540199e+01  2.160000e+01
     vertex  5.095786e+00 -1.516684e+01  2.160000e+01
   endloop
 endfacet
 facet normal  0.000000e+00  0.000000e+00  1.000000e+00
   outer loop
     vertex  7.299371e+00 -1.423795e+01  2.160000e+01
     vertex  5.095786e+00 -1.516684e+01  2.160000e+01
     vertex  5.845456e+00 -1.489398e+01  2.160000e+01
   endloop
 endfacet
 facet normal  0.000000e+00  0.000000e+00  1.000000e+00
   outer loop
     vertex  7.299371e+00 -1.423795e+01  2.160000e+01
     vertex  5.845456e+00 -1.489398e+01  2.160000e+01
     vertex  6.580594e+00 -1.458409e+01  2.160000e+01
   endloop
 endfacet
 facet normal  0.000000e+00  0.000000e+00  1.000000e+00
   outer loop
     vertex -1.365265e+01  8.342963e+00  2.160000e+01
     vertex -1.405155e+01  7.652064e+00  2.160000e+01
     vertex -1.441550e+01  6.942140e+00  2.160000e+01
   endloop
 endfacet
 facet normal  0.000000e+00  0.000000e+00  1.000000e+00
   outer loop
     vertex  9.339899e+00 -1.299101e+01  2.160000e+01
     vertex  7.299371e+00 -1.423795e+01  2.160000e+01
     vertex  8.000000e+00 -1.385641e+01  2.160000e+01
   endloop
 endfacet
 facet normal  0.000000e+00  0.000000e+00  1.000000e+00
   outer loop
     vertex  9.339899e+00 -1.299101e+01  2.160000e+01
     vertex  8.000000e+00 -1.385641e+01  2.160000e+01
     vertex  8.680740e+00 -1.344041e+01  2.160000e+01
   endloop
 endfacet
 facet normal  0.000000e+00  0.000000e+00  1.000000e+00
   outer loop
     vertex  9.339899e+00 -1.299101e+01  2.160000e+01
     vertex  4.333447e+00 -1.540199e+01  2.160000e+01
     vertex  7.299371e+00 -1.423795e+01  2.160000e+01
   endloop
 endfacet
 facet normal  0.000000e+00  0.000000e+00  1.000000e+00
   outer loop
     vertex  9.975837e+00 -1.250930e+01  2.160000e+01
     vertex  4.333447e+00 -1.540199e+01  2.160000e+01
     vertex  9.339899e+00 -1.299101e+01  2.160000e+01
   endloop
 endfacet
 facet normal  0.000000e+00  0.000000e+00  1.000000e+00
   outer loop
     vertex -1.225671e+01  1.028460e+01  2.160000e+01
     vertex -1.275412e+01  9.660871e+00  2.160000e+01
     vertex -1.321982e+01  9.013121e+00  2.160000e+01
   endloop
 endfacet
 facet normal  0.000000e+00  0.000000e+00  1.000000e+00
   outer loop
     vertex -1.225671e+01  1.028460e+01  2.160000e+01
     vertex -1.321982e+01  9.013121e+00  2.160000e+01
     vertex -1.365265e+01  8.342963e+00  2.160000e+01
   endloop
 endfacet
 facet normal  0.000000e+00  0.000000e+00  1.000000e+00
   outer loop
     vertex  1.058697e+01 -1.199650e+01  2.160000e+01
     vertex -3.988911e-01 -1.599503e+01  2.160000e+01
     vertex  4.333447e+00 -1.540199e+01  2.160000e+01
   endloop
 endfacet
 facet normal  0.000000e+00  0.000000e+00  1.000000e+00
   outer loop
     vertex  1.058697e+01 -1.199650e+01  2.160000e+01
     vertex  4.333447e+00 -1.540199e+01  2.160000e+01
     vertex  9.975837e+00 -1.250930e+01  2.160000e+01
   endloop
 endfacet
 facet normal  0.000000e+00  0.000000e+00  1.000000e+00
   outer loop
     vertex -1.117179e+01  1.145387e+01  2.160000e+01
     vertex -1.365265e+01  8.342963e+00  2.160000e+01
     vertex -1.441550e+01  6.942140e+00  2.160000e+01
   endloop
 endfacet
 facet normal  0.000000e+00  0.000000e+00  1.000000e+00
   outer loop
     vertex -1.117179e+01  1.145387e+01  2.160000e+01
     vertex -1.225671e+01  1.028460e+01  2.160000e+01
     vertex -1.365265e+01  8.342963e+00  2.160000e+01
   endloop
 endfacet
 facet normal  0.000000e+00  0.000000e+00  1.000000e+00
   outer loop
     vertex -1.117179e+01  1.145387e+01  2.160000e+01
     vertex -1.172883e+01  1.088276e+01  2.160000e+01
     vertex -1.225671e+01  1.028460e+01  2.160000e+01
   endloop
 endfacet
 facet normal  0.000000e+00  0.000000e+00  1.000000e+00
   outer loop
     vertex  1.225671e+01 -1.028460e+01  2.160000e+01
     vertex  1.058697e+01 -1.199650e+01  2.160000e+01
     vertex  1.117179e+01 -1.145387e+01  2.160000e+01
   endloop
 endfacet
 facet normal  0.000000e+00  0.000000e+00  1.000000e+00
   outer loop
     vertex  1.225671e+01 -1.028460e+01  2.160000e+01
     vertex  1.117179e+01 -1.145387e+01  2.160000e+01
     vertex  1.172883e+01 -1.088276e+01  2.160000e+01
   endloop
 endfacet
 facet normal  0.000000e+00  0.000000e+00  1.000000e+00
   outer loop
     vertex  1.225671e+01 -1.028460e+01  2.160000e+01
     vertex -3.988911e-01 -1.599503e+01  2.160000e+01
     vertex  1.058697e+01 -1.199650e+01  2.160000e+01
   endloop
 endfacet
 facet normal  0.000000e+00  0.000000e+00  1.000000e+00
   outer loop
     vertex -9.975837e+00  1.250930e+01  2.160000e+01
     vertex -1.117179e+01  1.145387e+01  2.160000e+01
     vertex -1.441550e+01  6.942140e+00  2.160000e+01
   endloop
 endfacet
 facet normal  0.000000e+00  0.000000e+00  1.000000e+00
   outer loop
     vertex -9.975837e+00  1.250930e+01  2.160000e+01
     vertex -1.058697e+01  1.199650e+01  2.160000e+01
     vertex -1.117179e+01  1.145387e+01  2.160000e+01
   endloop
 endfacet
 facet normal  0.000000e+00  0.000000e+00  1.000000e+00
   outer loop
     vertex -8.680740e+00  1.344041e+01  2.160000e+01
     vertex -9.339899e+00  1.299101e+01  2.160000e+01
     vertex -9.975837e+00  1.250930e+01  2.160000e+01
   endloop
 endfacet
 facet normal  0.000000e+00  0.000000e+00  1.000000e+00
   outer loop
     vertex -8.680740e+00  1.344041e+01  2.160000e+01
     vertex -9.975837e+00  1.250930e+01  2.160000e+01
     vertex -1.441550e+01  6.942140e+00  2.160000e+01
   endloop
 endfacet
 facet normal  0.000000e+00  0.000000e+00  1.000000e+00
   outer loop
     vertex  1.365265e+01 -8.342963e+00  2.160000e+01
     vertex  1.225671e+01 -1.028460e+01  2.160000e+01
     vertex  1.275412e+01 -9.660871e+00  2.160000e+01
   endloop
 endfacet
 facet normal  0.000000e+00  0.000000e+00  1.000000e+00
   outer loop
     vertex  1.365265e+01 -8.342963e+00  2.160000e+01
     vertex  1.275412e+01 -9.660871e+00  2.160000e+01
     vertex  1.321982e+01 -9.013121e+00  2.160000e+01
   endloop
 endfacet
 facet normal  0.000000e+00  0.000000e+00  1.000000e+00
   outer loop
     vertex  1.365265e+01 -8.342963e+00  2.160000e+01
     vertex -3.988911e-01 -1.599503e+01  2.160000e+01
     vertex  1.225671e+01 -1.028460e+01  2.160000e+01
   endloop
 endfacet
 facet normal  0.000000e+00  0.000000e+00  1.000000e+00
   outer loop
     vertex  1.405155e+01 -7.652064e+00  2.160000e+01
     vertex -3.988911e-01 -1.599503e+01  2.160000e+01
     vertex  1.365265e+01 -8.342963e+00  2.160000e+01
   endloop
 endfacet
 facet normal  0.000000e+00  0.000000e+00  1.000000e+00
   outer loop
     vertex -5.845456e+00  1.489398e+01  2.160000e+01
     vertex -6.580594e+00  1.458409e+01  2.160000e+01
     vertex -7.299371e+00  1.423795e+01  2.160000e+01
   endloop
 endfacet
 facet normal  0.000000e+00  0.000000e+00  1.000000e+00
   outer loop
     vertex -5.845456e+00  1.489398e+01  2.160000e+01
     vertex -7.299371e+00  1.423795e+01  2.160000e+01
     vertex -8.000000e+00  1.385641e+01  2.160000e+01
   endloop
 endfacet
 facet normal  0.000000e+00  0.000000e+00  1.000000e+00
   outer loop
     vertex  1.528916e+01 -4.716083e+00  2.160000e+01
     vertex  1.474362e+01 -6.214957e+00  2.160000e+01
     vertex  1.503508e+01 -5.472322e+00  2.160000e+01
   endloop
 endfacet
 facet normal  0.000000e+00  0.000000e+00  1.000000e+00
   outer loop
     vertex -4.333447e+00  1.540199e+01  2.160000e+01
     vertex -5.095786e+00  1.516684e+01  2.160000e+01
     vertex -5.845456e+00  1.489398e+01  2.160000e+01
   endloop
 endfacet
 facet normal  0.000000e+00  0.000000e+00  1.000000e+00
   outer loop
     vertex -4.333447e+00  1.540199e+01  2.160000e+01
     vertex -8.000000e+00  1.385641e+01  2.160000e+01
     vertex -8.680740e+00  1.344041e+01  2.160000e+01
   endloop
 endfacet
 facet normal  0.000000e+00  0.000000e+00  1.000000e+00
   outer loop
     vertex -4.333447e+00  1.540199e+01  2.160000e+01
     vertex -8.680740e+00  1.344041e+01  2.160000e+01
     vertex -1.441550e+01  6.942140e+00  2.160000e+01
   endloop
 endfacet
 facet normal  0.000000e+00  0.000000e+00  1.000000e+00
   outer loop
     vertex -4.333447e+00  1.540199e+01  2.160000e+01
     vertex -5.845456e+00  1.489398e+01  2.160000e+01
     vertex -8.000000e+00  1.385641e+01  2.160000e+01
   endloop
 endfacet
 facet normal  0.000000e+00  0.000000e+00  1.000000e+00
   outer loop
     vertex  1.568276e+01 -3.170338e+00  2.160000e+01
     vertex  1.528916e+01 -4.716083e+00  2.160000e+01
     vertex  1.550524e+01 -3.948118e+00  2.160000e+01
   endloop
 endfacet
 facet normal  0.000000e+00  0.000000e+00  1.000000e+00
   outer loop
     vertex -1.989499e+00  1.587583e+01  2.160000e+01
     vertex -2.778371e+00  1.575692e+01  2.160000e+01
     vertex -3.560335e+00  1.559885e+01  2.160000e+01
   endloop
 endfacet
 facet normal  0.000000e+00  0.000000e+00  1.000000e+00
   outer loop
     vertex  1.592049e+01 -1.593086e+00  2.160000e+01
     vertex  1.568276e+01 -3.170338e+00  2.160000e+01
     vertex  1.582129e+01 -2.384676e+00  2.160000e+01
   endloop
 endfacet
 facet normal  0.000000e+00  0.000000e+00  1.000000e+00
   outer loop
     vertex  1.592049e+01 -1.593086e+00  2.160000e+01
     vertex  1.474362e+01 -6.214957e+00  2.160000e+01
     vertex  1.528916e+01 -4.716083e+00  2.160000e+01
   endloop
 endfacet
 facet normal  0.000000e+00  0.000000e+00  1.000000e+00
   outer loop
     vertex  1.592049e+01 -1.593086e+00  2.160000e+01
     vertex  1.528916e+01 -4.716083e+00  2.160000e+01
     vertex  1.568276e+01 -3.170338e+00  2.160000e+01
   endloop
 endfacet
 facet normal  0.000000e+00  0.000000e+00  1.000000e+00
   outer loop
     vertex -1.195681e+00  1.595526e+01  2.160000e+01
     vertex -3.560335e+00  1.559885e+01  2.160000e+01
     vertex -4.333447e+00  1.540199e+01  2.160000e+01
   endloop
 endfacet
 facet normal  0.000000e+00  0.000000e+00  1.000000e+00
   outer loop
     vertex -1.195681e+00  1.595526e+01  2.160000e+01
     vertex -1.989499e+00  1.587583e+01  2.160000e+01
     vertex -3.560335e+00  1.559885e+01  2.160000e+01
   endloop
 endfacet
 facet normal  0.000000e+00  0.000000e+00  1.000000e+00
   outer loop
     vertex  1.598011e+01  7.975342e-01  2.160000e+01
     vertex  1.592049e+01 -1.593086e+00  2.160000e+01
     vertex  1.598011e+01 -7.975342e-01  2.160000e+01
   endloop
 endfacet
 facet normal  0.000000e+00  0.000000e+00  1.000000e+00
   outer loop
     vertex  1.598011e+01  7.975342e-01  2.160000e+01
     vertex  1.598011e+01 -7.975342e-01  2.160000e+01
     vertex  1.600000e+01  0.000000e+00  2.160000e+01
   endloop
 endfacet
 facet normal  0.000000e+00  0.000000e+00  1.000000e+00
   outer loop
     vertex  1.195681e+00  1.595526e+01  2.160000e+01
     vertex  3.988911e-01  1.599503e+01  2.160000e+01
     vertex -3.988911e-01  1.599503e+01  2.160000e+01
   endloop
 endfacet
 facet normal  0.000000e+00  0.000000e+00  1.000000e+00
   outer loop
     vertex  1.989499e+00  1.587583e+01  2.160000e+01
     vertex  1.195681e+00  1.595526e+01  2.160000e+01
     vertex -3.988911e-01  1.599503e+01  2.160000e+01
   endloop
 endfacet
 facet normal  0.000000e+00  0.000000e+00  1.000000e+00
   outer loop
     vertex  1.582129e+01  2.384676e+00  2.160000e+01
     vertex  1.474362e+01 -6.214957e+00  2.160000e+01
     vertex  1.592049e+01 -1.593086e+00  2.160000e+01
   endloop
 endfacet
 facet normal  0.000000e+00  0.000000e+00  1.000000e+00
   outer loop
     vertex  1.582129e+01  2.384676e+00  2.160000e+01
     vertex  1.598011e+01  7.975342e-01  2.160000e+01
     vertex  1.592049e+01  1.593086e+00  2.160000e+01
   endloop
 endfacet
 facet normal  0.000000e+00  0.000000e+00  1.000000e+00
   outer loop
     vertex  1.582129e+01  2.384676e+00  2.160000e+01
     vertex -1.195681e+00  1.595526e+01  2.160000e+01
     vertex -4.333447e+00  1.540199e+01  2.160000e+01
   endloop
 endfacet
 facet normal  0.000000e+00  0.000000e+00  1.000000e+00
   outer loop
     vertex  1.582129e+01  2.384676e+00  2.160000e+01
     vertex  1.405155e+01 -7.652064e+00  2.160000e+01
     vertex  1.441550e+01 -6.942140e+00  2.160000e+01
   endloop
 endfacet
 facet normal  0.000000e+00  0.000000e+00  1.000000e+00
   outer loop
     vertex  1.582129e+01  2.384676e+00  2.160000e+01
     vertex  1.441550e+01 -6.942140e+00  2.160000e+01
     vertex  1.474362e+01 -6.214957e+00  2.160000e+01
   endloop
 endfacet
 facet normal  0.000000e+00  0.000000e+00  1.000000e+00
   outer loop
     vertex  1.582129e+01  2.384676e+00  2.160000e+01
     vertex  1.592049e+01 -1.593086e+00  2.160000e+01
     vertex  1.598011e+01  7.975342e-01  2.160000e+01
   endloop
 endfacet
 facet normal  0.000000e+00  0.000000e+00  1.000000e+00
   outer loop
     vertex  1.582129e+01  2.384676e+00  2.160000e+01
     vertex -1.441550e+01  6.942140e+00  2.160000e+01
     vertex -3.988911e-01 -1.599503e+01  2.160000e+01
   endloop
 endfacet
 facet normal  0.000000e+00  0.000000e+00  1.000000e+00
   outer loop
     vertex  1.582129e+01  2.384676e+00  2.160000e+01
     vertex -3.988911e-01  1.599503e+01  2.160000e+01
     vertex -1.195681e+00  1.595526e+01  2.160000e+01
   endloop
 endfacet
 facet normal  0.000000e+00  0.000000e+00  1.000000e+00
   outer loop
     vertex  1.582129e+01  2.384676e+00  2.160000e+01
     vertex -3.988911e-01 -1.599503e+01  2.160000e+01
     vertex  1.405155e+01 -7.652064e+00  2.160000e+01
   endloop
 endfacet
 facet normal  0.000000e+00  0.000000e+00  1.000000e+00
   outer loop
     vertex  1.582129e+01  2.384676e+00  2.160000e+01
     vertex -4.333447e+00  1.540199e+01  2.160000e+01
     vertex -1.441550e+01  6.942140e+00  2.160000e+01
   endloop
 endfacet
 facet normal  0.000000e+00  0.000000e+00  1.000000e+00
   outer loop
     vertex  4.333447e+00  1.540199e+01  2.160000e+01
     vertex  3.560335e+00  1.559885e+01  2.160000e+01
     vertex  2.778371e+00  1.575692e+01  2.160000e+01
   endloop
 endfacet
 facet normal  0.000000e+00  0.000000e+00  1.000000e+00
   outer loop
     vertex  4.333447e+00  1.540199e+01  2.160000e+01
     vertex  2.778371e+00  1.575692e+01  2.160000e+01
     vertex  1.989499e+00  1.587583e+01  2.160000e+01
   endloop
 endfacet
 facet normal  0.000000e+00  0.000000e+00  1.000000e+00
   outer loop
     vertex  1.528916e+01  4.716083e+00  2.160000e+01
     vertex  1.582129e+01  2.384676e+00  2.160000e+01
     vertex  1.568276e+01  3.170338e+00  2.160000e+01
   endloop
 endfacet
 facet normal  0.000000e+00  0.000000e+00  1.000000e+00
   outer loop
     vertex  1.528916e+01  4.716083e+00  2.160000e+01
     vertex  1.568276e+01  3.170338e+00  2.160000e+01
     vertex  1.550524e+01  3.948118e+00  2.160000e+01
   endloop
 endfacet
 facet normal  0.000000e+00  0.000000e+00  1.000000e+00
   outer loop
     vertex  5.095786e+00  1.516684e+01  2.160000e+01
     vertex -3.988911e-01  1.599503e+01  2.160000e+01
     vertex  1.582129e+01  2.384676e+00  2.160000e+01
   endloop
 endfacet
 facet normal  0.000000e+00  0.000000e+00  1.000000e+00
   outer loop
     vertex  5.095786e+00  1.516684e+01  2.160000e+01
     vertex  4.333447e+00  1.540199e+01  2.160000e+01
     vertex  1.989499e+00  1.587583e+01  2.160000e+01
   endloop
 endfacet
 facet normal  0.000000e+00  0.000000e+00  1.000000e+00
   outer loop
     vertex  5.095786e+00  1.516684e+01  2.160000e+01
     vertex  1.989499e+00  1.587583e+01  2.160000e+01
     vertex -3.988911e-01  1.599503e+01  2.160000e+01
   endloop
 endfacet
 facet normal  0.000000e+00  0.000000e+00  1.000000e+00
   outer loop
     vertex  1.474362e+01  6.214957e+00  2.160000e+01
     vertex  1.528916e+01  4.716083e+00  2.160000e+01
     vertex  1.503508e+01  5.472322e+00  2.160000e+01
   endloop
 endfacet
 facet normal  0.000000e+00  0.000000e+00  1.000000e+00
   outer loop
     vertex  6.580594e+00  1.458409e+01  2.160000e+01
     vertex  5.845456e+00  1.489398e+01  2.160000e+01
     vertex  5.095786e+00  1.516684e+01  2.160000e+01
   endloop
 endfacet
 facet normal  0.000000e+00  0.000000e+00  1.000000e+00
   outer loop
     vertex  1.441550e+01  6.942140e+00  2.160000e+01
     vertex  1.528916e+01  4.716083e+00  2.160000e+01
     vertex  1.474362e+01  6.214957e+00  2.160000e+01
   endloop
 endfacet
 facet normal  0.000000e+00  0.000000e+00  1.000000e+00
   outer loop
     vertex  1.405155e+01  7.652064e+00  2.160000e+01
     vertex  1.582129e+01  2.384676e+00  2.160000e+01
     vertex  1.528916e+01  4.716083e+00  2.160000e+01
   endloop
 endfacet
 facet normal  0.000000e+00  0.000000e+00  1.000000e+00
   outer loop
     vertex  1.405155e+01  7.652064e+00  2.160000e+01
     vertex  1.528916e+01  4.716083e+00  2.160000e+01
     vertex  1.441550e+01  6.942140e+00  2.160000e+01
   endloop
 endfacet
 facet normal  0.000000e+00  0.000000e+00  1.000000e+00
   outer loop
     vertex  1.365265e+01  8.342963e+00  2.160000e+01
     vertex  1.582129e+01  2.384676e+00  2.160000e+01
     vertex  1.405155e+01  7.652064e+00  2.160000e+01
   endloop
 endfacet
 facet normal  0.000000e+00  0.000000e+00  1.000000e+00
   outer loop
     vertex  8.680740e+00  1.344041e+01  2.160000e+01
     vertex  8.000000e+00  1.385641e+01  2.160000e+01
     vertex  7.299371e+00  1.423795e+01  2.160000e+01
   endloop
 endfacet
 facet normal  0.000000e+00  0.000000e+00  1.000000e+00
   outer loop
     vertex  8.680740e+00  1.344041e+01  2.160000e+01
     vertex  7.299371e+00  1.423795e+01  2.160000e+01
     vertex  6.580594e+00  1.458409e+01  2.160000e+01
   endloop
 endfacet
 facet normal  0.000000e+00  0.000000e+00  1.000000e+00
   outer loop
     vertex  8.680740e+00  1.344041e+01  2.160000e+01
     vertex  6.580594e+00  1.458409e+01  2.160000e+01
     vertex  5.095786e+00  1.516684e+01  2.160000e+01
   endloop
 endfacet
 facet normal  0.000000e+00  0.000000e+00  1.000000e+00
   outer loop
     vertex  1.321982e+01  9.013121e+00  2.160000e+01
     vertex  1.582129e+01  2.384676e+00  2.160000e+01
     vertex  1.365265e+01  8.342963e+00  2.160000e+01
   endloop
 endfacet
 facet normal  0.000000e+00  0.000000e+00  1.000000e+00
   outer loop
     vertex  9.339899e+00  1.299101e+01  2.160000e+01
     vertex  5.095786e+00  1.516684e+01  2.160000e+01
     vertex  1.582129e+01  2.384676e+00  2.160000e+01
   endloop
 endfacet
 facet normal  0.000000e+00  0.000000e+00  1.000000e+00
   outer loop
     vertex  9.339899e+00  1.299101e+01  2.160000e+01
     vertex  8.680740e+00  1.344041e+01  2.160000e+01
     vertex  5.095786e+00  1.516684e+01  2.160000e+01
   endloop
 endfacet
 facet normal  0.000000e+00  0.000000e+00  1.000000e+00
   outer loop
     vertex  1.172883e+01  1.088276e+01  2.160000e+01
     vertex  1.321982e+01  9.013121e+00  2.160000e+01
     vertex  1.275412e+01  9.660871e+00  2.160000e+01
   endloop
 endfacet
 facet normal  0.000000e+00  0.000000e+00  1.000000e+00
   outer loop
     vertex  1.172883e+01  1.088276e+01  2.160000e+01
     vertex  1.275412e+01  9.660871e+00  2.160000e+01
     vertex  1.225671e+01  1.028460e+01  2.160000e+01
   endloop
 endfacet
 facet normal  0.000000e+00  0.000000e+00  1.000000e+00
   outer loop
     vertex  1.117179e+01  1.145387e+01  2.160000e+01
     vertex  1.058697e+01  1.199650e+01  2.160000e+01
     vertex  9.975837e+00  1.250930e+01  2.160000e+01
   endloop
 endfacet
 facet normal  0.000000e+00  0.000000e+00  1.000000e+00
   outer loop
     vertex  1.117179e+01  1.145387e+01  2.160000e+01
     vertex  9.975837e+00  1.250930e+01  2.160000e+01
     vertex  9.339899e+00  1.299101e+01  2.160000e+01
   endloop
 endfacet
 facet normal  0.000000e+00  0.000000e+00  1.000000e+00
   outer loop
     vertex  1.117179e+01  1.145387e+01  2.160000e+01
     vertex  1.582129e+01  2.384676e+00  2.160000e+01
     vertex  1.321982e+01  9.013121e+00  2.160000e+01
   endloop
 endfacet
 facet normal  0.000000e+00  0.000000e+00  1.000000e+00
   outer loop
     vertex  1.117179e+01  1.145387e+01  2.160000e+01
     vertex  9.339899e+00  1.299101e+01  2.160000e+01
     vertex  1.582129e+01  2.384676e+00  2.160000e+01
   endloop
 endfacet
 facet normal  0.000000e+00  0.000000e+00  1.000000e+00
   outer loop
     vertex  1.117179e+01  1.145387e+01  2.160000e+01
     vertex  1.321982e+01  9.013121e+00  2.160000e+01
     vertex  1.172883e+01  1.088276e+01  2.160000e+01
   endloop
 endfacet
endsolid
