solid 
 facet normal  8.660254e-01  5.000000e-01  0.000000e+00
   outer loop
     vertex  4.618802e+00  8.000000e+00  1.200000e+00
     vertex  9.237604e+00  0.000000e+00  1.720000e+01
     vertex  9.237604e+00  0.000000e+00  1.200000e+00
   endloop
 endfacet
 facet normal  8.660254e-01  5.000000e-01 -0.000000e+00
   outer loop
     vertex  4.618802e+00  8.000000e+00  1.200000e+00
     vertex  4.618802e+00  8.000000e+00  1.720000e+01
     vertex  9.237604e+00  0.000000e+00  1.720000e+01
   endloop
 endfacet
 facet normal  1.922963e-16  1.000000e+00  0.000000e+00
   outer loop
     vertex -4.618802e+00  8.000000e+00  1.200000e+00
     vertex  4.618802e+00  8.000000e+00  1.720000e+01
     vertex  4.618802e+00  8.000000e+00  1.200000e+00
   endloop
 endfacet
 facet normal  1.922963e-16  1.000000e+00 -0.000000e+00
   outer loop
     vertex -4.618802e+00  8.000000e+00  1.200000e+00
     vertex -4.618802e+00  8.000000e+00  1.720000e+01
     vertex  4.618802e+00  8.000000e+00  1.720000e+01
   endloop
 endfacet
 facet normal -8.660254e-01  5.000000e-01  0.000000e+00
   outer loop
     vertex -9.237604e+00  1.131280e-15  1.200000e+00
     vertex -4.618802e+00  8.000000e+00  1.720000e+01
     vertex -4.618802e+00  8.000000e+00  1.200000e+00
   endloop
 endfacet
 facet normal -8.660254e-01  5.000000e-01  0.000000e+00
   outer loop
     vertex -9.237604e+00  1.131280e-15  1.200000e+00
     vertex -9.237604e+00  1.131280e-15  1.720000e+01
     vertex -4.618802e+00  8.000000e+00  1.720000e+01
   endloop
 endfacet
 facet normal -8.660254e-01 -5.000000e-01  0.000000e+00
   outer loop
     vertex -4.618802e+00 -8.000000e+00  1.200000e+00
     vertex -9.237604e+00  1.131280e-15  1.720000e+01
     vertex -9.237604e+00  1.131280e-15  1.200000e+00
   endloop
 endfacet
 facet normal -8.660254e-01 -5.000000e-01  0.000000e+00
   outer loop
     vertex -4.618802e+00 -8.000000e+00  1.200000e+00
     vertex -4.618802e+00 -8.000000e+00  1.720000e+01
     vertex -9.237604e+00  1.131280e-15  1.720000e+01
   endloop
 endfacet
 facet normal  0.000000e+00 -1.000000e+00  0.000000e+00
   outer loop
     vertex  4.618802e+00 -8.000000e+00  1.200000e+00
     vertex -4.618802e+00 -8.000000e+00  1.720000e+01
     vertex -4.618802e+00 -8.000000e+00  1.200000e+00
   endloop
 endfacet
 facet normal  0.000000e+00 -1.000000e+00  0.000000e+00
   outer loop
     vertex  4.618802e+00 -8.000000e+00  1.200000e+00
     vertex  4.618802e+00 -8.000000e+00  1.720000e+01
     vertex -4.618802e+00 -8.000000e+00  1.720000e+01
   endloop
 endfacet
 facet normal  8.660254e-01 -5.000000e-01  0.000000e+00
   outer loop
     vertex  9.237604e+00  0.000000e+00  1.200000e+00
     vertex  4.618802e+00 -8.000000e+00  1.720000e+01
     vertex  4.618802e+00 -8.000000e+00  1.200000e+00
   endloop
 endfacet
 facet normal  8.660254e-01 -5.000000e-01  0.000000e+00
   outer loop
     vertex  9.237604e+00  0.000000e+00  1.200000e+00
     vertex  9.237604e+00  0.000000e+00  1.720000e+01
     vertex  4.618802e+00 -8.000000e+00  1.720000e+01
   endloop
 endfacet
 facet normal  0.000000e+00  0.000000e+00 -1.000000e+00
   outer loop
     vertex  4.618802e+00 -8.000000e+00  1.200000e+00
     vertex -4.618802e+00 -8.000000e+00  1.200000e+00
     vertex -9.237604e+00  1.131280e-15  1.200000e+00
   endloop
 endfacet
 facet normal -0.000000e+00  0.000000e+00 -1.000000e+00
   outer loop
     vertex  9.237604e+00  0.000000e+00  1.200000e+00
     vertex  4.618802e+00 -8.000000e+00  1.200000e+00
     vertex -9.237604e+00  1.131280e-15  1.200000e+00
   endloop
 endfacet
 facet normal -0.000000e+00  0.000000e+00 -1.000000e+00
   outer loop
     vertex  4.618802e+00  8.000000e+00  1.200000e+00
     vertex -9.237604e+00  1.131280e-15  1.200000e+00
     vertex -4.618802e+00  8.000000e+00  1.200000e+00
   endloop
 endfacet
 facet normal  0.000000e+00 -0.000000e+00 -1.000000e+00
   outer loop
     vertex  4.618802e+00  8.000000e+00  1.200000e+00
     vertex  9.237604e+00  0.000000e+00  1.200000e+00
     vertex -9.237604e+00  1.131280e-15  1.200000e+00
   endloop
 endfacet
 facet normal  0.000000e+00  0.000000e+00  1.000000e+00
   outer loop
     vertex  4.618802e+00 -8.000000e+00  1.720000e+01
     vertex -9.237604e+00  1.131280e-15  1.720000e+01
     vertex -4.618802e+00 -8.000000e+00  1.720000e+01
   endloop
 endfacet
 facet normal  0.000000e+00  0.000000e+00  1.000000e+00
   outer loop
     vertex  9.237604e+00  0.000000e+00  1.720000e+01
     vertex -9.237604e+00  1.131280e-15  1.720000e+01
     vertex  4.618802e+00 -8.000000e+00  1.720000e+01
   endloop
 endfacet
 facet normal  0.000000e+00  0.000000e+00  1.000000e+00
   outer loop
     vertex  4.618802e+00  8.000000e+00  1.720000e+01
     vertex -4.618802e+00  8.000000e+00  1.720000e+01
     vertex -9.237604e+00  1.131280e-15  1.720000e+01
   endloop
 endfacet
 facet normal  0.000000e+00  0.000000e+00  1.000000e+00
   outer loop
     vertex  4.618802e+00  8.000000e+00  1.720000e+01
     vertex -9.237604e+00  1.131280e-15  1.720000e+01
     vertex  9.237604e+00  0.000000e+00  1.720000e+01
   endloop
 endfacet
 facet normal  9.996892e-01  2.493069e-02  0.000000e+00
   outer loop
     vertex  9.488191e+00  4.735359e-01  1.720000e+01
     vertex  9.500000e+00  0.000000e+00  2.720000e+01
     vertex  9.500000e+00  0.000000e+00  1.720000e+01
   endloop
 endfacet
 facet normal  9.996892e-01  2.493069e-02 -0.000000e+00
   outer loop
     vertex  9.488191e+00  4.735359e-01  1.720000e+01
     vertex  9.488191e+00  4.735359e-01  2.720000e+01
     vertex  9.500000e+00  0.000000e+00  2.720000e+01
   endloop
 endfacet
 facet normal  9.972038e-01  7.473009e-02 -0.000000e+00
   outer loop
     vertex  9.452792e+00  9.458945e-01  1.720000e+01
     vertex  9.452792e+00  9.458945e-01  2.720000e+01
     vertex  9.488191e+00  4.735359e-01  2.720000e+01
   endloop
 endfacet
 facet normal  9.922392e-01  1.243437e-01 -0.000000e+00
   outer loop
     vertex  9.452792e+00  9.458945e-01  1.720000e+01
     vertex  9.393893e+00  1.415902e+00  2.720000e+01
     vertex  9.452792e+00  9.458945e-01  2.720000e+01
   endloop
 endfacet
 facet normal  9.972038e-01  7.473009e-02  0.000000e+00
   outer loop
     vertex  9.452792e+00  9.458945e-01  1.720000e+01
     vertex  9.488191e+00  4.735359e-01  2.720000e+01
     vertex  9.488191e+00  4.735359e-01  1.720000e+01
   endloop
 endfacet
 facet normal  9.922392e-01  1.243437e-01 -0.000000e+00
   outer loop
     vertex  9.393893e+00  1.415902e+00  1.720000e+01
     vertex  9.393893e+00  1.415902e+00  2.720000e+01
     vertex  9.452792e+00  9.458945e-01  1.720000e+01
   endloop
 endfacet
 facet normal  9.848078e-01  1.736482e-01 -0.000000e+00
   outer loop
     vertex  9.311639e+00  1.882388e+00  1.720000e+01
     vertex  9.311639e+00  1.882388e+00  2.720000e+01
     vertex  9.393893e+00  1.415902e+00  2.720000e+01
   endloop
 endfacet
 facet normal  9.749279e-01  2.225209e-01 -0.000000e+00
   outer loop
     vertex  9.311639e+00  1.882388e+00  1.720000e+01
     vertex  9.206234e+00  2.344195e+00  2.720000e+01
     vertex  9.311639e+00  1.882388e+00  2.720000e+01
   endloop
 endfacet
 facet normal  9.848078e-01  1.736482e-01  0.000000e+00
   outer loop
     vertex  9.311639e+00  1.882388e+00  1.720000e+01
     vertex  9.393893e+00  1.415902e+00  2.720000e+01
     vertex  9.393893e+00  1.415902e+00  1.720000e+01
   endloop
 endfacet
 facet normal  9.749279e-01  2.225209e-01 -0.000000e+00
   outer loop
     vertex  9.206234e+00  2.344195e+00  1.720000e+01
     vertex  9.206234e+00  2.344195e+00  2.720000e+01
     vertex  9.311639e+00  1.882388e+00  1.720000e+01
   endloop
 endfacet
 facet normal  9.626242e-01  2.708405e-01 -0.000000e+00
   outer loop
     vertex  9.077942e+00  2.800174e+00  1.720000e+01
     vertex  9.077942e+00  2.800174e+00  2.720000e+01
     vertex  9.206234e+00  2.344195e+00  2.720000e+01
   endloop
 endfacet
 facet normal  9.626242e-01  2.708405e-01  0.000000e+00
   outer loop
     vertex  9.077942e+00  2.800174e+00  1.720000e+01
     vertex  9.206234e+00  2.344195e+00  2.720000e+01
     vertex  9.206234e+00  2.344195e+00  1.720000e+01
   endloop
 endfacet
 facet normal  9.479273e-01  3.184867e-01 -0.000000e+00
   outer loop
     vertex  8.927080e+00  3.249191e+00  1.720000e+01
     vertex  8.927080e+00  3.249191e+00  2.720000e+01
     vertex  9.077942e+00  2.800174e+00  2.720000e+01
   endloop
 endfacet
 facet normal  9.308737e-01  3.653410e-01 -0.000000e+00
   outer loop
     vertex  8.927080e+00  3.249191e+00  1.720000e+01
     vertex  8.754024e+00  3.690131e+00  2.720000e+01
     vertex  8.927080e+00  3.249191e+00  2.720000e+01
   endloop
 endfacet
 facet normal  9.479273e-01  3.184867e-01  0.000000e+00
   outer loop
     vertex  8.927080e+00  3.249191e+00  1.720000e+01
     vertex  9.077942e+00  2.800174e+00  2.720000e+01
     vertex  9.077942e+00  2.800174e+00  1.720000e+01
   endloop
 endfacet
 facet normal  9.308737e-01  3.653410e-01 -0.000000e+00
   outer loop
     vertex  8.754024e+00  3.690131e+00  1.720000e+01
     vertex  8.754024e+00  3.690131e+00  2.720000e+01
     vertex  8.927080e+00  3.249191e+00  1.720000e+01
   endloop
 endfacet
 facet normal  9.115059e-01  4.112871e-01 -0.000000e+00
   outer loop
     vertex  8.559204e+00  4.121896e+00  1.720000e+01
     vertex  8.559204e+00  4.121896e+00  2.720000e+01
     vertex  8.754024e+00  3.690131e+00  2.720000e+01
   endloop
 endfacet
 facet normal  9.115059e-01  4.112871e-01  0.000000e+00
   outer loop
     vertex  8.559204e+00  4.121896e+00  1.720000e+01
     vertex  8.754024e+00  3.690131e+00  2.720000e+01
     vertex  8.754024e+00  3.690131e+00  1.720000e+01
   endloop
 endfacet
 facet normal  8.898718e-01  4.562107e-01 -0.000000e+00
   outer loop
     vertex  8.343105e+00  4.543413e+00  1.720000e+01
     vertex  8.343105e+00  4.543413e+00  2.720000e+01
     vertex  8.559204e+00  4.121896e+00  2.720000e+01
   endloop
 endfacet
 facet normal  8.898718e-01  4.562107e-01  0.000000e+00
   outer loop
     vertex  8.343105e+00  4.543413e+00  1.720000e+01
     vertex  8.559204e+00  4.121896e+00  2.720000e+01
     vertex  8.559204e+00  4.121896e+00  1.720000e+01
   endloop
 endfacet
 facet normal  8.660254e-01  5.000000e-01  0.000000e+00
   outer loop
     vertex  8.106263e+00  4.953634e+00  1.720000e+01
     vertex  8.343105e+00  4.543413e+00  2.720000e+01
     vertex  8.343105e+00  4.543413e+00  1.720000e+01
   endloop
 endfacet
 facet normal  8.660254e-01  5.000000e-01 -0.000000e+00
   outer loop
     vertex  8.106263e+00  4.953634e+00  1.720000e+01
     vertex  8.106263e+00  4.953634e+00  2.720000e+01
     vertex  8.343105e+00  4.543413e+00  2.720000e+01
   endloop
 endfacet
 facet normal  8.400259e-01  5.425463e-01 -0.000000e+00
   outer loop
     vertex  8.106263e+00  4.953634e+00  1.720000e+01
     vertex  7.849268e+00  5.351541e+00  2.720000e+01
     vertex  8.106263e+00  4.953634e+00  2.720000e+01
   endloop
 endfacet
 facet normal  8.400259e-01  5.425463e-01 -0.000000e+00
   outer loop
     vertex  7.849268e+00  5.351541e+00  1.720000e+01
     vertex  7.849268e+00  5.351541e+00  2.720000e+01
     vertex  8.106263e+00  4.953634e+00  1.720000e+01
   endloop
 endfacet
 facet normal  8.119380e-01  5.837437e-01  0.000000e+00
   outer loop
     vertex  7.572759e+00  5.736142e+00  1.720000e+01
     vertex  7.849268e+00  5.351541e+00  2.720000e+01
     vertex  7.849268e+00  5.351541e+00  1.720000e+01
   endloop
 endfacet
 facet normal  8.119380e-01  5.837437e-01 -0.000000e+00
   outer loop
     vertex  7.572759e+00  5.736142e+00  1.720000e+01
     vertex  7.572759e+00  5.736142e+00  2.720000e+01
     vertex  7.849268e+00  5.351541e+00  2.720000e+01
   endloop
 endfacet
 facet normal  7.818315e-01  6.234898e-01  0.000000e+00
   outer loop
     vertex  7.277422e+00  6.106482e+00  1.720000e+01
     vertex  7.572759e+00  5.736142e+00  2.720000e+01
     vertex  7.572759e+00  5.736142e+00  1.720000e+01
   endloop
 endfacet
 facet normal  7.818315e-01  6.234898e-01 -0.000000e+00
   outer loop
     vertex  7.277422e+00  6.106482e+00  1.720000e+01
     vertex  7.277422e+00  6.106482e+00  2.720000e+01
     vertex  7.572759e+00  5.736142e+00  2.720000e+01
   endloop
 endfacet
 facet normal  7.497812e-01  6.616858e-01 -0.000000e+00
   outer loop
     vertex  6.963993e+00  6.461641e+00  1.720000e+01
     vertex  6.963993e+00  6.461641e+00  2.720000e+01
     vertex  7.277422e+00  6.106482e+00  2.720000e+01
   endloop
 endfacet
 facet normal  7.158668e-01  6.982368e-01 -0.000000e+00
   outer loop
     vertex  6.963993e+00  6.461641e+00  1.720000e+01
     vertex  6.633250e+00  6.800735e+00  2.720000e+01
     vertex  6.963993e+00  6.461641e+00  2.720000e+01
   endloop
 endfacet
 facet normal  7.497812e-01  6.616858e-01  0.000000e+00
   outer loop
     vertex  6.963993e+00  6.461641e+00  1.720000e+01
     vertex  7.277422e+00  6.106482e+00  2.720000e+01
     vertex  7.277422e+00  6.106482e+00  1.720000e+01
   endloop
 endfacet
 facet normal  7.158668e-01  6.982368e-01 -0.000000e+00
   outer loop
     vertex  6.633250e+00  6.800735e+00  1.720000e+01
     vertex  6.633250e+00  6.800735e+00  2.720000e+01
     vertex  6.963993e+00  6.461641e+00  1.720000e+01
   endloop
 endfacet
 facet normal  6.801727e-01  7.330519e-01 -0.000000e+00
   outer loop
     vertex  6.286015e+00  7.122921e+00  1.720000e+01
     vertex  6.286015e+00  7.122921e+00  2.720000e+01
     vertex  6.633250e+00  6.800735e+00  2.720000e+01
   endloop
 endfacet
 facet normal  6.801727e-01  7.330519e-01  0.000000e+00
   outer loop
     vertex  6.286015e+00  7.122921e+00  1.720000e+01
     vertex  6.633250e+00  6.800735e+00  2.720000e+01
     vertex  6.633250e+00  6.800735e+00  1.720000e+01
   endloop
 endfacet
 facet normal  6.427876e-01  7.660444e-01 -0.000000e+00
   outer loop
     vertex  5.923153e+00  7.427399e+00  1.720000e+01
     vertex  5.923153e+00  7.427399e+00  2.720000e+01
     vertex  6.286015e+00  7.122921e+00  2.720000e+01
   endloop
 endfacet
 facet normal  6.038044e-01  7.971325e-01 -0.000000e+00
   outer loop
     vertex  5.923153e+00  7.427399e+00  1.720000e+01
     vertex  5.545565e+00  7.713411e+00  2.720000e+01
     vertex  5.923153e+00  7.427399e+00  2.720000e+01
   endloop
 endfacet
 facet normal  6.427876e-01  7.660444e-01  0.000000e+00
   outer loop
     vertex  5.923153e+00  7.427399e+00  1.720000e+01
     vertex  6.286015e+00  7.122921e+00  2.720000e+01
     vertex  6.286015e+00  7.122921e+00  1.720000e+01
   endloop
 endfacet
 facet normal  6.038044e-01  7.971325e-01 -0.000000e+00
   outer loop
     vertex  5.545565e+00  7.713411e+00  1.720000e+01
     vertex  5.545565e+00  7.713411e+00  2.720000e+01
     vertex  5.923153e+00  7.427399e+00  1.720000e+01
   endloop
 endfacet
 facet normal  5.633201e-01  8.262388e-01 -0.000000e+00
   outer loop
     vertex  5.154190e+00  7.980246e+00  1.720000e+01
     vertex  5.154190e+00  7.980246e+00  2.720000e+01
     vertex  5.545565e+00  7.713411e+00  2.720000e+01
   endloop
 endfacet
 facet normal  5.633201e-01  8.262388e-01  0.000000e+00
   outer loop
     vertex  5.154190e+00  7.980246e+00  1.720000e+01
     vertex  5.545565e+00  7.713411e+00  2.720000e+01
     vertex  5.545565e+00  7.713411e+00  1.720000e+01
   endloop
 endfacet
 facet normal  5.214352e-01  8.532909e-01 -0.000000e+00
   outer loop
     vertex  4.750000e+00  8.227241e+00  1.720000e+01
     vertex  4.750000e+00  8.227241e+00  2.720000e+01
     vertex  5.154190e+00  7.980246e+00  2.720000e+01
   endloop
 endfacet
 facet normal  5.214352e-01  8.532909e-01  0.000000e+00
   outer loop
     vertex  4.750000e+00  8.227241e+00  1.720000e+01
     vertex  5.154190e+00  7.980246e+00  2.720000e+01
     vertex  5.154190e+00  7.980246e+00  1.720000e+01
   endloop
 endfacet
 facet normal  4.782540e-01  8.782216e-01 -0.000000e+00
   outer loop
     vertex  4.334001e+00  8.453782e+00  1.720000e+01
     vertex  4.334001e+00  8.453782e+00  2.720000e+01
     vertex  4.750000e+00  8.227241e+00  2.720000e+01
   endloop
 endfacet
 facet normal  4.782540e-01  8.782216e-01  0.000000e+00
   outer loop
     vertex  4.334001e+00  8.453782e+00  1.720000e+01
     vertex  4.750000e+00  8.227241e+00  2.720000e+01
     vertex  4.750000e+00  8.227241e+00  1.720000e+01
   endloop
 endfacet
 facet normal  4.338837e-01  9.009689e-01 -0.000000e+00
   outer loop
     vertex  3.907227e+00  8.659306e+00  1.720000e+01
     vertex  3.907227e+00  8.659306e+00  2.720000e+01
     vertex  4.334001e+00  8.453782e+00  2.720000e+01
   endloop
 endfacet
 facet normal  4.338837e-01  9.009689e-01  0.000000e+00
   outer loop
     vertex  3.907227e+00  8.659306e+00  1.720000e+01
     vertex  4.334001e+00  8.453782e+00  2.720000e+01
     vertex  4.334001e+00  8.453782e+00  1.720000e+01
   endloop
 endfacet
 facet normal  3.884348e-01  9.214762e-01 -0.000000e+00
   outer loop
     vertex  3.470740e+00  8.843301e+00  1.720000e+01
     vertex  3.470740e+00  8.843301e+00  2.720000e+01
     vertex  3.907227e+00  8.659306e+00  2.720000e+01
   endloop
 endfacet
 facet normal  3.884348e-01  9.214762e-01  0.000000e+00
   outer loop
     vertex  3.470740e+00  8.843301e+00  1.720000e+01
     vertex  3.907227e+00  8.659306e+00  2.720000e+01
     vertex  3.907227e+00  8.659306e+00  1.720000e+01
   endloop
 endfacet
 facet normal  3.420201e-01  9.396926e-01 -0.000000e+00
   outer loop
     vertex  3.025623e+00  9.005310e+00  1.720000e+01
     vertex  3.025623e+00  9.005310e+00  2.720000e+01
     vertex  3.470740e+00  8.843301e+00  2.720000e+01
   endloop
 endfacet
 facet normal  3.420201e-01  9.396926e-01  0.000000e+00
   outer loop
     vertex  3.025623e+00  9.005310e+00  1.720000e+01
     vertex  3.470740e+00  8.843301e+00  2.720000e+01
     vertex  3.470740e+00  8.843301e+00  1.720000e+01
   endloop
 endfacet
 facet normal  2.947552e-01  9.555728e-01 -0.000000e+00
   outer loop
     vertex  2.572984e+00  9.144930e+00  1.720000e+01
     vertex  2.572984e+00  9.144930e+00  2.720000e+01
     vertex  3.025623e+00  9.005310e+00  2.720000e+01
   endloop
 endfacet
 facet normal  2.947552e-01  9.555728e-01  0.000000e+00
   outer loop
     vertex  2.572984e+00  9.144930e+00  1.720000e+01
     vertex  3.025623e+00  9.005310e+00  2.720000e+01
     vertex  3.025623e+00  9.005310e+00  1.720000e+01
   endloop
 endfacet
 facet normal  2.467574e-01  9.690773e-01 -0.000000e+00
   outer loop
     vertex  2.113949e+00  9.261815e+00  1.720000e+01
     vertex  2.113949e+00  9.261815e+00  2.720000e+01
     vertex  2.572984e+00  9.144930e+00  2.720000e+01
   endloop
 endfacet
 facet normal  2.467574e-01  9.690773e-01  0.000000e+00
   outer loop
     vertex  2.113949e+00  9.261815e+00  1.720000e+01
     vertex  2.572984e+00  9.144930e+00  2.720000e+01
     vertex  2.572984e+00  9.144930e+00  1.720000e+01
   endloop
 endfacet
 facet normal  1.981461e-01  9.801725e-01 -0.000000e+00
   outer loop
     vertex  1.649658e+00  9.355674e+00  1.720000e+01
     vertex  1.649658e+00  9.355674e+00  2.720000e+01
     vertex  2.113949e+00  9.261815e+00  2.720000e+01
   endloop
 endfacet
 facet normal  1.490423e-01  9.888308e-01 -0.000000e+00
   outer loop
     vertex  1.649658e+00  9.355674e+00  1.720000e+01
     vertex  1.181265e+00  9.426272e+00  2.720000e+01
     vertex  1.649658e+00  9.355674e+00  2.720000e+01
   endloop
 endfacet
 facet normal  1.981461e-01  9.801725e-01  0.000000e+00
   outer loop
     vertex  1.649658e+00  9.355674e+00  1.720000e+01
     vertex  2.113949e+00  9.261815e+00  2.720000e+01
     vertex  2.113949e+00  9.261815e+00  1.720000e+01
   endloop
 endfacet
 facet normal  1.490423e-01  9.888308e-01 -0.000000e+00
   outer loop
     vertex  1.181265e+00  9.426272e+00  1.720000e+01
     vertex  1.181265e+00  9.426272e+00  2.720000e+01
     vertex  1.649658e+00  9.355674e+00  1.720000e+01
   endloop
 endfacet
 facet normal  9.956785e-02  9.950308e-01 -0.000000e+00
   outer loop
     vertex  7.099359e-01  9.473436e+00  1.720000e+01
     vertex  7.099359e-01  9.473436e+00  2.720000e+01
     vertex  1.181265e+00  9.426272e+00  2.720000e+01
   endloop
 endfacet
 facet normal  9.956785e-02  9.950308e-01  0.000000e+00
   outer loop
     vertex  7.099359e-01  9.473436e+00  1.720000e+01
     vertex  1.181265e+00  9.426272e+00  2.720000e+01
     vertex  1.181265e+00  9.426272e+00  1.720000e+01
   endloop
 endfacet
 facet normal  4.984589e-02  9.987569e-01 -0.000000e+00
   outer loop
     vertex  2.368416e-01  9.497047e+00  1.720000e+01
     vertex  2.368416e-01  9.497047e+00  2.720000e+01
     vertex  7.099359e-01  9.473436e+00  2.720000e+01
   endloop
 endfacet
 facet normal  4.984589e-02  9.987569e-01  0.000000e+00
   outer loop
     vertex  2.368416e-01  9.497047e+00  1.720000e+01
     vertex  7.099359e-01  9.473436e+00  2.720000e+01
     vertex  7.099359e-01  9.473436e+00  1.720000e+01
   endloop
 endfacet
 facet normal  0.000000e+00  1.000000e+00  0.000000e+00
   outer loop
     vertex -2.368416e-01  9.497047e+00  1.720000e+01
     vertex -2.368416e-01  9.497047e+00  2.720000e+01
     vertex  2.368416e-01  9.497047e+00  2.720000e+01
   endloop
 endfacet
 facet normal  0.000000e+00  1.000000e+00  0.000000e+00
   outer loop
     vertex -2.368416e-01  9.497047e+00  1.720000e+01
     vertex  2.368416e-01  9.497047e+00  2.720000e+01
     vertex  2.368416e-01  9.497047e+00  1.720000e+01
   endloop
 endfacet
 facet normal -4.984589e-02  9.987569e-01  0.000000e+00
   outer loop
     vertex -7.099359e-01  9.473436e+00  1.720000e+01
     vertex -7.099359e-01  9.473436e+00  2.720000e+01
     vertex -2.368416e-01  9.497047e+00  2.720000e+01
   endloop
 endfacet
 facet normal -4.984589e-02  9.987569e-01  0.000000e+00
   outer loop
     vertex -7.099359e-01  9.473436e+00  1.720000e+01
     vertex -2.368416e-01  9.497047e+00  2.720000e+01
     vertex -2.368416e-01  9.497047e+00  1.720000e+01
   endloop
 endfacet
 facet normal -9.956785e-02  9.950308e-01  0.000000e+00
   outer loop
     vertex -1.181265e+00  9.426272e+00  1.720000e+01
     vertex -1.181265e+00  9.426272e+00  2.720000e+01
     vertex -7.099359e-01  9.473436e+00  2.720000e+01
   endloop
 endfacet
 facet normal -9.956785e-02  9.950308e-01  0.000000e+00
   outer loop
     vertex -1.181265e+00  9.426272e+00  1.720000e+01
     vertex -7.099359e-01  9.473436e+00  2.720000e+01
     vertex -7.099359e-01  9.473436e+00  1.720000e+01
   endloop
 endfacet
 facet normal -1.490423e-01  9.888308e-01  0.000000e+00
   outer loop
     vertex -1.649658e+00  9.355674e+00  1.720000e+01
     vertex -1.649658e+00  9.355674e+00  2.720000e+01
     vertex -1.181265e+00  9.426272e+00  2.720000e+01
   endloop
 endfacet
 facet normal -1.490423e-01  9.888308e-01  0.000000e+00
   outer loop
     vertex -1.649658e+00  9.355674e+00  1.720000e+01
     vertex -1.181265e+00  9.426272e+00  2.720000e+01
     vertex -1.181265e+00  9.426272e+00  1.720000e+01
   endloop
 endfacet
 facet normal -1.981461e-01  9.801725e-01  0.000000e+00
   outer loop
     vertex -2.113949e+00  9.261815e+00  1.720000e+01
     vertex -2.113949e+00  9.261815e+00  2.720000e+01
     vertex -1.649658e+00  9.355674e+00  2.720000e+01
   endloop
 endfacet
 facet normal -1.981461e-01  9.801725e-01  0.000000e+00
   outer loop
     vertex -2.113949e+00  9.261815e+00  1.720000e+01
     vertex -1.649658e+00  9.355674e+00  2.720000e+01
     vertex -1.649658e+00  9.355674e+00  1.720000e+01
   endloop
 endfacet
 facet normal -2.467574e-01  9.690773e-01  0.000000e+00
   outer loop
     vertex -2.572984e+00  9.144930e+00  1.720000e+01
     vertex -2.572984e+00  9.144930e+00  2.720000e+01
     vertex -2.113949e+00  9.261815e+00  2.720000e+01
   endloop
 endfacet
 facet normal -2.947552e-01  9.555728e-01  0.000000e+00
   outer loop
     vertex -2.572984e+00  9.144930e+00  1.720000e+01
     vertex -3.025623e+00  9.005310e+00  2.720000e+01
     vertex -2.572984e+00  9.144930e+00  2.720000e+01
   endloop
 endfacet
 facet normal -2.467574e-01  9.690773e-01  0.000000e+00
   outer loop
     vertex -2.572984e+00  9.144930e+00  1.720000e+01
     vertex -2.113949e+00  9.261815e+00  2.720000e+01
     vertex -2.113949e+00  9.261815e+00  1.720000e+01
   endloop
 endfacet
 facet normal -2.947552e-01  9.555728e-01  0.000000e+00
   outer loop
     vertex -3.025623e+00  9.005310e+00  1.720000e+01
     vertex -3.025623e+00  9.005310e+00  2.720000e+01
     vertex -2.572984e+00  9.144930e+00  1.720000e+01
   endloop
 endfacet
 facet normal -3.420201e-01  9.396926e-01  0.000000e+00
   outer loop
     vertex -3.025623e+00  9.005310e+00  1.720000e+01
     vertex -3.470740e+00  8.843301e+00  2.720000e+01
     vertex -3.025623e+00  9.005310e+00  2.720000e+01
   endloop
 endfacet
 facet normal -3.420201e-01  9.396926e-01  0.000000e+00
   outer loop
     vertex -3.470740e+00  8.843301e+00  1.720000e+01
     vertex -3.470740e+00  8.843301e+00  2.720000e+01
     vertex -3.025623e+00  9.005310e+00  1.720000e+01
   endloop
 endfacet
 facet normal -3.884348e-01  9.214762e-01  0.000000e+00
   outer loop
     vertex -3.907227e+00  8.659306e+00  1.720000e+01
     vertex -3.470740e+00  8.843301e+00  2.720000e+01
     vertex -3.470740e+00  8.843301e+00  1.720000e+01
   endloop
 endfacet
 facet normal -3.884348e-01  9.214762e-01  0.000000e+00
   outer loop
     vertex -3.907227e+00  8.659306e+00  1.720000e+01
     vertex -3.907227e+00  8.659306e+00  2.720000e+01
     vertex -3.470740e+00  8.843301e+00  2.720000e+01
   endloop
 endfacet
 facet normal -4.338837e-01  9.009689e-01  0.000000e+00
   outer loop
     vertex -4.334001e+00  8.453782e+00  1.720000e+01
     vertex -3.907227e+00  8.659306e+00  2.720000e+01
     vertex -3.907227e+00  8.659306e+00  1.720000e+01
   endloop
 endfacet
 facet normal -4.338837e-01  9.009689e-01  0.000000e+00
   outer loop
     vertex -4.334001e+00  8.453782e+00  1.720000e+01
     vertex -4.334001e+00  8.453782e+00  2.720000e+01
     vertex -3.907227e+00  8.659306e+00  2.720000e+01
   endloop
 endfacet
 facet normal -4.782540e-01  8.782216e-01  0.000000e+00
   outer loop
     vertex -4.750000e+00  8.227241e+00  1.720000e+01
     vertex -4.334001e+00  8.453782e+00  2.720000e+01
     vertex -4.334001e+00  8.453782e+00  1.720000e+01
   endloop
 endfacet
 facet normal -4.782540e-01  8.782216e-01  0.000000e+00
   outer loop
     vertex -4.750000e+00  8.227241e+00  1.720000e+01
     vertex -4.750000e+00  8.227241e+00  2.720000e+01
     vertex -4.334001e+00  8.453782e+00  2.720000e+01
   endloop
 endfacet
 facet normal -5.214352e-01  8.532909e-01  0.000000e+00
   outer loop
     vertex -5.154190e+00  7.980246e+00  1.720000e+01
     vertex -4.750000e+00  8.227241e+00  2.720000e+01
     vertex -4.750000e+00  8.227241e+00  1.720000e+01
   endloop
 endfacet
 facet normal -5.214352e-01  8.532909e-01  0.000000e+00
   outer loop
     vertex -5.154190e+00  7.980246e+00  1.720000e+01
     vertex -5.154190e+00  7.980246e+00  2.720000e+01
     vertex -4.750000e+00  8.227241e+00  2.720000e+01
   endloop
 endfacet
 facet normal -5.633201e-01  8.262388e-01  0.000000e+00
   outer loop
     vertex -5.545565e+00  7.713411e+00  1.720000e+01
     vertex -5.154190e+00  7.980246e+00  2.720000e+01
     vertex -5.154190e+00  7.980246e+00  1.720000e+01
   endloop
 endfacet
 facet normal -5.633201e-01  8.262388e-01  0.000000e+00
   outer loop
     vertex -5.545565e+00  7.713411e+00  1.720000e+01
     vertex -5.545565e+00  7.713411e+00  2.720000e+01
     vertex -5.154190e+00  7.980246e+00  2.720000e+01
   endloop
 endfacet
 facet normal -6.038044e-01  7.971325e-01  0.000000e+00
   outer loop
     vertex -5.923153e+00  7.427399e+00  1.720000e+01
     vertex -5.545565e+00  7.713411e+00  2.720000e+01
     vertex -5.545565e+00  7.713411e+00  1.720000e+01
   endloop
 endfacet
 facet normal -6.038044e-01  7.971325e-01  0.000000e+00
   outer loop
     vertex -5.923153e+00  7.427399e+00  1.720000e+01
     vertex -5.923153e+00  7.427399e+00  2.720000e+01
     vertex -5.545565e+00  7.713411e+00  2.720000e+01
   endloop
 endfacet
 facet normal -6.427876e-01  7.660444e-01  0.000000e+00
   outer loop
     vertex -6.286015e+00  7.122921e+00  1.720000e+01
     vertex -5.923153e+00  7.427399e+00  2.720000e+01
     vertex -5.923153e+00  7.427399e+00  1.720000e+01
   endloop
 endfacet
 facet normal -6.427876e-01  7.660444e-01  0.000000e+00
   outer loop
     vertex -6.286015e+00  7.122921e+00  1.720000e+01
     vertex -6.286015e+00  7.122921e+00  2.720000e+01
     vertex -5.923153e+00  7.427399e+00  2.720000e+01
   endloop
 endfacet
 facet normal -6.801727e-01  7.330519e-01  0.000000e+00
   outer loop
     vertex -6.286015e+00  7.122921e+00  1.720000e+01
     vertex -6.633250e+00  6.800735e+00  2.720000e+01
     vertex -6.286015e+00  7.122921e+00  2.720000e+01
   endloop
 endfacet
 facet normal -6.801727e-01  7.330519e-01  0.000000e+00
   outer loop
     vertex -6.633250e+00  6.800735e+00  1.720000e+01
     vertex -6.633250e+00  6.800735e+00  2.720000e+01
     vertex -6.286015e+00  7.122921e+00  1.720000e+01
   endloop
 endfacet
 facet normal -7.158668e-01  6.982368e-01  0.000000e+00
   outer loop
     vertex -6.963993e+00  6.461641e+00  1.720000e+01
     vertex -6.963993e+00  6.461641e+00  2.720000e+01
     vertex -6.633250e+00  6.800735e+00  2.720000e+01
   endloop
 endfacet
 facet normal -7.158668e-01  6.982368e-01  0.000000e+00
   outer loop
     vertex -6.963993e+00  6.461641e+00  1.720000e+01
     vertex -6.633250e+00  6.800735e+00  2.720000e+01
     vertex -6.633250e+00  6.800735e+00  1.720000e+01
   endloop
 endfacet
 facet normal -7.497812e-01  6.616858e-01  0.000000e+00
   outer loop
     vertex -7.277422e+00  6.106482e+00  1.720000e+01
     vertex -7.277422e+00  6.106482e+00  2.720000e+01
     vertex -6.963993e+00  6.461641e+00  2.720000e+01
   endloop
 endfacet
 facet normal -7.497812e-01  6.616858e-01  0.000000e+00
   outer loop
     vertex -7.277422e+00  6.106482e+00  1.720000e+01
     vertex -6.963993e+00  6.461641e+00  2.720000e+01
     vertex -6.963993e+00  6.461641e+00  1.720000e+01
   endloop
 endfacet
 facet normal -7.818315e-01  6.234898e-01  0.000000e+00
   outer loop
     vertex -7.572759e+00  5.736142e+00  1.720000e+01
     vertex -7.572759e+00  5.736142e+00  2.720000e+01
     vertex -7.277422e+00  6.106482e+00  2.720000e+01
   endloop
 endfacet
 facet normal -8.119380e-01  5.837437e-01  0.000000e+00
   outer loop
     vertex -7.572759e+00  5.736142e+00  1.720000e+01
     vertex -7.849268e+00  5.351541e+00  2.720000e+01
     vertex -7.572759e+00  5.736142e+00  2.720000e+01
   endloop
 endfacet
 facet normal -7.818315e-01  6.234898e-01  0.000000e+00
   outer loop
     vertex -7.572759e+00  5.736142e+00  1.720000e+01
     vertex -7.277422e+00  6.106482e+00  2.720000e+01
     vertex -7.277422e+00  6.106482e+00  1.720000e+01
   endloop
 endfacet
 facet normal -8.119380e-01  5.837437e-01  0.000000e+00
   outer loop
     vertex -7.849268e+00  5.351541e+00  1.720000e+01
     vertex -7.849268e+00  5.351541e+00  2.720000e+01
     vertex -7.572759e+00  5.736142e+00  1.720000e+01
   endloop
 endfacet
 facet normal -8.400259e-01  5.425463e-01  0.000000e+00
   outer loop
     vertex -8.106263e+00  4.953634e+00  1.720000e+01
     vertex -8.106263e+00  4.953634e+00  2.720000e+01
     vertex -7.849268e+00  5.351541e+00  2.720000e+01
   endloop
 endfacet
 facet normal -8.660254e-01  5.000000e-01  0.000000e+00
   outer loop
     vertex -8.106263e+00  4.953634e+00  1.720000e+01
     vertex -8.343105e+00  4.543413e+00  2.720000e+01
     vertex -8.106263e+00  4.953634e+00  2.720000e+01
   endloop
 endfacet
 facet normal -8.400259e-01  5.425463e-01  0.000000e+00
   outer loop
     vertex -8.106263e+00  4.953634e+00  1.720000e+01
     vertex -7.849268e+00  5.351541e+00  2.720000e+01
     vertex -7.849268e+00  5.351541e+00  1.720000e+01
   endloop
 endfacet
 facet normal -8.660254e-01  5.000000e-01  0.000000e+00
   outer loop
     vertex -8.343105e+00  4.543413e+00  1.720000e+01
     vertex -8.343105e+00  4.543413e+00  2.720000e+01
     vertex -8.106263e+00  4.953634e+00  1.720000e+01
   endloop
 endfacet
 facet normal -8.898718e-01  4.562107e-01  0.000000e+00
   outer loop
     vertex -8.559204e+00  4.121896e+00  1.720000e+01
     vertex -8.559204e+00  4.121896e+00  2.720000e+01
     vertex -8.343105e+00  4.543413e+00  2.720000e+01
   endloop
 endfacet
 facet normal -9.115059e-01  4.112871e-01  0.000000e+00
   outer loop
     vertex -8.559204e+00  4.121896e+00  1.720000e+01
     vertex -8.754024e+00  3.690131e+00  2.720000e+01
     vertex -8.559204e+00  4.121896e+00  2.720000e+01
   endloop
 endfacet
 facet normal -8.898718e-01  4.562107e-01  0.000000e+00
   outer loop
     vertex -8.559204e+00  4.121896e+00  1.720000e+01
     vertex -8.343105e+00  4.543413e+00  2.720000e+01
     vertex -8.343105e+00  4.543413e+00  1.720000e+01
   endloop
 endfacet
 facet normal -9.115059e-01  4.112871e-01  0.000000e+00
   outer loop
     vertex -8.754024e+00  3.690131e+00  1.720000e+01
     vertex -8.754024e+00  3.690131e+00  2.720000e+01
     vertex -8.559204e+00  4.121896e+00  1.720000e+01
   endloop
 endfacet
 facet normal -9.308737e-01  3.653410e-01  0.000000e+00
   outer loop
     vertex -8.927080e+00  3.249191e+00  1.720000e+01
     vertex -8.927080e+00  3.249191e+00  2.720000e+01
     vertex -8.754024e+00  3.690131e+00  2.720000e+01
   endloop
 endfacet
 facet normal -9.308737e-01  3.653410e-01  0.000000e+00
   outer loop
     vertex -8.927080e+00  3.249191e+00  1.720000e+01
     vertex -8.754024e+00  3.690131e+00  2.720000e+01
     vertex -8.754024e+00  3.690131e+00  1.720000e+01
   endloop
 endfacet
 facet normal -9.479273e-01  3.184867e-01  0.000000e+00
   outer loop
     vertex -9.077942e+00  2.800174e+00  1.720000e+01
     vertex -9.077942e+00  2.800174e+00  2.720000e+01
     vertex -8.927080e+00  3.249191e+00  2.720000e+01
   endloop
 endfacet
 facet normal -9.626242e-01  2.708405e-01  0.000000e+00
   outer loop
     vertex -9.077942e+00  2.800174e+00  1.720000e+01
     vertex -9.206234e+00  2.344195e+00  2.720000e+01
     vertex -9.077942e+00  2.800174e+00  2.720000e+01
   endloop
 endfacet
 facet normal -9.479273e-01  3.184867e-01  0.000000e+00
   outer loop
     vertex -9.077942e+00  2.800174e+00  1.720000e+01
     vertex -8.927080e+00  3.249191e+00  2.720000e+01
     vertex -8.927080e+00  3.249191e+00  1.720000e+01
   endloop
 endfacet
 facet normal -9.626242e-01  2.708405e-01  0.000000e+00
   outer loop
     vertex -9.206234e+00  2.344195e+00  1.720000e+01
     vertex -9.206234e+00  2.344195e+00  2.720000e+01
     vertex -9.077942e+00  2.800174e+00  1.720000e+01
   endloop
 endfacet
 facet normal -9.749279e-01  2.225209e-01  0.000000e+00
   outer loop
     vertex -9.311639e+00  1.882388e+00  1.720000e+01
     vertex -9.311639e+00  1.882388e+00  2.720000e+01
     vertex -9.206234e+00  2.344195e+00  2.720000e+01
   endloop
 endfacet
 facet normal -9.749279e-01  2.225209e-01  0.000000e+00
   outer loop
     vertex -9.311639e+00  1.882388e+00  1.720000e+01
     vertex -9.206234e+00  2.344195e+00  2.720000e+01
     vertex -9.206234e+00  2.344195e+00  1.720000e+01
   endloop
 endfacet
 facet normal -9.848078e-01  1.736482e-01  0.000000e+00
   outer loop
     vertex -9.393893e+00  1.415902e+00  1.720000e+01
     vertex -9.393893e+00  1.415902e+00  2.720000e+01
     vertex -9.311639e+00  1.882388e+00  2.720000e+01
   endloop
 endfacet
 facet normal -9.848078e-01  1.736482e-01  0.000000e+00
   outer loop
     vertex -9.393893e+00  1.415902e+00  1.720000e+01
     vertex -9.311639e+00  1.882388e+00  2.720000e+01
     vertex -9.311639e+00  1.882388e+00  1.720000e+01
   endloop
 endfacet
 facet normal -9.922392e-01  1.243437e-01  0.000000e+00
   outer loop
     vertex -9.452792e+00  9.458945e-01  1.720000e+01
     vertex -9.452792e+00  9.458945e-01  2.720000e+01
     vertex -9.393893e+00  1.415902e+00  2.720000e+01
   endloop
 endfacet
 facet normal -9.922392e-01  1.243437e-01  0.000000e+00
   outer loop
     vertex -9.452792e+00  9.458945e-01  1.720000e+01
     vertex -9.393893e+00  1.415902e+00  2.720000e+01
     vertex -9.393893e+00  1.415902e+00  1.720000e+01
   endloop
 endfacet
 facet normal -9.972038e-01  7.473009e-02  0.000000e+00
   outer loop
     vertex -9.488191e+00  4.735359e-01  1.720000e+01
     vertex -9.452792e+00  9.458945e-01  2.720000e+01
     vertex -9.452792e+00  9.458945e-01  1.720000e+01
   endloop
 endfacet
 facet normal -9.972038e-01  7.473009e-02  0.000000e+00
   outer loop
     vertex -9.488191e+00  4.735359e-01  1.720000e+01
     vertex -9.488191e+00  4.735359e-01  2.720000e+01
     vertex -9.452792e+00  9.458945e-01  2.720000e+01
   endloop
 endfacet
 facet normal -9.996892e-01  2.493069e-02  0.000000e+00
   outer loop
     vertex -9.488191e+00  4.735359e-01  1.720000e+01
     vertex -9.500000e+00 -3.258737e-14  2.720000e+01
     vertex -9.488191e+00  4.735359e-01  2.720000e+01
   endloop
 endfacet
 facet normal -9.996892e-01  2.493069e-02  0.000000e+00
   outer loop
     vertex -9.500000e+00 -3.258737e-14  1.720000e+01
     vertex -9.500000e+00 -3.258737e-14  2.720000e+01
     vertex -9.488191e+00  4.735359e-01  1.720000e+01
   endloop
 endfacet
 facet normal -9.996892e-01 -2.493069e-02  0.000000e+00
   outer loop
     vertex -9.500000e+00 -3.258737e-14  1.720000e+01
     vertex -9.488191e+00 -4.735359e-01  2.720000e+01
     vertex -9.500000e+00 -3.258737e-14  2.720000e+01
   endloop
 endfacet
 facet normal -9.996892e-01 -2.493069e-02  0.000000e+00
   outer loop
     vertex -9.488191e+00 -4.735359e-01  1.720000e+01
     vertex -9.488191e+00 -4.735359e-01  2.720000e+01
     vertex -9.500000e+00 -3.258737e-14  1.720000e+01
   endloop
 endfacet
 facet normal -9.972038e-01 -7.473009e-02  0.000000e+00
   outer loop
     vertex -9.452792e+00 -9.458945e-01  1.720000e+01
     vertex -9.488191e+00 -4.735359e-01  2.720000e+01
     vertex -9.488191e+00 -4.735359e-01  1.720000e+01
   endloop
 endfacet
 facet normal -9.972038e-01 -7.473009e-02  0.000000e+00
   outer loop
     vertex -9.452792e+00 -9.458945e-01  1.720000e+01
     vertex -9.452792e+00 -9.458945e-01  2.720000e+01
     vertex -9.488191e+00 -4.735359e-01  2.720000e+01
   endloop
 endfacet
 facet normal -9.922392e-01 -1.243437e-01  0.000000e+00
   outer loop
     vertex -9.452792e+00 -9.458945e-01  1.720000e+01
     vertex -9.393893e+00 -1.415902e+00  2.720000e+01
     vertex -9.452792e+00 -9.458945e-01  2.720000e+01
   endloop
 endfacet
 facet normal -9.922392e-01 -1.243437e-01  0.000000e+00
   outer loop
     vertex -9.393893e+00 -1.415902e+00  1.720000e+01
     vertex -9.393893e+00 -1.415902e+00  2.720000e+01
     vertex -9.452792e+00 -9.458945e-01  1.720000e+01
   endloop
 endfacet
 facet normal -9.848078e-01 -1.736482e-01  0.000000e+00
   outer loop
     vertex -9.393893e+00 -1.415902e+00  1.720000e+01
     vertex -9.311639e+00 -1.882388e+00  2.720000e+01
     vertex -9.393893e+00 -1.415902e+00  2.720000e+01
   endloop
 endfacet
 facet normal -9.848078e-01 -1.736482e-01  0.000000e+00
   outer loop
     vertex -9.311639e+00 -1.882388e+00  1.720000e+01
     vertex -9.311639e+00 -1.882388e+00  2.720000e+01
     vertex -9.393893e+00 -1.415902e+00  1.720000e+01
   endloop
 endfacet
 facet normal -9.749279e-01 -2.225209e-01  0.000000e+00
   outer loop
     vertex -9.311639e+00 -1.882388e+00  1.720000e+01
     vertex -9.206234e+00 -2.344195e+00  2.720000e+01
     vertex -9.311639e+00 -1.882388e+00  2.720000e+01
   endloop
 endfacet
 facet normal -9.749279e-01 -2.225209e-01  0.000000e+00
   outer loop
     vertex -9.206234e+00 -2.344195e+00  1.720000e+01
     vertex -9.206234e+00 -2.344195e+00  2.720000e+01
     vertex -9.311639e+00 -1.882388e+00  1.720000e+01
   endloop
 endfacet
 facet normal -9.626242e-01 -2.708405e-01  0.000000e+00
   outer loop
     vertex -9.077942e+00 -2.800174e+00  1.720000e+01
     vertex -9.206234e+00 -2.344195e+00  2.720000e+01
     vertex -9.206234e+00 -2.344195e+00  1.720000e+01
   endloop
 endfacet
 facet normal -9.626242e-01 -2.708405e-01  0.000000e+00
   outer loop
     vertex -9.077942e+00 -2.800174e+00  1.720000e+01
     vertex -9.077942e+00 -2.800174e+00  2.720000e+01
     vertex -9.206234e+00 -2.344195e+00  2.720000e+01
   endloop
 endfacet
 facet normal -9.479273e-01 -3.184867e-01  0.000000e+00
   outer loop
     vertex -9.077942e+00 -2.800174e+00  1.720000e+01
     vertex -8.927080e+00 -3.249191e+00  2.720000e+01
     vertex -9.077942e+00 -2.800174e+00  2.720000e+01
   endloop
 endfacet
 facet normal -9.479273e-01 -3.184867e-01  0.000000e+00
   outer loop
     vertex -8.927080e+00 -3.249191e+00  1.720000e+01
     vertex -8.927080e+00 -3.249191e+00  2.720000e+01
     vertex -9.077942e+00 -2.800174e+00  1.720000e+01
   endloop
 endfacet
 facet normal -9.308737e-01 -3.653410e-01  0.000000e+00
   outer loop
     vertex -8.754024e+00 -3.690131e+00  1.720000e+01
     vertex -8.927080e+00 -3.249191e+00  2.720000e+01
     vertex -8.927080e+00 -3.249191e+00  1.720000e+01
   endloop
 endfacet
 facet normal -9.308737e-01 -3.653410e-01  0.000000e+00
   outer loop
     vertex -8.754024e+00 -3.690131e+00  1.720000e+01
     vertex -8.754024e+00 -3.690131e+00  2.720000e+01
     vertex -8.927080e+00 -3.249191e+00  2.720000e+01
   endloop
 endfacet
 facet normal -9.115059e-01 -4.112871e-01  0.000000e+00
   outer loop
     vertex -8.559204e+00 -4.121896e+00  1.720000e+01
     vertex -8.754024e+00 -3.690131e+00  2.720000e+01
     vertex -8.754024e+00 -3.690131e+00  1.720000e+01
   endloop
 endfacet
 facet normal -9.115059e-01 -4.112871e-01  0.000000e+00
   outer loop
     vertex -8.559204e+00 -4.121896e+00  1.720000e+01
     vertex -8.559204e+00 -4.121896e+00  2.720000e+01
     vertex -8.754024e+00 -3.690131e+00  2.720000e+01
   endloop
 endfacet
 facet normal -8.898718e-01 -4.562107e-01  0.000000e+00
   outer loop
     vertex -8.559204e+00 -4.121896e+00  1.720000e+01
     vertex -8.343105e+00 -4.543413e+00  2.720000e+01
     vertex -8.559204e+00 -4.121896e+00  2.720000e+01
   endloop
 endfacet
 facet normal -8.898718e-01 -4.562107e-01  0.000000e+00
   outer loop
     vertex -8.343105e+00 -4.543413e+00  1.720000e+01
     vertex -8.343105e+00 -4.543413e+00  2.720000e+01
     vertex -8.559204e+00 -4.121896e+00  1.720000e+01
   endloop
 endfacet
 facet normal -8.660254e-01 -5.000000e-01  0.000000e+00
   outer loop
     vertex -8.106263e+00 -4.953634e+00  1.720000e+01
     vertex -8.343105e+00 -4.543413e+00  2.720000e+01
     vertex -8.343105e+00 -4.543413e+00  1.720000e+01
   endloop
 endfacet
 facet normal -8.660254e-01 -5.000000e-01  0.000000e+00
   outer loop
     vertex -8.106263e+00 -4.953634e+00  1.720000e+01
     vertex -8.106263e+00 -4.953634e+00  2.720000e+01
     vertex -8.343105e+00 -4.543413e+00  2.720000e+01
   endloop
 endfacet
 facet normal -8.400259e-01 -5.425463e-01  0.000000e+00
   outer loop
     vertex -7.849268e+00 -5.351541e+00  1.720000e+01
     vertex -8.106263e+00 -4.953634e+00  2.720000e+01
     vertex -8.106263e+00 -4.953634e+00  1.720000e+01
   endloop
 endfacet
 facet normal -8.400259e-01 -5.425463e-01  0.000000e+00
   outer loop
     vertex -7.849268e+00 -5.351541e+00  1.720000e+01
     vertex -7.849268e+00 -5.351541e+00  2.720000e+01
     vertex -8.106263e+00 -4.953634e+00  2.720000e+01
   endloop
 endfacet
 facet normal -8.119380e-01 -5.837437e-01  0.000000e+00
   outer loop
     vertex -7.572759e+00 -5.736142e+00  1.720000e+01
     vertex -7.849268e+00 -5.351541e+00  2.720000e+01
     vertex -7.849268e+00 -5.351541e+00  1.720000e+01
   endloop
 endfacet
 facet normal -8.119380e-01 -5.837437e-01  0.000000e+00
   outer loop
     vertex -7.572759e+00 -5.736142e+00  1.720000e+01
     vertex -7.572759e+00 -5.736142e+00  2.720000e+01
     vertex -7.849268e+00 -5.351541e+00  2.720000e+01
   endloop
 endfacet
 facet normal -7.818315e-01 -6.234898e-01  0.000000e+00
   outer loop
     vertex -7.572759e+00 -5.736142e+00  1.720000e+01
     vertex -7.277422e+00 -6.106482e+00  2.720000e+01
     vertex -7.572759e+00 -5.736142e+00  2.720000e+01
   endloop
 endfacet
 facet normal -7.818315e-01 -6.234898e-01  0.000000e+00
   outer loop
     vertex -7.277422e+00 -6.106482e+00  1.720000e+01
     vertex -7.277422e+00 -6.106482e+00  2.720000e+01
     vertex -7.572759e+00 -5.736142e+00  1.720000e+01
   endloop
 endfacet
 facet normal -7.497812e-01 -6.616858e-01  0.000000e+00
   outer loop
     vertex -6.963993e+00 -6.461641e+00  1.720000e+01
     vertex -7.277422e+00 -6.106482e+00  2.720000e+01
     vertex -7.277422e+00 -6.106482e+00  1.720000e+01
   endloop
 endfacet
 facet normal -7.497812e-01 -6.616858e-01  0.000000e+00
   outer loop
     vertex -6.963993e+00 -6.461641e+00  1.720000e+01
     vertex -6.963993e+00 -6.461641e+00  2.720000e+01
     vertex -7.277422e+00 -6.106482e+00  2.720000e+01
   endloop
 endfacet
 facet normal -7.158668e-01 -6.982368e-01  0.000000e+00
   outer loop
     vertex -6.633250e+00 -6.800735e+00  1.720000e+01
     vertex -6.963993e+00 -6.461641e+00  2.720000e+01
     vertex -6.963993e+00 -6.461641e+00  1.720000e+01
   endloop
 endfacet
 facet normal -7.158668e-01 -6.982368e-01  0.000000e+00
   outer loop
     vertex -6.633250e+00 -6.800735e+00  1.720000e+01
     vertex -6.633250e+00 -6.800735e+00  2.720000e+01
     vertex -6.963993e+00 -6.461641e+00  2.720000e+01
   endloop
 endfacet
 facet normal -6.801727e-01 -7.330519e-01  0.000000e+00
   outer loop
     vertex -6.633250e+00 -6.800735e+00  1.720000e+01
     vertex -6.286015e+00 -7.122921e+00  2.720000e+01
     vertex -6.633250e+00 -6.800735e+00  2.720000e+01
   endloop
 endfacet
 facet normal -6.801727e-01 -7.330519e-01  0.000000e+00
   outer loop
     vertex -6.286015e+00 -7.122921e+00  1.720000e+01
     vertex -6.286015e+00 -7.122921e+00  2.720000e+01
     vertex -6.633250e+00 -6.800735e+00  1.720000e+01
   endloop
 endfacet
 facet normal -6.427876e-01 -7.660444e-01  0.000000e+00
   outer loop
     vertex -5.923153e+00 -7.427399e+00  1.720000e+01
     vertex -6.286015e+00 -7.122921e+00  2.720000e+01
     vertex -6.286015e+00 -7.122921e+00  1.720000e+01
   endloop
 endfacet
 facet normal -6.427876e-01 -7.660444e-01  0.000000e+00
   outer loop
     vertex -5.923153e+00 -7.427399e+00  1.720000e+01
     vertex -5.923153e+00 -7.427399e+00  2.720000e+01
     vertex -6.286015e+00 -7.122921e+00  2.720000e+01
   endloop
 endfacet
 facet normal -6.038044e-01 -7.971325e-01  0.000000e+00
   outer loop
     vertex -5.545565e+00 -7.713411e+00  1.720000e+01
     vertex -5.923153e+00 -7.427399e+00  2.720000e+01
     vertex -5.923153e+00 -7.427399e+00  1.720000e+01
   endloop
 endfacet
 facet normal -6.038044e-01 -7.971325e-01  0.000000e+00
   outer loop
     vertex -5.545565e+00 -7.713411e+00  1.720000e+01
     vertex -5.545565e+00 -7.713411e+00  2.720000e+01
     vertex -5.923153e+00 -7.427399e+00  2.720000e+01
   endloop
 endfacet
 facet normal -5.633201e-01 -8.262388e-01  0.000000e+00
   outer loop
     vertex -5.154190e+00 -7.980246e+00  1.720000e+01
     vertex -5.154190e+00 -7.980246e+00  2.720000e+01
     vertex -5.545565e+00 -7.713411e+00  2.720000e+01
   endloop
 endfacet
 facet normal -5.633201e-01 -8.262388e-01  0.000000e+00
   outer loop
     vertex -5.154190e+00 -7.980246e+00  1.720000e+01
     vertex -5.545565e+00 -7.713411e+00  2.720000e+01
     vertex -5.545565e+00 -7.713411e+00  1.720000e+01
   endloop
 endfacet
 facet normal -5.214352e-01 -8.532909e-01  0.000000e+00
   outer loop
     vertex -5.154190e+00 -7.980246e+00  1.720000e+01
     vertex -4.750000e+00 -8.227241e+00  2.720000e+01
     vertex -5.154190e+00 -7.980246e+00  2.720000e+01
   endloop
 endfacet
 facet normal -5.214352e-01 -8.532909e-01  0.000000e+00
   outer loop
     vertex -4.750000e+00 -8.227241e+00  1.720000e+01
     vertex -4.750000e+00 -8.227241e+00  2.720000e+01
     vertex -5.154190e+00 -7.980246e+00  1.720000e+01
   endloop
 endfacet
 facet normal -4.782540e-01 -8.782216e-01  0.000000e+00
   outer loop
     vertex -4.334001e+00 -8.453782e+00  1.720000e+01
     vertex -4.334001e+00 -8.453782e+00  2.720000e+01
     vertex -4.750000e+00 -8.227241e+00  2.720000e+01
   endloop
 endfacet
 facet normal -4.782540e-01 -8.782216e-01  0.000000e+00
   outer loop
     vertex -4.334001e+00 -8.453782e+00  1.720000e+01
     vertex -4.750000e+00 -8.227241e+00  2.720000e+01
     vertex -4.750000e+00 -8.227241e+00  1.720000e+01
   endloop
 endfacet
 facet normal -4.338837e-01 -9.009689e-01  0.000000e+00
   outer loop
     vertex -3.907227e+00 -8.659306e+00  1.720000e+01
     vertex -3.907227e+00 -8.659306e+00  2.720000e+01
     vertex -4.334001e+00 -8.453782e+00  2.720000e+01
   endloop
 endfacet
 facet normal -4.338837e-01 -9.009689e-01  0.000000e+00
   outer loop
     vertex -3.907227e+00 -8.659306e+00  1.720000e+01
     vertex -4.334001e+00 -8.453782e+00  2.720000e+01
     vertex -4.334001e+00 -8.453782e+00  1.720000e+01
   endloop
 endfacet
 facet normal -3.884348e-01 -9.214762e-01  0.000000e+00
   outer loop
     vertex -3.470740e+00 -8.843301e+00  1.720000e+01
     vertex -3.470740e+00 -8.843301e+00  2.720000e+01
     vertex -3.907227e+00 -8.659306e+00  2.720000e+01
   endloop
 endfacet
 facet normal -3.884348e-01 -9.214762e-01  0.000000e+00
   outer loop
     vertex -3.470740e+00 -8.843301e+00  1.720000e+01
     vertex -3.907227e+00 -8.659306e+00  2.720000e+01
     vertex -3.907227e+00 -8.659306e+00  1.720000e+01
   endloop
 endfacet
 facet normal -3.420201e-01 -9.396926e-01  0.000000e+00
   outer loop
     vertex -3.025623e+00 -9.005310e+00  1.720000e+01
     vertex -3.470740e+00 -8.843301e+00  2.720000e+01
     vertex -3.470740e+00 -8.843301e+00  1.720000e+01
   endloop
 endfacet
 facet normal -3.420201e-01 -9.396926e-01  0.000000e+00
   outer loop
     vertex -3.025623e+00 -9.005310e+00  1.720000e+01
     vertex -3.025623e+00 -9.005310e+00  2.720000e+01
     vertex -3.470740e+00 -8.843301e+00  2.720000e+01
   endloop
 endfacet
 facet normal -2.947552e-01 -9.555728e-01  0.000000e+00
   outer loop
     vertex -2.572984e+00 -9.144930e+00  1.720000e+01
     vertex -3.025623e+00 -9.005310e+00  2.720000e+01
     vertex -3.025623e+00 -9.005310e+00  1.720000e+01
   endloop
 endfacet
 facet normal -2.947552e-01 -9.555728e-01  0.000000e+00
   outer loop
     vertex -2.572984e+00 -9.144930e+00  1.720000e+01
     vertex -2.572984e+00 -9.144930e+00  2.720000e+01
     vertex -3.025623e+00 -9.005310e+00  2.720000e+01
   endloop
 endfacet
 facet normal -2.467574e-01 -9.690773e-01  0.000000e+00
   outer loop
     vertex -2.113949e+00 -9.261815e+00  1.720000e+01
     vertex -2.572984e+00 -9.144930e+00  2.720000e+01
     vertex -2.572984e+00 -9.144930e+00  1.720000e+01
   endloop
 endfacet
 facet normal -2.467574e-01 -9.690773e-01  0.000000e+00
   outer loop
     vertex -2.113949e+00 -9.261815e+00  1.720000e+01
     vertex -2.113949e+00 -9.261815e+00  2.720000e+01
     vertex -2.572984e+00 -9.144930e+00  2.720000e+01
   endloop
 endfacet
 facet normal -1.981461e-01 -9.801725e-01  0.000000e+00
   outer loop
     vertex -1.649658e+00 -9.355674e+00  1.720000e+01
     vertex -2.113949e+00 -9.261815e+00  2.720000e+01
     vertex -2.113949e+00 -9.261815e+00  1.720000e+01
   endloop
 endfacet
 facet normal -1.981461e-01 -9.801725e-01  0.000000e+00
   outer loop
     vertex -1.649658e+00 -9.355674e+00  1.720000e+01
     vertex -1.649658e+00 -9.355674e+00  2.720000e+01
     vertex -2.113949e+00 -9.261815e+00  2.720000e+01
   endloop
 endfacet
 facet normal -1.490423e-01 -9.888308e-01  0.000000e+00
   outer loop
     vertex -1.649658e+00 -9.355674e+00  1.720000e+01
     vertex -1.181265e+00 -9.426272e+00  2.720000e+01
     vertex -1.649658e+00 -9.355674e+00  2.720000e+01
   endloop
 endfacet
 facet normal -1.490423e-01 -9.888308e-01  0.000000e+00
   outer loop
     vertex -1.181265e+00 -9.426272e+00  1.720000e+01
     vertex -1.181265e+00 -9.426272e+00  2.720000e+01
     vertex -1.649658e+00 -9.355674e+00  1.720000e+01
   endloop
 endfacet
 facet normal -9.956785e-02 -9.950308e-01  0.000000e+00
   outer loop
     vertex -7.099359e-01 -9.473436e+00  1.720000e+01
     vertex -1.181265e+00 -9.426272e+00  2.720000e+01
     vertex -1.181265e+00 -9.426272e+00  1.720000e+01
   endloop
 endfacet
 facet normal -9.956785e-02 -9.950308e-01  0.000000e+00
   outer loop
     vertex -7.099359e-01 -9.473436e+00  1.720000e+01
     vertex -7.099359e-01 -9.473436e+00  2.720000e+01
     vertex -1.181265e+00 -9.426272e+00  2.720000e+01
   endloop
 endfacet
 facet normal -4.984589e-02 -9.987569e-01  0.000000e+00
   outer loop
     vertex -2.368416e-01 -9.497047e+00  1.720000e+01
     vertex -7.099359e-01 -9.473436e+00  2.720000e+01
     vertex -7.099359e-01 -9.473436e+00  1.720000e+01
   endloop
 endfacet
 facet normal -4.984589e-02 -9.987569e-01  0.000000e+00
   outer loop
     vertex -2.368416e-01 -9.497047e+00  1.720000e+01
     vertex -2.368416e-01 -9.497047e+00  2.720000e+01
     vertex -7.099359e-01 -9.473436e+00  2.720000e+01
   endloop
 endfacet
 facet normal  1.125029e-14 -1.000000e+00  0.000000e+00
   outer loop
     vertex  2.368416e-01 -9.497047e+00  1.720000e+01
     vertex -2.368416e-01 -9.497047e+00  2.720000e+01
     vertex -2.368416e-01 -9.497047e+00  1.720000e+01
   endloop
 endfacet
 facet normal  1.125029e-14 -1.000000e+00  0.000000e+00
   outer loop
     vertex  2.368416e-01 -9.497047e+00  1.720000e+01
     vertex  2.368416e-01 -9.497047e+00  2.720000e+01
     vertex -2.368416e-01 -9.497047e+00  2.720000e+01
   endloop
 endfacet
 facet normal  4.984589e-02 -9.987569e-01  0.000000e+00
   outer loop
     vertex  7.099359e-01 -9.473436e+00  1.720000e+01
     vertex  2.368416e-01 -9.497047e+00  2.720000e+01
     vertex  2.368416e-01 -9.497047e+00  1.720000e+01
   endloop
 endfacet
 facet normal  4.984589e-02 -9.987569e-01  0.000000e+00
   outer loop
     vertex  7.099359e-01 -9.473436e+00  1.720000e+01
     vertex  7.099359e-01 -9.473436e+00  2.720000e+01
     vertex  2.368416e-01 -9.497047e+00  2.720000e+01
   endloop
 endfacet
 facet normal  9.956785e-02 -9.950308e-01  0.000000e+00
   outer loop
     vertex  1.181265e+00 -9.426272e+00  1.720000e+01
     vertex  7.099359e-01 -9.473436e+00  2.720000e+01
     vertex  7.099359e-01 -9.473436e+00  1.720000e+01
   endloop
 endfacet
 facet normal  9.956785e-02 -9.950308e-01  0.000000e+00
   outer loop
     vertex  1.181265e+00 -9.426272e+00  1.720000e+01
     vertex  1.181265e+00 -9.426272e+00  2.720000e+01
     vertex  7.099359e-01 -9.473436e+00  2.720000e+01
   endloop
 endfacet
 facet normal  1.490423e-01 -9.888308e-01  0.000000e+00
   outer loop
     vertex  1.649658e+00 -9.355674e+00  1.720000e+01
     vertex  1.181265e+00 -9.426272e+00  2.720000e+01
     vertex  1.181265e+00 -9.426272e+00  1.720000e+01
   endloop
 endfacet
 facet normal  1.490423e-01 -9.888308e-01  0.000000e+00
   outer loop
     vertex  1.649658e+00 -9.355674e+00  1.720000e+01
     vertex  1.649658e+00 -9.355674e+00  2.720000e+01
     vertex  1.181265e+00 -9.426272e+00  2.720000e+01
   endloop
 endfacet
 facet normal  1.981461e-01 -9.801725e-01  0.000000e+00
   outer loop
     vertex  2.113949e+00 -9.261815e+00  1.720000e+01
     vertex  1.649658e+00 -9.355674e+00  2.720000e+01
     vertex  1.649658e+00 -9.355674e+00  1.720000e+01
   endloop
 endfacet
 facet normal  1.981461e-01 -9.801725e-01  0.000000e+00
   outer loop
     vertex  2.113949e+00 -9.261815e+00  1.720000e+01
     vertex  2.113949e+00 -9.261815e+00  2.720000e+01
     vertex  1.649658e+00 -9.355674e+00  2.720000e+01
   endloop
 endfacet
 facet normal  2.467574e-01 -9.690773e-01  0.000000e+00
   outer loop
     vertex  2.572984e+00 -9.144930e+00  1.720000e+01
     vertex  2.572984e+00 -9.144930e+00  2.720000e+01
     vertex  2.113949e+00 -9.261815e+00  2.720000e+01
   endloop
 endfacet
 facet normal  2.467574e-01 -9.690773e-01  0.000000e+00
   outer loop
     vertex  2.572984e+00 -9.144930e+00  1.720000e+01
     vertex  2.113949e+00 -9.261815e+00  2.720000e+01
     vertex  2.113949e+00 -9.261815e+00  1.720000e+01
   endloop
 endfacet
 facet normal  2.947552e-01 -9.555728e-01  0.000000e+00
   outer loop
     vertex  3.025623e+00 -9.005310e+00  1.720000e+01
     vertex  3.025623e+00 -9.005310e+00  2.720000e+01
     vertex  2.572984e+00 -9.144930e+00  2.720000e+01
   endloop
 endfacet
 facet normal  2.947552e-01 -9.555728e-01  0.000000e+00
   outer loop
     vertex  3.025623e+00 -9.005310e+00  1.720000e+01
     vertex  2.572984e+00 -9.144930e+00  2.720000e+01
     vertex  2.572984e+00 -9.144930e+00  1.720000e+01
   endloop
 endfacet
 facet normal  3.420201e-01 -9.396926e-01  0.000000e+00
   outer loop
     vertex  3.470740e+00 -8.843301e+00  1.720000e+01
     vertex  3.470740e+00 -8.843301e+00  2.720000e+01
     vertex  3.025623e+00 -9.005310e+00  2.720000e+01
   endloop
 endfacet
 facet normal  3.420201e-01 -9.396926e-01  0.000000e+00
   outer loop
     vertex  3.470740e+00 -8.843301e+00  1.720000e+01
     vertex  3.025623e+00 -9.005310e+00  2.720000e+01
     vertex  3.025623e+00 -9.005310e+00  1.720000e+01
   endloop
 endfacet
 facet normal  3.884348e-01 -9.214762e-01  0.000000e+00
   outer loop
     vertex  3.907227e+00 -8.659306e+00  1.720000e+01
     vertex  3.907227e+00 -8.659306e+00  2.720000e+01
     vertex  3.470740e+00 -8.843301e+00  2.720000e+01
   endloop
 endfacet
 facet normal  3.884348e-01 -9.214762e-01  0.000000e+00
   outer loop
     vertex  3.907227e+00 -8.659306e+00  1.720000e+01
     vertex  3.470740e+00 -8.843301e+00  2.720000e+01
     vertex  3.470740e+00 -8.843301e+00  1.720000e+01
   endloop
 endfacet
 facet normal  4.338837e-01 -9.009689e-01  0.000000e+00
   outer loop
     vertex  4.334001e+00 -8.453782e+00  1.720000e+01
     vertex  4.334001e+00 -8.453782e+00  2.720000e+01
     vertex  3.907227e+00 -8.659306e+00  2.720000e+01
   endloop
 endfacet
 facet normal  4.782540e-01 -8.782216e-01  0.000000e+00
   outer loop
     vertex  4.334001e+00 -8.453782e+00  1.720000e+01
     vertex  4.750000e+00 -8.227241e+00  2.720000e+01
     vertex  4.334001e+00 -8.453782e+00  2.720000e+01
   endloop
 endfacet
 facet normal  4.338837e-01 -9.009689e-01  0.000000e+00
   outer loop
     vertex  4.334001e+00 -8.453782e+00  1.720000e+01
     vertex  3.907227e+00 -8.659306e+00  2.720000e+01
     vertex  3.907227e+00 -8.659306e+00  1.720000e+01
   endloop
 endfacet
 facet normal  4.782540e-01 -8.782216e-01  0.000000e+00
   outer loop
     vertex  4.750000e+00 -8.227241e+00  1.720000e+01
     vertex  4.750000e+00 -8.227241e+00  2.720000e+01
     vertex  4.334001e+00 -8.453782e+00  1.720000e+01
   endloop
 endfacet
 facet normal  5.214352e-01 -8.532909e-01  0.000000e+00
   outer loop
     vertex  5.154190e+00 -7.980246e+00  1.720000e+01
     vertex  5.154190e+00 -7.980246e+00  2.720000e+01
     vertex  4.750000e+00 -8.227241e+00  2.720000e+01
   endloop
 endfacet
 facet normal  5.214352e-01 -8.532909e-01  0.000000e+00
   outer loop
     vertex  5.154190e+00 -7.980246e+00  1.720000e+01
     vertex  4.750000e+00 -8.227241e+00  2.720000e+01
     vertex  4.750000e+00 -8.227241e+00  1.720000e+01
   endloop
 endfacet
 facet normal  5.633201e-01 -8.262388e-01  0.000000e+00
   outer loop
     vertex  5.545565e+00 -7.713411e+00  1.720000e+01
     vertex  5.545565e+00 -7.713411e+00  2.720000e+01
     vertex  5.154190e+00 -7.980246e+00  2.720000e+01
   endloop
 endfacet
 facet normal  5.633201e-01 -8.262388e-01  0.000000e+00
   outer loop
     vertex  5.545565e+00 -7.713411e+00  1.720000e+01
     vertex  5.154190e+00 -7.980246e+00  2.720000e+01
     vertex  5.154190e+00 -7.980246e+00  1.720000e+01
   endloop
 endfacet
 facet normal  6.038044e-01 -7.971325e-01  0.000000e+00
   outer loop
     vertex  5.923153e+00 -7.427399e+00  1.720000e+01
     vertex  5.923153e+00 -7.427399e+00  2.720000e+01
     vertex  5.545565e+00 -7.713411e+00  2.720000e+01
   endloop
 endfacet
 facet normal  6.038044e-01 -7.971325e-01  0.000000e+00
   outer loop
     vertex  5.923153e+00 -7.427399e+00  1.720000e+01
     vertex  5.545565e+00 -7.713411e+00  2.720000e+01
     vertex  5.545565e+00 -7.713411e+00  1.720000e+01
   endloop
 endfacet
 facet normal  6.427876e-01 -7.660444e-01  0.000000e+00
   outer loop
     vertex  6.286015e+00 -7.122921e+00  1.720000e+01
     vertex  6.286015e+00 -7.122921e+00  2.720000e+01
     vertex  5.923153e+00 -7.427399e+00  2.720000e+01
   endloop
 endfacet
 facet normal  6.427876e-01 -7.660444e-01  0.000000e+00
   outer loop
     vertex  6.286015e+00 -7.122921e+00  1.720000e+01
     vertex  5.923153e+00 -7.427399e+00  2.720000e+01
     vertex  5.923153e+00 -7.427399e+00  1.720000e+01
   endloop
 endfacet
 facet normal  6.801727e-01 -7.330519e-01  0.000000e+00
   outer loop
     vertex  6.633250e+00 -6.800735e+00  1.720000e+01
     vertex  6.633250e+00 -6.800735e+00  2.720000e+01
     vertex  6.286015e+00 -7.122921e+00  2.720000e+01
   endloop
 endfacet
 facet normal  6.801727e-01 -7.330519e-01  0.000000e+00
   outer loop
     vertex  6.633250e+00 -6.800735e+00  1.720000e+01
     vertex  6.286015e+00 -7.122921e+00  2.720000e+01
     vertex  6.286015e+00 -7.122921e+00  1.720000e+01
   endloop
 endfacet
 facet normal  7.158668e-01 -6.982368e-01  0.000000e+00
   outer loop
     vertex  6.963993e+00 -6.461641e+00  1.720000e+01
     vertex  6.963993e+00 -6.461641e+00  2.720000e+01
     vertex  6.633250e+00 -6.800735e+00  2.720000e+01
   endloop
 endfacet
 facet normal  7.158668e-01 -6.982368e-01  0.000000e+00
   outer loop
     vertex  6.963993e+00 -6.461641e+00  1.720000e+01
     vertex  6.633250e+00 -6.800735e+00  2.720000e+01
     vertex  6.633250e+00 -6.800735e+00  1.720000e+01
   endloop
 endfacet
 facet normal  7.497812e-01 -6.616858e-01  0.000000e+00
   outer loop
     vertex  7.277422e+00 -6.106482e+00  1.720000e+01
     vertex  6.963993e+00 -6.461641e+00  2.720000e+01
     vertex  6.963993e+00 -6.461641e+00  1.720000e+01
   endloop
 endfacet
 facet normal  7.497812e-01 -6.616858e-01  0.000000e+00
   outer loop
     vertex  7.277422e+00 -6.106482e+00  1.720000e+01
     vertex  7.277422e+00 -6.106482e+00  2.720000e+01
     vertex  6.963993e+00 -6.461641e+00  2.720000e+01
   endloop
 endfacet
 facet normal  7.818315e-01 -6.234898e-01  0.000000e+00
   outer loop
     vertex  7.572759e+00 -5.736142e+00  1.720000e+01
     vertex  7.277422e+00 -6.106482e+00  2.720000e+01
     vertex  7.277422e+00 -6.106482e+00  1.720000e+01
   endloop
 endfacet
 facet normal  7.818315e-01 -6.234898e-01  0.000000e+00
   outer loop
     vertex  7.572759e+00 -5.736142e+00  1.720000e+01
     vertex  7.572759e+00 -5.736142e+00  2.720000e+01
     vertex  7.277422e+00 -6.106482e+00  2.720000e+01
   endloop
 endfacet
 facet normal  8.119380e-01 -5.837437e-01  0.000000e+00
   outer loop
     vertex  7.849268e+00 -5.351541e+00  1.720000e+01
     vertex  7.572759e+00 -5.736142e+00  2.720000e+01
     vertex  7.572759e+00 -5.736142e+00  1.720000e+01
   endloop
 endfacet
 facet normal  8.119380e-01 -5.837437e-01  0.000000e+00
   outer loop
     vertex  7.849268e+00 -5.351541e+00  1.720000e+01
     vertex  7.849268e+00 -5.351541e+00  2.720000e+01
     vertex  7.572759e+00 -5.736142e+00  2.720000e+01
   endloop
 endfacet
 facet normal  8.400259e-01 -5.425463e-01  0.000000e+00
   outer loop
     vertex  8.106263e+00 -4.953634e+00  1.720000e+01
     vertex  7.849268e+00 -5.351541e+00  2.720000e+01
     vertex  7.849268e+00 -5.351541e+00  1.720000e+01
   endloop
 endfacet
 facet normal  8.400259e-01 -5.425463e-01  0.000000e+00
   outer loop
     vertex  8.106263e+00 -4.953634e+00  1.720000e+01
     vertex  8.106263e+00 -4.953634e+00  2.720000e+01
     vertex  7.849268e+00 -5.351541e+00  2.720000e+01
   endloop
 endfacet
 facet normal  8.660254e-01 -5.000000e-01  0.000000e+00
   outer loop
     vertex  8.343105e+00 -4.543413e+00  1.720000e+01
     vertex  8.106263e+00 -4.953634e+00  2.720000e+01
     vertex  8.106263e+00 -4.953634e+00  1.720000e+01
   endloop
 endfacet
 facet normal  8.660254e-01 -5.000000e-01  0.000000e+00
   outer loop
     vertex  8.343105e+00 -4.543413e+00  1.720000e+01
     vertex  8.343105e+00 -4.543413e+00  2.720000e+01
     vertex  8.106263e+00 -4.953634e+00  2.720000e+01
   endloop
 endfacet
 facet normal  8.898718e-01 -4.562107e-01  0.000000e+00
   outer loop
     vertex  8.559204e+00 -4.121896e+00  1.720000e+01
     vertex  8.559204e+00 -4.121896e+00  2.720000e+01
     vertex  8.343105e+00 -4.543413e+00  2.720000e+01
   endloop
 endfacet
 facet normal  8.898718e-01 -4.562107e-01  0.000000e+00
   outer loop
     vertex  8.559204e+00 -4.121896e+00  1.720000e+01
     vertex  8.343105e+00 -4.543413e+00  2.720000e+01
     vertex  8.343105e+00 -4.543413e+00  1.720000e+01
   endloop
 endfacet
 facet normal  9.115059e-01 -4.112871e-01  0.000000e+00
   outer loop
     vertex  8.754024e+00 -3.690131e+00  1.720000e+01
     vertex  8.754024e+00 -3.690131e+00  2.720000e+01
     vertex  8.559204e+00 -4.121896e+00  2.720000e+01
   endloop
 endfacet
 facet normal  9.115059e-01 -4.112871e-01  0.000000e+00
   outer loop
     vertex  8.754024e+00 -3.690131e+00  1.720000e+01
     vertex  8.559204e+00 -4.121896e+00  2.720000e+01
     vertex  8.559204e+00 -4.121896e+00  1.720000e+01
   endloop
 endfacet
 facet normal  9.308737e-01 -3.653410e-01  0.000000e+00
   outer loop
     vertex  8.927080e+00 -3.249191e+00  1.720000e+01
     vertex  8.927080e+00 -3.249191e+00  2.720000e+01
     vertex  8.754024e+00 -3.690131e+00  2.720000e+01
   endloop
 endfacet
 facet normal  9.479273e-01 -3.184867e-01  0.000000e+00
   outer loop
     vertex  8.927080e+00 -3.249191e+00  1.720000e+01
     vertex  9.077942e+00 -2.800174e+00  2.720000e+01
     vertex  8.927080e+00 -3.249191e+00  2.720000e+01
   endloop
 endfacet
 facet normal  9.308737e-01 -3.653410e-01  0.000000e+00
   outer loop
     vertex  8.927080e+00 -3.249191e+00  1.720000e+01
     vertex  8.754024e+00 -3.690131e+00  2.720000e+01
     vertex  8.754024e+00 -3.690131e+00  1.720000e+01
   endloop
 endfacet
 facet normal  9.479273e-01 -3.184867e-01  0.000000e+00
   outer loop
     vertex  9.077942e+00 -2.800174e+00  1.720000e+01
     vertex  9.077942e+00 -2.800174e+00  2.720000e+01
     vertex  8.927080e+00 -3.249191e+00  1.720000e+01
   endloop
 endfacet
 facet normal  9.626242e-01 -2.708405e-01  0.000000e+00
   outer loop
     vertex  9.206234e+00 -2.344195e+00  1.720000e+01
     vertex  9.206234e+00 -2.344195e+00  2.720000e+01
     vertex  9.077942e+00 -2.800174e+00  2.720000e+01
   endloop
 endfacet
 facet normal  9.626242e-01 -2.708405e-01  0.000000e+00
   outer loop
     vertex  9.206234e+00 -2.344195e+00  1.720000e+01
     vertex  9.077942e+00 -2.800174e+00  2.720000e+01
     vertex  9.077942e+00 -2.800174e+00  1.720000e+01
   endloop
 endfacet
 facet normal  9.749279e-01 -2.225209e-01  0.000000e+00
   outer loop
     vertex  9.311639e+00 -1.882388e+00  1.720000e+01
     vertex  9.311639e+00 -1.882388e+00  2.720000e+01
     vertex  9.206234e+00 -2.344195e+00  2.720000e+01
   endloop
 endfacet
 facet normal  9.749279e-01 -2.225209e-01  0.000000e+00
   outer loop
     vertex  9.311639e+00 -1.882388e+00  1.720000e+01
     vertex  9.206234e+00 -2.344195e+00  2.720000e+01
     vertex  9.206234e+00 -2.344195e+00  1.720000e+01
   endloop
 endfacet
 facet normal  9.848078e-01 -1.736482e-01  0.000000e+00
   outer loop
     vertex  9.393893e+00 -1.415902e+00  1.720000e+01
     vertex  9.393893e+00 -1.415902e+00  2.720000e+01
     vertex  9.311639e+00 -1.882388e+00  2.720000e+01
   endloop
 endfacet
 facet normal  9.848078e-01 -1.736482e-01  0.000000e+00
   outer loop
     vertex  9.393893e+00 -1.415902e+00  1.720000e+01
     vertex  9.311639e+00 -1.882388e+00  2.720000e+01
     vertex  9.311639e+00 -1.882388e+00  1.720000e+01
   endloop
 endfacet
 facet normal  9.922392e-01 -1.243437e-01  0.000000e+00
   outer loop
     vertex  9.452792e+00 -9.458945e-01  1.720000e+01
     vertex  9.452792e+00 -9.458945e-01  2.720000e+01
     vertex  9.393893e+00 -1.415902e+00  2.720000e+01
   endloop
 endfacet
 facet normal  9.922392e-01 -1.243437e-01  0.000000e+00
   outer loop
     vertex  9.452792e+00 -9.458945e-01  1.720000e+01
     vertex  9.393893e+00 -1.415902e+00  2.720000e+01
     vertex  9.393893e+00 -1.415902e+00  1.720000e+01
   endloop
 endfacet
 facet normal  9.972038e-01 -7.473009e-02  0.000000e+00
   outer loop
     vertex  9.488191e+00 -4.735359e-01  1.720000e+01
     vertex  9.488191e+00 -4.735359e-01  2.720000e+01
     vertex  9.452792e+00 -9.458945e-01  2.720000e+01
   endloop
 endfacet
 facet normal  9.996892e-01 -2.493069e-02  0.000000e+00
   outer loop
     vertex  9.488191e+00 -4.735359e-01  1.720000e+01
     vertex  9.500000e+00  0.000000e+00  2.720000e+01
     vertex  9.488191e+00 -4.735359e-01  2.720000e+01
   endloop
 endfacet
 facet normal  9.972038e-01 -7.473009e-02  0.000000e+00
   outer loop
     vertex  9.488191e+00 -4.735359e-01  1.720000e+01
     vertex  9.452792e+00 -9.458945e-01  2.720000e+01
     vertex  9.452792e+00 -9.458945e-01  1.720000e+01
   endloop
 endfacet
 facet normal  9.996892e-01 -2.493069e-02  0.000000e+00
   outer loop
     vertex  9.500000e+00  0.000000e+00  1.720000e+01
     vertex  9.500000e+00  0.000000e+00  2.720000e+01
     vertex  9.488191e+00 -4.735359e-01  1.720000e+01
   endloop
 endfacet
 facet normal  0.000000e+00  0.000000e+00 -1.000000e+00
   outer loop
     vertex -7.277422e+00 -6.106482e+00  1.720000e+01
     vertex -6.633250e+00 -6.800735e+00  1.720000e+01
     vertex -6.963993e+00 -6.461641e+00  1.720000e+01
   endloop
 endfacet
 facet normal  0.000000e+00  0.000000e+00 -1.000000e+00
   outer loop
     vertex -5.923153e+00 -7.427399e+00  1.720000e+01
     vertex -6.286015e+00 -7.122921e+00  1.720000e+01
     vertex -6.633250e+00 -6.800735e+00  1.720000e+01
   endloop
 endfacet
 facet normal  0.000000e+00  0.000000e+00 -1.000000e+00
   outer loop
     vertex -7.572759e+00 -5.736142e+00  1.720000e+01
     vertex -6.633250e+00 -6.800735e+00  1.720000e+01
     vertex -7.277422e+00 -6.106482e+00  1.720000e+01
   endloop
 endfacet
 facet normal  0.000000e+00  0.000000e+00 -1.000000e+00
   outer loop
     vertex -7.572759e+00 -5.736142e+00  1.720000e+01
     vertex -5.923153e+00 -7.427399e+00  1.720000e+01
     vertex -6.633250e+00 -6.800735e+00  1.720000e+01
   endloop
 endfacet
 facet normal  0.000000e+00  0.000000e+00 -1.000000e+00
   outer loop
     vertex -5.154190e+00 -7.980246e+00  1.720000e+01
     vertex -5.545565e+00 -7.713411e+00  1.720000e+01
     vertex -5.923153e+00 -7.427399e+00  1.720000e+01
   endloop
 endfacet
 facet normal  0.000000e+00  0.000000e+00 -1.000000e+00
   outer loop
     vertex -8.343105e+00 -4.543413e+00  1.720000e+01
     vertex -7.849268e+00 -5.351541e+00  1.720000e+01
     vertex -8.106263e+00 -4.953634e+00  1.720000e+01
   endloop
 endfacet
 facet normal  0.000000e+00  0.000000e+00 -1.000000e+00
   outer loop
     vertex -4.334001e+00 -8.453782e+00  1.720000e+01
     vertex -5.923153e+00 -7.427399e+00  1.720000e+01
     vertex -7.572759e+00 -5.736142e+00  1.720000e+01
   endloop
 endfacet
 facet normal  0.000000e+00  0.000000e+00 -1.000000e+00
   outer loop
     vertex -4.334001e+00 -8.453782e+00  1.720000e+01
     vertex -5.154190e+00 -7.980246e+00  1.720000e+01
     vertex -5.923153e+00 -7.427399e+00  1.720000e+01
   endloop
 endfacet
 facet normal  0.000000e+00  0.000000e+00 -1.000000e+00
   outer loop
     vertex -4.334001e+00 -8.453782e+00  1.720000e+01
     vertex -7.572759e+00 -5.736142e+00  1.720000e+01
     vertex -7.849268e+00 -5.351541e+00  1.720000e+01
   endloop
 endfacet
 facet normal  0.000000e+00  0.000000e+00 -1.000000e+00
   outer loop
     vertex -4.334001e+00 -8.453782e+00  1.720000e+01
     vertex -4.750000e+00 -8.227241e+00  1.720000e+01
     vertex -5.154190e+00 -7.980246e+00  1.720000e+01
   endloop
 endfacet
 facet normal  0.000000e+00  0.000000e+00 -1.000000e+00
   outer loop
     vertex -8.754024e+00 -3.690131e+00  1.720000e+01
     vertex -7.849268e+00 -5.351541e+00  1.720000e+01
     vertex -8.343105e+00 -4.543413e+00  1.720000e+01
   endloop
 endfacet
 facet normal  0.000000e+00  0.000000e+00 -1.000000e+00
   outer loop
     vertex -8.754024e+00 -3.690131e+00  1.720000e+01
     vertex -8.343105e+00 -4.543413e+00  1.720000e+01
     vertex -8.559204e+00 -4.121896e+00  1.720000e+01
   endloop
 endfacet
 facet normal  0.000000e+00  0.000000e+00 -1.000000e+00
   outer loop
     vertex -3.470740e+00 -8.843301e+00  1.720000e+01
     vertex -3.907227e+00 -8.659306e+00  1.720000e+01
     vertex -4.334001e+00 -8.453782e+00  1.720000e+01
   endloop
 endfacet
 facet normal  0.000000e+00  0.000000e+00 -1.000000e+00
   outer loop
     vertex -9.206234e+00 -2.344195e+00  1.720000e+01
     vertex -7.849268e+00 -5.351541e+00  1.720000e+01
     vertex -8.754024e+00 -3.690131e+00  1.720000e+01
   endloop
 endfacet
 facet normal  0.000000e+00  0.000000e+00 -1.000000e+00
   outer loop
     vertex -9.206234e+00 -2.344195e+00  1.720000e+01
     vertex -8.927080e+00 -3.249191e+00  1.720000e+01
     vertex -9.077942e+00 -2.800174e+00  1.720000e+01
   endloop
 endfacet
 facet normal  0.000000e+00  0.000000e+00 -1.000000e+00
   outer loop
     vertex -9.206234e+00 -2.344195e+00  1.720000e+01
     vertex -8.754024e+00 -3.690131e+00  1.720000e+01
     vertex -8.927080e+00 -3.249191e+00  1.720000e+01
   endloop
 endfacet
 facet normal  0.000000e+00  0.000000e+00 -1.000000e+00
   outer loop
     vertex -2.113949e+00 -9.261815e+00  1.720000e+01
     vertex -3.470740e+00 -8.843301e+00  1.720000e+01
     vertex -4.334001e+00 -8.453782e+00  1.720000e+01
   endloop
 endfacet
 facet normal  0.000000e+00  0.000000e+00 -1.000000e+00
   outer loop
     vertex -2.113949e+00 -9.261815e+00  1.720000e+01
     vertex -3.025623e+00 -9.005310e+00  1.720000e+01
     vertex -3.470740e+00 -8.843301e+00  1.720000e+01
   endloop
 endfacet
 facet normal  0.000000e+00  0.000000e+00 -1.000000e+00
   outer loop
     vertex -2.113949e+00 -9.261815e+00  1.720000e+01
     vertex -2.572984e+00 -9.144930e+00  1.720000e+01
     vertex -3.025623e+00 -9.005310e+00  1.720000e+01
   endloop
 endfacet
 facet normal  0.000000e+00  0.000000e+00 -1.000000e+00
   outer loop
     vertex -9.393893e+00 -1.415902e+00  1.720000e+01
     vertex -9.206234e+00 -2.344195e+00  1.720000e+01
     vertex -9.311639e+00 -1.882388e+00  1.720000e+01
   endloop
 endfacet
 facet normal  0.000000e+00  0.000000e+00 -1.000000e+00
   outer loop
     vertex -1.181265e+00 -9.426272e+00  1.720000e+01
     vertex -1.649658e+00 -9.355674e+00  1.720000e+01
     vertex -2.113949e+00 -9.261815e+00  1.720000e+01
   endloop
 endfacet
 facet normal  0.000000e+00  0.000000e+00 -1.000000e+00
   outer loop
     vertex -9.500000e+00 -3.258737e-14  1.720000e+01
     vertex -9.452792e+00 -9.458945e-01  1.720000e+01
     vertex -9.488191e+00 -4.735359e-01  1.720000e+01
   endloop
 endfacet
 facet normal  0.000000e+00  0.000000e+00 -1.000000e+00
   outer loop
     vertex -9.500000e+00 -3.258737e-14  1.720000e+01
     vertex -9.393893e+00 -1.415902e+00  1.720000e+01
     vertex -9.452792e+00 -9.458945e-01  1.720000e+01
   endloop
 endfacet
 facet normal  0.000000e+00  0.000000e+00 -1.000000e+00
   outer loop
     vertex  2.368416e-01 -9.497047e+00  1.720000e+01
     vertex -4.334001e+00 -8.453782e+00  1.720000e+01
     vertex -7.849268e+00 -5.351541e+00  1.720000e+01
   endloop
 endfacet
 facet normal  0.000000e+00  0.000000e+00 -1.000000e+00
   outer loop
     vertex  2.368416e-01 -9.497047e+00  1.720000e+01
     vertex -2.113949e+00 -9.261815e+00  1.720000e+01
     vertex -4.334001e+00 -8.453782e+00  1.720000e+01
   endloop
 endfacet
 facet normal  0.000000e+00  0.000000e+00 -1.000000e+00
   outer loop
     vertex  2.368416e-01 -9.497047e+00  1.720000e+01
     vertex -1.181265e+00 -9.426272e+00  1.720000e+01
     vertex -2.113949e+00 -9.261815e+00  1.720000e+01
   endloop
 endfacet
 facet normal  0.000000e+00  0.000000e+00 -1.000000e+00
   outer loop
     vertex  2.368416e-01 -9.497047e+00  1.720000e+01
     vertex -7.099359e-01 -9.473436e+00  1.720000e+01
     vertex -1.181265e+00 -9.426272e+00  1.720000e+01
   endloop
 endfacet
 facet normal -0.000000e+00  0.000000e+00 -1.000000e+00
   outer loop
     vertex  2.368416e-01 -9.497047e+00  1.720000e+01
     vertex -2.368416e-01 -9.497047e+00  1.720000e+01
     vertex -7.099359e-01 -9.473436e+00  1.720000e+01
   endloop
 endfacet
 facet normal  0.000000e+00  0.000000e+00 -1.000000e+00
   outer loop
     vertex -9.452792e+00  9.458945e-01  1.720000e+01
     vertex -9.500000e+00 -3.258737e-14  1.720000e+01
     vertex -9.488191e+00  4.735359e-01  1.720000e+01
   endloop
 endfacet
 facet normal  0.000000e+00  0.000000e+00 -1.000000e+00
   outer loop
     vertex -9.452792e+00  9.458945e-01  1.720000e+01
     vertex -9.206234e+00 -2.344195e+00  1.720000e+01
     vertex -9.393893e+00 -1.415902e+00  1.720000e+01
   endloop
 endfacet
 facet normal  0.000000e+00 -0.000000e+00 -1.000000e+00
   outer loop
     vertex -9.452792e+00  9.458945e-01  1.720000e+01
     vertex -9.393893e+00 -1.415902e+00  1.720000e+01
     vertex -9.500000e+00 -3.258737e-14  1.720000e+01
   endloop
 endfacet
 facet normal  0.000000e+00  0.000000e+00 -1.000000e+00
   outer loop
     vertex  1.649658e+00 -9.355674e+00  1.720000e+01
     vertex  7.099359e-01 -9.473436e+00  1.720000e+01
     vertex  2.368416e-01 -9.497047e+00  1.720000e+01
   endloop
 endfacet
 facet normal  0.000000e+00  0.000000e+00 -1.000000e+00
   outer loop
     vertex  1.649658e+00 -9.355674e+00  1.720000e+01
     vertex  1.181265e+00 -9.426272e+00  1.720000e+01
     vertex  7.099359e-01 -9.473436e+00  1.720000e+01
   endloop
 endfacet
 facet normal  0.000000e+00  0.000000e+00 -1.000000e+00
   outer loop
     vertex -9.206234e+00  2.344195e+00  1.720000e+01
     vertex -9.393893e+00  1.415902e+00  1.720000e+01
     vertex -9.311639e+00  1.882388e+00  1.720000e+01
   endloop
 endfacet
 facet normal  0.000000e+00  0.000000e+00 -1.000000e+00
   outer loop
     vertex -9.206234e+00  2.344195e+00  1.720000e+01
     vertex -9.452792e+00  9.458945e-01  1.720000e+01
     vertex -9.393893e+00  1.415902e+00  1.720000e+01
   endloop
 endfacet
 facet normal  0.000000e+00  0.000000e+00 -1.000000e+00
   outer loop
     vertex -9.206234e+00  2.344195e+00  1.720000e+01
     vertex -7.849268e+00 -5.351541e+00  1.720000e+01
     vertex -9.206234e+00 -2.344195e+00  1.720000e+01
   endloop
 endfacet
 facet normal  0.000000e+00  0.000000e+00 -1.000000e+00
   outer loop
     vertex -9.206234e+00  2.344195e+00  1.720000e+01
     vertex  2.368416e-01 -9.497047e+00  1.720000e+01
     vertex -7.849268e+00 -5.351541e+00  1.720000e+01
   endloop
 endfacet
 facet normal  0.000000e+00 -0.000000e+00 -1.000000e+00
   outer loop
     vertex -9.206234e+00  2.344195e+00  1.720000e+01
     vertex -9.206234e+00 -2.344195e+00  1.720000e+01
     vertex -9.452792e+00  9.458945e-01  1.720000e+01
   endloop
 endfacet
 facet normal  0.000000e+00  0.000000e+00 -1.000000e+00
   outer loop
     vertex  3.470740e+00 -8.843301e+00  1.720000e+01
     vertex  3.025623e+00 -9.005310e+00  1.720000e+01
     vertex  2.572984e+00 -9.144930e+00  1.720000e+01
   endloop
 endfacet
 facet normal  0.000000e+00  0.000000e+00 -1.000000e+00
   outer loop
     vertex  3.470740e+00 -8.843301e+00  1.720000e+01
     vertex  2.572984e+00 -9.144930e+00  1.720000e+01
     vertex  2.113949e+00 -9.261815e+00  1.720000e+01
   endloop
 endfacet
 facet normal  0.000000e+00  0.000000e+00 -1.000000e+00
   outer loop
     vertex  3.907227e+00 -8.659306e+00  1.720000e+01
     vertex  1.649658e+00 -9.355674e+00  1.720000e+01
     vertex  2.368416e-01 -9.497047e+00  1.720000e+01
   endloop
 endfacet
 facet normal  0.000000e+00  0.000000e+00 -1.000000e+00
   outer loop
     vertex  3.907227e+00 -8.659306e+00  1.720000e+01
     vertex  3.470740e+00 -8.843301e+00  1.720000e+01
     vertex  2.113949e+00 -9.261815e+00  1.720000e+01
   endloop
 endfacet
 facet normal  0.000000e+00  0.000000e+00 -1.000000e+00
   outer loop
     vertex  3.907227e+00 -8.659306e+00  1.720000e+01
     vertex  2.113949e+00 -9.261815e+00  1.720000e+01
     vertex  1.649658e+00 -9.355674e+00  1.720000e+01
   endloop
 endfacet
 facet normal  0.000000e+00  0.000000e+00 -1.000000e+00
   outer loop
     vertex -8.559204e+00  4.121896e+00  1.720000e+01
     vertex -8.927080e+00  3.249191e+00  1.720000e+01
     vertex -8.754024e+00  3.690131e+00  1.720000e+01
   endloop
 endfacet
 facet normal  0.000000e+00  0.000000e+00 -1.000000e+00
   outer loop
     vertex  4.750000e+00 -8.227241e+00  1.720000e+01
     vertex  4.334001e+00 -8.453782e+00  1.720000e+01
     vertex  3.907227e+00 -8.659306e+00  1.720000e+01
   endloop
 endfacet
 facet normal  0.000000e+00  0.000000e+00 -1.000000e+00
   outer loop
     vertex  4.750000e+00 -8.227241e+00  1.720000e+01
     vertex  3.907227e+00 -8.659306e+00  1.720000e+01
     vertex  2.368416e-01 -9.497047e+00  1.720000e+01
   endloop
 endfacet
 facet normal  0.000000e+00  0.000000e+00 -1.000000e+00
   outer loop
     vertex -8.106263e+00  4.953634e+00  1.720000e+01
     vertex -8.559204e+00  4.121896e+00  1.720000e+01
     vertex -8.343105e+00  4.543413e+00  1.720000e+01
   endloop
 endfacet
 facet normal  0.000000e+00  0.000000e+00 -1.000000e+00
   outer loop
     vertex  5.154190e+00 -7.980246e+00  1.720000e+01
     vertex  4.750000e+00 -8.227241e+00  1.720000e+01
     vertex  2.368416e-01 -9.497047e+00  1.720000e+01
   endloop
 endfacet
 facet normal  0.000000e+00  0.000000e+00 -1.000000e+00
   outer loop
     vertex -7.849268e+00  5.351541e+00  1.720000e+01
     vertex -8.927080e+00  3.249191e+00  1.720000e+01
     vertex -8.559204e+00  4.121896e+00  1.720000e+01
   endloop
 endfacet
 facet normal  0.000000e+00  0.000000e+00 -1.000000e+00
   outer loop
     vertex -7.849268e+00  5.351541e+00  1.720000e+01
     vertex -8.559204e+00  4.121896e+00  1.720000e+01
     vertex -8.106263e+00  4.953634e+00  1.720000e+01
   endloop
 endfacet
 facet normal  0.000000e+00  0.000000e+00 -1.000000e+00
   outer loop
     vertex -7.849268e+00  5.351541e+00  1.720000e+01
     vertex -9.077942e+00  2.800174e+00  1.720000e+01
     vertex -8.927080e+00  3.249191e+00  1.720000e+01
   endloop
 endfacet
 facet normal  0.000000e+00  0.000000e+00 -1.000000e+00
   outer loop
     vertex -7.849268e+00  5.351541e+00  1.720000e+01
     vertex -9.206234e+00  2.344195e+00  1.720000e+01
     vertex -9.077942e+00  2.800174e+00  1.720000e+01
   endloop
 endfacet
 facet normal  0.000000e+00  0.000000e+00 -1.000000e+00
   outer loop
     vertex  5.923153e+00 -7.427399e+00  1.720000e+01
     vertex  5.545565e+00 -7.713411e+00  1.720000e+01
     vertex  5.154190e+00 -7.980246e+00  1.720000e+01
   endloop
 endfacet
 facet normal  0.000000e+00  0.000000e+00 -1.000000e+00
   outer loop
     vertex  5.923153e+00 -7.427399e+00  1.720000e+01
     vertex  5.154190e+00 -7.980246e+00  1.720000e+01
     vertex  2.368416e-01 -9.497047e+00  1.720000e+01
   endloop
 endfacet
 facet normal  0.000000e+00 -0.000000e+00 -1.000000e+00
   outer loop
     vertex -7.277422e+00  6.106482e+00  1.720000e+01
     vertex  2.368416e-01 -9.497047e+00  1.720000e+01
     vertex -9.206234e+00  2.344195e+00  1.720000e+01
   endloop
 endfacet
 facet normal  0.000000e+00  0.000000e+00 -1.000000e+00
   outer loop
     vertex -7.277422e+00  6.106482e+00  1.720000e+01
     vertex -9.206234e+00  2.344195e+00  1.720000e+01
     vertex -7.849268e+00  5.351541e+00  1.720000e+01
   endloop
 endfacet
 facet normal  0.000000e+00  0.000000e+00 -1.000000e+00
   outer loop
     vertex -7.277422e+00  6.106482e+00  1.720000e+01
     vertex  5.923153e+00 -7.427399e+00  1.720000e+01
     vertex  2.368416e-01 -9.497047e+00  1.720000e+01
   endloop
 endfacet
 facet normal  0.000000e+00  0.000000e+00 -1.000000e+00
   outer loop
     vertex -7.277422e+00  6.106482e+00  1.720000e+01
     vertex -7.849268e+00  5.351541e+00  1.720000e+01
     vertex -7.572759e+00  5.736142e+00  1.720000e+01
   endloop
 endfacet
 facet normal -0.000000e+00  0.000000e+00 -1.000000e+00
   outer loop
     vertex  6.286015e+00 -7.122921e+00  1.720000e+01
     vertex  5.923153e+00 -7.427399e+00  1.720000e+01
     vertex -7.277422e+00  6.106482e+00  1.720000e+01
   endloop
 endfacet
 facet normal  0.000000e+00 -0.000000e+00 -1.000000e+00
   outer loop
     vertex -6.963993e+00  6.461641e+00  1.720000e+01
     vertex  6.286015e+00 -7.122921e+00  1.720000e+01
     vertex -7.277422e+00  6.106482e+00  1.720000e+01
   endloop
 endfacet
 facet normal -0.000000e+00  0.000000e+00 -1.000000e+00
   outer loop
     vertex  6.633250e+00 -6.800735e+00  1.720000e+01
     vertex  6.286015e+00 -7.122921e+00  1.720000e+01
     vertex -6.963993e+00  6.461641e+00  1.720000e+01
   endloop
 endfacet
 facet normal  0.000000e+00  0.000000e+00 -1.000000e+00
   outer loop
     vertex -5.545565e+00  7.713411e+00  1.720000e+01
     vertex -6.286015e+00  7.122921e+00  1.720000e+01
     vertex -5.923153e+00  7.427399e+00  1.720000e+01
   endloop
 endfacet
 facet normal  0.000000e+00  0.000000e+00 -1.000000e+00
   outer loop
     vertex -5.545565e+00  7.713411e+00  1.720000e+01
     vertex -6.633250e+00  6.800735e+00  1.720000e+01
     vertex -6.286015e+00  7.122921e+00  1.720000e+01
   endloop
 endfacet
 facet normal  0.000000e+00  0.000000e+00 -1.000000e+00
   outer loop
     vertex  7.849268e+00 -5.351541e+00  1.720000e+01
     vertex  7.277422e+00 -6.106482e+00  1.720000e+01
     vertex  6.963993e+00 -6.461641e+00  1.720000e+01
   endloop
 endfacet
 facet normal  0.000000e+00  0.000000e+00 -1.000000e+00
   outer loop
     vertex  7.849268e+00 -5.351541e+00  1.720000e+01
     vertex  7.572759e+00 -5.736142e+00  1.720000e+01
     vertex  7.277422e+00 -6.106482e+00  1.720000e+01
   endloop
 endfacet
 facet normal  0.000000e+00  0.000000e+00 -1.000000e+00
   outer loop
     vertex  8.106263e+00 -4.953634e+00  1.720000e+01
     vertex  6.963993e+00 -6.461641e+00  1.720000e+01
     vertex  6.633250e+00 -6.800735e+00  1.720000e+01
   endloop
 endfacet
 facet normal  0.000000e+00  0.000000e+00 -1.000000e+00
   outer loop
     vertex  8.106263e+00 -4.953634e+00  1.720000e+01
     vertex  7.849268e+00 -5.351541e+00  1.720000e+01
     vertex  6.963993e+00 -6.461641e+00  1.720000e+01
   endloop
 endfacet
 facet normal  0.000000e+00  0.000000e+00 -1.000000e+00
   outer loop
     vertex -4.750000e+00  8.227241e+00  1.720000e+01
     vertex -5.545565e+00  7.713411e+00  1.720000e+01
     vertex -5.154190e+00  7.980246e+00  1.720000e+01
   endloop
 endfacet
 facet normal  0.000000e+00  0.000000e+00 -1.000000e+00
   outer loop
     vertex -4.750000e+00  8.227241e+00  1.720000e+01
     vertex -6.633250e+00  6.800735e+00  1.720000e+01
     vertex -5.545565e+00  7.713411e+00  1.720000e+01
   endloop
 endfacet
 facet normal  0.000000e+00  0.000000e+00 -1.000000e+00
   outer loop
     vertex -3.907227e+00  8.659306e+00  1.720000e+01
     vertex -4.750000e+00  8.227241e+00  1.720000e+01
     vertex -4.334001e+00  8.453782e+00  1.720000e+01
   endloop
 endfacet
 facet normal  0.000000e+00  0.000000e+00 -1.000000e+00
   outer loop
     vertex  8.754024e+00 -3.690131e+00  1.720000e+01
     vertex  8.343105e+00 -4.543413e+00  1.720000e+01
     vertex  8.106263e+00 -4.953634e+00  1.720000e+01
   endloop
 endfacet
 facet normal  0.000000e+00  0.000000e+00 -1.000000e+00
   outer loop
     vertex  8.754024e+00 -3.690131e+00  1.720000e+01
     vertex  8.559204e+00 -4.121896e+00  1.720000e+01
     vertex  8.343105e+00 -4.543413e+00  1.720000e+01
   endloop
 endfacet
 facet normal -0.000000e+00  0.000000e+00 -1.000000e+00
   outer loop
     vertex  8.754024e+00 -3.690131e+00  1.720000e+01
     vertex  6.633250e+00 -6.800735e+00  1.720000e+01
     vertex -6.963993e+00  6.461641e+00  1.720000e+01
   endloop
 endfacet
 facet normal  0.000000e+00  0.000000e+00 -1.000000e+00
   outer loop
     vertex  8.754024e+00 -3.690131e+00  1.720000e+01
     vertex  8.106263e+00 -4.953634e+00  1.720000e+01
     vertex  6.633250e+00 -6.800735e+00  1.720000e+01
   endloop
 endfacet
 facet normal  0.000000e+00  0.000000e+00 -1.000000e+00
   outer loop
     vertex -3.470740e+00  8.843301e+00  1.720000e+01
     vertex -4.750000e+00  8.227241e+00  1.720000e+01
     vertex -3.907227e+00  8.659306e+00  1.720000e+01
   endloop
 endfacet
 facet normal  0.000000e+00  0.000000e+00 -1.000000e+00
   outer loop
     vertex -3.025623e+00  9.005310e+00  1.720000e+01
     vertex -4.750000e+00  8.227241e+00  1.720000e+01
     vertex -3.470740e+00  8.843301e+00  1.720000e+01
   endloop
 endfacet
 facet normal  0.000000e+00  0.000000e+00 -1.000000e+00
   outer loop
     vertex  9.077942e+00 -2.800174e+00  1.720000e+01
     vertex  8.927080e+00 -3.249191e+00  1.720000e+01
     vertex  8.754024e+00 -3.690131e+00  1.720000e+01
   endloop
 endfacet
 facet normal -0.000000e+00  0.000000e+00 -1.000000e+00
   outer loop
     vertex  9.077942e+00 -2.800174e+00  1.720000e+01
     vertex  8.754024e+00 -3.690131e+00  1.720000e+01
     vertex -6.963993e+00  6.461641e+00  1.720000e+01
   endloop
 endfacet
 facet normal  0.000000e+00  0.000000e+00 -1.000000e+00
   outer loop
     vertex  9.206234e+00 -2.344195e+00  1.720000e+01
     vertex -6.963993e+00  6.461641e+00  1.720000e+01
     vertex -6.633250e+00  6.800735e+00  1.720000e+01
   endloop
 endfacet
 facet normal -0.000000e+00  0.000000e+00 -1.000000e+00
   outer loop
     vertex  9.206234e+00 -2.344195e+00  1.720000e+01
     vertex  9.077942e+00 -2.800174e+00  1.720000e+01
     vertex -6.963993e+00  6.461641e+00  1.720000e+01
   endloop
 endfacet
 facet normal  0.000000e+00  0.000000e+00 -1.000000e+00
   outer loop
     vertex -2.113949e+00  9.261815e+00  1.720000e+01
     vertex -3.025623e+00  9.005310e+00  1.720000e+01
     vertex -2.572984e+00  9.144930e+00  1.720000e+01
   endloop
 endfacet
 facet normal  0.000000e+00  0.000000e+00 -1.000000e+00
   outer loop
     vertex -2.113949e+00  9.261815e+00  1.720000e+01
     vertex -6.633250e+00  6.800735e+00  1.720000e+01
     vertex -4.750000e+00  8.227241e+00  1.720000e+01
   endloop
 endfacet
 facet normal  0.000000e+00  0.000000e+00 -1.000000e+00
   outer loop
     vertex -2.113949e+00  9.261815e+00  1.720000e+01
     vertex -4.750000e+00  8.227241e+00  1.720000e+01
     vertex -3.025623e+00  9.005310e+00  1.720000e+01
   endloop
 endfacet
 facet normal  0.000000e+00  0.000000e+00 -1.000000e+00
   outer loop
     vertex  9.488191e+00 -4.735359e-01  1.720000e+01
     vertex  9.393893e+00 -1.415902e+00  1.720000e+01
     vertex  9.311639e+00 -1.882388e+00  1.720000e+01
   endloop
 endfacet
 facet normal  0.000000e+00  0.000000e+00 -1.000000e+00
   outer loop
     vertex  9.488191e+00 -4.735359e-01  1.720000e+01
     vertex  9.452792e+00 -9.458945e-01  1.720000e+01
     vertex  9.393893e+00 -1.415902e+00  1.720000e+01
   endloop
 endfacet
 facet normal  0.000000e+00  0.000000e+00 -1.000000e+00
   outer loop
     vertex -2.368416e-01  9.497047e+00  1.720000e+01
     vertex -1.181265e+00  9.426272e+00  1.720000e+01
     vertex -7.099359e-01  9.473436e+00  1.720000e+01
   endloop
 endfacet
 facet normal  0.000000e+00  0.000000e+00 -1.000000e+00
   outer loop
     vertex -2.368416e-01  9.497047e+00  1.720000e+01
     vertex -1.649658e+00  9.355674e+00  1.720000e+01
     vertex -1.181265e+00  9.426272e+00  1.720000e+01
   endloop
 endfacet
 facet normal  0.000000e+00  0.000000e+00 -1.000000e+00
   outer loop
     vertex -2.368416e-01  9.497047e+00  1.720000e+01
     vertex -2.113949e+00  9.261815e+00  1.720000e+01
     vertex -1.649658e+00  9.355674e+00  1.720000e+01
   endloop
 endfacet
 facet normal  0.000000e+00  0.000000e+00 -1.000000e+00
   outer loop
     vertex -2.368416e-01  9.497047e+00  1.720000e+01
     vertex -6.633250e+00  6.800735e+00  1.720000e+01
     vertex -2.113949e+00  9.261815e+00  1.720000e+01
   endloop
 endfacet
 facet normal -0.000000e+00  0.000000e+00 -1.000000e+00
   outer loop
     vertex  2.368416e-01  9.497047e+00  1.720000e+01
     vertex -6.633250e+00  6.800735e+00  1.720000e+01
     vertex -2.368416e-01  9.497047e+00  1.720000e+01
   endloop
 endfacet
 facet normal  0.000000e+00 -0.000000e+00 -1.000000e+00
   outer loop
     vertex  9.488191e+00  4.735359e-01  1.720000e+01
     vertex  9.488191e+00 -4.735359e-01  1.720000e+01
     vertex  9.311639e+00 -1.882388e+00  1.720000e+01
   endloop
 endfacet
 facet normal  0.000000e+00  0.000000e+00 -1.000000e+00
   outer loop
     vertex  9.488191e+00  4.735359e-01  1.720000e+01
     vertex  9.500000e+00  0.000000e+00  1.720000e+01
     vertex  9.488191e+00 -4.735359e-01  1.720000e+01
   endloop
 endfacet
 facet normal  0.000000e+00 -0.000000e+00 -1.000000e+00
   outer loop
     vertex  9.452792e+00  9.458945e-01  1.720000e+01
     vertex  9.488191e+00  4.735359e-01  1.720000e+01
     vertex  9.311639e+00 -1.882388e+00  1.720000e+01
   endloop
 endfacet
 facet normal  0.000000e+00  0.000000e+00 -1.000000e+00
   outer loop
     vertex  9.452792e+00  9.458945e-01  1.720000e+01
     vertex  9.311639e+00 -1.882388e+00  1.720000e+01
     vertex  9.206234e+00 -2.344195e+00  1.720000e+01
   endloop
 endfacet
 facet normal  0.000000e+00  0.000000e+00 -1.000000e+00
   outer loop
     vertex  9.311639e+00  1.882388e+00  1.720000e+01
     vertex  9.393893e+00  1.415902e+00  1.720000e+01
     vertex  9.452792e+00  9.458945e-01  1.720000e+01
   endloop
 endfacet
 facet normal  0.000000e+00  0.000000e+00 -1.000000e+00
   outer loop
     vertex  2.113949e+00  9.261815e+00  1.720000e+01
     vertex  1.181265e+00  9.426272e+00  1.720000e+01
     vertex  1.649658e+00  9.355674e+00  1.720000e+01
   endloop
 endfacet
 facet normal  0.000000e+00  0.000000e+00 -1.000000e+00
   outer loop
     vertex  2.113949e+00  9.261815e+00  1.720000e+01
     vertex  7.099359e-01  9.473436e+00  1.720000e+01
     vertex  1.181265e+00  9.426272e+00  1.720000e+01
   endloop
 endfacet
 facet normal  0.000000e+00  0.000000e+00 -1.000000e+00
   outer loop
     vertex  2.113949e+00  9.261815e+00  1.720000e+01
     vertex  2.368416e-01  9.497047e+00  1.720000e+01
     vertex  7.099359e-01  9.473436e+00  1.720000e+01
   endloop
 endfacet
 facet normal -0.000000e+00  0.000000e+00 -1.000000e+00
   outer loop
     vertex  2.572984e+00  9.144930e+00  1.720000e+01
     vertex -6.633250e+00  6.800735e+00  1.720000e+01
     vertex  2.368416e-01  9.497047e+00  1.720000e+01
   endloop
 endfacet
 facet normal  0.000000e+00  0.000000e+00 -1.000000e+00
   outer loop
     vertex  2.572984e+00  9.144930e+00  1.720000e+01
     vertex  2.368416e-01  9.497047e+00  1.720000e+01
     vertex  2.113949e+00  9.261815e+00  1.720000e+01
   endloop
 endfacet
 facet normal  0.000000e+00  0.000000e+00 -1.000000e+00
   outer loop
     vertex  9.077942e+00  2.800174e+00  1.720000e+01
     vertex  9.206234e+00  2.344195e+00  1.720000e+01
     vertex  9.311639e+00  1.882388e+00  1.720000e+01
   endloop
 endfacet
 facet normal  0.000000e+00  0.000000e+00 -1.000000e+00
   outer loop
     vertex  9.077942e+00  2.800174e+00  1.720000e+01
     vertex  9.311639e+00  1.882388e+00  1.720000e+01
     vertex  9.452792e+00  9.458945e-01  1.720000e+01
   endloop
 endfacet
 facet normal  0.000000e+00  0.000000e+00 -1.000000e+00
   outer loop
     vertex  8.927080e+00  3.249191e+00  1.720000e+01
     vertex  9.077942e+00  2.800174e+00  1.720000e+01
     vertex  9.452792e+00  9.458945e-01  1.720000e+01
   endloop
 endfacet
 facet normal  0.000000e+00  0.000000e+00 -1.000000e+00
   outer loop
     vertex  3.470740e+00  8.843301e+00  1.720000e+01
     vertex  2.572984e+00  9.144930e+00  1.720000e+01
     vertex  3.025623e+00  9.005310e+00  1.720000e+01
   endloop
 endfacet
 facet normal  0.000000e+00  0.000000e+00 -1.000000e+00
   outer loop
     vertex  3.907227e+00  8.659306e+00  1.720000e+01
     vertex  2.572984e+00  9.144930e+00  1.720000e+01
     vertex  3.470740e+00  8.843301e+00  1.720000e+01
   endloop
 endfacet
 facet normal  0.000000e+00  0.000000e+00 -1.000000e+00
   outer loop
     vertex  4.750000e+00  8.227241e+00  1.720000e+01
     vertex  3.907227e+00  8.659306e+00  1.720000e+01
     vertex  4.334001e+00  8.453782e+00  1.720000e+01
   endloop
 endfacet
 facet normal  0.000000e+00  0.000000e+00 -1.000000e+00
   outer loop
     vertex  4.750000e+00  8.227241e+00  1.720000e+01
     vertex  2.572984e+00  9.144930e+00  1.720000e+01
     vertex  3.907227e+00  8.659306e+00  1.720000e+01
   endloop
 endfacet
 facet normal  0.000000e+00  0.000000e+00 -1.000000e+00
   outer loop
     vertex  8.106263e+00  4.953634e+00  1.720000e+01
     vertex  8.754024e+00  3.690131e+00  1.720000e+01
     vertex  8.927080e+00  3.249191e+00  1.720000e+01
   endloop
 endfacet
 facet normal  0.000000e+00  0.000000e+00 -1.000000e+00
   outer loop
     vertex  8.106263e+00  4.953634e+00  1.720000e+01
     vertex  8.559204e+00  4.121896e+00  1.720000e+01
     vertex  8.754024e+00  3.690131e+00  1.720000e+01
   endloop
 endfacet
 facet normal  0.000000e+00  0.000000e+00 -1.000000e+00
   outer loop
     vertex  8.106263e+00  4.953634e+00  1.720000e+01
     vertex  8.343105e+00  4.543413e+00  1.720000e+01
     vertex  8.559204e+00  4.121896e+00  1.720000e+01
   endloop
 endfacet
 facet normal  0.000000e+00  0.000000e+00 -1.000000e+00
   outer loop
     vertex  8.106263e+00  4.953634e+00  1.720000e+01
     vertex  9.452792e+00  9.458945e-01  1.720000e+01
     vertex  9.206234e+00 -2.344195e+00  1.720000e+01
   endloop
 endfacet
 facet normal  0.000000e+00  0.000000e+00 -1.000000e+00
   outer loop
     vertex  8.106263e+00  4.953634e+00  1.720000e+01
     vertex  8.927080e+00  3.249191e+00  1.720000e+01
     vertex  9.452792e+00  9.458945e-01  1.720000e+01
   endloop
 endfacet
 facet normal -0.000000e+00 -0.000000e+00 -1.000000e+00
   outer loop
     vertex  8.106263e+00  4.953634e+00  1.720000e+01
     vertex  9.206234e+00 -2.344195e+00  1.720000e+01
     vertex -6.633250e+00  6.800735e+00  1.720000e+01
   endloop
 endfacet
 facet normal  0.000000e+00  0.000000e+00 -1.000000e+00
   outer loop
     vertex  5.545565e+00  7.713411e+00  1.720000e+01
     vertex  4.750000e+00  8.227241e+00  1.720000e+01
     vertex  5.154190e+00  7.980246e+00  1.720000e+01
   endloop
 endfacet
 facet normal  0.000000e+00  0.000000e+00 -1.000000e+00
   outer loop
     vertex  5.545565e+00  7.713411e+00  1.720000e+01
     vertex  2.572984e+00  9.144930e+00  1.720000e+01
     vertex  4.750000e+00  8.227241e+00  1.720000e+01
   endloop
 endfacet
 facet normal  0.000000e+00  0.000000e+00 -1.000000e+00
   outer loop
     vertex  7.572759e+00  5.736142e+00  1.720000e+01
     vertex  7.849268e+00  5.351541e+00  1.720000e+01
     vertex  8.106263e+00  4.953634e+00  1.720000e+01
   endloop
 endfacet
 facet normal  0.000000e+00  0.000000e+00 -1.000000e+00
   outer loop
     vertex  6.286015e+00  7.122921e+00  1.720000e+01
     vertex  5.545565e+00  7.713411e+00  1.720000e+01
     vertex  5.923153e+00  7.427399e+00  1.720000e+01
   endloop
 endfacet
 facet normal  0.000000e+00  0.000000e+00 -1.000000e+00
   outer loop
     vertex  6.286015e+00  7.122921e+00  1.720000e+01
     vertex  2.572984e+00  9.144930e+00  1.720000e+01
     vertex  5.545565e+00  7.713411e+00  1.720000e+01
   endloop
 endfacet
 facet normal  0.000000e+00  0.000000e+00 -1.000000e+00
   outer loop
     vertex  6.963993e+00  6.461641e+00  1.720000e+01
     vertex  7.277422e+00  6.106482e+00  1.720000e+01
     vertex  7.572759e+00  5.736142e+00  1.720000e+01
   endloop
 endfacet
 facet normal  0.000000e+00  0.000000e+00 -1.000000e+00
   outer loop
     vertex  6.963993e+00  6.461641e+00  1.720000e+01
     vertex  7.572759e+00  5.736142e+00  1.720000e+01
     vertex  8.106263e+00  4.953634e+00  1.720000e+01
   endloop
 endfacet
 facet normal -0.000000e+00  0.000000e+00 -1.000000e+00
   outer loop
     vertex  6.633250e+00  6.800735e+00  1.720000e+01
     vertex -6.633250e+00  6.800735e+00  1.720000e+01
     vertex  2.572984e+00  9.144930e+00  1.720000e+01
   endloop
 endfacet
 facet normal  0.000000e+00 -0.000000e+00 -1.000000e+00
   outer loop
     vertex  6.633250e+00  6.800735e+00  1.720000e+01
     vertex  8.106263e+00  4.953634e+00  1.720000e+01
     vertex -6.633250e+00  6.800735e+00  1.720000e+01
   endloop
 endfacet
 facet normal  0.000000e+00  0.000000e+00 -1.000000e+00
   outer loop
     vertex  6.633250e+00  6.800735e+00  1.720000e+01
     vertex  2.572984e+00  9.144930e+00  1.720000e+01
     vertex  6.286015e+00  7.122921e+00  1.720000e+01
   endloop
 endfacet
 facet normal  0.000000e+00  0.000000e+00 -1.000000e+00
   outer loop
     vertex  6.633250e+00  6.800735e+00  1.720000e+01
     vertex  6.963993e+00  6.461641e+00  1.720000e+01
     vertex  8.106263e+00  4.953634e+00  1.720000e+01
   endloop
 endfacet
 facet normal  0.000000e+00  0.000000e+00  1.000000e+00
   outer loop
     vertex -7.277422e+00 -6.106482e+00  2.720000e+01
     vertex -6.963993e+00 -6.461641e+00  2.720000e+01
     vertex -6.633250e+00 -6.800735e+00  2.720000e+01
   endloop
 endfacet
 facet normal  0.000000e+00  0.000000e+00  1.000000e+00
   outer loop
     vertex -5.923153e+00 -7.427399e+00  2.720000e+01
     vertex -6.633250e+00 -6.800735e+00  2.720000e+01
     vertex -6.286015e+00 -7.122921e+00  2.720000e+01
   endloop
 endfacet
 facet normal  0.000000e+00  0.000000e+00  1.000000e+00
   outer loop
     vertex -7.572759e+00 -5.736142e+00  2.720000e+01
     vertex -7.277422e+00 -6.106482e+00  2.720000e+01
     vertex -6.633250e+00 -6.800735e+00  2.720000e+01
   endloop
 endfacet
 facet normal  0.000000e+00  0.000000e+00  1.000000e+00
   outer loop
     vertex -7.572759e+00 -5.736142e+00  2.720000e+01
     vertex -6.633250e+00 -6.800735e+00  2.720000e+01
     vertex -5.923153e+00 -7.427399e+00  2.720000e+01
   endloop
 endfacet
 facet normal  0.000000e+00  0.000000e+00  1.000000e+00
   outer loop
     vertex -5.154190e+00 -7.980246e+00  2.720000e+01
     vertex -5.923153e+00 -7.427399e+00  2.720000e+01
     vertex -5.545565e+00 -7.713411e+00  2.720000e+01
   endloop
 endfacet
 facet normal  0.000000e+00  0.000000e+00  1.000000e+00
   outer loop
     vertex -8.343105e+00 -4.543413e+00  2.720000e+01
     vertex -8.106263e+00 -4.953634e+00  2.720000e+01
     vertex -7.849268e+00 -5.351541e+00  2.720000e+01
   endloop
 endfacet
 facet normal  0.000000e+00  0.000000e+00  1.000000e+00
   outer loop
     vertex -4.334001e+00 -8.453782e+00  2.720000e+01
     vertex -7.572759e+00 -5.736142e+00  2.720000e+01
     vertex -5.923153e+00 -7.427399e+00  2.720000e+01
   endloop
 endfacet
 facet normal  0.000000e+00  0.000000e+00  1.000000e+00
   outer loop
     vertex -4.334001e+00 -8.453782e+00  2.720000e+01
     vertex -5.923153e+00 -7.427399e+00  2.720000e+01
     vertex -5.154190e+00 -7.980246e+00  2.720000e+01
   endloop
 endfacet
 facet normal  0.000000e+00  0.000000e+00  1.000000e+00
   outer loop
     vertex -4.334001e+00 -8.453782e+00  2.720000e+01
     vertex -7.849268e+00 -5.351541e+00  2.720000e+01
     vertex -7.572759e+00 -5.736142e+00  2.720000e+01
   endloop
 endfacet
 facet normal  0.000000e+00  0.000000e+00  1.000000e+00
   outer loop
     vertex -4.334001e+00 -8.453782e+00  2.720000e+01
     vertex -5.154190e+00 -7.980246e+00  2.720000e+01
     vertex -4.750000e+00 -8.227241e+00  2.720000e+01
   endloop
 endfacet
 facet normal  0.000000e+00  0.000000e+00  1.000000e+00
   outer loop
     vertex -8.754024e+00 -3.690131e+00  2.720000e+01
     vertex -8.343105e+00 -4.543413e+00  2.720000e+01
     vertex -7.849268e+00 -5.351541e+00  2.720000e+01
   endloop
 endfacet
 facet normal  0.000000e+00  0.000000e+00  1.000000e+00
   outer loop
     vertex -8.754024e+00 -3.690131e+00  2.720000e+01
     vertex -8.559204e+00 -4.121896e+00  2.720000e+01
     vertex -8.343105e+00 -4.543413e+00  2.720000e+01
   endloop
 endfacet
 facet normal  0.000000e+00  0.000000e+00  1.000000e+00
   outer loop
     vertex -3.470740e+00 -8.843301e+00  2.720000e+01
     vertex -4.334001e+00 -8.453782e+00  2.720000e+01
     vertex -3.907227e+00 -8.659306e+00  2.720000e+01
   endloop
 endfacet
 facet normal  0.000000e+00  0.000000e+00  1.000000e+00
   outer loop
     vertex -9.206234e+00 -2.344195e+00  2.720000e+01
     vertex -8.754024e+00 -3.690131e+00  2.720000e+01
     vertex -7.849268e+00 -5.351541e+00  2.720000e+01
   endloop
 endfacet
 facet normal  0.000000e+00  0.000000e+00  1.000000e+00
   outer loop
     vertex -9.206234e+00 -2.344195e+00  2.720000e+01
     vertex -9.077942e+00 -2.800174e+00  2.720000e+01
     vertex -8.927080e+00 -3.249191e+00  2.720000e+01
   endloop
 endfacet
 facet normal  0.000000e+00  0.000000e+00  1.000000e+00
   outer loop
     vertex -9.206234e+00 -2.344195e+00  2.720000e+01
     vertex -8.927080e+00 -3.249191e+00  2.720000e+01
     vertex -8.754024e+00 -3.690131e+00  2.720000e+01
   endloop
 endfacet
 facet normal  0.000000e+00  0.000000e+00  1.000000e+00
   outer loop
     vertex -2.113949e+00 -9.261815e+00  2.720000e+01
     vertex -4.334001e+00 -8.453782e+00  2.720000e+01
     vertex -3.470740e+00 -8.843301e+00  2.720000e+01
   endloop
 endfacet
 facet normal  0.000000e+00  0.000000e+00  1.000000e+00
   outer loop
     vertex -2.113949e+00 -9.261815e+00  2.720000e+01
     vertex -3.470740e+00 -8.843301e+00  2.720000e+01
     vertex -3.025623e+00 -9.005310e+00  2.720000e+01
   endloop
 endfacet
 facet normal  0.000000e+00  0.000000e+00  1.000000e+00
   outer loop
     vertex -2.113949e+00 -9.261815e+00  2.720000e+01
     vertex -3.025623e+00 -9.005310e+00  2.720000e+01
     vertex -2.572984e+00 -9.144930e+00  2.720000e+01
   endloop
 endfacet
 facet normal  0.000000e+00  0.000000e+00  1.000000e+00
   outer loop
     vertex -9.393893e+00 -1.415902e+00  2.720000e+01
     vertex -9.311639e+00 -1.882388e+00  2.720000e+01
     vertex -9.206234e+00 -2.344195e+00  2.720000e+01
   endloop
 endfacet
 facet normal  0.000000e+00  0.000000e+00  1.000000e+00
   outer loop
     vertex -1.181265e+00 -9.426272e+00  2.720000e+01
     vertex -2.113949e+00 -9.261815e+00  2.720000e+01
     vertex -1.649658e+00 -9.355674e+00  2.720000e+01
   endloop
 endfacet
 facet normal  0.000000e+00  0.000000e+00  1.000000e+00
   outer loop
     vertex -9.500000e+00 -3.258737e-14  2.720000e+01
     vertex -9.488191e+00 -4.735359e-01  2.720000e+01
     vertex -9.452792e+00 -9.458945e-01  2.720000e+01
   endloop
 endfacet
 facet normal  0.000000e+00  0.000000e+00  1.000000e+00
   outer loop
     vertex -9.500000e+00 -3.258737e-14  2.720000e+01
     vertex -9.452792e+00 -9.458945e-01  2.720000e+01
     vertex -9.393893e+00 -1.415902e+00  2.720000e+01
   endloop
 endfacet
 facet normal  0.000000e+00  0.000000e+00  1.000000e+00
   outer loop
     vertex  2.368416e-01 -9.497047e+00  2.720000e+01
     vertex -7.849268e+00 -5.351541e+00  2.720000e+01
     vertex -4.334001e+00 -8.453782e+00  2.720000e+01
   endloop
 endfacet
 facet normal  0.000000e+00  0.000000e+00  1.000000e+00
   outer loop
     vertex  2.368416e-01 -9.497047e+00  2.720000e+01
     vertex -4.334001e+00 -8.453782e+00  2.720000e+01
     vertex -2.113949e+00 -9.261815e+00  2.720000e+01
   endloop
 endfacet
 facet normal  0.000000e+00  0.000000e+00  1.000000e+00
   outer loop
     vertex  2.368416e-01 -9.497047e+00  2.720000e+01
     vertex -2.113949e+00 -9.261815e+00  2.720000e+01
     vertex -1.181265e+00 -9.426272e+00  2.720000e+01
   endloop
 endfacet
 facet normal  0.000000e+00  0.000000e+00  1.000000e+00
   outer loop
     vertex  2.368416e-01 -9.497047e+00  2.720000e+01
     vertex -1.181265e+00 -9.426272e+00  2.720000e+01
     vertex -7.099359e-01 -9.473436e+00  2.720000e+01
   endloop
 endfacet
 facet normal  0.000000e+00  0.000000e+00  1.000000e+00
   outer loop
     vertex  2.368416e-01 -9.497047e+00  2.720000e+01
     vertex -7.099359e-01 -9.473436e+00  2.720000e+01
     vertex -2.368416e-01 -9.497047e+00  2.720000e+01
   endloop
 endfacet
 facet normal  0.000000e+00  0.000000e+00  1.000000e+00
   outer loop
     vertex -9.452792e+00  9.458945e-01  2.720000e+01
     vertex -9.488191e+00  4.735359e-01  2.720000e+01
     vertex -9.500000e+00 -3.258737e-14  2.720000e+01
   endloop
 endfacet
 facet normal  0.000000e+00  0.000000e+00  1.000000e+00
   outer loop
     vertex -9.452792e+00  9.458945e-01  2.720000e+01
     vertex -9.393893e+00 -1.415902e+00  2.720000e+01
     vertex -9.206234e+00 -2.344195e+00  2.720000e+01
   endloop
 endfacet
 facet normal  0.000000e+00  0.000000e+00  1.000000e+00
   outer loop
     vertex -9.452792e+00  9.458945e-01  2.720000e+01
     vertex -9.500000e+00 -3.258737e-14  2.720000e+01
     vertex -9.393893e+00 -1.415902e+00  2.720000e+01
   endloop
 endfacet
 facet normal  0.000000e+00  0.000000e+00  1.000000e+00
   outer loop
     vertex  1.649658e+00 -9.355674e+00  2.720000e+01
     vertex  2.368416e-01 -9.497047e+00  2.720000e+01
     vertex  7.099359e-01 -9.473436e+00  2.720000e+01
   endloop
 endfacet
 facet normal  0.000000e+00  0.000000e+00  1.000000e+00
   outer loop
     vertex  1.649658e+00 -9.355674e+00  2.720000e+01
     vertex  7.099359e-01 -9.473436e+00  2.720000e+01
     vertex  1.181265e+00 -9.426272e+00  2.720000e+01
   endloop
 endfacet
 facet normal  0.000000e+00  0.000000e+00  1.000000e+00
   outer loop
     vertex -9.206234e+00  2.344195e+00  2.720000e+01
     vertex -9.311639e+00  1.882388e+00  2.720000e+01
     vertex -9.393893e+00  1.415902e+00  2.720000e+01
   endloop
 endfacet
 facet normal  0.000000e+00  0.000000e+00  1.000000e+00
   outer loop
     vertex -9.206234e+00  2.344195e+00  2.720000e+01
     vertex -9.393893e+00  1.415902e+00  2.720000e+01
     vertex -9.452792e+00  9.458945e-01  2.720000e+01
   endloop
 endfacet
 facet normal  0.000000e+00  0.000000e+00  1.000000e+00
   outer loop
     vertex -9.206234e+00  2.344195e+00  2.720000e+01
     vertex -9.206234e+00 -2.344195e+00  2.720000e+01
     vertex -7.849268e+00 -5.351541e+00  2.720000e+01
   endloop
 endfacet
 facet normal  0.000000e+00  0.000000e+00  1.000000e+00
   outer loop
     vertex -9.206234e+00  2.344195e+00  2.720000e+01
     vertex -7.849268e+00 -5.351541e+00  2.720000e+01
     vertex  2.368416e-01 -9.497047e+00  2.720000e+01
   endloop
 endfacet
 facet normal  0.000000e+00  0.000000e+00  1.000000e+00
   outer loop
     vertex -9.206234e+00  2.344195e+00  2.720000e+01
     vertex -9.452792e+00  9.458945e-01  2.720000e+01
     vertex -9.206234e+00 -2.344195e+00  2.720000e+01
   endloop
 endfacet
 facet normal  0.000000e+00  0.000000e+00  1.000000e+00
   outer loop
     vertex  3.470740e+00 -8.843301e+00  2.720000e+01
     vertex  2.572984e+00 -9.144930e+00  2.720000e+01
     vertex  3.025623e+00 -9.005310e+00  2.720000e+01
   endloop
 endfacet
 facet normal  0.000000e+00  0.000000e+00  1.000000e+00
   outer loop
     vertex  3.470740e+00 -8.843301e+00  2.720000e+01
     vertex  2.113949e+00 -9.261815e+00  2.720000e+01
     vertex  2.572984e+00 -9.144930e+00  2.720000e+01
   endloop
 endfacet
 facet normal  0.000000e+00  0.000000e+00  1.000000e+00
   outer loop
     vertex  3.907227e+00 -8.659306e+00  2.720000e+01
     vertex  2.368416e-01 -9.497047e+00  2.720000e+01
     vertex  1.649658e+00 -9.355674e+00  2.720000e+01
   endloop
 endfacet
 facet normal  0.000000e+00  0.000000e+00  1.000000e+00
   outer loop
     vertex  3.907227e+00 -8.659306e+00  2.720000e+01
     vertex  2.113949e+00 -9.261815e+00  2.720000e+01
     vertex  3.470740e+00 -8.843301e+00  2.720000e+01
   endloop
 endfacet
 facet normal  0.000000e+00  0.000000e+00  1.000000e+00
   outer loop
     vertex  3.907227e+00 -8.659306e+00  2.720000e+01
     vertex  1.649658e+00 -9.355674e+00  2.720000e+01
     vertex  2.113949e+00 -9.261815e+00  2.720000e+01
   endloop
 endfacet
 facet normal  0.000000e+00  0.000000e+00  1.000000e+00
   outer loop
     vertex -8.559204e+00  4.121896e+00  2.720000e+01
     vertex -8.754024e+00  3.690131e+00  2.720000e+01
     vertex -8.927080e+00  3.249191e+00  2.720000e+01
   endloop
 endfacet
 facet normal  0.000000e+00  0.000000e+00  1.000000e+00
   outer loop
     vertex  4.750000e+00 -8.227241e+00  2.720000e+01
     vertex  3.907227e+00 -8.659306e+00  2.720000e+01
     vertex  4.334001e+00 -8.453782e+00  2.720000e+01
   endloop
 endfacet
 facet normal  0.000000e+00  0.000000e+00  1.000000e+00
   outer loop
     vertex  4.750000e+00 -8.227241e+00  2.720000e+01
     vertex  2.368416e-01 -9.497047e+00  2.720000e+01
     vertex  3.907227e+00 -8.659306e+00  2.720000e+01
   endloop
 endfacet
 facet normal  0.000000e+00  0.000000e+00  1.000000e+00
   outer loop
     vertex -8.106263e+00  4.953634e+00  2.720000e+01
     vertex -8.343105e+00  4.543413e+00  2.720000e+01
     vertex -8.559204e+00  4.121896e+00  2.720000e+01
   endloop
 endfacet
 facet normal  0.000000e+00  0.000000e+00  1.000000e+00
   outer loop
     vertex  5.154190e+00 -7.980246e+00  2.720000e+01
     vertex  2.368416e-01 -9.497047e+00  2.720000e+01
     vertex  4.750000e+00 -8.227241e+00  2.720000e+01
   endloop
 endfacet
 facet normal  0.000000e+00  0.000000e+00  1.000000e+00
   outer loop
     vertex -7.849268e+00  5.351541e+00  2.720000e+01
     vertex -8.559204e+00  4.121896e+00  2.720000e+01
     vertex -8.927080e+00  3.249191e+00  2.720000e+01
   endloop
 endfacet
 facet normal  0.000000e+00  0.000000e+00  1.000000e+00
   outer loop
     vertex -7.849268e+00  5.351541e+00  2.720000e+01
     vertex -8.106263e+00  4.953634e+00  2.720000e+01
     vertex -8.559204e+00  4.121896e+00  2.720000e+01
   endloop
 endfacet
 facet normal  0.000000e+00  0.000000e+00  1.000000e+00
   outer loop
     vertex -7.849268e+00  5.351541e+00  2.720000e+01
     vertex -8.927080e+00  3.249191e+00  2.720000e+01
     vertex -9.077942e+00  2.800174e+00  2.720000e+01
   endloop
 endfacet
 facet normal  0.000000e+00  0.000000e+00  1.000000e+00
   outer loop
     vertex -7.849268e+00  5.351541e+00  2.720000e+01
     vertex -9.077942e+00  2.800174e+00  2.720000e+01
     vertex -9.206234e+00  2.344195e+00  2.720000e+01
   endloop
 endfacet
 facet normal  0.000000e+00  0.000000e+00  1.000000e+00
   outer loop
     vertex  5.923153e+00 -7.427399e+00  2.720000e+01
     vertex  5.154190e+00 -7.980246e+00  2.720000e+01
     vertex  5.545565e+00 -7.713411e+00  2.720000e+01
   endloop
 endfacet
 facet normal  0.000000e+00  0.000000e+00  1.000000e+00
   outer loop
     vertex  5.923153e+00 -7.427399e+00  2.720000e+01
     vertex  2.368416e-01 -9.497047e+00  2.720000e+01
     vertex  5.154190e+00 -7.980246e+00  2.720000e+01
   endloop
 endfacet
 facet normal  0.000000e+00  0.000000e+00  1.000000e+00
   outer loop
     vertex -7.277422e+00  6.106482e+00  2.720000e+01
     vertex -9.206234e+00  2.344195e+00  2.720000e+01
     vertex  2.368416e-01 -9.497047e+00  2.720000e+01
   endloop
 endfacet
 facet normal  0.000000e+00  0.000000e+00  1.000000e+00
   outer loop
     vertex -7.277422e+00  6.106482e+00  2.720000e+01
     vertex -7.849268e+00  5.351541e+00  2.720000e+01
     vertex -9.206234e+00  2.344195e+00  2.720000e+01
   endloop
 endfacet
 facet normal  0.000000e+00  0.000000e+00  1.000000e+00
   outer loop
     vertex -7.277422e+00  6.106482e+00  2.720000e+01
     vertex  2.368416e-01 -9.497047e+00  2.720000e+01
     vertex  5.923153e+00 -7.427399e+00  2.720000e+01
   endloop
 endfacet
 facet normal  0.000000e+00  0.000000e+00  1.000000e+00
   outer loop
     vertex -7.277422e+00  6.106482e+00  2.720000e+01
     vertex -7.572759e+00  5.736142e+00  2.720000e+01
     vertex -7.849268e+00  5.351541e+00  2.720000e+01
   endloop
 endfacet
 facet normal  0.000000e+00  0.000000e+00  1.000000e+00
   outer loop
     vertex  6.286015e+00 -7.122921e+00  2.720000e+01
     vertex -7.277422e+00  6.106482e+00  2.720000e+01
     vertex  5.923153e+00 -7.427399e+00  2.720000e+01
   endloop
 endfacet
 facet normal  0.000000e+00  0.000000e+00  1.000000e+00
   outer loop
     vertex -6.963993e+00  6.461641e+00  2.720000e+01
     vertex -7.277422e+00  6.106482e+00  2.720000e+01
     vertex  6.286015e+00 -7.122921e+00  2.720000e+01
   endloop
 endfacet
 facet normal  0.000000e+00  0.000000e+00  1.000000e+00
   outer loop
     vertex  6.633250e+00 -6.800735e+00  2.720000e+01
     vertex -6.963993e+00  6.461641e+00  2.720000e+01
     vertex  6.286015e+00 -7.122921e+00  2.720000e+01
   endloop
 endfacet
 facet normal  0.000000e+00  0.000000e+00  1.000000e+00
   outer loop
     vertex -5.545565e+00  7.713411e+00  2.720000e+01
     vertex -5.923153e+00  7.427399e+00  2.720000e+01
     vertex -6.286015e+00  7.122921e+00  2.720000e+01
   endloop
 endfacet
 facet normal  0.000000e+00  0.000000e+00  1.000000e+00
   outer loop
     vertex -5.545565e+00  7.713411e+00  2.720000e+01
     vertex -6.286015e+00  7.122921e+00  2.720000e+01
     vertex -6.633250e+00  6.800735e+00  2.720000e+01
   endloop
 endfacet
 facet normal  0.000000e+00  0.000000e+00  1.000000e+00
   outer loop
     vertex  7.849268e+00 -5.351541e+00  2.720000e+01
     vertex  6.963993e+00 -6.461641e+00  2.720000e+01
     vertex  7.277422e+00 -6.106482e+00  2.720000e+01
   endloop
 endfacet
 facet normal  0.000000e+00  0.000000e+00  1.000000e+00
   outer loop
     vertex  7.849268e+00 -5.351541e+00  2.720000e+01
     vertex  7.277422e+00 -6.106482e+00  2.720000e+01
     vertex  7.572759e+00 -5.736142e+00  2.720000e+01
   endloop
 endfacet
 facet normal  0.000000e+00  0.000000e+00  1.000000e+00
   outer loop
     vertex  8.106263e+00 -4.953634e+00  2.720000e+01
     vertex  6.633250e+00 -6.800735e+00  2.720000e+01
     vertex  6.963993e+00 -6.461641e+00  2.720000e+01
   endloop
 endfacet
 facet normal  0.000000e+00  0.000000e+00  1.000000e+00
   outer loop
     vertex  8.106263e+00 -4.953634e+00  2.720000e+01
     vertex  6.963993e+00 -6.461641e+00  2.720000e+01
     vertex  7.849268e+00 -5.351541e+00  2.720000e+01
   endloop
 endfacet
 facet normal  0.000000e+00  0.000000e+00  1.000000e+00
   outer loop
     vertex -4.750000e+00  8.227241e+00  2.720000e+01
     vertex -5.154190e+00  7.980246e+00  2.720000e+01
     vertex -5.545565e+00  7.713411e+00  2.720000e+01
   endloop
 endfacet
 facet normal  0.000000e+00  0.000000e+00  1.000000e+00
   outer loop
     vertex -4.750000e+00  8.227241e+00  2.720000e+01
     vertex -5.545565e+00  7.713411e+00  2.720000e+01
     vertex -6.633250e+00  6.800735e+00  2.720000e+01
   endloop
 endfacet
 facet normal  0.000000e+00  0.000000e+00  1.000000e+00
   outer loop
     vertex -3.907227e+00  8.659306e+00  2.720000e+01
     vertex -4.334001e+00  8.453782e+00  2.720000e+01
     vertex -4.750000e+00  8.227241e+00  2.720000e+01
   endloop
 endfacet
 facet normal  0.000000e+00  0.000000e+00  1.000000e+00
   outer loop
     vertex  8.754024e+00 -3.690131e+00  2.720000e+01
     vertex  8.106263e+00 -4.953634e+00  2.720000e+01
     vertex  8.343105e+00 -4.543413e+00  2.720000e+01
   endloop
 endfacet
 facet normal  0.000000e+00  0.000000e+00  1.000000e+00
   outer loop
     vertex  8.754024e+00 -3.690131e+00  2.720000e+01
     vertex  8.343105e+00 -4.543413e+00  2.720000e+01
     vertex  8.559204e+00 -4.121896e+00  2.720000e+01
   endloop
 endfacet
 facet normal  0.000000e+00  0.000000e+00  1.000000e+00
   outer loop
     vertex  8.754024e+00 -3.690131e+00  2.720000e+01
     vertex -6.963993e+00  6.461641e+00  2.720000e+01
     vertex  6.633250e+00 -6.800735e+00  2.720000e+01
   endloop
 endfacet
 facet normal  0.000000e+00  0.000000e+00  1.000000e+00
   outer loop
     vertex  8.754024e+00 -3.690131e+00  2.720000e+01
     vertex  6.633250e+00 -6.800735e+00  2.720000e+01
     vertex  8.106263e+00 -4.953634e+00  2.720000e+01
   endloop
 endfacet
 facet normal  0.000000e+00  0.000000e+00  1.000000e+00
   outer loop
     vertex -3.470740e+00  8.843301e+00  2.720000e+01
     vertex -3.907227e+00  8.659306e+00  2.720000e+01
     vertex -4.750000e+00  8.227241e+00  2.720000e+01
   endloop
 endfacet
 facet normal  0.000000e+00  0.000000e+00  1.000000e+00
   outer loop
     vertex -3.025623e+00  9.005310e+00  2.720000e+01
     vertex -3.470740e+00  8.843301e+00  2.720000e+01
     vertex -4.750000e+00  8.227241e+00  2.720000e+01
   endloop
 endfacet
 facet normal  0.000000e+00  0.000000e+00  1.000000e+00
   outer loop
     vertex  9.077942e+00 -2.800174e+00  2.720000e+01
     vertex  8.754024e+00 -3.690131e+00  2.720000e+01
     vertex  8.927080e+00 -3.249191e+00  2.720000e+01
   endloop
 endfacet
 facet normal  0.000000e+00  0.000000e+00  1.000000e+00
   outer loop
     vertex  9.077942e+00 -2.800174e+00  2.720000e+01
     vertex -6.963993e+00  6.461641e+00  2.720000e+01
     vertex  8.754024e+00 -3.690131e+00  2.720000e+01
   endloop
 endfacet
 facet normal  0.000000e+00  0.000000e+00  1.000000e+00
   outer loop
     vertex  9.206234e+00 -2.344195e+00  2.720000e+01
     vertex -6.633250e+00  6.800735e+00  2.720000e+01
     vertex -6.963993e+00  6.461641e+00  2.720000e+01
   endloop
 endfacet
 facet normal  0.000000e+00  0.000000e+00  1.000000e+00
   outer loop
     vertex  9.206234e+00 -2.344195e+00  2.720000e+01
     vertex -6.963993e+00  6.461641e+00  2.720000e+01
     vertex  9.077942e+00 -2.800174e+00  2.720000e+01
   endloop
 endfacet
 facet normal  0.000000e+00  0.000000e+00  1.000000e+00
   outer loop
     vertex -2.113949e+00  9.261815e+00  2.720000e+01
     vertex -2.572984e+00  9.144930e+00  2.720000e+01
     vertex -3.025623e+00  9.005310e+00  2.720000e+01
   endloop
 endfacet
 facet normal  0.000000e+00  0.000000e+00  1.000000e+00
   outer loop
     vertex -2.113949e+00  9.261815e+00  2.720000e+01
     vertex -4.750000e+00  8.227241e+00  2.720000e+01
     vertex -6.633250e+00  6.800735e+00  2.720000e+01
   endloop
 endfacet
 facet normal  0.000000e+00  0.000000e+00  1.000000e+00
   outer loop
     vertex -2.113949e+00  9.261815e+00  2.720000e+01
     vertex -3.025623e+00  9.005310e+00  2.720000e+01
     vertex -4.750000e+00  8.227241e+00  2.720000e+01
   endloop
 endfacet
 facet normal  0.000000e+00  0.000000e+00  1.000000e+00
   outer loop
     vertex  9.488191e+00 -4.735359e-01  2.720000e+01
     vertex  9.311639e+00 -1.882388e+00  2.720000e+01
     vertex  9.393893e+00 -1.415902e+00  2.720000e+01
   endloop
 endfacet
 facet normal  0.000000e+00  0.000000e+00  1.000000e+00
   outer loop
     vertex  9.488191e+00 -4.735359e-01  2.720000e+01
     vertex  9.393893e+00 -1.415902e+00  2.720000e+01
     vertex  9.452792e+00 -9.458945e-01  2.720000e+01
   endloop
 endfacet
 facet normal  0.000000e+00  0.000000e+00  1.000000e+00
   outer loop
     vertex -2.368416e-01  9.497047e+00  2.720000e+01
     vertex -7.099359e-01  9.473436e+00  2.720000e+01
     vertex -1.181265e+00  9.426272e+00  2.720000e+01
   endloop
 endfacet
 facet normal  0.000000e+00  0.000000e+00  1.000000e+00
   outer loop
     vertex -2.368416e-01  9.497047e+00  2.720000e+01
     vertex -1.181265e+00  9.426272e+00  2.720000e+01
     vertex -1.649658e+00  9.355674e+00  2.720000e+01
   endloop
 endfacet
 facet normal  0.000000e+00  0.000000e+00  1.000000e+00
   outer loop
     vertex -2.368416e-01  9.497047e+00  2.720000e+01
     vertex -1.649658e+00  9.355674e+00  2.720000e+01
     vertex -2.113949e+00  9.261815e+00  2.720000e+01
   endloop
 endfacet
 facet normal  0.000000e+00  0.000000e+00  1.000000e+00
   outer loop
     vertex -2.368416e-01  9.497047e+00  2.720000e+01
     vertex -2.113949e+00  9.261815e+00  2.720000e+01
     vertex -6.633250e+00  6.800735e+00  2.720000e+01
   endloop
 endfacet
 facet normal  0.000000e+00  0.000000e+00  1.000000e+00
   outer loop
     vertex  2.368416e-01  9.497047e+00  2.720000e+01
     vertex -2.368416e-01  9.497047e+00  2.720000e+01
     vertex -6.633250e+00  6.800735e+00  2.720000e+01
   endloop
 endfacet
 facet normal  0.000000e+00  0.000000e+00  1.000000e+00
   outer loop
     vertex  9.488191e+00  4.735359e-01  2.720000e+01
     vertex  9.311639e+00 -1.882388e+00  2.720000e+01
     vertex  9.488191e+00 -4.735359e-01  2.720000e+01
   endloop
 endfacet
 facet normal  0.000000e+00  0.000000e+00  1.000000e+00
   outer loop
     vertex  9.488191e+00  4.735359e-01  2.720000e+01
     vertex  9.488191e+00 -4.735359e-01  2.720000e+01
     vertex  9.500000e+00  0.000000e+00  2.720000e+01
   endloop
 endfacet
 facet normal  0.000000e+00  0.000000e+00  1.000000e+00
   outer loop
     vertex  9.452792e+00  9.458945e-01  2.720000e+01
     vertex  9.311639e+00 -1.882388e+00  2.720000e+01
     vertex  9.488191e+00  4.735359e-01  2.720000e+01
   endloop
 endfacet
 facet normal  0.000000e+00  0.000000e+00  1.000000e+00
   outer loop
     vertex  9.452792e+00  9.458945e-01  2.720000e+01
     vertex  9.206234e+00 -2.344195e+00  2.720000e+01
     vertex  9.311639e+00 -1.882388e+00  2.720000e+01
   endloop
 endfacet
 facet normal  0.000000e+00  0.000000e+00  1.000000e+00
   outer loop
     vertex  9.311639e+00  1.882388e+00  2.720000e+01
     vertex  9.452792e+00  9.458945e-01  2.720000e+01
     vertex  9.393893e+00  1.415902e+00  2.720000e+01
   endloop
 endfacet
 facet normal  0.000000e+00  0.000000e+00  1.000000e+00
   outer loop
     vertex  2.113949e+00  9.261815e+00  2.720000e+01
     vertex  1.649658e+00  9.355674e+00  2.720000e+01
     vertex  1.181265e+00  9.426272e+00  2.720000e+01
   endloop
 endfacet
 facet normal  0.000000e+00  0.000000e+00  1.000000e+00
   outer loop
     vertex  2.113949e+00  9.261815e+00  2.720000e+01
     vertex  1.181265e+00  9.426272e+00  2.720000e+01
     vertex  7.099359e-01  9.473436e+00  2.720000e+01
   endloop
 endfacet
 facet normal  0.000000e+00  0.000000e+00  1.000000e+00
   outer loop
     vertex  2.113949e+00  9.261815e+00  2.720000e+01
     vertex  7.099359e-01  9.473436e+00  2.720000e+01
     vertex  2.368416e-01  9.497047e+00  2.720000e+01
   endloop
 endfacet
 facet normal  0.000000e+00  0.000000e+00  1.000000e+00
   outer loop
     vertex  2.572984e+00  9.144930e+00  2.720000e+01
     vertex  2.368416e-01  9.497047e+00  2.720000e+01
     vertex -6.633250e+00  6.800735e+00  2.720000e+01
   endloop
 endfacet
 facet normal  0.000000e+00  0.000000e+00  1.000000e+00
   outer loop
     vertex  2.572984e+00  9.144930e+00  2.720000e+01
     vertex  2.113949e+00  9.261815e+00  2.720000e+01
     vertex  2.368416e-01  9.497047e+00  2.720000e+01
   endloop
 endfacet
 facet normal  0.000000e+00  0.000000e+00  1.000000e+00
   outer loop
     vertex  9.077942e+00  2.800174e+00  2.720000e+01
     vertex  9.311639e+00  1.882388e+00  2.720000e+01
     vertex  9.206234e+00  2.344195e+00  2.720000e+01
   endloop
 endfacet
 facet normal  0.000000e+00  0.000000e+00  1.000000e+00
   outer loop
     vertex  9.077942e+00  2.800174e+00  2.720000e+01
     vertex  9.452792e+00  9.458945e-01  2.720000e+01
     vertex  9.311639e+00  1.882388e+00  2.720000e+01
   endloop
 endfacet
 facet normal  0.000000e+00  0.000000e+00  1.000000e+00
   outer loop
     vertex  8.927080e+00  3.249191e+00  2.720000e+01
     vertex  9.452792e+00  9.458945e-01  2.720000e+01
     vertex  9.077942e+00  2.800174e+00  2.720000e+01
   endloop
 endfacet
 facet normal  0.000000e+00  0.000000e+00  1.000000e+00
   outer loop
     vertex  3.470740e+00  8.843301e+00  2.720000e+01
     vertex  3.025623e+00  9.005310e+00  2.720000e+01
     vertex  2.572984e+00  9.144930e+00  2.720000e+01
   endloop
 endfacet
 facet normal  0.000000e+00  0.000000e+00  1.000000e+00
   outer loop
     vertex  3.907227e+00  8.659306e+00  2.720000e+01
     vertex  3.470740e+00  8.843301e+00  2.720000e+01
     vertex  2.572984e+00  9.144930e+00  2.720000e+01
   endloop
 endfacet
 facet normal  0.000000e+00  0.000000e+00  1.000000e+00
   outer loop
     vertex  4.750000e+00  8.227241e+00  2.720000e+01
     vertex  4.334001e+00  8.453782e+00  2.720000e+01
     vertex  3.907227e+00  8.659306e+00  2.720000e+01
   endloop
 endfacet
 facet normal  0.000000e+00  0.000000e+00  1.000000e+00
   outer loop
     vertex  4.750000e+00  8.227241e+00  2.720000e+01
     vertex  3.907227e+00  8.659306e+00  2.720000e+01
     vertex  2.572984e+00  9.144930e+00  2.720000e+01
   endloop
 endfacet
 facet normal  0.000000e+00  0.000000e+00  1.000000e+00
   outer loop
     vertex  8.106263e+00  4.953634e+00  2.720000e+01
     vertex  8.927080e+00  3.249191e+00  2.720000e+01
     vertex  8.754024e+00  3.690131e+00  2.720000e+01
   endloop
 endfacet
 facet normal  0.000000e+00  0.000000e+00  1.000000e+00
   outer loop
     vertex  8.106263e+00  4.953634e+00  2.720000e+01
     vertex  8.754024e+00  3.690131e+00  2.720000e+01
     vertex  8.559204e+00  4.121896e+00  2.720000e+01
   endloop
 endfacet
 facet normal  0.000000e+00  0.000000e+00  1.000000e+00
   outer loop
     vertex  8.106263e+00  4.953634e+00  2.720000e+01
     vertex  8.559204e+00  4.121896e+00  2.720000e+01
     vertex  8.343105e+00  4.543413e+00  2.720000e+01
   endloop
 endfacet
 facet normal  0.000000e+00  0.000000e+00  1.000000e+00
   outer loop
     vertex  8.106263e+00  4.953634e+00  2.720000e+01
     vertex  9.206234e+00 -2.344195e+00  2.720000e+01
     vertex  9.452792e+00  9.458945e-01  2.720000e+01
   endloop
 endfacet
 facet normal  0.000000e+00  0.000000e+00  1.000000e+00
   outer loop
     vertex  8.106263e+00  4.953634e+00  2.720000e+01
     vertex  9.452792e+00  9.458945e-01  2.720000e+01
     vertex  8.927080e+00  3.249191e+00  2.720000e+01
   endloop
 endfacet
 facet normal  0.000000e+00  0.000000e+00  1.000000e+00
   outer loop
     vertex  8.106263e+00  4.953634e+00  2.720000e+01
     vertex -6.633250e+00  6.800735e+00  2.720000e+01
     vertex  9.206234e+00 -2.344195e+00  2.720000e+01
   endloop
 endfacet
 facet normal  0.000000e+00  0.000000e+00  1.000000e+00
   outer loop
     vertex  5.545565e+00  7.713411e+00  2.720000e+01
     vertex  5.154190e+00  7.980246e+00  2.720000e+01
     vertex  4.750000e+00  8.227241e+00  2.720000e+01
   endloop
 endfacet
 facet normal  0.000000e+00  0.000000e+00  1.000000e+00
   outer loop
     vertex  5.545565e+00  7.713411e+00  2.720000e+01
     vertex  4.750000e+00  8.227241e+00  2.720000e+01
     vertex  2.572984e+00  9.144930e+00  2.720000e+01
   endloop
 endfacet
 facet normal  0.000000e+00  0.000000e+00  1.000000e+00
   outer loop
     vertex  7.572759e+00  5.736142e+00  2.720000e+01
     vertex  8.106263e+00  4.953634e+00  2.720000e+01
     vertex  7.849268e+00  5.351541e+00  2.720000e+01
   endloop
 endfacet
 facet normal  0.000000e+00  0.000000e+00  1.000000e+00
   outer loop
     vertex  6.286015e+00  7.122921e+00  2.720000e+01
     vertex  5.923153e+00  7.427399e+00  2.720000e+01
     vertex  5.545565e+00  7.713411e+00  2.720000e+01
   endloop
 endfacet
 facet normal  0.000000e+00  0.000000e+00  1.000000e+00
   outer loop
     vertex  6.286015e+00  7.122921e+00  2.720000e+01
     vertex  5.545565e+00  7.713411e+00  2.720000e+01
     vertex  2.572984e+00  9.144930e+00  2.720000e+01
   endloop
 endfacet
 facet normal  0.000000e+00  0.000000e+00  1.000000e+00
   outer loop
     vertex  6.963993e+00  6.461641e+00  2.720000e+01
     vertex  7.572759e+00  5.736142e+00  2.720000e+01
     vertex  7.277422e+00  6.106482e+00  2.720000e+01
   endloop
 endfacet
 facet normal  0.000000e+00  0.000000e+00  1.000000e+00
   outer loop
     vertex  6.963993e+00  6.461641e+00  2.720000e+01
     vertex  8.106263e+00  4.953634e+00  2.720000e+01
     vertex  7.572759e+00  5.736142e+00  2.720000e+01
   endloop
 endfacet
 facet normal  0.000000e+00  0.000000e+00  1.000000e+00
   outer loop
     vertex  6.633250e+00  6.800735e+00  2.720000e+01
     vertex  2.572984e+00  9.144930e+00  2.720000e+01
     vertex -6.633250e+00  6.800735e+00  2.720000e+01
   endloop
 endfacet
 facet normal  0.000000e+00  0.000000e+00  1.000000e+00
   outer loop
     vertex  6.633250e+00  6.800735e+00  2.720000e+01
     vertex -6.633250e+00  6.800735e+00  2.720000e+01
     vertex  8.106263e+00  4.953634e+00  2.720000e+01
   endloop
 endfacet
 facet normal  0.000000e+00  0.000000e+00  1.000000e+00
   outer loop
     vertex  6.633250e+00  6.800735e+00  2.720000e+01
     vertex  6.286015e+00  7.122921e+00  2.720000e+01
     vertex  2.572984e+00  9.144930e+00  2.720000e+01
   endloop
 endfacet
 facet normal  0.000000e+00  0.000000e+00  1.000000e+00
   outer loop
     vertex  6.633250e+00  6.800735e+00  2.720000e+01
     vertex  8.106263e+00  4.953634e+00  2.720000e+01
     vertex  6.963993e+00  6.461641e+00  2.720000e+01
   endloop
 endfacet
 facet normal  9.996892e-01  2.493069e-02  0.000000e+00
   outer loop
     vertex  1.997514e+01  9.969177e-01  1.200000e+00
     vertex  2.000000e+01  0.000000e+00  1.720000e+01
     vertex  2.000000e+01  0.000000e+00  1.200000e+00
   endloop
 endfacet
 facet normal  9.996892e-01  2.493069e-02 -0.000000e+00
   outer loop
     vertex  1.997514e+01  9.969177e-01  1.200000e+00
     vertex  1.997514e+01  9.969177e-01  1.720000e+01
     vertex  2.000000e+01  0.000000e+00  1.720000e+01
   endloop
 endfacet
 facet normal  9.972038e-01  7.473009e-02 -0.000000e+00
   outer loop
     vertex  1.990062e+01  1.991357e+00  1.200000e+00
     vertex  1.990062e+01  1.991357e+00  1.720000e+01
     vertex  1.997514e+01  9.969177e-01  1.720000e+01
   endloop
 endfacet
 facet normal  9.972038e-01  7.473009e-02  0.000000e+00
   outer loop
     vertex  1.990062e+01  1.991357e+00  1.200000e+00
     vertex  1.997514e+01  9.969177e-01  1.720000e+01
     vertex  1.997514e+01  9.969177e-01  1.200000e+00
   endloop
 endfacet
 facet normal  9.922392e-01  1.243437e-01 -0.000000e+00
   outer loop
     vertex  1.977662e+01  2.980845e+00  1.200000e+00
     vertex  1.977662e+01  2.980845e+00  1.720000e+01
     vertex  1.990062e+01  1.991357e+00  1.720000e+01
   endloop
 endfacet
 facet normal  9.922392e-01  1.243437e-01  0.000000e+00
   outer loop
     vertex  1.977662e+01  2.980845e+00  1.200000e+00
     vertex  1.990062e+01  1.991357e+00  1.720000e+01
     vertex  1.990062e+01  1.991357e+00  1.200000e+00
   endloop
 endfacet
 facet normal  9.848078e-01  1.736482e-01 -0.000000e+00
   outer loop
     vertex  1.960345e+01  3.962923e+00  1.200000e+00
     vertex  1.960345e+01  3.962923e+00  1.720000e+01
     vertex  1.977662e+01  2.980845e+00  1.720000e+01
   endloop
 endfacet
 facet normal  9.848078e-01  1.736482e-01  0.000000e+00
   outer loop
     vertex  1.960345e+01  3.962923e+00  1.200000e+00
     vertex  1.977662e+01  2.980845e+00  1.720000e+01
     vertex  1.977662e+01  2.980845e+00  1.200000e+00
   endloop
 endfacet
 facet normal  9.749279e-01  2.225209e-01 -0.000000e+00
   outer loop
     vertex  1.938155e+01  4.935148e+00  1.200000e+00
     vertex  1.938155e+01  4.935148e+00  1.720000e+01
     vertex  1.960345e+01  3.962923e+00  1.720000e+01
   endloop
 endfacet
 facet normal  9.749279e-01  2.225209e-01  0.000000e+00
   outer loop
     vertex  1.938155e+01  4.935148e+00  1.200000e+00
     vertex  1.960345e+01  3.962923e+00  1.720000e+01
     vertex  1.960345e+01  3.962923e+00  1.200000e+00
   endloop
 endfacet
 facet normal  9.626242e-01  2.708405e-01 -0.000000e+00
   outer loop
     vertex  1.911146e+01  5.895103e+00  1.200000e+00
     vertex  1.911146e+01  5.895103e+00  1.720000e+01
     vertex  1.938155e+01  4.935148e+00  1.720000e+01
   endloop
 endfacet
 facet normal  9.479273e-01  3.184867e-01 -0.000000e+00
   outer loop
     vertex  1.911146e+01  5.895103e+00  1.200000e+00
     vertex  1.879385e+01  6.840403e+00  1.720000e+01
     vertex  1.911146e+01  5.895103e+00  1.720000e+01
   endloop
 endfacet
 facet normal  9.626242e-01  2.708405e-01  0.000000e+00
   outer loop
     vertex  1.911146e+01  5.895103e+00  1.200000e+00
     vertex  1.938155e+01  4.935148e+00  1.720000e+01
     vertex  1.938155e+01  4.935148e+00  1.200000e+00
   endloop
 endfacet
 facet normal  9.479273e-01  3.184867e-01 -0.000000e+00
   outer loop
     vertex  1.879385e+01  6.840403e+00  1.200000e+00
     vertex  1.879385e+01  6.840403e+00  1.720000e+01
     vertex  1.911146e+01  5.895103e+00  1.200000e+00
   endloop
 endfacet
 facet normal  9.308737e-01  3.653410e-01 -0.000000e+00
   outer loop
     vertex  1.842952e+01  7.768696e+00  1.200000e+00
     vertex  1.842952e+01  7.768696e+00  1.720000e+01
     vertex  1.879385e+01  6.840403e+00  1.720000e+01
   endloop
 endfacet
 facet normal  9.308737e-01  3.653410e-01  0.000000e+00
   outer loop
     vertex  1.842952e+01  7.768696e+00  1.200000e+00
     vertex  1.879385e+01  6.840403e+00  1.720000e+01
     vertex  1.879385e+01  6.840403e+00  1.200000e+00
   endloop
 endfacet
 facet normal  9.115059e-01  4.112871e-01 -0.000000e+00
   outer loop
     vertex  1.801938e+01  8.677675e+00  1.200000e+00
     vertex  1.801938e+01  8.677675e+00  1.720000e+01
     vertex  1.842952e+01  7.768696e+00  1.720000e+01
   endloop
 endfacet
 facet normal  9.115059e-01  4.112871e-01  0.000000e+00
   outer loop
     vertex  1.801938e+01  8.677675e+00  1.200000e+00
     vertex  1.842952e+01  7.768696e+00  1.720000e+01
     vertex  1.842952e+01  7.768696e+00  1.200000e+00
   endloop
 endfacet
 facet normal  8.898718e-01  4.562107e-01 -0.000000e+00
   outer loop
     vertex  1.756443e+01  9.565080e+00  1.200000e+00
     vertex  1.756443e+01  9.565080e+00  1.720000e+01
     vertex  1.801938e+01  8.677675e+00  1.720000e+01
   endloop
 endfacet
 facet normal  8.898718e-01  4.562107e-01  0.000000e+00
   outer loop
     vertex  1.756443e+01  9.565080e+00  1.200000e+00
     vertex  1.801938e+01  8.677675e+00  1.720000e+01
     vertex  1.801938e+01  8.677675e+00  1.200000e+00
   endloop
 endfacet
 facet normal  8.660254e-01  5.000000e-01  0.000000e+00
   outer loop
     vertex  1.706582e+01  1.042870e+01  1.200000e+00
     vertex  1.756443e+01  9.565080e+00  1.720000e+01
     vertex  1.756443e+01  9.565080e+00  1.200000e+00
   endloop
 endfacet
 facet normal  8.660254e-01  5.000000e-01 -0.000000e+00
   outer loop
     vertex  1.706582e+01  1.042870e+01  1.200000e+00
     vertex  1.706582e+01  1.042870e+01  1.720000e+01
     vertex  1.756443e+01  9.565080e+00  1.720000e+01
   endloop
 endfacet
 facet normal  8.400259e-01  5.425463e-01  0.000000e+00
   outer loop
     vertex  1.652478e+01  1.126640e+01  1.200000e+00
     vertex  1.706582e+01  1.042870e+01  1.720000e+01
     vertex  1.706582e+01  1.042870e+01  1.200000e+00
   endloop
 endfacet
 facet normal  8.400259e-01  5.425463e-01 -0.000000e+00
   outer loop
     vertex  1.652478e+01  1.126640e+01  1.200000e+00
     vertex  1.652478e+01  1.126640e+01  1.720000e+01
     vertex  1.706582e+01  1.042870e+01  1.720000e+01
   endloop
 endfacet
 facet normal  8.119380e-01  5.837437e-01  0.000000e+00
   outer loop
     vertex  1.594265e+01  1.207609e+01  1.200000e+00
     vertex  1.652478e+01  1.126640e+01  1.720000e+01
     vertex  1.652478e+01  1.126640e+01  1.200000e+00
   endloop
 endfacet
 facet normal  8.119380e-01  5.837437e-01 -0.000000e+00
   outer loop
     vertex  1.594265e+01  1.207609e+01  1.200000e+00
     vertex  1.594265e+01  1.207609e+01  1.720000e+01
     vertex  1.652478e+01  1.126640e+01  1.720000e+01
   endloop
 endfacet
 facet normal  7.818315e-01  6.234898e-01  0.000000e+00
   outer loop
     vertex  1.532089e+01  1.285575e+01  1.200000e+00
     vertex  1.594265e+01  1.207609e+01  1.720000e+01
     vertex  1.594265e+01  1.207609e+01  1.200000e+00
   endloop
 endfacet
 facet normal  7.818315e-01  6.234898e-01 -0.000000e+00
   outer loop
     vertex  1.532089e+01  1.285575e+01  1.200000e+00
     vertex  1.532089e+01  1.285575e+01  1.720000e+01
     vertex  1.594265e+01  1.207609e+01  1.720000e+01
   endloop
 endfacet
 facet normal  7.497812e-01  6.616858e-01 -0.000000e+00
   outer loop
     vertex  1.466104e+01  1.360345e+01  1.200000e+00
     vertex  1.466104e+01  1.360345e+01  1.720000e+01
     vertex  1.532089e+01  1.285575e+01  1.720000e+01
   endloop
 endfacet
 facet normal  7.497812e-01  6.616858e-01  0.000000e+00
   outer loop
     vertex  1.466104e+01  1.360345e+01  1.200000e+00
     vertex  1.532089e+01  1.285575e+01  1.720000e+01
     vertex  1.532089e+01  1.285575e+01  1.200000e+00
   endloop
 endfacet
 facet normal  7.158668e-01  6.982368e-01 -0.000000e+00
   outer loop
     vertex  1.396474e+01  1.431734e+01  1.200000e+00
     vertex  1.396474e+01  1.431734e+01  1.720000e+01
     vertex  1.466104e+01  1.360345e+01  1.720000e+01
   endloop
 endfacet
 facet normal  7.158668e-01  6.982368e-01  0.000000e+00
   outer loop
     vertex  1.396474e+01  1.431734e+01  1.200000e+00
     vertex  1.466104e+01  1.360345e+01  1.720000e+01
     vertex  1.466104e+01  1.360345e+01  1.200000e+00
   endloop
 endfacet
 facet normal  6.801727e-01  7.330519e-01 -0.000000e+00
   outer loop
     vertex  1.323372e+01  1.499562e+01  1.200000e+00
     vertex  1.323372e+01  1.499562e+01  1.720000e+01
     vertex  1.396474e+01  1.431734e+01  1.720000e+01
   endloop
 endfacet
 facet normal  6.801727e-01  7.330519e-01  0.000000e+00
   outer loop
     vertex  1.323372e+01  1.499562e+01  1.200000e+00
     vertex  1.396474e+01  1.431734e+01  1.720000e+01
     vertex  1.396474e+01  1.431734e+01  1.200000e+00
   endloop
 endfacet
 facet normal  6.427876e-01  7.660444e-01 -0.000000e+00
   outer loop
     vertex  1.246980e+01  1.563663e+01  1.200000e+00
     vertex  1.246980e+01  1.563663e+01  1.720000e+01
     vertex  1.323372e+01  1.499562e+01  1.720000e+01
   endloop
 endfacet
 facet normal  6.427876e-01  7.660444e-01  0.000000e+00
   outer loop
     vertex  1.246980e+01  1.563663e+01  1.200000e+00
     vertex  1.323372e+01  1.499562e+01  1.720000e+01
     vertex  1.323372e+01  1.499562e+01  1.200000e+00
   endloop
 endfacet
 facet normal  6.038044e-01  7.971325e-01 -0.000000e+00
   outer loop
     vertex  1.167487e+01  1.623876e+01  1.200000e+00
     vertex  1.167487e+01  1.623876e+01  1.720000e+01
     vertex  1.246980e+01  1.563663e+01  1.720000e+01
   endloop
 endfacet
 facet normal  5.633201e-01  8.262388e-01 -0.000000e+00
   outer loop
     vertex  1.167487e+01  1.623876e+01  1.200000e+00
     vertex  1.085093e+01  1.680052e+01  1.720000e+01
     vertex  1.167487e+01  1.623876e+01  1.720000e+01
   endloop
 endfacet
 facet normal  6.038044e-01  7.971325e-01  0.000000e+00
   outer loop
     vertex  1.167487e+01  1.623876e+01  1.200000e+00
     vertex  1.246980e+01  1.563663e+01  1.720000e+01
     vertex  1.246980e+01  1.563663e+01  1.200000e+00
   endloop
 endfacet
 facet normal  5.214352e-01  8.532909e-01 -0.000000e+00
   outer loop
     vertex  1.085093e+01  1.680052e+01  1.200000e+00
     vertex  1.000000e+01  1.732051e+01  1.720000e+01
     vertex  1.085093e+01  1.680052e+01  1.720000e+01
   endloop
 endfacet
 facet normal  5.633201e-01  8.262388e-01 -0.000000e+00
   outer loop
     vertex  1.085093e+01  1.680052e+01  1.200000e+00
     vertex  1.085093e+01  1.680052e+01  1.720000e+01
     vertex  1.167487e+01  1.623876e+01  1.200000e+00
   endloop
 endfacet
 facet normal  5.214352e-01  8.532909e-01 -0.000000e+00
   outer loop
     vertex  1.000000e+01  1.732051e+01  1.200000e+00
     vertex  1.000000e+01  1.732051e+01  1.720000e+01
     vertex  1.085093e+01  1.680052e+01  1.200000e+00
   endloop
 endfacet
 facet normal  4.782540e-01  8.782216e-01 -0.000000e+00
   outer loop
     vertex  9.124213e+00  1.779744e+01  1.200000e+00
     vertex  9.124213e+00  1.779744e+01  1.720000e+01
     vertex  1.000000e+01  1.732051e+01  1.720000e+01
   endloop
 endfacet
 facet normal  4.782540e-01  8.782216e-01  0.000000e+00
   outer loop
     vertex  9.124213e+00  1.779744e+01  1.200000e+00
     vertex  1.000000e+01  1.732051e+01  1.720000e+01
     vertex  1.000000e+01  1.732051e+01  1.200000e+00
   endloop
 endfacet
 facet normal  4.338837e-01  9.009689e-01 -0.000000e+00
   outer loop
     vertex  8.225742e+00  1.823012e+01  1.200000e+00
     vertex  8.225742e+00  1.823012e+01  1.720000e+01
     vertex  9.124213e+00  1.779744e+01  1.720000e+01
   endloop
 endfacet
 facet normal  4.338837e-01  9.009689e-01  0.000000e+00
   outer loop
     vertex  8.225742e+00  1.823012e+01  1.200000e+00
     vertex  9.124213e+00  1.779744e+01  1.720000e+01
     vertex  9.124213e+00  1.779744e+01  1.200000e+00
   endloop
 endfacet
 facet normal  3.884348e-01  9.214762e-01 -0.000000e+00
   outer loop
     vertex  7.306820e+00  1.861747e+01  1.200000e+00
     vertex  7.306820e+00  1.861747e+01  1.720000e+01
     vertex  8.225742e+00  1.823012e+01  1.720000e+01
   endloop
 endfacet
 facet normal  3.884348e-01  9.214762e-01  0.000000e+00
   outer loop
     vertex  7.306820e+00  1.861747e+01  1.200000e+00
     vertex  8.225742e+00  1.823012e+01  1.720000e+01
     vertex  8.225742e+00  1.823012e+01  1.200000e+00
   endloop
 endfacet
 facet normal  3.420201e-01  9.396926e-01 -0.000000e+00
   outer loop
     vertex  6.369733e+00  1.895855e+01  1.200000e+00
     vertex  6.369733e+00  1.895855e+01  1.720000e+01
     vertex  7.306820e+00  1.861747e+01  1.720000e+01
   endloop
 endfacet
 facet normal  3.420201e-01  9.396926e-01  0.000000e+00
   outer loop
     vertex  6.369733e+00  1.895855e+01  1.200000e+00
     vertex  7.306820e+00  1.861747e+01  1.720000e+01
     vertex  7.306820e+00  1.861747e+01  1.200000e+00
   endloop
 endfacet
 facet normal  2.947552e-01  9.555728e-01 -0.000000e+00
   outer loop
     vertex  5.416809e+00  1.925248e+01  1.200000e+00
     vertex  5.416809e+00  1.925248e+01  1.720000e+01
     vertex  6.369733e+00  1.895855e+01  1.720000e+01
   endloop
 endfacet
 facet normal  2.947552e-01  9.555728e-01  0.000000e+00
   outer loop
     vertex  5.416809e+00  1.925248e+01  1.200000e+00
     vertex  6.369733e+00  1.895855e+01  1.720000e+01
     vertex  6.369733e+00  1.895855e+01  1.200000e+00
   endloop
 endfacet
 facet normal  2.467574e-01  9.690773e-01 -0.000000e+00
   outer loop
     vertex  4.450419e+00  1.949856e+01  1.200000e+00
     vertex  4.450419e+00  1.949856e+01  1.720000e+01
     vertex  5.416809e+00  1.925248e+01  1.720000e+01
   endloop
 endfacet
 facet normal  2.467574e-01  9.690773e-01  0.000000e+00
   outer loop
     vertex  4.450419e+00  1.949856e+01  1.200000e+00
     vertex  5.416809e+00  1.925248e+01  1.720000e+01
     vertex  5.416809e+00  1.925248e+01  1.200000e+00
   endloop
 endfacet
 facet normal  1.981461e-01  9.801725e-01 -0.000000e+00
   outer loop
     vertex  3.472964e+00  1.969616e+01  1.200000e+00
     vertex  3.472964e+00  1.969616e+01  1.720000e+01
     vertex  4.450419e+00  1.949856e+01  1.720000e+01
   endloop
 endfacet
 facet normal  1.981461e-01  9.801725e-01  0.000000e+00
   outer loop
     vertex  3.472964e+00  1.969616e+01  1.200000e+00
     vertex  4.450419e+00  1.949856e+01  1.720000e+01
     vertex  4.450419e+00  1.949856e+01  1.200000e+00
   endloop
 endfacet
 facet normal  1.490423e-01  9.888308e-01 -0.000000e+00
   outer loop
     vertex  2.486874e+00  1.984478e+01  1.200000e+00
     vertex  2.486874e+00  1.984478e+01  1.720000e+01
     vertex  3.472964e+00  1.969616e+01  1.720000e+01
   endloop
 endfacet
 facet normal  1.490423e-01  9.888308e-01  0.000000e+00
   outer loop
     vertex  2.486874e+00  1.984478e+01  1.200000e+00
     vertex  3.472964e+00  1.969616e+01  1.720000e+01
     vertex  3.472964e+00  1.969616e+01  1.200000e+00
   endloop
 endfacet
 facet normal  9.956785e-02  9.950308e-01 -0.000000e+00
   outer loop
     vertex  1.494602e+00  1.994408e+01  1.200000e+00
     vertex  1.494602e+00  1.994408e+01  1.720000e+01
     vertex  2.486874e+00  1.984478e+01  1.720000e+01
   endloop
 endfacet
 facet normal  9.956785e-02  9.950308e-01  0.000000e+00
   outer loop
     vertex  1.494602e+00  1.994408e+01  1.200000e+00
     vertex  2.486874e+00  1.984478e+01  1.720000e+01
     vertex  2.486874e+00  1.984478e+01  1.200000e+00
   endloop
 endfacet
 facet normal  4.984589e-02  9.987569e-01 -0.000000e+00
   outer loop
     vertex  4.986138e-01  1.999378e+01  1.200000e+00
     vertex  4.986138e-01  1.999378e+01  1.720000e+01
     vertex  1.494602e+00  1.994408e+01  1.720000e+01
   endloop
 endfacet
 facet normal  4.984589e-02  9.987569e-01  0.000000e+00
   outer loop
     vertex  4.986138e-01  1.999378e+01  1.200000e+00
     vertex  1.494602e+00  1.994408e+01  1.720000e+01
     vertex  1.494602e+00  1.994408e+01  1.200000e+00
   endloop
 endfacet
 facet normal  0.000000e+00  1.000000e+00  0.000000e+00
   outer loop
     vertex -4.986138e-01  1.999378e+01  1.200000e+00
     vertex -4.986138e-01  1.999378e+01  1.720000e+01
     vertex  4.986138e-01  1.999378e+01  1.720000e+01
   endloop
 endfacet
 facet normal -4.984589e-02  9.987569e-01  0.000000e+00
   outer loop
     vertex -4.986138e-01  1.999378e+01  1.200000e+00
     vertex -1.494602e+00  1.994408e+01  1.720000e+01
     vertex -4.986138e-01  1.999378e+01  1.720000e+01
   endloop
 endfacet
 facet normal  0.000000e+00  1.000000e+00  0.000000e+00
   outer loop
     vertex -4.986138e-01  1.999378e+01  1.200000e+00
     vertex  4.986138e-01  1.999378e+01  1.720000e+01
     vertex  4.986138e-01  1.999378e+01  1.200000e+00
   endloop
 endfacet
 facet normal -4.984589e-02  9.987569e-01  0.000000e+00
   outer loop
     vertex -1.494602e+00  1.994408e+01  1.200000e+00
     vertex -1.494602e+00  1.994408e+01  1.720000e+01
     vertex -4.986138e-01  1.999378e+01  1.200000e+00
   endloop
 endfacet
 facet normal -9.956785e-02  9.950308e-01  0.000000e+00
   outer loop
     vertex -2.486874e+00  1.984478e+01  1.200000e+00
     vertex -2.486874e+00  1.984478e+01  1.720000e+01
     vertex -1.494602e+00  1.994408e+01  1.720000e+01
   endloop
 endfacet
 facet normal -9.956785e-02  9.950308e-01  0.000000e+00
   outer loop
     vertex -2.486874e+00  1.984478e+01  1.200000e+00
     vertex -1.494602e+00  1.994408e+01  1.720000e+01
     vertex -1.494602e+00  1.994408e+01  1.200000e+00
   endloop
 endfacet
 facet normal -1.490423e-01  9.888308e-01  0.000000e+00
   outer loop
     vertex -3.472964e+00  1.969616e+01  1.200000e+00
     vertex -3.472964e+00  1.969616e+01  1.720000e+01
     vertex -2.486874e+00  1.984478e+01  1.720000e+01
   endloop
 endfacet
 facet normal -1.490423e-01  9.888308e-01  0.000000e+00
   outer loop
     vertex -3.472964e+00  1.969616e+01  1.200000e+00
     vertex -2.486874e+00  1.984478e+01  1.720000e+01
     vertex -2.486874e+00  1.984478e+01  1.200000e+00
   endloop
 endfacet
 facet normal -1.981461e-01  9.801725e-01  0.000000e+00
   outer loop
     vertex -4.450419e+00  1.949856e+01  1.200000e+00
     vertex -4.450419e+00  1.949856e+01  1.720000e+01
     vertex -3.472964e+00  1.969616e+01  1.720000e+01
   endloop
 endfacet
 facet normal -1.981461e-01  9.801725e-01  0.000000e+00
   outer loop
     vertex -4.450419e+00  1.949856e+01  1.200000e+00
     vertex -3.472964e+00  1.969616e+01  1.720000e+01
     vertex -3.472964e+00  1.969616e+01  1.200000e+00
   endloop
 endfacet
 facet normal -2.467574e-01  9.690773e-01  0.000000e+00
   outer loop
     vertex -5.416809e+00  1.925248e+01  1.200000e+00
     vertex -5.416809e+00  1.925248e+01  1.720000e+01
     vertex -4.450419e+00  1.949856e+01  1.720000e+01
   endloop
 endfacet
 facet normal -2.467574e-01  9.690773e-01  0.000000e+00
   outer loop
     vertex -5.416809e+00  1.925248e+01  1.200000e+00
     vertex -4.450419e+00  1.949856e+01  1.720000e+01
     vertex -4.450419e+00  1.949856e+01  1.200000e+00
   endloop
 endfacet
 facet normal -2.947552e-01  9.555728e-01  0.000000e+00
   outer loop
     vertex -6.369733e+00  1.895855e+01  1.200000e+00
     vertex -5.416809e+00  1.925248e+01  1.720000e+01
     vertex -5.416809e+00  1.925248e+01  1.200000e+00
   endloop
 endfacet
 facet normal -2.947552e-01  9.555728e-01  0.000000e+00
   outer loop
     vertex -6.369733e+00  1.895855e+01  1.200000e+00
     vertex -6.369733e+00  1.895855e+01  1.720000e+01
     vertex -5.416809e+00  1.925248e+01  1.720000e+01
   endloop
 endfacet
 facet normal -3.420201e-01  9.396926e-01  0.000000e+00
   outer loop
     vertex -7.306820e+00  1.861747e+01  1.200000e+00
     vertex -6.369733e+00  1.895855e+01  1.720000e+01
     vertex -6.369733e+00  1.895855e+01  1.200000e+00
   endloop
 endfacet
 facet normal -3.420201e-01  9.396926e-01  0.000000e+00
   outer loop
     vertex -7.306820e+00  1.861747e+01  1.200000e+00
     vertex -7.306820e+00  1.861747e+01  1.720000e+01
     vertex -6.369733e+00  1.895855e+01  1.720000e+01
   endloop
 endfacet
 facet normal -3.884348e-01  9.214762e-01  0.000000e+00
   outer loop
     vertex -8.225742e+00  1.823012e+01  1.200000e+00
     vertex -7.306820e+00  1.861747e+01  1.720000e+01
     vertex -7.306820e+00  1.861747e+01  1.200000e+00
   endloop
 endfacet
 facet normal -3.884348e-01  9.214762e-01  0.000000e+00
   outer loop
     vertex -8.225742e+00  1.823012e+01  1.200000e+00
     vertex -8.225742e+00  1.823012e+01  1.720000e+01
     vertex -7.306820e+00  1.861747e+01  1.720000e+01
   endloop
 endfacet
 facet normal -4.338837e-01  9.009689e-01  0.000000e+00
   outer loop
     vertex -9.124213e+00  1.779744e+01  1.200000e+00
     vertex -8.225742e+00  1.823012e+01  1.720000e+01
     vertex -8.225742e+00  1.823012e+01  1.200000e+00
   endloop
 endfacet
 facet normal -4.338837e-01  9.009689e-01  0.000000e+00
   outer loop
     vertex -9.124213e+00  1.779744e+01  1.200000e+00
     vertex -9.124213e+00  1.779744e+01  1.720000e+01
     vertex -8.225742e+00  1.823012e+01  1.720000e+01
   endloop
 endfacet
 facet normal -4.782540e-01  8.782216e-01  0.000000e+00
   outer loop
     vertex -9.124213e+00  1.779744e+01  1.200000e+00
     vertex -1.000000e+01  1.732051e+01  1.720000e+01
     vertex -9.124213e+00  1.779744e+01  1.720000e+01
   endloop
 endfacet
 facet normal -4.782540e-01  8.782216e-01  0.000000e+00
   outer loop
     vertex -1.000000e+01  1.732051e+01  1.200000e+00
     vertex -1.000000e+01  1.732051e+01  1.720000e+01
     vertex -9.124213e+00  1.779744e+01  1.200000e+00
   endloop
 endfacet
 facet normal -5.214352e-01  8.532909e-01  0.000000e+00
   outer loop
     vertex -1.085093e+01  1.680052e+01  1.200000e+00
     vertex -1.000000e+01  1.732051e+01  1.720000e+01
     vertex -1.000000e+01  1.732051e+01  1.200000e+00
   endloop
 endfacet
 facet normal -5.214352e-01  8.532909e-01  0.000000e+00
   outer loop
     vertex -1.085093e+01  1.680052e+01  1.200000e+00
     vertex -1.085093e+01  1.680052e+01  1.720000e+01
     vertex -1.000000e+01  1.732051e+01  1.720000e+01
   endloop
 endfacet
 facet normal -5.633201e-01  8.262388e-01  0.000000e+00
   outer loop
     vertex -1.167487e+01  1.623876e+01  1.200000e+00
     vertex -1.085093e+01  1.680052e+01  1.720000e+01
     vertex -1.085093e+01  1.680052e+01  1.200000e+00
   endloop
 endfacet
 facet normal -5.633201e-01  8.262388e-01  0.000000e+00
   outer loop
     vertex -1.167487e+01  1.623876e+01  1.200000e+00
     vertex -1.167487e+01  1.623876e+01  1.720000e+01
     vertex -1.085093e+01  1.680052e+01  1.720000e+01
   endloop
 endfacet
 facet normal -6.038044e-01  7.971325e-01  0.000000e+00
   outer loop
     vertex -1.246980e+01  1.563663e+01  1.200000e+00
     vertex -1.167487e+01  1.623876e+01  1.720000e+01
     vertex -1.167487e+01  1.623876e+01  1.200000e+00
   endloop
 endfacet
 facet normal -6.038044e-01  7.971325e-01  0.000000e+00
   outer loop
     vertex -1.246980e+01  1.563663e+01  1.200000e+00
     vertex -1.246980e+01  1.563663e+01  1.720000e+01
     vertex -1.167487e+01  1.623876e+01  1.720000e+01
   endloop
 endfacet
 facet normal -6.427876e-01  7.660444e-01  0.000000e+00
   outer loop
     vertex -1.323372e+01  1.499562e+01  1.200000e+00
     vertex -1.246980e+01  1.563663e+01  1.720000e+01
     vertex -1.246980e+01  1.563663e+01  1.200000e+00
   endloop
 endfacet
 facet normal -6.427876e-01  7.660444e-01  0.000000e+00
   outer loop
     vertex -1.323372e+01  1.499562e+01  1.200000e+00
     vertex -1.323372e+01  1.499562e+01  1.720000e+01
     vertex -1.246980e+01  1.563663e+01  1.720000e+01
   endloop
 endfacet
 facet normal -6.801727e-01  7.330519e-01  0.000000e+00
   outer loop
     vertex -1.396474e+01  1.431734e+01  1.200000e+00
     vertex -1.323372e+01  1.499562e+01  1.720000e+01
     vertex -1.323372e+01  1.499562e+01  1.200000e+00
   endloop
 endfacet
 facet normal -6.801727e-01  7.330519e-01  0.000000e+00
   outer loop
     vertex -1.396474e+01  1.431734e+01  1.200000e+00
     vertex -1.396474e+01  1.431734e+01  1.720000e+01
     vertex -1.323372e+01  1.499562e+01  1.720000e+01
   endloop
 endfacet
 facet normal -7.158668e-01  6.982368e-01  0.000000e+00
   outer loop
     vertex -1.466104e+01  1.360345e+01  1.200000e+00
     vertex -1.466104e+01  1.360345e+01  1.720000e+01
     vertex -1.396474e+01  1.431734e+01  1.720000e+01
   endloop
 endfacet
 facet normal -7.158668e-01  6.982368e-01  0.000000e+00
   outer loop
     vertex -1.466104e+01  1.360345e+01  1.200000e+00
     vertex -1.396474e+01  1.431734e+01  1.720000e+01
     vertex -1.396474e+01  1.431734e+01  1.200000e+00
   endloop
 endfacet
 facet normal -7.497812e-01  6.616858e-01  0.000000e+00
   outer loop
     vertex -1.532089e+01  1.285575e+01  1.200000e+00
     vertex -1.532089e+01  1.285575e+01  1.720000e+01
     vertex -1.466104e+01  1.360345e+01  1.720000e+01
   endloop
 endfacet
 facet normal -7.497812e-01  6.616858e-01  0.000000e+00
   outer loop
     vertex -1.532089e+01  1.285575e+01  1.200000e+00
     vertex -1.466104e+01  1.360345e+01  1.720000e+01
     vertex -1.466104e+01  1.360345e+01  1.200000e+00
   endloop
 endfacet
 facet normal -7.818315e-01  6.234898e-01  0.000000e+00
   outer loop
     vertex -1.594265e+01  1.207609e+01  1.200000e+00
     vertex -1.594265e+01  1.207609e+01  1.720000e+01
     vertex -1.532089e+01  1.285575e+01  1.720000e+01
   endloop
 endfacet
 facet normal -7.818315e-01  6.234898e-01  0.000000e+00
   outer loop
     vertex -1.594265e+01  1.207609e+01  1.200000e+00
     vertex -1.532089e+01  1.285575e+01  1.720000e+01
     vertex -1.532089e+01  1.285575e+01  1.200000e+00
   endloop
 endfacet
 facet normal -8.119380e-01  5.837437e-01  0.000000e+00
   outer loop
     vertex -1.652478e+01  1.126640e+01  1.200000e+00
     vertex -1.652478e+01  1.126640e+01  1.720000e+01
     vertex -1.594265e+01  1.207609e+01  1.720000e+01
   endloop
 endfacet
 facet normal -8.119380e-01  5.837437e-01  0.000000e+00
   outer loop
     vertex -1.652478e+01  1.126640e+01  1.200000e+00
     vertex -1.594265e+01  1.207609e+01  1.720000e+01
     vertex -1.594265e+01  1.207609e+01  1.200000e+00
   endloop
 endfacet
 facet normal -8.400259e-01  5.425463e-01  0.000000e+00
   outer loop
     vertex -1.706582e+01  1.042870e+01  1.200000e+00
     vertex -1.706582e+01  1.042870e+01  1.720000e+01
     vertex -1.652478e+01  1.126640e+01  1.720000e+01
   endloop
 endfacet
 facet normal -8.400259e-01  5.425463e-01  0.000000e+00
   outer loop
     vertex -1.706582e+01  1.042870e+01  1.200000e+00
     vertex -1.652478e+01  1.126640e+01  1.720000e+01
     vertex -1.652478e+01  1.126640e+01  1.200000e+00
   endloop
 endfacet
 facet normal -8.660254e-01  5.000000e-01  0.000000e+00
   outer loop
     vertex -1.756443e+01  9.565080e+00  1.200000e+00
     vertex -1.756443e+01  9.565080e+00  1.720000e+01
     vertex -1.706582e+01  1.042870e+01  1.720000e+01
   endloop
 endfacet
 facet normal -8.660254e-01  5.000000e-01  0.000000e+00
   outer loop
     vertex -1.756443e+01  9.565080e+00  1.200000e+00
     vertex -1.706582e+01  1.042870e+01  1.720000e+01
     vertex -1.706582e+01  1.042870e+01  1.200000e+00
   endloop
 endfacet
 facet normal -8.898718e-01  4.562107e-01  0.000000e+00
   outer loop
     vertex -1.801938e+01  8.677675e+00  1.200000e+00
     vertex -1.801938e+01  8.677675e+00  1.720000e+01
     vertex -1.756443e+01  9.565080e+00  1.720000e+01
   endloop
 endfacet
 facet normal -8.898718e-01  4.562107e-01  0.000000e+00
   outer loop
     vertex -1.801938e+01  8.677675e+00  1.200000e+00
     vertex -1.756443e+01  9.565080e+00  1.720000e+01
     vertex -1.756443e+01  9.565080e+00  1.200000e+00
   endloop
 endfacet
 facet normal -9.115059e-01  4.112871e-01  0.000000e+00
   outer loop
     vertex -1.842952e+01  7.768696e+00  1.200000e+00
     vertex -1.842952e+01  7.768696e+00  1.720000e+01
     vertex -1.801938e+01  8.677675e+00  1.720000e+01
   endloop
 endfacet
 facet normal -9.115059e-01  4.112871e-01  0.000000e+00
   outer loop
     vertex -1.842952e+01  7.768696e+00  1.200000e+00
     vertex -1.801938e+01  8.677675e+00  1.720000e+01
     vertex -1.801938e+01  8.677675e+00  1.200000e+00
   endloop
 endfacet
 facet normal -9.308737e-01  3.653410e-01  0.000000e+00
   outer loop
     vertex -1.879385e+01  6.840403e+00  1.200000e+00
     vertex -1.879385e+01  6.840403e+00  1.720000e+01
     vertex -1.842952e+01  7.768696e+00  1.720000e+01
   endloop
 endfacet
 facet normal -9.308737e-01  3.653410e-01  0.000000e+00
   outer loop
     vertex -1.879385e+01  6.840403e+00  1.200000e+00
     vertex -1.842952e+01  7.768696e+00  1.720000e+01
     vertex -1.842952e+01  7.768696e+00  1.200000e+00
   endloop
 endfacet
 facet normal -9.479273e-01  3.184867e-01  0.000000e+00
   outer loop
     vertex -1.911146e+01  5.895103e+00  1.200000e+00
     vertex -1.911146e+01  5.895103e+00  1.720000e+01
     vertex -1.879385e+01  6.840403e+00  1.720000e+01
   endloop
 endfacet
 facet normal -9.479273e-01  3.184867e-01  0.000000e+00
   outer loop
     vertex -1.911146e+01  5.895103e+00  1.200000e+00
     vertex -1.879385e+01  6.840403e+00  1.720000e+01
     vertex -1.879385e+01  6.840403e+00  1.200000e+00
   endloop
 endfacet
 facet normal -9.626242e-01  2.708405e-01  0.000000e+00
   outer loop
     vertex -1.938155e+01  4.935148e+00  1.200000e+00
     vertex -1.938155e+01  4.935148e+00  1.720000e+01
     vertex -1.911146e+01  5.895103e+00  1.720000e+01
   endloop
 endfacet
 facet normal -9.626242e-01  2.708405e-01  0.000000e+00
   outer loop
     vertex -1.938155e+01  4.935148e+00  1.200000e+00
     vertex -1.911146e+01  5.895103e+00  1.720000e+01
     vertex -1.911146e+01  5.895103e+00  1.200000e+00
   endloop
 endfacet
 facet normal -9.749279e-01  2.225209e-01  0.000000e+00
   outer loop
     vertex -1.960345e+01  3.962923e+00  1.200000e+00
     vertex -1.960345e+01  3.962923e+00  1.720000e+01
     vertex -1.938155e+01  4.935148e+00  1.720000e+01
   endloop
 endfacet
 facet normal -9.749279e-01  2.225209e-01  0.000000e+00
   outer loop
     vertex -1.960345e+01  3.962923e+00  1.200000e+00
     vertex -1.938155e+01  4.935148e+00  1.720000e+01
     vertex -1.938155e+01  4.935148e+00  1.200000e+00
   endloop
 endfacet
 facet normal -9.848078e-01  1.736482e-01  0.000000e+00
   outer loop
     vertex -1.977662e+01  2.980845e+00  1.200000e+00
     vertex -1.977662e+01  2.980845e+00  1.720000e+01
     vertex -1.960345e+01  3.962923e+00  1.720000e+01
   endloop
 endfacet
 facet normal -9.848078e-01  1.736482e-01  0.000000e+00
   outer loop
     vertex -1.977662e+01  2.980845e+00  1.200000e+00
     vertex -1.960345e+01  3.962923e+00  1.720000e+01
     vertex -1.960345e+01  3.962923e+00  1.200000e+00
   endloop
 endfacet
 facet normal -9.922392e-01  1.243437e-01  0.000000e+00
   outer loop
     vertex -1.990062e+01  1.991357e+00  1.200000e+00
     vertex -1.990062e+01  1.991357e+00  1.720000e+01
     vertex -1.977662e+01  2.980845e+00  1.720000e+01
   endloop
 endfacet
 facet normal -9.922392e-01  1.243437e-01  0.000000e+00
   outer loop
     vertex -1.990062e+01  1.991357e+00  1.200000e+00
     vertex -1.977662e+01  2.980845e+00  1.720000e+01
     vertex -1.977662e+01  2.980845e+00  1.200000e+00
   endloop
 endfacet
 facet normal -9.972038e-01  7.473009e-02  0.000000e+00
   outer loop
     vertex -1.997514e+01  9.969177e-01  1.200000e+00
     vertex -1.990062e+01  1.991357e+00  1.720000e+01
     vertex -1.990062e+01  1.991357e+00  1.200000e+00
   endloop
 endfacet
 facet normal -9.972038e-01  7.473009e-02  0.000000e+00
   outer loop
     vertex -1.997514e+01  9.969177e-01  1.200000e+00
     vertex -1.997514e+01  9.969177e-01  1.720000e+01
     vertex -1.990062e+01  1.991357e+00  1.720000e+01
   endloop
 endfacet
 facet normal -9.996892e-01  2.493069e-02  0.000000e+00
   outer loop
     vertex -2.000000e+01 -6.860498e-14  1.200000e+00
     vertex -1.997514e+01  9.969177e-01  1.720000e+01
     vertex -1.997514e+01  9.969177e-01  1.200000e+00
   endloop
 endfacet
 facet normal -9.996892e-01  2.493069e-02  0.000000e+00
   outer loop
     vertex -2.000000e+01 -6.860498e-14  1.200000e+00
     vertex -2.000000e+01 -6.860498e-14  1.720000e+01
     vertex -1.997514e+01  9.969177e-01  1.720000e+01
   endloop
 endfacet
 facet normal -9.996892e-01 -2.493069e-02  0.000000e+00
   outer loop
     vertex -1.997514e+01 -9.969177e-01  1.200000e+00
     vertex -2.000000e+01 -6.860498e-14  1.720000e+01
     vertex -2.000000e+01 -6.860498e-14  1.200000e+00
   endloop
 endfacet
 facet normal -9.996892e-01 -2.493069e-02  0.000000e+00
   outer loop
     vertex -1.997514e+01 -9.969177e-01  1.200000e+00
     vertex -1.997514e+01 -9.969177e-01  1.720000e+01
     vertex -2.000000e+01 -6.860498e-14  1.720000e+01
   endloop
 endfacet
 facet normal -9.972038e-01 -7.473009e-02  0.000000e+00
   outer loop
     vertex -1.990062e+01 -1.991357e+00  1.200000e+00
     vertex -1.997514e+01 -9.969177e-01  1.720000e+01
     vertex -1.997514e+01 -9.969177e-01  1.200000e+00
   endloop
 endfacet
 facet normal -9.972038e-01 -7.473009e-02  0.000000e+00
   outer loop
     vertex -1.990062e+01 -1.991357e+00  1.200000e+00
     vertex -1.990062e+01 -1.991357e+00  1.720000e+01
     vertex -1.997514e+01 -9.969177e-01  1.720000e+01
   endloop
 endfacet
 facet normal -9.922392e-01 -1.243437e-01  0.000000e+00
   outer loop
     vertex -1.977662e+01 -2.980845e+00  1.200000e+00
     vertex -1.990062e+01 -1.991357e+00  1.720000e+01
     vertex -1.990062e+01 -1.991357e+00  1.200000e+00
   endloop
 endfacet
 facet normal -9.922392e-01 -1.243437e-01  0.000000e+00
   outer loop
     vertex -1.977662e+01 -2.980845e+00  1.200000e+00
     vertex -1.977662e+01 -2.980845e+00  1.720000e+01
     vertex -1.990062e+01 -1.991357e+00  1.720000e+01
   endloop
 endfacet
 facet normal -9.848078e-01 -1.736482e-01  0.000000e+00
   outer loop
     vertex -1.960345e+01 -3.962923e+00  1.200000e+00
     vertex -1.977662e+01 -2.980845e+00  1.720000e+01
     vertex -1.977662e+01 -2.980845e+00  1.200000e+00
   endloop
 endfacet
 facet normal -9.848078e-01 -1.736482e-01  0.000000e+00
   outer loop
     vertex -1.960345e+01 -3.962923e+00  1.200000e+00
     vertex -1.960345e+01 -3.962923e+00  1.720000e+01
     vertex -1.977662e+01 -2.980845e+00  1.720000e+01
   endloop
 endfacet
 facet normal -9.749279e-01 -2.225209e-01  0.000000e+00
   outer loop
     vertex -1.938155e+01 -4.935148e+00  1.200000e+00
     vertex -1.960345e+01 -3.962923e+00  1.720000e+01
     vertex -1.960345e+01 -3.962923e+00  1.200000e+00
   endloop
 endfacet
 facet normal -9.749279e-01 -2.225209e-01  0.000000e+00
   outer loop
     vertex -1.938155e+01 -4.935148e+00  1.200000e+00
     vertex -1.938155e+01 -4.935148e+00  1.720000e+01
     vertex -1.960345e+01 -3.962923e+00  1.720000e+01
   endloop
 endfacet
 facet normal -9.626242e-01 -2.708405e-01  0.000000e+00
   outer loop
     vertex -1.911146e+01 -5.895103e+00  1.200000e+00
     vertex -1.938155e+01 -4.935148e+00  1.720000e+01
     vertex -1.938155e+01 -4.935148e+00  1.200000e+00
   endloop
 endfacet
 facet normal -9.626242e-01 -2.708405e-01  0.000000e+00
   outer loop
     vertex -1.911146e+01 -5.895103e+00  1.200000e+00
     vertex -1.911146e+01 -5.895103e+00  1.720000e+01
     vertex -1.938155e+01 -4.935148e+00  1.720000e+01
   endloop
 endfacet
 facet normal -9.479273e-01 -3.184867e-01  0.000000e+00
   outer loop
     vertex -1.879385e+01 -6.840403e+00  1.200000e+00
     vertex -1.911146e+01 -5.895103e+00  1.720000e+01
     vertex -1.911146e+01 -5.895103e+00  1.200000e+00
   endloop
 endfacet
 facet normal -9.479273e-01 -3.184867e-01  0.000000e+00
   outer loop
     vertex -1.879385e+01 -6.840403e+00  1.200000e+00
     vertex -1.879385e+01 -6.840403e+00  1.720000e+01
     vertex -1.911146e+01 -5.895103e+00  1.720000e+01
   endloop
 endfacet
 facet normal -9.308737e-01 -3.653410e-01  0.000000e+00
   outer loop
     vertex -1.842952e+01 -7.768696e+00  1.200000e+00
     vertex -1.879385e+01 -6.840403e+00  1.720000e+01
     vertex -1.879385e+01 -6.840403e+00  1.200000e+00
   endloop
 endfacet
 facet normal -9.308737e-01 -3.653410e-01  0.000000e+00
   outer loop
     vertex -1.842952e+01 -7.768696e+00  1.200000e+00
     vertex -1.842952e+01 -7.768696e+00  1.720000e+01
     vertex -1.879385e+01 -6.840403e+00  1.720000e+01
   endloop
 endfacet
 facet normal -9.115059e-01 -4.112871e-01  0.000000e+00
   outer loop
     vertex -1.801938e+01 -8.677675e+00  1.200000e+00
     vertex -1.842952e+01 -7.768696e+00  1.720000e+01
     vertex -1.842952e+01 -7.768696e+00  1.200000e+00
   endloop
 endfacet
 facet normal -9.115059e-01 -4.112871e-01  0.000000e+00
   outer loop
     vertex -1.801938e+01 -8.677675e+00  1.200000e+00
     vertex -1.801938e+01 -8.677675e+00  1.720000e+01
     vertex -1.842952e+01 -7.768696e+00  1.720000e+01
   endloop
 endfacet
 facet normal -8.898718e-01 -4.562107e-01  0.000000e+00
   outer loop
     vertex -1.756443e+01 -9.565080e+00  1.200000e+00
     vertex -1.801938e+01 -8.677675e+00  1.720000e+01
     vertex -1.801938e+01 -8.677675e+00  1.200000e+00
   endloop
 endfacet
 facet normal -8.898718e-01 -4.562107e-01  0.000000e+00
   outer loop
     vertex -1.756443e+01 -9.565080e+00  1.200000e+00
     vertex -1.756443e+01 -9.565080e+00  1.720000e+01
     vertex -1.801938e+01 -8.677675e+00  1.720000e+01
   endloop
 endfacet
 facet normal -8.660254e-01 -5.000000e-01  0.000000e+00
   outer loop
     vertex -1.756443e+01 -9.565080e+00  1.200000e+00
     vertex -1.706582e+01 -1.042870e+01  1.720000e+01
     vertex -1.756443e+01 -9.565080e+00  1.720000e+01
   endloop
 endfacet
 facet normal -8.660254e-01 -5.000000e-01  0.000000e+00
   outer loop
     vertex -1.706582e+01 -1.042870e+01  1.200000e+00
     vertex -1.706582e+01 -1.042870e+01  1.720000e+01
     vertex -1.756443e+01 -9.565080e+00  1.200000e+00
   endloop
 endfacet
 facet normal -8.400259e-01 -5.425463e-01  0.000000e+00
   outer loop
     vertex -1.652478e+01 -1.126640e+01  1.200000e+00
     vertex -1.706582e+01 -1.042870e+01  1.720000e+01
     vertex -1.706582e+01 -1.042870e+01  1.200000e+00
   endloop
 endfacet
 facet normal -8.400259e-01 -5.425463e-01  0.000000e+00
   outer loop
     vertex -1.652478e+01 -1.126640e+01  1.200000e+00
     vertex -1.652478e+01 -1.126640e+01  1.720000e+01
     vertex -1.706582e+01 -1.042870e+01  1.720000e+01
   endloop
 endfacet
 facet normal -8.119380e-01 -5.837437e-01  0.000000e+00
   outer loop
     vertex -1.594265e+01 -1.207609e+01  1.200000e+00
     vertex -1.652478e+01 -1.126640e+01  1.720000e+01
     vertex -1.652478e+01 -1.126640e+01  1.200000e+00
   endloop
 endfacet
 facet normal -8.119380e-01 -5.837437e-01  0.000000e+00
   outer loop
     vertex -1.594265e+01 -1.207609e+01  1.200000e+00
     vertex -1.594265e+01 -1.207609e+01  1.720000e+01
     vertex -1.652478e+01 -1.126640e+01  1.720000e+01
   endloop
 endfacet
 facet normal -7.818315e-01 -6.234898e-01  0.000000e+00
   outer loop
     vertex -1.594265e+01 -1.207609e+01  1.200000e+00
     vertex -1.532089e+01 -1.285575e+01  1.720000e+01
     vertex -1.594265e+01 -1.207609e+01  1.720000e+01
   endloop
 endfacet
 facet normal -7.818315e-01 -6.234898e-01  0.000000e+00
   outer loop
     vertex -1.532089e+01 -1.285575e+01  1.200000e+00
     vertex -1.532089e+01 -1.285575e+01  1.720000e+01
     vertex -1.594265e+01 -1.207609e+01  1.200000e+00
   endloop
 endfacet
 facet normal -7.497812e-01 -6.616858e-01  0.000000e+00
   outer loop
     vertex -1.466104e+01 -1.360345e+01  1.200000e+00
     vertex -1.532089e+01 -1.285575e+01  1.720000e+01
     vertex -1.532089e+01 -1.285575e+01  1.200000e+00
   endloop
 endfacet
 facet normal -7.497812e-01 -6.616858e-01  0.000000e+00
   outer loop
     vertex -1.466104e+01 -1.360345e+01  1.200000e+00
     vertex -1.466104e+01 -1.360345e+01  1.720000e+01
     vertex -1.532089e+01 -1.285575e+01  1.720000e+01
   endloop
 endfacet
 facet normal -7.158668e-01 -6.982368e-01  0.000000e+00
   outer loop
     vertex -1.396474e+01 -1.431734e+01  1.200000e+00
     vertex -1.466104e+01 -1.360345e+01  1.720000e+01
     vertex -1.466104e+01 -1.360345e+01  1.200000e+00
   endloop
 endfacet
 facet normal -7.158668e-01 -6.982368e-01  0.000000e+00
   outer loop
     vertex -1.396474e+01 -1.431734e+01  1.200000e+00
     vertex -1.396474e+01 -1.431734e+01  1.720000e+01
     vertex -1.466104e+01 -1.360345e+01  1.720000e+01
   endloop
 endfacet
 facet normal -6.801727e-01 -7.330519e-01  0.000000e+00
   outer loop
     vertex -1.323372e+01 -1.499562e+01  1.200000e+00
     vertex -1.396474e+01 -1.431734e+01  1.720000e+01
     vertex -1.396474e+01 -1.431734e+01  1.200000e+00
   endloop
 endfacet
 facet normal -6.801727e-01 -7.330519e-01  0.000000e+00
   outer loop
     vertex -1.323372e+01 -1.499562e+01  1.200000e+00
     vertex -1.323372e+01 -1.499562e+01  1.720000e+01
     vertex -1.396474e+01 -1.431734e+01  1.720000e+01
   endloop
 endfacet
 facet normal -6.427876e-01 -7.660444e-01  0.000000e+00
   outer loop
     vertex -1.246980e+01 -1.563663e+01  1.200000e+00
     vertex -1.323372e+01 -1.499562e+01  1.720000e+01
     vertex -1.323372e+01 -1.499562e+01  1.200000e+00
   endloop
 endfacet
 facet normal -6.427876e-01 -7.660444e-01  0.000000e+00
   outer loop
     vertex -1.246980e+01 -1.563663e+01  1.200000e+00
     vertex -1.246980e+01 -1.563663e+01  1.720000e+01
     vertex -1.323372e+01 -1.499562e+01  1.720000e+01
   endloop
 endfacet
 facet normal -6.038044e-01 -7.971325e-01  0.000000e+00
   outer loop
     vertex -1.167487e+01 -1.623876e+01  1.200000e+00
     vertex -1.246980e+01 -1.563663e+01  1.720000e+01
     vertex -1.246980e+01 -1.563663e+01  1.200000e+00
   endloop
 endfacet
 facet normal -6.038044e-01 -7.971325e-01  0.000000e+00
   outer loop
     vertex -1.167487e+01 -1.623876e+01  1.200000e+00
     vertex -1.167487e+01 -1.623876e+01  1.720000e+01
     vertex -1.246980e+01 -1.563663e+01  1.720000e+01
   endloop
 endfacet
 facet normal -5.633201e-01 -8.262388e-01  0.000000e+00
   outer loop
     vertex -1.085093e+01 -1.680052e+01  1.200000e+00
     vertex -1.085093e+01 -1.680052e+01  1.720000e+01
     vertex -1.167487e+01 -1.623876e+01  1.720000e+01
   endloop
 endfacet
 facet normal -5.633201e-01 -8.262388e-01  0.000000e+00
   outer loop
     vertex -1.085093e+01 -1.680052e+01  1.200000e+00
     vertex -1.167487e+01 -1.623876e+01  1.720000e+01
     vertex -1.167487e+01 -1.623876e+01  1.200000e+00
   endloop
 endfacet
 facet normal -5.214352e-01 -8.532909e-01  0.000000e+00
   outer loop
     vertex -1.000000e+01 -1.732051e+01  1.200000e+00
     vertex -1.000000e+01 -1.732051e+01  1.720000e+01
     vertex -1.085093e+01 -1.680052e+01  1.720000e+01
   endloop
 endfacet
 facet normal -5.214352e-01 -8.532909e-01  0.000000e+00
   outer loop
     vertex -1.000000e+01 -1.732051e+01  1.200000e+00
     vertex -1.085093e+01 -1.680052e+01  1.720000e+01
     vertex -1.085093e+01 -1.680052e+01  1.200000e+00
   endloop
 endfacet
 facet normal -4.782540e-01 -8.782216e-01  0.000000e+00
   outer loop
     vertex -9.124213e+00 -1.779744e+01  1.200000e+00
     vertex -9.124213e+00 -1.779744e+01  1.720000e+01
     vertex -1.000000e+01 -1.732051e+01  1.720000e+01
   endloop
 endfacet
 facet normal -4.782540e-01 -8.782216e-01  0.000000e+00
   outer loop
     vertex -9.124213e+00 -1.779744e+01  1.200000e+00
     vertex -1.000000e+01 -1.732051e+01  1.720000e+01
     vertex -1.000000e+01 -1.732051e+01  1.200000e+00
   endloop
 endfacet
 facet normal -4.338837e-01 -9.009689e-01  0.000000e+00
   outer loop
     vertex -8.225742e+00 -1.823012e+01  1.200000e+00
     vertex -8.225742e+00 -1.823012e+01  1.720000e+01
     vertex -9.124213e+00 -1.779744e+01  1.720000e+01
   endloop
 endfacet
 facet normal -4.338837e-01 -9.009689e-01  0.000000e+00
   outer loop
     vertex -8.225742e+00 -1.823012e+01  1.200000e+00
     vertex -9.124213e+00 -1.779744e+01  1.720000e+01
     vertex -9.124213e+00 -1.779744e+01  1.200000e+00
   endloop
 endfacet
 facet normal -3.884348e-01 -9.214762e-01  0.000000e+00
   outer loop
     vertex -7.306820e+00 -1.861747e+01  1.200000e+00
     vertex -7.306820e+00 -1.861747e+01  1.720000e+01
     vertex -8.225742e+00 -1.823012e+01  1.720000e+01
   endloop
 endfacet
 facet normal -3.884348e-01 -9.214762e-01  0.000000e+00
   outer loop
     vertex -7.306820e+00 -1.861747e+01  1.200000e+00
     vertex -8.225742e+00 -1.823012e+01  1.720000e+01
     vertex -8.225742e+00 -1.823012e+01  1.200000e+00
   endloop
 endfacet
 facet normal -3.420201e-01 -9.396926e-01  0.000000e+00
   outer loop
     vertex -6.369733e+00 -1.895855e+01  1.200000e+00
     vertex -7.306820e+00 -1.861747e+01  1.720000e+01
     vertex -7.306820e+00 -1.861747e+01  1.200000e+00
   endloop
 endfacet
 facet normal -3.420201e-01 -9.396926e-01  0.000000e+00
   outer loop
     vertex -6.369733e+00 -1.895855e+01  1.200000e+00
     vertex -6.369733e+00 -1.895855e+01  1.720000e+01
     vertex -7.306820e+00 -1.861747e+01  1.720000e+01
   endloop
 endfacet
 facet normal -2.947552e-01 -9.555728e-01  0.000000e+00
   outer loop
     vertex -5.416809e+00 -1.925248e+01  1.200000e+00
     vertex -6.369733e+00 -1.895855e+01  1.720000e+01
     vertex -6.369733e+00 -1.895855e+01  1.200000e+00
   endloop
 endfacet
 facet normal -2.947552e-01 -9.555728e-01  0.000000e+00
   outer loop
     vertex -5.416809e+00 -1.925248e+01  1.200000e+00
     vertex -5.416809e+00 -1.925248e+01  1.720000e+01
     vertex -6.369733e+00 -1.895855e+01  1.720000e+01
   endloop
 endfacet
 facet normal -2.467574e-01 -9.690773e-01  0.000000e+00
   outer loop
     vertex -4.450419e+00 -1.949856e+01  1.200000e+00
     vertex -5.416809e+00 -1.925248e+01  1.720000e+01
     vertex -5.416809e+00 -1.925248e+01  1.200000e+00
   endloop
 endfacet
 facet normal -2.467574e-01 -9.690773e-01  0.000000e+00
   outer loop
     vertex -4.450419e+00 -1.949856e+01  1.200000e+00
     vertex -4.450419e+00 -1.949856e+01  1.720000e+01
     vertex -5.416809e+00 -1.925248e+01  1.720000e+01
   endloop
 endfacet
 facet normal -1.981461e-01 -9.801725e-01  0.000000e+00
   outer loop
     vertex -3.472964e+00 -1.969616e+01  1.200000e+00
     vertex -4.450419e+00 -1.949856e+01  1.720000e+01
     vertex -4.450419e+00 -1.949856e+01  1.200000e+00
   endloop
 endfacet
 facet normal -1.981461e-01 -9.801725e-01  0.000000e+00
   outer loop
     vertex -3.472964e+00 -1.969616e+01  1.200000e+00
     vertex -3.472964e+00 -1.969616e+01  1.720000e+01
     vertex -4.450419e+00 -1.949856e+01  1.720000e+01
   endloop
 endfacet
 facet normal -1.490423e-01 -9.888308e-01  0.000000e+00
   outer loop
     vertex -2.486874e+00 -1.984478e+01  1.200000e+00
     vertex -3.472964e+00 -1.969616e+01  1.720000e+01
     vertex -3.472964e+00 -1.969616e+01  1.200000e+00
   endloop
 endfacet
 facet normal -1.490423e-01 -9.888308e-01  0.000000e+00
   outer loop
     vertex -2.486874e+00 -1.984478e+01  1.200000e+00
     vertex -2.486874e+00 -1.984478e+01  1.720000e+01
     vertex -3.472964e+00 -1.969616e+01  1.720000e+01
   endloop
 endfacet
 facet normal -9.956785e-02 -9.950308e-01  0.000000e+00
   outer loop
     vertex -1.494602e+00 -1.994408e+01  1.200000e+00
     vertex -2.486874e+00 -1.984478e+01  1.720000e+01
     vertex -2.486874e+00 -1.984478e+01  1.200000e+00
   endloop
 endfacet
 facet normal -9.956785e-02 -9.950308e-01  0.000000e+00
   outer loop
     vertex -1.494602e+00 -1.994408e+01  1.200000e+00
     vertex -1.494602e+00 -1.994408e+01  1.720000e+01
     vertex -2.486874e+00 -1.984478e+01  1.720000e+01
   endloop
 endfacet
 facet normal -4.984589e-02 -9.987569e-01  0.000000e+00
   outer loop
     vertex -4.986138e-01 -1.999378e+01  1.200000e+00
     vertex -1.494602e+00 -1.994408e+01  1.720000e+01
     vertex -1.494602e+00 -1.994408e+01  1.200000e+00
   endloop
 endfacet
 facet normal -4.984589e-02 -9.987569e-01  0.000000e+00
   outer loop
     vertex -4.986138e-01 -1.999378e+01  1.200000e+00
     vertex -4.986138e-01 -1.999378e+01  1.720000e+01
     vertex -1.494602e+00 -1.994408e+01  1.720000e+01
   endloop
 endfacet
 facet normal  7.125181e-15 -1.000000e+00  0.000000e+00
   outer loop
     vertex  4.986138e-01 -1.999378e+01  1.200000e+00
     vertex -4.986138e-01 -1.999378e+01  1.720000e+01
     vertex -4.986138e-01 -1.999378e+01  1.200000e+00
   endloop
 endfacet
 facet normal  7.125181e-15 -1.000000e+00  0.000000e+00
   outer loop
     vertex  4.986138e-01 -1.999378e+01  1.200000e+00
     vertex  4.986138e-01 -1.999378e+01  1.720000e+01
     vertex -4.986138e-01 -1.999378e+01  1.720000e+01
   endloop
 endfacet
 facet normal  4.984589e-02 -9.987569e-01  0.000000e+00
   outer loop
     vertex  1.494602e+00 -1.994408e+01  1.200000e+00
     vertex  4.986138e-01 -1.999378e+01  1.720000e+01
     vertex  4.986138e-01 -1.999378e+01  1.200000e+00
   endloop
 endfacet
 facet normal  4.984589e-02 -9.987569e-01  0.000000e+00
   outer loop
     vertex  1.494602e+00 -1.994408e+01  1.200000e+00
     vertex  1.494602e+00 -1.994408e+01  1.720000e+01
     vertex  4.986138e-01 -1.999378e+01  1.720000e+01
   endloop
 endfacet
 facet normal  9.956785e-02 -9.950308e-01  0.000000e+00
   outer loop
     vertex  1.494602e+00 -1.994408e+01  1.200000e+00
     vertex  2.486874e+00 -1.984478e+01  1.720000e+01
     vertex  1.494602e+00 -1.994408e+01  1.720000e+01
   endloop
 endfacet
 facet normal  9.956785e-02 -9.950308e-01  0.000000e+00
   outer loop
     vertex  2.486874e+00 -1.984478e+01  1.200000e+00
     vertex  2.486874e+00 -1.984478e+01  1.720000e+01
     vertex  1.494602e+00 -1.994408e+01  1.200000e+00
   endloop
 endfacet
 facet normal  1.490423e-01 -9.888308e-01  0.000000e+00
   outer loop
     vertex  3.472964e+00 -1.969616e+01  1.200000e+00
     vertex  2.486874e+00 -1.984478e+01  1.720000e+01
     vertex  2.486874e+00 -1.984478e+01  1.200000e+00
   endloop
 endfacet
 facet normal  1.490423e-01 -9.888308e-01  0.000000e+00
   outer loop
     vertex  3.472964e+00 -1.969616e+01  1.200000e+00
     vertex  3.472964e+00 -1.969616e+01  1.720000e+01
     vertex  2.486874e+00 -1.984478e+01  1.720000e+01
   endloop
 endfacet
 facet normal  1.981461e-01 -9.801725e-01  0.000000e+00
   outer loop
     vertex  4.450419e+00 -1.949856e+01  1.200000e+00
     vertex  3.472964e+00 -1.969616e+01  1.720000e+01
     vertex  3.472964e+00 -1.969616e+01  1.200000e+00
   endloop
 endfacet
 facet normal  1.981461e-01 -9.801725e-01  0.000000e+00
   outer loop
     vertex  4.450419e+00 -1.949856e+01  1.200000e+00
     vertex  4.450419e+00 -1.949856e+01  1.720000e+01
     vertex  3.472964e+00 -1.969616e+01  1.720000e+01
   endloop
 endfacet
 facet normal  2.467574e-01 -9.690773e-01  0.000000e+00
   outer loop
     vertex  5.416809e+00 -1.925248e+01  1.200000e+00
     vertex  5.416809e+00 -1.925248e+01  1.720000e+01
     vertex  4.450419e+00 -1.949856e+01  1.720000e+01
   endloop
 endfacet
 facet normal  2.467574e-01 -9.690773e-01  0.000000e+00
   outer loop
     vertex  5.416809e+00 -1.925248e+01  1.200000e+00
     vertex  4.450419e+00 -1.949856e+01  1.720000e+01
     vertex  4.450419e+00 -1.949856e+01  1.200000e+00
   endloop
 endfacet
 facet normal  2.947552e-01 -9.555728e-01  0.000000e+00
   outer loop
     vertex  6.369733e+00 -1.895855e+01  1.200000e+00
     vertex  6.369733e+00 -1.895855e+01  1.720000e+01
     vertex  5.416809e+00 -1.925248e+01  1.720000e+01
   endloop
 endfacet
 facet normal  2.947552e-01 -9.555728e-01  0.000000e+00
   outer loop
     vertex  6.369733e+00 -1.895855e+01  1.200000e+00
     vertex  5.416809e+00 -1.925248e+01  1.720000e+01
     vertex  5.416809e+00 -1.925248e+01  1.200000e+00
   endloop
 endfacet
 facet normal  3.420201e-01 -9.396926e-01  0.000000e+00
   outer loop
     vertex  7.306820e+00 -1.861747e+01  1.200000e+00
     vertex  7.306820e+00 -1.861747e+01  1.720000e+01
     vertex  6.369733e+00 -1.895855e+01  1.720000e+01
   endloop
 endfacet
 facet normal  3.420201e-01 -9.396926e-01  0.000000e+00
   outer loop
     vertex  7.306820e+00 -1.861747e+01  1.200000e+00
     vertex  6.369733e+00 -1.895855e+01  1.720000e+01
     vertex  6.369733e+00 -1.895855e+01  1.200000e+00
   endloop
 endfacet
 facet normal  3.884348e-01 -9.214762e-01  0.000000e+00
   outer loop
     vertex  8.225742e+00 -1.823012e+01  1.200000e+00
     vertex  8.225742e+00 -1.823012e+01  1.720000e+01
     vertex  7.306820e+00 -1.861747e+01  1.720000e+01
   endloop
 endfacet
 facet normal  3.884348e-01 -9.214762e-01  0.000000e+00
   outer loop
     vertex  8.225742e+00 -1.823012e+01  1.200000e+00
     vertex  7.306820e+00 -1.861747e+01  1.720000e+01
     vertex  7.306820e+00 -1.861747e+01  1.200000e+00
   endloop
 endfacet
 facet normal  4.338837e-01 -9.009689e-01  0.000000e+00
   outer loop
     vertex  9.124213e+00 -1.779744e+01  1.200000e+00
     vertex  9.124213e+00 -1.779744e+01  1.720000e+01
     vertex  8.225742e+00 -1.823012e+01  1.720000e+01
   endloop
 endfacet
 facet normal  4.782540e-01 -8.782216e-01  0.000000e+00
   outer loop
     vertex  9.124213e+00 -1.779744e+01  1.200000e+00
     vertex  1.000000e+01 -1.732051e+01  1.720000e+01
     vertex  9.124213e+00 -1.779744e+01  1.720000e+01
   endloop
 endfacet
 facet normal  4.338837e-01 -9.009689e-01  0.000000e+00
   outer loop
     vertex  9.124213e+00 -1.779744e+01  1.200000e+00
     vertex  8.225742e+00 -1.823012e+01  1.720000e+01
     vertex  8.225742e+00 -1.823012e+01  1.200000e+00
   endloop
 endfacet
 facet normal  4.782540e-01 -8.782216e-01  0.000000e+00
   outer loop
     vertex  1.000000e+01 -1.732051e+01  1.200000e+00
     vertex  1.000000e+01 -1.732051e+01  1.720000e+01
     vertex  9.124213e+00 -1.779744e+01  1.200000e+00
   endloop
 endfacet
 facet normal  5.214352e-01 -8.532909e-01  0.000000e+00
   outer loop
     vertex  1.085093e+01 -1.680052e+01  1.200000e+00
     vertex  1.085093e+01 -1.680052e+01  1.720000e+01
     vertex  1.000000e+01 -1.732051e+01  1.720000e+01
   endloop
 endfacet
 facet normal  5.214352e-01 -8.532909e-01  0.000000e+00
   outer loop
     vertex  1.085093e+01 -1.680052e+01  1.200000e+00
     vertex  1.000000e+01 -1.732051e+01  1.720000e+01
     vertex  1.000000e+01 -1.732051e+01  1.200000e+00
   endloop
 endfacet
 facet normal  5.633201e-01 -8.262388e-01  0.000000e+00
   outer loop
     vertex  1.167487e+01 -1.623876e+01  1.200000e+00
     vertex  1.167487e+01 -1.623876e+01  1.720000e+01
     vertex  1.085093e+01 -1.680052e+01  1.720000e+01
   endloop
 endfacet
 facet normal  5.633201e-01 -8.262388e-01  0.000000e+00
   outer loop
     vertex  1.167487e+01 -1.623876e+01  1.200000e+00
     vertex  1.085093e+01 -1.680052e+01  1.720000e+01
     vertex  1.085093e+01 -1.680052e+01  1.200000e+00
   endloop
 endfacet
 facet normal  6.038044e-01 -7.971325e-01  0.000000e+00
   outer loop
     vertex  1.246980e+01 -1.563663e+01  1.200000e+00
     vertex  1.246980e+01 -1.563663e+01  1.720000e+01
     vertex  1.167487e+01 -1.623876e+01  1.720000e+01
   endloop
 endfacet
 facet normal  6.038044e-01 -7.971325e-01  0.000000e+00
   outer loop
     vertex  1.246980e+01 -1.563663e+01  1.200000e+00
     vertex  1.167487e+01 -1.623876e+01  1.720000e+01
     vertex  1.167487e+01 -1.623876e+01  1.200000e+00
   endloop
 endfacet
 facet normal  6.427876e-01 -7.660444e-01  0.000000e+00
   outer loop
     vertex  1.323372e+01 -1.499562e+01  1.200000e+00
     vertex  1.323372e+01 -1.499562e+01  1.720000e+01
     vertex  1.246980e+01 -1.563663e+01  1.720000e+01
   endloop
 endfacet
 facet normal  6.427876e-01 -7.660444e-01  0.000000e+00
   outer loop
     vertex  1.323372e+01 -1.499562e+01  1.200000e+00
     vertex  1.246980e+01 -1.563663e+01  1.720000e+01
     vertex  1.246980e+01 -1.563663e+01  1.200000e+00
   endloop
 endfacet
 facet normal  6.801727e-01 -7.330519e-01  0.000000e+00
   outer loop
     vertex  1.396474e+01 -1.431734e+01  1.200000e+00
     vertex  1.396474e+01 -1.431734e+01  1.720000e+01
     vertex  1.323372e+01 -1.499562e+01  1.720000e+01
   endloop
 endfacet
 facet normal  6.801727e-01 -7.330519e-01  0.000000e+00
   outer loop
     vertex  1.396474e+01 -1.431734e+01  1.200000e+00
     vertex  1.323372e+01 -1.499562e+01  1.720000e+01
     vertex  1.323372e+01 -1.499562e+01  1.200000e+00
   endloop
 endfacet
 facet normal  7.158668e-01 -6.982368e-01  0.000000e+00
   outer loop
     vertex  1.466104e+01 -1.360345e+01  1.200000e+00
     vertex  1.466104e+01 -1.360345e+01  1.720000e+01
     vertex  1.396474e+01 -1.431734e+01  1.720000e+01
   endloop
 endfacet
 facet normal  7.158668e-01 -6.982368e-01  0.000000e+00
   outer loop
     vertex  1.466104e+01 -1.360345e+01  1.200000e+00
     vertex  1.396474e+01 -1.431734e+01  1.720000e+01
     vertex  1.396474e+01 -1.431734e+01  1.200000e+00
   endloop
 endfacet
 facet normal  7.497812e-01 -6.616858e-01  0.000000e+00
   outer loop
     vertex  1.532089e+01 -1.285575e+01  1.200000e+00
     vertex  1.466104e+01 -1.360345e+01  1.720000e+01
     vertex  1.466104e+01 -1.360345e+01  1.200000e+00
   endloop
 endfacet
 facet normal  7.497812e-01 -6.616858e-01  0.000000e+00
   outer loop
     vertex  1.532089e+01 -1.285575e+01  1.200000e+00
     vertex  1.532089e+01 -1.285575e+01  1.720000e+01
     vertex  1.466104e+01 -1.360345e+01  1.720000e+01
   endloop
 endfacet
 facet normal  7.818315e-01 -6.234898e-01  0.000000e+00
   outer loop
     vertex  1.594265e+01 -1.207609e+01  1.200000e+00
     vertex  1.532089e+01 -1.285575e+01  1.720000e+01
     vertex  1.532089e+01 -1.285575e+01  1.200000e+00
   endloop
 endfacet
 facet normal  7.818315e-01 -6.234898e-01  0.000000e+00
   outer loop
     vertex  1.594265e+01 -1.207609e+01  1.200000e+00
     vertex  1.594265e+01 -1.207609e+01  1.720000e+01
     vertex  1.532089e+01 -1.285575e+01  1.720000e+01
   endloop
 endfacet
 facet normal  8.119380e-01 -5.837437e-01  0.000000e+00
   outer loop
     vertex  1.652478e+01 -1.126640e+01  1.200000e+00
     vertex  1.594265e+01 -1.207609e+01  1.720000e+01
     vertex  1.594265e+01 -1.207609e+01  1.200000e+00
   endloop
 endfacet
 facet normal  8.119380e-01 -5.837437e-01  0.000000e+00
   outer loop
     vertex  1.652478e+01 -1.126640e+01  1.200000e+00
     vertex  1.652478e+01 -1.126640e+01  1.720000e+01
     vertex  1.594265e+01 -1.207609e+01  1.720000e+01
   endloop
 endfacet
 facet normal  8.400259e-01 -5.425463e-01  0.000000e+00
   outer loop
     vertex  1.652478e+01 -1.126640e+01  1.200000e+00
     vertex  1.706582e+01 -1.042870e+01  1.720000e+01
     vertex  1.652478e+01 -1.126640e+01  1.720000e+01
   endloop
 endfacet
 facet normal  8.400259e-01 -5.425463e-01  0.000000e+00
   outer loop
     vertex  1.706582e+01 -1.042870e+01  1.200000e+00
     vertex  1.706582e+01 -1.042870e+01  1.720000e+01
     vertex  1.652478e+01 -1.126640e+01  1.200000e+00
   endloop
 endfacet
 facet normal  8.660254e-01 -5.000000e-01  0.000000e+00
   outer loop
     vertex  1.756443e+01 -9.565080e+00  1.200000e+00
     vertex  1.706582e+01 -1.042870e+01  1.720000e+01
     vertex  1.706582e+01 -1.042870e+01  1.200000e+00
   endloop
 endfacet
 facet normal  8.660254e-01 -5.000000e-01  0.000000e+00
   outer loop
     vertex  1.756443e+01 -9.565080e+00  1.200000e+00
     vertex  1.756443e+01 -9.565080e+00  1.720000e+01
     vertex  1.706582e+01 -1.042870e+01  1.720000e+01
   endloop
 endfacet
 facet normal  8.898718e-01 -4.562107e-01  0.000000e+00
   outer loop
     vertex  1.801938e+01 -8.677675e+00  1.200000e+00
     vertex  1.801938e+01 -8.677675e+00  1.720000e+01
     vertex  1.756443e+01 -9.565080e+00  1.720000e+01
   endloop
 endfacet
 facet normal  8.898718e-01 -4.562107e-01  0.000000e+00
   outer loop
     vertex  1.801938e+01 -8.677675e+00  1.200000e+00
     vertex  1.756443e+01 -9.565080e+00  1.720000e+01
     vertex  1.756443e+01 -9.565080e+00  1.200000e+00
   endloop
 endfacet
 facet normal  9.115059e-01 -4.112871e-01  0.000000e+00
   outer loop
     vertex  1.842952e+01 -7.768696e+00  1.200000e+00
     vertex  1.842952e+01 -7.768696e+00  1.720000e+01
     vertex  1.801938e+01 -8.677675e+00  1.720000e+01
   endloop
 endfacet
 facet normal  9.115059e-01 -4.112871e-01  0.000000e+00
   outer loop
     vertex  1.842952e+01 -7.768696e+00  1.200000e+00
     vertex  1.801938e+01 -8.677675e+00  1.720000e+01
     vertex  1.801938e+01 -8.677675e+00  1.200000e+00
   endloop
 endfacet
 facet normal  9.308737e-01 -3.653410e-01  0.000000e+00
   outer loop
     vertex  1.879385e+01 -6.840403e+00  1.200000e+00
     vertex  1.879385e+01 -6.840403e+00  1.720000e+01
     vertex  1.842952e+01 -7.768696e+00  1.720000e+01
   endloop
 endfacet
 facet normal  9.308737e-01 -3.653410e-01  0.000000e+00
   outer loop
     vertex  1.879385e+01 -6.840403e+00  1.200000e+00
     vertex  1.842952e+01 -7.768696e+00  1.720000e+01
     vertex  1.842952e+01 -7.768696e+00  1.200000e+00
   endloop
 endfacet
 facet normal  9.479273e-01 -3.184867e-01  0.000000e+00
   outer loop
     vertex  1.911146e+01 -5.895103e+00  1.200000e+00
     vertex  1.911146e+01 -5.895103e+00  1.720000e+01
     vertex  1.879385e+01 -6.840403e+00  1.720000e+01
   endloop
 endfacet
 facet normal  9.479273e-01 -3.184867e-01  0.000000e+00
   outer loop
     vertex  1.911146e+01 -5.895103e+00  1.200000e+00
     vertex  1.879385e+01 -6.840403e+00  1.720000e+01
     vertex  1.879385e+01 -6.840403e+00  1.200000e+00
   endloop
 endfacet
 facet normal  9.626242e-01 -2.708405e-01  0.000000e+00
   outer loop
     vertex  1.938155e+01 -4.935148e+00  1.200000e+00
     vertex  1.938155e+01 -4.935148e+00  1.720000e+01
     vertex  1.911146e+01 -5.895103e+00  1.720000e+01
   endloop
 endfacet
 facet normal  9.626242e-01 -2.708405e-01  0.000000e+00
   outer loop
     vertex  1.938155e+01 -4.935148e+00  1.200000e+00
     vertex  1.911146e+01 -5.895103e+00  1.720000e+01
     vertex  1.911146e+01 -5.895103e+00  1.200000e+00
   endloop
 endfacet
 facet normal  9.749279e-01 -2.225209e-01  0.000000e+00
   outer loop
     vertex  1.960345e+01 -3.962923e+00  1.200000e+00
     vertex  1.960345e+01 -3.962923e+00  1.720000e+01
     vertex  1.938155e+01 -4.935148e+00  1.720000e+01
   endloop
 endfacet
 facet normal  9.749279e-01 -2.225209e-01  0.000000e+00
   outer loop
     vertex  1.960345e+01 -3.962923e+00  1.200000e+00
     vertex  1.938155e+01 -4.935148e+00  1.720000e+01
     vertex  1.938155e+01 -4.935148e+00  1.200000e+00
   endloop
 endfacet
 facet normal  9.848078e-01 -1.736482e-01  0.000000e+00
   outer loop
     vertex  1.977662e+01 -2.980845e+00  1.200000e+00
     vertex  1.977662e+01 -2.980845e+00  1.720000e+01
     vertex  1.960345e+01 -3.962923e+00  1.720000e+01
   endloop
 endfacet
 facet normal  9.848078e-01 -1.736482e-01  0.000000e+00
   outer loop
     vertex  1.977662e+01 -2.980845e+00  1.200000e+00
     vertex  1.960345e+01 -3.962923e+00  1.720000e+01
     vertex  1.960345e+01 -3.962923e+00  1.200000e+00
   endloop
 endfacet
 facet normal  9.922392e-01 -1.243437e-01  0.000000e+00
   outer loop
     vertex  1.990062e+01 -1.991357e+00  1.200000e+00
     vertex  1.990062e+01 -1.991357e+00  1.720000e+01
     vertex  1.977662e+01 -2.980845e+00  1.720000e+01
   endloop
 endfacet
 facet normal  9.922392e-01 -1.243437e-01  0.000000e+00
   outer loop
     vertex  1.990062e+01 -1.991357e+00  1.200000e+00
     vertex  1.977662e+01 -2.980845e+00  1.720000e+01
     vertex  1.977662e+01 -2.980845e+00  1.200000e+00
   endloop
 endfacet
 facet normal  9.972038e-01 -7.473009e-02  0.000000e+00
   outer loop
     vertex  1.997514e+01 -9.969177e-01  1.200000e+00
     vertex  1.997514e+01 -9.969177e-01  1.720000e+01
     vertex  1.990062e+01 -1.991357e+00  1.720000e+01
   endloop
 endfacet
 facet normal  9.972038e-01 -7.473009e-02  0.000000e+00
   outer loop
     vertex  1.997514e+01 -9.969177e-01  1.200000e+00
     vertex  1.990062e+01 -1.991357e+00  1.720000e+01
     vertex  1.990062e+01 -1.991357e+00  1.200000e+00
   endloop
 endfacet
 facet normal  9.996892e-01 -2.493069e-02  0.000000e+00
   outer loop
     vertex  2.000000e+01  0.000000e+00  1.200000e+00
     vertex  1.997514e+01 -9.969177e-01  1.720000e+01
     vertex  1.997514e+01 -9.969177e-01  1.200000e+00
   endloop
 endfacet
 facet normal  9.996892e-01 -2.493069e-02  0.000000e+00
   outer loop
     vertex  2.000000e+01  0.000000e+00  1.200000e+00
     vertex  2.000000e+01  0.000000e+00  1.720000e+01
     vertex  1.997514e+01 -9.969177e-01  1.720000e+01
   endloop
 endfacet
 facet normal  0.000000e+00 -0.000000e+00 -1.000000e+00
   outer loop
     vertex -1.378138e+01 -1.278725e+01  1.200000e+00
     vertex -1.312685e+01 -1.345830e+01  1.200000e+00
     vertex -1.396474e+01 -1.431734e+01  1.200000e+00
   endloop
 endfacet
 facet normal  0.000000e+00  0.000000e+00 -1.000000e+00
   outer loop
     vertex -1.378138e+01 -1.278725e+01  1.200000e+00
     vertex -1.396474e+01 -1.431734e+01  1.200000e+00
     vertex -1.466104e+01 -1.360345e+01  1.200000e+00
   endloop
 endfacet
 facet normal -0.000000e+00  0.000000e+00 -1.000000e+00
   outer loop
     vertex -1.243969e+01 -1.409589e+01  1.200000e+00
     vertex -1.396474e+01 -1.431734e+01  1.200000e+00
     vertex -1.312685e+01 -1.345830e+01  1.200000e+00
   endloop
 endfacet
 facet normal  0.000000e+00  0.000000e+00 -1.000000e+00
   outer loop
     vertex -1.243969e+01 -1.409589e+01  1.200000e+00
     vertex -1.323372e+01 -1.499562e+01  1.200000e+00
     vertex -1.396474e+01 -1.431734e+01  1.200000e+00
   endloop
 endfacet
 facet normal -0.000000e+00  0.000000e+00 -1.000000e+00
   outer loop
     vertex -1.440164e+01 -1.208441e+01  1.200000e+00
     vertex -1.532089e+01 -1.285575e+01  1.200000e+00
     vertex -1.594265e+01 -1.207609e+01  1.200000e+00
   endloop
 endfacet
 facet normal  0.000000e+00  0.000000e+00 -1.000000e+00
   outer loop
     vertex -1.440164e+01 -1.208441e+01  1.200000e+00
     vertex -1.466104e+01 -1.360345e+01  1.200000e+00
     vertex -1.532089e+01 -1.285575e+01  1.200000e+00
   endloop
 endfacet
 facet normal  0.000000e+00 -0.000000e+00 -1.000000e+00
   outer loop
     vertex -1.440164e+01 -1.208441e+01  1.200000e+00
     vertex -1.378138e+01 -1.278725e+01  1.200000e+00
     vertex -1.466104e+01 -1.360345e+01  1.200000e+00
   endloop
 endfacet
 facet normal  0.000000e+00  0.000000e+00 -1.000000e+00
   outer loop
     vertex -1.172161e+01 -1.469843e+01  1.200000e+00
     vertex -1.246980e+01 -1.563663e+01  1.200000e+00
     vertex -1.323372e+01 -1.499562e+01  1.200000e+00
   endloop
 endfacet
 facet normal -0.000000e+00  0.000000e+00 -1.000000e+00
   outer loop
     vertex -1.172161e+01 -1.469843e+01  1.200000e+00
     vertex -1.323372e+01 -1.499562e+01  1.200000e+00
     vertex -1.243969e+01 -1.409589e+01  1.200000e+00
   endloop
 endfacet
 facet normal  0.000000e+00 -0.000000e+00 -1.000000e+00
   outer loop
     vertex -1.498609e+01 -1.135152e+01  1.200000e+00
     vertex -1.440164e+01 -1.208441e+01  1.200000e+00
     vertex -1.594265e+01 -1.207609e+01  1.200000e+00
   endloop
 endfacet
 facet normal  0.000000e+00  0.000000e+00 -1.000000e+00
   outer loop
     vertex -1.097438e+01 -1.526443e+01  1.200000e+00
     vertex -1.167487e+01 -1.623876e+01  1.200000e+00
     vertex -1.246980e+01 -1.563663e+01  1.200000e+00
   endloop
 endfacet
 facet normal  0.000000e+00 -0.000000e+00 -1.000000e+00
   outer loop
     vertex -1.097438e+01 -1.526443e+01  1.200000e+00
     vertex -1.085093e+01 -1.680052e+01  1.200000e+00
     vertex -1.167487e+01 -1.623876e+01  1.200000e+00
   endloop
 endfacet
 facet normal -0.000000e+00  0.000000e+00 -1.000000e+00
   outer loop
     vertex -1.097438e+01 -1.526443e+01  1.200000e+00
     vertex -1.246980e+01 -1.563663e+01  1.200000e+00
     vertex -1.172161e+01 -1.469843e+01  1.200000e+00
   endloop
 endfacet
 facet normal  0.000000e+00 -0.000000e+00 -1.000000e+00
   outer loop
     vertex -1.553329e+01 -1.059042e+01  1.200000e+00
     vertex -1.498609e+01 -1.135152e+01  1.200000e+00
     vertex -1.594265e+01 -1.207609e+01  1.200000e+00
   endloop
 endfacet
 facet normal  0.000000e+00  0.000000e+00 -1.000000e+00
   outer loop
     vertex -1.553329e+01 -1.059042e+01  1.200000e+00
     vertex -1.594265e+01 -1.207609e+01  1.200000e+00
     vertex -1.652478e+01 -1.126640e+01  1.200000e+00
   endloop
 endfacet
 facet normal -0.000000e+00  0.000000e+00 -1.000000e+00
   outer loop
     vertex -1.019987e+01 -1.579249e+01  1.200000e+00
     vertex -1.085093e+01 -1.680052e+01  1.200000e+00
     vertex -1.097438e+01 -1.526443e+01  1.200000e+00
   endloop
 endfacet
 facet normal  0.000000e+00 -0.000000e+00 -1.000000e+00
   outer loop
     vertex -1.604187e+01 -9.802982e+00  1.200000e+00
     vertex -1.553329e+01 -1.059042e+01  1.200000e+00
     vertex -1.652478e+01 -1.126640e+01  1.200000e+00
   endloop
 endfacet
 facet normal  0.000000e+00  0.000000e+00 -1.000000e+00
   outer loop
     vertex -1.604187e+01 -9.802982e+00  1.200000e+00
     vertex -1.652478e+01 -1.126640e+01  1.200000e+00
     vertex -1.706582e+01 -1.042870e+01  1.200000e+00
   endloop
 endfacet
 facet normal -0.000000e+00  0.000000e+00 -1.000000e+00
   outer loop
     vertex -9.400000e+00 -1.628128e+01  1.200000e+00
     vertex -1.085093e+01 -1.680052e+01  1.200000e+00
     vertex -1.019987e+01 -1.579249e+01  1.200000e+00
   endloop
 endfacet
 facet normal  0.000000e+00  0.000000e+00 -1.000000e+00
   outer loop
     vertex -9.400000e+00 -1.628128e+01  1.200000e+00
     vertex -1.000000e+01 -1.732051e+01  1.200000e+00
     vertex -1.085093e+01 -1.680052e+01  1.200000e+00
   endloop
 endfacet
 facet normal  0.000000e+00  0.000000e+00 -1.000000e+00
   outer loop
     vertex -1.651057e+01 -8.991175e+00  1.200000e+00
     vertex -1.706582e+01 -1.042870e+01  1.200000e+00
     vertex -1.756443e+01 -9.565080e+00  1.200000e+00
   endloop
 endfacet
 facet normal  0.000000e+00 -0.000000e+00 -1.000000e+00
   outer loop
     vertex -1.651057e+01 -8.991175e+00  1.200000e+00
     vertex -1.604187e+01 -9.802982e+00  1.200000e+00
     vertex -1.706582e+01 -1.042870e+01  1.200000e+00
   endloop
 endfacet
 facet normal  0.000000e+00  0.000000e+00 -1.000000e+00
   outer loop
     vertex -8.576760e+00 -1.672959e+01  1.200000e+00
     vertex -9.124213e+00 -1.779744e+01  1.200000e+00
     vertex -1.000000e+01 -1.732051e+01  1.200000e+00
   endloop
 endfacet
 facet normal -0.000000e+00  0.000000e+00 -1.000000e+00
   outer loop
     vertex -8.576760e+00 -1.672959e+01  1.200000e+00
     vertex -1.000000e+01 -1.732051e+01  1.200000e+00
     vertex -9.400000e+00 -1.628128e+01  1.200000e+00
   endloop
 endfacet
 facet normal  0.000000e+00  0.000000e+00 -1.000000e+00
   outer loop
     vertex -1.693821e+01 -8.157014e+00  1.200000e+00
     vertex -1.756443e+01 -9.565080e+00  1.200000e+00
     vertex -1.801938e+01 -8.677675e+00  1.200000e+00
   endloop
 endfacet
 facet normal  0.000000e+00 -0.000000e+00 -1.000000e+00
   outer loop
     vertex -1.693821e+01 -8.157014e+00  1.200000e+00
     vertex -1.651057e+01 -8.991175e+00  1.200000e+00
     vertex -1.756443e+01 -9.565080e+00  1.200000e+00
   endloop
 endfacet
 facet normal -0.000000e+00  0.000000e+00 -1.000000e+00
   outer loop
     vertex -7.732198e+00 -1.713631e+01  1.200000e+00
     vertex -9.124213e+00 -1.779744e+01  1.200000e+00
     vertex -8.576760e+00 -1.672959e+01  1.200000e+00
   endloop
 endfacet
 facet normal  0.000000e+00  0.000000e+00 -1.000000e+00
   outer loop
     vertex -7.732198e+00 -1.713631e+01  1.200000e+00
     vertex -8.225742e+00 -1.823012e+01  1.200000e+00
     vertex -9.124213e+00 -1.779744e+01  1.200000e+00
   endloop
 endfacet
 facet normal  0.000000e+00 -0.000000e+00 -1.000000e+00
   outer loop
     vertex -7.732198e+00 -1.713631e+01  1.200000e+00
     vertex -7.306820e+00 -1.861747e+01  1.200000e+00
     vertex -8.225742e+00 -1.823012e+01  1.200000e+00
   endloop
 endfacet
 facet normal  0.000000e+00 -0.000000e+00 -1.000000e+00
   outer loop
     vertex -1.732375e+01 -7.302574e+00  1.200000e+00
     vertex -1.693821e+01 -8.157014e+00  1.200000e+00
     vertex -1.801938e+01 -8.677675e+00  1.200000e+00
   endloop
 endfacet
 facet normal  0.000000e+00  0.000000e+00 -1.000000e+00
   outer loop
     vertex -1.732375e+01 -7.302574e+00  1.200000e+00
     vertex -1.801938e+01 -8.677675e+00  1.200000e+00
     vertex -1.842952e+01 -7.768696e+00  1.200000e+00
   endloop
 endfacet
 facet normal -0.000000e+00  0.000000e+00 -1.000000e+00
   outer loop
     vertex -6.868411e+00 -1.750043e+01  1.200000e+00
     vertex -7.306820e+00 -1.861747e+01  1.200000e+00
     vertex -7.732198e+00 -1.713631e+01  1.200000e+00
   endloop
 endfacet
 facet normal  0.000000e+00 -0.000000e+00 -1.000000e+00
   outer loop
     vertex -6.868411e+00 -1.750043e+01  1.200000e+00
     vertex -6.369733e+00 -1.895855e+01  1.200000e+00
     vertex -7.306820e+00 -1.861747e+01  1.200000e+00
   endloop
 endfacet
 facet normal  0.000000e+00  0.000000e+00 -1.000000e+00
   outer loop
     vertex -1.766622e+01 -6.429979e+00  1.200000e+00
     vertex -1.842952e+01 -7.768696e+00  1.200000e+00
     vertex -1.879385e+01 -6.840403e+00  1.200000e+00
   endloop
 endfacet
 facet normal  0.000000e+00 -0.000000e+00 -1.000000e+00
   outer loop
     vertex -1.766622e+01 -6.429979e+00  1.200000e+00
     vertex -1.732375e+01 -7.302574e+00  1.200000e+00
     vertex -1.842952e+01 -7.768696e+00  1.200000e+00
   endloop
 endfacet
 facet normal -0.000000e+00  0.000000e+00 -1.000000e+00
   outer loop
     vertex -5.987549e+00 -1.782103e+01  1.200000e+00
     vertex -6.369733e+00 -1.895855e+01  1.200000e+00
     vertex -6.868411e+00 -1.750043e+01  1.200000e+00
   endloop
 endfacet
 facet normal  0.000000e+00 -0.000000e+00 -1.000000e+00
   outer loop
     vertex -1.796477e+01 -5.541397e+00  1.200000e+00
     vertex -1.766622e+01 -6.429979e+00  1.200000e+00
     vertex -1.879385e+01 -6.840403e+00  1.200000e+00
   endloop
 endfacet
 facet normal -0.000000e+00  0.000000e+00 -1.000000e+00
   outer loop
     vertex -1.796477e+01 -5.541397e+00  1.200000e+00
     vertex -1.911146e+01 -5.895103e+00  1.200000e+00
     vertex -1.938155e+01 -4.935148e+00  1.200000e+00
   endloop
 endfacet
 facet normal  0.000000e+00  0.000000e+00 -1.000000e+00
   outer loop
     vertex -1.796477e+01 -5.541397e+00  1.200000e+00
     vertex -1.879385e+01 -6.840403e+00  1.200000e+00
     vertex -1.911146e+01 -5.895103e+00  1.200000e+00
   endloop
 endfacet
 facet normal -0.000000e+00  0.000000e+00 -1.000000e+00
   outer loop
     vertex -5.091801e+00 -1.809734e+01  1.200000e+00
     vertex -6.369733e+00 -1.895855e+01  1.200000e+00
     vertex -5.987549e+00 -1.782103e+01  1.200000e+00
   endloop
 endfacet
 facet normal  0.000000e+00  0.000000e+00 -1.000000e+00
   outer loop
     vertex -5.091801e+00 -1.809734e+01  1.200000e+00
     vertex -5.416809e+00 -1.925248e+01  1.200000e+00
     vertex -6.369733e+00 -1.895855e+01  1.200000e+00
   endloop
 endfacet
 facet normal  0.000000e+00 -0.000000e+00 -1.000000e+00
   outer loop
     vertex -1.821865e+01 -4.639039e+00  1.200000e+00
     vertex -1.796477e+01 -5.541397e+00  1.200000e+00
     vertex -1.938155e+01 -4.935148e+00  1.200000e+00
   endloop
 endfacet
 facet normal -0.000000e+00  0.000000e+00 -1.000000e+00
   outer loop
     vertex -4.183394e+00 -1.832864e+01  1.200000e+00
     vertex -5.416809e+00 -1.925248e+01  1.200000e+00
     vertex -5.091801e+00 -1.809734e+01  1.200000e+00
   endloop
 endfacet
 facet normal  0.000000e+00  0.000000e+00 -1.000000e+00
   outer loop
     vertex -4.183394e+00 -1.832864e+01  1.200000e+00
     vertex -4.450419e+00 -1.949856e+01  1.200000e+00
     vertex -5.416809e+00 -1.925248e+01  1.200000e+00
   endloop
 endfacet
 facet normal  0.000000e+00 -0.000000e+00 -1.000000e+00
   outer loop
     vertex -1.842724e+01 -3.725147e+00  1.200000e+00
     vertex -1.821865e+01 -4.639039e+00  1.200000e+00
     vertex -1.938155e+01 -4.935148e+00  1.200000e+00
   endloop
 endfacet
 facet normal  0.000000e+00  0.000000e+00 -1.000000e+00
   outer loop
     vertex -1.842724e+01 -3.725147e+00  1.200000e+00
     vertex -1.938155e+01 -4.935148e+00  1.200000e+00
     vertex -1.960345e+01 -3.962923e+00  1.200000e+00
   endloop
 endfacet
 facet normal -0.000000e+00  0.000000e+00 -1.000000e+00
   outer loop
     vertex -3.264586e+00 -1.851439e+01  1.200000e+00
     vertex -4.450419e+00 -1.949856e+01  1.200000e+00
     vertex -4.183394e+00 -1.832864e+01  1.200000e+00
   endloop
 endfacet
 facet normal  0.000000e+00  0.000000e+00 -1.000000e+00
   outer loop
     vertex -3.264586e+00 -1.851439e+01  1.200000e+00
     vertex -3.472964e+00 -1.969616e+01  1.200000e+00
     vertex -4.450419e+00 -1.949856e+01  1.200000e+00
   endloop
 endfacet
 facet normal  0.000000e+00 -0.000000e+00 -1.000000e+00
   outer loop
     vertex -1.859002e+01 -2.801995e+00  1.200000e+00
     vertex -1.842724e+01 -3.725147e+00  1.200000e+00
     vertex -1.960345e+01 -3.962923e+00  1.200000e+00
   endloop
 endfacet
 facet normal -0.000000e+00  0.000000e+00 -1.000000e+00
   outer loop
     vertex -1.859002e+01 -2.801995e+00  1.200000e+00
     vertex -1.977662e+01 -2.980845e+00  1.200000e+00
     vertex -1.990062e+01 -1.991357e+00  1.200000e+00
   endloop
 endfacet
 facet normal  0.000000e+00  0.000000e+00 -1.000000e+00
   outer loop
     vertex -1.859002e+01 -2.801995e+00  1.200000e+00
     vertex -1.960345e+01 -3.962923e+00  1.200000e+00
     vertex -1.977662e+01 -2.980845e+00  1.200000e+00
   endloop
 endfacet
 facet normal -0.000000e+00  0.000000e+00 -1.000000e+00
   outer loop
     vertex -2.337662e+00 -1.865410e+01  1.200000e+00
     vertex -3.472964e+00 -1.969616e+01  1.200000e+00
     vertex -3.264586e+00 -1.851439e+01  1.200000e+00
   endloop
 endfacet
 facet normal  0.000000e+00  0.000000e+00 -1.000000e+00
   outer loop
     vertex -2.337662e+00 -1.865410e+01  1.200000e+00
     vertex -2.486874e+00 -1.984478e+01  1.200000e+00
     vertex -3.472964e+00 -1.969616e+01  1.200000e+00
   endloop
 endfacet
 facet normal  0.000000e+00 -0.000000e+00 -1.000000e+00
   outer loop
     vertex -1.870658e+01 -1.871876e+00  1.200000e+00
     vertex -1.859002e+01 -2.801995e+00  1.200000e+00
     vertex -1.990062e+01 -1.991357e+00  1.200000e+00
   endloop
 endfacet
 facet normal -0.000000e+00  0.000000e+00 -1.000000e+00
   outer loop
     vertex -1.404926e+00 -1.874743e+01  1.200000e+00
     vertex -2.486874e+00 -1.984478e+01  1.200000e+00
     vertex -2.337662e+00 -1.865410e+01  1.200000e+00
   endloop
 endfacet
 facet normal  0.000000e+00  0.000000e+00 -1.000000e+00
   outer loop
     vertex -1.404926e+00 -1.874743e+01  1.200000e+00
     vertex -1.494602e+00 -1.994408e+01  1.200000e+00
     vertex -2.486874e+00 -1.984478e+01  1.200000e+00
   endloop
 endfacet
 facet normal -0.000000e+00  0.000000e+00 -1.000000e+00
   outer loop
     vertex -1.877663e+01 -9.371027e-01  1.200000e+00
     vertex -1.997514e+01 -9.969177e-01  1.200000e+00
     vertex -2.000000e+01 -6.860498e-14  1.200000e+00
   endloop
 endfacet
 facet normal  0.000000e+00  0.000000e+00 -1.000000e+00
   outer loop
     vertex -1.877663e+01 -9.371027e-01  1.200000e+00
     vertex -1.990062e+01 -1.991357e+00  1.200000e+00
     vertex -1.997514e+01 -9.969177e-01  1.200000e+00
   endloop
 endfacet
 facet normal  0.000000e+00 -0.000000e+00 -1.000000e+00
   outer loop
     vertex -1.877663e+01 -9.371027e-01  1.200000e+00
     vertex -1.870658e+01 -1.871876e+00  1.200000e+00
     vertex -1.990062e+01 -1.991357e+00  1.200000e+00
   endloop
 endfacet
 facet normal -0.000000e+00  0.000000e+00 -1.000000e+00
   outer loop
     vertex -4.686970e-01 -1.879416e+01  1.200000e+00
     vertex -1.494602e+00 -1.994408e+01  1.200000e+00
     vertex -1.404926e+00 -1.874743e+01  1.200000e+00
   endloop
 endfacet
 facet normal  0.000000e+00  0.000000e+00 -1.000000e+00
   outer loop
     vertex -4.686970e-01 -1.879416e+01  1.200000e+00
     vertex -4.986138e-01 -1.999378e+01  1.200000e+00
     vertex -1.494602e+00 -1.994408e+01  1.200000e+00
   endloop
 endfacet
 facet normal -0.000000e+00  0.000000e+00 -1.000000e+00
   outer loop
     vertex -1.880000e+01 -6.448868e-14  1.200000e+00
     vertex -2.000000e+01 -6.860498e-14  1.200000e+00
     vertex -1.997514e+01  9.969177e-01  1.200000e+00
   endloop
 endfacet
 facet normal  0.000000e+00 -0.000000e+00 -1.000000e+00
   outer loop
     vertex -1.880000e+01 -6.448868e-14  1.200000e+00
     vertex -1.877663e+01 -9.371027e-01  1.200000e+00
     vertex -2.000000e+01 -6.860498e-14  1.200000e+00
   endloop
 endfacet
 facet normal  0.000000e+00  0.000000e+00 -1.000000e+00
   outer loop
     vertex  4.686970e-01 -1.879416e+01  1.200000e+00
     vertex -4.986138e-01 -1.999378e+01  1.200000e+00
     vertex -4.686970e-01 -1.879416e+01  1.200000e+00
   endloop
 endfacet
 facet normal  0.000000e+00 -0.000000e+00 -1.000000e+00
   outer loop
     vertex  4.686970e-01 -1.879416e+01  1.200000e+00
     vertex  4.986138e-01 -1.999378e+01  1.200000e+00
     vertex -4.986138e-01 -1.999378e+01  1.200000e+00
   endloop
 endfacet
 facet normal -0.000000e+00  0.000000e+00 -1.000000e+00
   outer loop
     vertex -1.877663e+01  9.371027e-01  1.200000e+00
     vertex -1.880000e+01 -6.448868e-14  1.200000e+00
     vertex -1.997514e+01  9.969177e-01  1.200000e+00
   endloop
 endfacet
 facet normal  0.000000e+00  0.000000e+00 -1.000000e+00
   outer loop
     vertex  1.404926e+00 -1.874743e+01  1.200000e+00
     vertex  4.986138e-01 -1.999378e+01  1.200000e+00
     vertex  4.686970e-01 -1.879416e+01  1.200000e+00
   endloop
 endfacet
 facet normal  0.000000e+00 -0.000000e+00 -1.000000e+00
   outer loop
     vertex  1.404926e+00 -1.874743e+01  1.200000e+00
     vertex  1.494602e+00 -1.994408e+01  1.200000e+00
     vertex  4.986138e-01 -1.999378e+01  1.200000e+00
   endloop
 endfacet
 facet normal  0.000000e+00  0.000000e+00 -1.000000e+00
   outer loop
     vertex  1.404926e+00 -1.874743e+01  1.200000e+00
     vertex  2.486874e+00 -1.984478e+01  1.200000e+00
     vertex  1.494602e+00 -1.994408e+01  1.200000e+00
   endloop
 endfacet
 facet normal -0.000000e+00  0.000000e+00 -1.000000e+00
   outer loop
     vertex -1.870658e+01  1.871876e+00  1.200000e+00
     vertex -1.997514e+01  9.969177e-01  1.200000e+00
     vertex -1.990062e+01  1.991357e+00  1.200000e+00
   endloop
 endfacet
 facet normal  0.000000e+00  0.000000e+00 -1.000000e+00
   outer loop
     vertex -1.870658e+01  1.871876e+00  1.200000e+00
     vertex -1.877663e+01  9.371027e-01  1.200000e+00
     vertex -1.997514e+01  9.969177e-01  1.200000e+00
   endloop
 endfacet
 facet normal  0.000000e+00 -0.000000e+00 -1.000000e+00
   outer loop
     vertex  2.337662e+00 -1.865410e+01  1.200000e+00
     vertex  2.486874e+00 -1.984478e+01  1.200000e+00
     vertex  1.404926e+00 -1.874743e+01  1.200000e+00
   endloop
 endfacet
 facet normal -0.000000e+00  0.000000e+00 -1.000000e+00
   outer loop
     vertex  3.472964e+00 -1.969616e+01  1.200000e+00
     vertex  2.486874e+00 -1.984478e+01  1.200000e+00
     vertex  2.337662e+00 -1.865410e+01  1.200000e+00
   endloop
 endfacet
 facet normal -0.000000e+00  0.000000e+00 -1.000000e+00
   outer loop
     vertex -1.859002e+01  2.801995e+00  1.200000e+00
     vertex -1.990062e+01  1.991357e+00  1.200000e+00
     vertex -1.977662e+01  2.980845e+00  1.200000e+00
   endloop
 endfacet
 facet normal  0.000000e+00  0.000000e+00 -1.000000e+00
   outer loop
     vertex -1.859002e+01  2.801995e+00  1.200000e+00
     vertex -1.870658e+01  1.871876e+00  1.200000e+00
     vertex -1.990062e+01  1.991357e+00  1.200000e+00
   endloop
 endfacet
 facet normal  0.000000e+00 -0.000000e+00 -1.000000e+00
   outer loop
     vertex  3.264586e+00 -1.851439e+01  1.200000e+00
     vertex  3.472964e+00 -1.969616e+01  1.200000e+00
     vertex  2.337662e+00 -1.865410e+01  1.200000e+00
   endloop
 endfacet
 facet normal  0.000000e+00  0.000000e+00 -1.000000e+00
   outer loop
     vertex -1.842724e+01  3.725147e+00  1.200000e+00
     vertex -1.859002e+01  2.801995e+00  1.200000e+00
     vertex -1.977662e+01  2.980845e+00  1.200000e+00
   endloop
 endfacet
 facet normal -0.000000e+00  0.000000e+00 -1.000000e+00
   outer loop
     vertex -1.842724e+01  3.725147e+00  1.200000e+00
     vertex -1.977662e+01  2.980845e+00  1.200000e+00
     vertex -1.960345e+01  3.962923e+00  1.200000e+00
   endloop
 endfacet
 facet normal  0.000000e+00 -0.000000e+00 -1.000000e+00
   outer loop
     vertex -1.938155e+01  4.935148e+00  1.200000e+00
     vertex -1.842724e+01  3.725147e+00  1.200000e+00
     vertex -1.960345e+01  3.962923e+00  1.200000e+00
   endloop
 endfacet
 facet normal  0.000000e+00  0.000000e+00 -1.000000e+00
   outer loop
     vertex  4.183394e+00 -1.832864e+01  1.200000e+00
     vertex  3.472964e+00 -1.969616e+01  1.200000e+00
     vertex  3.264586e+00 -1.851439e+01  1.200000e+00
   endloop
 endfacet
 facet normal  0.000000e+00 -0.000000e+00 -1.000000e+00
   outer loop
     vertex  4.183394e+00 -1.832864e+01  1.200000e+00
     vertex  4.450419e+00 -1.949856e+01  1.200000e+00
     vertex  3.472964e+00 -1.969616e+01  1.200000e+00
   endloop
 endfacet
 facet normal -0.000000e+00  0.000000e+00 -1.000000e+00
   outer loop
     vertex -1.821865e+01  4.639039e+00  1.200000e+00
     vertex -1.842724e+01  3.725147e+00  1.200000e+00
     vertex -1.938155e+01  4.935148e+00  1.200000e+00
   endloop
 endfacet
 facet normal  0.000000e+00 -0.000000e+00 -1.000000e+00
   outer loop
     vertex -1.911146e+01  5.895103e+00  1.200000e+00
     vertex -1.821865e+01  4.639039e+00  1.200000e+00
     vertex -1.938155e+01  4.935148e+00  1.200000e+00
   endloop
 endfacet
 facet normal  0.000000e+00  0.000000e+00 -1.000000e+00
   outer loop
     vertex  5.091801e+00 -1.809734e+01  1.200000e+00
     vertex  4.450419e+00 -1.949856e+01  1.200000e+00
     vertex  4.183394e+00 -1.832864e+01  1.200000e+00
   endloop
 endfacet
 facet normal  0.000000e+00 -0.000000e+00 -1.000000e+00
   outer loop
     vertex  5.091801e+00 -1.809734e+01  1.200000e+00
     vertex  5.416809e+00 -1.925248e+01  1.200000e+00
     vertex  4.450419e+00 -1.949856e+01  1.200000e+00
   endloop
 endfacet
 facet normal -0.000000e+00  0.000000e+00 -1.000000e+00
   outer loop
     vertex  6.369733e+00 -1.895855e+01  1.200000e+00
     vertex  5.416809e+00 -1.925248e+01  1.200000e+00
     vertex  5.091801e+00 -1.809734e+01  1.200000e+00
   endloop
 endfacet
 facet normal -0.000000e+00  0.000000e+00 -1.000000e+00
   outer loop
     vertex -1.796477e+01  5.541397e+00  1.200000e+00
     vertex -1.821865e+01  4.639039e+00  1.200000e+00
     vertex -1.911146e+01  5.895103e+00  1.200000e+00
   endloop
 endfacet
 facet normal  0.000000e+00 -0.000000e+00 -1.000000e+00
   outer loop
     vertex  5.987549e+00 -1.782103e+01  1.200000e+00
     vertex  6.369733e+00 -1.895855e+01  1.200000e+00
     vertex  5.091801e+00 -1.809734e+01  1.200000e+00
   endloop
 endfacet
 facet normal -0.000000e+00  0.000000e+00 -1.000000e+00
   outer loop
     vertex  7.306820e+00 -1.861747e+01  1.200000e+00
     vertex  6.369733e+00 -1.895855e+01  1.200000e+00
     vertex  5.987549e+00 -1.782103e+01  1.200000e+00
   endloop
 endfacet
 facet normal  0.000000e+00  0.000000e+00 -1.000000e+00
   outer loop
     vertex -1.766622e+01  6.429979e+00  1.200000e+00
     vertex -1.796477e+01  5.541397e+00  1.200000e+00
     vertex -1.911146e+01  5.895103e+00  1.200000e+00
   endloop
 endfacet
 facet normal -0.000000e+00  0.000000e+00 -1.000000e+00
   outer loop
     vertex -1.766622e+01  6.429979e+00  1.200000e+00
     vertex -1.911146e+01  5.895103e+00  1.200000e+00
     vertex -1.879385e+01  6.840403e+00  1.200000e+00
   endloop
 endfacet
 facet normal  0.000000e+00 -0.000000e+00 -1.000000e+00
   outer loop
     vertex  6.868411e+00 -1.750043e+01  1.200000e+00
     vertex  7.306820e+00 -1.861747e+01  1.200000e+00
     vertex  5.987549e+00 -1.782103e+01  1.200000e+00
   endloop
 endfacet
 facet normal  0.000000e+00  0.000000e+00 -1.000000e+00
   outer loop
     vertex -1.732375e+01  7.302574e+00  1.200000e+00
     vertex -1.766622e+01  6.429979e+00  1.200000e+00
     vertex -1.879385e+01  6.840403e+00  1.200000e+00
   endloop
 endfacet
 facet normal -0.000000e+00  0.000000e+00 -1.000000e+00
   outer loop
     vertex -1.732375e+01  7.302574e+00  1.200000e+00
     vertex -1.879385e+01  6.840403e+00  1.200000e+00
     vertex -1.842952e+01  7.768696e+00  1.200000e+00
   endloop
 endfacet
 facet normal -0.000000e+00  0.000000e+00 -1.000000e+00
   outer loop
     vertex  8.225742e+00 -1.823012e+01  1.200000e+00
     vertex  7.306820e+00 -1.861747e+01  1.200000e+00
     vertex  6.868411e+00 -1.750043e+01  1.200000e+00
   endloop
 endfacet
 facet normal  0.000000e+00 -0.000000e+00 -1.000000e+00
   outer loop
     vertex  7.732198e+00 -1.713631e+01  1.200000e+00
     vertex  8.225742e+00 -1.823012e+01  1.200000e+00
     vertex  6.868411e+00 -1.750043e+01  1.200000e+00
   endloop
 endfacet
 facet normal  0.000000e+00  0.000000e+00 -1.000000e+00
   outer loop
     vertex -1.693821e+01  8.157014e+00  1.200000e+00
     vertex -1.732375e+01  7.302574e+00  1.200000e+00
     vertex -1.842952e+01  7.768696e+00  1.200000e+00
   endloop
 endfacet
 facet normal -0.000000e+00  0.000000e+00 -1.000000e+00
   outer loop
     vertex -1.693821e+01  8.157014e+00  1.200000e+00
     vertex -1.842952e+01  7.768696e+00  1.200000e+00
     vertex -1.801938e+01  8.677675e+00  1.200000e+00
   endloop
 endfacet
 facet normal -0.000000e+00  0.000000e+00 -1.000000e+00
   outer loop
     vertex  9.124213e+00 -1.779744e+01  1.200000e+00
     vertex  8.225742e+00 -1.823012e+01  1.200000e+00
     vertex  7.732198e+00 -1.713631e+01  1.200000e+00
   endloop
 endfacet
 facet normal  0.000000e+00 -0.000000e+00 -1.000000e+00
   outer loop
     vertex  8.576760e+00 -1.672959e+01  1.200000e+00
     vertex  9.124213e+00 -1.779744e+01  1.200000e+00
     vertex  7.732198e+00 -1.713631e+01  1.200000e+00
   endloop
 endfacet
 facet normal  0.000000e+00  0.000000e+00 -1.000000e+00
   outer loop
     vertex -1.651057e+01  8.991175e+00  1.200000e+00
     vertex -1.693821e+01  8.157014e+00  1.200000e+00
     vertex -1.801938e+01  8.677675e+00  1.200000e+00
   endloop
 endfacet
 facet normal -0.000000e+00  0.000000e+00 -1.000000e+00
   outer loop
     vertex -1.651057e+01  8.991175e+00  1.200000e+00
     vertex -1.801938e+01  8.677675e+00  1.200000e+00
     vertex -1.756443e+01  9.565080e+00  1.200000e+00
   endloop
 endfacet
 facet normal -0.000000e+00  0.000000e+00 -1.000000e+00
   outer loop
     vertex  1.000000e+01 -1.732051e+01  1.200000e+00
     vertex  9.124213e+00 -1.779744e+01  1.200000e+00
     vertex  8.576760e+00 -1.672959e+01  1.200000e+00
   endloop
 endfacet
 facet normal  0.000000e+00 -0.000000e+00 -1.000000e+00
   outer loop
     vertex  9.400000e+00 -1.628128e+01  1.200000e+00
     vertex  1.000000e+01 -1.732051e+01  1.200000e+00
     vertex  8.576760e+00 -1.672959e+01  1.200000e+00
   endloop
 endfacet
 facet normal  0.000000e+00 -0.000000e+00 -1.000000e+00
   outer loop
     vertex -1.706582e+01  1.042870e+01  1.200000e+00
     vertex -1.651057e+01  8.991175e+00  1.200000e+00
     vertex -1.756443e+01  9.565080e+00  1.200000e+00
   endloop
 endfacet
 facet normal -0.000000e+00  0.000000e+00 -1.000000e+00
   outer loop
     vertex -1.604187e+01  9.802982e+00  1.200000e+00
     vertex -1.651057e+01  8.991175e+00  1.200000e+00
     vertex -1.706582e+01  1.042870e+01  1.200000e+00
   endloop
 endfacet
 facet normal  0.000000e+00 -0.000000e+00 -1.000000e+00
   outer loop
     vertex  1.019987e+01 -1.579249e+01  1.200000e+00
     vertex  1.085093e+01 -1.680052e+01  1.200000e+00
     vertex  1.000000e+01 -1.732051e+01  1.200000e+00
   endloop
 endfacet
 facet normal  0.000000e+00  0.000000e+00 -1.000000e+00
   outer loop
     vertex  1.019987e+01 -1.579249e+01  1.200000e+00
     vertex  1.000000e+01 -1.732051e+01  1.200000e+00
     vertex  9.400000e+00 -1.628128e+01  1.200000e+00
   endloop
 endfacet
 facet normal -0.000000e+00  0.000000e+00 -1.000000e+00
   outer loop
     vertex -1.553329e+01  1.059042e+01  1.200000e+00
     vertex -1.706582e+01  1.042870e+01  1.200000e+00
     vertex -1.652478e+01  1.126640e+01  1.200000e+00
   endloop
 endfacet
 facet normal  0.000000e+00  0.000000e+00 -1.000000e+00
   outer loop
     vertex -1.553329e+01  1.059042e+01  1.200000e+00
     vertex -1.604187e+01  9.802982e+00  1.200000e+00
     vertex -1.706582e+01  1.042870e+01  1.200000e+00
   endloop
 endfacet
 facet normal -0.000000e+00  0.000000e+00 -1.000000e+00
   outer loop
     vertex  1.167487e+01 -1.623876e+01  1.200000e+00
     vertex  1.085093e+01 -1.680052e+01  1.200000e+00
     vertex  1.019987e+01 -1.579249e+01  1.200000e+00
   endloop
 endfacet
 facet normal  0.000000e+00 -0.000000e+00 -1.000000e+00
   outer loop
     vertex  1.097438e+01 -1.526443e+01  1.200000e+00
     vertex  1.167487e+01 -1.623876e+01  1.200000e+00
     vertex  1.019987e+01 -1.579249e+01  1.200000e+00
   endloop
 endfacet
 facet normal  0.000000e+00 -0.000000e+00 -1.000000e+00
   outer loop
     vertex -1.594265e+01  1.207609e+01  1.200000e+00
     vertex -1.553329e+01  1.059042e+01  1.200000e+00
     vertex -1.652478e+01  1.126640e+01  1.200000e+00
   endloop
 endfacet
 facet normal -0.000000e+00  0.000000e+00 -1.000000e+00
   outer loop
     vertex -1.498609e+01  1.135152e+01  1.200000e+00
     vertex -1.553329e+01  1.059042e+01  1.200000e+00
     vertex -1.594265e+01  1.207609e+01  1.200000e+00
   endloop
 endfacet
 facet normal  0.000000e+00 -0.000000e+00 -1.000000e+00
   outer loop
     vertex  1.172161e+01 -1.469843e+01  1.200000e+00
     vertex  1.246980e+01 -1.563663e+01  1.200000e+00
     vertex  1.167487e+01 -1.623876e+01  1.200000e+00
   endloop
 endfacet
 facet normal  0.000000e+00  0.000000e+00 -1.000000e+00
   outer loop
     vertex  1.172161e+01 -1.469843e+01  1.200000e+00
     vertex  1.167487e+01 -1.623876e+01  1.200000e+00
     vertex  1.097438e+01 -1.526443e+01  1.200000e+00
   endloop
 endfacet
 facet normal -0.000000e+00  0.000000e+00 -1.000000e+00
   outer loop
     vertex -1.440164e+01  1.208441e+01  1.200000e+00
     vertex -1.594265e+01  1.207609e+01  1.200000e+00
     vertex -1.532089e+01  1.285575e+01  1.200000e+00
   endloop
 endfacet
 facet normal  0.000000e+00  0.000000e+00 -1.000000e+00
   outer loop
     vertex -1.440164e+01  1.208441e+01  1.200000e+00
     vertex -1.498609e+01  1.135152e+01  1.200000e+00
     vertex -1.594265e+01  1.207609e+01  1.200000e+00
   endloop
 endfacet
 facet normal  0.000000e+00  0.000000e+00 -1.000000e+00
   outer loop
     vertex  1.243969e+01 -1.409589e+01  1.200000e+00
     vertex  1.323372e+01 -1.499562e+01  1.200000e+00
     vertex  1.246980e+01 -1.563663e+01  1.200000e+00
   endloop
 endfacet
 facet normal  0.000000e+00 -0.000000e+00 -1.000000e+00
   outer loop
     vertex  1.243969e+01 -1.409589e+01  1.200000e+00
     vertex  1.246980e+01 -1.563663e+01  1.200000e+00
     vertex  1.172161e+01 -1.469843e+01  1.200000e+00
   endloop
 endfacet
 facet normal  0.000000e+00 -0.000000e+00 -1.000000e+00
   outer loop
     vertex -1.466104e+01  1.360345e+01  1.200000e+00
     vertex -1.440164e+01  1.208441e+01  1.200000e+00
     vertex -1.532089e+01  1.285575e+01  1.200000e+00
   endloop
 endfacet
 facet normal -0.000000e+00  0.000000e+00 -1.000000e+00
   outer loop
     vertex -1.378138e+01  1.278725e+01  1.200000e+00
     vertex -1.440164e+01  1.208441e+01  1.200000e+00
     vertex -1.466104e+01  1.360345e+01  1.200000e+00
   endloop
 endfacet
 facet normal  0.000000e+00  0.000000e+00 -1.000000e+00
   outer loop
     vertex  1.312685e+01 -1.345830e+01  1.200000e+00
     vertex  1.396474e+01 -1.431734e+01  1.200000e+00
     vertex  1.323372e+01 -1.499562e+01  1.200000e+00
   endloop
 endfacet
 facet normal  0.000000e+00 -0.000000e+00 -1.000000e+00
   outer loop
     vertex  1.312685e+01 -1.345830e+01  1.200000e+00
     vertex  1.323372e+01 -1.499562e+01  1.200000e+00
     vertex  1.243969e+01 -1.409589e+01  1.200000e+00
   endloop
 endfacet
 facet normal -0.000000e+00  0.000000e+00 -1.000000e+00
   outer loop
     vertex -1.312685e+01  1.345830e+01  1.200000e+00
     vertex -1.378138e+01  1.278725e+01  1.200000e+00
     vertex -1.466104e+01  1.360345e+01  1.200000e+00
   endloop
 endfacet
 facet normal  0.000000e+00 -0.000000e+00 -1.000000e+00
   outer loop
     vertex -1.396474e+01  1.431734e+01  1.200000e+00
     vertex -1.312685e+01  1.345830e+01  1.200000e+00
     vertex -1.466104e+01  1.360345e+01  1.200000e+00
   endloop
 endfacet
 facet normal  0.000000e+00  0.000000e+00 -1.000000e+00
   outer loop
     vertex  1.466104e+01 -1.360345e+01  1.200000e+00
     vertex  1.312685e+01 -1.345830e+01  1.200000e+00
     vertex  1.378138e+01 -1.278725e+01  1.200000e+00
   endloop
 endfacet
 facet normal -0.000000e+00  0.000000e+00 -1.000000e+00
   outer loop
     vertex  1.466104e+01 -1.360345e+01  1.200000e+00
     vertex  1.396474e+01 -1.431734e+01  1.200000e+00
     vertex  1.312685e+01 -1.345830e+01  1.200000e+00
   endloop
 endfacet
 facet normal  0.000000e+00 -0.000000e+00 -1.000000e+00
   outer loop
     vertex -1.323372e+01  1.499562e+01  1.200000e+00
     vertex -1.312685e+01  1.345830e+01  1.200000e+00
     vertex -1.396474e+01  1.431734e+01  1.200000e+00
   endloop
 endfacet
 facet normal  0.000000e+00  0.000000e+00 -1.000000e+00
   outer loop
     vertex -1.323372e+01  1.499562e+01  1.200000e+00
     vertex -1.243969e+01  1.409589e+01  1.200000e+00
     vertex -1.312685e+01  1.345830e+01  1.200000e+00
   endloop
 endfacet
 facet normal  0.000000e+00 -0.000000e+00 -1.000000e+00
   outer loop
     vertex  1.440164e+01 -1.208441e+01  1.200000e+00
     vertex  1.466104e+01 -1.360345e+01  1.200000e+00
     vertex  1.378138e+01 -1.278725e+01  1.200000e+00
   endloop
 endfacet
 facet normal -0.000000e+00  0.000000e+00 -1.000000e+00
   outer loop
     vertex  1.532089e+01 -1.285575e+01  1.200000e+00
     vertex  1.466104e+01 -1.360345e+01  1.200000e+00
     vertex  1.440164e+01 -1.208441e+01  1.200000e+00
   endloop
 endfacet
 facet normal -0.000000e+00  0.000000e+00 -1.000000e+00
   outer loop
     vertex -1.172161e+01  1.469843e+01  1.200000e+00
     vertex -1.243969e+01  1.409589e+01  1.200000e+00
     vertex -1.323372e+01  1.499562e+01  1.200000e+00
   endloop
 endfacet
 facet normal  0.000000e+00 -0.000000e+00 -1.000000e+00
   outer loop
     vertex -1.246980e+01  1.563663e+01  1.200000e+00
     vertex -1.172161e+01  1.469843e+01  1.200000e+00
     vertex -1.323372e+01  1.499562e+01  1.200000e+00
   endloop
 endfacet
 facet normal  0.000000e+00  0.000000e+00 -1.000000e+00
   outer loop
     vertex  1.594265e+01 -1.207609e+01  1.200000e+00
     vertex  1.532089e+01 -1.285575e+01  1.200000e+00
     vertex  1.440164e+01 -1.208441e+01  1.200000e+00
   endloop
 endfacet
 facet normal -0.000000e+00  0.000000e+00 -1.000000e+00
   outer loop
     vertex  1.594265e+01 -1.207609e+01  1.200000e+00
     vertex  1.440164e+01 -1.208441e+01  1.200000e+00
     vertex  1.498609e+01 -1.135152e+01  1.200000e+00
   endloop
 endfacet
 facet normal -0.000000e+00  0.000000e+00 -1.000000e+00
   outer loop
     vertex -1.097438e+01  1.526443e+01  1.200000e+00
     vertex -1.172161e+01  1.469843e+01  1.200000e+00
     vertex -1.246980e+01  1.563663e+01  1.200000e+00
   endloop
 endfacet
 facet normal  0.000000e+00 -0.000000e+00 -1.000000e+00
   outer loop
     vertex -1.167487e+01  1.623876e+01  1.200000e+00
     vertex -1.097438e+01  1.526443e+01  1.200000e+00
     vertex -1.246980e+01  1.563663e+01  1.200000e+00
   endloop
 endfacet
 facet normal  0.000000e+00  0.000000e+00 -1.000000e+00
   outer loop
     vertex  1.652478e+01 -1.126640e+01  1.200000e+00
     vertex  1.594265e+01 -1.207609e+01  1.200000e+00
     vertex  1.498609e+01 -1.135152e+01  1.200000e+00
   endloop
 endfacet
 facet normal -0.000000e+00  0.000000e+00 -1.000000e+00
   outer loop
     vertex  1.652478e+01 -1.126640e+01  1.200000e+00
     vertex  1.498609e+01 -1.135152e+01  1.200000e+00
     vertex  1.553329e+01 -1.059042e+01  1.200000e+00
   endloop
 endfacet
 facet normal  0.000000e+00  0.000000e+00 -1.000000e+00
   outer loop
     vertex -1.085093e+01  1.680052e+01  1.200000e+00
     vertex -1.097438e+01  1.526443e+01  1.200000e+00
     vertex -1.167487e+01  1.623876e+01  1.200000e+00
   endloop
 endfacet
 facet normal  0.000000e+00 -0.000000e+00 -1.000000e+00
   outer loop
     vertex -1.085093e+01  1.680052e+01  1.200000e+00
     vertex -1.019987e+01  1.579249e+01  1.200000e+00
     vertex -1.097438e+01  1.526443e+01  1.200000e+00
   endloop
 endfacet
 facet normal  0.000000e+00 -0.000000e+00 -1.000000e+00
   outer loop
     vertex  1.604187e+01 -9.802982e+00  1.200000e+00
     vertex  1.652478e+01 -1.126640e+01  1.200000e+00
     vertex  1.553329e+01 -1.059042e+01  1.200000e+00
   endloop
 endfacet
 facet normal -0.000000e+00  0.000000e+00 -1.000000e+00
   outer loop
     vertex  1.706582e+01 -1.042870e+01  1.200000e+00
     vertex  1.652478e+01 -1.126640e+01  1.200000e+00
     vertex  1.604187e+01 -9.802982e+00  1.200000e+00
   endloop
 endfacet
 facet normal  0.000000e+00  0.000000e+00 -1.000000e+00
   outer loop
     vertex -1.000000e+01  1.732051e+01  1.200000e+00
     vertex -1.019987e+01  1.579249e+01  1.200000e+00
     vertex -1.085093e+01  1.680052e+01  1.200000e+00
   endloop
 endfacet
 facet normal  0.000000e+00 -0.000000e+00 -1.000000e+00
   outer loop
     vertex -1.000000e+01  1.732051e+01  1.200000e+00
     vertex -9.400000e+00  1.628128e+01  1.200000e+00
     vertex -1.019987e+01  1.579249e+01  1.200000e+00
   endloop
 endfacet
 facet normal -0.000000e+00  0.000000e+00 -1.000000e+00
   outer loop
     vertex  1.756443e+01 -9.565080e+00  1.200000e+00
     vertex  1.604187e+01 -9.802982e+00  1.200000e+00
     vertex  1.651057e+01 -8.991175e+00  1.200000e+00
   endloop
 endfacet
 facet normal  0.000000e+00  0.000000e+00 -1.000000e+00
   outer loop
     vertex  1.756443e+01 -9.565080e+00  1.200000e+00
     vertex  1.706582e+01 -1.042870e+01  1.200000e+00
     vertex  1.604187e+01 -9.802982e+00  1.200000e+00
   endloop
 endfacet
 facet normal  0.000000e+00  0.000000e+00 -1.000000e+00
   outer loop
     vertex -9.124213e+00  1.779744e+01  1.200000e+00
     vertex -9.400000e+00  1.628128e+01  1.200000e+00
     vertex -1.000000e+01  1.732051e+01  1.200000e+00
   endloop
 endfacet
 facet normal  0.000000e+00 -0.000000e+00 -1.000000e+00
   outer loop
     vertex -9.124213e+00  1.779744e+01  1.200000e+00
     vertex -8.576760e+00  1.672959e+01  1.200000e+00
     vertex -9.400000e+00  1.628128e+01  1.200000e+00
   endloop
 endfacet
 facet normal  0.000000e+00 -0.000000e+00 -1.000000e+00
   outer loop
     vertex  1.693821e+01 -8.157014e+00  1.200000e+00
     vertex  1.756443e+01 -9.565080e+00  1.200000e+00
     vertex  1.651057e+01 -8.991175e+00  1.200000e+00
   endloop
 endfacet
 facet normal -0.000000e+00  0.000000e+00 -1.000000e+00
   outer loop
     vertex  1.801938e+01 -8.677675e+00  1.200000e+00
     vertex  1.756443e+01 -9.565080e+00  1.200000e+00
     vertex  1.693821e+01 -8.157014e+00  1.200000e+00
   endloop
 endfacet
 facet normal  0.000000e+00  0.000000e+00 -1.000000e+00
   outer loop
     vertex -8.225742e+00  1.823012e+01  1.200000e+00
     vertex -8.576760e+00  1.672959e+01  1.200000e+00
     vertex -9.124213e+00  1.779744e+01  1.200000e+00
   endloop
 endfacet
 facet normal  0.000000e+00 -0.000000e+00 -1.000000e+00
   outer loop
     vertex -8.225742e+00  1.823012e+01  1.200000e+00
     vertex -7.732198e+00  1.713631e+01  1.200000e+00
     vertex -8.576760e+00  1.672959e+01  1.200000e+00
   endloop
 endfacet
 facet normal -0.000000e+00  0.000000e+00 -1.000000e+00
   outer loop
     vertex -6.868411e+00  1.750043e+01  1.200000e+00
     vertex -7.732198e+00  1.713631e+01  1.200000e+00
     vertex -8.225742e+00  1.823012e+01  1.200000e+00
   endloop
 endfacet
 facet normal -0.000000e+00  0.000000e+00 -1.000000e+00
   outer loop
     vertex  1.842952e+01 -7.768696e+00  1.200000e+00
     vertex  1.693821e+01 -8.157014e+00  1.200000e+00
     vertex  1.732375e+01 -7.302574e+00  1.200000e+00
   endloop
 endfacet
 facet normal  0.000000e+00  0.000000e+00 -1.000000e+00
   outer loop
     vertex  1.842952e+01 -7.768696e+00  1.200000e+00
     vertex  1.801938e+01 -8.677675e+00  1.200000e+00
     vertex  1.693821e+01 -8.157014e+00  1.200000e+00
   endloop
 endfacet
 facet normal  0.000000e+00 -0.000000e+00 -1.000000e+00
   outer loop
     vertex -7.306820e+00  1.861747e+01  1.200000e+00
     vertex -6.868411e+00  1.750043e+01  1.200000e+00
     vertex -8.225742e+00  1.823012e+01  1.200000e+00
   endloop
 endfacet
 facet normal -0.000000e+00  0.000000e+00 -1.000000e+00
   outer loop
     vertex  1.879385e+01 -6.840403e+00  1.200000e+00
     vertex  1.732375e+01 -7.302574e+00  1.200000e+00
     vertex  1.766622e+01 -6.429979e+00  1.200000e+00
   endloop
 endfacet
 facet normal  0.000000e+00  0.000000e+00 -1.000000e+00
   outer loop
     vertex  1.879385e+01 -6.840403e+00  1.200000e+00
     vertex  1.842952e+01 -7.768696e+00  1.200000e+00
     vertex  1.732375e+01 -7.302574e+00  1.200000e+00
   endloop
 endfacet
 facet normal  0.000000e+00 -0.000000e+00 -1.000000e+00
   outer loop
     vertex  1.796477e+01 -5.541397e+00  1.200000e+00
     vertex  1.879385e+01 -6.840403e+00  1.200000e+00
     vertex  1.766622e+01 -6.429979e+00  1.200000e+00
   endloop
 endfacet
 facet normal  0.000000e+00 -0.000000e+00 -1.000000e+00
   outer loop
     vertex -6.369733e+00  1.895855e+01  1.200000e+00
     vertex -5.987549e+00  1.782103e+01  1.200000e+00
     vertex -6.868411e+00  1.750043e+01  1.200000e+00
   endloop
 endfacet
 facet normal  0.000000e+00  0.000000e+00 -1.000000e+00
   outer loop
     vertex -6.369733e+00  1.895855e+01  1.200000e+00
     vertex -6.868411e+00  1.750043e+01  1.200000e+00
     vertex -7.306820e+00  1.861747e+01  1.200000e+00
   endloop
 endfacet
 facet normal -0.000000e+00  0.000000e+00 -1.000000e+00
   outer loop
     vertex -5.091801e+00  1.809734e+01  1.200000e+00
     vertex -5.987549e+00  1.782103e+01  1.200000e+00
     vertex -6.369733e+00  1.895855e+01  1.200000e+00
   endloop
 endfacet
 facet normal -0.000000e+00  0.000000e+00 -1.000000e+00
   outer loop
     vertex  1.911146e+01 -5.895103e+00  1.200000e+00
     vertex  1.879385e+01 -6.840403e+00  1.200000e+00
     vertex  1.796477e+01 -5.541397e+00  1.200000e+00
   endloop
 endfacet
 facet normal  0.000000e+00 -0.000000e+00 -1.000000e+00
   outer loop
     vertex -5.416809e+00  1.925248e+01  1.200000e+00
     vertex -5.091801e+00  1.809734e+01  1.200000e+00
     vertex -6.369733e+00  1.895855e+01  1.200000e+00
   endloop
 endfacet
 facet normal -0.000000e+00  0.000000e+00 -1.000000e+00
   outer loop
     vertex -4.183394e+00  1.832864e+01  1.200000e+00
     vertex -5.091801e+00  1.809734e+01  1.200000e+00
     vertex -5.416809e+00  1.925248e+01  1.200000e+00
   endloop
 endfacet
 facet normal -0.000000e+00  0.000000e+00 -1.000000e+00
   outer loop
     vertex  1.938155e+01 -4.935148e+00  1.200000e+00
     vertex  1.796477e+01 -5.541397e+00  1.200000e+00
     vertex  1.821865e+01 -4.639039e+00  1.200000e+00
   endloop
 endfacet
 facet normal  0.000000e+00  0.000000e+00 -1.000000e+00
   outer loop
     vertex  1.938155e+01 -4.935148e+00  1.200000e+00
     vertex  1.911146e+01 -5.895103e+00  1.200000e+00
     vertex  1.796477e+01 -5.541397e+00  1.200000e+00
   endloop
 endfacet
 facet normal  0.000000e+00 -0.000000e+00 -1.000000e+00
   outer loop
     vertex -4.450419e+00  1.949856e+01  1.200000e+00
     vertex -4.183394e+00  1.832864e+01  1.200000e+00
     vertex -5.416809e+00  1.925248e+01  1.200000e+00
   endloop
 endfacet
 facet normal -0.000000e+00  0.000000e+00 -1.000000e+00
   outer loop
     vertex  1.960345e+01 -3.962923e+00  1.200000e+00
     vertex  1.821865e+01 -4.639039e+00  1.200000e+00
     vertex  1.842724e+01 -3.725147e+00  1.200000e+00
   endloop
 endfacet
 facet normal  0.000000e+00  0.000000e+00 -1.000000e+00
   outer loop
     vertex  1.960345e+01 -3.962923e+00  1.200000e+00
     vertex  1.938155e+01 -4.935148e+00  1.200000e+00
     vertex  1.821865e+01 -4.639039e+00  1.200000e+00
   endloop
 endfacet
 facet normal  0.000000e+00 -0.000000e+00 -1.000000e+00
   outer loop
     vertex  1.859002e+01 -2.801995e+00  1.200000e+00
     vertex  1.960345e+01 -3.962923e+00  1.200000e+00
     vertex  1.842724e+01 -3.725147e+00  1.200000e+00
   endloop
 endfacet
 facet normal  0.000000e+00 -0.000000e+00 -1.000000e+00
   outer loop
     vertex -3.472964e+00  1.969616e+01  1.200000e+00
     vertex -3.264586e+00  1.851439e+01  1.200000e+00
     vertex -4.183394e+00  1.832864e+01  1.200000e+00
   endloop
 endfacet
 facet normal  0.000000e+00  0.000000e+00 -1.000000e+00
   outer loop
     vertex -3.472964e+00  1.969616e+01  1.200000e+00
     vertex -4.183394e+00  1.832864e+01  1.200000e+00
     vertex -4.450419e+00  1.949856e+01  1.200000e+00
   endloop
 endfacet
 facet normal -0.000000e+00  0.000000e+00 -1.000000e+00
   outer loop
     vertex -2.337662e+00  1.865410e+01  1.200000e+00
     vertex -3.264586e+00  1.851439e+01  1.200000e+00
     vertex -3.472964e+00  1.969616e+01  1.200000e+00
   endloop
 endfacet
 facet normal -0.000000e+00  0.000000e+00 -1.000000e+00
   outer loop
     vertex  1.977662e+01 -2.980845e+00  1.200000e+00
     vertex  1.960345e+01 -3.962923e+00  1.200000e+00
     vertex  1.859002e+01 -2.801995e+00  1.200000e+00
   endloop
 endfacet
 facet normal  0.000000e+00 -0.000000e+00 -1.000000e+00
   outer loop
     vertex -2.486874e+00  1.984478e+01  1.200000e+00
     vertex -2.337662e+00  1.865410e+01  1.200000e+00
     vertex -3.472964e+00  1.969616e+01  1.200000e+00
   endloop
 endfacet
 facet normal  0.000000e+00  0.000000e+00 -1.000000e+00
   outer loop
     vertex  1.990062e+01 -1.991357e+00  1.200000e+00
     vertex  1.977662e+01 -2.980845e+00  1.200000e+00
     vertex  1.859002e+01 -2.801995e+00  1.200000e+00
   endloop
 endfacet
 facet normal -0.000000e+00  0.000000e+00 -1.000000e+00
   outer loop
     vertex  1.990062e+01 -1.991357e+00  1.200000e+00
     vertex  1.859002e+01 -2.801995e+00  1.200000e+00
     vertex  1.870658e+01 -1.871876e+00  1.200000e+00
   endloop
 endfacet
 facet normal  0.000000e+00  0.000000e+00 -1.000000e+00
   outer loop
     vertex -1.494602e+00  1.994408e+01  1.200000e+00
     vertex -4.686970e-01  1.879416e+01  1.200000e+00
     vertex -1.404926e+00  1.874743e+01  1.200000e+00
   endloop
 endfacet
 facet normal  0.000000e+00 -0.000000e+00 -1.000000e+00
   outer loop
     vertex -1.494602e+00  1.994408e+01  1.200000e+00
     vertex -1.404926e+00  1.874743e+01  1.200000e+00
     vertex -2.337662e+00  1.865410e+01  1.200000e+00
   endloop
 endfacet
 facet normal  0.000000e+00  0.000000e+00 -1.000000e+00
   outer loop
     vertex -1.494602e+00  1.994408e+01  1.200000e+00
     vertex -2.337662e+00  1.865410e+01  1.200000e+00
     vertex -2.486874e+00  1.984478e+01  1.200000e+00
   endloop
 endfacet
 facet normal  0.000000e+00  0.000000e+00 -1.000000e+00
   outer loop
     vertex  1.997514e+01 -9.969177e-01  1.200000e+00
     vertex  1.990062e+01 -1.991357e+00  1.200000e+00
     vertex  1.870658e+01 -1.871876e+00  1.200000e+00
   endloop
 endfacet
 facet normal -0.000000e+00  0.000000e+00 -1.000000e+00
   outer loop
     vertex  1.997514e+01 -9.969177e-01  1.200000e+00
     vertex  1.870658e+01 -1.871876e+00  1.200000e+00
     vertex  1.877663e+01 -9.371027e-01  1.200000e+00
   endloop
 endfacet
 facet normal  0.000000e+00 -0.000000e+00 -1.000000e+00
   outer loop
     vertex -4.986138e-01  1.999378e+01  1.200000e+00
     vertex -4.686970e-01  1.879416e+01  1.200000e+00
     vertex -1.494602e+00  1.994408e+01  1.200000e+00
   endloop
 endfacet
 facet normal  0.000000e+00  0.000000e+00 -1.000000e+00
   outer loop
     vertex  2.000000e+01  0.000000e+00  1.200000e+00
     vertex  1.997514e+01 -9.969177e-01  1.200000e+00
     vertex  1.877663e+01 -9.371027e-01  1.200000e+00
   endloop
 endfacet
 facet normal -0.000000e+00  0.000000e+00 -1.000000e+00
   outer loop
     vertex  2.000000e+01  0.000000e+00  1.200000e+00
     vertex  1.877663e+01 -9.371027e-01  1.200000e+00
     vertex  1.880000e+01  0.000000e+00  1.200000e+00
   endloop
 endfacet
 facet normal -0.000000e+00  0.000000e+00 -1.000000e+00
   outer loop
     vertex  4.986138e-01  1.999378e+01  1.200000e+00
     vertex -4.686970e-01  1.879416e+01  1.200000e+00
     vertex -4.986138e-01  1.999378e+01  1.200000e+00
   endloop
 endfacet
 facet normal  0.000000e+00  0.000000e+00 -1.000000e+00
   outer loop
     vertex  4.986138e-01  1.999378e+01  1.200000e+00
     vertex  4.686970e-01  1.879416e+01  1.200000e+00
     vertex -4.686970e-01  1.879416e+01  1.200000e+00
   endloop
 endfacet
 facet normal  0.000000e+00  0.000000e+00 -1.000000e+00
   outer loop
     vertex  1.997514e+01  9.969177e-01  1.200000e+00
     vertex  1.880000e+01  0.000000e+00  1.200000e+00
     vertex  1.877663e+01  9.371027e-01  1.200000e+00
   endloop
 endfacet
 facet normal -0.000000e+00  0.000000e+00 -1.000000e+00
   outer loop
     vertex  1.997514e+01  9.969177e-01  1.200000e+00
     vertex  1.877663e+01  9.371027e-01  1.200000e+00
     vertex  1.870658e+01  1.871876e+00  1.200000e+00
   endloop
 endfacet
 facet normal  0.000000e+00 -0.000000e+00 -1.000000e+00
   outer loop
     vertex  1.997514e+01  9.969177e-01  1.200000e+00
     vertex  2.000000e+01  0.000000e+00  1.200000e+00
     vertex  1.880000e+01  0.000000e+00  1.200000e+00
   endloop
 endfacet
 facet normal -0.000000e+00  0.000000e+00 -1.000000e+00
   outer loop
     vertex  1.494602e+00  1.994408e+01  1.200000e+00
     vertex  4.686970e-01  1.879416e+01  1.200000e+00
     vertex  4.986138e-01  1.999378e+01  1.200000e+00
   endloop
 endfacet
 facet normal  0.000000e+00 -0.000000e+00 -1.000000e+00
   outer loop
     vertex  1.494602e+00  1.994408e+01  1.200000e+00
     vertex  2.337662e+00  1.865410e+01  1.200000e+00
     vertex  1.404926e+00  1.874743e+01  1.200000e+00
   endloop
 endfacet
 facet normal  0.000000e+00  0.000000e+00 -1.000000e+00
   outer loop
     vertex  1.494602e+00  1.994408e+01  1.200000e+00
     vertex  1.404926e+00  1.874743e+01  1.200000e+00
     vertex  4.686970e-01  1.879416e+01  1.200000e+00
   endloop
 endfacet
 facet normal  0.000000e+00 -0.000000e+00 -1.000000e+00
   outer loop
     vertex  1.990062e+01  1.991357e+00  1.200000e+00
     vertex  1.997514e+01  9.969177e-01  1.200000e+00
     vertex  1.870658e+01  1.871876e+00  1.200000e+00
   endloop
 endfacet
 facet normal -0.000000e+00  0.000000e+00 -1.000000e+00
   outer loop
     vertex  2.486874e+00  1.984478e+01  1.200000e+00
     vertex  2.337662e+00  1.865410e+01  1.200000e+00
     vertex  1.494602e+00  1.994408e+01  1.200000e+00
   endloop
 endfacet
 facet normal  0.000000e+00  0.000000e+00 -1.000000e+00
   outer loop
     vertex  1.977662e+01  2.980845e+00  1.200000e+00
     vertex  1.870658e+01  1.871876e+00  1.200000e+00
     vertex  1.859002e+01  2.801995e+00  1.200000e+00
   endloop
 endfacet
 facet normal -0.000000e+00  0.000000e+00 -1.000000e+00
   outer loop
     vertex  1.977662e+01  2.980845e+00  1.200000e+00
     vertex  1.859002e+01  2.801995e+00  1.200000e+00
     vertex  1.842724e+01  3.725147e+00  1.200000e+00
   endloop
 endfacet
 facet normal  0.000000e+00 -0.000000e+00 -1.000000e+00
   outer loop
     vertex  1.977662e+01  2.980845e+00  1.200000e+00
     vertex  1.990062e+01  1.991357e+00  1.200000e+00
     vertex  1.870658e+01  1.871876e+00  1.200000e+00
   endloop
 endfacet
 facet normal  0.000000e+00 -0.000000e+00 -1.000000e+00
   outer loop
     vertex  3.472964e+00  1.969616e+01  1.200000e+00
     vertex  4.183394e+00  1.832864e+01  1.200000e+00
     vertex  3.264586e+00  1.851439e+01  1.200000e+00
   endloop
 endfacet
 facet normal  0.000000e+00  0.000000e+00 -1.000000e+00
   outer loop
     vertex  3.472964e+00  1.969616e+01  1.200000e+00
     vertex  3.264586e+00  1.851439e+01  1.200000e+00
     vertex  2.337662e+00  1.865410e+01  1.200000e+00
   endloop
 endfacet
 facet normal -0.000000e+00  0.000000e+00 -1.000000e+00
   outer loop
     vertex  3.472964e+00  1.969616e+01  1.200000e+00
     vertex  2.337662e+00  1.865410e+01  1.200000e+00
     vertex  2.486874e+00  1.984478e+01  1.200000e+00
   endloop
 endfacet
 facet normal  0.000000e+00 -0.000000e+00 -1.000000e+00
   outer loop
     vertex  1.960345e+01  3.962923e+00  1.200000e+00
     vertex  1.977662e+01  2.980845e+00  1.200000e+00
     vertex  1.842724e+01  3.725147e+00  1.200000e+00
   endloop
 endfacet
 facet normal -0.000000e+00  0.000000e+00 -1.000000e+00
   outer loop
     vertex  4.450419e+00  1.949856e+01  1.200000e+00
     vertex  4.183394e+00  1.832864e+01  1.200000e+00
     vertex  3.472964e+00  1.969616e+01  1.200000e+00
   endloop
 endfacet
 facet normal  0.000000e+00  0.000000e+00 -1.000000e+00
   outer loop
     vertex  1.938155e+01  4.935148e+00  1.200000e+00
     vertex  1.842724e+01  3.725147e+00  1.200000e+00
     vertex  1.821865e+01  4.639039e+00  1.200000e+00
   endloop
 endfacet
 facet normal -0.000000e+00  0.000000e+00 -1.000000e+00
   outer loop
     vertex  1.938155e+01  4.935148e+00  1.200000e+00
     vertex  1.821865e+01  4.639039e+00  1.200000e+00
     vertex  1.796477e+01  5.541397e+00  1.200000e+00
   endloop
 endfacet
 facet normal  0.000000e+00 -0.000000e+00 -1.000000e+00
   outer loop
     vertex  1.938155e+01  4.935148e+00  1.200000e+00
     vertex  1.960345e+01  3.962923e+00  1.200000e+00
     vertex  1.842724e+01  3.725147e+00  1.200000e+00
   endloop
 endfacet
 facet normal  0.000000e+00  0.000000e+00 -1.000000e+00
   outer loop
     vertex  5.416809e+00  1.925248e+01  1.200000e+00
     vertex  5.091801e+00  1.809734e+01  1.200000e+00
     vertex  4.183394e+00  1.832864e+01  1.200000e+00
   endloop
 endfacet
 facet normal -0.000000e+00  0.000000e+00 -1.000000e+00
   outer loop
     vertex  5.416809e+00  1.925248e+01  1.200000e+00
     vertex  4.183394e+00  1.832864e+01  1.200000e+00
     vertex  4.450419e+00  1.949856e+01  1.200000e+00
   endloop
 endfacet
 facet normal -0.000000e+00  0.000000e+00 -1.000000e+00
   outer loop
     vertex  1.911146e+01  5.895103e+00  1.200000e+00
     vertex  1.796477e+01  5.541397e+00  1.200000e+00
     vertex  1.766622e+01  6.429979e+00  1.200000e+00
   endloop
 endfacet
 facet normal  0.000000e+00 -0.000000e+00 -1.000000e+00
   outer loop
     vertex  1.911146e+01  5.895103e+00  1.200000e+00
     vertex  1.938155e+01  4.935148e+00  1.200000e+00
     vertex  1.796477e+01  5.541397e+00  1.200000e+00
   endloop
 endfacet
 facet normal  0.000000e+00 -0.000000e+00 -1.000000e+00
   outer loop
     vertex  6.369733e+00  1.895855e+01  1.200000e+00
     vertex  6.868411e+00  1.750043e+01  1.200000e+00
     vertex  5.987549e+00  1.782103e+01  1.200000e+00
   endloop
 endfacet
 facet normal  0.000000e+00  0.000000e+00 -1.000000e+00
   outer loop
     vertex  6.369733e+00  1.895855e+01  1.200000e+00
     vertex  5.987549e+00  1.782103e+01  1.200000e+00
     vertex  5.091801e+00  1.809734e+01  1.200000e+00
   endloop
 endfacet
 facet normal -0.000000e+00  0.000000e+00 -1.000000e+00
   outer loop
     vertex  6.369733e+00  1.895855e+01  1.200000e+00
     vertex  5.091801e+00  1.809734e+01  1.200000e+00
     vertex  5.416809e+00  1.925248e+01  1.200000e+00
   endloop
 endfacet
 facet normal  0.000000e+00 -0.000000e+00 -1.000000e+00
   outer loop
     vertex  1.879385e+01  6.840403e+00  1.200000e+00
     vertex  1.911146e+01  5.895103e+00  1.200000e+00
     vertex  1.766622e+01  6.429979e+00  1.200000e+00
   endloop
 endfacet
 facet normal -0.000000e+00  0.000000e+00 -1.000000e+00
   outer loop
     vertex  7.306820e+00  1.861747e+01  1.200000e+00
     vertex  6.868411e+00  1.750043e+01  1.200000e+00
     vertex  6.369733e+00  1.895855e+01  1.200000e+00
   endloop
 endfacet
 facet normal  0.000000e+00  0.000000e+00 -1.000000e+00
   outer loop
     vertex  1.842952e+01  7.768696e+00  1.200000e+00
     vertex  1.766622e+01  6.429979e+00  1.200000e+00
     vertex  1.732375e+01  7.302574e+00  1.200000e+00
   endloop
 endfacet
 facet normal -0.000000e+00  0.000000e+00 -1.000000e+00
   outer loop
     vertex  1.842952e+01  7.768696e+00  1.200000e+00
     vertex  1.732375e+01  7.302574e+00  1.200000e+00
     vertex  1.693821e+01  8.157014e+00  1.200000e+00
   endloop
 endfacet
 facet normal  0.000000e+00 -0.000000e+00 -1.000000e+00
   outer loop
     vertex  1.842952e+01  7.768696e+00  1.200000e+00
     vertex  1.879385e+01  6.840403e+00  1.200000e+00
     vertex  1.766622e+01  6.429979e+00  1.200000e+00
   endloop
 endfacet
 facet normal -0.000000e+00  0.000000e+00 -1.000000e+00
   outer loop
     vertex  8.225742e+00  1.823012e+01  1.200000e+00
     vertex  6.868411e+00  1.750043e+01  1.200000e+00
     vertex  7.306820e+00  1.861747e+01  1.200000e+00
   endloop
 endfacet
 facet normal  0.000000e+00  0.000000e+00 -1.000000e+00
   outer loop
     vertex  8.225742e+00  1.823012e+01  1.200000e+00
     vertex  7.732198e+00  1.713631e+01  1.200000e+00
     vertex  6.868411e+00  1.750043e+01  1.200000e+00
   endloop
 endfacet
 facet normal -0.000000e+00  0.000000e+00 -1.000000e+00
   outer loop
     vertex  1.801938e+01  8.677675e+00  1.200000e+00
     vertex  1.693821e+01  8.157014e+00  1.200000e+00
     vertex  1.651057e+01  8.991175e+00  1.200000e+00
   endloop
 endfacet
 facet normal  0.000000e+00 -0.000000e+00 -1.000000e+00
   outer loop
     vertex  1.801938e+01  8.677675e+00  1.200000e+00
     vertex  1.842952e+01  7.768696e+00  1.200000e+00
     vertex  1.693821e+01  8.157014e+00  1.200000e+00
   endloop
 endfacet
 facet normal -0.000000e+00  0.000000e+00 -1.000000e+00
   outer loop
     vertex  9.124213e+00  1.779744e+01  1.200000e+00
     vertex  7.732198e+00  1.713631e+01  1.200000e+00
     vertex  8.225742e+00  1.823012e+01  1.200000e+00
   endloop
 endfacet
 facet normal  0.000000e+00 -0.000000e+00 -1.000000e+00
   outer loop
     vertex  9.124213e+00  1.779744e+01  1.200000e+00
     vertex  9.400000e+00  1.628128e+01  1.200000e+00
     vertex  8.576760e+00  1.672959e+01  1.200000e+00
   endloop
 endfacet
 facet normal  0.000000e+00  0.000000e+00 -1.000000e+00
   outer loop
     vertex  9.124213e+00  1.779744e+01  1.200000e+00
     vertex  8.576760e+00  1.672959e+01  1.200000e+00
     vertex  7.732198e+00  1.713631e+01  1.200000e+00
   endloop
 endfacet
 facet normal  0.000000e+00 -0.000000e+00 -1.000000e+00
   outer loop
     vertex  1.756443e+01  9.565080e+00  1.200000e+00
     vertex  1.801938e+01  8.677675e+00  1.200000e+00
     vertex  1.651057e+01  8.991175e+00  1.200000e+00
   endloop
 endfacet
 facet normal -0.000000e+00  0.000000e+00 -1.000000e+00
   outer loop
     vertex  1.000000e+01  1.732051e+01  1.200000e+00
     vertex  9.400000e+00  1.628128e+01  1.200000e+00
     vertex  9.124213e+00  1.779744e+01  1.200000e+00
   endloop
 endfacet
 facet normal  0.000000e+00 -0.000000e+00 -1.000000e+00
   outer loop
     vertex  1.000000e+01  1.732051e+01  1.200000e+00
     vertex  1.019987e+01  1.579249e+01  1.200000e+00
     vertex  9.400000e+00  1.628128e+01  1.200000e+00
   endloop
 endfacet
 facet normal  0.000000e+00  0.000000e+00 -1.000000e+00
   outer loop
     vertex  1.706582e+01  1.042870e+01  1.200000e+00
     vertex  1.651057e+01  8.991175e+00  1.200000e+00
     vertex  1.604187e+01  9.802982e+00  1.200000e+00
   endloop
 endfacet
 facet normal  0.000000e+00 -0.000000e+00 -1.000000e+00
   outer loop
     vertex  1.706582e+01  1.042870e+01  1.200000e+00
     vertex  1.756443e+01  9.565080e+00  1.200000e+00
     vertex  1.651057e+01  8.991175e+00  1.200000e+00
   endloop
 endfacet
 facet normal -0.000000e+00  0.000000e+00 -1.000000e+00
   outer loop
     vertex  1.085093e+01  1.680052e+01  1.200000e+00
     vertex  1.019987e+01  1.579249e+01  1.200000e+00
     vertex  1.000000e+01  1.732051e+01  1.200000e+00
   endloop
 endfacet
 facet normal  0.000000e+00 -0.000000e+00 -1.000000e+00
   outer loop
     vertex  1.652478e+01  1.126640e+01  1.200000e+00
     vertex  1.706582e+01  1.042870e+01  1.200000e+00
     vertex  1.604187e+01  9.802982e+00  1.200000e+00
   endloop
 endfacet
 facet normal  0.000000e+00  0.000000e+00 -1.000000e+00
   outer loop
     vertex  1.652478e+01  1.126640e+01  1.200000e+00
     vertex  1.604187e+01  9.802982e+00  1.200000e+00
     vertex  1.553329e+01  1.059042e+01  1.200000e+00
   endloop
 endfacet
 facet normal -0.000000e+00  0.000000e+00 -1.000000e+00
   outer loop
     vertex  1.652478e+01  1.126640e+01  1.200000e+00
     vertex  1.553329e+01  1.059042e+01  1.200000e+00
     vertex  1.498609e+01  1.135152e+01  1.200000e+00
   endloop
 endfacet
 facet normal -0.000000e+00  0.000000e+00 -1.000000e+00
   outer loop
     vertex  1.167487e+01  1.623876e+01  1.200000e+00
     vertex  1.019987e+01  1.579249e+01  1.200000e+00
     vertex  1.085093e+01  1.680052e+01  1.200000e+00
   endloop
 endfacet
 facet normal  0.000000e+00 -0.000000e+00 -1.000000e+00
   outer loop
     vertex  1.167487e+01  1.623876e+01  1.200000e+00
     vertex  1.172161e+01  1.469843e+01  1.200000e+00
     vertex  1.097438e+01  1.526443e+01  1.200000e+00
   endloop
 endfacet
 facet normal  0.000000e+00  0.000000e+00 -1.000000e+00
   outer loop
     vertex  1.167487e+01  1.623876e+01  1.200000e+00
     vertex  1.097438e+01  1.526443e+01  1.200000e+00
     vertex  1.019987e+01  1.579249e+01  1.200000e+00
   endloop
 endfacet
 facet normal  0.000000e+00 -0.000000e+00 -1.000000e+00
   outer loop
     vertex  1.594265e+01  1.207609e+01  1.200000e+00
     vertex  1.652478e+01  1.126640e+01  1.200000e+00
     vertex  1.498609e+01  1.135152e+01  1.200000e+00
   endloop
 endfacet
 facet normal -0.000000e+00  0.000000e+00 -1.000000e+00
   outer loop
     vertex  1.594265e+01  1.207609e+01  1.200000e+00
     vertex  1.498609e+01  1.135152e+01  1.200000e+00
     vertex  1.440164e+01  1.208441e+01  1.200000e+00
   endloop
 endfacet
 facet normal -0.000000e+00  0.000000e+00 -1.000000e+00
   outer loop
     vertex  1.246980e+01  1.563663e+01  1.200000e+00
     vertex  1.172161e+01  1.469843e+01  1.200000e+00
     vertex  1.167487e+01  1.623876e+01  1.200000e+00
   endloop
 endfacet
 facet normal  0.000000e+00  0.000000e+00 -1.000000e+00
   outer loop
     vertex  1.246980e+01  1.563663e+01  1.200000e+00
     vertex  1.243969e+01  1.409589e+01  1.200000e+00
     vertex  1.172161e+01  1.469843e+01  1.200000e+00
   endloop
 endfacet
 facet normal  0.000000e+00  0.000000e+00 -1.000000e+00
   outer loop
     vertex  1.532089e+01  1.285575e+01  1.200000e+00
     vertex  1.440164e+01  1.208441e+01  1.200000e+00
     vertex  1.378138e+01  1.278725e+01  1.200000e+00
   endloop
 endfacet
 facet normal  0.000000e+00 -0.000000e+00 -1.000000e+00
   outer loop
     vertex  1.532089e+01  1.285575e+01  1.200000e+00
     vertex  1.594265e+01  1.207609e+01  1.200000e+00
     vertex  1.440164e+01  1.208441e+01  1.200000e+00
   endloop
 endfacet
 facet normal -0.000000e+00  0.000000e+00 -1.000000e+00
   outer loop
     vertex  1.323372e+01  1.499562e+01  1.200000e+00
     vertex  1.243969e+01  1.409589e+01  1.200000e+00
     vertex  1.246980e+01  1.563663e+01  1.200000e+00
   endloop
 endfacet
 facet normal  0.000000e+00  0.000000e+00 -1.000000e+00
   outer loop
     vertex  1.466104e+01  1.360345e+01  1.200000e+00
     vertex  1.378138e+01  1.278725e+01  1.200000e+00
     vertex  1.312685e+01  1.345830e+01  1.200000e+00
   endloop
 endfacet
 facet normal  0.000000e+00 -0.000000e+00 -1.000000e+00
   outer loop
     vertex  1.466104e+01  1.360345e+01  1.200000e+00
     vertex  1.532089e+01  1.285575e+01  1.200000e+00
     vertex  1.378138e+01  1.278725e+01  1.200000e+00
   endloop
 endfacet
 facet normal  0.000000e+00  0.000000e+00 -1.000000e+00
   outer loop
     vertex  1.396474e+01  1.431734e+01  1.200000e+00
     vertex  1.312685e+01  1.345830e+01  1.200000e+00
     vertex  1.243969e+01  1.409589e+01  1.200000e+00
   endloop
 endfacet
 facet normal  0.000000e+00 -0.000000e+00 -1.000000e+00
   outer loop
     vertex  1.396474e+01  1.431734e+01  1.200000e+00
     vertex  1.466104e+01  1.360345e+01  1.200000e+00
     vertex  1.312685e+01  1.345830e+01  1.200000e+00
   endloop
 endfacet
 facet normal -0.000000e+00  0.000000e+00 -1.000000e+00
   outer loop
     vertex  1.396474e+01  1.431734e+01  1.200000e+00
     vertex  1.243969e+01  1.409589e+01  1.200000e+00
     vertex  1.323372e+01  1.499562e+01  1.200000e+00
   endloop
 endfacet
 facet normal  0.000000e+00  0.000000e+00  1.000000e+00
   outer loop
     vertex -1.378138e+01 -1.278725e+01  1.720000e+01
     vertex -1.396474e+01 -1.431734e+01  1.720000e+01
     vertex -1.312685e+01 -1.345830e+01  1.720000e+01
   endloop
 endfacet
 facet normal  0.000000e+00  0.000000e+00  1.000000e+00
   outer loop
     vertex -1.378138e+01 -1.278725e+01  1.720000e+01
     vertex -1.466104e+01 -1.360345e+01  1.720000e+01
     vertex -1.396474e+01 -1.431734e+01  1.720000e+01
   endloop
 endfacet
 facet normal  0.000000e+00  0.000000e+00  1.000000e+00
   outer loop
     vertex -1.243969e+01 -1.409589e+01  1.720000e+01
     vertex -1.312685e+01 -1.345830e+01  1.720000e+01
     vertex -1.396474e+01 -1.431734e+01  1.720000e+01
   endloop
 endfacet
 facet normal  0.000000e+00  0.000000e+00  1.000000e+00
   outer loop
     vertex -1.243969e+01 -1.409589e+01  1.720000e+01
     vertex -1.396474e+01 -1.431734e+01  1.720000e+01
     vertex -1.323372e+01 -1.499562e+01  1.720000e+01
   endloop
 endfacet
 facet normal  0.000000e+00  0.000000e+00  1.000000e+00
   outer loop
     vertex -1.440164e+01 -1.208441e+01  1.720000e+01
     vertex -1.594265e+01 -1.207609e+01  1.720000e+01
     vertex -1.532089e+01 -1.285575e+01  1.720000e+01
   endloop
 endfacet
 facet normal  0.000000e+00  0.000000e+00  1.000000e+00
   outer loop
     vertex -1.440164e+01 -1.208441e+01  1.720000e+01
     vertex -1.532089e+01 -1.285575e+01  1.720000e+01
     vertex -1.466104e+01 -1.360345e+01  1.720000e+01
   endloop
 endfacet
 facet normal  0.000000e+00  0.000000e+00  1.000000e+00
   outer loop
     vertex -1.440164e+01 -1.208441e+01  1.720000e+01
     vertex -1.466104e+01 -1.360345e+01  1.720000e+01
     vertex -1.378138e+01 -1.278725e+01  1.720000e+01
   endloop
 endfacet
 facet normal  0.000000e+00  0.000000e+00  1.000000e+00
   outer loop
     vertex -1.172161e+01 -1.469843e+01  1.720000e+01
     vertex -1.323372e+01 -1.499562e+01  1.720000e+01
     vertex -1.246980e+01 -1.563663e+01  1.720000e+01
   endloop
 endfacet
 facet normal  0.000000e+00  0.000000e+00  1.000000e+00
   outer loop
     vertex -1.172161e+01 -1.469843e+01  1.720000e+01
     vertex -1.243969e+01 -1.409589e+01  1.720000e+01
     vertex -1.323372e+01 -1.499562e+01  1.720000e+01
   endloop
 endfacet
 facet normal  0.000000e+00  0.000000e+00  1.000000e+00
   outer loop
     vertex -1.498609e+01 -1.135152e+01  1.720000e+01
     vertex -1.594265e+01 -1.207609e+01  1.720000e+01
     vertex -1.440164e+01 -1.208441e+01  1.720000e+01
   endloop
 endfacet
 facet normal  0.000000e+00  0.000000e+00  1.000000e+00
   outer loop
     vertex -1.097438e+01 -1.526443e+01  1.720000e+01
     vertex -1.246980e+01 -1.563663e+01  1.720000e+01
     vertex -1.167487e+01 -1.623876e+01  1.720000e+01
   endloop
 endfacet
 facet normal  0.000000e+00  0.000000e+00  1.000000e+00
   outer loop
     vertex -1.097438e+01 -1.526443e+01  1.720000e+01
     vertex -1.167487e+01 -1.623876e+01  1.720000e+01
     vertex -1.085093e+01 -1.680052e+01  1.720000e+01
   endloop
 endfacet
 facet normal  0.000000e+00  0.000000e+00  1.000000e+00
   outer loop
     vertex -1.097438e+01 -1.526443e+01  1.720000e+01
     vertex -1.172161e+01 -1.469843e+01  1.720000e+01
     vertex -1.246980e+01 -1.563663e+01  1.720000e+01
   endloop
 endfacet
 facet normal  0.000000e+00  0.000000e+00  1.000000e+00
   outer loop
     vertex -1.553329e+01 -1.059042e+01  1.720000e+01
     vertex -1.594265e+01 -1.207609e+01  1.720000e+01
     vertex -1.498609e+01 -1.135152e+01  1.720000e+01
   endloop
 endfacet
 facet normal  0.000000e+00  0.000000e+00  1.000000e+00
   outer loop
     vertex -1.553329e+01 -1.059042e+01  1.720000e+01
     vertex -1.652478e+01 -1.126640e+01  1.720000e+01
     vertex -1.594265e+01 -1.207609e+01  1.720000e+01
   endloop
 endfacet
 facet normal  0.000000e+00  0.000000e+00  1.000000e+00
   outer loop
     vertex -1.019987e+01 -1.579249e+01  1.720000e+01
     vertex -1.097438e+01 -1.526443e+01  1.720000e+01
     vertex -1.085093e+01 -1.680052e+01  1.720000e+01
   endloop
 endfacet
 facet normal  0.000000e+00  0.000000e+00  1.000000e+00
   outer loop
     vertex -1.604187e+01 -9.802982e+00  1.720000e+01
     vertex -1.652478e+01 -1.126640e+01  1.720000e+01
     vertex -1.553329e+01 -1.059042e+01  1.720000e+01
   endloop
 endfacet
 facet normal  0.000000e+00  0.000000e+00  1.000000e+00
   outer loop
     vertex -1.604187e+01 -9.802982e+00  1.720000e+01
     vertex -1.706582e+01 -1.042870e+01  1.720000e+01
     vertex -1.652478e+01 -1.126640e+01  1.720000e+01
   endloop
 endfacet
 facet normal  0.000000e+00  0.000000e+00  1.000000e+00
   outer loop
     vertex -9.400000e+00 -1.628128e+01  1.720000e+01
     vertex -1.019987e+01 -1.579249e+01  1.720000e+01
     vertex -1.085093e+01 -1.680052e+01  1.720000e+01
   endloop
 endfacet
 facet normal  0.000000e+00  0.000000e+00  1.000000e+00
   outer loop
     vertex -9.400000e+00 -1.628128e+01  1.720000e+01
     vertex -1.085093e+01 -1.680052e+01  1.720000e+01
     vertex -1.000000e+01 -1.732051e+01  1.720000e+01
   endloop
 endfacet
 facet normal  0.000000e+00  0.000000e+00  1.000000e+00
   outer loop
     vertex -1.651057e+01 -8.991175e+00  1.720000e+01
     vertex -1.756443e+01 -9.565080e+00  1.720000e+01
     vertex -1.706582e+01 -1.042870e+01  1.720000e+01
   endloop
 endfacet
 facet normal  0.000000e+00  0.000000e+00  1.000000e+00
   outer loop
     vertex -1.651057e+01 -8.991175e+00  1.720000e+01
     vertex -1.706582e+01 -1.042870e+01  1.720000e+01
     vertex -1.604187e+01 -9.802982e+00  1.720000e+01
   endloop
 endfacet
 facet normal  0.000000e+00  0.000000e+00  1.000000e+00
   outer loop
     vertex -8.576760e+00 -1.672959e+01  1.720000e+01
     vertex -1.000000e+01 -1.732051e+01  1.720000e+01
     vertex -9.124213e+00 -1.779744e+01  1.720000e+01
   endloop
 endfacet
 facet normal  0.000000e+00  0.000000e+00  1.000000e+00
   outer loop
     vertex -8.576760e+00 -1.672959e+01  1.720000e+01
     vertex -9.400000e+00 -1.628128e+01  1.720000e+01
     vertex -1.000000e+01 -1.732051e+01  1.720000e+01
   endloop
 endfacet
 facet normal  0.000000e+00  0.000000e+00  1.000000e+00
   outer loop
     vertex -1.693821e+01 -8.157014e+00  1.720000e+01
     vertex -1.801938e+01 -8.677675e+00  1.720000e+01
     vertex -1.756443e+01 -9.565080e+00  1.720000e+01
   endloop
 endfacet
 facet normal  0.000000e+00  0.000000e+00  1.000000e+00
   outer loop
     vertex -1.693821e+01 -8.157014e+00  1.720000e+01
     vertex -1.756443e+01 -9.565080e+00  1.720000e+01
     vertex -1.651057e+01 -8.991175e+00  1.720000e+01
   endloop
 endfacet
 facet normal  0.000000e+00  0.000000e+00  1.000000e+00
   outer loop
     vertex -7.732198e+00 -1.713631e+01  1.720000e+01
     vertex -8.576760e+00 -1.672959e+01  1.720000e+01
     vertex -9.124213e+00 -1.779744e+01  1.720000e+01
   endloop
 endfacet
 facet normal  0.000000e+00  0.000000e+00  1.000000e+00
   outer loop
     vertex -7.732198e+00 -1.713631e+01  1.720000e+01
     vertex -9.124213e+00 -1.779744e+01  1.720000e+01
     vertex -8.225742e+00 -1.823012e+01  1.720000e+01
   endloop
 endfacet
 facet normal  0.000000e+00  0.000000e+00  1.000000e+00
   outer loop
     vertex -7.732198e+00 -1.713631e+01  1.720000e+01
     vertex -8.225742e+00 -1.823012e+01  1.720000e+01
     vertex -7.306820e+00 -1.861747e+01  1.720000e+01
   endloop
 endfacet
 facet normal  0.000000e+00  0.000000e+00  1.000000e+00
   outer loop
     vertex -1.732375e+01 -7.302574e+00  1.720000e+01
     vertex -1.801938e+01 -8.677675e+00  1.720000e+01
     vertex -1.693821e+01 -8.157014e+00  1.720000e+01
   endloop
 endfacet
 facet normal  0.000000e+00  0.000000e+00  1.000000e+00
   outer loop
     vertex -1.732375e+01 -7.302574e+00  1.720000e+01
     vertex -1.842952e+01 -7.768696e+00  1.720000e+01
     vertex -1.801938e+01 -8.677675e+00  1.720000e+01
   endloop
 endfacet
 facet normal  0.000000e+00  0.000000e+00  1.000000e+00
   outer loop
     vertex -6.868411e+00 -1.750043e+01  1.720000e+01
     vertex -7.732198e+00 -1.713631e+01  1.720000e+01
     vertex -7.306820e+00 -1.861747e+01  1.720000e+01
   endloop
 endfacet
 facet normal  0.000000e+00  0.000000e+00  1.000000e+00
   outer loop
     vertex -6.868411e+00 -1.750043e+01  1.720000e+01
     vertex -7.306820e+00 -1.861747e+01  1.720000e+01
     vertex -6.369733e+00 -1.895855e+01  1.720000e+01
   endloop
 endfacet
 facet normal  0.000000e+00  0.000000e+00  1.000000e+00
   outer loop
     vertex -1.766622e+01 -6.429979e+00  1.720000e+01
     vertex -1.879385e+01 -6.840403e+00  1.720000e+01
     vertex -1.842952e+01 -7.768696e+00  1.720000e+01
   endloop
 endfacet
 facet normal  0.000000e+00  0.000000e+00  1.000000e+00
   outer loop
     vertex -1.766622e+01 -6.429979e+00  1.720000e+01
     vertex -1.842952e+01 -7.768696e+00  1.720000e+01
     vertex -1.732375e+01 -7.302574e+00  1.720000e+01
   endloop
 endfacet
 facet normal  0.000000e+00  0.000000e+00  1.000000e+00
   outer loop
     vertex -5.987549e+00 -1.782103e+01  1.720000e+01
     vertex -6.868411e+00 -1.750043e+01  1.720000e+01
     vertex -6.369733e+00 -1.895855e+01  1.720000e+01
   endloop
 endfacet
 facet normal  0.000000e+00  0.000000e+00  1.000000e+00
   outer loop
     vertex -1.796477e+01 -5.541397e+00  1.720000e+01
     vertex -1.879385e+01 -6.840403e+00  1.720000e+01
     vertex -1.766622e+01 -6.429979e+00  1.720000e+01
   endloop
 endfacet
 facet normal  0.000000e+00  0.000000e+00  1.000000e+00
   outer loop
     vertex -1.796477e+01 -5.541397e+00  1.720000e+01
     vertex -1.938155e+01 -4.935148e+00  1.720000e+01
     vertex -1.911146e+01 -5.895103e+00  1.720000e+01
   endloop
 endfacet
 facet normal  0.000000e+00  0.000000e+00  1.000000e+00
   outer loop
     vertex -1.796477e+01 -5.541397e+00  1.720000e+01
     vertex -1.911146e+01 -5.895103e+00  1.720000e+01
     vertex -1.879385e+01 -6.840403e+00  1.720000e+01
   endloop
 endfacet
 facet normal  0.000000e+00  0.000000e+00  1.000000e+00
   outer loop
     vertex -5.091801e+00 -1.809734e+01  1.720000e+01
     vertex -5.987549e+00 -1.782103e+01  1.720000e+01
     vertex -6.369733e+00 -1.895855e+01  1.720000e+01
   endloop
 endfacet
 facet normal  0.000000e+00  0.000000e+00  1.000000e+00
   outer loop
     vertex -5.091801e+00 -1.809734e+01  1.720000e+01
     vertex -6.369733e+00 -1.895855e+01  1.720000e+01
     vertex -5.416809e+00 -1.925248e+01  1.720000e+01
   endloop
 endfacet
 facet normal  0.000000e+00  0.000000e+00  1.000000e+00
   outer loop
     vertex -1.821865e+01 -4.639039e+00  1.720000e+01
     vertex -1.938155e+01 -4.935148e+00  1.720000e+01
     vertex -1.796477e+01 -5.541397e+00  1.720000e+01
   endloop
 endfacet
 facet normal  0.000000e+00  0.000000e+00  1.000000e+00
   outer loop
     vertex -4.183394e+00 -1.832864e+01  1.720000e+01
     vertex -5.091801e+00 -1.809734e+01  1.720000e+01
     vertex -5.416809e+00 -1.925248e+01  1.720000e+01
   endloop
 endfacet
 facet normal  0.000000e+00  0.000000e+00  1.000000e+00
   outer loop
     vertex -4.183394e+00 -1.832864e+01  1.720000e+01
     vertex -5.416809e+00 -1.925248e+01  1.720000e+01
     vertex -4.450419e+00 -1.949856e+01  1.720000e+01
   endloop
 endfacet
 facet normal  0.000000e+00  0.000000e+00  1.000000e+00
   outer loop
     vertex -1.842724e+01 -3.725147e+00  1.720000e+01
     vertex -1.938155e+01 -4.935148e+00  1.720000e+01
     vertex -1.821865e+01 -4.639039e+00  1.720000e+01
   endloop
 endfacet
 facet normal  0.000000e+00  0.000000e+00  1.000000e+00
   outer loop
     vertex -1.842724e+01 -3.725147e+00  1.720000e+01
     vertex -1.960345e+01 -3.962923e+00  1.720000e+01
     vertex -1.938155e+01 -4.935148e+00  1.720000e+01
   endloop
 endfacet
 facet normal  0.000000e+00  0.000000e+00  1.000000e+00
   outer loop
     vertex -3.264586e+00 -1.851439e+01  1.720000e+01
     vertex -4.183394e+00 -1.832864e+01  1.720000e+01
     vertex -4.450419e+00 -1.949856e+01  1.720000e+01
   endloop
 endfacet
 facet normal  0.000000e+00  0.000000e+00  1.000000e+00
   outer loop
     vertex -3.264586e+00 -1.851439e+01  1.720000e+01
     vertex -4.450419e+00 -1.949856e+01  1.720000e+01
     vertex -3.472964e+00 -1.969616e+01  1.720000e+01
   endloop
 endfacet
 facet normal  0.000000e+00  0.000000e+00  1.000000e+00
   outer loop
     vertex -1.859002e+01 -2.801995e+00  1.720000e+01
     vertex -1.960345e+01 -3.962923e+00  1.720000e+01
     vertex -1.842724e+01 -3.725147e+00  1.720000e+01
   endloop
 endfacet
 facet normal  0.000000e+00  0.000000e+00  1.000000e+00
   outer loop
     vertex -1.859002e+01 -2.801995e+00  1.720000e+01
     vertex -1.990062e+01 -1.991357e+00  1.720000e+01
     vertex -1.977662e+01 -2.980845e+00  1.720000e+01
   endloop
 endfacet
 facet normal  0.000000e+00  0.000000e+00  1.000000e+00
   outer loop
     vertex -1.859002e+01 -2.801995e+00  1.720000e+01
     vertex -1.977662e+01 -2.980845e+00  1.720000e+01
     vertex -1.960345e+01 -3.962923e+00  1.720000e+01
   endloop
 endfacet
 facet normal  0.000000e+00  0.000000e+00  1.000000e+00
   outer loop
     vertex -2.337662e+00 -1.865410e+01  1.720000e+01
     vertex -3.264586e+00 -1.851439e+01  1.720000e+01
     vertex -3.472964e+00 -1.969616e+01  1.720000e+01
   endloop
 endfacet
 facet normal  0.000000e+00  0.000000e+00  1.000000e+00
   outer loop
     vertex -2.337662e+00 -1.865410e+01  1.720000e+01
     vertex -3.472964e+00 -1.969616e+01  1.720000e+01
     vertex -2.486874e+00 -1.984478e+01  1.720000e+01
   endloop
 endfacet
 facet normal  0.000000e+00  0.000000e+00  1.000000e+00
   outer loop
     vertex -1.870658e+01 -1.871876e+00  1.720000e+01
     vertex -1.990062e+01 -1.991357e+00  1.720000e+01
     vertex -1.859002e+01 -2.801995e+00  1.720000e+01
   endloop
 endfacet
 facet normal  0.000000e+00  0.000000e+00  1.000000e+00
   outer loop
     vertex -1.404926e+00 -1.874743e+01  1.720000e+01
     vertex -2.337662e+00 -1.865410e+01  1.720000e+01
     vertex -2.486874e+00 -1.984478e+01  1.720000e+01
   endloop
 endfacet
 facet normal  0.000000e+00  0.000000e+00  1.000000e+00
   outer loop
     vertex -1.404926e+00 -1.874743e+01  1.720000e+01
     vertex -2.486874e+00 -1.984478e+01  1.720000e+01
     vertex -1.494602e+00 -1.994408e+01  1.720000e+01
   endloop
 endfacet
 facet normal  0.000000e+00  0.000000e+00  1.000000e+00
   outer loop
     vertex -1.877663e+01 -9.371027e-01  1.720000e+01
     vertex -2.000000e+01 -6.860498e-14  1.720000e+01
     vertex -1.997514e+01 -9.969177e-01  1.720000e+01
   endloop
 endfacet
 facet normal  0.000000e+00  0.000000e+00  1.000000e+00
   outer loop
     vertex -1.877663e+01 -9.371027e-01  1.720000e+01
     vertex -1.997514e+01 -9.969177e-01  1.720000e+01
     vertex -1.990062e+01 -1.991357e+00  1.720000e+01
   endloop
 endfacet
 facet normal  0.000000e+00  0.000000e+00  1.000000e+00
   outer loop
     vertex -1.877663e+01 -9.371027e-01  1.720000e+01
     vertex -1.990062e+01 -1.991357e+00  1.720000e+01
     vertex -1.870658e+01 -1.871876e+00  1.720000e+01
   endloop
 endfacet
 facet normal  0.000000e+00  0.000000e+00  1.000000e+00
   outer loop
     vertex -4.686970e-01 -1.879416e+01  1.720000e+01
     vertex -1.404926e+00 -1.874743e+01  1.720000e+01
     vertex -1.494602e+00 -1.994408e+01  1.720000e+01
   endloop
 endfacet
 facet normal  0.000000e+00  0.000000e+00  1.000000e+00
   outer loop
     vertex -4.686970e-01 -1.879416e+01  1.720000e+01
     vertex -1.494602e+00 -1.994408e+01  1.720000e+01
     vertex -4.986138e-01 -1.999378e+01  1.720000e+01
   endloop
 endfacet
 facet normal  0.000000e+00  0.000000e+00  1.000000e+00
   outer loop
     vertex -1.880000e+01 -6.448868e-14  1.720000e+01
     vertex -1.997514e+01  9.969177e-01  1.720000e+01
     vertex -2.000000e+01 -6.860498e-14  1.720000e+01
   endloop
 endfacet
 facet normal  0.000000e+00  0.000000e+00  1.000000e+00
   outer loop
     vertex -1.880000e+01 -6.448868e-14  1.720000e+01
     vertex -2.000000e+01 -6.860498e-14  1.720000e+01
     vertex -1.877663e+01 -9.371027e-01  1.720000e+01
   endloop
 endfacet
 facet normal  0.000000e+00  0.000000e+00  1.000000e+00
   outer loop
     vertex  4.686970e-01 -1.879416e+01  1.720000e+01
     vertex -4.686970e-01 -1.879416e+01  1.720000e+01
     vertex -4.986138e-01 -1.999378e+01  1.720000e+01
   endloop
 endfacet
 facet normal  0.000000e+00  0.000000e+00  1.000000e+00
   outer loop
     vertex  4.686970e-01 -1.879416e+01  1.720000e+01
     vertex -4.986138e-01 -1.999378e+01  1.720000e+01
     vertex  4.986138e-01 -1.999378e+01  1.720000e+01
   endloop
 endfacet
 facet normal  0.000000e+00  0.000000e+00  1.000000e+00
   outer loop
     vertex -1.877663e+01  9.371027e-01  1.720000e+01
     vertex -1.997514e+01  9.969177e-01  1.720000e+01
     vertex -1.880000e+01 -6.448868e-14  1.720000e+01
   endloop
 endfacet
 facet normal  0.000000e+00  0.000000e+00  1.000000e+00
   outer loop
     vertex  1.404926e+00 -1.874743e+01  1.720000e+01
     vertex  4.686970e-01 -1.879416e+01  1.720000e+01
     vertex  4.986138e-01 -1.999378e+01  1.720000e+01
   endloop
 endfacet
 facet normal  0.000000e+00  0.000000e+00  1.000000e+00
   outer loop
     vertex  1.404926e+00 -1.874743e+01  1.720000e+01
     vertex  4.986138e-01 -1.999378e+01  1.720000e+01
     vertex  1.494602e+00 -1.994408e+01  1.720000e+01
   endloop
 endfacet
 facet normal  0.000000e+00  0.000000e+00  1.000000e+00
   outer loop
     vertex  1.404926e+00 -1.874743e+01  1.720000e+01
     vertex  1.494602e+00 -1.994408e+01  1.720000e+01
     vertex  2.486874e+00 -1.984478e+01  1.720000e+01
   endloop
 endfacet
 facet normal  0.000000e+00  0.000000e+00  1.000000e+00
   outer loop
     vertex -1.870658e+01  1.871876e+00  1.720000e+01
     vertex -1.990062e+01  1.991357e+00  1.720000e+01
     vertex -1.997514e+01  9.969177e-01  1.720000e+01
   endloop
 endfacet
 facet normal  0.000000e+00  0.000000e+00  1.000000e+00
   outer loop
     vertex -1.870658e+01  1.871876e+00  1.720000e+01
     vertex -1.997514e+01  9.969177e-01  1.720000e+01
     vertex -1.877663e+01  9.371027e-01  1.720000e+01
   endloop
 endfacet
 facet normal  0.000000e+00  0.000000e+00  1.000000e+00
   outer loop
     vertex  2.337662e+00 -1.865410e+01  1.720000e+01
     vertex  1.404926e+00 -1.874743e+01  1.720000e+01
     vertex  2.486874e+00 -1.984478e+01  1.720000e+01
   endloop
 endfacet
 facet normal  0.000000e+00  0.000000e+00  1.000000e+00
   outer loop
     vertex  3.472964e+00 -1.969616e+01  1.720000e+01
     vertex  2.337662e+00 -1.865410e+01  1.720000e+01
     vertex  2.486874e+00 -1.984478e+01  1.720000e+01
   endloop
 endfacet
 facet normal  0.000000e+00  0.000000e+00  1.000000e+00
   outer loop
     vertex -1.859002e+01  2.801995e+00  1.720000e+01
     vertex -1.977662e+01  2.980845e+00  1.720000e+01
     vertex -1.990062e+01  1.991357e+00  1.720000e+01
   endloop
 endfacet
 facet normal  0.000000e+00  0.000000e+00  1.000000e+00
   outer loop
     vertex -1.859002e+01  2.801995e+00  1.720000e+01
     vertex -1.990062e+01  1.991357e+00  1.720000e+01
     vertex -1.870658e+01  1.871876e+00  1.720000e+01
   endloop
 endfacet
 facet normal  0.000000e+00  0.000000e+00  1.000000e+00
   outer loop
     vertex  3.264586e+00 -1.851439e+01  1.720000e+01
     vertex  2.337662e+00 -1.865410e+01  1.720000e+01
     vertex  3.472964e+00 -1.969616e+01  1.720000e+01
   endloop
 endfacet
 facet normal  0.000000e+00  0.000000e+00  1.000000e+00
   outer loop
     vertex -1.842724e+01  3.725147e+00  1.720000e+01
     vertex -1.977662e+01  2.980845e+00  1.720000e+01
     vertex -1.859002e+01  2.801995e+00  1.720000e+01
   endloop
 endfacet
 facet normal  0.000000e+00  0.000000e+00  1.000000e+00
   outer loop
     vertex -1.842724e+01  3.725147e+00  1.720000e+01
     vertex -1.960345e+01  3.962923e+00  1.720000e+01
     vertex -1.977662e+01  2.980845e+00  1.720000e+01
   endloop
 endfacet
 facet normal  0.000000e+00  0.000000e+00  1.000000e+00
   outer loop
     vertex -1.938155e+01  4.935148e+00  1.720000e+01
     vertex -1.960345e+01  3.962923e+00  1.720000e+01
     vertex -1.842724e+01  3.725147e+00  1.720000e+01
   endloop
 endfacet
 facet normal  0.000000e+00  0.000000e+00  1.000000e+00
   outer loop
     vertex  4.183394e+00 -1.832864e+01  1.720000e+01
     vertex  3.264586e+00 -1.851439e+01  1.720000e+01
     vertex  3.472964e+00 -1.969616e+01  1.720000e+01
   endloop
 endfacet
 facet normal  0.000000e+00  0.000000e+00  1.000000e+00
   outer loop
     vertex  4.183394e+00 -1.832864e+01  1.720000e+01
     vertex  3.472964e+00 -1.969616e+01  1.720000e+01
     vertex  4.450419e+00 -1.949856e+01  1.720000e+01
   endloop
 endfacet
 facet normal  0.000000e+00  0.000000e+00  1.000000e+00
   outer loop
     vertex -1.821865e+01  4.639039e+00  1.720000e+01
     vertex -1.938155e+01  4.935148e+00  1.720000e+01
     vertex -1.842724e+01  3.725147e+00  1.720000e+01
   endloop
 endfacet
 facet normal  0.000000e+00  0.000000e+00  1.000000e+00
   outer loop
     vertex -1.911146e+01  5.895103e+00  1.720000e+01
     vertex -1.938155e+01  4.935148e+00  1.720000e+01
     vertex -1.821865e+01  4.639039e+00  1.720000e+01
   endloop
 endfacet
 facet normal  0.000000e+00  0.000000e+00  1.000000e+00
   outer loop
     vertex  5.091801e+00 -1.809734e+01  1.720000e+01
     vertex  4.183394e+00 -1.832864e+01  1.720000e+01
     vertex  4.450419e+00 -1.949856e+01  1.720000e+01
   endloop
 endfacet
 facet normal  0.000000e+00  0.000000e+00  1.000000e+00
   outer loop
     vertex  5.091801e+00 -1.809734e+01  1.720000e+01
     vertex  4.450419e+00 -1.949856e+01  1.720000e+01
     vertex  5.416809e+00 -1.925248e+01  1.720000e+01
   endloop
 endfacet
 facet normal  0.000000e+00  0.000000e+00  1.000000e+00
   outer loop
     vertex  6.369733e+00 -1.895855e+01  1.720000e+01
     vertex  5.091801e+00 -1.809734e+01  1.720000e+01
     vertex  5.416809e+00 -1.925248e+01  1.720000e+01
   endloop
 endfacet
 facet normal  0.000000e+00  0.000000e+00  1.000000e+00
   outer loop
     vertex -1.796477e+01  5.541397e+00  1.720000e+01
     vertex -1.911146e+01  5.895103e+00  1.720000e+01
     vertex -1.821865e+01  4.639039e+00  1.720000e+01
   endloop
 endfacet
 facet normal  0.000000e+00  0.000000e+00  1.000000e+00
   outer loop
     vertex  5.987549e+00 -1.782103e+01  1.720000e+01
     vertex  5.091801e+00 -1.809734e+01  1.720000e+01
     vertex  6.369733e+00 -1.895855e+01  1.720000e+01
   endloop
 endfacet
 facet normal  0.000000e+00  0.000000e+00  1.000000e+00
   outer loop
     vertex  7.306820e+00 -1.861747e+01  1.720000e+01
     vertex  5.987549e+00 -1.782103e+01  1.720000e+01
     vertex  6.369733e+00 -1.895855e+01  1.720000e+01
   endloop
 endfacet
 facet normal  0.000000e+00  0.000000e+00  1.000000e+00
   outer loop
     vertex -1.766622e+01  6.429979e+00  1.720000e+01
     vertex -1.911146e+01  5.895103e+00  1.720000e+01
     vertex -1.796477e+01  5.541397e+00  1.720000e+01
   endloop
 endfacet
 facet normal  0.000000e+00  0.000000e+00  1.000000e+00
   outer loop
     vertex -1.766622e+01  6.429979e+00  1.720000e+01
     vertex -1.879385e+01  6.840403e+00  1.720000e+01
     vertex -1.911146e+01  5.895103e+00  1.720000e+01
   endloop
 endfacet
 facet normal  0.000000e+00  0.000000e+00  1.000000e+00
   outer loop
     vertex  6.868411e+00 -1.750043e+01  1.720000e+01
     vertex  5.987549e+00 -1.782103e+01  1.720000e+01
     vertex  7.306820e+00 -1.861747e+01  1.720000e+01
   endloop
 endfacet
 facet normal  0.000000e+00  0.000000e+00  1.000000e+00
   outer loop
     vertex -1.732375e+01  7.302574e+00  1.720000e+01
     vertex -1.879385e+01  6.840403e+00  1.720000e+01
     vertex -1.766622e+01  6.429979e+00  1.720000e+01
   endloop
 endfacet
 facet normal  0.000000e+00  0.000000e+00  1.000000e+00
   outer loop
     vertex -1.732375e+01  7.302574e+00  1.720000e+01
     vertex -1.842952e+01  7.768696e+00  1.720000e+01
     vertex -1.879385e+01  6.840403e+00  1.720000e+01
   endloop
 endfacet
 facet normal  0.000000e+00  0.000000e+00  1.000000e+00
   outer loop
     vertex  8.225742e+00 -1.823012e+01  1.720000e+01
     vertex  6.868411e+00 -1.750043e+01  1.720000e+01
     vertex  7.306820e+00 -1.861747e+01  1.720000e+01
   endloop
 endfacet
 facet normal  0.000000e+00  0.000000e+00  1.000000e+00
   outer loop
     vertex  7.732198e+00 -1.713631e+01  1.720000e+01
     vertex  6.868411e+00 -1.750043e+01  1.720000e+01
     vertex  8.225742e+00 -1.823012e+01  1.720000e+01
   endloop
 endfacet
 facet normal  0.000000e+00  0.000000e+00  1.000000e+00
   outer loop
     vertex -1.693821e+01  8.157014e+00  1.720000e+01
     vertex -1.842952e+01  7.768696e+00  1.720000e+01
     vertex -1.732375e+01  7.302574e+00  1.720000e+01
   endloop
 endfacet
 facet normal  0.000000e+00  0.000000e+00  1.000000e+00
   outer loop
     vertex -1.693821e+01  8.157014e+00  1.720000e+01
     vertex -1.801938e+01  8.677675e+00  1.720000e+01
     vertex -1.842952e+01  7.768696e+00  1.720000e+01
   endloop
 endfacet
 facet normal  0.000000e+00  0.000000e+00  1.000000e+00
   outer loop
     vertex  9.124213e+00 -1.779744e+01  1.720000e+01
     vertex  7.732198e+00 -1.713631e+01  1.720000e+01
     vertex  8.225742e+00 -1.823012e+01  1.720000e+01
   endloop
 endfacet
 facet normal  0.000000e+00  0.000000e+00  1.000000e+00
   outer loop
     vertex  8.576760e+00 -1.672959e+01  1.720000e+01
     vertex  7.732198e+00 -1.713631e+01  1.720000e+01
     vertex  9.124213e+00 -1.779744e+01  1.720000e+01
   endloop
 endfacet
 facet normal  0.000000e+00  0.000000e+00  1.000000e+00
   outer loop
     vertex -1.651057e+01  8.991175e+00  1.720000e+01
     vertex -1.801938e+01  8.677675e+00  1.720000e+01
     vertex -1.693821e+01  8.157014e+00  1.720000e+01
   endloop
 endfacet
 facet normal  0.000000e+00  0.000000e+00  1.000000e+00
   outer loop
     vertex -1.651057e+01  8.991175e+00  1.720000e+01
     vertex -1.756443e+01  9.565080e+00  1.720000e+01
     vertex -1.801938e+01  8.677675e+00  1.720000e+01
   endloop
 endfacet
 facet normal  0.000000e+00  0.000000e+00  1.000000e+00
   outer loop
     vertex  1.000000e+01 -1.732051e+01  1.720000e+01
     vertex  8.576760e+00 -1.672959e+01  1.720000e+01
     vertex  9.124213e+00 -1.779744e+01  1.720000e+01
   endloop
 endfacet
 facet normal  0.000000e+00  0.000000e+00  1.000000e+00
   outer loop
     vertex  9.400000e+00 -1.628128e+01  1.720000e+01
     vertex  8.576760e+00 -1.672959e+01  1.720000e+01
     vertex  1.000000e+01 -1.732051e+01  1.720000e+01
   endloop
 endfacet
 facet normal  0.000000e+00  0.000000e+00  1.000000e+00
   outer loop
     vertex -1.706582e+01  1.042870e+01  1.720000e+01
     vertex -1.756443e+01  9.565080e+00  1.720000e+01
     vertex -1.651057e+01  8.991175e+00  1.720000e+01
   endloop
 endfacet
 facet normal  0.000000e+00  0.000000e+00  1.000000e+00
   outer loop
     vertex -1.604187e+01  9.802982e+00  1.720000e+01
     vertex -1.706582e+01  1.042870e+01  1.720000e+01
     vertex -1.651057e+01  8.991175e+00  1.720000e+01
   endloop
 endfacet
 facet normal  0.000000e+00  0.000000e+00  1.000000e+00
   outer loop
     vertex  1.019987e+01 -1.579249e+01  1.720000e+01
     vertex  1.000000e+01 -1.732051e+01  1.720000e+01
     vertex  1.085093e+01 -1.680052e+01  1.720000e+01
   endloop
 endfacet
 facet normal  0.000000e+00  0.000000e+00  1.000000e+00
   outer loop
     vertex  1.019987e+01 -1.579249e+01  1.720000e+01
     vertex  9.400000e+00 -1.628128e+01  1.720000e+01
     vertex  1.000000e+01 -1.732051e+01  1.720000e+01
   endloop
 endfacet
 facet normal  0.000000e+00  0.000000e+00  1.000000e+00
   outer loop
     vertex -1.553329e+01  1.059042e+01  1.720000e+01
     vertex -1.652478e+01  1.126640e+01  1.720000e+01
     vertex -1.706582e+01  1.042870e+01  1.720000e+01
   endloop
 endfacet
 facet normal  0.000000e+00  0.000000e+00  1.000000e+00
   outer loop
     vertex -1.553329e+01  1.059042e+01  1.720000e+01
     vertex -1.706582e+01  1.042870e+01  1.720000e+01
     vertex -1.604187e+01  9.802982e+00  1.720000e+01
   endloop
 endfacet
 facet normal  0.000000e+00  0.000000e+00  1.000000e+00
   outer loop
     vertex  1.167487e+01 -1.623876e+01  1.720000e+01
     vertex  1.019987e+01 -1.579249e+01  1.720000e+01
     vertex  1.085093e+01 -1.680052e+01  1.720000e+01
   endloop
 endfacet
 facet normal  0.000000e+00  0.000000e+00  1.000000e+00
   outer loop
     vertex  1.097438e+01 -1.526443e+01  1.720000e+01
     vertex  1.019987e+01 -1.579249e+01  1.720000e+01
     vertex  1.167487e+01 -1.623876e+01  1.720000e+01
   endloop
 endfacet
 facet normal  0.000000e+00  0.000000e+00  1.000000e+00
   outer loop
     vertex -1.594265e+01  1.207609e+01  1.720000e+01
     vertex -1.652478e+01  1.126640e+01  1.720000e+01
     vertex -1.553329e+01  1.059042e+01  1.720000e+01
   endloop
 endfacet
 facet normal  0.000000e+00  0.000000e+00  1.000000e+00
   outer loop
     vertex -1.498609e+01  1.135152e+01  1.720000e+01
     vertex -1.594265e+01  1.207609e+01  1.720000e+01
     vertex -1.553329e+01  1.059042e+01  1.720000e+01
   endloop
 endfacet
 facet normal  0.000000e+00  0.000000e+00  1.000000e+00
   outer loop
     vertex  1.172161e+01 -1.469843e+01  1.720000e+01
     vertex  1.167487e+01 -1.623876e+01  1.720000e+01
     vertex  1.246980e+01 -1.563663e+01  1.720000e+01
   endloop
 endfacet
 facet normal  0.000000e+00  0.000000e+00  1.000000e+00
   outer loop
     vertex  1.172161e+01 -1.469843e+01  1.720000e+01
     vertex  1.097438e+01 -1.526443e+01  1.720000e+01
     vertex  1.167487e+01 -1.623876e+01  1.720000e+01
   endloop
 endfacet
 facet normal  0.000000e+00  0.000000e+00  1.000000e+00
   outer loop
     vertex -1.440164e+01  1.208441e+01  1.720000e+01
     vertex -1.532089e+01  1.285575e+01  1.720000e+01
     vertex -1.594265e+01  1.207609e+01  1.720000e+01
   endloop
 endfacet
 facet normal  0.000000e+00  0.000000e+00  1.000000e+00
   outer loop
     vertex -1.440164e+01  1.208441e+01  1.720000e+01
     vertex -1.594265e+01  1.207609e+01  1.720000e+01
     vertex -1.498609e+01  1.135152e+01  1.720000e+01
   endloop
 endfacet
 facet normal  0.000000e+00  0.000000e+00  1.000000e+00
   outer loop
     vertex  1.243969e+01 -1.409589e+01  1.720000e+01
     vertex  1.246980e+01 -1.563663e+01  1.720000e+01
     vertex  1.323372e+01 -1.499562e+01  1.720000e+01
   endloop
 endfacet
 facet normal  0.000000e+00  0.000000e+00  1.000000e+00
   outer loop
     vertex  1.243969e+01 -1.409589e+01  1.720000e+01
     vertex  1.172161e+01 -1.469843e+01  1.720000e+01
     vertex  1.246980e+01 -1.563663e+01  1.720000e+01
   endloop
 endfacet
 facet normal  0.000000e+00  0.000000e+00  1.000000e+00
   outer loop
     vertex -1.466104e+01  1.360345e+01  1.720000e+01
     vertex -1.532089e+01  1.285575e+01  1.720000e+01
     vertex -1.440164e+01  1.208441e+01  1.720000e+01
   endloop
 endfacet
 facet normal  0.000000e+00  0.000000e+00  1.000000e+00
   outer loop
     vertex -1.378138e+01  1.278725e+01  1.720000e+01
     vertex -1.466104e+01  1.360345e+01  1.720000e+01
     vertex -1.440164e+01  1.208441e+01  1.720000e+01
   endloop
 endfacet
 facet normal  0.000000e+00  0.000000e+00  1.000000e+00
   outer loop
     vertex  1.312685e+01 -1.345830e+01  1.720000e+01
     vertex  1.323372e+01 -1.499562e+01  1.720000e+01
     vertex  1.396474e+01 -1.431734e+01  1.720000e+01
   endloop
 endfacet
 facet normal  0.000000e+00  0.000000e+00  1.000000e+00
   outer loop
     vertex  1.312685e+01 -1.345830e+01  1.720000e+01
     vertex  1.243969e+01 -1.409589e+01  1.720000e+01
     vertex  1.323372e+01 -1.499562e+01  1.720000e+01
   endloop
 endfacet
 facet normal  0.000000e+00  0.000000e+00  1.000000e+00
   outer loop
     vertex -1.312685e+01  1.345830e+01  1.720000e+01
     vertex -1.466104e+01  1.360345e+01  1.720000e+01
     vertex -1.378138e+01  1.278725e+01  1.720000e+01
   endloop
 endfacet
 facet normal  0.000000e+00  0.000000e+00  1.000000e+00
   outer loop
     vertex -1.396474e+01  1.431734e+01  1.720000e+01
     vertex -1.466104e+01  1.360345e+01  1.720000e+01
     vertex -1.312685e+01  1.345830e+01  1.720000e+01
   endloop
 endfacet
 facet normal  0.000000e+00  0.000000e+00  1.000000e+00
   outer loop
     vertex  1.466104e+01 -1.360345e+01  1.720000e+01
     vertex  1.378138e+01 -1.278725e+01  1.720000e+01
     vertex  1.312685e+01 -1.345830e+01  1.720000e+01
   endloop
 endfacet
 facet normal  0.000000e+00  0.000000e+00  1.000000e+00
   outer loop
     vertex  1.466104e+01 -1.360345e+01  1.720000e+01
     vertex  1.312685e+01 -1.345830e+01  1.720000e+01
     vertex  1.396474e+01 -1.431734e+01  1.720000e+01
   endloop
 endfacet
 facet normal  0.000000e+00  0.000000e+00  1.000000e+00
   outer loop
     vertex -1.323372e+01  1.499562e+01  1.720000e+01
     vertex -1.396474e+01  1.431734e+01  1.720000e+01
     vertex -1.312685e+01  1.345830e+01  1.720000e+01
   endloop
 endfacet
 facet normal  0.000000e+00  0.000000e+00  1.000000e+00
   outer loop
     vertex -1.323372e+01  1.499562e+01  1.720000e+01
     vertex -1.312685e+01  1.345830e+01  1.720000e+01
     vertex -1.243969e+01  1.409589e+01  1.720000e+01
   endloop
 endfacet
 facet normal  0.000000e+00  0.000000e+00  1.000000e+00
   outer loop
     vertex  1.440164e+01 -1.208441e+01  1.720000e+01
     vertex  1.378138e+01 -1.278725e+01  1.720000e+01
     vertex  1.466104e+01 -1.360345e+01  1.720000e+01
   endloop
 endfacet
 facet normal  0.000000e+00  0.000000e+00  1.000000e+00
   outer loop
     vertex  1.532089e+01 -1.285575e+01  1.720000e+01
     vertex  1.440164e+01 -1.208441e+01  1.720000e+01
     vertex  1.466104e+01 -1.360345e+01  1.720000e+01
   endloop
 endfacet
 facet normal  0.000000e+00  0.000000e+00  1.000000e+00
   outer loop
     vertex -1.172161e+01  1.469843e+01  1.720000e+01
     vertex -1.323372e+01  1.499562e+01  1.720000e+01
     vertex -1.243969e+01  1.409589e+01  1.720000e+01
   endloop
 endfacet
 facet normal  0.000000e+00  0.000000e+00  1.000000e+00
   outer loop
     vertex -1.246980e+01  1.563663e+01  1.720000e+01
     vertex -1.323372e+01  1.499562e+01  1.720000e+01
     vertex -1.172161e+01  1.469843e+01  1.720000e+01
   endloop
 endfacet
 facet normal  0.000000e+00  0.000000e+00  1.000000e+00
   outer loop
     vertex  1.594265e+01 -1.207609e+01  1.720000e+01
     vertex  1.440164e+01 -1.208441e+01  1.720000e+01
     vertex  1.532089e+01 -1.285575e+01  1.720000e+01
   endloop
 endfacet
 facet normal  0.000000e+00  0.000000e+00  1.000000e+00
   outer loop
     vertex  1.594265e+01 -1.207609e+01  1.720000e+01
     vertex  1.498609e+01 -1.135152e+01  1.720000e+01
     vertex  1.440164e+01 -1.208441e+01  1.720000e+01
   endloop
 endfacet
 facet normal  0.000000e+00  0.000000e+00  1.000000e+00
   outer loop
     vertex -1.097438e+01  1.526443e+01  1.720000e+01
     vertex -1.246980e+01  1.563663e+01  1.720000e+01
     vertex -1.172161e+01  1.469843e+01  1.720000e+01
   endloop
 endfacet
 facet normal  0.000000e+00  0.000000e+00  1.000000e+00
   outer loop
     vertex -1.167487e+01  1.623876e+01  1.720000e+01
     vertex -1.246980e+01  1.563663e+01  1.720000e+01
     vertex -1.097438e+01  1.526443e+01  1.720000e+01
   endloop
 endfacet
 facet normal  0.000000e+00  0.000000e+00  1.000000e+00
   outer loop
     vertex  1.652478e+01 -1.126640e+01  1.720000e+01
     vertex  1.498609e+01 -1.135152e+01  1.720000e+01
     vertex  1.594265e+01 -1.207609e+01  1.720000e+01
   endloop
 endfacet
 facet normal  0.000000e+00  0.000000e+00  1.000000e+00
   outer loop
     vertex  1.652478e+01 -1.126640e+01  1.720000e+01
     vertex  1.553329e+01 -1.059042e+01  1.720000e+01
     vertex  1.498609e+01 -1.135152e+01  1.720000e+01
   endloop
 endfacet
 facet normal  0.000000e+00  0.000000e+00  1.000000e+00
   outer loop
     vertex -1.085093e+01  1.680052e+01  1.720000e+01
     vertex -1.167487e+01  1.623876e+01  1.720000e+01
     vertex -1.097438e+01  1.526443e+01  1.720000e+01
   endloop
 endfacet
 facet normal  0.000000e+00  0.000000e+00  1.000000e+00
   outer loop
     vertex -1.085093e+01  1.680052e+01  1.720000e+01
     vertex -1.097438e+01  1.526443e+01  1.720000e+01
     vertex -1.019987e+01  1.579249e+01  1.720000e+01
   endloop
 endfacet
 facet normal  0.000000e+00  0.000000e+00  1.000000e+00
   outer loop
     vertex  1.604187e+01 -9.802982e+00  1.720000e+01
     vertex  1.553329e+01 -1.059042e+01  1.720000e+01
     vertex  1.652478e+01 -1.126640e+01  1.720000e+01
   endloop
 endfacet
 facet normal  0.000000e+00  0.000000e+00  1.000000e+00
   outer loop
     vertex  1.706582e+01 -1.042870e+01  1.720000e+01
     vertex  1.604187e+01 -9.802982e+00  1.720000e+01
     vertex  1.652478e+01 -1.126640e+01  1.720000e+01
   endloop
 endfacet
 facet normal  0.000000e+00  0.000000e+00  1.000000e+00
   outer loop
     vertex -1.000000e+01  1.732051e+01  1.720000e+01
     vertex -1.085093e+01  1.680052e+01  1.720000e+01
     vertex -1.019987e+01  1.579249e+01  1.720000e+01
   endloop
 endfacet
 facet normal  0.000000e+00  0.000000e+00  1.000000e+00
   outer loop
     vertex -1.000000e+01  1.732051e+01  1.720000e+01
     vertex -1.019987e+01  1.579249e+01  1.720000e+01
     vertex -9.400000e+00  1.628128e+01  1.720000e+01
   endloop
 endfacet
 facet normal  0.000000e+00  0.000000e+00  1.000000e+00
   outer loop
     vertex  1.756443e+01 -9.565080e+00  1.720000e+01
     vertex  1.651057e+01 -8.991175e+00  1.720000e+01
     vertex  1.604187e+01 -9.802982e+00  1.720000e+01
   endloop
 endfacet
 facet normal  0.000000e+00  0.000000e+00  1.000000e+00
   outer loop
     vertex  1.756443e+01 -9.565080e+00  1.720000e+01
     vertex  1.604187e+01 -9.802982e+00  1.720000e+01
     vertex  1.706582e+01 -1.042870e+01  1.720000e+01
   endloop
 endfacet
 facet normal  0.000000e+00  0.000000e+00  1.000000e+00
   outer loop
     vertex -9.124213e+00  1.779744e+01  1.720000e+01
     vertex -1.000000e+01  1.732051e+01  1.720000e+01
     vertex -9.400000e+00  1.628128e+01  1.720000e+01
   endloop
 endfacet
 facet normal  0.000000e+00  0.000000e+00  1.000000e+00
   outer loop
     vertex -9.124213e+00  1.779744e+01  1.720000e+01
     vertex -9.400000e+00  1.628128e+01  1.720000e+01
     vertex -8.576760e+00  1.672959e+01  1.720000e+01
   endloop
 endfacet
 facet normal  0.000000e+00  0.000000e+00  1.000000e+00
   outer loop
     vertex  1.693821e+01 -8.157014e+00  1.720000e+01
     vertex  1.651057e+01 -8.991175e+00  1.720000e+01
     vertex  1.756443e+01 -9.565080e+00  1.720000e+01
   endloop
 endfacet
 facet normal  0.000000e+00  0.000000e+00  1.000000e+00
   outer loop
     vertex  1.801938e+01 -8.677675e+00  1.720000e+01
     vertex  1.693821e+01 -8.157014e+00  1.720000e+01
     vertex  1.756443e+01 -9.565080e+00  1.720000e+01
   endloop
 endfacet
 facet normal  0.000000e+00  0.000000e+00  1.000000e+00
   outer loop
     vertex -8.225742e+00  1.823012e+01  1.720000e+01
     vertex -9.124213e+00  1.779744e+01  1.720000e+01
     vertex -8.576760e+00  1.672959e+01  1.720000e+01
   endloop
 endfacet
 facet normal  0.000000e+00  0.000000e+00  1.000000e+00
   outer loop
     vertex -8.225742e+00  1.823012e+01  1.720000e+01
     vertex -8.576760e+00  1.672959e+01  1.720000e+01
     vertex -7.732198e+00  1.713631e+01  1.720000e+01
   endloop
 endfacet
 facet normal  0.000000e+00  0.000000e+00  1.000000e+00
   outer loop
     vertex -6.868411e+00  1.750043e+01  1.720000e+01
     vertex -8.225742e+00  1.823012e+01  1.720000e+01
     vertex -7.732198e+00  1.713631e+01  1.720000e+01
   endloop
 endfacet
 facet normal  0.000000e+00  0.000000e+00  1.000000e+00
   outer loop
     vertex  1.842952e+01 -7.768696e+00  1.720000e+01
     vertex  1.732375e+01 -7.302574e+00  1.720000e+01
     vertex  1.693821e+01 -8.157014e+00  1.720000e+01
   endloop
 endfacet
 facet normal  0.000000e+00  0.000000e+00  1.000000e+00
   outer loop
     vertex  1.842952e+01 -7.768696e+00  1.720000e+01
     vertex  1.693821e+01 -8.157014e+00  1.720000e+01
     vertex  1.801938e+01 -8.677675e+00  1.720000e+01
   endloop
 endfacet
 facet normal  0.000000e+00  0.000000e+00  1.000000e+00
   outer loop
     vertex -7.306820e+00  1.861747e+01  1.720000e+01
     vertex -8.225742e+00  1.823012e+01  1.720000e+01
     vertex -6.868411e+00  1.750043e+01  1.720000e+01
   endloop
 endfacet
 facet normal  0.000000e+00  0.000000e+00  1.000000e+00
   outer loop
     vertex  1.879385e+01 -6.840403e+00  1.720000e+01
     vertex  1.766622e+01 -6.429979e+00  1.720000e+01
     vertex  1.732375e+01 -7.302574e+00  1.720000e+01
   endloop
 endfacet
 facet normal  0.000000e+00  0.000000e+00  1.000000e+00
   outer loop
     vertex  1.879385e+01 -6.840403e+00  1.720000e+01
     vertex  1.732375e+01 -7.302574e+00  1.720000e+01
     vertex  1.842952e+01 -7.768696e+00  1.720000e+01
   endloop
 endfacet
 facet normal  0.000000e+00  0.000000e+00  1.000000e+00
   outer loop
     vertex  1.796477e+01 -5.541397e+00  1.720000e+01
     vertex  1.766622e+01 -6.429979e+00  1.720000e+01
     vertex  1.879385e+01 -6.840403e+00  1.720000e+01
   endloop
 endfacet
 facet normal  0.000000e+00  0.000000e+00  1.000000e+00
   outer loop
     vertex -6.369733e+00  1.895855e+01  1.720000e+01
     vertex -6.868411e+00  1.750043e+01  1.720000e+01
     vertex -5.987549e+00  1.782103e+01  1.720000e+01
   endloop
 endfacet
 facet normal  0.000000e+00  0.000000e+00  1.000000e+00
   outer loop
     vertex -6.369733e+00  1.895855e+01  1.720000e+01
     vertex -7.306820e+00  1.861747e+01  1.720000e+01
     vertex -6.868411e+00  1.750043e+01  1.720000e+01
   endloop
 endfacet
 facet normal  0.000000e+00  0.000000e+00  1.000000e+00
   outer loop
     vertex -5.091801e+00  1.809734e+01  1.720000e+01
     vertex -6.369733e+00  1.895855e+01  1.720000e+01
     vertex -5.987549e+00  1.782103e+01  1.720000e+01
   endloop
 endfacet
 facet normal  0.000000e+00  0.000000e+00  1.000000e+00
   outer loop
     vertex  1.911146e+01 -5.895103e+00  1.720000e+01
     vertex  1.796477e+01 -5.541397e+00  1.720000e+01
     vertex  1.879385e+01 -6.840403e+00  1.720000e+01
   endloop
 endfacet
 facet normal  0.000000e+00  0.000000e+00  1.000000e+00
   outer loop
     vertex -5.416809e+00  1.925248e+01  1.720000e+01
     vertex -6.369733e+00  1.895855e+01  1.720000e+01
     vertex -5.091801e+00  1.809734e+01  1.720000e+01
   endloop
 endfacet
 facet normal  0.000000e+00  0.000000e+00  1.000000e+00
   outer loop
     vertex -4.183394e+00  1.832864e+01  1.720000e+01
     vertex -5.416809e+00  1.925248e+01  1.720000e+01
     vertex -5.091801e+00  1.809734e+01  1.720000e+01
   endloop
 endfacet
 facet normal  0.000000e+00  0.000000e+00  1.000000e+00
   outer loop
     vertex  1.938155e+01 -4.935148e+00  1.720000e+01
     vertex  1.821865e+01 -4.639039e+00  1.720000e+01
     vertex  1.796477e+01 -5.541397e+00  1.720000e+01
   endloop
 endfacet
 facet normal  0.000000e+00  0.000000e+00  1.000000e+00
   outer loop
     vertex  1.938155e+01 -4.935148e+00  1.720000e+01
     vertex  1.796477e+01 -5.541397e+00  1.720000e+01
     vertex  1.911146e+01 -5.895103e+00  1.720000e+01
   endloop
 endfacet
 facet normal  0.000000e+00  0.000000e+00  1.000000e+00
   outer loop
     vertex -4.450419e+00  1.949856e+01  1.720000e+01
     vertex -5.416809e+00  1.925248e+01  1.720000e+01
     vertex -4.183394e+00  1.832864e+01  1.720000e+01
   endloop
 endfacet
 facet normal  0.000000e+00  0.000000e+00  1.000000e+00
   outer loop
     vertex  1.960345e+01 -3.962923e+00  1.720000e+01
     vertex  1.842724e+01 -3.725147e+00  1.720000e+01
     vertex  1.821865e+01 -4.639039e+00  1.720000e+01
   endloop
 endfacet
 facet normal  0.000000e+00  0.000000e+00  1.000000e+00
   outer loop
     vertex  1.960345e+01 -3.962923e+00  1.720000e+01
     vertex  1.821865e+01 -4.639039e+00  1.720000e+01
     vertex  1.938155e+01 -4.935148e+00  1.720000e+01
   endloop
 endfacet
 facet normal  0.000000e+00  0.000000e+00  1.000000e+00
   outer loop
     vertex  1.859002e+01 -2.801995e+00  1.720000e+01
     vertex  1.842724e+01 -3.725147e+00  1.720000e+01
     vertex  1.960345e+01 -3.962923e+00  1.720000e+01
   endloop
 endfacet
 facet normal  0.000000e+00  0.000000e+00  1.000000e+00
   outer loop
     vertex -3.472964e+00  1.969616e+01  1.720000e+01
     vertex -4.183394e+00  1.832864e+01  1.720000e+01
     vertex -3.264586e+00  1.851439e+01  1.720000e+01
   endloop
 endfacet
 facet normal  0.000000e+00  0.000000e+00  1.000000e+00
   outer loop
     vertex -3.472964e+00  1.969616e+01  1.720000e+01
     vertex -4.450419e+00  1.949856e+01  1.720000e+01
     vertex -4.183394e+00  1.832864e+01  1.720000e+01
   endloop
 endfacet
 facet normal  0.000000e+00  0.000000e+00  1.000000e+00
   outer loop
     vertex -2.337662e+00  1.865410e+01  1.720000e+01
     vertex -3.472964e+00  1.969616e+01  1.720000e+01
     vertex -3.264586e+00  1.851439e+01  1.720000e+01
   endloop
 endfacet
 facet normal  0.000000e+00  0.000000e+00  1.000000e+00
   outer loop
     vertex  1.977662e+01 -2.980845e+00  1.720000e+01
     vertex  1.859002e+01 -2.801995e+00  1.720000e+01
     vertex  1.960345e+01 -3.962923e+00  1.720000e+01
   endloop
 endfacet
 facet normal  0.000000e+00  0.000000e+00  1.000000e+00
   outer loop
     vertex -2.486874e+00  1.984478e+01  1.720000e+01
     vertex -3.472964e+00  1.969616e+01  1.720000e+01
     vertex -2.337662e+00  1.865410e+01  1.720000e+01
   endloop
 endfacet
 facet normal  0.000000e+00  0.000000e+00  1.000000e+00
   outer loop
     vertex  1.990062e+01 -1.991357e+00  1.720000e+01
     vertex  1.859002e+01 -2.801995e+00  1.720000e+01
     vertex  1.977662e+01 -2.980845e+00  1.720000e+01
   endloop
 endfacet
 facet normal  0.000000e+00  0.000000e+00  1.000000e+00
   outer loop
     vertex  1.990062e+01 -1.991357e+00  1.720000e+01
     vertex  1.870658e+01 -1.871876e+00  1.720000e+01
     vertex  1.859002e+01 -2.801995e+00  1.720000e+01
   endloop
 endfacet
 facet normal  0.000000e+00  0.000000e+00  1.000000e+00
   outer loop
     vertex -1.494602e+00  1.994408e+01  1.720000e+01
     vertex -1.404926e+00  1.874743e+01  1.720000e+01
     vertex -4.686970e-01  1.879416e+01  1.720000e+01
   endloop
 endfacet
 facet normal  0.000000e+00  0.000000e+00  1.000000e+00
   outer loop
     vertex -1.494602e+00  1.994408e+01  1.720000e+01
     vertex -2.337662e+00  1.865410e+01  1.720000e+01
     vertex -1.404926e+00  1.874743e+01  1.720000e+01
   endloop
 endfacet
 facet normal  0.000000e+00  0.000000e+00  1.000000e+00
   outer loop
     vertex -1.494602e+00  1.994408e+01  1.720000e+01
     vertex -2.486874e+00  1.984478e+01  1.720000e+01
     vertex -2.337662e+00  1.865410e+01  1.720000e+01
   endloop
 endfacet
 facet normal  0.000000e+00  0.000000e+00  1.000000e+00
   outer loop
     vertex  1.997514e+01 -9.969177e-01  1.720000e+01
     vertex  1.870658e+01 -1.871876e+00  1.720000e+01
     vertex  1.990062e+01 -1.991357e+00  1.720000e+01
   endloop
 endfacet
 facet normal  0.000000e+00  0.000000e+00  1.000000e+00
   outer loop
     vertex  1.997514e+01 -9.969177e-01  1.720000e+01
     vertex  1.877663e+01 -9.371027e-01  1.720000e+01
     vertex  1.870658e+01 -1.871876e+00  1.720000e+01
   endloop
 endfacet
 facet normal  0.000000e+00  0.000000e+00  1.000000e+00
   outer loop
     vertex -4.986138e-01  1.999378e+01  1.720000e+01
     vertex -1.494602e+00  1.994408e+01  1.720000e+01
     vertex -4.686970e-01  1.879416e+01  1.720000e+01
   endloop
 endfacet
 facet normal  0.000000e+00  0.000000e+00  1.000000e+00
   outer loop
     vertex  2.000000e+01  0.000000e+00  1.720000e+01
     vertex  1.877663e+01 -9.371027e-01  1.720000e+01
     vertex  1.997514e+01 -9.969177e-01  1.720000e+01
   endloop
 endfacet
 facet normal  0.000000e+00  0.000000e+00  1.000000e+00
   outer loop
     vertex  2.000000e+01  0.000000e+00  1.720000e+01
     vertex  1.880000e+01  0.000000e+00  1.720000e+01
     vertex  1.877663e+01 -9.371027e-01  1.720000e+01
   endloop
 endfacet
 facet normal  0.000000e+00  0.000000e+00  1.000000e+00
   outer loop
     vertex  4.986138e-01  1.999378e+01  1.720000e+01
     vertex -4.986138e-01  1.999378e+01  1.720000e+01
     vertex -4.686970e-01  1.879416e+01  1.720000e+01
   endloop
 endfacet
 facet normal  0.000000e+00  0.000000e+00  1.000000e+00
   outer loop
     vertex  4.986138e-01  1.999378e+01  1.720000e+01
     vertex -4.686970e-01  1.879416e+01  1.720000e+01
     vertex  4.686970e-01  1.879416e+01  1.720000e+01
   endloop
 endfacet
 facet normal  0.000000e+00  0.000000e+00  1.000000e+00
   outer loop
     vertex  1.997514e+01  9.969177e-01  1.720000e+01
     vertex  1.877663e+01  9.371027e-01  1.720000e+01
     vertex  1.880000e+01  0.000000e+00  1.720000e+01
   endloop
 endfacet
 facet normal  0.000000e+00  0.000000e+00  1.000000e+00
   outer loop
     vertex  1.997514e+01  9.969177e-01  1.720000e+01
     vertex  1.870658e+01  1.871876e+00  1.720000e+01
     vertex  1.877663e+01  9.371027e-01  1.720000e+01
   endloop
 endfacet
 facet normal  0.000000e+00  0.000000e+00  1.000000e+00
   outer loop
     vertex  1.997514e+01  9.969177e-01  1.720000e+01
     vertex  1.880000e+01  0.000000e+00  1.720000e+01
     vertex  2.000000e+01  0.000000e+00  1.720000e+01
   endloop
 endfacet
 facet normal  0.000000e+00  0.000000e+00  1.000000e+00
   outer loop
     vertex  1.494602e+00  1.994408e+01  1.720000e+01
     vertex  4.986138e-01  1.999378e+01  1.720000e+01
     vertex  4.686970e-01  1.879416e+01  1.720000e+01
   endloop
 endfacet
 facet normal  0.000000e+00  0.000000e+00  1.000000e+00
   outer loop
     vertex  1.494602e+00  1.994408e+01  1.720000e+01
     vertex  1.404926e+00  1.874743e+01  1.720000e+01
     vertex  2.337662e+00  1.865410e+01  1.720000e+01
   endloop
 endfacet
 facet normal  0.000000e+00  0.000000e+00  1.000000e+00
   outer loop
     vertex  1.494602e+00  1.994408e+01  1.720000e+01
     vertex  4.686970e-01  1.879416e+01  1.720000e+01
     vertex  1.404926e+00  1.874743e+01  1.720000e+01
   endloop
 endfacet
 facet normal  0.000000e+00  0.000000e+00  1.000000e+00
   outer loop
     vertex  1.990062e+01  1.991357e+00  1.720000e+01
     vertex  1.870658e+01  1.871876e+00  1.720000e+01
     vertex  1.997514e+01  9.969177e-01  1.720000e+01
   endloop
 endfacet
 facet normal  0.000000e+00  0.000000e+00  1.000000e+00
   outer loop
     vertex  2.486874e+00  1.984478e+01  1.720000e+01
     vertex  1.494602e+00  1.994408e+01  1.720000e+01
     vertex  2.337662e+00  1.865410e+01  1.720000e+01
   endloop
 endfacet
 facet normal  0.000000e+00  0.000000e+00  1.000000e+00
   outer loop
     vertex  1.977662e+01  2.980845e+00  1.720000e+01
     vertex  1.859002e+01  2.801995e+00  1.720000e+01
     vertex  1.870658e+01  1.871876e+00  1.720000e+01
   endloop
 endfacet
 facet normal  0.000000e+00  0.000000e+00  1.000000e+00
   outer loop
     vertex  1.977662e+01  2.980845e+00  1.720000e+01
     vertex  1.842724e+01  3.725147e+00  1.720000e+01
     vertex  1.859002e+01  2.801995e+00  1.720000e+01
   endloop
 endfacet
 facet normal  0.000000e+00  0.000000e+00  1.000000e+00
   outer loop
     vertex  1.977662e+01  2.980845e+00  1.720000e+01
     vertex  1.870658e+01  1.871876e+00  1.720000e+01
     vertex  1.990062e+01  1.991357e+00  1.720000e+01
   endloop
 endfacet
 facet normal  0.000000e+00  0.000000e+00  1.000000e+00
   outer loop
     vertex  3.472964e+00  1.969616e+01  1.720000e+01
     vertex  3.264586e+00  1.851439e+01  1.720000e+01
     vertex  4.183394e+00  1.832864e+01  1.720000e+01
   endloop
 endfacet
 facet normal  0.000000e+00  0.000000e+00  1.000000e+00
   outer loop
     vertex  3.472964e+00  1.969616e+01  1.720000e+01
     vertex  2.337662e+00  1.865410e+01  1.720000e+01
     vertex  3.264586e+00  1.851439e+01  1.720000e+01
   endloop
 endfacet
 facet normal  0.000000e+00  0.000000e+00  1.000000e+00
   outer loop
     vertex  3.472964e+00  1.969616e+01  1.720000e+01
     vertex  2.486874e+00  1.984478e+01  1.720000e+01
     vertex  2.337662e+00  1.865410e+01  1.720000e+01
   endloop
 endfacet
 facet normal  0.000000e+00  0.000000e+00  1.000000e+00
   outer loop
     vertex  1.960345e+01  3.962923e+00  1.720000e+01
     vertex  1.842724e+01  3.725147e+00  1.720000e+01
     vertex  1.977662e+01  2.980845e+00  1.720000e+01
   endloop
 endfacet
 facet normal  0.000000e+00  0.000000e+00  1.000000e+00
   outer loop
     vertex  4.450419e+00  1.949856e+01  1.720000e+01
     vertex  3.472964e+00  1.969616e+01  1.720000e+01
     vertex  4.183394e+00  1.832864e+01  1.720000e+01
   endloop
 endfacet
 facet normal  0.000000e+00  0.000000e+00  1.000000e+00
   outer loop
     vertex  1.938155e+01  4.935148e+00  1.720000e+01
     vertex  1.821865e+01  4.639039e+00  1.720000e+01
     vertex  1.842724e+01  3.725147e+00  1.720000e+01
   endloop
 endfacet
 facet normal  0.000000e+00  0.000000e+00  1.000000e+00
   outer loop
     vertex  1.938155e+01  4.935148e+00  1.720000e+01
     vertex  1.796477e+01  5.541397e+00  1.720000e+01
     vertex  1.821865e+01  4.639039e+00  1.720000e+01
   endloop
 endfacet
 facet normal  0.000000e+00  0.000000e+00  1.000000e+00
   outer loop
     vertex  1.938155e+01  4.935148e+00  1.720000e+01
     vertex  1.842724e+01  3.725147e+00  1.720000e+01
     vertex  1.960345e+01  3.962923e+00  1.720000e+01
   endloop
 endfacet
 facet normal  0.000000e+00  0.000000e+00  1.000000e+00
   outer loop
     vertex  5.416809e+00  1.925248e+01  1.720000e+01
     vertex  4.183394e+00  1.832864e+01  1.720000e+01
     vertex  5.091801e+00  1.809734e+01  1.720000e+01
   endloop
 endfacet
 facet normal  0.000000e+00  0.000000e+00  1.000000e+00
   outer loop
     vertex  5.416809e+00  1.925248e+01  1.720000e+01
     vertex  4.450419e+00  1.949856e+01  1.720000e+01
     vertex  4.183394e+00  1.832864e+01  1.720000e+01
   endloop
 endfacet
 facet normal  0.000000e+00  0.000000e+00  1.000000e+00
   outer loop
     vertex  1.911146e+01  5.895103e+00  1.720000e+01
     vertex  1.766622e+01  6.429979e+00  1.720000e+01
     vertex  1.796477e+01  5.541397e+00  1.720000e+01
   endloop
 endfacet
 facet normal  0.000000e+00  0.000000e+00  1.000000e+00
   outer loop
     vertex  1.911146e+01  5.895103e+00  1.720000e+01
     vertex  1.796477e+01  5.541397e+00  1.720000e+01
     vertex  1.938155e+01  4.935148e+00  1.720000e+01
   endloop
 endfacet
 facet normal  0.000000e+00  0.000000e+00  1.000000e+00
   outer loop
     vertex  6.369733e+00  1.895855e+01  1.720000e+01
     vertex  5.987549e+00  1.782103e+01  1.720000e+01
     vertex  6.868411e+00  1.750043e+01  1.720000e+01
   endloop
 endfacet
 facet normal  0.000000e+00  0.000000e+00  1.000000e+00
   outer loop
     vertex  6.369733e+00  1.895855e+01  1.720000e+01
     vertex  5.091801e+00  1.809734e+01  1.720000e+01
     vertex  5.987549e+00  1.782103e+01  1.720000e+01
   endloop
 endfacet
 facet normal  0.000000e+00  0.000000e+00  1.000000e+00
   outer loop
     vertex  6.369733e+00  1.895855e+01  1.720000e+01
     vertex  5.416809e+00  1.925248e+01  1.720000e+01
     vertex  5.091801e+00  1.809734e+01  1.720000e+01
   endloop
 endfacet
 facet normal  0.000000e+00  0.000000e+00  1.000000e+00
   outer loop
     vertex  1.879385e+01  6.840403e+00  1.720000e+01
     vertex  1.766622e+01  6.429979e+00  1.720000e+01
     vertex  1.911146e+01  5.895103e+00  1.720000e+01
   endloop
 endfacet
 facet normal  0.000000e+00  0.000000e+00  1.000000e+00
   outer loop
     vertex  7.306820e+00  1.861747e+01  1.720000e+01
     vertex  6.369733e+00  1.895855e+01  1.720000e+01
     vertex  6.868411e+00  1.750043e+01  1.720000e+01
   endloop
 endfacet
 facet normal  0.000000e+00  0.000000e+00  1.000000e+00
   outer loop
     vertex  1.842952e+01  7.768696e+00  1.720000e+01
     vertex  1.732375e+01  7.302574e+00  1.720000e+01
     vertex  1.766622e+01  6.429979e+00  1.720000e+01
   endloop
 endfacet
 facet normal  0.000000e+00  0.000000e+00  1.000000e+00
   outer loop
     vertex  1.842952e+01  7.768696e+00  1.720000e+01
     vertex  1.693821e+01  8.157014e+00  1.720000e+01
     vertex  1.732375e+01  7.302574e+00  1.720000e+01
   endloop
 endfacet
 facet normal  0.000000e+00  0.000000e+00  1.000000e+00
   outer loop
     vertex  1.842952e+01  7.768696e+00  1.720000e+01
     vertex  1.766622e+01  6.429979e+00  1.720000e+01
     vertex  1.879385e+01  6.840403e+00  1.720000e+01
   endloop
 endfacet
 facet normal  0.000000e+00  0.000000e+00  1.000000e+00
   outer loop
     vertex  8.225742e+00  1.823012e+01  1.720000e+01
     vertex  7.306820e+00  1.861747e+01  1.720000e+01
     vertex  6.868411e+00  1.750043e+01  1.720000e+01
   endloop
 endfacet
 facet normal  0.000000e+00  0.000000e+00  1.000000e+00
   outer loop
     vertex  8.225742e+00  1.823012e+01  1.720000e+01
     vertex  6.868411e+00  1.750043e+01  1.720000e+01
     vertex  7.732198e+00  1.713631e+01  1.720000e+01
   endloop
 endfacet
 facet normal  0.000000e+00  0.000000e+00  1.000000e+00
   outer loop
     vertex  1.801938e+01  8.677675e+00  1.720000e+01
     vertex  1.651057e+01  8.991175e+00  1.720000e+01
     vertex  1.693821e+01  8.157014e+00  1.720000e+01
   endloop
 endfacet
 facet normal  0.000000e+00  0.000000e+00  1.000000e+00
   outer loop
     vertex  1.801938e+01  8.677675e+00  1.720000e+01
     vertex  1.693821e+01  8.157014e+00  1.720000e+01
     vertex  1.842952e+01  7.768696e+00  1.720000e+01
   endloop
 endfacet
 facet normal  0.000000e+00  0.000000e+00  1.000000e+00
   outer loop
     vertex  9.124213e+00  1.779744e+01  1.720000e+01
     vertex  8.225742e+00  1.823012e+01  1.720000e+01
     vertex  7.732198e+00  1.713631e+01  1.720000e+01
   endloop
 endfacet
 facet normal  0.000000e+00  0.000000e+00  1.000000e+00
   outer loop
     vertex  9.124213e+00  1.779744e+01  1.720000e+01
     vertex  8.576760e+00  1.672959e+01  1.720000e+01
     vertex  9.400000e+00  1.628128e+01  1.720000e+01
   endloop
 endfacet
 facet normal  0.000000e+00  0.000000e+00  1.000000e+00
   outer loop
     vertex  9.124213e+00  1.779744e+01  1.720000e+01
     vertex  7.732198e+00  1.713631e+01  1.720000e+01
     vertex  8.576760e+00  1.672959e+01  1.720000e+01
   endloop
 endfacet
 facet normal  0.000000e+00  0.000000e+00  1.000000e+00
   outer loop
     vertex  1.756443e+01  9.565080e+00  1.720000e+01
     vertex  1.651057e+01  8.991175e+00  1.720000e+01
     vertex  1.801938e+01  8.677675e+00  1.720000e+01
   endloop
 endfacet
 facet normal  0.000000e+00  0.000000e+00  1.000000e+00
   outer loop
     vertex  1.000000e+01  1.732051e+01  1.720000e+01
     vertex  9.124213e+00  1.779744e+01  1.720000e+01
     vertex  9.400000e+00  1.628128e+01  1.720000e+01
   endloop
 endfacet
 facet normal  0.000000e+00  0.000000e+00  1.000000e+00
   outer loop
     vertex  1.000000e+01  1.732051e+01  1.720000e+01
     vertex  9.400000e+00  1.628128e+01  1.720000e+01
     vertex  1.019987e+01  1.579249e+01  1.720000e+01
   endloop
 endfacet
 facet normal  0.000000e+00  0.000000e+00  1.000000e+00
   outer loop
     vertex  1.706582e+01  1.042870e+01  1.720000e+01
     vertex  1.604187e+01  9.802982e+00  1.720000e+01
     vertex  1.651057e+01  8.991175e+00  1.720000e+01
   endloop
 endfacet
 facet normal  0.000000e+00  0.000000e+00  1.000000e+00
   outer loop
     vertex  1.706582e+01  1.042870e+01  1.720000e+01
     vertex  1.651057e+01  8.991175e+00  1.720000e+01
     vertex  1.756443e+01  9.565080e+00  1.720000e+01
   endloop
 endfacet
 facet normal  0.000000e+00  0.000000e+00  1.000000e+00
   outer loop
     vertex  1.085093e+01  1.680052e+01  1.720000e+01
     vertex  1.000000e+01  1.732051e+01  1.720000e+01
     vertex  1.019987e+01  1.579249e+01  1.720000e+01
   endloop
 endfacet
 facet normal  0.000000e+00  0.000000e+00  1.000000e+00
   outer loop
     vertex  1.652478e+01  1.126640e+01  1.720000e+01
     vertex  1.604187e+01  9.802982e+00  1.720000e+01
     vertex  1.706582e+01  1.042870e+01  1.720000e+01
   endloop
 endfacet
 facet normal  0.000000e+00  0.000000e+00  1.000000e+00
   outer loop
     vertex  1.652478e+01  1.126640e+01  1.720000e+01
     vertex  1.553329e+01  1.059042e+01  1.720000e+01
     vertex  1.604187e+01  9.802982e+00  1.720000e+01
   endloop
 endfacet
 facet normal  0.000000e+00  0.000000e+00  1.000000e+00
   outer loop
     vertex  1.652478e+01  1.126640e+01  1.720000e+01
     vertex  1.498609e+01  1.135152e+01  1.720000e+01
     vertex  1.553329e+01  1.059042e+01  1.720000e+01
   endloop
 endfacet
 facet normal  0.000000e+00  0.000000e+00  1.000000e+00
   outer loop
     vertex  1.167487e+01  1.623876e+01  1.720000e+01
     vertex  1.085093e+01  1.680052e+01  1.720000e+01
     vertex  1.019987e+01  1.579249e+01  1.720000e+01
   endloop
 endfacet
 facet normal  0.000000e+00  0.000000e+00  1.000000e+00
   outer loop
     vertex  1.167487e+01  1.623876e+01  1.720000e+01
     vertex  1.097438e+01  1.526443e+01  1.720000e+01
     vertex  1.172161e+01  1.469843e+01  1.720000e+01
   endloop
 endfacet
 facet normal  0.000000e+00  0.000000e+00  1.000000e+00
   outer loop
     vertex  1.167487e+01  1.623876e+01  1.720000e+01
     vertex  1.019987e+01  1.579249e+01  1.720000e+01
     vertex  1.097438e+01  1.526443e+01  1.720000e+01
   endloop
 endfacet
 facet normal  0.000000e+00  0.000000e+00  1.000000e+00
   outer loop
     vertex  1.594265e+01  1.207609e+01  1.720000e+01
     vertex  1.498609e+01  1.135152e+01  1.720000e+01
     vertex  1.652478e+01  1.126640e+01  1.720000e+01
   endloop
 endfacet
 facet normal  0.000000e+00  0.000000e+00  1.000000e+00
   outer loop
     vertex  1.594265e+01  1.207609e+01  1.720000e+01
     vertex  1.440164e+01  1.208441e+01  1.720000e+01
     vertex  1.498609e+01  1.135152e+01  1.720000e+01
   endloop
 endfacet
 facet normal  0.000000e+00  0.000000e+00  1.000000e+00
   outer loop
     vertex  1.246980e+01  1.563663e+01  1.720000e+01
     vertex  1.167487e+01  1.623876e+01  1.720000e+01
     vertex  1.172161e+01  1.469843e+01  1.720000e+01
   endloop
 endfacet
 facet normal  0.000000e+00  0.000000e+00  1.000000e+00
   outer loop
     vertex  1.246980e+01  1.563663e+01  1.720000e+01
     vertex  1.172161e+01  1.469843e+01  1.720000e+01
     vertex  1.243969e+01  1.409589e+01  1.720000e+01
   endloop
 endfacet
 facet normal  0.000000e+00  0.000000e+00  1.000000e+00
   outer loop
     vertex  1.532089e+01  1.285575e+01  1.720000e+01
     vertex  1.378138e+01  1.278725e+01  1.720000e+01
     vertex  1.440164e+01  1.208441e+01  1.720000e+01
   endloop
 endfacet
 facet normal  0.000000e+00  0.000000e+00  1.000000e+00
   outer loop
     vertex  1.532089e+01  1.285575e+01  1.720000e+01
     vertex  1.440164e+01  1.208441e+01  1.720000e+01
     vertex  1.594265e+01  1.207609e+01  1.720000e+01
   endloop
 endfacet
 facet normal  0.000000e+00  0.000000e+00  1.000000e+00
   outer loop
     vertex  1.323372e+01  1.499562e+01  1.720000e+01
     vertex  1.246980e+01  1.563663e+01  1.720000e+01
     vertex  1.243969e+01  1.409589e+01  1.720000e+01
   endloop
 endfacet
 facet normal  0.000000e+00  0.000000e+00  1.000000e+00
   outer loop
     vertex  1.466104e+01  1.360345e+01  1.720000e+01
     vertex  1.312685e+01  1.345830e+01  1.720000e+01
     vertex  1.378138e+01  1.278725e+01  1.720000e+01
   endloop
 endfacet
 facet normal  0.000000e+00  0.000000e+00  1.000000e+00
   outer loop
     vertex  1.466104e+01  1.360345e+01  1.720000e+01
     vertex  1.378138e+01  1.278725e+01  1.720000e+01
     vertex  1.532089e+01  1.285575e+01  1.720000e+01
   endloop
 endfacet
 facet normal  0.000000e+00  0.000000e+00  1.000000e+00
   outer loop
     vertex  1.396474e+01  1.431734e+01  1.720000e+01
     vertex  1.243969e+01  1.409589e+01  1.720000e+01
     vertex  1.312685e+01  1.345830e+01  1.720000e+01
   endloop
 endfacet
 facet normal  0.000000e+00  0.000000e+00  1.000000e+00
   outer loop
     vertex  1.396474e+01  1.431734e+01  1.720000e+01
     vertex  1.312685e+01  1.345830e+01  1.720000e+01
     vertex  1.466104e+01  1.360345e+01  1.720000e+01
   endloop
 endfacet
 facet normal  0.000000e+00  0.000000e+00  1.000000e+00
   outer loop
     vertex  1.396474e+01  1.431734e+01  1.720000e+01
     vertex  1.323372e+01  1.499562e+01  1.720000e+01
     vertex  1.243969e+01  1.409589e+01  1.720000e+01
   endloop
 endfacet
 facet normal -9.996892e-01 -2.493069e-02  0.000000e+00
   outer loop
     vertex  1.877663e+01  9.371027e-01  1.200000e+00
     vertex  1.880000e+01  0.000000e+00  1.200000e+00
     vertex  1.880000e+01  0.000000e+00  1.720000e+01
   endloop
 endfacet
 facet normal -9.996892e-01 -2.493069e-02  0.000000e+00
   outer loop
     vertex  1.877663e+01  9.371027e-01  1.200000e+00
     vertex  1.880000e+01  0.000000e+00  1.720000e+01
     vertex  1.877663e+01  9.371027e-01  1.720000e+01
   endloop
 endfacet
 facet normal -9.972038e-01 -7.473009e-02  0.000000e+00
   outer loop
     vertex  1.870658e+01  1.871876e+00  1.200000e+00
     vertex  1.877663e+01  9.371027e-01  1.720000e+01
     vertex  1.870658e+01  1.871876e+00  1.720000e+01
   endloop
 endfacet
 facet normal -9.972038e-01 -7.473009e-02  0.000000e+00
   outer loop
     vertex  1.870658e+01  1.871876e+00  1.200000e+00
     vertex  1.877663e+01  9.371027e-01  1.200000e+00
     vertex  1.877663e+01  9.371027e-01  1.720000e+01
   endloop
 endfacet
 facet normal -9.922392e-01 -1.243437e-01  0.000000e+00
   outer loop
     vertex  1.859002e+01  2.801995e+00  1.200000e+00
     vertex  1.870658e+01  1.871876e+00  1.720000e+01
     vertex  1.859002e+01  2.801995e+00  1.720000e+01
   endloop
 endfacet
 facet normal -9.922392e-01 -1.243437e-01  0.000000e+00
   outer loop
     vertex  1.859002e+01  2.801995e+00  1.200000e+00
     vertex  1.870658e+01  1.871876e+00  1.200000e+00
     vertex  1.870658e+01  1.871876e+00  1.720000e+01
   endloop
 endfacet
 facet normal -9.848078e-01 -1.736482e-01  0.000000e+00
   outer loop
     vertex  1.842724e+01  3.725147e+00  1.200000e+00
     vertex  1.859002e+01  2.801995e+00  1.720000e+01
     vertex  1.842724e+01  3.725147e+00  1.720000e+01
   endloop
 endfacet
 facet normal -9.848078e-01 -1.736482e-01  0.000000e+00
   outer loop
     vertex  1.842724e+01  3.725147e+00  1.200000e+00
     vertex  1.859002e+01  2.801995e+00  1.200000e+00
     vertex  1.859002e+01  2.801995e+00  1.720000e+01
   endloop
 endfacet
 facet normal -9.749279e-01 -2.225209e-01  0.000000e+00
   outer loop
     vertex  1.821865e+01  4.639039e+00  1.200000e+00
     vertex  1.842724e+01  3.725147e+00  1.720000e+01
     vertex  1.821865e+01  4.639039e+00  1.720000e+01
   endloop
 endfacet
 facet normal -9.749279e-01 -2.225209e-01  0.000000e+00
   outer loop
     vertex  1.821865e+01  4.639039e+00  1.200000e+00
     vertex  1.842724e+01  3.725147e+00  1.200000e+00
     vertex  1.842724e+01  3.725147e+00  1.720000e+01
   endloop
 endfacet
 facet normal -9.626242e-01 -2.708405e-01  0.000000e+00
   outer loop
     vertex  1.796477e+01  5.541397e+00  1.200000e+00
     vertex  1.821865e+01  4.639039e+00  1.720000e+01
     vertex  1.796477e+01  5.541397e+00  1.720000e+01
   endloop
 endfacet
 facet normal -9.479273e-01 -3.184867e-01  0.000000e+00
   outer loop
     vertex  1.796477e+01  5.541397e+00  1.200000e+00
     vertex  1.796477e+01  5.541397e+00  1.720000e+01
     vertex  1.766622e+01  6.429979e+00  1.720000e+01
   endloop
 endfacet
 facet normal -9.626242e-01 -2.708405e-01  0.000000e+00
   outer loop
     vertex  1.796477e+01  5.541397e+00  1.200000e+00
     vertex  1.821865e+01  4.639039e+00  1.200000e+00
     vertex  1.821865e+01  4.639039e+00  1.720000e+01
   endloop
 endfacet
 facet normal -9.479273e-01 -3.184867e-01  0.000000e+00
   outer loop
     vertex  1.766622e+01  6.429979e+00  1.200000e+00
     vertex  1.796477e+01  5.541397e+00  1.200000e+00
     vertex  1.766622e+01  6.429979e+00  1.720000e+01
   endloop
 endfacet
 facet normal -9.308737e-01 -3.653410e-01  0.000000e+00
   outer loop
     vertex  1.732375e+01  7.302574e+00  1.200000e+00
     vertex  1.766622e+01  6.429979e+00  1.720000e+01
     vertex  1.732375e+01  7.302574e+00  1.720000e+01
   endloop
 endfacet
 facet normal -9.308737e-01 -3.653410e-01  0.000000e+00
   outer loop
     vertex  1.732375e+01  7.302574e+00  1.200000e+00
     vertex  1.766622e+01  6.429979e+00  1.200000e+00
     vertex  1.766622e+01  6.429979e+00  1.720000e+01
   endloop
 endfacet
 facet normal -9.115059e-01 -4.112871e-01  0.000000e+00
   outer loop
     vertex  1.693821e+01  8.157014e+00  1.200000e+00
     vertex  1.732375e+01  7.302574e+00  1.720000e+01
     vertex  1.693821e+01  8.157014e+00  1.720000e+01
   endloop
 endfacet
 facet normal -9.115059e-01 -4.112871e-01  0.000000e+00
   outer loop
     vertex  1.693821e+01  8.157014e+00  1.200000e+00
     vertex  1.732375e+01  7.302574e+00  1.200000e+00
     vertex  1.732375e+01  7.302574e+00  1.720000e+01
   endloop
 endfacet
 facet normal -8.898718e-01 -4.562107e-01  0.000000e+00
   outer loop
     vertex  1.651057e+01  8.991175e+00  1.200000e+00
     vertex  1.693821e+01  8.157014e+00  1.720000e+01
     vertex  1.651057e+01  8.991175e+00  1.720000e+01
   endloop
 endfacet
 facet normal -8.898718e-01 -4.562107e-01  0.000000e+00
   outer loop
     vertex  1.651057e+01  8.991175e+00  1.200000e+00
     vertex  1.693821e+01  8.157014e+00  1.200000e+00
     vertex  1.693821e+01  8.157014e+00  1.720000e+01
   endloop
 endfacet
 facet normal -8.660254e-01 -5.000000e-01  0.000000e+00
   outer loop
     vertex  1.604187e+01  9.802982e+00  1.200000e+00
     vertex  1.651057e+01  8.991175e+00  1.200000e+00
     vertex  1.651057e+01  8.991175e+00  1.720000e+01
   endloop
 endfacet
 facet normal -8.660254e-01 -5.000000e-01  0.000000e+00
   outer loop
     vertex  1.604187e+01  9.802982e+00  1.200000e+00
     vertex  1.651057e+01  8.991175e+00  1.720000e+01
     vertex  1.604187e+01  9.802982e+00  1.720000e+01
   endloop
 endfacet
 facet normal -8.400259e-01 -5.425463e-01  0.000000e+00
   outer loop
     vertex  1.553329e+01  1.059042e+01  1.200000e+00
     vertex  1.604187e+01  9.802982e+00  1.200000e+00
     vertex  1.604187e+01  9.802982e+00  1.720000e+01
   endloop
 endfacet
 facet normal -8.400259e-01 -5.425463e-01  0.000000e+00
   outer loop
     vertex  1.553329e+01  1.059042e+01  1.200000e+00
     vertex  1.604187e+01  9.802982e+00  1.720000e+01
     vertex  1.553329e+01  1.059042e+01  1.720000e+01
   endloop
 endfacet
 facet normal -8.119380e-01 -5.837437e-01  0.000000e+00
   outer loop
     vertex  1.498609e+01  1.135152e+01  1.200000e+00
     vertex  1.553329e+01  1.059042e+01  1.200000e+00
     vertex  1.553329e+01  1.059042e+01  1.720000e+01
   endloop
 endfacet
 facet normal -8.119380e-01 -5.837437e-01  0.000000e+00
   outer loop
     vertex  1.498609e+01  1.135152e+01  1.200000e+00
     vertex  1.553329e+01  1.059042e+01  1.720000e+01
     vertex  1.498609e+01  1.135152e+01  1.720000e+01
   endloop
 endfacet
 facet normal -7.818315e-01 -6.234898e-01  0.000000e+00
   outer loop
     vertex  1.440164e+01  1.208441e+01  1.200000e+00
     vertex  1.498609e+01  1.135152e+01  1.200000e+00
     vertex  1.498609e+01  1.135152e+01  1.720000e+01
   endloop
 endfacet
 facet normal -7.818315e-01 -6.234898e-01  0.000000e+00
   outer loop
     vertex  1.440164e+01  1.208441e+01  1.200000e+00
     vertex  1.498609e+01  1.135152e+01  1.720000e+01
     vertex  1.440164e+01  1.208441e+01  1.720000e+01
   endloop
 endfacet
 facet normal -7.497812e-01 -6.616858e-01  0.000000e+00
   outer loop
     vertex  1.378138e+01  1.278725e+01  1.200000e+00
     vertex  1.440164e+01  1.208441e+01  1.720000e+01
     vertex  1.378138e+01  1.278725e+01  1.720000e+01
   endloop
 endfacet
 facet normal -7.497812e-01 -6.616858e-01  0.000000e+00
   outer loop
     vertex  1.378138e+01  1.278725e+01  1.200000e+00
     vertex  1.440164e+01  1.208441e+01  1.200000e+00
     vertex  1.440164e+01  1.208441e+01  1.720000e+01
   endloop
 endfacet
 facet normal -7.158668e-01 -6.982368e-01  0.000000e+00
   outer loop
     vertex  1.312685e+01  1.345830e+01  1.200000e+00
     vertex  1.378138e+01  1.278725e+01  1.720000e+01
     vertex  1.312685e+01  1.345830e+01  1.720000e+01
   endloop
 endfacet
 facet normal -7.158668e-01 -6.982368e-01  0.000000e+00
   outer loop
     vertex  1.312685e+01  1.345830e+01  1.200000e+00
     vertex  1.378138e+01  1.278725e+01  1.200000e+00
     vertex  1.378138e+01  1.278725e+01  1.720000e+01
   endloop
 endfacet
 facet normal -6.801727e-01 -7.330519e-01  0.000000e+00
   outer loop
     vertex  1.243969e+01  1.409589e+01  1.200000e+00
     vertex  1.312685e+01  1.345830e+01  1.720000e+01
     vertex  1.243969e+01  1.409589e+01  1.720000e+01
   endloop
 endfacet
 facet normal -6.801727e-01 -7.330519e-01  0.000000e+00
   outer loop
     vertex  1.243969e+01  1.409589e+01  1.200000e+00
     vertex  1.312685e+01  1.345830e+01  1.200000e+00
     vertex  1.312685e+01  1.345830e+01  1.720000e+01
   endloop
 endfacet
 facet normal -6.427876e-01 -7.660444e-01  0.000000e+00
   outer loop
     vertex  1.172161e+01  1.469843e+01  1.200000e+00
     vertex  1.243969e+01  1.409589e+01  1.720000e+01
     vertex  1.172161e+01  1.469843e+01  1.720000e+01
   endloop
 endfacet
 facet normal -6.427876e-01 -7.660444e-01  0.000000e+00
   outer loop
     vertex  1.172161e+01  1.469843e+01  1.200000e+00
     vertex  1.243969e+01  1.409589e+01  1.200000e+00
     vertex  1.243969e+01  1.409589e+01  1.720000e+01
   endloop
 endfacet
 facet normal -6.038044e-01 -7.971325e-01  0.000000e+00
   outer loop
     vertex  1.097438e+01  1.526443e+01  1.200000e+00
     vertex  1.172161e+01  1.469843e+01  1.720000e+01
     vertex  1.097438e+01  1.526443e+01  1.720000e+01
   endloop
 endfacet
 facet normal -5.633201e-01 -8.262388e-01  0.000000e+00
   outer loop
     vertex  1.097438e+01  1.526443e+01  1.200000e+00
     vertex  1.097438e+01  1.526443e+01  1.720000e+01
     vertex  1.019987e+01  1.579249e+01  1.720000e+01
   endloop
 endfacet
 facet normal -6.038044e-01 -7.971325e-01  0.000000e+00
   outer loop
     vertex  1.097438e+01  1.526443e+01  1.200000e+00
     vertex  1.172161e+01  1.469843e+01  1.200000e+00
     vertex  1.172161e+01  1.469843e+01  1.720000e+01
   endloop
 endfacet
 facet normal -5.214352e-01 -8.532909e-01  0.000000e+00
   outer loop
     vertex  1.019987e+01  1.579249e+01  1.200000e+00
     vertex  1.019987e+01  1.579249e+01  1.720000e+01
     vertex  9.400000e+00  1.628128e+01  1.720000e+01
   endloop
 endfacet
 facet normal -5.633201e-01 -8.262388e-01  0.000000e+00
   outer loop
     vertex  1.019987e+01  1.579249e+01  1.200000e+00
     vertex  1.097438e+01  1.526443e+01  1.200000e+00
     vertex  1.019987e+01  1.579249e+01  1.720000e+01
   endloop
 endfacet
 facet normal -5.214352e-01 -8.532909e-01  0.000000e+00
   outer loop
     vertex  9.400000e+00  1.628128e+01  1.200000e+00
     vertex  1.019987e+01  1.579249e+01  1.200000e+00
     vertex  9.400000e+00  1.628128e+01  1.720000e+01
   endloop
 endfacet
 facet normal -4.782540e-01 -8.782216e-01  0.000000e+00
   outer loop
     vertex  8.576760e+00  1.672959e+01  1.200000e+00
     vertex  9.400000e+00  1.628128e+01  1.720000e+01
     vertex  8.576760e+00  1.672959e+01  1.720000e+01
   endloop
 endfacet
 facet normal -4.782540e-01 -8.782216e-01  0.000000e+00
   outer loop
     vertex  8.576760e+00  1.672959e+01  1.200000e+00
     vertex  9.400000e+00  1.628128e+01  1.200000e+00
     vertex  9.400000e+00  1.628128e+01  1.720000e+01
   endloop
 endfacet
 facet normal -4.338837e-01 -9.009689e-01  0.000000e+00
   outer loop
     vertex  7.732198e+00  1.713631e+01  1.200000e+00
     vertex  8.576760e+00  1.672959e+01  1.720000e+01
     vertex  7.732198e+00  1.713631e+01  1.720000e+01
   endloop
 endfacet
 facet normal -4.338837e-01 -9.009689e-01  0.000000e+00
   outer loop
     vertex  7.732198e+00  1.713631e+01  1.200000e+00
     vertex  8.576760e+00  1.672959e+01  1.200000e+00
     vertex  8.576760e+00  1.672959e+01  1.720000e+01
   endloop
 endfacet
 facet normal -3.884348e-01 -9.214762e-01  0.000000e+00
   outer loop
     vertex  6.868411e+00  1.750043e+01  1.200000e+00
     vertex  7.732198e+00  1.713631e+01  1.720000e+01
     vertex  6.868411e+00  1.750043e+01  1.720000e+01
   endloop
 endfacet
 facet normal -3.884348e-01 -9.214762e-01  0.000000e+00
   outer loop
     vertex  6.868411e+00  1.750043e+01  1.200000e+00
     vertex  7.732198e+00  1.713631e+01  1.200000e+00
     vertex  7.732198e+00  1.713631e+01  1.720000e+01
   endloop
 endfacet
 facet normal -3.420201e-01 -9.396926e-01  0.000000e+00
   outer loop
     vertex  5.987549e+00  1.782103e+01  1.200000e+00
     vertex  6.868411e+00  1.750043e+01  1.720000e+01
     vertex  5.987549e+00  1.782103e+01  1.720000e+01
   endloop
 endfacet
 facet normal -3.420201e-01 -9.396926e-01  0.000000e+00
   outer loop
     vertex  5.987549e+00  1.782103e+01  1.200000e+00
     vertex  6.868411e+00  1.750043e+01  1.200000e+00
     vertex  6.868411e+00  1.750043e+01  1.720000e+01
   endloop
 endfacet
 facet normal -2.947552e-01 -9.555728e-01  0.000000e+00
   outer loop
     vertex  5.091801e+00  1.809734e+01  1.200000e+00
     vertex  5.987549e+00  1.782103e+01  1.720000e+01
     vertex  5.091801e+00  1.809734e+01  1.720000e+01
   endloop
 endfacet
 facet normal -2.947552e-01 -9.555728e-01  0.000000e+00
   outer loop
     vertex  5.091801e+00  1.809734e+01  1.200000e+00
     vertex  5.987549e+00  1.782103e+01  1.200000e+00
     vertex  5.987549e+00  1.782103e+01  1.720000e+01
   endloop
 endfacet
 facet normal -2.467574e-01 -9.690773e-01  0.000000e+00
   outer loop
     vertex  4.183394e+00  1.832864e+01  1.200000e+00
     vertex  5.091801e+00  1.809734e+01  1.720000e+01
     vertex  4.183394e+00  1.832864e+01  1.720000e+01
   endloop
 endfacet
 facet normal -2.467574e-01 -9.690773e-01  0.000000e+00
   outer loop
     vertex  4.183394e+00  1.832864e+01  1.200000e+00
     vertex  5.091801e+00  1.809734e+01  1.200000e+00
     vertex  5.091801e+00  1.809734e+01  1.720000e+01
   endloop
 endfacet
 facet normal -1.981461e-01 -9.801725e-01  0.000000e+00
   outer loop
     vertex  3.264586e+00  1.851439e+01  1.200000e+00
     vertex  4.183394e+00  1.832864e+01  1.720000e+01
     vertex  3.264586e+00  1.851439e+01  1.720000e+01
   endloop
 endfacet
 facet normal -1.981461e-01 -9.801725e-01  0.000000e+00
   outer loop
     vertex  3.264586e+00  1.851439e+01  1.200000e+00
     vertex  4.183394e+00  1.832864e+01  1.200000e+00
     vertex  4.183394e+00  1.832864e+01  1.720000e+01
   endloop
 endfacet
 facet normal -1.490423e-01 -9.888308e-01  0.000000e+00
   outer loop
     vertex  2.337662e+00  1.865410e+01  1.200000e+00
     vertex  3.264586e+00  1.851439e+01  1.720000e+01
     vertex  2.337662e+00  1.865410e+01  1.720000e+01
   endloop
 endfacet
 facet normal -1.490423e-01 -9.888308e-01  0.000000e+00
   outer loop
     vertex  2.337662e+00  1.865410e+01  1.200000e+00
     vertex  3.264586e+00  1.851439e+01  1.200000e+00
     vertex  3.264586e+00  1.851439e+01  1.720000e+01
   endloop
 endfacet
 facet normal -9.956785e-02 -9.950308e-01  0.000000e+00
   outer loop
     vertex  1.404926e+00  1.874743e+01  1.200000e+00
     vertex  2.337662e+00  1.865410e+01  1.720000e+01
     vertex  1.404926e+00  1.874743e+01  1.720000e+01
   endloop
 endfacet
 facet normal -9.956785e-02 -9.950308e-01  0.000000e+00
   outer loop
     vertex  1.404926e+00  1.874743e+01  1.200000e+00
     vertex  2.337662e+00  1.865410e+01  1.200000e+00
     vertex  2.337662e+00  1.865410e+01  1.720000e+01
   endloop
 endfacet
 facet normal -4.984589e-02 -9.987569e-01  0.000000e+00
   outer loop
     vertex  4.686970e-01  1.879416e+01  1.200000e+00
     vertex  1.404926e+00  1.874743e+01  1.720000e+01
     vertex  4.686970e-01  1.879416e+01  1.720000e+01
   endloop
 endfacet
 facet normal -4.984589e-02 -9.987569e-01  0.000000e+00
   outer loop
     vertex  4.686970e-01  1.879416e+01  1.200000e+00
     vertex  1.404926e+00  1.874743e+01  1.200000e+00
     vertex  1.404926e+00  1.874743e+01  1.720000e+01
   endloop
 endfacet
 facet normal  0.000000e+00 -1.000000e+00  0.000000e+00
   outer loop
     vertex -4.686970e-01  1.879416e+01  1.200000e+00
     vertex  4.686970e-01  1.879416e+01  1.720000e+01
     vertex -4.686970e-01  1.879416e+01  1.720000e+01
   endloop
 endfacet
 facet normal  4.984589e-02 -9.987569e-01  0.000000e+00
   outer loop
     vertex -4.686970e-01  1.879416e+01  1.200000e+00
     vertex -4.686970e-01  1.879416e+01  1.720000e+01
     vertex -1.404926e+00  1.874743e+01  1.720000e+01
   endloop
 endfacet
 facet normal  0.000000e+00 -1.000000e+00  0.000000e+00
   outer loop
     vertex -4.686970e-01  1.879416e+01  1.200000e+00
     vertex  4.686970e-01  1.879416e+01  1.200000e+00
     vertex  4.686970e-01  1.879416e+01  1.720000e+01
   endloop
 endfacet
 facet normal  4.984589e-02 -9.987569e-01  0.000000e+00
   outer loop
     vertex -1.404926e+00  1.874743e+01  1.200000e+00
     vertex -4.686970e-01  1.879416e+01  1.200000e+00
     vertex -1.404926e+00  1.874743e+01  1.720000e+01
   endloop
 endfacet
 facet normal  9.956785e-02 -9.950308e-01  0.000000e+00
   outer loop
     vertex -2.337662e+00  1.865410e+01  1.200000e+00
     vertex -1.404926e+00  1.874743e+01  1.720000e+01
     vertex -2.337662e+00  1.865410e+01  1.720000e+01
   endloop
 endfacet
 facet normal  9.956785e-02 -9.950308e-01  0.000000e+00
   outer loop
     vertex -2.337662e+00  1.865410e+01  1.200000e+00
     vertex -1.404926e+00  1.874743e+01  1.200000e+00
     vertex -1.404926e+00  1.874743e+01  1.720000e+01
   endloop
 endfacet
 facet normal  1.490423e-01 -9.888308e-01  0.000000e+00
   outer loop
     vertex -3.264586e+00  1.851439e+01  1.200000e+00
     vertex -2.337662e+00  1.865410e+01  1.720000e+01
     vertex -3.264586e+00  1.851439e+01  1.720000e+01
   endloop
 endfacet
 facet normal  1.490423e-01 -9.888308e-01  0.000000e+00
   outer loop
     vertex -3.264586e+00  1.851439e+01  1.200000e+00
     vertex -2.337662e+00  1.865410e+01  1.200000e+00
     vertex -2.337662e+00  1.865410e+01  1.720000e+01
   endloop
 endfacet
 facet normal  1.981461e-01 -9.801725e-01  0.000000e+00
   outer loop
     vertex -4.183394e+00  1.832864e+01  1.200000e+00
     vertex -3.264586e+00  1.851439e+01  1.720000e+01
     vertex -4.183394e+00  1.832864e+01  1.720000e+01
   endloop
 endfacet
 facet normal  1.981461e-01 -9.801725e-01  0.000000e+00
   outer loop
     vertex -4.183394e+00  1.832864e+01  1.200000e+00
     vertex -3.264586e+00  1.851439e+01  1.200000e+00
     vertex -3.264586e+00  1.851439e+01  1.720000e+01
   endloop
 endfacet
 facet normal  2.467574e-01 -9.690773e-01  0.000000e+00
   outer loop
     vertex -5.091801e+00  1.809734e+01  1.200000e+00
     vertex -4.183394e+00  1.832864e+01  1.720000e+01
     vertex -5.091801e+00  1.809734e+01  1.720000e+01
   endloop
 endfacet
 facet normal  2.467574e-01 -9.690773e-01  0.000000e+00
   outer loop
     vertex -5.091801e+00  1.809734e+01  1.200000e+00
     vertex -4.183394e+00  1.832864e+01  1.200000e+00
     vertex -4.183394e+00  1.832864e+01  1.720000e+01
   endloop
 endfacet
 facet normal  2.947552e-01 -9.555728e-01  0.000000e+00
   outer loop
     vertex -5.987549e+00  1.782103e+01  1.200000e+00
     vertex -5.091801e+00  1.809734e+01  1.200000e+00
     vertex -5.091801e+00  1.809734e+01  1.720000e+01
   endloop
 endfacet
 facet normal  2.947552e-01 -9.555728e-01  0.000000e+00
   outer loop
     vertex -5.987549e+00  1.782103e+01  1.200000e+00
     vertex -5.091801e+00  1.809734e+01  1.720000e+01
     vertex -5.987549e+00  1.782103e+01  1.720000e+01
   endloop
 endfacet
 facet normal  3.420201e-01 -9.396926e-01  0.000000e+00
   outer loop
     vertex -6.868411e+00  1.750043e+01  1.200000e+00
     vertex -5.987549e+00  1.782103e+01  1.200000e+00
     vertex -5.987549e+00  1.782103e+01  1.720000e+01
   endloop
 endfacet
 facet normal  3.420201e-01 -9.396926e-01  0.000000e+00
   outer loop
     vertex -6.868411e+00  1.750043e+01  1.200000e+00
     vertex -5.987549e+00  1.782103e+01  1.720000e+01
     vertex -6.868411e+00  1.750043e+01  1.720000e+01
   endloop
 endfacet
 facet normal  3.884348e-01 -9.214762e-01  0.000000e+00
   outer loop
     vertex -7.732198e+00  1.713631e+01  1.200000e+00
     vertex -6.868411e+00  1.750043e+01  1.200000e+00
     vertex -6.868411e+00  1.750043e+01  1.720000e+01
   endloop
 endfacet
 facet normal  3.884348e-01 -9.214762e-01  0.000000e+00
   outer loop
     vertex -7.732198e+00  1.713631e+01  1.200000e+00
     vertex -6.868411e+00  1.750043e+01  1.720000e+01
     vertex -7.732198e+00  1.713631e+01  1.720000e+01
   endloop
 endfacet
 facet normal  4.338837e-01 -9.009689e-01  0.000000e+00
   outer loop
     vertex -8.576760e+00  1.672959e+01  1.200000e+00
     vertex -7.732198e+00  1.713631e+01  1.200000e+00
     vertex -7.732198e+00  1.713631e+01  1.720000e+01
   endloop
 endfacet
 facet normal  4.338837e-01 -9.009689e-01  0.000000e+00
   outer loop
     vertex -8.576760e+00  1.672959e+01  1.200000e+00
     vertex -7.732198e+00  1.713631e+01  1.720000e+01
     vertex -8.576760e+00  1.672959e+01  1.720000e+01
   endloop
 endfacet
 facet normal  4.782540e-01 -8.782216e-01  0.000000e+00
   outer loop
     vertex -8.576760e+00  1.672959e+01  1.200000e+00
     vertex -8.576760e+00  1.672959e+01  1.720000e+01
     vertex -9.400000e+00  1.628128e+01  1.720000e+01
   endloop
 endfacet
 facet normal  4.782540e-01 -8.782216e-01  0.000000e+00
   outer loop
     vertex -9.400000e+00  1.628128e+01  1.200000e+00
     vertex -8.576760e+00  1.672959e+01  1.200000e+00
     vertex -9.400000e+00  1.628128e+01  1.720000e+01
   endloop
 endfacet
 facet normal  5.214352e-01 -8.532909e-01  0.000000e+00
   outer loop
     vertex -1.019987e+01  1.579249e+01  1.200000e+00
     vertex -9.400000e+00  1.628128e+01  1.200000e+00
     vertex -9.400000e+00  1.628128e+01  1.720000e+01
   endloop
 endfacet
 facet normal  5.214352e-01 -8.532909e-01  0.000000e+00
   outer loop
     vertex -1.019987e+01  1.579249e+01  1.200000e+00
     vertex -9.400000e+00  1.628128e+01  1.720000e+01
     vertex -1.019987e+01  1.579249e+01  1.720000e+01
   endloop
 endfacet
 facet normal  5.633201e-01 -8.262388e-01  0.000000e+00
   outer loop
     vertex -1.097438e+01  1.526443e+01  1.200000e+00
     vertex -1.019987e+01  1.579249e+01  1.200000e+00
     vertex -1.019987e+01  1.579249e+01  1.720000e+01
   endloop
 endfacet
 facet normal  5.633201e-01 -8.262388e-01  0.000000e+00
   outer loop
     vertex -1.097438e+01  1.526443e+01  1.200000e+00
     vertex -1.019987e+01  1.579249e+01  1.720000e+01
     vertex -1.097438e+01  1.526443e+01  1.720000e+01
   endloop
 endfacet
 facet normal  6.038044e-01 -7.971325e-01  0.000000e+00
   outer loop
     vertex -1.172161e+01  1.469843e+01  1.200000e+00
     vertex -1.097438e+01  1.526443e+01  1.200000e+00
     vertex -1.097438e+01  1.526443e+01  1.720000e+01
   endloop
 endfacet
 facet normal  6.038044e-01 -7.971325e-01  0.000000e+00
   outer loop
     vertex -1.172161e+01  1.469843e+01  1.200000e+00
     vertex -1.097438e+01  1.526443e+01  1.720000e+01
     vertex -1.172161e+01  1.469843e+01  1.720000e+01
   endloop
 endfacet
 facet normal  6.427876e-01 -7.660444e-01  0.000000e+00
   outer loop
     vertex -1.243969e+01  1.409589e+01  1.200000e+00
     vertex -1.172161e+01  1.469843e+01  1.200000e+00
     vertex -1.172161e+01  1.469843e+01  1.720000e+01
   endloop
 endfacet
 facet normal  6.427876e-01 -7.660444e-01  0.000000e+00
   outer loop
     vertex -1.243969e+01  1.409589e+01  1.200000e+00
     vertex -1.172161e+01  1.469843e+01  1.720000e+01
     vertex -1.243969e+01  1.409589e+01  1.720000e+01
   endloop
 endfacet
 facet normal  6.801727e-01 -7.330519e-01  0.000000e+00
   outer loop
     vertex -1.312685e+01  1.345830e+01  1.200000e+00
     vertex -1.243969e+01  1.409589e+01  1.200000e+00
     vertex -1.243969e+01  1.409589e+01  1.720000e+01
   endloop
 endfacet
 facet normal  6.801727e-01 -7.330519e-01  0.000000e+00
   outer loop
     vertex -1.312685e+01  1.345830e+01  1.200000e+00
     vertex -1.243969e+01  1.409589e+01  1.720000e+01
     vertex -1.312685e+01  1.345830e+01  1.720000e+01
   endloop
 endfacet
 facet normal  7.158668e-01 -6.982368e-01  0.000000e+00
   outer loop
     vertex -1.378138e+01  1.278725e+01  1.200000e+00
     vertex -1.312685e+01  1.345830e+01  1.720000e+01
     vertex -1.378138e+01  1.278725e+01  1.720000e+01
   endloop
 endfacet
 facet normal  7.158668e-01 -6.982368e-01  0.000000e+00
   outer loop
     vertex -1.378138e+01  1.278725e+01  1.200000e+00
     vertex -1.312685e+01  1.345830e+01  1.200000e+00
     vertex -1.312685e+01  1.345830e+01  1.720000e+01
   endloop
 endfacet
 facet normal  7.497812e-01 -6.616858e-01  0.000000e+00
   outer loop
     vertex -1.440164e+01  1.208441e+01  1.200000e+00
     vertex -1.378138e+01  1.278725e+01  1.720000e+01
     vertex -1.440164e+01  1.208441e+01  1.720000e+01
   endloop
 endfacet
 facet normal  7.497812e-01 -6.616858e-01  0.000000e+00
   outer loop
     vertex -1.440164e+01  1.208441e+01  1.200000e+00
     vertex -1.378138e+01  1.278725e+01  1.200000e+00
     vertex -1.378138e+01  1.278725e+01  1.720000e+01
   endloop
 endfacet
 facet normal  7.818315e-01 -6.234898e-01  0.000000e+00
   outer loop
     vertex -1.498609e+01  1.135152e+01  1.200000e+00
     vertex -1.440164e+01  1.208441e+01  1.720000e+01
     vertex -1.498609e+01  1.135152e+01  1.720000e+01
   endloop
 endfacet
 facet normal  7.818315e-01 -6.234898e-01  0.000000e+00
   outer loop
     vertex -1.498609e+01  1.135152e+01  1.200000e+00
     vertex -1.440164e+01  1.208441e+01  1.200000e+00
     vertex -1.440164e+01  1.208441e+01  1.720000e+01
   endloop
 endfacet
 facet normal  8.119380e-01 -5.837437e-01  0.000000e+00
   outer loop
     vertex -1.553329e+01  1.059042e+01  1.200000e+00
     vertex -1.498609e+01  1.135152e+01  1.720000e+01
     vertex -1.553329e+01  1.059042e+01  1.720000e+01
   endloop
 endfacet
 facet normal  8.119380e-01 -5.837437e-01  0.000000e+00
   outer loop
     vertex -1.553329e+01  1.059042e+01  1.200000e+00
     vertex -1.498609e+01  1.135152e+01  1.200000e+00
     vertex -1.498609e+01  1.135152e+01  1.720000e+01
   endloop
 endfacet
 facet normal  8.400259e-01 -5.425463e-01  0.000000e+00
   outer loop
     vertex -1.604187e+01  9.802982e+00  1.200000e+00
     vertex -1.553329e+01  1.059042e+01  1.720000e+01
     vertex -1.604187e+01  9.802982e+00  1.720000e+01
   endloop
 endfacet
 facet normal  8.400259e-01 -5.425463e-01  0.000000e+00
   outer loop
     vertex -1.604187e+01  9.802982e+00  1.200000e+00
     vertex -1.553329e+01  1.059042e+01  1.200000e+00
     vertex -1.553329e+01  1.059042e+01  1.720000e+01
   endloop
 endfacet
 facet normal  8.660254e-01 -5.000000e-01  0.000000e+00
   outer loop
     vertex -1.651057e+01  8.991175e+00  1.200000e+00
     vertex -1.604187e+01  9.802982e+00  1.720000e+01
     vertex -1.651057e+01  8.991175e+00  1.720000e+01
   endloop
 endfacet
 facet normal  8.660254e-01 -5.000000e-01  0.000000e+00
   outer loop
     vertex -1.651057e+01  8.991175e+00  1.200000e+00
     vertex -1.604187e+01  9.802982e+00  1.200000e+00
     vertex -1.604187e+01  9.802982e+00  1.720000e+01
   endloop
 endfacet
 facet normal  8.898718e-01 -4.562107e-01  0.000000e+00
   outer loop
     vertex -1.693821e+01  8.157014e+00  1.200000e+00
     vertex -1.651057e+01  8.991175e+00  1.720000e+01
     vertex -1.693821e+01  8.157014e+00  1.720000e+01
   endloop
 endfacet
 facet normal  8.898718e-01 -4.562107e-01  0.000000e+00
   outer loop
     vertex -1.693821e+01  8.157014e+00  1.200000e+00
     vertex -1.651057e+01  8.991175e+00  1.200000e+00
     vertex -1.651057e+01  8.991175e+00  1.720000e+01
   endloop
 endfacet
 facet normal  9.115059e-01 -4.112871e-01  0.000000e+00
   outer loop
     vertex -1.732375e+01  7.302574e+00  1.200000e+00
     vertex -1.693821e+01  8.157014e+00  1.720000e+01
     vertex -1.732375e+01  7.302574e+00  1.720000e+01
   endloop
 endfacet
 facet normal  9.115059e-01 -4.112871e-01  0.000000e+00
   outer loop
     vertex -1.732375e+01  7.302574e+00  1.200000e+00
     vertex -1.693821e+01  8.157014e+00  1.200000e+00
     vertex -1.693821e+01  8.157014e+00  1.720000e+01
   endloop
 endfacet
 facet normal  9.308737e-01 -3.653410e-01  0.000000e+00
   outer loop
     vertex -1.766622e+01  6.429979e+00  1.200000e+00
     vertex -1.732375e+01  7.302574e+00  1.720000e+01
     vertex -1.766622e+01  6.429979e+00  1.720000e+01
   endloop
 endfacet
 facet normal  9.308737e-01 -3.653410e-01  0.000000e+00
   outer loop
     vertex -1.766622e+01  6.429979e+00  1.200000e+00
     vertex -1.732375e+01  7.302574e+00  1.200000e+00
     vertex -1.732375e+01  7.302574e+00  1.720000e+01
   endloop
 endfacet
 facet normal  9.479273e-01 -3.184867e-01  0.000000e+00
   outer loop
     vertex -1.796477e+01  5.541397e+00  1.200000e+00
     vertex -1.766622e+01  6.429979e+00  1.720000e+01
     vertex -1.796477e+01  5.541397e+00  1.720000e+01
   endloop
 endfacet
 facet normal  9.479273e-01 -3.184867e-01  0.000000e+00
   outer loop
     vertex -1.796477e+01  5.541397e+00  1.200000e+00
     vertex -1.766622e+01  6.429979e+00  1.200000e+00
     vertex -1.766622e+01  6.429979e+00  1.720000e+01
   endloop
 endfacet
 facet normal  9.626242e-01 -2.708405e-01  0.000000e+00
   outer loop
     vertex -1.821865e+01  4.639039e+00  1.200000e+00
     vertex -1.796477e+01  5.541397e+00  1.720000e+01
     vertex -1.821865e+01  4.639039e+00  1.720000e+01
   endloop
 endfacet
 facet normal  9.626242e-01 -2.708405e-01  0.000000e+00
   outer loop
     vertex -1.821865e+01  4.639039e+00  1.200000e+00
     vertex -1.796477e+01  5.541397e+00  1.200000e+00
     vertex -1.796477e+01  5.541397e+00  1.720000e+01
   endloop
 endfacet
 facet normal  9.749279e-01 -2.225209e-01  0.000000e+00
   outer loop
     vertex -1.842724e+01  3.725147e+00  1.200000e+00
     vertex -1.821865e+01  4.639039e+00  1.720000e+01
     vertex -1.842724e+01  3.725147e+00  1.720000e+01
   endloop
 endfacet
 facet normal  9.749279e-01 -2.225209e-01  0.000000e+00
   outer loop
     vertex -1.842724e+01  3.725147e+00  1.200000e+00
     vertex -1.821865e+01  4.639039e+00  1.200000e+00
     vertex -1.821865e+01  4.639039e+00  1.720000e+01
   endloop
 endfacet
 facet normal  9.848078e-01 -1.736482e-01  0.000000e+00
   outer loop
     vertex -1.859002e+01  2.801995e+00  1.200000e+00
     vertex -1.842724e+01  3.725147e+00  1.720000e+01
     vertex -1.859002e+01  2.801995e+00  1.720000e+01
   endloop
 endfacet
 facet normal  9.848078e-01 -1.736482e-01  0.000000e+00
   outer loop
     vertex -1.859002e+01  2.801995e+00  1.200000e+00
     vertex -1.842724e+01  3.725147e+00  1.200000e+00
     vertex -1.842724e+01  3.725147e+00  1.720000e+01
   endloop
 endfacet
 facet normal  9.922392e-01 -1.243437e-01  0.000000e+00
   outer loop
     vertex -1.870658e+01  1.871876e+00  1.200000e+00
     vertex -1.859002e+01  2.801995e+00  1.720000e+01
     vertex -1.870658e+01  1.871876e+00  1.720000e+01
   endloop
 endfacet
 facet normal  9.922392e-01 -1.243437e-01  0.000000e+00
   outer loop
     vertex -1.870658e+01  1.871876e+00  1.200000e+00
     vertex -1.859002e+01  2.801995e+00  1.200000e+00
     vertex -1.859002e+01  2.801995e+00  1.720000e+01
   endloop
 endfacet
 facet normal  9.972038e-01 -7.473009e-02  0.000000e+00
   outer loop
     vertex -1.877663e+01  9.371027e-01  1.200000e+00
     vertex -1.870658e+01  1.871876e+00  1.200000e+00
     vertex -1.870658e+01  1.871876e+00  1.720000e+01
   endloop
 endfacet
 facet normal  9.972038e-01 -7.473009e-02  0.000000e+00
   outer loop
     vertex -1.877663e+01  9.371027e-01  1.200000e+00
     vertex -1.870658e+01  1.871876e+00  1.720000e+01
     vertex -1.877663e+01  9.371027e-01  1.720000e+01
   endloop
 endfacet
 facet normal  9.996892e-01 -2.493069e-02  0.000000e+00
   outer loop
     vertex -1.880000e+01 -6.448868e-14  1.200000e+00
     vertex -1.877663e+01  9.371027e-01  1.200000e+00
     vertex -1.877663e+01  9.371027e-01  1.720000e+01
   endloop
 endfacet
 facet normal  9.996892e-01 -2.493069e-02  0.000000e+00
   outer loop
     vertex -1.880000e+01 -6.448868e-14  1.200000e+00
     vertex -1.877663e+01  9.371027e-01  1.720000e+01
     vertex -1.880000e+01 -6.448868e-14  1.720000e+01
   endloop
 endfacet
 facet normal  9.996892e-01  2.493069e-02  0.000000e+00
   outer loop
     vertex -1.877663e+01 -9.371027e-01  1.200000e+00
     vertex -1.880000e+01 -6.448868e-14  1.200000e+00
     vertex -1.880000e+01 -6.448868e-14  1.720000e+01
   endloop
 endfacet
 facet normal  9.996892e-01  2.493069e-02 -0.000000e+00
   outer loop
     vertex -1.877663e+01 -9.371027e-01  1.200000e+00
     vertex -1.880000e+01 -6.448868e-14  1.720000e+01
     vertex -1.877663e+01 -9.371027e-01  1.720000e+01
   endloop
 endfacet
 facet normal  9.972038e-01  7.473009e-02  0.000000e+00
   outer loop
     vertex -1.870658e+01 -1.871876e+00  1.200000e+00
     vertex -1.877663e+01 -9.371027e-01  1.200000e+00
     vertex -1.877663e+01 -9.371027e-01  1.720000e+01
   endloop
 endfacet
 facet normal  9.972038e-01  7.473009e-02 -0.000000e+00
   outer loop
     vertex -1.870658e+01 -1.871876e+00  1.200000e+00
     vertex -1.877663e+01 -9.371027e-01  1.720000e+01
     vertex -1.870658e+01 -1.871876e+00  1.720000e+01
   endloop
 endfacet
 facet normal  9.922392e-01  1.243437e-01  0.000000e+00
   outer loop
     vertex -1.859002e+01 -2.801995e+00  1.200000e+00
     vertex -1.870658e+01 -1.871876e+00  1.200000e+00
     vertex -1.870658e+01 -1.871876e+00  1.720000e+01
   endloop
 endfacet
 facet normal  9.922392e-01  1.243437e-01 -0.000000e+00
   outer loop
     vertex -1.859002e+01 -2.801995e+00  1.200000e+00
     vertex -1.870658e+01 -1.871876e+00  1.720000e+01
     vertex -1.859002e+01 -2.801995e+00  1.720000e+01
   endloop
 endfacet
 facet normal  9.848078e-01  1.736482e-01  0.000000e+00
   outer loop
     vertex -1.842724e+01 -3.725147e+00  1.200000e+00
     vertex -1.859002e+01 -2.801995e+00  1.200000e+00
     vertex -1.859002e+01 -2.801995e+00  1.720000e+01
   endloop
 endfacet
 facet normal  9.848078e-01  1.736482e-01 -0.000000e+00
   outer loop
     vertex -1.842724e+01 -3.725147e+00  1.200000e+00
     vertex -1.859002e+01 -2.801995e+00  1.720000e+01
     vertex -1.842724e+01 -3.725147e+00  1.720000e+01
   endloop
 endfacet
 facet normal  9.749279e-01  2.225209e-01  0.000000e+00
   outer loop
     vertex -1.821865e+01 -4.639039e+00  1.200000e+00
     vertex -1.842724e+01 -3.725147e+00  1.200000e+00
     vertex -1.842724e+01 -3.725147e+00  1.720000e+01
   endloop
 endfacet
 facet normal  9.749279e-01  2.225209e-01 -0.000000e+00
   outer loop
     vertex -1.821865e+01 -4.639039e+00  1.200000e+00
     vertex -1.842724e+01 -3.725147e+00  1.720000e+01
     vertex -1.821865e+01 -4.639039e+00  1.720000e+01
   endloop
 endfacet
 facet normal  9.626242e-01  2.708405e-01  0.000000e+00
   outer loop
     vertex -1.796477e+01 -5.541397e+00  1.200000e+00
     vertex -1.821865e+01 -4.639039e+00  1.200000e+00
     vertex -1.821865e+01 -4.639039e+00  1.720000e+01
   endloop
 endfacet
 facet normal  9.626242e-01  2.708405e-01 -0.000000e+00
   outer loop
     vertex -1.796477e+01 -5.541397e+00  1.200000e+00
     vertex -1.821865e+01 -4.639039e+00  1.720000e+01
     vertex -1.796477e+01 -5.541397e+00  1.720000e+01
   endloop
 endfacet
 facet normal  9.479273e-01  3.184867e-01  0.000000e+00
   outer loop
     vertex -1.766622e+01 -6.429979e+00  1.200000e+00
     vertex -1.796477e+01 -5.541397e+00  1.200000e+00
     vertex -1.796477e+01 -5.541397e+00  1.720000e+01
   endloop
 endfacet
 facet normal  9.479273e-01  3.184867e-01 -0.000000e+00
   outer loop
     vertex -1.766622e+01 -6.429979e+00  1.200000e+00
     vertex -1.796477e+01 -5.541397e+00  1.720000e+01
     vertex -1.766622e+01 -6.429979e+00  1.720000e+01
   endloop
 endfacet
 facet normal  9.308737e-01  3.653410e-01  0.000000e+00
   outer loop
     vertex -1.732375e+01 -7.302574e+00  1.200000e+00
     vertex -1.766622e+01 -6.429979e+00  1.200000e+00
     vertex -1.766622e+01 -6.429979e+00  1.720000e+01
   endloop
 endfacet
 facet normal  9.308737e-01  3.653410e-01 -0.000000e+00
   outer loop
     vertex -1.732375e+01 -7.302574e+00  1.200000e+00
     vertex -1.766622e+01 -6.429979e+00  1.720000e+01
     vertex -1.732375e+01 -7.302574e+00  1.720000e+01
   endloop
 endfacet
 facet normal  9.115059e-01  4.112871e-01  0.000000e+00
   outer loop
     vertex -1.693821e+01 -8.157014e+00  1.200000e+00
     vertex -1.732375e+01 -7.302574e+00  1.200000e+00
     vertex -1.732375e+01 -7.302574e+00  1.720000e+01
   endloop
 endfacet
 facet normal  9.115059e-01  4.112871e-01 -0.000000e+00
   outer loop
     vertex -1.693821e+01 -8.157014e+00  1.200000e+00
     vertex -1.732375e+01 -7.302574e+00  1.720000e+01
     vertex -1.693821e+01 -8.157014e+00  1.720000e+01
   endloop
 endfacet
 facet normal  8.898718e-01  4.562107e-01  0.000000e+00
   outer loop
     vertex -1.651057e+01 -8.991175e+00  1.200000e+00
     vertex -1.693821e+01 -8.157014e+00  1.200000e+00
     vertex -1.693821e+01 -8.157014e+00  1.720000e+01
   endloop
 endfacet
 facet normal  8.898718e-01  4.562107e-01 -0.000000e+00
   outer loop
     vertex -1.651057e+01 -8.991175e+00  1.200000e+00
     vertex -1.693821e+01 -8.157014e+00  1.720000e+01
     vertex -1.651057e+01 -8.991175e+00  1.720000e+01
   endloop
 endfacet
 facet normal  8.660254e-01  5.000000e-01 -0.000000e+00
   outer loop
     vertex -1.651057e+01 -8.991175e+00  1.200000e+00
     vertex -1.651057e+01 -8.991175e+00  1.720000e+01
     vertex -1.604187e+01 -9.802982e+00  1.720000e+01
   endloop
 endfacet
 facet normal  8.660254e-01  5.000000e-01 -0.000000e+00
   outer loop
     vertex -1.604187e+01 -9.802982e+00  1.200000e+00
     vertex -1.651057e+01 -8.991175e+00  1.200000e+00
     vertex -1.604187e+01 -9.802982e+00  1.720000e+01
   endloop
 endfacet
 facet normal  8.400259e-01  5.425463e-01  0.000000e+00
   outer loop
     vertex -1.553329e+01 -1.059042e+01  1.200000e+00
     vertex -1.604187e+01 -9.802982e+00  1.200000e+00
     vertex -1.604187e+01 -9.802982e+00  1.720000e+01
   endloop
 endfacet
 facet normal  8.400259e-01  5.425463e-01 -0.000000e+00
   outer loop
     vertex -1.553329e+01 -1.059042e+01  1.200000e+00
     vertex -1.604187e+01 -9.802982e+00  1.720000e+01
     vertex -1.553329e+01 -1.059042e+01  1.720000e+01
   endloop
 endfacet
 facet normal  8.119380e-01  5.837437e-01  0.000000e+00
   outer loop
     vertex -1.498609e+01 -1.135152e+01  1.200000e+00
     vertex -1.553329e+01 -1.059042e+01  1.200000e+00
     vertex -1.553329e+01 -1.059042e+01  1.720000e+01
   endloop
 endfacet
 facet normal  8.119380e-01  5.837437e-01 -0.000000e+00
   outer loop
     vertex -1.498609e+01 -1.135152e+01  1.200000e+00
     vertex -1.553329e+01 -1.059042e+01  1.720000e+01
     vertex -1.498609e+01 -1.135152e+01  1.720000e+01
   endloop
 endfacet
 facet normal  7.818315e-01  6.234898e-01 -0.000000e+00
   outer loop
     vertex -1.498609e+01 -1.135152e+01  1.200000e+00
     vertex -1.498609e+01 -1.135152e+01  1.720000e+01
     vertex -1.440164e+01 -1.208441e+01  1.720000e+01
   endloop
 endfacet
 facet normal  7.818315e-01  6.234898e-01 -0.000000e+00
   outer loop
     vertex -1.440164e+01 -1.208441e+01  1.200000e+00
     vertex -1.498609e+01 -1.135152e+01  1.200000e+00
     vertex -1.440164e+01 -1.208441e+01  1.720000e+01
   endloop
 endfacet
 facet normal  7.497812e-01  6.616858e-01  0.000000e+00
   outer loop
     vertex -1.378138e+01 -1.278725e+01  1.200000e+00
     vertex -1.440164e+01 -1.208441e+01  1.200000e+00
     vertex -1.440164e+01 -1.208441e+01  1.720000e+01
   endloop
 endfacet
 facet normal  7.497812e-01  6.616858e-01 -0.000000e+00
   outer loop
     vertex -1.378138e+01 -1.278725e+01  1.200000e+00
     vertex -1.440164e+01 -1.208441e+01  1.720000e+01
     vertex -1.378138e+01 -1.278725e+01  1.720000e+01
   endloop
 endfacet
 facet normal  7.158668e-01  6.982368e-01  0.000000e+00
   outer loop
     vertex -1.312685e+01 -1.345830e+01  1.200000e+00
     vertex -1.378138e+01 -1.278725e+01  1.200000e+00
     vertex -1.378138e+01 -1.278725e+01  1.720000e+01
   endloop
 endfacet
 facet normal  7.158668e-01  6.982368e-01 -0.000000e+00
   outer loop
     vertex -1.312685e+01 -1.345830e+01  1.200000e+00
     vertex -1.378138e+01 -1.278725e+01  1.720000e+01
     vertex -1.312685e+01 -1.345830e+01  1.720000e+01
   endloop
 endfacet
 facet normal  6.801727e-01  7.330519e-01  0.000000e+00
   outer loop
     vertex -1.243969e+01 -1.409589e+01  1.200000e+00
     vertex -1.312685e+01 -1.345830e+01  1.200000e+00
     vertex -1.312685e+01 -1.345830e+01  1.720000e+01
   endloop
 endfacet
 facet normal  6.801727e-01  7.330519e-01 -0.000000e+00
   outer loop
     vertex -1.243969e+01 -1.409589e+01  1.200000e+00
     vertex -1.312685e+01 -1.345830e+01  1.720000e+01
     vertex -1.243969e+01 -1.409589e+01  1.720000e+01
   endloop
 endfacet
 facet normal  6.427876e-01  7.660444e-01  0.000000e+00
   outer loop
     vertex -1.172161e+01 -1.469843e+01  1.200000e+00
     vertex -1.243969e+01 -1.409589e+01  1.200000e+00
     vertex -1.243969e+01 -1.409589e+01  1.720000e+01
   endloop
 endfacet
 facet normal  6.427876e-01  7.660444e-01 -0.000000e+00
   outer loop
     vertex -1.172161e+01 -1.469843e+01  1.200000e+00
     vertex -1.243969e+01 -1.409589e+01  1.720000e+01
     vertex -1.172161e+01 -1.469843e+01  1.720000e+01
   endloop
 endfacet
 facet normal  6.038044e-01  7.971325e-01  0.000000e+00
   outer loop
     vertex -1.097438e+01 -1.526443e+01  1.200000e+00
     vertex -1.172161e+01 -1.469843e+01  1.200000e+00
     vertex -1.172161e+01 -1.469843e+01  1.720000e+01
   endloop
 endfacet
 facet normal  6.038044e-01  7.971325e-01 -0.000000e+00
   outer loop
     vertex -1.097438e+01 -1.526443e+01  1.200000e+00
     vertex -1.172161e+01 -1.469843e+01  1.720000e+01
     vertex -1.097438e+01 -1.526443e+01  1.720000e+01
   endloop
 endfacet
 facet normal  5.633201e-01  8.262388e-01 -0.000000e+00
   outer loop
     vertex -1.019987e+01 -1.579249e+01  1.200000e+00
     vertex -1.097438e+01 -1.526443e+01  1.720000e+01
     vertex -1.019987e+01 -1.579249e+01  1.720000e+01
   endloop
 endfacet
 facet normal  5.633201e-01  8.262388e-01  0.000000e+00
   outer loop
     vertex -1.019987e+01 -1.579249e+01  1.200000e+00
     vertex -1.097438e+01 -1.526443e+01  1.200000e+00
     vertex -1.097438e+01 -1.526443e+01  1.720000e+01
   endloop
 endfacet
 facet normal  5.214352e-01  8.532909e-01 -0.000000e+00
   outer loop
     vertex -9.400000e+00 -1.628128e+01  1.200000e+00
     vertex -1.019987e+01 -1.579249e+01  1.720000e+01
     vertex -9.400000e+00 -1.628128e+01  1.720000e+01
   endloop
 endfacet
 facet normal  5.214352e-01  8.532909e-01  0.000000e+00
   outer loop
     vertex -9.400000e+00 -1.628128e+01  1.200000e+00
     vertex -1.019987e+01 -1.579249e+01  1.200000e+00
     vertex -1.019987e+01 -1.579249e+01  1.720000e+01
   endloop
 endfacet
 facet normal  4.782540e-01  8.782216e-01 -0.000000e+00
   outer loop
     vertex -8.576760e+00 -1.672959e+01  1.200000e+00
     vertex -9.400000e+00 -1.628128e+01  1.720000e+01
     vertex -8.576760e+00 -1.672959e+01  1.720000e+01
   endloop
 endfacet
 facet normal  4.782540e-01  8.782216e-01  0.000000e+00
   outer loop
     vertex -8.576760e+00 -1.672959e+01  1.200000e+00
     vertex -9.400000e+00 -1.628128e+01  1.200000e+00
     vertex -9.400000e+00 -1.628128e+01  1.720000e+01
   endloop
 endfacet
 facet normal  4.338837e-01  9.009689e-01 -0.000000e+00
   outer loop
     vertex -7.732198e+00 -1.713631e+01  1.200000e+00
     vertex -8.576760e+00 -1.672959e+01  1.720000e+01
     vertex -7.732198e+00 -1.713631e+01  1.720000e+01
   endloop
 endfacet
 facet normal  4.338837e-01  9.009689e-01  0.000000e+00
   outer loop
     vertex -7.732198e+00 -1.713631e+01  1.200000e+00
     vertex -8.576760e+00 -1.672959e+01  1.200000e+00
     vertex -8.576760e+00 -1.672959e+01  1.720000e+01
   endloop
 endfacet
 facet normal  3.884348e-01  9.214762e-01 -0.000000e+00
   outer loop
     vertex -6.868411e+00 -1.750043e+01  1.200000e+00
     vertex -7.732198e+00 -1.713631e+01  1.720000e+01
     vertex -6.868411e+00 -1.750043e+01  1.720000e+01
   endloop
 endfacet
 facet normal  3.884348e-01  9.214762e-01  0.000000e+00
   outer loop
     vertex -6.868411e+00 -1.750043e+01  1.200000e+00
     vertex -7.732198e+00 -1.713631e+01  1.200000e+00
     vertex -7.732198e+00 -1.713631e+01  1.720000e+01
   endloop
 endfacet
 facet normal  3.420201e-01  9.396926e-01  0.000000e+00
   outer loop
     vertex -5.987549e+00 -1.782103e+01  1.200000e+00
     vertex -6.868411e+00 -1.750043e+01  1.200000e+00
     vertex -6.868411e+00 -1.750043e+01  1.720000e+01
   endloop
 endfacet
 facet normal  3.420201e-01  9.396926e-01 -0.000000e+00
   outer loop
     vertex -5.987549e+00 -1.782103e+01  1.200000e+00
     vertex -6.868411e+00 -1.750043e+01  1.720000e+01
     vertex -5.987549e+00 -1.782103e+01  1.720000e+01
   endloop
 endfacet
 facet normal  2.947552e-01  9.555728e-01  0.000000e+00
   outer loop
     vertex -5.091801e+00 -1.809734e+01  1.200000e+00
     vertex -5.987549e+00 -1.782103e+01  1.200000e+00
     vertex -5.987549e+00 -1.782103e+01  1.720000e+01
   endloop
 endfacet
 facet normal  2.947552e-01  9.555728e-01 -0.000000e+00
   outer loop
     vertex -5.091801e+00 -1.809734e+01  1.200000e+00
     vertex -5.987549e+00 -1.782103e+01  1.720000e+01
     vertex -5.091801e+00 -1.809734e+01  1.720000e+01
   endloop
 endfacet
 facet normal  2.467574e-01  9.690773e-01  0.000000e+00
   outer loop
     vertex -4.183394e+00 -1.832864e+01  1.200000e+00
     vertex -5.091801e+00 -1.809734e+01  1.200000e+00
     vertex -5.091801e+00 -1.809734e+01  1.720000e+01
   endloop
 endfacet
 facet normal  2.467574e-01  9.690773e-01 -0.000000e+00
   outer loop
     vertex -4.183394e+00 -1.832864e+01  1.200000e+00
     vertex -5.091801e+00 -1.809734e+01  1.720000e+01
     vertex -4.183394e+00 -1.832864e+01  1.720000e+01
   endloop
 endfacet
 facet normal  1.981461e-01  9.801725e-01  0.000000e+00
   outer loop
     vertex -3.264586e+00 -1.851439e+01  1.200000e+00
     vertex -4.183394e+00 -1.832864e+01  1.200000e+00
     vertex -4.183394e+00 -1.832864e+01  1.720000e+01
   endloop
 endfacet
 facet normal  1.981461e-01  9.801725e-01 -0.000000e+00
   outer loop
     vertex -3.264586e+00 -1.851439e+01  1.200000e+00
     vertex -4.183394e+00 -1.832864e+01  1.720000e+01
     vertex -3.264586e+00 -1.851439e+01  1.720000e+01
   endloop
 endfacet
 facet normal  1.490423e-01  9.888308e-01  0.000000e+00
   outer loop
     vertex -2.337662e+00 -1.865410e+01  1.200000e+00
     vertex -3.264586e+00 -1.851439e+01  1.200000e+00
     vertex -3.264586e+00 -1.851439e+01  1.720000e+01
   endloop
 endfacet
 facet normal  1.490423e-01  9.888308e-01 -0.000000e+00
   outer loop
     vertex -2.337662e+00 -1.865410e+01  1.200000e+00
     vertex -3.264586e+00 -1.851439e+01  1.720000e+01
     vertex -2.337662e+00 -1.865410e+01  1.720000e+01
   endloop
 endfacet
 facet normal  9.956785e-02  9.950308e-01  0.000000e+00
   outer loop
     vertex -1.404926e+00 -1.874743e+01  1.200000e+00
     vertex -2.337662e+00 -1.865410e+01  1.200000e+00
     vertex -2.337662e+00 -1.865410e+01  1.720000e+01
   endloop
 endfacet
 facet normal  9.956785e-02  9.950308e-01 -0.000000e+00
   outer loop
     vertex -1.404926e+00 -1.874743e+01  1.200000e+00
     vertex -2.337662e+00 -1.865410e+01  1.720000e+01
     vertex -1.404926e+00 -1.874743e+01  1.720000e+01
   endloop
 endfacet
 facet normal  4.984589e-02  9.987569e-01  0.000000e+00
   outer loop
     vertex -4.686970e-01 -1.879416e+01  1.200000e+00
     vertex -1.404926e+00 -1.874743e+01  1.200000e+00
     vertex -1.404926e+00 -1.874743e+01  1.720000e+01
   endloop
 endfacet
 facet normal  4.984589e-02  9.987569e-01 -0.000000e+00
   outer loop
     vertex -4.686970e-01 -1.879416e+01  1.200000e+00
     vertex -1.404926e+00 -1.874743e+01  1.720000e+01
     vertex -4.686970e-01 -1.879416e+01  1.720000e+01
   endloop
 endfacet
 facet normal -7.579979e-15  1.000000e+00  0.000000e+00
   outer loop
     vertex  4.686970e-01 -1.879416e+01  1.200000e+00
     vertex -4.686970e-01 -1.879416e+01  1.200000e+00
     vertex -4.686970e-01 -1.879416e+01  1.720000e+01
   endloop
 endfacet
 facet normal -7.579979e-15  1.000000e+00  0.000000e+00
   outer loop
     vertex  4.686970e-01 -1.879416e+01  1.200000e+00
     vertex -4.686970e-01 -1.879416e+01  1.720000e+01
     vertex  4.686970e-01 -1.879416e+01  1.720000e+01
   endloop
 endfacet
 facet normal -4.984589e-02  9.987569e-01  0.000000e+00
   outer loop
     vertex  1.404926e+00 -1.874743e+01  1.200000e+00
     vertex  4.686970e-01 -1.879416e+01  1.200000e+00
     vertex  4.686970e-01 -1.879416e+01  1.720000e+01
   endloop
 endfacet
 facet normal -4.984589e-02  9.987569e-01  0.000000e+00
   outer loop
     vertex  1.404926e+00 -1.874743e+01  1.200000e+00
     vertex  4.686970e-01 -1.879416e+01  1.720000e+01
     vertex  1.404926e+00 -1.874743e+01  1.720000e+01
   endloop
 endfacet
 facet normal -9.956785e-02  9.950308e-01  0.000000e+00
   outer loop
     vertex  1.404926e+00 -1.874743e+01  1.200000e+00
     vertex  1.404926e+00 -1.874743e+01  1.720000e+01
     vertex  2.337662e+00 -1.865410e+01  1.720000e+01
   endloop
 endfacet
 facet normal -9.956785e-02  9.950308e-01  0.000000e+00
   outer loop
     vertex  2.337662e+00 -1.865410e+01  1.200000e+00
     vertex  1.404926e+00 -1.874743e+01  1.200000e+00
     vertex  2.337662e+00 -1.865410e+01  1.720000e+01
   endloop
 endfacet
 facet normal -1.490423e-01  9.888308e-01  0.000000e+00
   outer loop
     vertex  3.264586e+00 -1.851439e+01  1.200000e+00
     vertex  2.337662e+00 -1.865410e+01  1.200000e+00
     vertex  2.337662e+00 -1.865410e+01  1.720000e+01
   endloop
 endfacet
 facet normal -1.490423e-01  9.888308e-01  0.000000e+00
   outer loop
     vertex  3.264586e+00 -1.851439e+01  1.200000e+00
     vertex  2.337662e+00 -1.865410e+01  1.720000e+01
     vertex  3.264586e+00 -1.851439e+01  1.720000e+01
   endloop
 endfacet
 facet normal -1.981461e-01  9.801725e-01  0.000000e+00
   outer loop
     vertex  4.183394e+00 -1.832864e+01  1.200000e+00
     vertex  3.264586e+00 -1.851439e+01  1.200000e+00
     vertex  3.264586e+00 -1.851439e+01  1.720000e+01
   endloop
 endfacet
 facet normal -1.981461e-01  9.801725e-01  0.000000e+00
   outer loop
     vertex  4.183394e+00 -1.832864e+01  1.200000e+00
     vertex  3.264586e+00 -1.851439e+01  1.720000e+01
     vertex  4.183394e+00 -1.832864e+01  1.720000e+01
   endloop
 endfacet
 facet normal -2.467574e-01  9.690773e-01  0.000000e+00
   outer loop
     vertex  5.091801e+00 -1.809734e+01  1.200000e+00
     vertex  4.183394e+00 -1.832864e+01  1.720000e+01
     vertex  5.091801e+00 -1.809734e+01  1.720000e+01
   endloop
 endfacet
 facet normal -2.467574e-01  9.690773e-01  0.000000e+00
   outer loop
     vertex  5.091801e+00 -1.809734e+01  1.200000e+00
     vertex  4.183394e+00 -1.832864e+01  1.200000e+00
     vertex  4.183394e+00 -1.832864e+01  1.720000e+01
   endloop
 endfacet
 facet normal -2.947552e-01  9.555728e-01  0.000000e+00
   outer loop
     vertex  5.987549e+00 -1.782103e+01  1.200000e+00
     vertex  5.091801e+00 -1.809734e+01  1.720000e+01
     vertex  5.987549e+00 -1.782103e+01  1.720000e+01
   endloop
 endfacet
 facet normal -2.947552e-01  9.555728e-01  0.000000e+00
   outer loop
     vertex  5.987549e+00 -1.782103e+01  1.200000e+00
     vertex  5.091801e+00 -1.809734e+01  1.200000e+00
     vertex  5.091801e+00 -1.809734e+01  1.720000e+01
   endloop
 endfacet
 facet normal -3.420201e-01  9.396926e-01  0.000000e+00
   outer loop
     vertex  6.868411e+00 -1.750043e+01  1.200000e+00
     vertex  5.987549e+00 -1.782103e+01  1.720000e+01
     vertex  6.868411e+00 -1.750043e+01  1.720000e+01
   endloop
 endfacet
 facet normal -3.420201e-01  9.396926e-01  0.000000e+00
   outer loop
     vertex  6.868411e+00 -1.750043e+01  1.200000e+00
     vertex  5.987549e+00 -1.782103e+01  1.200000e+00
     vertex  5.987549e+00 -1.782103e+01  1.720000e+01
   endloop
 endfacet
 facet normal -3.884348e-01  9.214762e-01  0.000000e+00
   outer loop
     vertex  7.732198e+00 -1.713631e+01  1.200000e+00
     vertex  6.868411e+00 -1.750043e+01  1.720000e+01
     vertex  7.732198e+00 -1.713631e+01  1.720000e+01
   endloop
 endfacet
 facet normal -3.884348e-01  9.214762e-01  0.000000e+00
   outer loop
     vertex  7.732198e+00 -1.713631e+01  1.200000e+00
     vertex  6.868411e+00 -1.750043e+01  1.200000e+00
     vertex  6.868411e+00 -1.750043e+01  1.720000e+01
   endloop
 endfacet
 facet normal -4.338837e-01  9.009689e-01  0.000000e+00
   outer loop
     vertex  8.576760e+00 -1.672959e+01  1.200000e+00
     vertex  7.732198e+00 -1.713631e+01  1.720000e+01
     vertex  8.576760e+00 -1.672959e+01  1.720000e+01
   endloop
 endfacet
 facet normal -4.782540e-01  8.782216e-01  0.000000e+00
   outer loop
     vertex  8.576760e+00 -1.672959e+01  1.200000e+00
     vertex  8.576760e+00 -1.672959e+01  1.720000e+01
     vertex  9.400000e+00 -1.628128e+01  1.720000e+01
   endloop
 endfacet
 facet normal -4.338837e-01  9.009689e-01  0.000000e+00
   outer loop
     vertex  8.576760e+00 -1.672959e+01  1.200000e+00
     vertex  7.732198e+00 -1.713631e+01  1.200000e+00
     vertex  7.732198e+00 -1.713631e+01  1.720000e+01
   endloop
 endfacet
 facet normal -4.782540e-01  8.782216e-01  0.000000e+00
   outer loop
     vertex  9.400000e+00 -1.628128e+01  1.200000e+00
     vertex  8.576760e+00 -1.672959e+01  1.200000e+00
     vertex  9.400000e+00 -1.628128e+01  1.720000e+01
   endloop
 endfacet
 facet normal -5.214352e-01  8.532909e-01  0.000000e+00
   outer loop
     vertex  1.019987e+01 -1.579249e+01  1.200000e+00
     vertex  9.400000e+00 -1.628128e+01  1.720000e+01
     vertex  1.019987e+01 -1.579249e+01  1.720000e+01
   endloop
 endfacet
 facet normal -5.214352e-01  8.532909e-01  0.000000e+00
   outer loop
     vertex  1.019987e+01 -1.579249e+01  1.200000e+00
     vertex  9.400000e+00 -1.628128e+01  1.200000e+00
     vertex  9.400000e+00 -1.628128e+01  1.720000e+01
   endloop
 endfacet
 facet normal -5.633201e-01  8.262388e-01  0.000000e+00
   outer loop
     vertex  1.097438e+01 -1.526443e+01  1.200000e+00
     vertex  1.019987e+01 -1.579249e+01  1.720000e+01
     vertex  1.097438e+01 -1.526443e+01  1.720000e+01
   endloop
 endfacet
 facet normal -5.633201e-01  8.262388e-01  0.000000e+00
   outer loop
     vertex  1.097438e+01 -1.526443e+01  1.200000e+00
     vertex  1.019987e+01 -1.579249e+01  1.200000e+00
     vertex  1.019987e+01 -1.579249e+01  1.720000e+01
   endloop
 endfacet
 facet normal -6.038044e-01  7.971325e-01  0.000000e+00
   outer loop
     vertex  1.172161e+01 -1.469843e+01  1.200000e+00
     vertex  1.097438e+01 -1.526443e+01  1.720000e+01
     vertex  1.172161e+01 -1.469843e+01  1.720000e+01
   endloop
 endfacet
 facet normal -6.038044e-01  7.971325e-01  0.000000e+00
   outer loop
     vertex  1.172161e+01 -1.469843e+01  1.200000e+00
     vertex  1.097438e+01 -1.526443e+01  1.200000e+00
     vertex  1.097438e+01 -1.526443e+01  1.720000e+01
   endloop
 endfacet
 facet normal -6.427876e-01  7.660444e-01  0.000000e+00
   outer loop
     vertex  1.243969e+01 -1.409589e+01  1.200000e+00
     vertex  1.172161e+01 -1.469843e+01  1.720000e+01
     vertex  1.243969e+01 -1.409589e+01  1.720000e+01
   endloop
 endfacet
 facet normal -6.427876e-01  7.660444e-01  0.000000e+00
   outer loop
     vertex  1.243969e+01 -1.409589e+01  1.200000e+00
     vertex  1.172161e+01 -1.469843e+01  1.200000e+00
     vertex  1.172161e+01 -1.469843e+01  1.720000e+01
   endloop
 endfacet
 facet normal -6.801727e-01  7.330519e-01  0.000000e+00
   outer loop
     vertex  1.312685e+01 -1.345830e+01  1.200000e+00
     vertex  1.243969e+01 -1.409589e+01  1.720000e+01
     vertex  1.312685e+01 -1.345830e+01  1.720000e+01
   endloop
 endfacet
 facet normal -6.801727e-01  7.330519e-01  0.000000e+00
   outer loop
     vertex  1.312685e+01 -1.345830e+01  1.200000e+00
     vertex  1.243969e+01 -1.409589e+01  1.200000e+00
     vertex  1.243969e+01 -1.409589e+01  1.720000e+01
   endloop
 endfacet
 facet normal -7.158668e-01  6.982368e-01  0.000000e+00
   outer loop
     vertex  1.378138e+01 -1.278725e+01  1.200000e+00
     vertex  1.312685e+01 -1.345830e+01  1.720000e+01
     vertex  1.378138e+01 -1.278725e+01  1.720000e+01
   endloop
 endfacet
 facet normal -7.158668e-01  6.982368e-01  0.000000e+00
   outer loop
     vertex  1.378138e+01 -1.278725e+01  1.200000e+00
     vertex  1.312685e+01 -1.345830e+01  1.200000e+00
     vertex  1.312685e+01 -1.345830e+01  1.720000e+01
   endloop
 endfacet
 facet normal -7.497812e-01  6.616858e-01  0.000000e+00
   outer loop
     vertex  1.440164e+01 -1.208441e+01  1.200000e+00
     vertex  1.378138e+01 -1.278725e+01  1.200000e+00
     vertex  1.378138e+01 -1.278725e+01  1.720000e+01
   endloop
 endfacet
 facet normal -7.497812e-01  6.616858e-01  0.000000e+00
   outer loop
     vertex  1.440164e+01 -1.208441e+01  1.200000e+00
     vertex  1.378138e+01 -1.278725e+01  1.720000e+01
     vertex  1.440164e+01 -1.208441e+01  1.720000e+01
   endloop
 endfacet
 facet normal -7.818315e-01  6.234898e-01  0.000000e+00
   outer loop
     vertex  1.498609e+01 -1.135152e+01  1.200000e+00
     vertex  1.440164e+01 -1.208441e+01  1.200000e+00
     vertex  1.440164e+01 -1.208441e+01  1.720000e+01
   endloop
 endfacet
 facet normal -7.818315e-01  6.234898e-01  0.000000e+00
   outer loop
     vertex  1.498609e+01 -1.135152e+01  1.200000e+00
     vertex  1.440164e+01 -1.208441e+01  1.720000e+01
     vertex  1.498609e+01 -1.135152e+01  1.720000e+01
   endloop
 endfacet
 facet normal -8.119380e-01  5.837437e-01  0.000000e+00
   outer loop
     vertex  1.553329e+01 -1.059042e+01  1.200000e+00
     vertex  1.498609e+01 -1.135152e+01  1.200000e+00
     vertex  1.498609e+01 -1.135152e+01  1.720000e+01
   endloop
 endfacet
 facet normal -8.119380e-01  5.837437e-01  0.000000e+00
   outer loop
     vertex  1.553329e+01 -1.059042e+01  1.200000e+00
     vertex  1.498609e+01 -1.135152e+01  1.720000e+01
     vertex  1.553329e+01 -1.059042e+01  1.720000e+01
   endloop
 endfacet
 facet normal -8.400259e-01  5.425463e-01  0.000000e+00
   outer loop
     vertex  1.553329e+01 -1.059042e+01  1.200000e+00
     vertex  1.553329e+01 -1.059042e+01  1.720000e+01
     vertex  1.604187e+01 -9.802982e+00  1.720000e+01
   endloop
 endfacet
 facet normal -8.400259e-01  5.425463e-01  0.000000e+00
   outer loop
     vertex  1.604187e+01 -9.802982e+00  1.200000e+00
     vertex  1.553329e+01 -1.059042e+01  1.200000e+00
     vertex  1.604187e+01 -9.802982e+00  1.720000e+01
   endloop
 endfacet
 facet normal -8.660254e-01  5.000000e-01  0.000000e+00
   outer loop
     vertex  1.651057e+01 -8.991175e+00  1.200000e+00
     vertex  1.604187e+01 -9.802982e+00  1.200000e+00
     vertex  1.604187e+01 -9.802982e+00  1.720000e+01
   endloop
 endfacet
 facet normal -8.660254e-01  5.000000e-01  0.000000e+00
   outer loop
     vertex  1.651057e+01 -8.991175e+00  1.200000e+00
     vertex  1.604187e+01 -9.802982e+00  1.720000e+01
     vertex  1.651057e+01 -8.991175e+00  1.720000e+01
   endloop
 endfacet
 facet normal -8.898718e-01  4.562107e-01  0.000000e+00
   outer loop
     vertex  1.693821e+01 -8.157014e+00  1.200000e+00
     vertex  1.651057e+01 -8.991175e+00  1.720000e+01
     vertex  1.693821e+01 -8.157014e+00  1.720000e+01
   endloop
 endfacet
 facet normal -8.898718e-01  4.562107e-01  0.000000e+00
   outer loop
     vertex  1.693821e+01 -8.157014e+00  1.200000e+00
     vertex  1.651057e+01 -8.991175e+00  1.200000e+00
     vertex  1.651057e+01 -8.991175e+00  1.720000e+01
   endloop
 endfacet
 facet normal -9.115059e-01  4.112871e-01  0.000000e+00
   outer loop
     vertex  1.732375e+01 -7.302574e+00  1.200000e+00
     vertex  1.693821e+01 -8.157014e+00  1.720000e+01
     vertex  1.732375e+01 -7.302574e+00  1.720000e+01
   endloop
 endfacet
 facet normal -9.115059e-01  4.112871e-01  0.000000e+00
   outer loop
     vertex  1.732375e+01 -7.302574e+00  1.200000e+00
     vertex  1.693821e+01 -8.157014e+00  1.200000e+00
     vertex  1.693821e+01 -8.157014e+00  1.720000e+01
   endloop
 endfacet
 facet normal -9.308737e-01  3.653410e-01  0.000000e+00
   outer loop
     vertex  1.766622e+01 -6.429979e+00  1.200000e+00
     vertex  1.732375e+01 -7.302574e+00  1.720000e+01
     vertex  1.766622e+01 -6.429979e+00  1.720000e+01
   endloop
 endfacet
 facet normal -9.308737e-01  3.653410e-01  0.000000e+00
   outer loop
     vertex  1.766622e+01 -6.429979e+00  1.200000e+00
     vertex  1.732375e+01 -7.302574e+00  1.200000e+00
     vertex  1.732375e+01 -7.302574e+00  1.720000e+01
   endloop
 endfacet
 facet normal -9.479273e-01  3.184867e-01  0.000000e+00
   outer loop
     vertex  1.796477e+01 -5.541397e+00  1.200000e+00
     vertex  1.766622e+01 -6.429979e+00  1.720000e+01
     vertex  1.796477e+01 -5.541397e+00  1.720000e+01
   endloop
 endfacet
 facet normal -9.479273e-01  3.184867e-01  0.000000e+00
   outer loop
     vertex  1.796477e+01 -5.541397e+00  1.200000e+00
     vertex  1.766622e+01 -6.429979e+00  1.200000e+00
     vertex  1.766622e+01 -6.429979e+00  1.720000e+01
   endloop
 endfacet
 facet normal -9.626242e-01  2.708405e-01  0.000000e+00
   outer loop
     vertex  1.821865e+01 -4.639039e+00  1.200000e+00
     vertex  1.796477e+01 -5.541397e+00  1.720000e+01
     vertex  1.821865e+01 -4.639039e+00  1.720000e+01
   endloop
 endfacet
 facet normal -9.626242e-01  2.708405e-01  0.000000e+00
   outer loop
     vertex  1.821865e+01 -4.639039e+00  1.200000e+00
     vertex  1.796477e+01 -5.541397e+00  1.200000e+00
     vertex  1.796477e+01 -5.541397e+00  1.720000e+01
   endloop
 endfacet
 facet normal -9.749279e-01  2.225209e-01  0.000000e+00
   outer loop
     vertex  1.842724e+01 -3.725147e+00  1.200000e+00
     vertex  1.821865e+01 -4.639039e+00  1.720000e+01
     vertex  1.842724e+01 -3.725147e+00  1.720000e+01
   endloop
 endfacet
 facet normal -9.749279e-01  2.225209e-01  0.000000e+00
   outer loop
     vertex  1.842724e+01 -3.725147e+00  1.200000e+00
     vertex  1.821865e+01 -4.639039e+00  1.200000e+00
     vertex  1.821865e+01 -4.639039e+00  1.720000e+01
   endloop
 endfacet
 facet normal -9.848078e-01  1.736482e-01  0.000000e+00
   outer loop
     vertex  1.859002e+01 -2.801995e+00  1.200000e+00
     vertex  1.842724e+01 -3.725147e+00  1.720000e+01
     vertex  1.859002e+01 -2.801995e+00  1.720000e+01
   endloop
 endfacet
 facet normal -9.848078e-01  1.736482e-01  0.000000e+00
   outer loop
     vertex  1.859002e+01 -2.801995e+00  1.200000e+00
     vertex  1.842724e+01 -3.725147e+00  1.200000e+00
     vertex  1.842724e+01 -3.725147e+00  1.720000e+01
   endloop
 endfacet
 facet normal -9.922392e-01  1.243437e-01  0.000000e+00
   outer loop
     vertex  1.870658e+01 -1.871876e+00  1.200000e+00
     vertex  1.859002e+01 -2.801995e+00  1.720000e+01
     vertex  1.870658e+01 -1.871876e+00  1.720000e+01
   endloop
 endfacet
 facet normal -9.922392e-01  1.243437e-01  0.000000e+00
   outer loop
     vertex  1.870658e+01 -1.871876e+00  1.200000e+00
     vertex  1.859002e+01 -2.801995e+00  1.200000e+00
     vertex  1.859002e+01 -2.801995e+00  1.720000e+01
   endloop
 endfacet
 facet normal -9.972038e-01  7.473009e-02  0.000000e+00
   outer loop
     vertex  1.877663e+01 -9.371027e-01  1.200000e+00
     vertex  1.870658e+01 -1.871876e+00  1.720000e+01
     vertex  1.877663e+01 -9.371027e-01  1.720000e+01
   endloop
 endfacet
 facet normal -9.972038e-01  7.473009e-02  0.000000e+00
   outer loop
     vertex  1.877663e+01 -9.371027e-01  1.200000e+00
     vertex  1.870658e+01 -1.871876e+00  1.200000e+00
     vertex  1.870658e+01 -1.871876e+00  1.720000e+01
   endloop
 endfacet
 facet normal -9.996892e-01  2.493069e-02  0.000000e+00
   outer loop
     vertex  1.880000e+01  0.000000e+00  1.200000e+00
     vertex  1.877663e+01 -9.371027e-01  1.200000e+00
     vertex  1.877663e+01 -9.371027e-01  1.720000e+01
   endloop
 endfacet
 facet normal -9.996892e-01  2.493069e-02  0.000000e+00
   outer loop
     vertex  1.880000e+01  0.000000e+00  1.200000e+00
     vertex  1.877663e+01 -9.371027e-01  1.720000e+01
     vertex  1.880000e+01  0.000000e+00  1.720000e+01
   endloop
 endfacet
 facet normal  9.996892e-01  2.493069e-02  0.000000e+00
   outer loop
     vertex  3.495649e+01  1.744606e+00  0.000000e+00
     vertex  3.500000e+01  0.000000e+00  1.200000e+00
     vertex  3.500000e+01  0.000000e+00  0.000000e+00
   endloop
 endfacet
 facet normal  9.996892e-01  2.493069e-02 -0.000000e+00
   outer loop
     vertex  3.495649e+01  1.744606e+00  0.000000e+00
     vertex  3.495649e+01  1.744606e+00  1.200000e+00
     vertex  3.500000e+01  0.000000e+00  1.200000e+00
   endloop
 endfacet
 facet normal  9.972038e-01  7.473009e-02 -0.000000e+00
   outer loop
     vertex  3.482608e+01  3.484875e+00  0.000000e+00
     vertex  3.482608e+01  3.484875e+00  1.200000e+00
     vertex  3.495649e+01  1.744606e+00  1.200000e+00
   endloop
 endfacet
 facet normal  9.972038e-01  7.473009e-02  0.000000e+00
   outer loop
     vertex  3.482608e+01  3.484875e+00  0.000000e+00
     vertex  3.495649e+01  1.744606e+00  1.200000e+00
     vertex  3.495649e+01  1.744606e+00  0.000000e+00
   endloop
 endfacet
 facet normal  9.922392e-01  1.243437e-01 -0.000000e+00
   outer loop
     vertex  3.460908e+01  5.216479e+00  0.000000e+00
     vertex  3.460908e+01  5.216479e+00  1.200000e+00
     vertex  3.482608e+01  3.484875e+00  1.200000e+00
   endloop
 endfacet
 facet normal  9.922392e-01  1.243437e-01  0.000000e+00
   outer loop
     vertex  3.460908e+01  5.216479e+00  0.000000e+00
     vertex  3.482608e+01  3.484875e+00  1.200000e+00
     vertex  3.482608e+01  3.484875e+00  0.000000e+00
   endloop
 endfacet
 facet normal  9.848078e-01  1.736482e-01 -0.000000e+00
   outer loop
     vertex  3.430604e+01  6.935115e+00  0.000000e+00
     vertex  3.430604e+01  6.935115e+00  1.200000e+00
     vertex  3.460908e+01  5.216479e+00  1.200000e+00
   endloop
 endfacet
 facet normal  9.749279e-01  2.225209e-01 -0.000000e+00
   outer loop
     vertex  3.430604e+01  6.935115e+00  0.000000e+00
     vertex  3.391771e+01  8.636509e+00  1.200000e+00
     vertex  3.430604e+01  6.935115e+00  1.200000e+00
   endloop
 endfacet
 facet normal  9.848078e-01  1.736482e-01  0.000000e+00
   outer loop
     vertex  3.430604e+01  6.935115e+00  0.000000e+00
     vertex  3.460908e+01  5.216479e+00  1.200000e+00
     vertex  3.460908e+01  5.216479e+00  0.000000e+00
   endloop
 endfacet
 facet normal  9.749279e-01  2.225209e-01 -0.000000e+00
   outer loop
     vertex  3.391771e+01  8.636509e+00  0.000000e+00
     vertex  3.391771e+01  8.636509e+00  1.200000e+00
     vertex  3.430604e+01  6.935115e+00  0.000000e+00
   endloop
 endfacet
 facet normal  9.626242e-01  2.708405e-01 -0.000000e+00
   outer loop
     vertex  3.344505e+01  1.031643e+01  0.000000e+00
     vertex  3.344505e+01  1.031643e+01  1.200000e+00
     vertex  3.391771e+01  8.636509e+00  1.200000e+00
   endloop
 endfacet
 facet normal  9.626242e-01  2.708405e-01  0.000000e+00
   outer loop
     vertex  3.344505e+01  1.031643e+01  0.000000e+00
     vertex  3.391771e+01  8.636509e+00  1.200000e+00
     vertex  3.391771e+01  8.636509e+00  0.000000e+00
   endloop
 endfacet
 facet normal  9.479273e-01  3.184867e-01 -0.000000e+00
   outer loop
     vertex  3.288924e+01  1.197071e+01  0.000000e+00
     vertex  3.288924e+01  1.197071e+01  1.200000e+00
     vertex  3.344505e+01  1.031643e+01  1.200000e+00
   endloop
 endfacet
 facet normal  9.479273e-01  3.184867e-01  0.000000e+00
   outer loop
     vertex  3.288924e+01  1.197071e+01  0.000000e+00
     vertex  3.344505e+01  1.031643e+01  1.200000e+00
     vertex  3.344505e+01  1.031643e+01  0.000000e+00
   endloop
 endfacet
 facet normal  9.308737e-01  3.653410e-01 -0.000000e+00
   outer loop
     vertex  3.225167e+01  1.359522e+01  0.000000e+00
     vertex  3.225167e+01  1.359522e+01  1.200000e+00
     vertex  3.288924e+01  1.197071e+01  1.200000e+00
   endloop
 endfacet
 facet normal  9.308737e-01  3.653410e-01  0.000000e+00
   outer loop
     vertex  3.225167e+01  1.359522e+01  0.000000e+00
     vertex  3.288924e+01  1.197071e+01  1.200000e+00
     vertex  3.288924e+01  1.197071e+01  0.000000e+00
   endloop
 endfacet
 facet normal  9.115059e-01  4.112871e-01 -0.000000e+00
   outer loop
     vertex  3.153391e+01  1.518593e+01  0.000000e+00
     vertex  3.153391e+01  1.518593e+01  1.200000e+00
     vertex  3.225167e+01  1.359522e+01  1.200000e+00
   endloop
 endfacet
 facet normal  8.898718e-01  4.562107e-01 -0.000000e+00
   outer loop
     vertex  3.153391e+01  1.518593e+01  0.000000e+00
     vertex  3.073776e+01  1.673889e+01  1.200000e+00
     vertex  3.153391e+01  1.518593e+01  1.200000e+00
   endloop
 endfacet
 facet normal  9.115059e-01  4.112871e-01  0.000000e+00
   outer loop
     vertex  3.153391e+01  1.518593e+01  0.000000e+00
     vertex  3.225167e+01  1.359522e+01  1.200000e+00
     vertex  3.225167e+01  1.359522e+01  0.000000e+00
   endloop
 endfacet
 facet normal  8.660254e-01  5.000000e-01 -0.000000e+00
   outer loop
     vertex  3.073776e+01  1.673889e+01  0.000000e+00
     vertex  2.986518e+01  1.825023e+01  1.200000e+00
     vertex  3.073776e+01  1.673889e+01  1.200000e+00
   endloop
 endfacet
 facet normal  8.898718e-01  4.562107e-01 -0.000000e+00
   outer loop
     vertex  3.073776e+01  1.673889e+01  0.000000e+00
     vertex  3.073776e+01  1.673889e+01  1.200000e+00
     vertex  3.153391e+01  1.518593e+01  0.000000e+00
   endloop
 endfacet
 facet normal  8.660254e-01  5.000000e-01 -0.000000e+00
   outer loop
     vertex  2.986518e+01  1.825023e+01  0.000000e+00
     vertex  2.986518e+01  1.825023e+01  1.200000e+00
     vertex  3.073776e+01  1.673889e+01  0.000000e+00
   endloop
 endfacet
 facet normal  8.400259e-01  5.425463e-01 -0.000000e+00
   outer loop
     vertex  2.891836e+01  1.971620e+01  0.000000e+00
     vertex  2.891836e+01  1.971620e+01  1.200000e+00
     vertex  2.986518e+01  1.825023e+01  1.200000e+00
   endloop
 endfacet
 facet normal  8.119380e-01  5.837437e-01 -0.000000e+00
   outer loop
     vertex  2.891836e+01  1.971620e+01  0.000000e+00
     vertex  2.789964e+01  2.113315e+01  1.200000e+00
     vertex  2.891836e+01  1.971620e+01  1.200000e+00
   endloop
 endfacet
 facet normal  8.400259e-01  5.425463e-01  0.000000e+00
   outer loop
     vertex  2.891836e+01  1.971620e+01  0.000000e+00
     vertex  2.986518e+01  1.825023e+01  1.200000e+00
     vertex  2.986518e+01  1.825023e+01  0.000000e+00
   endloop
 endfacet
 facet normal  8.119380e-01  5.837437e-01 -0.000000e+00
   outer loop
     vertex  2.789964e+01  2.113315e+01  0.000000e+00
     vertex  2.789964e+01  2.113315e+01  1.200000e+00
     vertex  2.891836e+01  1.971620e+01  0.000000e+00
   endloop
 endfacet
 facet normal  7.818315e-01  6.234898e-01  0.000000e+00
   outer loop
     vertex  2.681156e+01  2.249757e+01  0.000000e+00
     vertex  2.789964e+01  2.113315e+01  1.200000e+00
     vertex  2.789964e+01  2.113315e+01  0.000000e+00
   endloop
 endfacet
 facet normal  7.818315e-01  6.234898e-01 -0.000000e+00
   outer loop
     vertex  2.681156e+01  2.249757e+01  0.000000e+00
     vertex  2.681156e+01  2.249757e+01  1.200000e+00
     vertex  2.789964e+01  2.113315e+01  1.200000e+00
   endloop
 endfacet
 facet normal  7.497812e-01  6.616858e-01 -0.000000e+00
   outer loop
     vertex  2.565682e+01  2.380605e+01  0.000000e+00
     vertex  2.565682e+01  2.380605e+01  1.200000e+00
     vertex  2.681156e+01  2.249757e+01  1.200000e+00
   endloop
 endfacet
 facet normal  7.497812e-01  6.616858e-01  0.000000e+00
   outer loop
     vertex  2.565682e+01  2.380605e+01  0.000000e+00
     vertex  2.681156e+01  2.249757e+01  1.200000e+00
     vertex  2.681156e+01  2.249757e+01  0.000000e+00
   endloop
 endfacet
 facet normal  7.158668e-01  6.982368e-01 -0.000000e+00
   outer loop
     vertex  2.443829e+01  2.505534e+01  0.000000e+00
     vertex  2.443829e+01  2.505534e+01  1.200000e+00
     vertex  2.565682e+01  2.380605e+01  1.200000e+00
   endloop
 endfacet
 facet normal  7.158668e-01  6.982368e-01  0.000000e+00
   outer loop
     vertex  2.443829e+01  2.505534e+01  0.000000e+00
     vertex  2.565682e+01  2.380605e+01  1.200000e+00
     vertex  2.565682e+01  2.380605e+01  0.000000e+00
   endloop
 endfacet
 facet normal  6.801727e-01  7.330519e-01 -0.000000e+00
   outer loop
     vertex  2.315900e+01  2.624234e+01  0.000000e+00
     vertex  2.315900e+01  2.624234e+01  1.200000e+00
     vertex  2.443829e+01  2.505534e+01  1.200000e+00
   endloop
 endfacet
 facet normal  6.427876e-01  7.660444e-01 -0.000000e+00
   outer loop
     vertex  2.315900e+01  2.624234e+01  0.000000e+00
     vertex  2.182214e+01  2.736410e+01  1.200000e+00
     vertex  2.315900e+01  2.624234e+01  1.200000e+00
   endloop
 endfacet
 facet normal  6.801727e-01  7.330519e-01  0.000000e+00
   outer loop
     vertex  2.315900e+01  2.624234e+01  0.000000e+00
     vertex  2.443829e+01  2.505534e+01  1.200000e+00
     vertex  2.443829e+01  2.505534e+01  0.000000e+00
   endloop
 endfacet
 facet normal  6.427876e-01  7.660444e-01 -0.000000e+00
   outer loop
     vertex  2.182214e+01  2.736410e+01  0.000000e+00
     vertex  2.182214e+01  2.736410e+01  1.200000e+00
     vertex  2.315900e+01  2.624234e+01  0.000000e+00
   endloop
 endfacet
 facet normal  6.038044e-01  7.971325e-01 -0.000000e+00
   outer loop
     vertex  2.043103e+01  2.841783e+01  0.000000e+00
     vertex  2.043103e+01  2.841783e+01  1.200000e+00
     vertex  2.182214e+01  2.736410e+01  1.200000e+00
   endloop
 endfacet
 facet normal  5.633201e-01  8.262388e-01 -0.000000e+00
   outer loop
     vertex  2.043103e+01  2.841783e+01  0.000000e+00
     vertex  1.898912e+01  2.940091e+01  1.200000e+00
     vertex  2.043103e+01  2.841783e+01  1.200000e+00
   endloop
 endfacet
 facet normal  6.038044e-01  7.971325e-01  0.000000e+00
   outer loop
     vertex  2.043103e+01  2.841783e+01  0.000000e+00
     vertex  2.182214e+01  2.736410e+01  1.200000e+00
     vertex  2.182214e+01  2.736410e+01  0.000000e+00
   endloop
 endfacet
 facet normal  5.633201e-01  8.262388e-01 -0.000000e+00
   outer loop
     vertex  1.898912e+01  2.940091e+01  0.000000e+00
     vertex  1.898912e+01  2.940091e+01  1.200000e+00
     vertex  2.043103e+01  2.841783e+01  0.000000e+00
   endloop
 endfacet
 facet normal  5.214352e-01  8.532909e-01 -0.000000e+00
   outer loop
     vertex  1.750000e+01  3.031089e+01  0.000000e+00
     vertex  1.750000e+01  3.031089e+01  1.200000e+00
     vertex  1.898912e+01  2.940091e+01  1.200000e+00
   endloop
 endfacet
 facet normal  5.214352e-01  8.532909e-01  0.000000e+00
   outer loop
     vertex  1.750000e+01  3.031089e+01  0.000000e+00
     vertex  1.898912e+01  2.940091e+01  1.200000e+00
     vertex  1.898912e+01  2.940091e+01  0.000000e+00
   endloop
 endfacet
 facet normal  4.782540e-01  8.782216e-01 -0.000000e+00
   outer loop
     vertex  1.596737e+01  3.114551e+01  0.000000e+00
     vertex  1.596737e+01  3.114551e+01  1.200000e+00
     vertex  1.750000e+01  3.031089e+01  1.200000e+00
   endloop
 endfacet
 facet normal  4.338837e-01  9.009689e-01 -0.000000e+00
   outer loop
     vertex  1.596737e+01  3.114551e+01  0.000000e+00
     vertex  1.439505e+01  3.190270e+01  1.200000e+00
     vertex  1.596737e+01  3.114551e+01  1.200000e+00
   endloop
 endfacet
 facet normal  4.782540e-01  8.782216e-01  0.000000e+00
   outer loop
     vertex  1.596737e+01  3.114551e+01  0.000000e+00
     vertex  1.750000e+01  3.031089e+01  1.200000e+00
     vertex  1.750000e+01  3.031089e+01  0.000000e+00
   endloop
 endfacet
 facet normal  3.884348e-01  9.214762e-01 -0.000000e+00
   outer loop
     vertex  1.439505e+01  3.190270e+01  0.000000e+00
     vertex  1.278694e+01  3.258058e+01  1.200000e+00
     vertex  1.439505e+01  3.190270e+01  1.200000e+00
   endloop
 endfacet
 facet normal  4.338837e-01  9.009689e-01 -0.000000e+00
   outer loop
     vertex  1.439505e+01  3.190270e+01  0.000000e+00
     vertex  1.439505e+01  3.190270e+01  1.200000e+00
     vertex  1.596737e+01  3.114551e+01  0.000000e+00
   endloop
 endfacet
 facet normal  3.884348e-01  9.214762e-01 -0.000000e+00
   outer loop
     vertex  1.278694e+01  3.258058e+01  0.000000e+00
     vertex  1.278694e+01  3.258058e+01  1.200000e+00
     vertex  1.439505e+01  3.190270e+01  0.000000e+00
   endloop
 endfacet
 facet normal  3.420201e-01  9.396926e-01 -0.000000e+00
   outer loop
     vertex  1.114703e+01  3.317746e+01  0.000000e+00
     vertex  1.114703e+01  3.317746e+01  1.200000e+00
     vertex  1.278694e+01  3.258058e+01  1.200000e+00
   endloop
 endfacet
 facet normal  2.947552e-01  9.555728e-01 -0.000000e+00
   outer loop
     vertex  1.114703e+01  3.317746e+01  0.000000e+00
     vertex  9.479416e+00  3.369185e+01  1.200000e+00
     vertex  1.114703e+01  3.317746e+01  1.200000e+00
   endloop
 endfacet
 facet normal  3.420201e-01  9.396926e-01  0.000000e+00
   outer loop
     vertex  1.114703e+01  3.317746e+01  0.000000e+00
     vertex  1.278694e+01  3.258058e+01  1.200000e+00
     vertex  1.278694e+01  3.258058e+01  0.000000e+00
   endloop
 endfacet
 facet normal  2.467574e-01  9.690773e-01 -0.000000e+00
   outer loop
     vertex  9.479416e+00  3.369185e+01  0.000000e+00
     vertex  7.788233e+00  3.412248e+01  1.200000e+00
     vertex  9.479416e+00  3.369185e+01  1.200000e+00
   endloop
 endfacet
 facet normal  2.947552e-01  9.555728e-01 -0.000000e+00
   outer loop
     vertex  9.479416e+00  3.369185e+01  0.000000e+00
     vertex  9.479416e+00  3.369185e+01  1.200000e+00
     vertex  1.114703e+01  3.317746e+01  0.000000e+00
   endloop
 endfacet
 facet normal  2.467574e-01  9.690773e-01 -0.000000e+00
   outer loop
     vertex  7.788233e+00  3.412248e+01  0.000000e+00
     vertex  7.788233e+00  3.412248e+01  1.200000e+00
     vertex  9.479416e+00  3.369185e+01  0.000000e+00
   endloop
 endfacet
 facet normal  1.981461e-01  9.801725e-01 -0.000000e+00
   outer loop
     vertex  6.077686e+00  3.446827e+01  0.000000e+00
     vertex  6.077686e+00  3.446827e+01  1.200000e+00
     vertex  7.788233e+00  3.412248e+01  1.200000e+00
   endloop
 endfacet
 facet normal  1.981461e-01  9.801725e-01  0.000000e+00
   outer loop
     vertex  6.077686e+00  3.446827e+01  0.000000e+00
     vertex  7.788233e+00  3.412248e+01  1.200000e+00
     vertex  7.788233e+00  3.412248e+01  0.000000e+00
   endloop
 endfacet
 facet normal  1.490423e-01  9.888308e-01 -0.000000e+00
   outer loop
     vertex  4.352030e+00  3.472837e+01  0.000000e+00
     vertex  4.352030e+00  3.472837e+01  1.200000e+00
     vertex  6.077686e+00  3.446827e+01  1.200000e+00
   endloop
 endfacet
 facet normal  1.490423e-01  9.888308e-01  0.000000e+00
   outer loop
     vertex  4.352030e+00  3.472837e+01  0.000000e+00
     vertex  6.077686e+00  3.446827e+01  1.200000e+00
     vertex  6.077686e+00  3.446827e+01  0.000000e+00
   endloop
 endfacet
 facet normal  9.956785e-02  9.950308e-01 -0.000000e+00
   outer loop
     vertex  2.615553e+00  3.490213e+01  0.000000e+00
     vertex  2.615553e+00  3.490213e+01  1.200000e+00
     vertex  4.352030e+00  3.472837e+01  1.200000e+00
   endloop
 endfacet
 facet normal  9.956785e-02  9.950308e-01  0.000000e+00
   outer loop
     vertex  2.615553e+00  3.490213e+01  0.000000e+00
     vertex  4.352030e+00  3.472837e+01  1.200000e+00
     vertex  4.352030e+00  3.472837e+01  0.000000e+00
   endloop
 endfacet
 facet normal  4.984589e-02  9.987569e-01 -0.000000e+00
   outer loop
     vertex  8.725742e-01  3.498912e+01  0.000000e+00
     vertex  8.725742e-01  3.498912e+01  1.200000e+00
     vertex  2.615553e+00  3.490213e+01  1.200000e+00
   endloop
 endfacet
 facet normal  4.984589e-02  9.987569e-01  0.000000e+00
   outer loop
     vertex  8.725742e-01  3.498912e+01  0.000000e+00
     vertex  2.615553e+00  3.490213e+01  1.200000e+00
     vertex  2.615553e+00  3.490213e+01  0.000000e+00
   endloop
 endfacet
 facet normal  0.000000e+00  1.000000e+00  0.000000e+00
   outer loop
     vertex -8.725742e-01  3.498912e+01  0.000000e+00
     vertex -8.725742e-01  3.498912e+01  1.200000e+00
     vertex  8.725742e-01  3.498912e+01  1.200000e+00
   endloop
 endfacet
 facet normal -4.984589e-02  9.987569e-01  0.000000e+00
   outer loop
     vertex -8.725742e-01  3.498912e+01  0.000000e+00
     vertex -2.615553e+00  3.490213e+01  1.200000e+00
     vertex -8.725742e-01  3.498912e+01  1.200000e+00
   endloop
 endfacet
 facet normal  0.000000e+00  1.000000e+00  0.000000e+00
   outer loop
     vertex -8.725742e-01  3.498912e+01  0.000000e+00
     vertex  8.725742e-01  3.498912e+01  1.200000e+00
     vertex  8.725742e-01  3.498912e+01  0.000000e+00
   endloop
 endfacet
 facet normal -4.984589e-02  9.987569e-01  0.000000e+00
   outer loop
     vertex -2.615553e+00  3.490213e+01  0.000000e+00
     vertex -2.615553e+00  3.490213e+01  1.200000e+00
     vertex -8.725742e-01  3.498912e+01  0.000000e+00
   endloop
 endfacet
 facet normal -9.956785e-02  9.950308e-01  0.000000e+00
   outer loop
     vertex -4.352030e+00  3.472837e+01  0.000000e+00
     vertex -4.352030e+00  3.472837e+01  1.200000e+00
     vertex -2.615553e+00  3.490213e+01  1.200000e+00
   endloop
 endfacet
 facet normal -9.956785e-02  9.950308e-01  0.000000e+00
   outer loop
     vertex -4.352030e+00  3.472837e+01  0.000000e+00
     vertex -2.615553e+00  3.490213e+01  1.200000e+00
     vertex -2.615553e+00  3.490213e+01  0.000000e+00
   endloop
 endfacet
 facet normal -1.490423e-01  9.888308e-01  0.000000e+00
   outer loop
     vertex -6.077686e+00  3.446827e+01  0.000000e+00
     vertex -6.077686e+00  3.446827e+01  1.200000e+00
     vertex -4.352030e+00  3.472837e+01  1.200000e+00
   endloop
 endfacet
 facet normal -1.490423e-01  9.888308e-01  0.000000e+00
   outer loop
     vertex -6.077686e+00  3.446827e+01  0.000000e+00
     vertex -4.352030e+00  3.472837e+01  1.200000e+00
     vertex -4.352030e+00  3.472837e+01  0.000000e+00
   endloop
 endfacet
 facet normal -1.981461e-01  9.801725e-01  0.000000e+00
   outer loop
     vertex -7.788233e+00  3.412248e+01  0.000000e+00
     vertex -7.788233e+00  3.412248e+01  1.200000e+00
     vertex -6.077686e+00  3.446827e+01  1.200000e+00
   endloop
 endfacet
 facet normal -1.981461e-01  9.801725e-01  0.000000e+00
   outer loop
     vertex -7.788233e+00  3.412248e+01  0.000000e+00
     vertex -6.077686e+00  3.446827e+01  1.200000e+00
     vertex -6.077686e+00  3.446827e+01  0.000000e+00
   endloop
 endfacet
 facet normal -2.467574e-01  9.690773e-01  0.000000e+00
   outer loop
     vertex -9.479416e+00  3.369185e+01  0.000000e+00
     vertex -7.788233e+00  3.412248e+01  1.200000e+00
     vertex -7.788233e+00  3.412248e+01  0.000000e+00
   endloop
 endfacet
 facet normal -2.467574e-01  9.690773e-01  0.000000e+00
   outer loop
     vertex -9.479416e+00  3.369185e+01  0.000000e+00
     vertex -9.479416e+00  3.369185e+01  1.200000e+00
     vertex -7.788233e+00  3.412248e+01  1.200000e+00
   endloop
 endfacet
 facet normal -2.947552e-01  9.555728e-01  0.000000e+00
   outer loop
     vertex -1.114703e+01  3.317746e+01  0.000000e+00
     vertex -9.479416e+00  3.369185e+01  1.200000e+00
     vertex -9.479416e+00  3.369185e+01  0.000000e+00
   endloop
 endfacet
 facet normal -2.947552e-01  9.555728e-01  0.000000e+00
   outer loop
     vertex -1.114703e+01  3.317746e+01  0.000000e+00
     vertex -1.114703e+01  3.317746e+01  1.200000e+00
     vertex -9.479416e+00  3.369185e+01  1.200000e+00
   endloop
 endfacet
 facet normal -3.420201e-01  9.396926e-01  0.000000e+00
   outer loop
     vertex -1.278694e+01  3.258058e+01  0.000000e+00
     vertex -1.114703e+01  3.317746e+01  1.200000e+00
     vertex -1.114703e+01  3.317746e+01  0.000000e+00
   endloop
 endfacet
 facet normal -3.420201e-01  9.396926e-01  0.000000e+00
   outer loop
     vertex -1.278694e+01  3.258058e+01  0.000000e+00
     vertex -1.278694e+01  3.258058e+01  1.200000e+00
     vertex -1.114703e+01  3.317746e+01  1.200000e+00
   endloop
 endfacet
 facet normal -3.884348e-01  9.214762e-01  0.000000e+00
   outer loop
     vertex -1.439505e+01  3.190270e+01  0.000000e+00
     vertex -1.278694e+01  3.258058e+01  1.200000e+00
     vertex -1.278694e+01  3.258058e+01  0.000000e+00
   endloop
 endfacet
 facet normal -3.884348e-01  9.214762e-01  0.000000e+00
   outer loop
     vertex -1.439505e+01  3.190270e+01  0.000000e+00
     vertex -1.439505e+01  3.190270e+01  1.200000e+00
     vertex -1.278694e+01  3.258058e+01  1.200000e+00
   endloop
 endfacet
 facet normal -4.338837e-01  9.009689e-01  0.000000e+00
   outer loop
     vertex -1.596737e+01  3.114551e+01  0.000000e+00
     vertex -1.439505e+01  3.190270e+01  1.200000e+00
     vertex -1.439505e+01  3.190270e+01  0.000000e+00
   endloop
 endfacet
 facet normal -4.338837e-01  9.009689e-01  0.000000e+00
   outer loop
     vertex -1.596737e+01  3.114551e+01  0.000000e+00
     vertex -1.596737e+01  3.114551e+01  1.200000e+00
     vertex -1.439505e+01  3.190270e+01  1.200000e+00
   endloop
 endfacet
 facet normal -4.782540e-01  8.782216e-01  0.000000e+00
   outer loop
     vertex -1.750000e+01  3.031089e+01  0.000000e+00
     vertex -1.596737e+01  3.114551e+01  1.200000e+00
     vertex -1.596737e+01  3.114551e+01  0.000000e+00
   endloop
 endfacet
 facet normal -4.782540e-01  8.782216e-01  0.000000e+00
   outer loop
     vertex -1.750000e+01  3.031089e+01  0.000000e+00
     vertex -1.750000e+01  3.031089e+01  1.200000e+00
     vertex -1.596737e+01  3.114551e+01  1.200000e+00
   endloop
 endfacet
 facet normal -5.214352e-01  8.532909e-01  0.000000e+00
   outer loop
     vertex -1.898912e+01  2.940091e+01  0.000000e+00
     vertex -1.750000e+01  3.031089e+01  1.200000e+00
     vertex -1.750000e+01  3.031089e+01  0.000000e+00
   endloop
 endfacet
 facet normal -5.214352e-01  8.532909e-01  0.000000e+00
   outer loop
     vertex -1.898912e+01  2.940091e+01  0.000000e+00
     vertex -1.898912e+01  2.940091e+01  1.200000e+00
     vertex -1.750000e+01  3.031089e+01  1.200000e+00
   endloop
 endfacet
 facet normal -5.633201e-01  8.262388e-01  0.000000e+00
   outer loop
     vertex -2.043103e+01  2.841783e+01  0.000000e+00
     vertex -1.898912e+01  2.940091e+01  1.200000e+00
     vertex -1.898912e+01  2.940091e+01  0.000000e+00
   endloop
 endfacet
 facet normal -5.633201e-01  8.262388e-01  0.000000e+00
   outer loop
     vertex -2.043103e+01  2.841783e+01  0.000000e+00
     vertex -2.043103e+01  2.841783e+01  1.200000e+00
     vertex -1.898912e+01  2.940091e+01  1.200000e+00
   endloop
 endfacet
 facet normal -6.038044e-01  7.971325e-01  0.000000e+00
   outer loop
     vertex -2.182214e+01  2.736410e+01  0.000000e+00
     vertex -2.043103e+01  2.841783e+01  1.200000e+00
     vertex -2.043103e+01  2.841783e+01  0.000000e+00
   endloop
 endfacet
 facet normal -6.038044e-01  7.971325e-01  0.000000e+00
   outer loop
     vertex -2.182214e+01  2.736410e+01  0.000000e+00
     vertex -2.182214e+01  2.736410e+01  1.200000e+00
     vertex -2.043103e+01  2.841783e+01  1.200000e+00
   endloop
 endfacet
 facet normal -6.427876e-01  7.660444e-01  0.000000e+00
   outer loop
     vertex -2.315900e+01  2.624234e+01  0.000000e+00
     vertex -2.182214e+01  2.736410e+01  1.200000e+00
     vertex -2.182214e+01  2.736410e+01  0.000000e+00
   endloop
 endfacet
 facet normal -6.427876e-01  7.660444e-01  0.000000e+00
   outer loop
     vertex -2.315900e+01  2.624234e+01  0.000000e+00
     vertex -2.315900e+01  2.624234e+01  1.200000e+00
     vertex -2.182214e+01  2.736410e+01  1.200000e+00
   endloop
 endfacet
 facet normal -6.801727e-01  7.330519e-01  0.000000e+00
   outer loop
     vertex -2.443829e+01  2.505534e+01  0.000000e+00
     vertex -2.315900e+01  2.624234e+01  1.200000e+00
     vertex -2.315900e+01  2.624234e+01  0.000000e+00
   endloop
 endfacet
 facet normal -6.801727e-01  7.330519e-01  0.000000e+00
   outer loop
     vertex -2.443829e+01  2.505534e+01  0.000000e+00
     vertex -2.443829e+01  2.505534e+01  1.200000e+00
     vertex -2.315900e+01  2.624234e+01  1.200000e+00
   endloop
 endfacet
 facet normal -7.158668e-01  6.982368e-01  0.000000e+00
   outer loop
     vertex -2.565682e+01  2.380605e+01  0.000000e+00
     vertex -2.443829e+01  2.505534e+01  1.200000e+00
     vertex -2.443829e+01  2.505534e+01  0.000000e+00
   endloop
 endfacet
 facet normal -7.158668e-01  6.982368e-01  0.000000e+00
   outer loop
     vertex -2.565682e+01  2.380605e+01  0.000000e+00
     vertex -2.565682e+01  2.380605e+01  1.200000e+00
     vertex -2.443829e+01  2.505534e+01  1.200000e+00
   endloop
 endfacet
 facet normal -7.497812e-01  6.616858e-01  0.000000e+00
   outer loop
     vertex -2.681156e+01  2.249757e+01  0.000000e+00
     vertex -2.681156e+01  2.249757e+01  1.200000e+00
     vertex -2.565682e+01  2.380605e+01  1.200000e+00
   endloop
 endfacet
 facet normal -7.497812e-01  6.616858e-01  0.000000e+00
   outer loop
     vertex -2.681156e+01  2.249757e+01  0.000000e+00
     vertex -2.565682e+01  2.380605e+01  1.200000e+00
     vertex -2.565682e+01  2.380605e+01  0.000000e+00
   endloop
 endfacet
 facet normal -7.818315e-01  6.234898e-01  0.000000e+00
   outer loop
     vertex -2.789964e+01  2.113315e+01  0.000000e+00
     vertex -2.789964e+01  2.113315e+01  1.200000e+00
     vertex -2.681156e+01  2.249757e+01  1.200000e+00
   endloop
 endfacet
 facet normal -7.818315e-01  6.234898e-01  0.000000e+00
   outer loop
     vertex -2.789964e+01  2.113315e+01  0.000000e+00
     vertex -2.681156e+01  2.249757e+01  1.200000e+00
     vertex -2.681156e+01  2.249757e+01  0.000000e+00
   endloop
 endfacet
 facet normal -8.119380e-01  5.837437e-01  0.000000e+00
   outer loop
     vertex -2.891836e+01  1.971620e+01  0.000000e+00
     vertex -2.891836e+01  1.971620e+01  1.200000e+00
     vertex -2.789964e+01  2.113315e+01  1.200000e+00
   endloop
 endfacet
 facet normal -8.119380e-01  5.837437e-01  0.000000e+00
   outer loop
     vertex -2.891836e+01  1.971620e+01  0.000000e+00
     vertex -2.789964e+01  2.113315e+01  1.200000e+00
     vertex -2.789964e+01  2.113315e+01  0.000000e+00
   endloop
 endfacet
 facet normal -8.400259e-01  5.425463e-01  0.000000e+00
   outer loop
     vertex -2.986518e+01  1.825023e+01  0.000000e+00
     vertex -2.986518e+01  1.825023e+01  1.200000e+00
     vertex -2.891836e+01  1.971620e+01  1.200000e+00
   endloop
 endfacet
 facet normal -8.400259e-01  5.425463e-01  0.000000e+00
   outer loop
     vertex -2.986518e+01  1.825023e+01  0.000000e+00
     vertex -2.891836e+01  1.971620e+01  1.200000e+00
     vertex -2.891836e+01  1.971620e+01  0.000000e+00
   endloop
 endfacet
 facet normal -8.660254e-01  5.000000e-01  0.000000e+00
   outer loop
     vertex -3.073776e+01  1.673889e+01  0.000000e+00
     vertex -3.073776e+01  1.673889e+01  1.200000e+00
     vertex -2.986518e+01  1.825023e+01  1.200000e+00
   endloop
 endfacet
 facet normal -8.660254e-01  5.000000e-01  0.000000e+00
   outer loop
     vertex -3.073776e+01  1.673889e+01  0.000000e+00
     vertex -2.986518e+01  1.825023e+01  1.200000e+00
     vertex -2.986518e+01  1.825023e+01  0.000000e+00
   endloop
 endfacet
 facet normal -8.898718e-01  4.562107e-01  0.000000e+00
   outer loop
     vertex -3.153391e+01  1.518593e+01  0.000000e+00
     vertex -3.153391e+01  1.518593e+01  1.200000e+00
     vertex -3.073776e+01  1.673889e+01  1.200000e+00
   endloop
 endfacet
 facet normal -8.898718e-01  4.562107e-01  0.000000e+00
   outer loop
     vertex -3.153391e+01  1.518593e+01  0.000000e+00
     vertex -3.073776e+01  1.673889e+01  1.200000e+00
     vertex -3.073776e+01  1.673889e+01  0.000000e+00
   endloop
 endfacet
 facet normal -9.115059e-01  4.112871e-01  0.000000e+00
   outer loop
     vertex -3.225167e+01  1.359522e+01  0.000000e+00
     vertex -3.225167e+01  1.359522e+01  1.200000e+00
     vertex -3.153391e+01  1.518593e+01  1.200000e+00
   endloop
 endfacet
 facet normal -9.115059e-01  4.112871e-01  0.000000e+00
   outer loop
     vertex -3.225167e+01  1.359522e+01  0.000000e+00
     vertex -3.153391e+01  1.518593e+01  1.200000e+00
     vertex -3.153391e+01  1.518593e+01  0.000000e+00
   endloop
 endfacet
 facet normal -9.308737e-01  3.653410e-01  0.000000e+00
   outer loop
     vertex -3.288924e+01  1.197071e+01  0.000000e+00
     vertex -3.288924e+01  1.197071e+01  1.200000e+00
     vertex -3.225167e+01  1.359522e+01  1.200000e+00
   endloop
 endfacet
 facet normal -9.308737e-01  3.653410e-01  0.000000e+00
   outer loop
     vertex -3.288924e+01  1.197071e+01  0.000000e+00
     vertex -3.225167e+01  1.359522e+01  1.200000e+00
     vertex -3.225167e+01  1.359522e+01  0.000000e+00
   endloop
 endfacet
 facet normal -9.479273e-01  3.184867e-01  0.000000e+00
   outer loop
     vertex -3.344505e+01  1.031643e+01  0.000000e+00
     vertex -3.344505e+01  1.031643e+01  1.200000e+00
     vertex -3.288924e+01  1.197071e+01  1.200000e+00
   endloop
 endfacet
 facet normal -9.479273e-01  3.184867e-01  0.000000e+00
   outer loop
     vertex -3.344505e+01  1.031643e+01  0.000000e+00
     vertex -3.288924e+01  1.197071e+01  1.200000e+00
     vertex -3.288924e+01  1.197071e+01  0.000000e+00
   endloop
 endfacet
 facet normal -9.626242e-01  2.708405e-01  0.000000e+00
   outer loop
     vertex -3.391771e+01  8.636509e+00  0.000000e+00
     vertex -3.391771e+01  8.636509e+00  1.200000e+00
     vertex -3.344505e+01  1.031643e+01  1.200000e+00
   endloop
 endfacet
 facet normal -9.626242e-01  2.708405e-01  0.000000e+00
   outer loop
     vertex -3.391771e+01  8.636509e+00  0.000000e+00
     vertex -3.344505e+01  1.031643e+01  1.200000e+00
     vertex -3.344505e+01  1.031643e+01  0.000000e+00
   endloop
 endfacet
 facet normal -9.749279e-01  2.225209e-01  0.000000e+00
   outer loop
     vertex -3.430604e+01  6.935115e+00  0.000000e+00
     vertex -3.430604e+01  6.935115e+00  1.200000e+00
     vertex -3.391771e+01  8.636509e+00  1.200000e+00
   endloop
 endfacet
 facet normal -9.749279e-01  2.225209e-01  0.000000e+00
   outer loop
     vertex -3.430604e+01  6.935115e+00  0.000000e+00
     vertex -3.391771e+01  8.636509e+00  1.200000e+00
     vertex -3.391771e+01  8.636509e+00  0.000000e+00
   endloop
 endfacet
 facet normal -9.848078e-01  1.736482e-01  0.000000e+00
   outer loop
     vertex -3.460908e+01  5.216479e+00  0.000000e+00
     vertex -3.460908e+01  5.216479e+00  1.200000e+00
     vertex -3.430604e+01  6.935115e+00  1.200000e+00
   endloop
 endfacet
 facet normal -9.848078e-01  1.736482e-01  0.000000e+00
   outer loop
     vertex -3.460908e+01  5.216479e+00  0.000000e+00
     vertex -3.430604e+01  6.935115e+00  1.200000e+00
     vertex -3.430604e+01  6.935115e+00  0.000000e+00
   endloop
 endfacet
 facet normal -9.922392e-01  1.243437e-01  0.000000e+00
   outer loop
     vertex -3.482608e+01  3.484875e+00  0.000000e+00
     vertex -3.482608e+01  3.484875e+00  1.200000e+00
     vertex -3.460908e+01  5.216479e+00  1.200000e+00
   endloop
 endfacet
 facet normal -9.922392e-01  1.243437e-01  0.000000e+00
   outer loop
     vertex -3.482608e+01  3.484875e+00  0.000000e+00
     vertex -3.460908e+01  5.216479e+00  1.200000e+00
     vertex -3.460908e+01  5.216479e+00  0.000000e+00
   endloop
 endfacet
 facet normal -9.972038e-01  7.473009e-02  0.000000e+00
   outer loop
     vertex -3.495649e+01  1.744606e+00  0.000000e+00
     vertex -3.482608e+01  3.484875e+00  1.200000e+00
     vertex -3.482608e+01  3.484875e+00  0.000000e+00
   endloop
 endfacet
 facet normal -9.972038e-01  7.473009e-02  0.000000e+00
   outer loop
     vertex -3.495649e+01  1.744606e+00  0.000000e+00
     vertex -3.495649e+01  1.744606e+00  1.200000e+00
     vertex -3.482608e+01  3.484875e+00  1.200000e+00
   endloop
 endfacet
 facet normal -9.996892e-01  2.493069e-02  0.000000e+00
   outer loop
     vertex -3.500000e+01 -1.200587e-13  0.000000e+00
     vertex -3.495649e+01  1.744606e+00  1.200000e+00
     vertex -3.495649e+01  1.744606e+00  0.000000e+00
   endloop
 endfacet
 facet normal -9.996892e-01  2.493069e-02  0.000000e+00
   outer loop
     vertex -3.500000e+01 -1.200587e-13  0.000000e+00
     vertex -3.500000e+01 -1.200587e-13  1.200000e+00
     vertex -3.495649e+01  1.744606e+00  1.200000e+00
   endloop
 endfacet
 facet normal -9.996892e-01 -2.493069e-02  0.000000e+00
   outer loop
     vertex -3.495649e+01 -1.744606e+00  0.000000e+00
     vertex -3.500000e+01 -1.200587e-13  1.200000e+00
     vertex -3.500000e+01 -1.200587e-13  0.000000e+00
   endloop
 endfacet
 facet normal -9.996892e-01 -2.493069e-02  0.000000e+00
   outer loop
     vertex -3.495649e+01 -1.744606e+00  0.000000e+00
     vertex -3.495649e+01 -1.744606e+00  1.200000e+00
     vertex -3.500000e+01 -1.200587e-13  1.200000e+00
   endloop
 endfacet
 facet normal -9.972038e-01 -7.473009e-02  0.000000e+00
   outer loop
     vertex -3.482608e+01 -3.484875e+00  0.000000e+00
     vertex -3.495649e+01 -1.744606e+00  1.200000e+00
     vertex -3.495649e+01 -1.744606e+00  0.000000e+00
   endloop
 endfacet
 facet normal -9.972038e-01 -7.473009e-02  0.000000e+00
   outer loop
     vertex -3.482608e+01 -3.484875e+00  0.000000e+00
     vertex -3.482608e+01 -3.484875e+00  1.200000e+00
     vertex -3.495649e+01 -1.744606e+00  1.200000e+00
   endloop
 endfacet
 facet normal -9.922392e-01 -1.243437e-01  0.000000e+00
   outer loop
     vertex -3.460908e+01 -5.216479e+00  0.000000e+00
     vertex -3.482608e+01 -3.484875e+00  1.200000e+00
     vertex -3.482608e+01 -3.484875e+00  0.000000e+00
   endloop
 endfacet
 facet normal -9.922392e-01 -1.243437e-01  0.000000e+00
   outer loop
     vertex -3.460908e+01 -5.216479e+00  0.000000e+00
     vertex -3.460908e+01 -5.216479e+00  1.200000e+00
     vertex -3.482608e+01 -3.484875e+00  1.200000e+00
   endloop
 endfacet
 facet normal -9.848078e-01 -1.736482e-01  0.000000e+00
   outer loop
     vertex -3.430604e+01 -6.935115e+00  0.000000e+00
     vertex -3.460908e+01 -5.216479e+00  1.200000e+00
     vertex -3.460908e+01 -5.216479e+00  0.000000e+00
   endloop
 endfacet
 facet normal -9.848078e-01 -1.736482e-01  0.000000e+00
   outer loop
     vertex -3.430604e+01 -6.935115e+00  0.000000e+00
     vertex -3.430604e+01 -6.935115e+00  1.200000e+00
     vertex -3.460908e+01 -5.216479e+00  1.200000e+00
   endloop
 endfacet
 facet normal -9.749279e-01 -2.225209e-01  0.000000e+00
   outer loop
     vertex -3.391771e+01 -8.636509e+00  0.000000e+00
     vertex -3.430604e+01 -6.935115e+00  1.200000e+00
     vertex -3.430604e+01 -6.935115e+00  0.000000e+00
   endloop
 endfacet
 facet normal -9.749279e-01 -2.225209e-01  0.000000e+00
   outer loop
     vertex -3.391771e+01 -8.636509e+00  0.000000e+00
     vertex -3.391771e+01 -8.636509e+00  1.200000e+00
     vertex -3.430604e+01 -6.935115e+00  1.200000e+00
   endloop
 endfacet
 facet normal -9.626242e-01 -2.708405e-01  0.000000e+00
   outer loop
     vertex -3.344505e+01 -1.031643e+01  0.000000e+00
     vertex -3.391771e+01 -8.636509e+00  1.200000e+00
     vertex -3.391771e+01 -8.636509e+00  0.000000e+00
   endloop
 endfacet
 facet normal -9.626242e-01 -2.708405e-01  0.000000e+00
   outer loop
     vertex -3.344505e+01 -1.031643e+01  0.000000e+00
     vertex -3.344505e+01 -1.031643e+01  1.200000e+00
     vertex -3.391771e+01 -8.636509e+00  1.200000e+00
   endloop
 endfacet
 facet normal -9.479273e-01 -3.184867e-01  0.000000e+00
   outer loop
     vertex -3.288924e+01 -1.197071e+01  0.000000e+00
     vertex -3.344505e+01 -1.031643e+01  1.200000e+00
     vertex -3.344505e+01 -1.031643e+01  0.000000e+00
   endloop
 endfacet
 facet normal -9.479273e-01 -3.184867e-01  0.000000e+00
   outer loop
     vertex -3.288924e+01 -1.197071e+01  0.000000e+00
     vertex -3.288924e+01 -1.197071e+01  1.200000e+00
     vertex -3.344505e+01 -1.031643e+01  1.200000e+00
   endloop
 endfacet
 facet normal -9.308737e-01 -3.653410e-01  0.000000e+00
   outer loop
     vertex -3.225167e+01 -1.359522e+01  0.000000e+00
     vertex -3.288924e+01 -1.197071e+01  1.200000e+00
     vertex -3.288924e+01 -1.197071e+01  0.000000e+00
   endloop
 endfacet
 facet normal -9.308737e-01 -3.653410e-01  0.000000e+00
   outer loop
     vertex -3.225167e+01 -1.359522e+01  0.000000e+00
     vertex -3.225167e+01 -1.359522e+01  1.200000e+00
     vertex -3.288924e+01 -1.197071e+01  1.200000e+00
   endloop
 endfacet
 facet normal -9.115059e-01 -4.112871e-01  0.000000e+00
   outer loop
     vertex -3.153391e+01 -1.518593e+01  0.000000e+00
     vertex -3.225167e+01 -1.359522e+01  1.200000e+00
     vertex -3.225167e+01 -1.359522e+01  0.000000e+00
   endloop
 endfacet
 facet normal -9.115059e-01 -4.112871e-01  0.000000e+00
   outer loop
     vertex -3.153391e+01 -1.518593e+01  0.000000e+00
     vertex -3.153391e+01 -1.518593e+01  1.200000e+00
     vertex -3.225167e+01 -1.359522e+01  1.200000e+00
   endloop
 endfacet
 facet normal -8.898718e-01 -4.562107e-01  0.000000e+00
   outer loop
     vertex -3.073776e+01 -1.673889e+01  0.000000e+00
     vertex -3.153391e+01 -1.518593e+01  1.200000e+00
     vertex -3.153391e+01 -1.518593e+01  0.000000e+00
   endloop
 endfacet
 facet normal -8.898718e-01 -4.562107e-01  0.000000e+00
   outer loop
     vertex -3.073776e+01 -1.673889e+01  0.000000e+00
     vertex -3.073776e+01 -1.673889e+01  1.200000e+00
     vertex -3.153391e+01 -1.518593e+01  1.200000e+00
   endloop
 endfacet
 facet normal -8.660254e-01 -5.000000e-01  0.000000e+00
   outer loop
     vertex -2.986518e+01 -1.825023e+01  0.000000e+00
     vertex -3.073776e+01 -1.673889e+01  1.200000e+00
     vertex -3.073776e+01 -1.673889e+01  0.000000e+00
   endloop
 endfacet
 facet normal -8.660254e-01 -5.000000e-01  0.000000e+00
   outer loop
     vertex -2.986518e+01 -1.825023e+01  0.000000e+00
     vertex -2.986518e+01 -1.825023e+01  1.200000e+00
     vertex -3.073776e+01 -1.673889e+01  1.200000e+00
   endloop
 endfacet
 facet normal -8.400259e-01 -5.425463e-01  0.000000e+00
   outer loop
     vertex -2.891836e+01 -1.971620e+01  0.000000e+00
     vertex -2.986518e+01 -1.825023e+01  1.200000e+00
     vertex -2.986518e+01 -1.825023e+01  0.000000e+00
   endloop
 endfacet
 facet normal -8.400259e-01 -5.425463e-01  0.000000e+00
   outer loop
     vertex -2.891836e+01 -1.971620e+01  0.000000e+00
     vertex -2.891836e+01 -1.971620e+01  1.200000e+00
     vertex -2.986518e+01 -1.825023e+01  1.200000e+00
   endloop
 endfacet
 facet normal -8.119380e-01 -5.837437e-01  0.000000e+00
   outer loop
     vertex -2.789964e+01 -2.113315e+01  0.000000e+00
     vertex -2.891836e+01 -1.971620e+01  1.200000e+00
     vertex -2.891836e+01 -1.971620e+01  0.000000e+00
   endloop
 endfacet
 facet normal -8.119380e-01 -5.837437e-01  0.000000e+00
   outer loop
     vertex -2.789964e+01 -2.113315e+01  0.000000e+00
     vertex -2.789964e+01 -2.113315e+01  1.200000e+00
     vertex -2.891836e+01 -1.971620e+01  1.200000e+00
   endloop
 endfacet
 facet normal -7.818315e-01 -6.234898e-01  0.000000e+00
   outer loop
     vertex -2.681156e+01 -2.249757e+01  0.000000e+00
     vertex -2.789964e+01 -2.113315e+01  1.200000e+00
     vertex -2.789964e+01 -2.113315e+01  0.000000e+00
   endloop
 endfacet
 facet normal -7.818315e-01 -6.234898e-01  0.000000e+00
   outer loop
     vertex -2.681156e+01 -2.249757e+01  0.000000e+00
     vertex -2.681156e+01 -2.249757e+01  1.200000e+00
     vertex -2.789964e+01 -2.113315e+01  1.200000e+00
   endloop
 endfacet
 facet normal -7.497812e-01 -6.616858e-01  0.000000e+00
   outer loop
     vertex -2.565682e+01 -2.380605e+01  0.000000e+00
     vertex -2.681156e+01 -2.249757e+01  1.200000e+00
     vertex -2.681156e+01 -2.249757e+01  0.000000e+00
   endloop
 endfacet
 facet normal -7.497812e-01 -6.616858e-01  0.000000e+00
   outer loop
     vertex -2.565682e+01 -2.380605e+01  0.000000e+00
     vertex -2.565682e+01 -2.380605e+01  1.200000e+00
     vertex -2.681156e+01 -2.249757e+01  1.200000e+00
   endloop
 endfacet
 facet normal -7.158668e-01 -6.982368e-01  0.000000e+00
   outer loop
     vertex -2.443829e+01 -2.505534e+01  0.000000e+00
     vertex -2.565682e+01 -2.380605e+01  1.200000e+00
     vertex -2.565682e+01 -2.380605e+01  0.000000e+00
   endloop
 endfacet
 facet normal -7.158668e-01 -6.982368e-01  0.000000e+00
   outer loop
     vertex -2.443829e+01 -2.505534e+01  0.000000e+00
     vertex -2.443829e+01 -2.505534e+01  1.200000e+00
     vertex -2.565682e+01 -2.380605e+01  1.200000e+00
   endloop
 endfacet
 facet normal -6.801727e-01 -7.330519e-01  0.000000e+00
   outer loop
     vertex -2.315900e+01 -2.624234e+01  0.000000e+00
     vertex -2.443829e+01 -2.505534e+01  1.200000e+00
     vertex -2.443829e+01 -2.505534e+01  0.000000e+00
   endloop
 endfacet
 facet normal -6.801727e-01 -7.330519e-01  0.000000e+00
   outer loop
     vertex -2.315900e+01 -2.624234e+01  0.000000e+00
     vertex -2.315900e+01 -2.624234e+01  1.200000e+00
     vertex -2.443829e+01 -2.505534e+01  1.200000e+00
   endloop
 endfacet
 facet normal -6.427876e-01 -7.660444e-01  0.000000e+00
   outer loop
     vertex -2.182214e+01 -2.736410e+01  0.000000e+00
     vertex -2.315900e+01 -2.624234e+01  1.200000e+00
     vertex -2.315900e+01 -2.624234e+01  0.000000e+00
   endloop
 endfacet
 facet normal -6.427876e-01 -7.660444e-01  0.000000e+00
   outer loop
     vertex -2.182214e+01 -2.736410e+01  0.000000e+00
     vertex -2.182214e+01 -2.736410e+01  1.200000e+00
     vertex -2.315900e+01 -2.624234e+01  1.200000e+00
   endloop
 endfacet
 facet normal -6.038044e-01 -7.971325e-01  0.000000e+00
   outer loop
     vertex -2.043103e+01 -2.841783e+01  0.000000e+00
     vertex -2.043103e+01 -2.841783e+01  1.200000e+00
     vertex -2.182214e+01 -2.736410e+01  1.200000e+00
   endloop
 endfacet
 facet normal -6.038044e-01 -7.971325e-01  0.000000e+00
   outer loop
     vertex -2.043103e+01 -2.841783e+01  0.000000e+00
     vertex -2.182214e+01 -2.736410e+01  1.200000e+00
     vertex -2.182214e+01 -2.736410e+01  0.000000e+00
   endloop
 endfacet
 facet normal -5.633201e-01 -8.262388e-01  0.000000e+00
   outer loop
     vertex -1.898912e+01 -2.940091e+01  0.000000e+00
     vertex -1.898912e+01 -2.940091e+01  1.200000e+00
     vertex -2.043103e+01 -2.841783e+01  1.200000e+00
   endloop
 endfacet
 facet normal -5.633201e-01 -8.262388e-01  0.000000e+00
   outer loop
     vertex -1.898912e+01 -2.940091e+01  0.000000e+00
     vertex -2.043103e+01 -2.841783e+01  1.200000e+00
     vertex -2.043103e+01 -2.841783e+01  0.000000e+00
   endloop
 endfacet
 facet normal -5.214352e-01 -8.532909e-01  0.000000e+00
   outer loop
     vertex -1.750000e+01 -3.031089e+01  0.000000e+00
     vertex -1.750000e+01 -3.031089e+01  1.200000e+00
     vertex -1.898912e+01 -2.940091e+01  1.200000e+00
   endloop
 endfacet
 facet normal -5.214352e-01 -8.532909e-01  0.000000e+00
   outer loop
     vertex -1.750000e+01 -3.031089e+01  0.000000e+00
     vertex -1.898912e+01 -2.940091e+01  1.200000e+00
     vertex -1.898912e+01 -2.940091e+01  0.000000e+00
   endloop
 endfacet
 facet normal -4.782540e-01 -8.782216e-01  0.000000e+00
   outer loop
     vertex -1.596737e+01 -3.114551e+01  0.000000e+00
     vertex -1.596737e+01 -3.114551e+01  1.200000e+00
     vertex -1.750000e+01 -3.031089e+01  1.200000e+00
   endloop
 endfacet
 facet normal -4.782540e-01 -8.782216e-01  0.000000e+00
   outer loop
     vertex -1.596737e+01 -3.114551e+01  0.000000e+00
     vertex -1.750000e+01 -3.031089e+01  1.200000e+00
     vertex -1.750000e+01 -3.031089e+01  0.000000e+00
   endloop
 endfacet
 facet normal -4.338837e-01 -9.009689e-01  0.000000e+00
   outer loop
     vertex -1.439505e+01 -3.190270e+01  0.000000e+00
     vertex -1.439505e+01 -3.190270e+01  1.200000e+00
     vertex -1.596737e+01 -3.114551e+01  1.200000e+00
   endloop
 endfacet
 facet normal -4.338837e-01 -9.009689e-01  0.000000e+00
   outer loop
     vertex -1.439505e+01 -3.190270e+01  0.000000e+00
     vertex -1.596737e+01 -3.114551e+01  1.200000e+00
     vertex -1.596737e+01 -3.114551e+01  0.000000e+00
   endloop
 endfacet
 facet normal -3.884348e-01 -9.214762e-01  0.000000e+00
   outer loop
     vertex -1.278694e+01 -3.258058e+01  0.000000e+00
     vertex -1.439505e+01 -3.190270e+01  1.200000e+00
     vertex -1.439505e+01 -3.190270e+01  0.000000e+00
   endloop
 endfacet
 facet normal -3.884348e-01 -9.214762e-01  0.000000e+00
   outer loop
     vertex -1.278694e+01 -3.258058e+01  0.000000e+00
     vertex -1.278694e+01 -3.258058e+01  1.200000e+00
     vertex -1.439505e+01 -3.190270e+01  1.200000e+00
   endloop
 endfacet
 facet normal -3.420201e-01 -9.396926e-01  0.000000e+00
   outer loop
     vertex -1.114703e+01 -3.317746e+01  0.000000e+00
     vertex -1.278694e+01 -3.258058e+01  1.200000e+00
     vertex -1.278694e+01 -3.258058e+01  0.000000e+00
   endloop
 endfacet
 facet normal -3.420201e-01 -9.396926e-01  0.000000e+00
   outer loop
     vertex -1.114703e+01 -3.317746e+01  0.000000e+00
     vertex -1.114703e+01 -3.317746e+01  1.200000e+00
     vertex -1.278694e+01 -3.258058e+01  1.200000e+00
   endloop
 endfacet
 facet normal -2.947552e-01 -9.555728e-01  0.000000e+00
   outer loop
     vertex -9.479416e+00 -3.369185e+01  0.000000e+00
     vertex -1.114703e+01 -3.317746e+01  1.200000e+00
     vertex -1.114703e+01 -3.317746e+01  0.000000e+00
   endloop
 endfacet
 facet normal -2.947552e-01 -9.555728e-01  0.000000e+00
   outer loop
     vertex -9.479416e+00 -3.369185e+01  0.000000e+00
     vertex -9.479416e+00 -3.369185e+01  1.200000e+00
     vertex -1.114703e+01 -3.317746e+01  1.200000e+00
   endloop
 endfacet
 facet normal -2.467574e-01 -9.690773e-01  0.000000e+00
   outer loop
     vertex -7.788233e+00 -3.412248e+01  0.000000e+00
     vertex -9.479416e+00 -3.369185e+01  1.200000e+00
     vertex -9.479416e+00 -3.369185e+01  0.000000e+00
   endloop
 endfacet
 facet normal -2.467574e-01 -9.690773e-01  0.000000e+00
   outer loop
     vertex -7.788233e+00 -3.412248e+01  0.000000e+00
     vertex -7.788233e+00 -3.412248e+01  1.200000e+00
     vertex -9.479416e+00 -3.369185e+01  1.200000e+00
   endloop
 endfacet
 facet normal -1.981461e-01 -9.801725e-01  0.000000e+00
   outer loop
     vertex -6.077686e+00 -3.446827e+01  0.000000e+00
     vertex -7.788233e+00 -3.412248e+01  1.200000e+00
     vertex -7.788233e+00 -3.412248e+01  0.000000e+00
   endloop
 endfacet
 facet normal -1.981461e-01 -9.801725e-01  0.000000e+00
   outer loop
     vertex -6.077686e+00 -3.446827e+01  0.000000e+00
     vertex -6.077686e+00 -3.446827e+01  1.200000e+00
     vertex -7.788233e+00 -3.412248e+01  1.200000e+00
   endloop
 endfacet
 facet normal -1.490423e-01 -9.888308e-01  0.000000e+00
   outer loop
     vertex -4.352030e+00 -3.472837e+01  0.000000e+00
     vertex -6.077686e+00 -3.446827e+01  1.200000e+00
     vertex -6.077686e+00 -3.446827e+01  0.000000e+00
   endloop
 endfacet
 facet normal -1.490423e-01 -9.888308e-01  0.000000e+00
   outer loop
     vertex -4.352030e+00 -3.472837e+01  0.000000e+00
     vertex -4.352030e+00 -3.472837e+01  1.200000e+00
     vertex -6.077686e+00 -3.446827e+01  1.200000e+00
   endloop
 endfacet
 facet normal -9.956785e-02 -9.950308e-01  0.000000e+00
   outer loop
     vertex -4.352030e+00 -3.472837e+01  0.000000e+00
     vertex -2.615553e+00 -3.490213e+01  1.200000e+00
     vertex -4.352030e+00 -3.472837e+01  1.200000e+00
   endloop
 endfacet
 facet normal -9.956785e-02 -9.950308e-01  0.000000e+00
   outer loop
     vertex -2.615553e+00 -3.490213e+01  0.000000e+00
     vertex -2.615553e+00 -3.490213e+01  1.200000e+00
     vertex -4.352030e+00 -3.472837e+01  0.000000e+00
   endloop
 endfacet
 facet normal -4.984589e-02 -9.987569e-01  0.000000e+00
   outer loop
     vertex -8.725742e-01 -3.498912e+01  0.000000e+00
     vertex -2.615553e+00 -3.490213e+01  1.200000e+00
     vertex -2.615553e+00 -3.490213e+01  0.000000e+00
   endloop
 endfacet
 facet normal -4.984589e-02 -9.987569e-01  0.000000e+00
   outer loop
     vertex -8.725742e-01 -3.498912e+01  0.000000e+00
     vertex -8.725742e-01 -3.498912e+01  1.200000e+00
     vertex -2.615553e+00 -3.490213e+01  1.200000e+00
   endloop
 endfacet
 facet normal  8.143064e-15 -1.000000e+00  0.000000e+00
   outer loop
     vertex  8.725742e-01 -3.498912e+01  0.000000e+00
     vertex -8.725742e-01 -3.498912e+01  1.200000e+00
     vertex -8.725742e-01 -3.498912e+01  0.000000e+00
   endloop
 endfacet
 facet normal  8.143064e-15 -1.000000e+00  0.000000e+00
   outer loop
     vertex  8.725742e-01 -3.498912e+01  0.000000e+00
     vertex  8.725742e-01 -3.498912e+01  1.200000e+00
     vertex -8.725742e-01 -3.498912e+01  1.200000e+00
   endloop
 endfacet
 facet normal  4.984589e-02 -9.987569e-01  0.000000e+00
   outer loop
     vertex  2.615553e+00 -3.490213e+01  0.000000e+00
     vertex  8.725742e-01 -3.498912e+01  1.200000e+00
     vertex  8.725742e-01 -3.498912e+01  0.000000e+00
   endloop
 endfacet
 facet normal  4.984589e-02 -9.987569e-01  0.000000e+00
   outer loop
     vertex  2.615553e+00 -3.490213e+01  0.000000e+00
     vertex  2.615553e+00 -3.490213e+01  1.200000e+00
     vertex  8.725742e-01 -3.498912e+01  1.200000e+00
   endloop
 endfacet
 facet normal  9.956785e-02 -9.950308e-01  0.000000e+00
   outer loop
     vertex  4.352030e+00 -3.472837e+01  0.000000e+00
     vertex  2.615553e+00 -3.490213e+01  1.200000e+00
     vertex  2.615553e+00 -3.490213e+01  0.000000e+00
   endloop
 endfacet
 facet normal  9.956785e-02 -9.950308e-01  0.000000e+00
   outer loop
     vertex  4.352030e+00 -3.472837e+01  0.000000e+00
     vertex  4.352030e+00 -3.472837e+01  1.200000e+00
     vertex  2.615553e+00 -3.490213e+01  1.200000e+00
   endloop
 endfacet
 facet normal  1.490423e-01 -9.888308e-01  0.000000e+00
   outer loop
     vertex  4.352030e+00 -3.472837e+01  0.000000e+00
     vertex  6.077686e+00 -3.446827e+01  1.200000e+00
     vertex  4.352030e+00 -3.472837e+01  1.200000e+00
   endloop
 endfacet
 facet normal  1.490423e-01 -9.888308e-01  0.000000e+00
   outer loop
     vertex  6.077686e+00 -3.446827e+01  0.000000e+00
     vertex  6.077686e+00 -3.446827e+01  1.200000e+00
     vertex  4.352030e+00 -3.472837e+01  0.000000e+00
   endloop
 endfacet
 facet normal  1.981461e-01 -9.801725e-01  0.000000e+00
   outer loop
     vertex  7.788233e+00 -3.412248e+01  0.000000e+00
     vertex  6.077686e+00 -3.446827e+01  1.200000e+00
     vertex  6.077686e+00 -3.446827e+01  0.000000e+00
   endloop
 endfacet
 facet normal  1.981461e-01 -9.801725e-01  0.000000e+00
   outer loop
     vertex  7.788233e+00 -3.412248e+01  0.000000e+00
     vertex  7.788233e+00 -3.412248e+01  1.200000e+00
     vertex  6.077686e+00 -3.446827e+01  1.200000e+00
   endloop
 endfacet
 facet normal  2.467574e-01 -9.690773e-01  0.000000e+00
   outer loop
     vertex  9.479416e+00 -3.369185e+01  0.000000e+00
     vertex  9.479416e+00 -3.369185e+01  1.200000e+00
     vertex  7.788233e+00 -3.412248e+01  1.200000e+00
   endloop
 endfacet
 facet normal  2.467574e-01 -9.690773e-01  0.000000e+00
   outer loop
     vertex  9.479416e+00 -3.369185e+01  0.000000e+00
     vertex  7.788233e+00 -3.412248e+01  1.200000e+00
     vertex  7.788233e+00 -3.412248e+01  0.000000e+00
   endloop
 endfacet
 facet normal  2.947552e-01 -9.555728e-01  0.000000e+00
   outer loop
     vertex  1.114703e+01 -3.317746e+01  0.000000e+00
     vertex  1.114703e+01 -3.317746e+01  1.200000e+00
     vertex  9.479416e+00 -3.369185e+01  1.200000e+00
   endloop
 endfacet
 facet normal  2.947552e-01 -9.555728e-01  0.000000e+00
   outer loop
     vertex  1.114703e+01 -3.317746e+01  0.000000e+00
     vertex  9.479416e+00 -3.369185e+01  1.200000e+00
     vertex  9.479416e+00 -3.369185e+01  0.000000e+00
   endloop
 endfacet
 facet normal  3.420201e-01 -9.396926e-01  0.000000e+00
   outer loop
     vertex  1.278694e+01 -3.258058e+01  0.000000e+00
     vertex  1.278694e+01 -3.258058e+01  1.200000e+00
     vertex  1.114703e+01 -3.317746e+01  1.200000e+00
   endloop
 endfacet
 facet normal  3.420201e-01 -9.396926e-01  0.000000e+00
   outer loop
     vertex  1.278694e+01 -3.258058e+01  0.000000e+00
     vertex  1.114703e+01 -3.317746e+01  1.200000e+00
     vertex  1.114703e+01 -3.317746e+01  0.000000e+00
   endloop
 endfacet
 facet normal  3.884348e-01 -9.214762e-01  0.000000e+00
   outer loop
     vertex  1.439505e+01 -3.190270e+01  0.000000e+00
     vertex  1.439505e+01 -3.190270e+01  1.200000e+00
     vertex  1.278694e+01 -3.258058e+01  1.200000e+00
   endloop
 endfacet
 facet normal  3.884348e-01 -9.214762e-01  0.000000e+00
   outer loop
     vertex  1.439505e+01 -3.190270e+01  0.000000e+00
     vertex  1.278694e+01 -3.258058e+01  1.200000e+00
     vertex  1.278694e+01 -3.258058e+01  0.000000e+00
   endloop
 endfacet
 facet normal  4.338837e-01 -9.009689e-01  0.000000e+00
   outer loop
     vertex  1.596737e+01 -3.114551e+01  0.000000e+00
     vertex  1.596737e+01 -3.114551e+01  1.200000e+00
     vertex  1.439505e+01 -3.190270e+01  1.200000e+00
   endloop
 endfacet
 facet normal  4.338837e-01 -9.009689e-01  0.000000e+00
   outer loop
     vertex  1.596737e+01 -3.114551e+01  0.000000e+00
     vertex  1.439505e+01 -3.190270e+01  1.200000e+00
     vertex  1.439505e+01 -3.190270e+01  0.000000e+00
   endloop
 endfacet
 facet normal  4.782540e-01 -8.782216e-01  0.000000e+00
   outer loop
     vertex  1.750000e+01 -3.031089e+01  0.000000e+00
     vertex  1.750000e+01 -3.031089e+01  1.200000e+00
     vertex  1.596737e+01 -3.114551e+01  1.200000e+00
   endloop
 endfacet
 facet normal  4.782540e-01 -8.782216e-01  0.000000e+00
   outer loop
     vertex  1.750000e+01 -3.031089e+01  0.000000e+00
     vertex  1.596737e+01 -3.114551e+01  1.200000e+00
     vertex  1.596737e+01 -3.114551e+01  0.000000e+00
   endloop
 endfacet
 facet normal  5.214352e-01 -8.532909e-01  0.000000e+00
   outer loop
     vertex  1.898912e+01 -2.940091e+01  0.000000e+00
     vertex  1.898912e+01 -2.940091e+01  1.200000e+00
     vertex  1.750000e+01 -3.031089e+01  1.200000e+00
   endloop
 endfacet
 facet normal  5.633201e-01 -8.262388e-01  0.000000e+00
   outer loop
     vertex  1.898912e+01 -2.940091e+01  0.000000e+00
     vertex  2.043103e+01 -2.841783e+01  1.200000e+00
     vertex  1.898912e+01 -2.940091e+01  1.200000e+00
   endloop
 endfacet
 facet normal  5.214352e-01 -8.532909e-01  0.000000e+00
   outer loop
     vertex  1.898912e+01 -2.940091e+01  0.000000e+00
     vertex  1.750000e+01 -3.031089e+01  1.200000e+00
     vertex  1.750000e+01 -3.031089e+01  0.000000e+00
   endloop
 endfacet
 facet normal  5.633201e-01 -8.262388e-01  0.000000e+00
   outer loop
     vertex  2.043103e+01 -2.841783e+01  0.000000e+00
     vertex  2.043103e+01 -2.841783e+01  1.200000e+00
     vertex  1.898912e+01 -2.940091e+01  0.000000e+00
   endloop
 endfacet
 facet normal  6.038044e-01 -7.971325e-01  0.000000e+00
   outer loop
     vertex  2.182214e+01 -2.736410e+01  0.000000e+00
     vertex  2.182214e+01 -2.736410e+01  1.200000e+00
     vertex  2.043103e+01 -2.841783e+01  1.200000e+00
   endloop
 endfacet
 facet normal  6.038044e-01 -7.971325e-01  0.000000e+00
   outer loop
     vertex  2.182214e+01 -2.736410e+01  0.000000e+00
     vertex  2.043103e+01 -2.841783e+01  1.200000e+00
     vertex  2.043103e+01 -2.841783e+01  0.000000e+00
   endloop
 endfacet
 facet normal  6.427876e-01 -7.660444e-01  0.000000e+00
   outer loop
     vertex  2.315900e+01 -2.624234e+01  0.000000e+00
     vertex  2.315900e+01 -2.624234e+01  1.200000e+00
     vertex  2.182214e+01 -2.736410e+01  1.200000e+00
   endloop
 endfacet
 facet normal  6.427876e-01 -7.660444e-01  0.000000e+00
   outer loop
     vertex  2.315900e+01 -2.624234e+01  0.000000e+00
     vertex  2.182214e+01 -2.736410e+01  1.200000e+00
     vertex  2.182214e+01 -2.736410e+01  0.000000e+00
   endloop
 endfacet
 facet normal  6.801727e-01 -7.330519e-01  0.000000e+00
   outer loop
     vertex  2.443829e+01 -2.505534e+01  0.000000e+00
     vertex  2.443829e+01 -2.505534e+01  1.200000e+00
     vertex  2.315900e+01 -2.624234e+01  1.200000e+00
   endloop
 endfacet
 facet normal  6.801727e-01 -7.330519e-01  0.000000e+00
   outer loop
     vertex  2.443829e+01 -2.505534e+01  0.000000e+00
     vertex  2.315900e+01 -2.624234e+01  1.200000e+00
     vertex  2.315900e+01 -2.624234e+01  0.000000e+00
   endloop
 endfacet
 facet normal  7.158668e-01 -6.982368e-01  0.000000e+00
   outer loop
     vertex  2.565682e+01 -2.380605e+01  0.000000e+00
     vertex  2.565682e+01 -2.380605e+01  1.200000e+00
     vertex  2.443829e+01 -2.505534e+01  1.200000e+00
   endloop
 endfacet
 facet normal  7.158668e-01 -6.982368e-01  0.000000e+00
   outer loop
     vertex  2.565682e+01 -2.380605e+01  0.000000e+00
     vertex  2.443829e+01 -2.505534e+01  1.200000e+00
     vertex  2.443829e+01 -2.505534e+01  0.000000e+00
   endloop
 endfacet
 facet normal  7.497812e-01 -6.616858e-01  0.000000e+00
   outer loop
     vertex  2.681156e+01 -2.249757e+01  0.000000e+00
     vertex  2.681156e+01 -2.249757e+01  1.200000e+00
     vertex  2.565682e+01 -2.380605e+01  1.200000e+00
   endloop
 endfacet
 facet normal  7.497812e-01 -6.616858e-01  0.000000e+00
   outer loop
     vertex  2.681156e+01 -2.249757e+01  0.000000e+00
     vertex  2.565682e+01 -2.380605e+01  1.200000e+00
     vertex  2.565682e+01 -2.380605e+01  0.000000e+00
   endloop
 endfacet
 facet normal  7.818315e-01 -6.234898e-01  0.000000e+00
   outer loop
     vertex  2.789964e+01 -2.113315e+01  0.000000e+00
     vertex  2.681156e+01 -2.249757e+01  1.200000e+00
     vertex  2.681156e+01 -2.249757e+01  0.000000e+00
   endloop
 endfacet
 facet normal  7.818315e-01 -6.234898e-01  0.000000e+00
   outer loop
     vertex  2.789964e+01 -2.113315e+01  0.000000e+00
     vertex  2.789964e+01 -2.113315e+01  1.200000e+00
     vertex  2.681156e+01 -2.249757e+01  1.200000e+00
   endloop
 endfacet
 facet normal  8.119380e-01 -5.837437e-01  0.000000e+00
   outer loop
     vertex  2.891836e+01 -1.971620e+01  0.000000e+00
     vertex  2.789964e+01 -2.113315e+01  1.200000e+00
     vertex  2.789964e+01 -2.113315e+01  0.000000e+00
   endloop
 endfacet
 facet normal  8.119380e-01 -5.837437e-01  0.000000e+00
   outer loop
     vertex  2.891836e+01 -1.971620e+01  0.000000e+00
     vertex  2.891836e+01 -1.971620e+01  1.200000e+00
     vertex  2.789964e+01 -2.113315e+01  1.200000e+00
   endloop
 endfacet
 facet normal  8.400259e-01 -5.425463e-01  0.000000e+00
   outer loop
     vertex  2.986518e+01 -1.825023e+01  0.000000e+00
     vertex  2.891836e+01 -1.971620e+01  1.200000e+00
     vertex  2.891836e+01 -1.971620e+01  0.000000e+00
   endloop
 endfacet
 facet normal  8.400259e-01 -5.425463e-01  0.000000e+00
   outer loop
     vertex  2.986518e+01 -1.825023e+01  0.000000e+00
     vertex  2.986518e+01 -1.825023e+01  1.200000e+00
     vertex  2.891836e+01 -1.971620e+01  1.200000e+00
   endloop
 endfacet
 facet normal  8.660254e-01 -5.000000e-01  0.000000e+00
   outer loop
     vertex  3.073776e+01 -1.673889e+01  0.000000e+00
     vertex  3.073776e+01 -1.673889e+01  1.200000e+00
     vertex  2.986518e+01 -1.825023e+01  1.200000e+00
   endloop
 endfacet
 facet normal  8.660254e-01 -5.000000e-01  0.000000e+00
   outer loop
     vertex  3.073776e+01 -1.673889e+01  0.000000e+00
     vertex  2.986518e+01 -1.825023e+01  1.200000e+00
     vertex  2.986518e+01 -1.825023e+01  0.000000e+00
   endloop
 endfacet
 facet normal  8.898718e-01 -4.562107e-01  0.000000e+00
   outer loop
     vertex  3.073776e+01 -1.673889e+01  0.000000e+00
     vertex  3.153391e+01 -1.518593e+01  1.200000e+00
     vertex  3.073776e+01 -1.673889e+01  1.200000e+00
   endloop
 endfacet
 facet normal  8.898718e-01 -4.562107e-01  0.000000e+00
   outer loop
     vertex  3.153391e+01 -1.518593e+01  0.000000e+00
     vertex  3.153391e+01 -1.518593e+01  1.200000e+00
     vertex  3.073776e+01 -1.673889e+01  0.000000e+00
   endloop
 endfacet
 facet normal  9.115059e-01 -4.112871e-01  0.000000e+00
   outer loop
     vertex  3.225167e+01 -1.359522e+01  0.000000e+00
     vertex  3.225167e+01 -1.359522e+01  1.200000e+00
     vertex  3.153391e+01 -1.518593e+01  1.200000e+00
   endloop
 endfacet
 facet normal  9.308737e-01 -3.653410e-01  0.000000e+00
   outer loop
     vertex  3.225167e+01 -1.359522e+01  0.000000e+00
     vertex  3.288924e+01 -1.197071e+01  1.200000e+00
     vertex  3.225167e+01 -1.359522e+01  1.200000e+00
   endloop
 endfacet
 facet normal  9.115059e-01 -4.112871e-01  0.000000e+00
   outer loop
     vertex  3.225167e+01 -1.359522e+01  0.000000e+00
     vertex  3.153391e+01 -1.518593e+01  1.200000e+00
     vertex  3.153391e+01 -1.518593e+01  0.000000e+00
   endloop
 endfacet
 facet normal  9.479273e-01 -3.184867e-01  0.000000e+00
   outer loop
     vertex  3.288924e+01 -1.197071e+01  0.000000e+00
     vertex  3.344505e+01 -1.031643e+01  1.200000e+00
     vertex  3.288924e+01 -1.197071e+01  1.200000e+00
   endloop
 endfacet
 facet normal  9.308737e-01 -3.653410e-01  0.000000e+00
   outer loop
     vertex  3.288924e+01 -1.197071e+01  0.000000e+00
     vertex  3.288924e+01 -1.197071e+01  1.200000e+00
     vertex  3.225167e+01 -1.359522e+01  0.000000e+00
   endloop
 endfacet
 facet normal  9.479273e-01 -3.184867e-01  0.000000e+00
   outer loop
     vertex  3.344505e+01 -1.031643e+01  0.000000e+00
     vertex  3.344505e+01 -1.031643e+01  1.200000e+00
     vertex  3.288924e+01 -1.197071e+01  0.000000e+00
   endloop
 endfacet
 facet normal  9.626242e-01 -2.708405e-01  0.000000e+00
   outer loop
     vertex  3.391771e+01 -8.636509e+00  0.000000e+00
     vertex  3.391771e+01 -8.636509e+00  1.200000e+00
     vertex  3.344505e+01 -1.031643e+01  1.200000e+00
   endloop
 endfacet
 facet normal  9.626242e-01 -2.708405e-01  0.000000e+00
   outer loop
     vertex  3.391771e+01 -8.636509e+00  0.000000e+00
     vertex  3.344505e+01 -1.031643e+01  1.200000e+00
     vertex  3.344505e+01 -1.031643e+01  0.000000e+00
   endloop
 endfacet
 facet normal  9.749279e-01 -2.225209e-01  0.000000e+00
   outer loop
     vertex  3.430604e+01 -6.935115e+00  0.000000e+00
     vertex  3.430604e+01 -6.935115e+00  1.200000e+00
     vertex  3.391771e+01 -8.636509e+00  1.200000e+00
   endloop
 endfacet
 facet normal  9.749279e-01 -2.225209e-01  0.000000e+00
   outer loop
     vertex  3.430604e+01 -6.935115e+00  0.000000e+00
     vertex  3.391771e+01 -8.636509e+00  1.200000e+00
     vertex  3.391771e+01 -8.636509e+00  0.000000e+00
   endloop
 endfacet
 facet normal  9.848078e-01 -1.736482e-01  0.000000e+00
   outer loop
     vertex  3.460908e+01 -5.216479e+00  0.000000e+00
     vertex  3.460908e+01 -5.216479e+00  1.200000e+00
     vertex  3.430604e+01 -6.935115e+00  1.200000e+00
   endloop
 endfacet
 facet normal  9.848078e-01 -1.736482e-01  0.000000e+00
   outer loop
     vertex  3.460908e+01 -5.216479e+00  0.000000e+00
     vertex  3.430604e+01 -6.935115e+00  1.200000e+00
     vertex  3.430604e+01 -6.935115e+00  0.000000e+00
   endloop
 endfacet
 facet normal  9.922392e-01 -1.243437e-01  0.000000e+00
   outer loop
     vertex  3.482608e+01 -3.484875e+00  0.000000e+00
     vertex  3.482608e+01 -3.484875e+00  1.200000e+00
     vertex  3.460908e+01 -5.216479e+00  1.200000e+00
   endloop
 endfacet
 facet normal  9.922392e-01 -1.243437e-01  0.000000e+00
   outer loop
     vertex  3.482608e+01 -3.484875e+00  0.000000e+00
     vertex  3.460908e+01 -5.216479e+00  1.200000e+00
     vertex  3.460908e+01 -5.216479e+00  0.000000e+00
   endloop
 endfacet
 facet normal  9.972038e-01 -7.473009e-02  0.000000e+00
   outer loop
     vertex  3.495649e+01 -1.744606e+00  0.000000e+00
     vertex  3.495649e+01 -1.744606e+00  1.200000e+00
     vertex  3.482608e+01 -3.484875e+00  1.200000e+00
   endloop
 endfacet
 facet normal  9.972038e-01 -7.473009e-02  0.000000e+00
   outer loop
     vertex  3.495649e+01 -1.744606e+00  0.000000e+00
     vertex  3.482608e+01 -3.484875e+00  1.200000e+00
     vertex  3.482608e+01 -3.484875e+00  0.000000e+00
   endloop
 endfacet
 facet normal  9.996892e-01 -2.493069e-02  0.000000e+00
   outer loop
     vertex  3.500000e+01  0.000000e+00  0.000000e+00
     vertex  3.500000e+01  0.000000e+00  1.200000e+00
     vertex  3.495649e+01 -1.744606e+00  1.200000e+00
   endloop
 endfacet
 facet normal  9.996892e-01 -2.493069e-02  0.000000e+00
   outer loop
     vertex  3.500000e+01  0.000000e+00  0.000000e+00
     vertex  3.495649e+01 -1.744606e+00  1.200000e+00
     vertex  3.495649e+01 -1.744606e+00  0.000000e+00
   endloop
 endfacet
 facet normal  0.000000e+00  0.000000e+00 -1.000000e+00
   outer loop
     vertex -2.043103e+01 -2.841783e+01  0.000000e+00
     vertex -2.182214e+01 -2.736410e+01  0.000000e+00
     vertex -2.315900e+01 -2.624234e+01  0.000000e+00
   endloop
 endfacet
 facet normal  0.000000e+00  0.000000e+00 -1.000000e+00
   outer loop
     vertex -2.891836e+01 -1.971620e+01  0.000000e+00
     vertex -2.681156e+01 -2.249757e+01  0.000000e+00
     vertex -2.789964e+01 -2.113315e+01  0.000000e+00
   endloop
 endfacet
 facet normal  0.000000e+00  0.000000e+00 -1.000000e+00
   outer loop
     vertex -2.891836e+01 -1.971620e+01  0.000000e+00
     vertex -2.565682e+01 -2.380605e+01  0.000000e+00
     vertex -2.681156e+01 -2.249757e+01  0.000000e+00
   endloop
 endfacet
 facet normal  0.000000e+00  0.000000e+00 -1.000000e+00
   outer loop
     vertex -1.898912e+01 -2.940091e+01  0.000000e+00
     vertex -2.043103e+01 -2.841783e+01  0.000000e+00
     vertex -2.315900e+01 -2.624234e+01  0.000000e+00
   endloop
 endfacet
 facet normal  0.000000e+00  0.000000e+00 -1.000000e+00
   outer loop
     vertex -1.898912e+01 -2.940091e+01  0.000000e+00
     vertex -2.315900e+01 -2.624234e+01  0.000000e+00
     vertex -2.443829e+01 -2.505534e+01  0.000000e+00
   endloop
 endfacet
 facet normal  0.000000e+00  0.000000e+00 -1.000000e+00
   outer loop
     vertex -3.153391e+01 -1.518593e+01  0.000000e+00
     vertex -2.986518e+01 -1.825023e+01  0.000000e+00
     vertex -3.073776e+01 -1.673889e+01  0.000000e+00
   endloop
 endfacet
 facet normal  0.000000e+00  0.000000e+00 -1.000000e+00
   outer loop
     vertex -3.225167e+01 -1.359522e+01  0.000000e+00
     vertex -2.986518e+01 -1.825023e+01  0.000000e+00
     vertex -3.153391e+01 -1.518593e+01  0.000000e+00
   endloop
 endfacet
 facet normal  0.000000e+00  0.000000e+00 -1.000000e+00
   outer loop
     vertex -3.225167e+01 -1.359522e+01  0.000000e+00
     vertex -2.891836e+01 -1.971620e+01  0.000000e+00
     vertex -2.986518e+01 -1.825023e+01  0.000000e+00
   endloop
 endfacet
 facet normal  0.000000e+00  0.000000e+00 -1.000000e+00
   outer loop
     vertex -1.278694e+01 -3.258058e+01  0.000000e+00
     vertex -1.898912e+01 -2.940091e+01  0.000000e+00
     vertex -2.443829e+01 -2.505534e+01  0.000000e+00
   endloop
 endfacet
 facet normal  0.000000e+00  0.000000e+00 -1.000000e+00
   outer loop
     vertex -1.278694e+01 -3.258058e+01  0.000000e+00
     vertex -2.443829e+01 -2.505534e+01  0.000000e+00
     vertex -2.565682e+01 -2.380605e+01  0.000000e+00
   endloop
 endfacet
 facet normal  0.000000e+00  0.000000e+00 -1.000000e+00
   outer loop
     vertex -1.278694e+01 -3.258058e+01  0.000000e+00
     vertex -1.750000e+01 -3.031089e+01  0.000000e+00
     vertex -1.898912e+01 -2.940091e+01  0.000000e+00
   endloop
 endfacet
 facet normal  0.000000e+00  0.000000e+00 -1.000000e+00
   outer loop
     vertex -1.278694e+01 -3.258058e+01  0.000000e+00
     vertex -1.596737e+01 -3.114551e+01  0.000000e+00
     vertex -1.750000e+01 -3.031089e+01  0.000000e+00
   endloop
 endfacet
 facet normal  0.000000e+00  0.000000e+00 -1.000000e+00
   outer loop
     vertex -1.278694e+01 -3.258058e+01  0.000000e+00
     vertex -1.439505e+01 -3.190270e+01  0.000000e+00
     vertex -1.596737e+01 -3.114551e+01  0.000000e+00
   endloop
 endfacet
 facet normal  0.000000e+00  0.000000e+00 -1.000000e+00
   outer loop
     vertex -3.344505e+01 -1.031643e+01  0.000000e+00
     vertex -2.891836e+01 -1.971620e+01  0.000000e+00
     vertex -3.225167e+01 -1.359522e+01  0.000000e+00
   endloop
 endfacet
 facet normal  0.000000e+00  0.000000e+00 -1.000000e+00
   outer loop
     vertex -3.344505e+01 -1.031643e+01  0.000000e+00
     vertex -3.225167e+01 -1.359522e+01  0.000000e+00
     vertex -3.288924e+01 -1.197071e+01  0.000000e+00
   endloop
 endfacet
 facet normal  0.000000e+00  0.000000e+00 -1.000000e+00
   outer loop
     vertex -9.479416e+00 -3.369185e+01  0.000000e+00
     vertex -2.565682e+01 -2.380605e+01  0.000000e+00
     vertex -2.891836e+01 -1.971620e+01  0.000000e+00
   endloop
 endfacet
 facet normal  0.000000e+00  0.000000e+00 -1.000000e+00
   outer loop
     vertex -9.479416e+00 -3.369185e+01  0.000000e+00
     vertex -1.278694e+01 -3.258058e+01  0.000000e+00
     vertex -2.565682e+01 -2.380605e+01  0.000000e+00
   endloop
 endfacet
 facet normal  0.000000e+00  0.000000e+00 -1.000000e+00
   outer loop
     vertex -9.479416e+00 -3.369185e+01  0.000000e+00
     vertex -1.114703e+01 -3.317746e+01  0.000000e+00
     vertex -1.278694e+01 -3.258058e+01  0.000000e+00
   endloop
 endfacet
 facet normal  0.000000e+00  0.000000e+00 -1.000000e+00
   outer loop
     vertex -3.430604e+01 -6.935115e+00  0.000000e+00
     vertex -3.344505e+01 -1.031643e+01  0.000000e+00
     vertex -3.391771e+01 -8.636509e+00  0.000000e+00
   endloop
 endfacet
 facet normal  0.000000e+00  0.000000e+00 -1.000000e+00
   outer loop
     vertex -3.460908e+01 -5.216479e+00  0.000000e+00
     vertex -3.344505e+01 -1.031643e+01  0.000000e+00
     vertex -3.430604e+01 -6.935115e+00  0.000000e+00
   endloop
 endfacet
 facet normal  0.000000e+00  0.000000e+00 -1.000000e+00
   outer loop
     vertex -2.615553e+00 -3.490213e+01  0.000000e+00
     vertex -9.479416e+00 -3.369185e+01  0.000000e+00
     vertex -2.891836e+01 -1.971620e+01  0.000000e+00
   endloop
 endfacet
 facet normal  0.000000e+00  0.000000e+00 -1.000000e+00
   outer loop
     vertex -2.615553e+00 -3.490213e+01  0.000000e+00
     vertex -2.891836e+01 -1.971620e+01  0.000000e+00
     vertex -3.344505e+01 -1.031643e+01  0.000000e+00
   endloop
 endfacet
 facet normal  0.000000e+00  0.000000e+00 -1.000000e+00
   outer loop
     vertex -2.615553e+00 -3.490213e+01  0.000000e+00
     vertex -7.788233e+00 -3.412248e+01  0.000000e+00
     vertex -9.479416e+00 -3.369185e+01  0.000000e+00
   endloop
 endfacet
 facet normal  0.000000e+00  0.000000e+00 -1.000000e+00
   outer loop
     vertex -2.615553e+00 -3.490213e+01  0.000000e+00
     vertex -6.077686e+00 -3.446827e+01  0.000000e+00
     vertex -7.788233e+00 -3.412248e+01  0.000000e+00
   endloop
 endfacet
 facet normal  0.000000e+00  0.000000e+00 -1.000000e+00
   outer loop
     vertex -2.615553e+00 -3.490213e+01  0.000000e+00
     vertex -4.352030e+00 -3.472837e+01  0.000000e+00
     vertex -6.077686e+00 -3.446827e+01  0.000000e+00
   endloop
 endfacet
 facet normal  0.000000e+00  0.000000e+00 -1.000000e+00
   outer loop
     vertex -3.500000e+01 -1.200587e-13  0.000000e+00
     vertex -3.482608e+01 -3.484875e+00  0.000000e+00
     vertex -3.495649e+01 -1.744606e+00  0.000000e+00
   endloop
 endfacet
 facet normal  0.000000e+00  0.000000e+00 -1.000000e+00
   outer loop
     vertex -3.500000e+01 -1.200587e-13  0.000000e+00
     vertex -3.460908e+01 -5.216479e+00  0.000000e+00
     vertex -3.482608e+01 -3.484875e+00  0.000000e+00
   endloop
 endfacet
 facet normal  0.000000e+00  0.000000e+00 -1.000000e+00
   outer loop
     vertex -3.500000e+01 -1.200587e-13  0.000000e+00
     vertex -3.344505e+01 -1.031643e+01  0.000000e+00
     vertex -3.460908e+01 -5.216479e+00  0.000000e+00
   endloop
 endfacet
 facet normal  0.000000e+00  0.000000e+00 -1.000000e+00
   outer loop
     vertex -3.482608e+01  3.484875e+00  0.000000e+00
     vertex -3.500000e+01 -1.200587e-13  0.000000e+00
     vertex -3.495649e+01  1.744606e+00  0.000000e+00
   endloop
 endfacet
 facet normal  0.000000e+00  0.000000e+00 -1.000000e+00
   outer loop
     vertex  4.352030e+00 -3.472837e+01  0.000000e+00
     vertex -8.725742e-01 -3.498912e+01  0.000000e+00
     vertex -2.615553e+00 -3.490213e+01  0.000000e+00
   endloop
 endfacet
 facet normal  0.000000e+00  0.000000e+00 -1.000000e+00
   outer loop
     vertex  4.352030e+00 -3.472837e+01  0.000000e+00
     vertex  8.725742e-01 -3.498912e+01  0.000000e+00
     vertex -8.725742e-01 -3.498912e+01  0.000000e+00
   endloop
 endfacet
 facet normal  0.000000e+00  0.000000e+00 -1.000000e+00
   outer loop
     vertex  4.352030e+00 -3.472837e+01  0.000000e+00
     vertex  2.615553e+00 -3.490213e+01  0.000000e+00
     vertex  8.725742e-01 -3.498912e+01  0.000000e+00
   endloop
 endfacet
 facet normal  0.000000e+00  0.000000e+00 -1.000000e+00
   outer loop
     vertex -3.460908e+01  5.216479e+00  0.000000e+00
     vertex -3.500000e+01 -1.200587e-13  0.000000e+00
     vertex -3.482608e+01  3.484875e+00  0.000000e+00
   endloop
 endfacet
 facet normal  0.000000e+00  0.000000e+00 -1.000000e+00
   outer loop
     vertex  7.788233e+00 -3.412248e+01  0.000000e+00
     vertex  6.077686e+00 -3.446827e+01  0.000000e+00
     vertex  4.352030e+00 -3.472837e+01  0.000000e+00
   endloop
 endfacet
 facet normal  0.000000e+00  0.000000e+00 -1.000000e+00
   outer loop
     vertex -3.391771e+01  8.636509e+00  0.000000e+00
     vertex -3.500000e+01 -1.200587e-13  0.000000e+00
     vertex -3.460908e+01  5.216479e+00  0.000000e+00
   endloop
 endfacet
 facet normal  0.000000e+00  0.000000e+00 -1.000000e+00
   outer loop
     vertex -3.391771e+01  8.636509e+00  0.000000e+00
     vertex -3.460908e+01  5.216479e+00  0.000000e+00
     vertex -3.430604e+01  6.935115e+00  0.000000e+00
   endloop
 endfacet
 facet normal  0.000000e+00 -0.000000e+00 -1.000000e+00
   outer loop
     vertex -3.391771e+01  8.636509e+00  0.000000e+00
     vertex -3.344505e+01 -1.031643e+01  0.000000e+00
     vertex -3.500000e+01 -1.200587e-13  0.000000e+00
   endloop
 endfacet
 facet normal  0.000000e+00  0.000000e+00 -1.000000e+00
   outer loop
     vertex  9.479416e+00 -3.369185e+01  0.000000e+00
     vertex  7.788233e+00 -3.412248e+01  0.000000e+00
     vertex  4.352030e+00 -3.472837e+01  0.000000e+00
   endloop
 endfacet
 facet normal  0.000000e+00  0.000000e+00 -1.000000e+00
   outer loop
     vertex  9.479416e+00 -3.369185e+01  0.000000e+00
     vertex  4.352030e+00 -3.472837e+01  0.000000e+00
     vertex -2.615553e+00 -3.490213e+01  0.000000e+00
   endloop
 endfacet
 facet normal  0.000000e+00  0.000000e+00 -1.000000e+00
   outer loop
     vertex -3.288924e+01  1.197071e+01  0.000000e+00
     vertex -3.391771e+01  8.636509e+00  0.000000e+00
     vertex -3.344505e+01  1.031643e+01  0.000000e+00
   endloop
 endfacet
 facet normal  0.000000e+00  0.000000e+00 -1.000000e+00
   outer loop
     vertex  1.278694e+01 -3.258058e+01  0.000000e+00
     vertex  1.114703e+01 -3.317746e+01  0.000000e+00
     vertex  9.479416e+00 -3.369185e+01  0.000000e+00
   endloop
 endfacet
 facet normal  0.000000e+00  0.000000e+00 -1.000000e+00
   outer loop
     vertex -3.225167e+01  1.359522e+01  0.000000e+00
     vertex -3.391771e+01  8.636509e+00  0.000000e+00
     vertex -3.288924e+01  1.197071e+01  0.000000e+00
   endloop
 endfacet
 facet normal  0.000000e+00  0.000000e+00 -1.000000e+00
   outer loop
     vertex -3.153391e+01  1.518593e+01  0.000000e+00
     vertex  1.439505e+01 -3.190270e+01  0.000000e+00
     vertex  1.278694e+01 -3.258058e+01  0.000000e+00
   endloop
 endfacet
 facet normal  0.000000e+00  0.000000e+00 -1.000000e+00
   outer loop
     vertex -3.153391e+01  1.518593e+01  0.000000e+00
     vertex -3.344505e+01 -1.031643e+01  0.000000e+00
     vertex -3.391771e+01  8.636509e+00  0.000000e+00
   endloop
 endfacet
 facet normal  0.000000e+00  0.000000e+00 -1.000000e+00
   outer loop
     vertex -3.153391e+01  1.518593e+01  0.000000e+00
     vertex -3.391771e+01  8.636509e+00  0.000000e+00
     vertex -3.225167e+01  1.359522e+01  0.000000e+00
   endloop
 endfacet
 facet normal  0.000000e+00  0.000000e+00 -1.000000e+00
   outer loop
     vertex -3.153391e+01  1.518593e+01  0.000000e+00
     vertex  9.479416e+00 -3.369185e+01  0.000000e+00
     vertex -2.615553e+00 -3.490213e+01  0.000000e+00
   endloop
 endfacet
 facet normal  0.000000e+00  0.000000e+00 -1.000000e+00
   outer loop
     vertex -3.153391e+01  1.518593e+01  0.000000e+00
     vertex  1.278694e+01 -3.258058e+01  0.000000e+00
     vertex  9.479416e+00 -3.369185e+01  0.000000e+00
   endloop
 endfacet
 facet normal  0.000000e+00 -0.000000e+00 -1.000000e+00
   outer loop
     vertex -3.153391e+01  1.518593e+01  0.000000e+00
     vertex -2.615553e+00 -3.490213e+01  0.000000e+00
     vertex -3.344505e+01 -1.031643e+01  0.000000e+00
   endloop
 endfacet
 facet normal  0.000000e+00  0.000000e+00 -1.000000e+00
   outer loop
     vertex  1.750000e+01 -3.031089e+01  0.000000e+00
     vertex  1.596737e+01 -3.114551e+01  0.000000e+00
     vertex  1.439505e+01 -3.190270e+01  0.000000e+00
   endloop
 endfacet
 facet normal  0.000000e+00  0.000000e+00 -1.000000e+00
   outer loop
     vertex  1.898912e+01 -2.940091e+01  0.000000e+00
     vertex  1.750000e+01 -3.031089e+01  0.000000e+00
     vertex  1.439505e+01 -3.190270e+01  0.000000e+00
   endloop
 endfacet
 facet normal  0.000000e+00  0.000000e+00 -1.000000e+00
   outer loop
     vertex -2.891836e+01  1.971620e+01  0.000000e+00
     vertex -3.073776e+01  1.673889e+01  0.000000e+00
     vertex -2.986518e+01  1.825023e+01  0.000000e+00
   endloop
 endfacet
 facet normal  0.000000e+00  0.000000e+00 -1.000000e+00
   outer loop
     vertex  2.182214e+01 -2.736410e+01  0.000000e+00
     vertex  2.043103e+01 -2.841783e+01  0.000000e+00
     vertex  1.898912e+01 -2.940091e+01  0.000000e+00
   endloop
 endfacet
 facet normal  0.000000e+00  0.000000e+00 -1.000000e+00
   outer loop
     vertex  2.315900e+01 -2.624234e+01  0.000000e+00
     vertex  2.182214e+01 -2.736410e+01  0.000000e+00
     vertex  1.898912e+01 -2.940091e+01  0.000000e+00
   endloop
 endfacet
 facet normal  0.000000e+00  0.000000e+00 -1.000000e+00
   outer loop
     vertex -2.565682e+01  2.380605e+01  0.000000e+00
     vertex -3.073776e+01  1.673889e+01  0.000000e+00
     vertex -2.891836e+01  1.971620e+01  0.000000e+00
   endloop
 endfacet
 facet normal  0.000000e+00  0.000000e+00 -1.000000e+00
   outer loop
     vertex -2.565682e+01  2.380605e+01  0.000000e+00
     vertex -2.789964e+01  2.113315e+01  0.000000e+00
     vertex -2.681156e+01  2.249757e+01  0.000000e+00
   endloop
 endfacet
 facet normal  0.000000e+00  0.000000e+00 -1.000000e+00
   outer loop
     vertex -2.565682e+01  2.380605e+01  0.000000e+00
     vertex -2.891836e+01  1.971620e+01  0.000000e+00
     vertex -2.789964e+01  2.113315e+01  0.000000e+00
   endloop
 endfacet
 facet normal  0.000000e+00  0.000000e+00 -1.000000e+00
   outer loop
     vertex -2.443829e+01  2.505534e+01  0.000000e+00
     vertex -3.073776e+01  1.673889e+01  0.000000e+00
     vertex -2.565682e+01  2.380605e+01  0.000000e+00
   endloop
 endfacet
 facet normal  0.000000e+00  0.000000e+00 -1.000000e+00
   outer loop
     vertex  2.565682e+01 -2.380605e+01  0.000000e+00
     vertex  2.443829e+01 -2.505534e+01  0.000000e+00
     vertex  2.315900e+01 -2.624234e+01  0.000000e+00
   endloop
 endfacet
 facet normal  0.000000e+00  0.000000e+00 -1.000000e+00
   outer loop
     vertex  2.565682e+01 -2.380605e+01  0.000000e+00
     vertex  2.315900e+01 -2.624234e+01  0.000000e+00
     vertex  1.898912e+01 -2.940091e+01  0.000000e+00
   endloop
 endfacet
 facet normal  0.000000e+00  0.000000e+00 -1.000000e+00
   outer loop
     vertex -2.315900e+01  2.624234e+01  0.000000e+00
     vertex -3.153391e+01  1.518593e+01  0.000000e+00
     vertex -3.073776e+01  1.673889e+01  0.000000e+00
   endloop
 endfacet
 facet normal  0.000000e+00  0.000000e+00 -1.000000e+00
   outer loop
     vertex -2.315900e+01  2.624234e+01  0.000000e+00
     vertex -3.073776e+01  1.673889e+01  0.000000e+00
     vertex -2.443829e+01  2.505534e+01  0.000000e+00
   endloop
 endfacet
 facet normal -0.000000e+00  0.000000e+00 -1.000000e+00
   outer loop
     vertex  2.681156e+01 -2.249757e+01  0.000000e+00
     vertex  1.439505e+01 -3.190270e+01  0.000000e+00
     vertex -3.153391e+01  1.518593e+01  0.000000e+00
   endloop
 endfacet
 facet normal  0.000000e+00  0.000000e+00 -1.000000e+00
   outer loop
     vertex  2.681156e+01 -2.249757e+01  0.000000e+00
     vertex  1.898912e+01 -2.940091e+01  0.000000e+00
     vertex  1.439505e+01 -3.190270e+01  0.000000e+00
   endloop
 endfacet
 facet normal  0.000000e+00  0.000000e+00 -1.000000e+00
   outer loop
     vertex  2.681156e+01 -2.249757e+01  0.000000e+00
     vertex  2.565682e+01 -2.380605e+01  0.000000e+00
     vertex  1.898912e+01 -2.940091e+01  0.000000e+00
   endloop
 endfacet
 facet normal  0.000000e+00  0.000000e+00 -1.000000e+00
   outer loop
     vertex -2.043103e+01  2.841783e+01  0.000000e+00
     vertex -2.315900e+01  2.624234e+01  0.000000e+00
     vertex -2.182214e+01  2.736410e+01  0.000000e+00
   endloop
 endfacet
 facet normal  0.000000e+00 -0.000000e+00 -1.000000e+00
   outer loop
     vertex -2.043103e+01  2.841783e+01  0.000000e+00
     vertex  2.681156e+01 -2.249757e+01  0.000000e+00
     vertex -3.153391e+01  1.518593e+01  0.000000e+00
   endloop
 endfacet
 facet normal  0.000000e+00  0.000000e+00 -1.000000e+00
   outer loop
     vertex -2.043103e+01  2.841783e+01  0.000000e+00
     vertex -3.153391e+01  1.518593e+01  0.000000e+00
     vertex -2.315900e+01  2.624234e+01  0.000000e+00
   endloop
 endfacet
 facet normal  0.000000e+00  0.000000e+00 -1.000000e+00
   outer loop
     vertex  2.891836e+01 -1.971620e+01  0.000000e+00
     vertex  2.789964e+01 -2.113315e+01  0.000000e+00
     vertex  2.681156e+01 -2.249757e+01  0.000000e+00
   endloop
 endfacet
 facet normal  0.000000e+00 -0.000000e+00 -1.000000e+00
   outer loop
     vertex -1.898912e+01  2.940091e+01  0.000000e+00
     vertex  2.681156e+01 -2.249757e+01  0.000000e+00
     vertex -2.043103e+01  2.841783e+01  0.000000e+00
   endloop
 endfacet
 facet normal  0.000000e+00  0.000000e+00 -1.000000e+00
   outer loop
     vertex  3.153391e+01 -1.518593e+01  0.000000e+00
     vertex  2.986518e+01 -1.825023e+01  0.000000e+00
     vertex  2.891836e+01 -1.971620e+01  0.000000e+00
   endloop
 endfacet
 facet normal  0.000000e+00  0.000000e+00 -1.000000e+00
   outer loop
     vertex  3.153391e+01 -1.518593e+01  0.000000e+00
     vertex  3.073776e+01 -1.673889e+01  0.000000e+00
     vertex  2.986518e+01 -1.825023e+01  0.000000e+00
   endloop
 endfacet
 facet normal  0.000000e+00  0.000000e+00 -1.000000e+00
   outer loop
     vertex -1.439505e+01  3.190270e+01  0.000000e+00
     vertex -1.750000e+01  3.031089e+01  0.000000e+00
     vertex -1.596737e+01  3.114551e+01  0.000000e+00
   endloop
 endfacet
 facet normal  0.000000e+00  0.000000e+00 -1.000000e+00
   outer loop
     vertex -1.439505e+01  3.190270e+01  0.000000e+00
     vertex -1.898912e+01  2.940091e+01  0.000000e+00
     vertex -1.750000e+01  3.031089e+01  0.000000e+00
   endloop
 endfacet
 facet normal  0.000000e+00  0.000000e+00 -1.000000e+00
   outer loop
     vertex -1.439505e+01  3.190270e+01  0.000000e+00
     vertex  2.891836e+01 -1.971620e+01  0.000000e+00
     vertex  2.681156e+01 -2.249757e+01  0.000000e+00
   endloop
 endfacet
 facet normal  0.000000e+00 -0.000000e+00 -1.000000e+00
   outer loop
     vertex -1.439505e+01  3.190270e+01  0.000000e+00
     vertex  2.681156e+01 -2.249757e+01  0.000000e+00
     vertex -1.898912e+01  2.940091e+01  0.000000e+00
   endloop
 endfacet
 facet normal  0.000000e+00  0.000000e+00 -1.000000e+00
   outer loop
     vertex  3.225167e+01 -1.359522e+01  0.000000e+00
     vertex  3.153391e+01 -1.518593e+01  0.000000e+00
     vertex  2.891836e+01 -1.971620e+01  0.000000e+00
   endloop
 endfacet
 facet normal  0.000000e+00  0.000000e+00 -1.000000e+00
   outer loop
     vertex  3.288924e+01 -1.197071e+01  0.000000e+00
     vertex  3.225167e+01 -1.359522e+01  0.000000e+00
     vertex  2.891836e+01 -1.971620e+01  0.000000e+00
   endloop
 endfacet
 facet normal  0.000000e+00  0.000000e+00 -1.000000e+00
   outer loop
     vertex  3.344505e+01 -1.031643e+01  0.000000e+00
     vertex  3.288924e+01 -1.197071e+01  0.000000e+00
     vertex  2.891836e+01 -1.971620e+01  0.000000e+00
   endloop
 endfacet
 facet normal  0.000000e+00  0.000000e+00 -1.000000e+00
   outer loop
     vertex -9.479416e+00  3.369185e+01  0.000000e+00
     vertex -1.278694e+01  3.258058e+01  0.000000e+00
     vertex -1.114703e+01  3.317746e+01  0.000000e+00
   endloop
 endfacet
 facet normal  0.000000e+00  0.000000e+00 -1.000000e+00
   outer loop
     vertex -9.479416e+00  3.369185e+01  0.000000e+00
     vertex -1.439505e+01  3.190270e+01  0.000000e+00
     vertex -1.278694e+01  3.258058e+01  0.000000e+00
   endloop
 endfacet
 facet normal  0.000000e+00  0.000000e+00 -1.000000e+00
   outer loop
     vertex  3.430604e+01 -6.935115e+00  0.000000e+00
     vertex  3.391771e+01 -8.636509e+00  0.000000e+00
     vertex  3.344505e+01 -1.031643e+01  0.000000e+00
   endloop
 endfacet
 facet normal  0.000000e+00  0.000000e+00 -1.000000e+00
   outer loop
     vertex -6.077686e+00  3.446827e+01  0.000000e+00
     vertex -9.479416e+00  3.369185e+01  0.000000e+00
     vertex -7.788233e+00  3.412248e+01  0.000000e+00
   endloop
 endfacet
 facet normal  0.000000e+00  0.000000e+00 -1.000000e+00
   outer loop
     vertex -6.077686e+00  3.446827e+01  0.000000e+00
     vertex -1.439505e+01  3.190270e+01  0.000000e+00
     vertex -9.479416e+00  3.369185e+01  0.000000e+00
   endloop
 endfacet
 facet normal  0.000000e+00  0.000000e+00 -1.000000e+00
   outer loop
     vertex  3.460908e+01 -5.216479e+00  0.000000e+00
     vertex  3.430604e+01 -6.935115e+00  0.000000e+00
     vertex  3.344505e+01 -1.031643e+01  0.000000e+00
   endloop
 endfacet
 facet normal  0.000000e+00  0.000000e+00 -1.000000e+00
   outer loop
     vertex -8.725742e-01  3.498912e+01  0.000000e+00
     vertex -4.352030e+00  3.472837e+01  0.000000e+00
     vertex -2.615553e+00  3.490213e+01  0.000000e+00
   endloop
 endfacet
 facet normal  0.000000e+00  0.000000e+00 -1.000000e+00
   outer loop
     vertex -8.725742e-01  3.498912e+01  0.000000e+00
     vertex -6.077686e+00  3.446827e+01  0.000000e+00
     vertex -4.352030e+00  3.472837e+01  0.000000e+00
   endloop
 endfacet
 facet normal -0.000000e+00  0.000000e+00 -1.000000e+00
   outer loop
     vertex  8.725742e-01  3.498912e+01  0.000000e+00
     vertex -6.077686e+00  3.446827e+01  0.000000e+00
     vertex -8.725742e-01  3.498912e+01  0.000000e+00
   endloop
 endfacet
 facet normal  0.000000e+00  0.000000e+00 -1.000000e+00
   outer loop
     vertex  8.725742e-01  3.498912e+01  0.000000e+00
     vertex -1.439505e+01  3.190270e+01  0.000000e+00
     vertex -6.077686e+00  3.446827e+01  0.000000e+00
   endloop
 endfacet
 facet normal -0.000000e+00  0.000000e+00 -1.000000e+00
   outer loop
     vertex  4.352030e+00  3.472837e+01  0.000000e+00
     vertex -1.439505e+01  3.190270e+01  0.000000e+00
     vertex  8.725742e-01  3.498912e+01  0.000000e+00
   endloop
 endfacet
 facet normal  0.000000e+00  0.000000e+00 -1.000000e+00
   outer loop
     vertex  4.352030e+00  3.472837e+01  0.000000e+00
     vertex  8.725742e-01  3.498912e+01  0.000000e+00
     vertex  2.615553e+00  3.490213e+01  0.000000e+00
   endloop
 endfacet
 facet normal  0.000000e+00 -0.000000e+00 -1.000000e+00
   outer loop
     vertex  4.352030e+00  3.472837e+01  0.000000e+00
     vertex  2.891836e+01 -1.971620e+01  0.000000e+00
     vertex -1.439505e+01  3.190270e+01  0.000000e+00
   endloop
 endfacet
 facet normal  0.000000e+00  0.000000e+00 -1.000000e+00
   outer loop
     vertex  4.352030e+00  3.472837e+01  0.000000e+00
     vertex  3.344505e+01 -1.031643e+01  0.000000e+00
     vertex  2.891836e+01 -1.971620e+01  0.000000e+00
   endloop
 endfacet
 facet normal  0.000000e+00  0.000000e+00 -1.000000e+00
   outer loop
     vertex  3.430604e+01  6.935115e+00  0.000000e+00
     vertex  3.495649e+01  1.744606e+00  0.000000e+00
     vertex  3.500000e+01  0.000000e+00  0.000000e+00
   endloop
 endfacet
 facet normal  0.000000e+00  0.000000e+00 -1.000000e+00
   outer loop
     vertex  3.430604e+01  6.935115e+00  0.000000e+00
     vertex  3.482608e+01  3.484875e+00  0.000000e+00
     vertex  3.495649e+01  1.744606e+00  0.000000e+00
   endloop
 endfacet
 facet normal  0.000000e+00  0.000000e+00 -1.000000e+00
   outer loop
     vertex  3.430604e+01  6.935115e+00  0.000000e+00
     vertex  3.460908e+01  5.216479e+00  0.000000e+00
     vertex  3.482608e+01  3.484875e+00  0.000000e+00
   endloop
 endfacet
 facet normal  0.000000e+00  0.000000e+00 -1.000000e+00
   outer loop
     vertex  3.391771e+01  8.636509e+00  0.000000e+00
     vertex  3.430604e+01  6.935115e+00  0.000000e+00
     vertex  3.500000e+01  0.000000e+00  0.000000e+00
   endloop
 endfacet
 facet normal  0.000000e+00  0.000000e+00 -1.000000e+00
   outer loop
     vertex  9.479416e+00  3.369185e+01  0.000000e+00
     vertex  6.077686e+00  3.446827e+01  0.000000e+00
     vertex  7.788233e+00  3.412248e+01  0.000000e+00
   endloop
 endfacet
 facet normal  0.000000e+00  0.000000e+00 -1.000000e+00
   outer loop
     vertex  1.114703e+01  3.317746e+01  0.000000e+00
     vertex  6.077686e+00  3.446827e+01  0.000000e+00
     vertex  9.479416e+00  3.369185e+01  0.000000e+00
   endloop
 endfacet
 facet normal -0.000000e+00 -0.000000e+00 -1.000000e+00
   outer loop
     vertex  1.114703e+01  3.317746e+01  0.000000e+00
     vertex  3.344505e+01 -1.031643e+01  0.000000e+00
     vertex  4.352030e+00  3.472837e+01  0.000000e+00
   endloop
 endfacet
 facet normal  0.000000e+00  0.000000e+00 -1.000000e+00
   outer loop
     vertex  1.114703e+01  3.317746e+01  0.000000e+00
     vertex  4.352030e+00  3.472837e+01  0.000000e+00
     vertex  6.077686e+00  3.446827e+01  0.000000e+00
   endloop
 endfacet
 facet normal  0.000000e+00  0.000000e+00 -1.000000e+00
   outer loop
     vertex  3.225167e+01  1.359522e+01  0.000000e+00
     vertex  3.460908e+01 -5.216479e+00  0.000000e+00
     vertex  3.344505e+01 -1.031643e+01  0.000000e+00
   endloop
 endfacet
 facet normal  0.000000e+00  0.000000e+00 -1.000000e+00
   outer loop
     vertex  3.225167e+01  1.359522e+01  0.000000e+00
     vertex  3.344505e+01  1.031643e+01  0.000000e+00
     vertex  3.391771e+01  8.636509e+00  0.000000e+00
   endloop
 endfacet
 facet normal  0.000000e+00  0.000000e+00 -1.000000e+00
   outer loop
     vertex  3.225167e+01  1.359522e+01  0.000000e+00
     vertex  3.288924e+01  1.197071e+01  0.000000e+00
     vertex  3.344505e+01  1.031643e+01  0.000000e+00
   endloop
 endfacet
 facet normal  0.000000e+00  0.000000e+00 -1.000000e+00
   outer loop
     vertex  3.225167e+01  1.359522e+01  0.000000e+00
     vertex  3.482608e+01 -3.484875e+00  0.000000e+00
     vertex  3.460908e+01 -5.216479e+00  0.000000e+00
   endloop
 endfacet
 facet normal  0.000000e+00  0.000000e+00 -1.000000e+00
   outer loop
     vertex  3.225167e+01  1.359522e+01  0.000000e+00
     vertex  3.495649e+01 -1.744606e+00  0.000000e+00
     vertex  3.482608e+01 -3.484875e+00  0.000000e+00
   endloop
 endfacet
 facet normal  0.000000e+00  0.000000e+00 -1.000000e+00
   outer loop
     vertex  3.225167e+01  1.359522e+01  0.000000e+00
     vertex  3.500000e+01  0.000000e+00  0.000000e+00
     vertex  3.495649e+01 -1.744606e+00  0.000000e+00
   endloop
 endfacet
 facet normal  0.000000e+00  0.000000e+00 -1.000000e+00
   outer loop
     vertex  3.225167e+01  1.359522e+01  0.000000e+00
     vertex  3.391771e+01  8.636509e+00  0.000000e+00
     vertex  3.500000e+01  0.000000e+00  0.000000e+00
   endloop
 endfacet
 facet normal  0.000000e+00  0.000000e+00 -1.000000e+00
   outer loop
     vertex  1.596737e+01  3.114551e+01  0.000000e+00
     vertex  1.278694e+01  3.258058e+01  0.000000e+00
     vertex  1.439505e+01  3.190270e+01  0.000000e+00
   endloop
 endfacet
 facet normal  0.000000e+00  0.000000e+00 -1.000000e+00
   outer loop
     vertex  1.596737e+01  3.114551e+01  0.000000e+00
     vertex  1.114703e+01  3.317746e+01  0.000000e+00
     vertex  1.278694e+01  3.258058e+01  0.000000e+00
   endloop
 endfacet
 facet normal  0.000000e+00  0.000000e+00 -1.000000e+00
   outer loop
     vertex  3.073776e+01  1.673889e+01  0.000000e+00
     vertex  3.153391e+01  1.518593e+01  0.000000e+00
     vertex  3.225167e+01  1.359522e+01  0.000000e+00
   endloop
 endfacet
 facet normal  0.000000e+00  0.000000e+00 -1.000000e+00
   outer loop
     vertex  1.750000e+01  3.031089e+01  0.000000e+00
     vertex  1.114703e+01  3.317746e+01  0.000000e+00
     vertex  1.596737e+01  3.114551e+01  0.000000e+00
   endloop
 endfacet
 facet normal  0.000000e+00  0.000000e+00 -1.000000e+00
   outer loop
     vertex  2.891836e+01  1.971620e+01  0.000000e+00
     vertex  2.986518e+01  1.825023e+01  0.000000e+00
     vertex  3.073776e+01  1.673889e+01  0.000000e+00
   endloop
 endfacet
 facet normal  0.000000e+00  0.000000e+00 -1.000000e+00
   outer loop
     vertex  2.891836e+01  1.971620e+01  0.000000e+00
     vertex  3.073776e+01  1.673889e+01  0.000000e+00
     vertex  3.225167e+01  1.359522e+01  0.000000e+00
   endloop
 endfacet
 facet normal  0.000000e+00  0.000000e+00 -1.000000e+00
   outer loop
     vertex  2.891836e+01  1.971620e+01  0.000000e+00
     vertex  3.225167e+01  1.359522e+01  0.000000e+00
     vertex  3.344505e+01 -1.031643e+01  0.000000e+00
   endloop
 endfacet
 facet normal  0.000000e+00  0.000000e+00 -1.000000e+00
   outer loop
     vertex  2.315900e+01  2.624234e+01  0.000000e+00
     vertex  2.043103e+01  2.841783e+01  0.000000e+00
     vertex  2.182214e+01  2.736410e+01  0.000000e+00
   endloop
 endfacet
 facet normal  0.000000e+00  0.000000e+00 -1.000000e+00
   outer loop
     vertex  2.315900e+01  2.624234e+01  0.000000e+00
     vertex  1.898912e+01  2.940091e+01  0.000000e+00
     vertex  2.043103e+01  2.841783e+01  0.000000e+00
   endloop
 endfacet
 facet normal  0.000000e+00  0.000000e+00 -1.000000e+00
   outer loop
     vertex  2.315900e+01  2.624234e+01  0.000000e+00
     vertex  1.750000e+01  3.031089e+01  0.000000e+00
     vertex  1.898912e+01  2.940091e+01  0.000000e+00
   endloop
 endfacet
 facet normal  0.000000e+00  0.000000e+00 -1.000000e+00
   outer loop
     vertex  2.443829e+01  2.505534e+01  0.000000e+00
     vertex  2.789964e+01  2.113315e+01  0.000000e+00
     vertex  2.891836e+01  1.971620e+01  0.000000e+00
   endloop
 endfacet
 facet normal  0.000000e+00  0.000000e+00 -1.000000e+00
   outer loop
     vertex  2.443829e+01  2.505534e+01  0.000000e+00
     vertex  2.681156e+01  2.249757e+01  0.000000e+00
     vertex  2.789964e+01  2.113315e+01  0.000000e+00
   endloop
 endfacet
 facet normal  0.000000e+00  0.000000e+00 -1.000000e+00
   outer loop
     vertex  2.443829e+01  2.505534e+01  0.000000e+00
     vertex  2.565682e+01  2.380605e+01  0.000000e+00
     vertex  2.681156e+01  2.249757e+01  0.000000e+00
   endloop
 endfacet
 facet normal -0.000000e+00 -0.000000e+00 -1.000000e+00
   outer loop
     vertex  2.443829e+01  2.505534e+01  0.000000e+00
     vertex  3.344505e+01 -1.031643e+01  0.000000e+00
     vertex  1.114703e+01  3.317746e+01  0.000000e+00
   endloop
 endfacet
 facet normal  0.000000e+00  0.000000e+00 -1.000000e+00
   outer loop
     vertex  2.443829e+01  2.505534e+01  0.000000e+00
     vertex  1.114703e+01  3.317746e+01  0.000000e+00
     vertex  1.750000e+01  3.031089e+01  0.000000e+00
   endloop
 endfacet
 facet normal  0.000000e+00  0.000000e+00 -1.000000e+00
   outer loop
     vertex  2.443829e+01  2.505534e+01  0.000000e+00
     vertex  2.891836e+01  1.971620e+01  0.000000e+00
     vertex  3.344505e+01 -1.031643e+01  0.000000e+00
   endloop
 endfacet
 facet normal  0.000000e+00  0.000000e+00 -1.000000e+00
   outer loop
     vertex  2.443829e+01  2.505534e+01  0.000000e+00
     vertex  1.750000e+01  3.031089e+01  0.000000e+00
     vertex  2.315900e+01  2.624234e+01  0.000000e+00
   endloop
 endfacet
 facet normal  0.000000e+00  0.000000e+00  1.000000e+00
   outer loop
     vertex -2.043103e+01 -2.841783e+01  1.200000e+00
     vertex -2.315900e+01 -2.624234e+01  1.200000e+00
     vertex -2.182214e+01 -2.736410e+01  1.200000e+00
   endloop
 endfacet
 facet normal  0.000000e+00  0.000000e+00  1.000000e+00
   outer loop
     vertex -2.891836e+01 -1.971620e+01  1.200000e+00
     vertex -2.789964e+01 -2.113315e+01  1.200000e+00
     vertex -2.681156e+01 -2.249757e+01  1.200000e+00
   endloop
 endfacet
 facet normal  0.000000e+00  0.000000e+00  1.000000e+00
   outer loop
     vertex -2.891836e+01 -1.971620e+01  1.200000e+00
     vertex -2.681156e+01 -2.249757e+01  1.200000e+00
     vertex -2.565682e+01 -2.380605e+01  1.200000e+00
   endloop
 endfacet
 facet normal  0.000000e+00  0.000000e+00  1.000000e+00
   outer loop
     vertex -1.898912e+01 -2.940091e+01  1.200000e+00
     vertex -2.315900e+01 -2.624234e+01  1.200000e+00
     vertex -2.043103e+01 -2.841783e+01  1.200000e+00
   endloop
 endfacet
 facet normal  0.000000e+00  0.000000e+00  1.000000e+00
   outer loop
     vertex -1.898912e+01 -2.940091e+01  1.200000e+00
     vertex -2.443829e+01 -2.505534e+01  1.200000e+00
     vertex -2.315900e+01 -2.624234e+01  1.200000e+00
   endloop
 endfacet
 facet normal  0.000000e+00  0.000000e+00  1.000000e+00
   outer loop
     vertex -3.153391e+01 -1.518593e+01  1.200000e+00
     vertex -3.073776e+01 -1.673889e+01  1.200000e+00
     vertex -2.986518e+01 -1.825023e+01  1.200000e+00
   endloop
 endfacet
 facet normal  0.000000e+00  0.000000e+00  1.000000e+00
   outer loop
     vertex -3.225167e+01 -1.359522e+01  1.200000e+00
     vertex -3.153391e+01 -1.518593e+01  1.200000e+00
     vertex -2.986518e+01 -1.825023e+01  1.200000e+00
   endloop
 endfacet
 facet normal  0.000000e+00  0.000000e+00  1.000000e+00
   outer loop
     vertex -3.225167e+01 -1.359522e+01  1.200000e+00
     vertex -2.986518e+01 -1.825023e+01  1.200000e+00
     vertex -2.891836e+01 -1.971620e+01  1.200000e+00
   endloop
 endfacet
 facet normal  0.000000e+00  0.000000e+00  1.000000e+00
   outer loop
     vertex -1.278694e+01 -3.258058e+01  1.200000e+00
     vertex -2.443829e+01 -2.505534e+01  1.200000e+00
     vertex -1.898912e+01 -2.940091e+01  1.200000e+00
   endloop
 endfacet
 facet normal  0.000000e+00  0.000000e+00  1.000000e+00
   outer loop
     vertex -1.278694e+01 -3.258058e+01  1.200000e+00
     vertex -2.565682e+01 -2.380605e+01  1.200000e+00
     vertex -2.443829e+01 -2.505534e+01  1.200000e+00
   endloop
 endfacet
 facet normal  0.000000e+00  0.000000e+00  1.000000e+00
   outer loop
     vertex -1.278694e+01 -3.258058e+01  1.200000e+00
     vertex -1.898912e+01 -2.940091e+01  1.200000e+00
     vertex -1.750000e+01 -3.031089e+01  1.200000e+00
   endloop
 endfacet
 facet normal  0.000000e+00  0.000000e+00  1.000000e+00
   outer loop
     vertex -1.278694e+01 -3.258058e+01  1.200000e+00
     vertex -1.750000e+01 -3.031089e+01  1.200000e+00
     vertex -1.596737e+01 -3.114551e+01  1.200000e+00
   endloop
 endfacet
 facet normal  0.000000e+00  0.000000e+00  1.000000e+00
   outer loop
     vertex -1.278694e+01 -3.258058e+01  1.200000e+00
     vertex -1.596737e+01 -3.114551e+01  1.200000e+00
     vertex -1.439505e+01 -3.190270e+01  1.200000e+00
   endloop
 endfacet
 facet normal  0.000000e+00  0.000000e+00  1.000000e+00
   outer loop
     vertex -3.344505e+01 -1.031643e+01  1.200000e+00
     vertex -3.225167e+01 -1.359522e+01  1.200000e+00
     vertex -2.891836e+01 -1.971620e+01  1.200000e+00
   endloop
 endfacet
 facet normal  0.000000e+00  0.000000e+00  1.000000e+00
   outer loop
     vertex -3.344505e+01 -1.031643e+01  1.200000e+00
     vertex -3.288924e+01 -1.197071e+01  1.200000e+00
     vertex -3.225167e+01 -1.359522e+01  1.200000e+00
   endloop
 endfacet
 facet normal  0.000000e+00  0.000000e+00  1.000000e+00
   outer loop
     vertex -9.479416e+00 -3.369185e+01  1.200000e+00
     vertex -2.891836e+01 -1.971620e+01  1.200000e+00
     vertex -2.565682e+01 -2.380605e+01  1.200000e+00
   endloop
 endfacet
 facet normal  0.000000e+00  0.000000e+00  1.000000e+00
   outer loop
     vertex -9.479416e+00 -3.369185e+01  1.200000e+00
     vertex -2.565682e+01 -2.380605e+01  1.200000e+00
     vertex -1.278694e+01 -3.258058e+01  1.200000e+00
   endloop
 endfacet
 facet normal  0.000000e+00  0.000000e+00  1.000000e+00
   outer loop
     vertex -9.479416e+00 -3.369185e+01  1.200000e+00
     vertex -1.278694e+01 -3.258058e+01  1.200000e+00
     vertex -1.114703e+01 -3.317746e+01  1.200000e+00
   endloop
 endfacet
 facet normal  0.000000e+00  0.000000e+00  1.000000e+00
   outer loop
     vertex -3.430604e+01 -6.935115e+00  1.200000e+00
     vertex -3.391771e+01 -8.636509e+00  1.200000e+00
     vertex -3.344505e+01 -1.031643e+01  1.200000e+00
   endloop
 endfacet
 facet normal  0.000000e+00  0.000000e+00  1.000000e+00
   outer loop
     vertex -3.460908e+01 -5.216479e+00  1.200000e+00
     vertex -3.430604e+01 -6.935115e+00  1.200000e+00
     vertex -3.344505e+01 -1.031643e+01  1.200000e+00
   endloop
 endfacet
 facet normal  0.000000e+00  0.000000e+00  1.000000e+00
   outer loop
     vertex -2.615553e+00 -3.490213e+01  1.200000e+00
     vertex -2.891836e+01 -1.971620e+01  1.200000e+00
     vertex -9.479416e+00 -3.369185e+01  1.200000e+00
   endloop
 endfacet
 facet normal  0.000000e+00  0.000000e+00  1.000000e+00
   outer loop
     vertex -2.615553e+00 -3.490213e+01  1.200000e+00
     vertex -3.344505e+01 -1.031643e+01  1.200000e+00
     vertex -2.891836e+01 -1.971620e+01  1.200000e+00
   endloop
 endfacet
 facet normal  0.000000e+00  0.000000e+00  1.000000e+00
   outer loop
     vertex -2.615553e+00 -3.490213e+01  1.200000e+00
     vertex -9.479416e+00 -3.369185e+01  1.200000e+00
     vertex -7.788233e+00 -3.412248e+01  1.200000e+00
   endloop
 endfacet
 facet normal  0.000000e+00  0.000000e+00  1.000000e+00
   outer loop
     vertex -2.615553e+00 -3.490213e+01  1.200000e+00
     vertex -7.788233e+00 -3.412248e+01  1.200000e+00
     vertex -6.077686e+00 -3.446827e+01  1.200000e+00
   endloop
 endfacet
 facet normal  0.000000e+00  0.000000e+00  1.000000e+00
   outer loop
     vertex -2.615553e+00 -3.490213e+01  1.200000e+00
     vertex -6.077686e+00 -3.446827e+01  1.200000e+00
     vertex -4.352030e+00 -3.472837e+01  1.200000e+00
   endloop
 endfacet
 facet normal  0.000000e+00  0.000000e+00  1.000000e+00
   outer loop
     vertex -3.500000e+01 -1.200587e-13  1.200000e+00
     vertex -3.495649e+01 -1.744606e+00  1.200000e+00
     vertex -3.482608e+01 -3.484875e+00  1.200000e+00
   endloop
 endfacet
 facet normal  0.000000e+00  0.000000e+00  1.000000e+00
   outer loop
     vertex -3.500000e+01 -1.200587e-13  1.200000e+00
     vertex -3.482608e+01 -3.484875e+00  1.200000e+00
     vertex -3.460908e+01 -5.216479e+00  1.200000e+00
   endloop
 endfacet
 facet normal  0.000000e+00  0.000000e+00  1.000000e+00
   outer loop
     vertex -3.500000e+01 -1.200587e-13  1.200000e+00
     vertex -3.460908e+01 -5.216479e+00  1.200000e+00
     vertex -3.344505e+01 -1.031643e+01  1.200000e+00
   endloop
 endfacet
 facet normal  0.000000e+00  0.000000e+00  1.000000e+00
   outer loop
     vertex -3.482608e+01  3.484875e+00  1.200000e+00
     vertex -3.495649e+01  1.744606e+00  1.200000e+00
     vertex -3.500000e+01 -1.200587e-13  1.200000e+00
   endloop
 endfacet
 facet normal  0.000000e+00  0.000000e+00  1.000000e+00
   outer loop
     vertex  4.352030e+00 -3.472837e+01  1.200000e+00
     vertex -2.615553e+00 -3.490213e+01  1.200000e+00
     vertex -8.725742e-01 -3.498912e+01  1.200000e+00
   endloop
 endfacet
 facet normal  0.000000e+00  0.000000e+00  1.000000e+00
   outer loop
     vertex  4.352030e+00 -3.472837e+01  1.200000e+00
     vertex -8.725742e-01 -3.498912e+01  1.200000e+00
     vertex  8.725742e-01 -3.498912e+01  1.200000e+00
   endloop
 endfacet
 facet normal  0.000000e+00  0.000000e+00  1.000000e+00
   outer loop
     vertex  4.352030e+00 -3.472837e+01  1.200000e+00
     vertex  8.725742e-01 -3.498912e+01  1.200000e+00
     vertex  2.615553e+00 -3.490213e+01  1.200000e+00
   endloop
 endfacet
 facet normal  0.000000e+00  0.000000e+00  1.000000e+00
   outer loop
     vertex -3.460908e+01  5.216479e+00  1.200000e+00
     vertex -3.482608e+01  3.484875e+00  1.200000e+00
     vertex -3.500000e+01 -1.200587e-13  1.200000e+00
   endloop
 endfacet
 facet normal  0.000000e+00  0.000000e+00  1.000000e+00
   outer loop
     vertex  7.788233e+00 -3.412248e+01  1.200000e+00
     vertex  4.352030e+00 -3.472837e+01  1.200000e+00
     vertex  6.077686e+00 -3.446827e+01  1.200000e+00
   endloop
 endfacet
 facet normal  0.000000e+00  0.000000e+00  1.000000e+00
   outer loop
     vertex -3.391771e+01  8.636509e+00  1.200000e+00
     vertex -3.460908e+01  5.216479e+00  1.200000e+00
     vertex -3.500000e+01 -1.200587e-13  1.200000e+00
   endloop
 endfacet
 facet normal  0.000000e+00  0.000000e+00  1.000000e+00
   outer loop
     vertex -3.391771e+01  8.636509e+00  1.200000e+00
     vertex -3.430604e+01  6.935115e+00  1.200000e+00
     vertex -3.460908e+01  5.216479e+00  1.200000e+00
   endloop
 endfacet
 facet normal  0.000000e+00  0.000000e+00  1.000000e+00
   outer loop
     vertex -3.391771e+01  8.636509e+00  1.200000e+00
     vertex -3.500000e+01 -1.200587e-13  1.200000e+00
     vertex -3.344505e+01 -1.031643e+01  1.200000e+00
   endloop
 endfacet
 facet normal  0.000000e+00  0.000000e+00  1.000000e+00
   outer loop
     vertex  9.479416e+00 -3.369185e+01  1.200000e+00
     vertex  4.352030e+00 -3.472837e+01  1.200000e+00
     vertex  7.788233e+00 -3.412248e+01  1.200000e+00
   endloop
 endfacet
 facet normal  0.000000e+00  0.000000e+00  1.000000e+00
   outer loop
     vertex  9.479416e+00 -3.369185e+01  1.200000e+00
     vertex -2.615553e+00 -3.490213e+01  1.200000e+00
     vertex  4.352030e+00 -3.472837e+01  1.200000e+00
   endloop
 endfacet
 facet normal  0.000000e+00  0.000000e+00  1.000000e+00
   outer loop
     vertex -3.288924e+01  1.197071e+01  1.200000e+00
     vertex -3.344505e+01  1.031643e+01  1.200000e+00
     vertex -3.391771e+01  8.636509e+00  1.200000e+00
   endloop
 endfacet
 facet normal  0.000000e+00  0.000000e+00  1.000000e+00
   outer loop
     vertex  1.278694e+01 -3.258058e+01  1.200000e+00
     vertex  9.479416e+00 -3.369185e+01  1.200000e+00
     vertex  1.114703e+01 -3.317746e+01  1.200000e+00
   endloop
 endfacet
 facet normal  0.000000e+00  0.000000e+00  1.000000e+00
   outer loop
     vertex -3.225167e+01  1.359522e+01  1.200000e+00
     vertex -3.288924e+01  1.197071e+01  1.200000e+00
     vertex -3.391771e+01  8.636509e+00  1.200000e+00
   endloop
 endfacet
 facet normal  0.000000e+00  0.000000e+00  1.000000e+00
   outer loop
     vertex -3.153391e+01  1.518593e+01  1.200000e+00
     vertex  1.278694e+01 -3.258058e+01  1.200000e+00
     vertex  1.439505e+01 -3.190270e+01  1.200000e+00
   endloop
 endfacet
 facet normal  0.000000e+00  0.000000e+00  1.000000e+00
   outer loop
     vertex -3.153391e+01  1.518593e+01  1.200000e+00
     vertex -3.391771e+01  8.636509e+00  1.200000e+00
     vertex -3.344505e+01 -1.031643e+01  1.200000e+00
   endloop
 endfacet
 facet normal  0.000000e+00  0.000000e+00  1.000000e+00
   outer loop
     vertex -3.153391e+01  1.518593e+01  1.200000e+00
     vertex -3.225167e+01  1.359522e+01  1.200000e+00
     vertex -3.391771e+01  8.636509e+00  1.200000e+00
   endloop
 endfacet
 facet normal  0.000000e+00  0.000000e+00  1.000000e+00
   outer loop
     vertex -3.153391e+01  1.518593e+01  1.200000e+00
     vertex -2.615553e+00 -3.490213e+01  1.200000e+00
     vertex  9.479416e+00 -3.369185e+01  1.200000e+00
   endloop
 endfacet
 facet normal  0.000000e+00  0.000000e+00  1.000000e+00
   outer loop
     vertex -3.153391e+01  1.518593e+01  1.200000e+00
     vertex  9.479416e+00 -3.369185e+01  1.200000e+00
     vertex  1.278694e+01 -3.258058e+01  1.200000e+00
   endloop
 endfacet
 facet normal  0.000000e+00  0.000000e+00  1.000000e+00
   outer loop
     vertex -3.153391e+01  1.518593e+01  1.200000e+00
     vertex -3.344505e+01 -1.031643e+01  1.200000e+00
     vertex -2.615553e+00 -3.490213e+01  1.200000e+00
   endloop
 endfacet
 facet normal  0.000000e+00  0.000000e+00  1.000000e+00
   outer loop
     vertex  1.750000e+01 -3.031089e+01  1.200000e+00
     vertex  1.439505e+01 -3.190270e+01  1.200000e+00
     vertex  1.596737e+01 -3.114551e+01  1.200000e+00
   endloop
 endfacet
 facet normal  0.000000e+00  0.000000e+00  1.000000e+00
   outer loop
     vertex  1.898912e+01 -2.940091e+01  1.200000e+00
     vertex  1.439505e+01 -3.190270e+01  1.200000e+00
     vertex  1.750000e+01 -3.031089e+01  1.200000e+00
   endloop
 endfacet
 facet normal  0.000000e+00  0.000000e+00  1.000000e+00
   outer loop
     vertex -2.891836e+01  1.971620e+01  1.200000e+00
     vertex -2.986518e+01  1.825023e+01  1.200000e+00
     vertex -3.073776e+01  1.673889e+01  1.200000e+00
   endloop
 endfacet
 facet normal  0.000000e+00  0.000000e+00  1.000000e+00
   outer loop
     vertex  2.182214e+01 -2.736410e+01  1.200000e+00
     vertex  1.898912e+01 -2.940091e+01  1.200000e+00
     vertex  2.043103e+01 -2.841783e+01  1.200000e+00
   endloop
 endfacet
 facet normal  0.000000e+00  0.000000e+00  1.000000e+00
   outer loop
     vertex  2.315900e+01 -2.624234e+01  1.200000e+00
     vertex  1.898912e+01 -2.940091e+01  1.200000e+00
     vertex  2.182214e+01 -2.736410e+01  1.200000e+00
   endloop
 endfacet
 facet normal  0.000000e+00  0.000000e+00  1.000000e+00
   outer loop
     vertex -2.565682e+01  2.380605e+01  1.200000e+00
     vertex -2.891836e+01  1.971620e+01  1.200000e+00
     vertex -3.073776e+01  1.673889e+01  1.200000e+00
   endloop
 endfacet
 facet normal  0.000000e+00  0.000000e+00  1.000000e+00
   outer loop
     vertex -2.565682e+01  2.380605e+01  1.200000e+00
     vertex -2.681156e+01  2.249757e+01  1.200000e+00
     vertex -2.789964e+01  2.113315e+01  1.200000e+00
   endloop
 endfacet
 facet normal  0.000000e+00  0.000000e+00  1.000000e+00
   outer loop
     vertex -2.565682e+01  2.380605e+01  1.200000e+00
     vertex -2.789964e+01  2.113315e+01  1.200000e+00
     vertex -2.891836e+01  1.971620e+01  1.200000e+00
   endloop
 endfacet
 facet normal  0.000000e+00  0.000000e+00  1.000000e+00
   outer loop
     vertex -2.443829e+01  2.505534e+01  1.200000e+00
     vertex -2.565682e+01  2.380605e+01  1.200000e+00
     vertex -3.073776e+01  1.673889e+01  1.200000e+00
   endloop
 endfacet
 facet normal  0.000000e+00  0.000000e+00  1.000000e+00
   outer loop
     vertex  2.565682e+01 -2.380605e+01  1.200000e+00
     vertex  2.315900e+01 -2.624234e+01  1.200000e+00
     vertex  2.443829e+01 -2.505534e+01  1.200000e+00
   endloop
 endfacet
 facet normal  0.000000e+00  0.000000e+00  1.000000e+00
   outer loop
     vertex  2.565682e+01 -2.380605e+01  1.200000e+00
     vertex  1.898912e+01 -2.940091e+01  1.200000e+00
     vertex  2.315900e+01 -2.624234e+01  1.200000e+00
   endloop
 endfacet
 facet normal  0.000000e+00  0.000000e+00  1.000000e+00
   outer loop
     vertex -2.315900e+01  2.624234e+01  1.200000e+00
     vertex -3.073776e+01  1.673889e+01  1.200000e+00
     vertex -3.153391e+01  1.518593e+01  1.200000e+00
   endloop
 endfacet
 facet normal  0.000000e+00  0.000000e+00  1.000000e+00
   outer loop
     vertex -2.315900e+01  2.624234e+01  1.200000e+00
     vertex -2.443829e+01  2.505534e+01  1.200000e+00
     vertex -3.073776e+01  1.673889e+01  1.200000e+00
   endloop
 endfacet
 facet normal  0.000000e+00  0.000000e+00  1.000000e+00
   outer loop
     vertex  2.681156e+01 -2.249757e+01  1.200000e+00
     vertex -3.153391e+01  1.518593e+01  1.200000e+00
     vertex  1.439505e+01 -3.190270e+01  1.200000e+00
   endloop
 endfacet
 facet normal  0.000000e+00  0.000000e+00  1.000000e+00
   outer loop
     vertex  2.681156e+01 -2.249757e+01  1.200000e+00
     vertex  1.439505e+01 -3.190270e+01  1.200000e+00
     vertex  1.898912e+01 -2.940091e+01  1.200000e+00
   endloop
 endfacet
 facet normal  0.000000e+00  0.000000e+00  1.000000e+00
   outer loop
     vertex  2.681156e+01 -2.249757e+01  1.200000e+00
     vertex  1.898912e+01 -2.940091e+01  1.200000e+00
     vertex  2.565682e+01 -2.380605e+01  1.200000e+00
   endloop
 endfacet
 facet normal  0.000000e+00  0.000000e+00  1.000000e+00
   outer loop
     vertex -2.043103e+01  2.841783e+01  1.200000e+00
     vertex -2.182214e+01  2.736410e+01  1.200000e+00
     vertex -2.315900e+01  2.624234e+01  1.200000e+00
   endloop
 endfacet
 facet normal  0.000000e+00  0.000000e+00  1.000000e+00
   outer loop
     vertex -2.043103e+01  2.841783e+01  1.200000e+00
     vertex -3.153391e+01  1.518593e+01  1.200000e+00
     vertex  2.681156e+01 -2.249757e+01  1.200000e+00
   endloop
 endfacet
 facet normal  0.000000e+00  0.000000e+00  1.000000e+00
   outer loop
     vertex -2.043103e+01  2.841783e+01  1.200000e+00
     vertex -2.315900e+01  2.624234e+01  1.200000e+00
     vertex -3.153391e+01  1.518593e+01  1.200000e+00
   endloop
 endfacet
 facet normal  0.000000e+00  0.000000e+00  1.000000e+00
   outer loop
     vertex  2.891836e+01 -1.971620e+01  1.200000e+00
     vertex  2.681156e+01 -2.249757e+01  1.200000e+00
     vertex  2.789964e+01 -2.113315e+01  1.200000e+00
   endloop
 endfacet
 facet normal  0.000000e+00  0.000000e+00  1.000000e+00
   outer loop
     vertex -1.898912e+01  2.940091e+01  1.200000e+00
     vertex -2.043103e+01  2.841783e+01  1.200000e+00
     vertex  2.681156e+01 -2.249757e+01  1.200000e+00
   endloop
 endfacet
 facet normal  0.000000e+00  0.000000e+00  1.000000e+00
   outer loop
     vertex  3.153391e+01 -1.518593e+01  1.200000e+00
     vertex  2.891836e+01 -1.971620e+01  1.200000e+00
     vertex  2.986518e+01 -1.825023e+01  1.200000e+00
   endloop
 endfacet
 facet normal  0.000000e+00  0.000000e+00  1.000000e+00
   outer loop
     vertex  3.153391e+01 -1.518593e+01  1.200000e+00
     vertex  2.986518e+01 -1.825023e+01  1.200000e+00
     vertex  3.073776e+01 -1.673889e+01  1.200000e+00
   endloop
 endfacet
 facet normal  0.000000e+00  0.000000e+00  1.000000e+00
   outer loop
     vertex -1.439505e+01  3.190270e+01  1.200000e+00
     vertex -1.596737e+01  3.114551e+01  1.200000e+00
     vertex -1.750000e+01  3.031089e+01  1.200000e+00
   endloop
 endfacet
 facet normal  0.000000e+00  0.000000e+00  1.000000e+00
   outer loop
     vertex -1.439505e+01  3.190270e+01  1.200000e+00
     vertex -1.750000e+01  3.031089e+01  1.200000e+00
     vertex -1.898912e+01  2.940091e+01  1.200000e+00
   endloop
 endfacet
 facet normal  0.000000e+00  0.000000e+00  1.000000e+00
   outer loop
     vertex -1.439505e+01  3.190270e+01  1.200000e+00
     vertex  2.681156e+01 -2.249757e+01  1.200000e+00
     vertex  2.891836e+01 -1.971620e+01  1.200000e+00
   endloop
 endfacet
 facet normal  0.000000e+00  0.000000e+00  1.000000e+00
   outer loop
     vertex -1.439505e+01  3.190270e+01  1.200000e+00
     vertex -1.898912e+01  2.940091e+01  1.200000e+00
     vertex  2.681156e+01 -2.249757e+01  1.200000e+00
   endloop
 endfacet
 facet normal  0.000000e+00  0.000000e+00  1.000000e+00
   outer loop
     vertex  3.225167e+01 -1.359522e+01  1.200000e+00
     vertex  2.891836e+01 -1.971620e+01  1.200000e+00
     vertex  3.153391e+01 -1.518593e+01  1.200000e+00
   endloop
 endfacet
 facet normal  0.000000e+00  0.000000e+00  1.000000e+00
   outer loop
     vertex  3.288924e+01 -1.197071e+01  1.200000e+00
     vertex  2.891836e+01 -1.971620e+01  1.200000e+00
     vertex  3.225167e+01 -1.359522e+01  1.200000e+00
   endloop
 endfacet
 facet normal  0.000000e+00  0.000000e+00  1.000000e+00
   outer loop
     vertex  3.344505e+01 -1.031643e+01  1.200000e+00
     vertex  2.891836e+01 -1.971620e+01  1.200000e+00
     vertex  3.288924e+01 -1.197071e+01  1.200000e+00
   endloop
 endfacet
 facet normal  0.000000e+00  0.000000e+00  1.000000e+00
   outer loop
     vertex -9.479416e+00  3.369185e+01  1.200000e+00
     vertex -1.114703e+01  3.317746e+01  1.200000e+00
     vertex -1.278694e+01  3.258058e+01  1.200000e+00
   endloop
 endfacet
 facet normal  0.000000e+00  0.000000e+00  1.000000e+00
   outer loop
     vertex -9.479416e+00  3.369185e+01  1.200000e+00
     vertex -1.278694e+01  3.258058e+01  1.200000e+00
     vertex -1.439505e+01  3.190270e+01  1.200000e+00
   endloop
 endfacet
 facet normal  0.000000e+00  0.000000e+00  1.000000e+00
   outer loop
     vertex  3.430604e+01 -6.935115e+00  1.200000e+00
     vertex  3.344505e+01 -1.031643e+01  1.200000e+00
     vertex  3.391771e+01 -8.636509e+00  1.200000e+00
   endloop
 endfacet
 facet normal  0.000000e+00  0.000000e+00  1.000000e+00
   outer loop
     vertex -6.077686e+00  3.446827e+01  1.200000e+00
     vertex -7.788233e+00  3.412248e+01  1.200000e+00
     vertex -9.479416e+00  3.369185e+01  1.200000e+00
   endloop
 endfacet
 facet normal  0.000000e+00  0.000000e+00  1.000000e+00
   outer loop
     vertex -6.077686e+00  3.446827e+01  1.200000e+00
     vertex -9.479416e+00  3.369185e+01  1.200000e+00
     vertex -1.439505e+01  3.190270e+01  1.200000e+00
   endloop
 endfacet
 facet normal  0.000000e+00  0.000000e+00  1.000000e+00
   outer loop
     vertex  3.460908e+01 -5.216479e+00  1.200000e+00
     vertex  3.344505e+01 -1.031643e+01  1.200000e+00
     vertex  3.430604e+01 -6.935115e+00  1.200000e+00
   endloop
 endfacet
 facet normal  0.000000e+00  0.000000e+00  1.000000e+00
   outer loop
     vertex -8.725742e-01  3.498912e+01  1.200000e+00
     vertex -2.615553e+00  3.490213e+01  1.200000e+00
     vertex -4.352030e+00  3.472837e+01  1.200000e+00
   endloop
 endfacet
 facet normal  0.000000e+00  0.000000e+00  1.000000e+00
   outer loop
     vertex -8.725742e-01  3.498912e+01  1.200000e+00
     vertex -4.352030e+00  3.472837e+01  1.200000e+00
     vertex -6.077686e+00  3.446827e+01  1.200000e+00
   endloop
 endfacet
 facet normal  0.000000e+00  0.000000e+00  1.000000e+00
   outer loop
     vertex  8.725742e-01  3.498912e+01  1.200000e+00
     vertex -8.725742e-01  3.498912e+01  1.200000e+00
     vertex -6.077686e+00  3.446827e+01  1.200000e+00
   endloop
 endfacet
 facet normal  0.000000e+00  0.000000e+00  1.000000e+00
   outer loop
     vertex  8.725742e-01  3.498912e+01  1.200000e+00
     vertex -6.077686e+00  3.446827e+01  1.200000e+00
     vertex -1.439505e+01  3.190270e+01  1.200000e+00
   endloop
 endfacet
 facet normal  0.000000e+00  0.000000e+00  1.000000e+00
   outer loop
     vertex  4.352030e+00  3.472837e+01  1.200000e+00
     vertex  8.725742e-01  3.498912e+01  1.200000e+00
     vertex -1.439505e+01  3.190270e+01  1.200000e+00
   endloop
 endfacet
 facet normal  0.000000e+00  0.000000e+00  1.000000e+00
   outer loop
     vertex  4.352030e+00  3.472837e+01  1.200000e+00
     vertex  2.615553e+00  3.490213e+01  1.200000e+00
     vertex  8.725742e-01  3.498912e+01  1.200000e+00
   endloop
 endfacet
 facet normal  0.000000e+00  0.000000e+00  1.000000e+00
   outer loop
     vertex  4.352030e+00  3.472837e+01  1.200000e+00
     vertex -1.439505e+01  3.190270e+01  1.200000e+00
     vertex  2.891836e+01 -1.971620e+01  1.200000e+00
   endloop
 endfacet
 facet normal  0.000000e+00  0.000000e+00  1.000000e+00
   outer loop
     vertex  4.352030e+00  3.472837e+01  1.200000e+00
     vertex  2.891836e+01 -1.971620e+01  1.200000e+00
     vertex  3.344505e+01 -1.031643e+01  1.200000e+00
   endloop
 endfacet
 facet normal  0.000000e+00  0.000000e+00  1.000000e+00
   outer loop
     vertex  3.430604e+01  6.935115e+00  1.200000e+00
     vertex  3.500000e+01  0.000000e+00  1.200000e+00
     vertex  3.495649e+01  1.744606e+00  1.200000e+00
   endloop
 endfacet
 facet normal  0.000000e+00  0.000000e+00  1.000000e+00
   outer loop
     vertex  3.430604e+01  6.935115e+00  1.200000e+00
     vertex  3.495649e+01  1.744606e+00  1.200000e+00
     vertex  3.482608e+01  3.484875e+00  1.200000e+00
   endloop
 endfacet
 facet normal  0.000000e+00  0.000000e+00  1.000000e+00
   outer loop
     vertex  3.430604e+01  6.935115e+00  1.200000e+00
     vertex  3.482608e+01  3.484875e+00  1.200000e+00
     vertex  3.460908e+01  5.216479e+00  1.200000e+00
   endloop
 endfacet
 facet normal  0.000000e+00  0.000000e+00  1.000000e+00
   outer loop
     vertex  3.391771e+01  8.636509e+00  1.200000e+00
     vertex  3.500000e+01  0.000000e+00  1.200000e+00
     vertex  3.430604e+01  6.935115e+00  1.200000e+00
   endloop
 endfacet
 facet normal  0.000000e+00  0.000000e+00  1.000000e+00
   outer loop
     vertex  9.479416e+00  3.369185e+01  1.200000e+00
     vertex  7.788233e+00  3.412248e+01  1.200000e+00
     vertex  6.077686e+00  3.446827e+01  1.200000e+00
   endloop
 endfacet
 facet normal  0.000000e+00  0.000000e+00  1.000000e+00
   outer loop
     vertex  1.114703e+01  3.317746e+01  1.200000e+00
     vertex  9.479416e+00  3.369185e+01  1.200000e+00
     vertex  6.077686e+00  3.446827e+01  1.200000e+00
   endloop
 endfacet
 facet normal  0.000000e+00  0.000000e+00  1.000000e+00
   outer loop
     vertex  1.114703e+01  3.317746e+01  1.200000e+00
     vertex  4.352030e+00  3.472837e+01  1.200000e+00
     vertex  3.344505e+01 -1.031643e+01  1.200000e+00
   endloop
 endfacet
 facet normal  0.000000e+00  0.000000e+00  1.000000e+00
   outer loop
     vertex  1.114703e+01  3.317746e+01  1.200000e+00
     vertex  6.077686e+00  3.446827e+01  1.200000e+00
     vertex  4.352030e+00  3.472837e+01  1.200000e+00
   endloop
 endfacet
 facet normal  0.000000e+00  0.000000e+00  1.000000e+00
   outer loop
     vertex  3.225167e+01  1.359522e+01  1.200000e+00
     vertex  3.344505e+01 -1.031643e+01  1.200000e+00
     vertex  3.460908e+01 -5.216479e+00  1.200000e+00
   endloop
 endfacet
 facet normal  0.000000e+00  0.000000e+00  1.000000e+00
   outer loop
     vertex  3.225167e+01  1.359522e+01  1.200000e+00
     vertex  3.391771e+01  8.636509e+00  1.200000e+00
     vertex  3.344505e+01  1.031643e+01  1.200000e+00
   endloop
 endfacet
 facet normal  0.000000e+00  0.000000e+00  1.000000e+00
   outer loop
     vertex  3.225167e+01  1.359522e+01  1.200000e+00
     vertex  3.344505e+01  1.031643e+01  1.200000e+00
     vertex  3.288924e+01  1.197071e+01  1.200000e+00
   endloop
 endfacet
 facet normal  0.000000e+00  0.000000e+00  1.000000e+00
   outer loop
     vertex  3.225167e+01  1.359522e+01  1.200000e+00
     vertex  3.460908e+01 -5.216479e+00  1.200000e+00
     vertex  3.482608e+01 -3.484875e+00  1.200000e+00
   endloop
 endfacet
 facet normal  0.000000e+00  0.000000e+00  1.000000e+00
   outer loop
     vertex  3.225167e+01  1.359522e+01  1.200000e+00
     vertex  3.482608e+01 -3.484875e+00  1.200000e+00
     vertex  3.495649e+01 -1.744606e+00  1.200000e+00
   endloop
 endfacet
 facet normal  0.000000e+00  0.000000e+00  1.000000e+00
   outer loop
     vertex  3.225167e+01  1.359522e+01  1.200000e+00
     vertex  3.495649e+01 -1.744606e+00  1.200000e+00
     vertex  3.500000e+01  0.000000e+00  1.200000e+00
   endloop
 endfacet
 facet normal  0.000000e+00  0.000000e+00  1.000000e+00
   outer loop
     vertex  3.225167e+01  1.359522e+01  1.200000e+00
     vertex  3.500000e+01  0.000000e+00  1.200000e+00
     vertex  3.391771e+01  8.636509e+00  1.200000e+00
   endloop
 endfacet
 facet normal  0.000000e+00  0.000000e+00  1.000000e+00
   outer loop
     vertex  1.596737e+01  3.114551e+01  1.200000e+00
     vertex  1.439505e+01  3.190270e+01  1.200000e+00
     vertex  1.278694e+01  3.258058e+01  1.200000e+00
   endloop
 endfacet
 facet normal  0.000000e+00  0.000000e+00  1.000000e+00
   outer loop
     vertex  1.596737e+01  3.114551e+01  1.200000e+00
     vertex  1.278694e+01  3.258058e+01  1.200000e+00
     vertex  1.114703e+01  3.317746e+01  1.200000e+00
   endloop
 endfacet
 facet normal  0.000000e+00  0.000000e+00  1.000000e+00
   outer loop
     vertex  3.073776e+01  1.673889e+01  1.200000e+00
     vertex  3.225167e+01  1.359522e+01  1.200000e+00
     vertex  3.153391e+01  1.518593e+01  1.200000e+00
   endloop
 endfacet
 facet normal  0.000000e+00  0.000000e+00  1.000000e+00
   outer loop
     vertex  1.750000e+01  3.031089e+01  1.200000e+00
     vertex  1.596737e+01  3.114551e+01  1.200000e+00
     vertex  1.114703e+01  3.317746e+01  1.200000e+00
   endloop
 endfacet
 facet normal  0.000000e+00  0.000000e+00  1.000000e+00
   outer loop
     vertex  2.891836e+01  1.971620e+01  1.200000e+00
     vertex  3.073776e+01  1.673889e+01  1.200000e+00
     vertex  2.986518e+01  1.825023e+01  1.200000e+00
   endloop
 endfacet
 facet normal  0.000000e+00  0.000000e+00  1.000000e+00
   outer loop
     vertex  2.891836e+01  1.971620e+01  1.200000e+00
     vertex  3.225167e+01  1.359522e+01  1.200000e+00
     vertex  3.073776e+01  1.673889e+01  1.200000e+00
   endloop
 endfacet
 facet normal  0.000000e+00  0.000000e+00  1.000000e+00
   outer loop
     vertex  2.891836e+01  1.971620e+01  1.200000e+00
     vertex  3.344505e+01 -1.031643e+01  1.200000e+00
     vertex  3.225167e+01  1.359522e+01  1.200000e+00
   endloop
 endfacet
 facet normal  0.000000e+00  0.000000e+00  1.000000e+00
   outer loop
     vertex  2.315900e+01  2.624234e+01  1.200000e+00
     vertex  2.182214e+01  2.736410e+01  1.200000e+00
     vertex  2.043103e+01  2.841783e+01  1.200000e+00
   endloop
 endfacet
 facet normal  0.000000e+00  0.000000e+00  1.000000e+00
   outer loop
     vertex  2.315900e+01  2.624234e+01  1.200000e+00
     vertex  2.043103e+01  2.841783e+01  1.200000e+00
     vertex  1.898912e+01  2.940091e+01  1.200000e+00
   endloop
 endfacet
 facet normal  0.000000e+00  0.000000e+00  1.000000e+00
   outer loop
     vertex  2.315900e+01  2.624234e+01  1.200000e+00
     vertex  1.898912e+01  2.940091e+01  1.200000e+00
     vertex  1.750000e+01  3.031089e+01  1.200000e+00
   endloop
 endfacet
 facet normal  0.000000e+00  0.000000e+00  1.000000e+00
   outer loop
     vertex  2.443829e+01  2.505534e+01  1.200000e+00
     vertex  2.891836e+01  1.971620e+01  1.200000e+00
     vertex  2.789964e+01  2.113315e+01  1.200000e+00
   endloop
 endfacet
 facet normal  0.000000e+00  0.000000e+00  1.000000e+00
   outer loop
     vertex  2.443829e+01  2.505534e+01  1.200000e+00
     vertex  2.789964e+01  2.113315e+01  1.200000e+00
     vertex  2.681156e+01  2.249757e+01  1.200000e+00
   endloop
 endfacet
 facet normal  0.000000e+00  0.000000e+00  1.000000e+00
   outer loop
     vertex  2.443829e+01  2.505534e+01  1.200000e+00
     vertex  2.681156e+01  2.249757e+01  1.200000e+00
     vertex  2.565682e+01  2.380605e+01  1.200000e+00
   endloop
 endfacet
 facet normal  0.000000e+00  0.000000e+00  1.000000e+00
   outer loop
     vertex  2.443829e+01  2.505534e+01  1.200000e+00
     vertex  1.114703e+01  3.317746e+01  1.200000e+00
     vertex  3.344505e+01 -1.031643e+01  1.200000e+00
   endloop
 endfacet
 facet normal  0.000000e+00  0.000000e+00  1.000000e+00
   outer loop
     vertex  2.443829e+01  2.505534e+01  1.200000e+00
     vertex  1.750000e+01  3.031089e+01  1.200000e+00
     vertex  1.114703e+01  3.317746e+01  1.200000e+00
   endloop
 endfacet
 facet normal  0.000000e+00  0.000000e+00  1.000000e+00
   outer loop
     vertex  2.443829e+01  2.505534e+01  1.200000e+00
     vertex  3.344505e+01 -1.031643e+01  1.200000e+00
     vertex  2.891836e+01  1.971620e+01  1.200000e+00
   endloop
 endfacet
 facet normal  0.000000e+00  0.000000e+00  1.000000e+00
   outer loop
     vertex  2.443829e+01  2.505534e+01  1.200000e+00
     vertex  2.315900e+01  2.624234e+01  1.200000e+00
     vertex  1.750000e+01  3.031089e+01  1.200000e+00
   endloop
 endfacet
endsolid
