solid 
 facet normal  9.996892e-01  2.493069e-02  0.000000e+00
   outer loop
     vertex  3.011252e+01  1.502853e+00  0.000000e+00
     vertex  3.015000e+01  0.000000e+00  3.000000e+02
     vertex  3.015000e+01  0.000000e+00  0.000000e+00
   endloop
 endfacet
 facet normal  9.996892e-01  2.493069e-02 -0.000000e+00
   outer loop
     vertex  3.011252e+01  1.502853e+00  0.000000e+00
     vertex  3.011252e+01  1.502853e+00  3.000000e+02
     vertex  3.015000e+01  0.000000e+00  3.000000e+02
   endloop
 endfacet
 facet normal  9.972038e-01  7.473009e-02 -0.000000e+00
   outer loop
     vertex  3.000018e+01  3.001971e+00  0.000000e+00
     vertex  3.000018e+01  3.001971e+00  3.000000e+02
     vertex  3.011252e+01  1.502853e+00  3.000000e+02
   endloop
 endfacet
 facet normal  9.972038e-01  7.473009e-02  0.000000e+00
   outer loop
     vertex  3.000018e+01  3.001971e+00  0.000000e+00
     vertex  3.011252e+01  1.502853e+00  3.000000e+02
     vertex  3.011252e+01  1.502853e+00  0.000000e+00
   endloop
 endfacet
 facet normal  9.922392e-01  1.243437e-01 -0.000000e+00
   outer loop
     vertex  2.981325e+01  4.493624e+00  0.000000e+00
     vertex  2.981325e+01  4.493624e+00  3.000000e+02
     vertex  3.000018e+01  3.001971e+00  3.000000e+02
   endloop
 endfacet
 facet normal  9.922392e-01  1.243437e-01  0.000000e+00
   outer loop
     vertex  2.981325e+01  4.493624e+00  0.000000e+00
     vertex  3.000018e+01  3.001971e+00  3.000000e+02
     vertex  3.000018e+01  3.001971e+00  0.000000e+00
   endloop
 endfacet
 facet normal  9.848078e-01  1.736482e-01 -0.000000e+00
   outer loop
     vertex  2.955220e+01  5.974106e+00  0.000000e+00
     vertex  2.955220e+01  5.974106e+00  3.000000e+02
     vertex  2.981325e+01  4.493624e+00  3.000000e+02
   endloop
 endfacet
 facet normal  9.749279e-01  2.225209e-01 -0.000000e+00
   outer loop
     vertex  2.955220e+01  5.974106e+00  0.000000e+00
     vertex  2.921768e+01  7.439736e+00  3.000000e+02
     vertex  2.955220e+01  5.974106e+00  3.000000e+02
   endloop
 endfacet
 facet normal  9.848078e-01  1.736482e-01  0.000000e+00
   outer loop
     vertex  2.955220e+01  5.974106e+00  0.000000e+00
     vertex  2.981325e+01  4.493624e+00  3.000000e+02
     vertex  2.981325e+01  4.493624e+00  0.000000e+00
   endloop
 endfacet
 facet normal  9.749279e-01  2.225209e-01 -0.000000e+00
   outer loop
     vertex  2.921768e+01  7.439736e+00  0.000000e+00
     vertex  2.921768e+01  7.439736e+00  3.000000e+02
     vertex  2.955220e+01  5.974106e+00  0.000000e+00
   endloop
 endfacet
 facet normal  9.626242e-01  2.708405e-01 -0.000000e+00
   outer loop
     vertex  2.881052e+01  8.886869e+00  0.000000e+00
     vertex  2.881052e+01  8.886869e+00  3.000000e+02
     vertex  2.921768e+01  7.439736e+00  3.000000e+02
   endloop
 endfacet
 facet normal  9.626242e-01  2.708405e-01  0.000000e+00
   outer loop
     vertex  2.881052e+01  8.886869e+00  0.000000e+00
     vertex  2.921768e+01  7.439736e+00  3.000000e+02
     vertex  2.921768e+01  7.439736e+00  0.000000e+00
   endloop
 endfacet
 facet normal  9.479273e-01  3.184867e-01 -0.000000e+00
   outer loop
     vertex  2.833173e+01  1.031191e+01  0.000000e+00
     vertex  2.833173e+01  1.031191e+01  3.000000e+02
     vertex  2.881052e+01  8.886869e+00  3.000000e+02
   endloop
 endfacet
 facet normal  9.479273e-01  3.184867e-01  0.000000e+00
   outer loop
     vertex  2.833173e+01  1.031191e+01  0.000000e+00
     vertex  2.881052e+01  8.886869e+00  3.000000e+02
     vertex  2.881052e+01  8.886869e+00  0.000000e+00
   endloop
 endfacet
 facet normal  9.308737e-01  3.653410e-01 -0.000000e+00
   outer loop
     vertex  2.778251e+01  1.171131e+01  0.000000e+00
     vertex  2.778251e+01  1.171131e+01  3.000000e+02
     vertex  2.833173e+01  1.031191e+01  3.000000e+02
   endloop
 endfacet
 facet normal  9.308737e-01  3.653410e-01  0.000000e+00
   outer loop
     vertex  2.778251e+01  1.171131e+01  0.000000e+00
     vertex  2.833173e+01  1.031191e+01  3.000000e+02
     vertex  2.833173e+01  1.031191e+01  0.000000e+00
   endloop
 endfacet
 facet normal  9.115059e-01  4.112871e-01 -0.000000e+00
   outer loop
     vertex  2.716421e+01  1.308159e+01  0.000000e+00
     vertex  2.716421e+01  1.308159e+01  3.000000e+02
     vertex  2.778251e+01  1.171131e+01  3.000000e+02
   endloop
 endfacet
 facet normal  9.115059e-01  4.112871e-01  0.000000e+00
   outer loop
     vertex  2.716421e+01  1.308159e+01  0.000000e+00
     vertex  2.778251e+01  1.171131e+01  3.000000e+02
     vertex  2.778251e+01  1.171131e+01  0.000000e+00
   endloop
 endfacet
 facet normal  8.898718e-01  4.562107e-01 -0.000000e+00
   outer loop
     vertex  2.647838e+01  1.441936e+01  0.000000e+00
     vertex  2.647838e+01  1.441936e+01  3.000000e+02
     vertex  2.716421e+01  1.308159e+01  3.000000e+02
   endloop
 endfacet
 facet normal  8.898718e-01  4.562107e-01  0.000000e+00
   outer loop
     vertex  2.647838e+01  1.441936e+01  0.000000e+00
     vertex  2.716421e+01  1.308159e+01  3.000000e+02
     vertex  2.716421e+01  1.308159e+01  0.000000e+00
   endloop
 endfacet
 facet normal  8.660254e-01  5.000000e-01  0.000000e+00
   outer loop
     vertex  2.572672e+01  1.572127e+01  0.000000e+00
     vertex  2.647838e+01  1.441936e+01  3.000000e+02
     vertex  2.647838e+01  1.441936e+01  0.000000e+00
   endloop
 endfacet
 facet normal  8.660254e-01  5.000000e-01 -0.000000e+00
   outer loop
     vertex  2.572672e+01  1.572127e+01  0.000000e+00
     vertex  2.572672e+01  1.572127e+01  3.000000e+02
     vertex  2.647838e+01  1.441936e+01  3.000000e+02
   endloop
 endfacet
 facet normal  8.400259e-01  5.425463e-01 -0.000000e+00
   outer loop
     vertex  2.572672e+01  1.572127e+01  0.000000e+00
     vertex  2.491110e+01  1.698410e+01  3.000000e+02
     vertex  2.572672e+01  1.572127e+01  3.000000e+02
   endloop
 endfacet
 facet normal  8.400259e-01  5.425463e-01 -0.000000e+00
   outer loop
     vertex  2.491110e+01  1.698410e+01  0.000000e+00
     vertex  2.491110e+01  1.698410e+01  3.000000e+02
     vertex  2.572672e+01  1.572127e+01  0.000000e+00
   endloop
 endfacet
 facet normal  8.119380e-01  5.837437e-01  0.000000e+00
   outer loop
     vertex  2.403355e+01  1.820470e+01  0.000000e+00
     vertex  2.491110e+01  1.698410e+01  3.000000e+02
     vertex  2.491110e+01  1.698410e+01  0.000000e+00
   endloop
 endfacet
 facet normal  8.119380e-01  5.837437e-01 -0.000000e+00
   outer loop
     vertex  2.403355e+01  1.820470e+01  0.000000e+00
     vertex  2.403355e+01  1.820470e+01  3.000000e+02
     vertex  2.491110e+01  1.698410e+01  3.000000e+02
   endloop
 endfacet
 facet normal  7.818315e-01  6.234898e-01  0.000000e+00
   outer loop
     vertex  2.309624e+01  1.938005e+01  0.000000e+00
     vertex  2.403355e+01  1.820470e+01  3.000000e+02
     vertex  2.403355e+01  1.820470e+01  0.000000e+00
   endloop
 endfacet
 facet normal  7.818315e-01  6.234898e-01 -0.000000e+00
   outer loop
     vertex  2.309624e+01  1.938005e+01  0.000000e+00
     vertex  2.309624e+01  1.938005e+01  3.000000e+02
     vertex  2.403355e+01  1.820470e+01  3.000000e+02
   endloop
 endfacet
 facet normal  7.497812e-01  6.616858e-01 -0.000000e+00
   outer loop
     vertex  2.210151e+01  2.050721e+01  0.000000e+00
     vertex  2.210151e+01  2.050721e+01  3.000000e+02
     vertex  2.309624e+01  1.938005e+01  3.000000e+02
   endloop
 endfacet
 facet normal  7.158668e-01  6.982368e-01 -0.000000e+00
   outer loop
     vertex  2.210151e+01  2.050721e+01  0.000000e+00
     vertex  2.105184e+01  2.158339e+01  3.000000e+02
     vertex  2.210151e+01  2.050721e+01  3.000000e+02
   endloop
 endfacet
 facet normal  7.497812e-01  6.616858e-01  0.000000e+00
   outer loop
     vertex  2.210151e+01  2.050721e+01  0.000000e+00
     vertex  2.309624e+01  1.938005e+01  3.000000e+02
     vertex  2.309624e+01  1.938005e+01  0.000000e+00
   endloop
 endfacet
 facet normal  7.158668e-01  6.982368e-01 -0.000000e+00
   outer loop
     vertex  2.105184e+01  2.158339e+01  0.000000e+00
     vertex  2.105184e+01  2.158339e+01  3.000000e+02
     vertex  2.210151e+01  2.050721e+01  0.000000e+00
   endloop
 endfacet
 facet normal  6.801727e-01  7.330519e-01 -0.000000e+00
   outer loop
     vertex  1.994983e+01  2.260590e+01  0.000000e+00
     vertex  1.994983e+01  2.260590e+01  3.000000e+02
     vertex  2.105184e+01  2.158339e+01  3.000000e+02
   endloop
 endfacet
 facet normal  6.801727e-01  7.330519e-01  0.000000e+00
   outer loop
     vertex  1.994983e+01  2.260590e+01  0.000000e+00
     vertex  2.105184e+01  2.158339e+01  3.000000e+02
     vertex  2.105184e+01  2.158339e+01  0.000000e+00
   endloop
 endfacet
 facet normal  6.427876e-01  7.660444e-01 -0.000000e+00
   outer loop
     vertex  1.879822e+01  2.357222e+01  0.000000e+00
     vertex  1.879822e+01  2.357222e+01  3.000000e+02
     vertex  1.994983e+01  2.260590e+01  3.000000e+02
   endloop
 endfacet
 facet normal  6.427876e-01  7.660444e-01  0.000000e+00
   outer loop
     vertex  1.879822e+01  2.357222e+01  0.000000e+00
     vertex  1.994983e+01  2.260590e+01  3.000000e+02
     vertex  1.994983e+01  2.260590e+01  0.000000e+00
   endloop
 endfacet
 facet normal  6.038044e-01  7.971325e-01 -0.000000e+00
   outer loop
     vertex  1.759987e+01  2.447993e+01  0.000000e+00
     vertex  1.759987e+01  2.447993e+01  3.000000e+02
     vertex  1.879822e+01  2.357222e+01  3.000000e+02
   endloop
 endfacet
 facet normal  6.038044e-01  7.971325e-01  0.000000e+00
   outer loop
     vertex  1.759987e+01  2.447993e+01  0.000000e+00
     vertex  1.879822e+01  2.357222e+01  3.000000e+02
     vertex  1.879822e+01  2.357222e+01  0.000000e+00
   endloop
 endfacet
 facet normal  5.633201e-01  8.262388e-01 -0.000000e+00
   outer loop
     vertex  1.635777e+01  2.532678e+01  0.000000e+00
     vertex  1.635777e+01  2.532678e+01  3.000000e+02
     vertex  1.759987e+01  2.447993e+01  3.000000e+02
   endloop
 endfacet
 facet normal  5.633201e-01  8.262388e-01  0.000000e+00
   outer loop
     vertex  1.635777e+01  2.532678e+01  0.000000e+00
     vertex  1.759987e+01  2.447993e+01  3.000000e+02
     vertex  1.759987e+01  2.447993e+01  0.000000e+00
   endloop
 endfacet
 facet normal  5.214352e-01  8.532909e-01 -0.000000e+00
   outer loop
     vertex  1.507500e+01  2.611067e+01  0.000000e+00
     vertex  1.507500e+01  2.611067e+01  3.000000e+02
     vertex  1.635777e+01  2.532678e+01  3.000000e+02
   endloop
 endfacet
 facet normal  4.782540e-01  8.782216e-01 -0.000000e+00
   outer loop
     vertex  1.507500e+01  2.611067e+01  0.000000e+00
     vertex  1.375475e+01  2.682964e+01  3.000000e+02
     vertex  1.507500e+01  2.611067e+01  3.000000e+02
   endloop
 endfacet
 facet normal  5.214352e-01  8.532909e-01  0.000000e+00
   outer loop
     vertex  1.507500e+01  2.611067e+01  0.000000e+00
     vertex  1.635777e+01  2.532678e+01  3.000000e+02
     vertex  1.635777e+01  2.532678e+01  0.000000e+00
   endloop
 endfacet
 facet normal  4.782540e-01  8.782216e-01 -0.000000e+00
   outer loop
     vertex  1.375475e+01  2.682964e+01  0.000000e+00
     vertex  1.375475e+01  2.682964e+01  3.000000e+02
     vertex  1.507500e+01  2.611067e+01  0.000000e+00
   endloop
 endfacet
 facet normal  4.338837e-01  9.009689e-01 -0.000000e+00
   outer loop
     vertex  1.240031e+01  2.748190e+01  0.000000e+00
     vertex  1.240031e+01  2.748190e+01  3.000000e+02
     vertex  1.375475e+01  2.682964e+01  3.000000e+02
   endloop
 endfacet
 facet normal  3.884348e-01  9.214762e-01 -0.000000e+00
   outer loop
     vertex  1.240031e+01  2.748190e+01  0.000000e+00
     vertex  1.101503e+01  2.806584e+01  3.000000e+02
     vertex  1.240031e+01  2.748190e+01  3.000000e+02
   endloop
 endfacet
 facet normal  4.338837e-01  9.009689e-01  0.000000e+00
   outer loop
     vertex  1.240031e+01  2.748190e+01  0.000000e+00
     vertex  1.375475e+01  2.682964e+01  3.000000e+02
     vertex  1.375475e+01  2.682964e+01  0.000000e+00
   endloop
 endfacet
 facet normal  3.884348e-01  9.214762e-01 -0.000000e+00
   outer loop
     vertex  1.101503e+01  2.806584e+01  0.000000e+00
     vertex  1.101503e+01  2.806584e+01  3.000000e+02
     vertex  1.240031e+01  2.748190e+01  0.000000e+00
   endloop
 endfacet
 facet normal  3.420201e-01  9.396926e-01 -0.000000e+00
   outer loop
     vertex  9.602373e+00  2.858001e+01  0.000000e+00
     vertex  9.602373e+00  2.858001e+01  3.000000e+02
     vertex  1.101503e+01  2.806584e+01  3.000000e+02
   endloop
 endfacet
 facet normal  3.420201e-01  9.396926e-01  0.000000e+00
   outer loop
     vertex  9.602373e+00  2.858001e+01  0.000000e+00
     vertex  1.101503e+01  2.806584e+01  3.000000e+02
     vertex  1.101503e+01  2.806584e+01  0.000000e+00
   endloop
 endfacet
 facet normal  2.947552e-01  9.555728e-01 -0.000000e+00
   outer loop
     vertex  8.165840e+00  2.902312e+01  0.000000e+00
     vertex  8.165840e+00  2.902312e+01  3.000000e+02
     vertex  9.602373e+00  2.858001e+01  3.000000e+02
   endloop
 endfacet
 facet normal  2.947552e-01  9.555728e-01  0.000000e+00
   outer loop
     vertex  8.165840e+00  2.902312e+01  0.000000e+00
     vertex  9.602373e+00  2.858001e+01  3.000000e+02
     vertex  9.602373e+00  2.858001e+01  0.000000e+00
   endloop
 endfacet
 facet normal  2.467574e-01  9.690773e-01 -0.000000e+00
   outer loop
     vertex  6.709006e+00  2.939408e+01  0.000000e+00
     vertex  6.709006e+00  2.939408e+01  3.000000e+02
     vertex  8.165840e+00  2.902312e+01  3.000000e+02
   endloop
 endfacet
 facet normal  2.467574e-01  9.690773e-01  0.000000e+00
   outer loop
     vertex  6.709006e+00  2.939408e+01  0.000000e+00
     vertex  8.165840e+00  2.902312e+01  3.000000e+02
     vertex  8.165840e+00  2.902312e+01  0.000000e+00
   endloop
 endfacet
 facet normal  1.981461e-01  9.801725e-01 -0.000000e+00
   outer loop
     vertex  5.235493e+00  2.969195e+01  0.000000e+00
     vertex  5.235493e+00  2.969195e+01  3.000000e+02
     vertex  6.709006e+00  2.939408e+01  3.000000e+02
   endloop
 endfacet
 facet normal  1.490423e-01  9.888308e-01 -0.000000e+00
   outer loop
     vertex  5.235493e+00  2.969195e+01  0.000000e+00
     vertex  3.748963e+00  2.991601e+01  3.000000e+02
     vertex  5.235493e+00  2.969195e+01  3.000000e+02
   endloop
 endfacet
 facet normal  1.981461e-01  9.801725e-01  0.000000e+00
   outer loop
     vertex  5.235493e+00  2.969195e+01  0.000000e+00
     vertex  6.709006e+00  2.939408e+01  3.000000e+02
     vertex  6.709006e+00  2.939408e+01  0.000000e+00
   endloop
 endfacet
 facet normal  1.490423e-01  9.888308e-01 -0.000000e+00
   outer loop
     vertex  3.748963e+00  2.991601e+01  0.000000e+00
     vertex  3.748963e+00  2.991601e+01  3.000000e+02
     vertex  5.235493e+00  2.969195e+01  0.000000e+00
   endloop
 endfacet
 facet normal  9.956785e-02  9.950308e-01 -0.000000e+00
   outer loop
     vertex  2.253112e+00  3.006569e+01  0.000000e+00
     vertex  2.253112e+00  3.006569e+01  3.000000e+02
     vertex  3.748963e+00  2.991601e+01  3.000000e+02
   endloop
 endfacet
 facet normal  9.956785e-02  9.950308e-01  0.000000e+00
   outer loop
     vertex  2.253112e+00  3.006569e+01  0.000000e+00
     vertex  3.748963e+00  2.991601e+01  3.000000e+02
     vertex  3.748963e+00  2.991601e+01  0.000000e+00
   endloop
 endfacet
 facet normal  4.984589e-02  9.987569e-01 -0.000000e+00
   outer loop
     vertex  7.516604e-01  3.014063e+01  0.000000e+00
     vertex  7.516604e-01  3.014063e+01  3.000000e+02
     vertex  2.253112e+00  3.006569e+01  3.000000e+02
   endloop
 endfacet
 facet normal  4.984589e-02  9.987569e-01  0.000000e+00
   outer loop
     vertex  7.516604e-01  3.014063e+01  0.000000e+00
     vertex  2.253112e+00  3.006569e+01  3.000000e+02
     vertex  2.253112e+00  3.006569e+01  0.000000e+00
   endloop
 endfacet
 facet normal  0.000000e+00  1.000000e+00  0.000000e+00
   outer loop
     vertex -7.516604e-01  3.014063e+01  0.000000e+00
     vertex -7.516604e-01  3.014063e+01  3.000000e+02
     vertex  7.516604e-01  3.014063e+01  3.000000e+02
   endloop
 endfacet
 facet normal  0.000000e+00  1.000000e+00  0.000000e+00
   outer loop
     vertex -7.516604e-01  3.014063e+01  0.000000e+00
     vertex  7.516604e-01  3.014063e+01  3.000000e+02
     vertex  7.516604e-01  3.014063e+01  0.000000e+00
   endloop
 endfacet
 facet normal -4.984589e-02  9.987569e-01  0.000000e+00
   outer loop
     vertex -2.253112e+00  3.006569e+01  0.000000e+00
     vertex -2.253112e+00  3.006569e+01  3.000000e+02
     vertex -7.516604e-01  3.014063e+01  3.000000e+02
   endloop
 endfacet
 facet normal -9.956785e-02  9.950308e-01  0.000000e+00
   outer loop
     vertex -2.253112e+00  3.006569e+01  0.000000e+00
     vertex -3.748963e+00  2.991601e+01  3.000000e+02
     vertex -2.253112e+00  3.006569e+01  3.000000e+02
   endloop
 endfacet
 facet normal -4.984589e-02  9.987569e-01  0.000000e+00
   outer loop
     vertex -2.253112e+00  3.006569e+01  0.000000e+00
     vertex -7.516604e-01  3.014063e+01  3.000000e+02
     vertex -7.516604e-01  3.014063e+01  0.000000e+00
   endloop
 endfacet
 facet normal -9.956785e-02  9.950308e-01  0.000000e+00
   outer loop
     vertex -3.748963e+00  2.991601e+01  0.000000e+00
     vertex -3.748963e+00  2.991601e+01  3.000000e+02
     vertex -2.253112e+00  3.006569e+01  0.000000e+00
   endloop
 endfacet
 facet normal -1.490423e-01  9.888308e-01  0.000000e+00
   outer loop
     vertex -5.235493e+00  2.969195e+01  0.000000e+00
     vertex -5.235493e+00  2.969195e+01  3.000000e+02
     vertex -3.748963e+00  2.991601e+01  3.000000e+02
   endloop
 endfacet
 facet normal -1.981461e-01  9.801725e-01  0.000000e+00
   outer loop
     vertex -5.235493e+00  2.969195e+01  0.000000e+00
     vertex -6.709006e+00  2.939408e+01  3.000000e+02
     vertex -5.235493e+00  2.969195e+01  3.000000e+02
   endloop
 endfacet
 facet normal -1.490423e-01  9.888308e-01  0.000000e+00
   outer loop
     vertex -5.235493e+00  2.969195e+01  0.000000e+00
     vertex -3.748963e+00  2.991601e+01  3.000000e+02
     vertex -3.748963e+00  2.991601e+01  0.000000e+00
   endloop
 endfacet
 facet normal -1.981461e-01  9.801725e-01  0.000000e+00
   outer loop
     vertex -6.709006e+00  2.939408e+01  0.000000e+00
     vertex -6.709006e+00  2.939408e+01  3.000000e+02
     vertex -5.235493e+00  2.969195e+01  0.000000e+00
   endloop
 endfacet
 facet normal -2.467574e-01  9.690773e-01  0.000000e+00
   outer loop
     vertex -8.165840e+00  2.902312e+01  0.000000e+00
     vertex -6.709006e+00  2.939408e+01  3.000000e+02
     vertex -6.709006e+00  2.939408e+01  0.000000e+00
   endloop
 endfacet
 facet normal -2.467574e-01  9.690773e-01  0.000000e+00
   outer loop
     vertex -8.165840e+00  2.902312e+01  0.000000e+00
     vertex -8.165840e+00  2.902312e+01  3.000000e+02
     vertex -6.709006e+00  2.939408e+01  3.000000e+02
   endloop
 endfacet
 facet normal -2.947552e-01  9.555728e-01  0.000000e+00
   outer loop
     vertex -9.602373e+00  2.858001e+01  0.000000e+00
     vertex -8.165840e+00  2.902312e+01  3.000000e+02
     vertex -8.165840e+00  2.902312e+01  0.000000e+00
   endloop
 endfacet
 facet normal -2.947552e-01  9.555728e-01  0.000000e+00
   outer loop
     vertex -9.602373e+00  2.858001e+01  0.000000e+00
     vertex -9.602373e+00  2.858001e+01  3.000000e+02
     vertex -8.165840e+00  2.902312e+01  3.000000e+02
   endloop
 endfacet
 facet normal -3.420201e-01  9.396926e-01  0.000000e+00
   outer loop
     vertex -9.602373e+00  2.858001e+01  0.000000e+00
     vertex -1.101503e+01  2.806584e+01  3.000000e+02
     vertex -9.602373e+00  2.858001e+01  3.000000e+02
   endloop
 endfacet
 facet normal -3.420201e-01  9.396926e-01  0.000000e+00
   outer loop
     vertex -1.101503e+01  2.806584e+01  0.000000e+00
     vertex -1.101503e+01  2.806584e+01  3.000000e+02
     vertex -9.602373e+00  2.858001e+01  0.000000e+00
   endloop
 endfacet
 facet normal -3.884348e-01  9.214762e-01  0.000000e+00
   outer loop
     vertex -1.240031e+01  2.748190e+01  0.000000e+00
     vertex -1.101503e+01  2.806584e+01  3.000000e+02
     vertex -1.101503e+01  2.806584e+01  0.000000e+00
   endloop
 endfacet
 facet normal -3.884348e-01  9.214762e-01  0.000000e+00
   outer loop
     vertex -1.240031e+01  2.748190e+01  0.000000e+00
     vertex -1.240031e+01  2.748190e+01  3.000000e+02
     vertex -1.101503e+01  2.806584e+01  3.000000e+02
   endloop
 endfacet
 facet normal -4.338837e-01  9.009689e-01  0.000000e+00
   outer loop
     vertex -1.240031e+01  2.748190e+01  0.000000e+00
     vertex -1.375475e+01  2.682964e+01  3.000000e+02
     vertex -1.240031e+01  2.748190e+01  3.000000e+02
   endloop
 endfacet
 facet normal -4.338837e-01  9.009689e-01  0.000000e+00
   outer loop
     vertex -1.375475e+01  2.682964e+01  0.000000e+00
     vertex -1.375475e+01  2.682964e+01  3.000000e+02
     vertex -1.240031e+01  2.748190e+01  0.000000e+00
   endloop
 endfacet
 facet normal -4.782540e-01  8.782216e-01  0.000000e+00
   outer loop
     vertex -1.507500e+01  2.611067e+01  0.000000e+00
     vertex -1.375475e+01  2.682964e+01  3.000000e+02
     vertex -1.375475e+01  2.682964e+01  0.000000e+00
   endloop
 endfacet
 facet normal -4.782540e-01  8.782216e-01  0.000000e+00
   outer loop
     vertex -1.507500e+01  2.611067e+01  0.000000e+00
     vertex -1.507500e+01  2.611067e+01  3.000000e+02
     vertex -1.375475e+01  2.682964e+01  3.000000e+02
   endloop
 endfacet
 facet normal -5.214352e-01  8.532909e-01  0.000000e+00
   outer loop
     vertex -1.507500e+01  2.611067e+01  0.000000e+00
     vertex -1.635777e+01  2.532678e+01  3.000000e+02
     vertex -1.507500e+01  2.611067e+01  3.000000e+02
   endloop
 endfacet
 facet normal -5.214352e-01  8.532909e-01  0.000000e+00
   outer loop
     vertex -1.635777e+01  2.532678e+01  0.000000e+00
     vertex -1.635777e+01  2.532678e+01  3.000000e+02
     vertex -1.507500e+01  2.611067e+01  0.000000e+00
   endloop
 endfacet
 facet normal -5.633201e-01  8.262388e-01  0.000000e+00
   outer loop
     vertex -1.759987e+01  2.447993e+01  0.000000e+00
     vertex -1.635777e+01  2.532678e+01  3.000000e+02
     vertex -1.635777e+01  2.532678e+01  0.000000e+00
   endloop
 endfacet
 facet normal -5.633201e-01  8.262388e-01  0.000000e+00
   outer loop
     vertex -1.759987e+01  2.447993e+01  0.000000e+00
     vertex -1.759987e+01  2.447993e+01  3.000000e+02
     vertex -1.635777e+01  2.532678e+01  3.000000e+02
   endloop
 endfacet
 facet normal -6.038044e-01  7.971325e-01  0.000000e+00
   outer loop
     vertex -1.759987e+01  2.447993e+01  0.000000e+00
     vertex -1.879822e+01  2.357222e+01  3.000000e+02
     vertex -1.759987e+01  2.447993e+01  3.000000e+02
   endloop
 endfacet
 facet normal -6.038044e-01  7.971325e-01  0.000000e+00
   outer loop
     vertex -1.879822e+01  2.357222e+01  0.000000e+00
     vertex -1.879822e+01  2.357222e+01  3.000000e+02
     vertex -1.759987e+01  2.447993e+01  0.000000e+00
   endloop
 endfacet
 facet normal -6.427876e-01  7.660444e-01  0.000000e+00
   outer loop
     vertex -1.879822e+01  2.357222e+01  0.000000e+00
     vertex -1.994983e+01  2.260590e+01  3.000000e+02
     vertex -1.879822e+01  2.357222e+01  3.000000e+02
   endloop
 endfacet
 facet normal -6.427876e-01  7.660444e-01  0.000000e+00
   outer loop
     vertex -1.994983e+01  2.260590e+01  0.000000e+00
     vertex -1.994983e+01  2.260590e+01  3.000000e+02
     vertex -1.879822e+01  2.357222e+01  0.000000e+00
   endloop
 endfacet
 facet normal -6.801727e-01  7.330519e-01  0.000000e+00
   outer loop
     vertex -2.105184e+01  2.158339e+01  0.000000e+00
     vertex -1.994983e+01  2.260590e+01  3.000000e+02
     vertex -1.994983e+01  2.260590e+01  0.000000e+00
   endloop
 endfacet
 facet normal -6.801727e-01  7.330519e-01  0.000000e+00
   outer loop
     vertex -2.105184e+01  2.158339e+01  0.000000e+00
     vertex -2.105184e+01  2.158339e+01  3.000000e+02
     vertex -1.994983e+01  2.260590e+01  3.000000e+02
   endloop
 endfacet
 facet normal -7.158668e-01  6.982368e-01  0.000000e+00
   outer loop
     vertex -2.105184e+01  2.158339e+01  0.000000e+00
     vertex -2.210151e+01  2.050721e+01  3.000000e+02
     vertex -2.105184e+01  2.158339e+01  3.000000e+02
   endloop
 endfacet
 facet normal -7.158668e-01  6.982368e-01  0.000000e+00
   outer loop
     vertex -2.210151e+01  2.050721e+01  0.000000e+00
     vertex -2.210151e+01  2.050721e+01  3.000000e+02
     vertex -2.105184e+01  2.158339e+01  0.000000e+00
   endloop
 endfacet
 facet normal -7.497812e-01  6.616858e-01  0.000000e+00
   outer loop
     vertex -2.309624e+01  1.938005e+01  0.000000e+00
     vertex -2.309624e+01  1.938005e+01  3.000000e+02
     vertex -2.210151e+01  2.050721e+01  3.000000e+02
   endloop
 endfacet
 facet normal -7.497812e-01  6.616858e-01  0.000000e+00
   outer loop
     vertex -2.309624e+01  1.938005e+01  0.000000e+00
     vertex -2.210151e+01  2.050721e+01  3.000000e+02
     vertex -2.210151e+01  2.050721e+01  0.000000e+00
   endloop
 endfacet
 facet normal -7.818315e-01  6.234898e-01  0.000000e+00
   outer loop
     vertex -2.403355e+01  1.820470e+01  0.000000e+00
     vertex -2.403355e+01  1.820470e+01  3.000000e+02
     vertex -2.309624e+01  1.938005e+01  3.000000e+02
   endloop
 endfacet
 facet normal -7.818315e-01  6.234898e-01  0.000000e+00
   outer loop
     vertex -2.403355e+01  1.820470e+01  0.000000e+00
     vertex -2.309624e+01  1.938005e+01  3.000000e+02
     vertex -2.309624e+01  1.938005e+01  0.000000e+00
   endloop
 endfacet
 facet normal -8.119380e-01  5.837437e-01  0.000000e+00
   outer loop
     vertex -2.491110e+01  1.698410e+01  0.000000e+00
     vertex -2.491110e+01  1.698410e+01  3.000000e+02
     vertex -2.403355e+01  1.820470e+01  3.000000e+02
   endloop
 endfacet
 facet normal -8.119380e-01  5.837437e-01  0.000000e+00
   outer loop
     vertex -2.491110e+01  1.698410e+01  0.000000e+00
     vertex -2.403355e+01  1.820470e+01  3.000000e+02
     vertex -2.403355e+01  1.820470e+01  0.000000e+00
   endloop
 endfacet
 facet normal -8.400259e-01  5.425463e-01  0.000000e+00
   outer loop
     vertex -2.572672e+01  1.572127e+01  0.000000e+00
     vertex -2.572672e+01  1.572127e+01  3.000000e+02
     vertex -2.491110e+01  1.698410e+01  3.000000e+02
   endloop
 endfacet
 facet normal -8.660254e-01  5.000000e-01  0.000000e+00
   outer loop
     vertex -2.572672e+01  1.572127e+01  0.000000e+00
     vertex -2.647838e+01  1.441936e+01  3.000000e+02
     vertex -2.572672e+01  1.572127e+01  3.000000e+02
   endloop
 endfacet
 facet normal -8.400259e-01  5.425463e-01  0.000000e+00
   outer loop
     vertex -2.572672e+01  1.572127e+01  0.000000e+00
     vertex -2.491110e+01  1.698410e+01  3.000000e+02
     vertex -2.491110e+01  1.698410e+01  0.000000e+00
   endloop
 endfacet
 facet normal -8.660254e-01  5.000000e-01  0.000000e+00
   outer loop
     vertex -2.647838e+01  1.441936e+01  0.000000e+00
     vertex -2.647838e+01  1.441936e+01  3.000000e+02
     vertex -2.572672e+01  1.572127e+01  0.000000e+00
   endloop
 endfacet
 facet normal -8.898718e-01  4.562107e-01  0.000000e+00
   outer loop
     vertex -2.716421e+01  1.308159e+01  0.000000e+00
     vertex -2.716421e+01  1.308159e+01  3.000000e+02
     vertex -2.647838e+01  1.441936e+01  3.000000e+02
   endloop
 endfacet
 facet normal -9.115059e-01  4.112871e-01  0.000000e+00
   outer loop
     vertex -2.716421e+01  1.308159e+01  0.000000e+00
     vertex -2.778251e+01  1.171131e+01  3.000000e+02
     vertex -2.716421e+01  1.308159e+01  3.000000e+02
   endloop
 endfacet
 facet normal -8.898718e-01  4.562107e-01  0.000000e+00
   outer loop
     vertex -2.716421e+01  1.308159e+01  0.000000e+00
     vertex -2.647838e+01  1.441936e+01  3.000000e+02
     vertex -2.647838e+01  1.441936e+01  0.000000e+00
   endloop
 endfacet
 facet normal -9.115059e-01  4.112871e-01  0.000000e+00
   outer loop
     vertex -2.778251e+01  1.171131e+01  0.000000e+00
     vertex -2.778251e+01  1.171131e+01  3.000000e+02
     vertex -2.716421e+01  1.308159e+01  0.000000e+00
   endloop
 endfacet
 facet normal -9.308737e-01  3.653410e-01  0.000000e+00
   outer loop
     vertex -2.833173e+01  1.031191e+01  0.000000e+00
     vertex -2.833173e+01  1.031191e+01  3.000000e+02
     vertex -2.778251e+01  1.171131e+01  3.000000e+02
   endloop
 endfacet
 facet normal -9.308737e-01  3.653410e-01  0.000000e+00
   outer loop
     vertex -2.833173e+01  1.031191e+01  0.000000e+00
     vertex -2.778251e+01  1.171131e+01  3.000000e+02
     vertex -2.778251e+01  1.171131e+01  0.000000e+00
   endloop
 endfacet
 facet normal -9.479273e-01  3.184867e-01  0.000000e+00
   outer loop
     vertex -2.881052e+01  8.886869e+00  0.000000e+00
     vertex -2.881052e+01  8.886869e+00  3.000000e+02
     vertex -2.833173e+01  1.031191e+01  3.000000e+02
   endloop
 endfacet
 facet normal -9.626242e-01  2.708405e-01  0.000000e+00
   outer loop
     vertex -2.881052e+01  8.886869e+00  0.000000e+00
     vertex -2.921768e+01  7.439736e+00  3.000000e+02
     vertex -2.881052e+01  8.886869e+00  3.000000e+02
   endloop
 endfacet
 facet normal -9.479273e-01  3.184867e-01  0.000000e+00
   outer loop
     vertex -2.881052e+01  8.886869e+00  0.000000e+00
     vertex -2.833173e+01  1.031191e+01  3.000000e+02
     vertex -2.833173e+01  1.031191e+01  0.000000e+00
   endloop
 endfacet
 facet normal -9.626242e-01  2.708405e-01  0.000000e+00
   outer loop
     vertex -2.921768e+01  7.439736e+00  0.000000e+00
     vertex -2.921768e+01  7.439736e+00  3.000000e+02
     vertex -2.881052e+01  8.886869e+00  0.000000e+00
   endloop
 endfacet
 facet normal -9.749279e-01  2.225209e-01  0.000000e+00
   outer loop
     vertex -2.955220e+01  5.974106e+00  0.000000e+00
     vertex -2.955220e+01  5.974106e+00  3.000000e+02
     vertex -2.921768e+01  7.439736e+00  3.000000e+02
   endloop
 endfacet
 facet normal -9.749279e-01  2.225209e-01  0.000000e+00
   outer loop
     vertex -2.955220e+01  5.974106e+00  0.000000e+00
     vertex -2.921768e+01  7.439736e+00  3.000000e+02
     vertex -2.921768e+01  7.439736e+00  0.000000e+00
   endloop
 endfacet
 facet normal -9.848078e-01  1.736482e-01  0.000000e+00
   outer loop
     vertex -2.981325e+01  4.493624e+00  0.000000e+00
     vertex -2.981325e+01  4.493624e+00  3.000000e+02
     vertex -2.955220e+01  5.974106e+00  3.000000e+02
   endloop
 endfacet
 facet normal -9.848078e-01  1.736482e-01  0.000000e+00
   outer loop
     vertex -2.981325e+01  4.493624e+00  0.000000e+00
     vertex -2.955220e+01  5.974106e+00  3.000000e+02
     vertex -2.955220e+01  5.974106e+00  0.000000e+00
   endloop
 endfacet
 facet normal -9.922392e-01  1.243437e-01  0.000000e+00
   outer loop
     vertex -3.000018e+01  3.001971e+00  0.000000e+00
     vertex -3.000018e+01  3.001971e+00  3.000000e+02
     vertex -2.981325e+01  4.493624e+00  3.000000e+02
   endloop
 endfacet
 facet normal -9.972038e-01  7.473009e-02  0.000000e+00
   outer loop
     vertex -3.000018e+01  3.001971e+00  0.000000e+00
     vertex -3.011252e+01  1.502853e+00  3.000000e+02
     vertex -3.000018e+01  3.001971e+00  3.000000e+02
   endloop
 endfacet
 facet normal -9.922392e-01  1.243437e-01  0.000000e+00
   outer loop
     vertex -3.000018e+01  3.001971e+00  0.000000e+00
     vertex -2.981325e+01  4.493624e+00  3.000000e+02
     vertex -2.981325e+01  4.493624e+00  0.000000e+00
   endloop
 endfacet
 facet normal -9.972038e-01  7.473009e-02  0.000000e+00
   outer loop
     vertex -3.011252e+01  1.502853e+00  0.000000e+00
     vertex -3.011252e+01  1.502853e+00  3.000000e+02
     vertex -3.000018e+01  3.001971e+00  0.000000e+00
   endloop
 endfacet
 facet normal -9.996892e-01  2.493069e-02  0.000000e+00
   outer loop
     vertex -3.015000e+01 -1.034220e-13  0.000000e+00
     vertex -3.011252e+01  1.502853e+00  3.000000e+02
     vertex -3.011252e+01  1.502853e+00  0.000000e+00
   endloop
 endfacet
 facet normal -9.996892e-01  2.493069e-02  0.000000e+00
   outer loop
     vertex -3.015000e+01 -1.034220e-13  0.000000e+00
     vertex -3.015000e+01 -1.034220e-13  3.000000e+02
     vertex -3.011252e+01  1.502853e+00  3.000000e+02
   endloop
 endfacet
 facet normal -9.996892e-01 -2.493069e-02  0.000000e+00
   outer loop
     vertex -3.011252e+01 -1.502853e+00  0.000000e+00
     vertex -3.015000e+01 -1.034220e-13  3.000000e+02
     vertex -3.015000e+01 -1.034220e-13  0.000000e+00
   endloop
 endfacet
 facet normal -9.996892e-01 -2.493069e-02  0.000000e+00
   outer loop
     vertex -3.011252e+01 -1.502853e+00  0.000000e+00
     vertex -3.011252e+01 -1.502853e+00  3.000000e+02
     vertex -3.015000e+01 -1.034220e-13  3.000000e+02
   endloop
 endfacet
 facet normal -9.972038e-01 -7.473009e-02  0.000000e+00
   outer loop
     vertex -3.011252e+01 -1.502853e+00  0.000000e+00
     vertex -3.000018e+01 -3.001971e+00  3.000000e+02
     vertex -3.011252e+01 -1.502853e+00  3.000000e+02
   endloop
 endfacet
 facet normal -9.972038e-01 -7.473009e-02  0.000000e+00
   outer loop
     vertex -3.000018e+01 -3.001971e+00  0.000000e+00
     vertex -3.000018e+01 -3.001971e+00  3.000000e+02
     vertex -3.011252e+01 -1.502853e+00  0.000000e+00
   endloop
 endfacet
 facet normal -9.922392e-01 -1.243437e-01  0.000000e+00
   outer loop
     vertex -2.981325e+01 -4.493624e+00  0.000000e+00
     vertex -3.000018e+01 -3.001971e+00  3.000000e+02
     vertex -3.000018e+01 -3.001971e+00  0.000000e+00
   endloop
 endfacet
 facet normal -9.922392e-01 -1.243437e-01  0.000000e+00
   outer loop
     vertex -2.981325e+01 -4.493624e+00  0.000000e+00
     vertex -2.981325e+01 -4.493624e+00  3.000000e+02
     vertex -3.000018e+01 -3.001971e+00  3.000000e+02
   endloop
 endfacet
 facet normal -9.848078e-01 -1.736482e-01  0.000000e+00
   outer loop
     vertex -2.955220e+01 -5.974106e+00  0.000000e+00
     vertex -2.981325e+01 -4.493624e+00  3.000000e+02
     vertex -2.981325e+01 -4.493624e+00  0.000000e+00
   endloop
 endfacet
 facet normal -9.848078e-01 -1.736482e-01  0.000000e+00
   outer loop
     vertex -2.955220e+01 -5.974106e+00  0.000000e+00
     vertex -2.955220e+01 -5.974106e+00  3.000000e+02
     vertex -2.981325e+01 -4.493624e+00  3.000000e+02
   endloop
 endfacet
 facet normal -9.749279e-01 -2.225209e-01  0.000000e+00
   outer loop
     vertex -2.921768e+01 -7.439736e+00  0.000000e+00
     vertex -2.955220e+01 -5.974106e+00  3.000000e+02
     vertex -2.955220e+01 -5.974106e+00  0.000000e+00
   endloop
 endfacet
 facet normal -9.749279e-01 -2.225209e-01  0.000000e+00
   outer loop
     vertex -2.921768e+01 -7.439736e+00  0.000000e+00
     vertex -2.921768e+01 -7.439736e+00  3.000000e+02
     vertex -2.955220e+01 -5.974106e+00  3.000000e+02
   endloop
 endfacet
 facet normal -9.626242e-01 -2.708405e-01  0.000000e+00
   outer loop
     vertex -2.881052e+01 -8.886869e+00  0.000000e+00
     vertex -2.921768e+01 -7.439736e+00  3.000000e+02
     vertex -2.921768e+01 -7.439736e+00  0.000000e+00
   endloop
 endfacet
 facet normal -9.626242e-01 -2.708405e-01  0.000000e+00
   outer loop
     vertex -2.881052e+01 -8.886869e+00  0.000000e+00
     vertex -2.881052e+01 -8.886869e+00  3.000000e+02
     vertex -2.921768e+01 -7.439736e+00  3.000000e+02
   endloop
 endfacet
 facet normal -9.479273e-01 -3.184867e-01  0.000000e+00
   outer loop
     vertex -2.833173e+01 -1.031191e+01  0.000000e+00
     vertex -2.881052e+01 -8.886869e+00  3.000000e+02
     vertex -2.881052e+01 -8.886869e+00  0.000000e+00
   endloop
 endfacet
 facet normal -9.479273e-01 -3.184867e-01  0.000000e+00
   outer loop
     vertex -2.833173e+01 -1.031191e+01  0.000000e+00
     vertex -2.833173e+01 -1.031191e+01  3.000000e+02
     vertex -2.881052e+01 -8.886869e+00  3.000000e+02
   endloop
 endfacet
 facet normal -9.308737e-01 -3.653410e-01  0.000000e+00
   outer loop
     vertex -2.833173e+01 -1.031191e+01  0.000000e+00
     vertex -2.778251e+01 -1.171131e+01  3.000000e+02
     vertex -2.833173e+01 -1.031191e+01  3.000000e+02
   endloop
 endfacet
 facet normal -9.308737e-01 -3.653410e-01  0.000000e+00
   outer loop
     vertex -2.778251e+01 -1.171131e+01  0.000000e+00
     vertex -2.778251e+01 -1.171131e+01  3.000000e+02
     vertex -2.833173e+01 -1.031191e+01  0.000000e+00
   endloop
 endfacet
 facet normal -9.115059e-01 -4.112871e-01  0.000000e+00
   outer loop
     vertex -2.716421e+01 -1.308159e+01  0.000000e+00
     vertex -2.778251e+01 -1.171131e+01  3.000000e+02
     vertex -2.778251e+01 -1.171131e+01  0.000000e+00
   endloop
 endfacet
 facet normal -9.115059e-01 -4.112871e-01  0.000000e+00
   outer loop
     vertex -2.716421e+01 -1.308159e+01  0.000000e+00
     vertex -2.716421e+01 -1.308159e+01  3.000000e+02
     vertex -2.778251e+01 -1.171131e+01  3.000000e+02
   endloop
 endfacet
 facet normal -8.898718e-01 -4.562107e-01  0.000000e+00
   outer loop
     vertex -2.647838e+01 -1.441936e+01  0.000000e+00
     vertex -2.716421e+01 -1.308159e+01  3.000000e+02
     vertex -2.716421e+01 -1.308159e+01  0.000000e+00
   endloop
 endfacet
 facet normal -8.898718e-01 -4.562107e-01  0.000000e+00
   outer loop
     vertex -2.647838e+01 -1.441936e+01  0.000000e+00
     vertex -2.647838e+01 -1.441936e+01  3.000000e+02
     vertex -2.716421e+01 -1.308159e+01  3.000000e+02
   endloop
 endfacet
 facet normal -8.660254e-01 -5.000000e-01  0.000000e+00
   outer loop
     vertex -2.572672e+01 -1.572127e+01  0.000000e+00
     vertex -2.647838e+01 -1.441936e+01  3.000000e+02
     vertex -2.647838e+01 -1.441936e+01  0.000000e+00
   endloop
 endfacet
 facet normal -8.660254e-01 -5.000000e-01  0.000000e+00
   outer loop
     vertex -2.572672e+01 -1.572127e+01  0.000000e+00
     vertex -2.572672e+01 -1.572127e+01  3.000000e+02
     vertex -2.647838e+01 -1.441936e+01  3.000000e+02
   endloop
 endfacet
 facet normal -8.400259e-01 -5.425463e-01  0.000000e+00
   outer loop
     vertex -2.572672e+01 -1.572127e+01  0.000000e+00
     vertex -2.491110e+01 -1.698410e+01  3.000000e+02
     vertex -2.572672e+01 -1.572127e+01  3.000000e+02
   endloop
 endfacet
 facet normal -8.400259e-01 -5.425463e-01  0.000000e+00
   outer loop
     vertex -2.491110e+01 -1.698410e+01  0.000000e+00
     vertex -2.491110e+01 -1.698410e+01  3.000000e+02
     vertex -2.572672e+01 -1.572127e+01  0.000000e+00
   endloop
 endfacet
 facet normal -8.119380e-01 -5.837437e-01  0.000000e+00
   outer loop
     vertex -2.403355e+01 -1.820470e+01  0.000000e+00
     vertex -2.491110e+01 -1.698410e+01  3.000000e+02
     vertex -2.491110e+01 -1.698410e+01  0.000000e+00
   endloop
 endfacet
 facet normal -8.119380e-01 -5.837437e-01  0.000000e+00
   outer loop
     vertex -2.403355e+01 -1.820470e+01  0.000000e+00
     vertex -2.403355e+01 -1.820470e+01  3.000000e+02
     vertex -2.491110e+01 -1.698410e+01  3.000000e+02
   endloop
 endfacet
 facet normal -7.818315e-01 -6.234898e-01  0.000000e+00
   outer loop
     vertex -2.309624e+01 -1.938005e+01  0.000000e+00
     vertex -2.403355e+01 -1.820470e+01  3.000000e+02
     vertex -2.403355e+01 -1.820470e+01  0.000000e+00
   endloop
 endfacet
 facet normal -7.818315e-01 -6.234898e-01  0.000000e+00
   outer loop
     vertex -2.309624e+01 -1.938005e+01  0.000000e+00
     vertex -2.309624e+01 -1.938005e+01  3.000000e+02
     vertex -2.403355e+01 -1.820470e+01  3.000000e+02
   endloop
 endfacet
 facet normal -7.497812e-01 -6.616858e-01  0.000000e+00
   outer loop
     vertex -2.309624e+01 -1.938005e+01  0.000000e+00
     vertex -2.210151e+01 -2.050721e+01  3.000000e+02
     vertex -2.309624e+01 -1.938005e+01  3.000000e+02
   endloop
 endfacet
 facet normal -7.497812e-01 -6.616858e-01  0.000000e+00
   outer loop
     vertex -2.210151e+01 -2.050721e+01  0.000000e+00
     vertex -2.210151e+01 -2.050721e+01  3.000000e+02
     vertex -2.309624e+01 -1.938005e+01  0.000000e+00
   endloop
 endfacet
 facet normal -7.158668e-01 -6.982368e-01  0.000000e+00
   outer loop
     vertex -2.105184e+01 -2.158339e+01  0.000000e+00
     vertex -2.210151e+01 -2.050721e+01  3.000000e+02
     vertex -2.210151e+01 -2.050721e+01  0.000000e+00
   endloop
 endfacet
 facet normal -7.158668e-01 -6.982368e-01  0.000000e+00
   outer loop
     vertex -2.105184e+01 -2.158339e+01  0.000000e+00
     vertex -2.105184e+01 -2.158339e+01  3.000000e+02
     vertex -2.210151e+01 -2.050721e+01  3.000000e+02
   endloop
 endfacet
 facet normal -6.801727e-01 -7.330519e-01  0.000000e+00
   outer loop
     vertex -1.994983e+01 -2.260590e+01  0.000000e+00
     vertex -2.105184e+01 -2.158339e+01  3.000000e+02
     vertex -2.105184e+01 -2.158339e+01  0.000000e+00
   endloop
 endfacet
 facet normal -6.801727e-01 -7.330519e-01  0.000000e+00
   outer loop
     vertex -1.994983e+01 -2.260590e+01  0.000000e+00
     vertex -1.994983e+01 -2.260590e+01  3.000000e+02
     vertex -2.105184e+01 -2.158339e+01  3.000000e+02
   endloop
 endfacet
 facet normal -6.427876e-01 -7.660444e-01  0.000000e+00
   outer loop
     vertex -1.879822e+01 -2.357222e+01  0.000000e+00
     vertex -1.994983e+01 -2.260590e+01  3.000000e+02
     vertex -1.994983e+01 -2.260590e+01  0.000000e+00
   endloop
 endfacet
 facet normal -6.427876e-01 -7.660444e-01  0.000000e+00
   outer loop
     vertex -1.879822e+01 -2.357222e+01  0.000000e+00
     vertex -1.879822e+01 -2.357222e+01  3.000000e+02
     vertex -1.994983e+01 -2.260590e+01  3.000000e+02
   endloop
 endfacet
 facet normal -6.038044e-01 -7.971325e-01  0.000000e+00
   outer loop
     vertex -1.759987e+01 -2.447993e+01  0.000000e+00
     vertex -1.879822e+01 -2.357222e+01  3.000000e+02
     vertex -1.879822e+01 -2.357222e+01  0.000000e+00
   endloop
 endfacet
 facet normal -6.038044e-01 -7.971325e-01  0.000000e+00
   outer loop
     vertex -1.759987e+01 -2.447993e+01  0.000000e+00
     vertex -1.759987e+01 -2.447993e+01  3.000000e+02
     vertex -1.879822e+01 -2.357222e+01  3.000000e+02
   endloop
 endfacet
 facet normal -5.633201e-01 -8.262388e-01  0.000000e+00
   outer loop
     vertex -1.635777e+01 -2.532678e+01  0.000000e+00
     vertex -1.635777e+01 -2.532678e+01  3.000000e+02
     vertex -1.759987e+01 -2.447993e+01  3.000000e+02
   endloop
 endfacet
 facet normal -5.633201e-01 -8.262388e-01  0.000000e+00
   outer loop
     vertex -1.635777e+01 -2.532678e+01  0.000000e+00
     vertex -1.759987e+01 -2.447993e+01  3.000000e+02
     vertex -1.759987e+01 -2.447993e+01  0.000000e+00
   endloop
 endfacet
 facet normal -5.214352e-01 -8.532909e-01  0.000000e+00
   outer loop
     vertex -1.635777e+01 -2.532678e+01  0.000000e+00
     vertex -1.507500e+01 -2.611067e+01  3.000000e+02
     vertex -1.635777e+01 -2.532678e+01  3.000000e+02
   endloop
 endfacet
 facet normal -5.214352e-01 -8.532909e-01  0.000000e+00
   outer loop
     vertex -1.507500e+01 -2.611067e+01  0.000000e+00
     vertex -1.507500e+01 -2.611067e+01  3.000000e+02
     vertex -1.635777e+01 -2.532678e+01  0.000000e+00
   endloop
 endfacet
 facet normal -4.782540e-01 -8.782216e-01  0.000000e+00
   outer loop
     vertex -1.375475e+01 -2.682964e+01  0.000000e+00
     vertex -1.375475e+01 -2.682964e+01  3.000000e+02
     vertex -1.507500e+01 -2.611067e+01  3.000000e+02
   endloop
 endfacet
 facet normal -4.782540e-01 -8.782216e-01  0.000000e+00
   outer loop
     vertex -1.375475e+01 -2.682964e+01  0.000000e+00
     vertex -1.507500e+01 -2.611067e+01  3.000000e+02
     vertex -1.507500e+01 -2.611067e+01  0.000000e+00
   endloop
 endfacet
 facet normal -4.338837e-01 -9.009689e-01  0.000000e+00
   outer loop
     vertex -1.240031e+01 -2.748190e+01  0.000000e+00
     vertex -1.240031e+01 -2.748190e+01  3.000000e+02
     vertex -1.375475e+01 -2.682964e+01  3.000000e+02
   endloop
 endfacet
 facet normal -3.884348e-01 -9.214762e-01  0.000000e+00
   outer loop
     vertex -1.240031e+01 -2.748190e+01  0.000000e+00
     vertex -1.101503e+01 -2.806584e+01  3.000000e+02
     vertex -1.240031e+01 -2.748190e+01  3.000000e+02
   endloop
 endfacet
 facet normal -4.338837e-01 -9.009689e-01  0.000000e+00
   outer loop
     vertex -1.240031e+01 -2.748190e+01  0.000000e+00
     vertex -1.375475e+01 -2.682964e+01  3.000000e+02
     vertex -1.375475e+01 -2.682964e+01  0.000000e+00
   endloop
 endfacet
 facet normal -3.884348e-01 -9.214762e-01  0.000000e+00
   outer loop
     vertex -1.101503e+01 -2.806584e+01  0.000000e+00
     vertex -1.101503e+01 -2.806584e+01  3.000000e+02
     vertex -1.240031e+01 -2.748190e+01  0.000000e+00
   endloop
 endfacet
 facet normal -3.420201e-01 -9.396926e-01  0.000000e+00
   outer loop
     vertex -9.602373e+00 -2.858001e+01  0.000000e+00
     vertex -1.101503e+01 -2.806584e+01  3.000000e+02
     vertex -1.101503e+01 -2.806584e+01  0.000000e+00
   endloop
 endfacet
 facet normal -3.420201e-01 -9.396926e-01  0.000000e+00
   outer loop
     vertex -9.602373e+00 -2.858001e+01  0.000000e+00
     vertex -9.602373e+00 -2.858001e+01  3.000000e+02
     vertex -1.101503e+01 -2.806584e+01  3.000000e+02
   endloop
 endfacet
 facet normal -2.947552e-01 -9.555728e-01  0.000000e+00
   outer loop
     vertex -9.602373e+00 -2.858001e+01  0.000000e+00
     vertex -8.165840e+00 -2.902312e+01  3.000000e+02
     vertex -9.602373e+00 -2.858001e+01  3.000000e+02
   endloop
 endfacet
 facet normal -2.947552e-01 -9.555728e-01  0.000000e+00
   outer loop
     vertex -8.165840e+00 -2.902312e+01  0.000000e+00
     vertex -8.165840e+00 -2.902312e+01  3.000000e+02
     vertex -9.602373e+00 -2.858001e+01  0.000000e+00
   endloop
 endfacet
 facet normal -2.467574e-01 -9.690773e-01  0.000000e+00
   outer loop
     vertex -8.165840e+00 -2.902312e+01  0.000000e+00
     vertex -6.709006e+00 -2.939408e+01  3.000000e+02
     vertex -8.165840e+00 -2.902312e+01  3.000000e+02
   endloop
 endfacet
 facet normal -2.467574e-01 -9.690773e-01  0.000000e+00
   outer loop
     vertex -6.709006e+00 -2.939408e+01  0.000000e+00
     vertex -6.709006e+00 -2.939408e+01  3.000000e+02
     vertex -8.165840e+00 -2.902312e+01  0.000000e+00
   endloop
 endfacet
 facet normal -1.981461e-01 -9.801725e-01  0.000000e+00
   outer loop
     vertex -5.235493e+00 -2.969195e+01  0.000000e+00
     vertex -6.709006e+00 -2.939408e+01  3.000000e+02
     vertex -6.709006e+00 -2.939408e+01  0.000000e+00
   endloop
 endfacet
 facet normal -1.981461e-01 -9.801725e-01  0.000000e+00
   outer loop
     vertex -5.235493e+00 -2.969195e+01  0.000000e+00
     vertex -5.235493e+00 -2.969195e+01  3.000000e+02
     vertex -6.709006e+00 -2.939408e+01  3.000000e+02
   endloop
 endfacet
 facet normal -1.490423e-01 -9.888308e-01  0.000000e+00
   outer loop
     vertex -3.748963e+00 -2.991601e+01  0.000000e+00
     vertex -5.235493e+00 -2.969195e+01  3.000000e+02
     vertex -5.235493e+00 -2.969195e+01  0.000000e+00
   endloop
 endfacet
 facet normal -1.490423e-01 -9.888308e-01  0.000000e+00
   outer loop
     vertex -3.748963e+00 -2.991601e+01  0.000000e+00
     vertex -3.748963e+00 -2.991601e+01  3.000000e+02
     vertex -5.235493e+00 -2.969195e+01  3.000000e+02
   endloop
 endfacet
 facet normal -9.956785e-02 -9.950308e-01  0.000000e+00
   outer loop
     vertex -2.253112e+00 -3.006569e+01  0.000000e+00
     vertex -3.748963e+00 -2.991601e+01  3.000000e+02
     vertex -3.748963e+00 -2.991601e+01  0.000000e+00
   endloop
 endfacet
 facet normal -9.956785e-02 -9.950308e-01  0.000000e+00
   outer loop
     vertex -2.253112e+00 -3.006569e+01  0.000000e+00
     vertex -2.253112e+00 -3.006569e+01  3.000000e+02
     vertex -3.748963e+00 -2.991601e+01  3.000000e+02
   endloop
 endfacet
 facet normal -4.984589e-02 -9.987569e-01  0.000000e+00
   outer loop
     vertex -2.253112e+00 -3.006569e+01  0.000000e+00
     vertex -7.516604e-01 -3.014063e+01  3.000000e+02
     vertex -2.253112e+00 -3.006569e+01  3.000000e+02
   endloop
 endfacet
 facet normal -4.984589e-02 -9.987569e-01  0.000000e+00
   outer loop
     vertex -7.516604e-01 -3.014063e+01  0.000000e+00
     vertex -7.516604e-01 -3.014063e+01  3.000000e+02
     vertex -2.253112e+00 -3.006569e+01  0.000000e+00
   endloop
 endfacet
 facet normal  9.452976e-15 -1.000000e+00  0.000000e+00
   outer loop
     vertex -7.516604e-01 -3.014063e+01  0.000000e+00
     vertex  7.516604e-01 -3.014063e+01  3.000000e+02
     vertex -7.516604e-01 -3.014063e+01  3.000000e+02
   endloop
 endfacet
 facet normal  9.452976e-15 -1.000000e+00  0.000000e+00
   outer loop
     vertex  7.516604e-01 -3.014063e+01  0.000000e+00
     vertex  7.516604e-01 -3.014063e+01  3.000000e+02
     vertex -7.516604e-01 -3.014063e+01  0.000000e+00
   endloop
 endfacet
 facet normal  4.984589e-02 -9.987569e-01  0.000000e+00
   outer loop
     vertex  2.253112e+00 -3.006569e+01  0.000000e+00
     vertex  7.516604e-01 -3.014063e+01  3.000000e+02
     vertex  7.516604e-01 -3.014063e+01  0.000000e+00
   endloop
 endfacet
 facet normal  4.984589e-02 -9.987569e-01  0.000000e+00
   outer loop
     vertex  2.253112e+00 -3.006569e+01  0.000000e+00
     vertex  2.253112e+00 -3.006569e+01  3.000000e+02
     vertex  7.516604e-01 -3.014063e+01  3.000000e+02
   endloop
 endfacet
 facet normal  9.956785e-02 -9.950308e-01  0.000000e+00
   outer loop
     vertex  2.253112e+00 -3.006569e+01  0.000000e+00
     vertex  3.748963e+00 -2.991601e+01  3.000000e+02
     vertex  2.253112e+00 -3.006569e+01  3.000000e+02
   endloop
 endfacet
 facet normal  9.956785e-02 -9.950308e-01  0.000000e+00
   outer loop
     vertex  3.748963e+00 -2.991601e+01  0.000000e+00
     vertex  3.748963e+00 -2.991601e+01  3.000000e+02
     vertex  2.253112e+00 -3.006569e+01  0.000000e+00
   endloop
 endfacet
 facet normal  1.490423e-01 -9.888308e-01  0.000000e+00
   outer loop
     vertex  5.235493e+00 -2.969195e+01  0.000000e+00
     vertex  3.748963e+00 -2.991601e+01  3.000000e+02
     vertex  3.748963e+00 -2.991601e+01  0.000000e+00
   endloop
 endfacet
 facet normal  1.490423e-01 -9.888308e-01  0.000000e+00
   outer loop
     vertex  5.235493e+00 -2.969195e+01  0.000000e+00
     vertex  5.235493e+00 -2.969195e+01  3.000000e+02
     vertex  3.748963e+00 -2.991601e+01  3.000000e+02
   endloop
 endfacet
 facet normal  1.981461e-01 -9.801725e-01  0.000000e+00
   outer loop
     vertex  6.709006e+00 -2.939408e+01  0.000000e+00
     vertex  5.235493e+00 -2.969195e+01  3.000000e+02
     vertex  5.235493e+00 -2.969195e+01  0.000000e+00
   endloop
 endfacet
 facet normal  1.981461e-01 -9.801725e-01  0.000000e+00
   outer loop
     vertex  6.709006e+00 -2.939408e+01  0.000000e+00
     vertex  6.709006e+00 -2.939408e+01  3.000000e+02
     vertex  5.235493e+00 -2.969195e+01  3.000000e+02
   endloop
 endfacet
 facet normal  2.467574e-01 -9.690773e-01  0.000000e+00
   outer loop
     vertex  8.165840e+00 -2.902312e+01  0.000000e+00
     vertex  8.165840e+00 -2.902312e+01  3.000000e+02
     vertex  6.709006e+00 -2.939408e+01  3.000000e+02
   endloop
 endfacet
 facet normal  2.947552e-01 -9.555728e-01  0.000000e+00
   outer loop
     vertex  8.165840e+00 -2.902312e+01  0.000000e+00
     vertex  9.602373e+00 -2.858001e+01  3.000000e+02
     vertex  8.165840e+00 -2.902312e+01  3.000000e+02
   endloop
 endfacet
 facet normal  2.467574e-01 -9.690773e-01  0.000000e+00
   outer loop
     vertex  8.165840e+00 -2.902312e+01  0.000000e+00
     vertex  6.709006e+00 -2.939408e+01  3.000000e+02
     vertex  6.709006e+00 -2.939408e+01  0.000000e+00
   endloop
 endfacet
 facet normal  2.947552e-01 -9.555728e-01  0.000000e+00
   outer loop
     vertex  9.602373e+00 -2.858001e+01  0.000000e+00
     vertex  9.602373e+00 -2.858001e+01  3.000000e+02
     vertex  8.165840e+00 -2.902312e+01  0.000000e+00
   endloop
 endfacet
 facet normal  3.420201e-01 -9.396926e-01  0.000000e+00
   outer loop
     vertex  1.101503e+01 -2.806584e+01  0.000000e+00
     vertex  1.101503e+01 -2.806584e+01  3.000000e+02
     vertex  9.602373e+00 -2.858001e+01  3.000000e+02
   endloop
 endfacet
 facet normal  3.420201e-01 -9.396926e-01  0.000000e+00
   outer loop
     vertex  1.101503e+01 -2.806584e+01  0.000000e+00
     vertex  9.602373e+00 -2.858001e+01  3.000000e+02
     vertex  9.602373e+00 -2.858001e+01  0.000000e+00
   endloop
 endfacet
 facet normal  3.884348e-01 -9.214762e-01  0.000000e+00
   outer loop
     vertex  1.240031e+01 -2.748190e+01  0.000000e+00
     vertex  1.240031e+01 -2.748190e+01  3.000000e+02
     vertex  1.101503e+01 -2.806584e+01  3.000000e+02
   endloop
 endfacet
 facet normal  3.884348e-01 -9.214762e-01  0.000000e+00
   outer loop
     vertex  1.240031e+01 -2.748190e+01  0.000000e+00
     vertex  1.101503e+01 -2.806584e+01  3.000000e+02
     vertex  1.101503e+01 -2.806584e+01  0.000000e+00
   endloop
 endfacet
 facet normal  4.338837e-01 -9.009689e-01  0.000000e+00
   outer loop
     vertex  1.375475e+01 -2.682964e+01  0.000000e+00
     vertex  1.375475e+01 -2.682964e+01  3.000000e+02
     vertex  1.240031e+01 -2.748190e+01  3.000000e+02
   endloop
 endfacet
 facet normal  4.338837e-01 -9.009689e-01  0.000000e+00
   outer loop
     vertex  1.375475e+01 -2.682964e+01  0.000000e+00
     vertex  1.240031e+01 -2.748190e+01  3.000000e+02
     vertex  1.240031e+01 -2.748190e+01  0.000000e+00
   endloop
 endfacet
 facet normal  4.782540e-01 -8.782216e-01  0.000000e+00
   outer loop
     vertex  1.507500e+01 -2.611067e+01  0.000000e+00
     vertex  1.507500e+01 -2.611067e+01  3.000000e+02
     vertex  1.375475e+01 -2.682964e+01  3.000000e+02
   endloop
 endfacet
 facet normal  4.782540e-01 -8.782216e-01  0.000000e+00
   outer loop
     vertex  1.507500e+01 -2.611067e+01  0.000000e+00
     vertex  1.375475e+01 -2.682964e+01  3.000000e+02
     vertex  1.375475e+01 -2.682964e+01  0.000000e+00
   endloop
 endfacet
 facet normal  5.214352e-01 -8.532909e-01  0.000000e+00
   outer loop
     vertex  1.635777e+01 -2.532678e+01  0.000000e+00
     vertex  1.635777e+01 -2.532678e+01  3.000000e+02
     vertex  1.507500e+01 -2.611067e+01  3.000000e+02
   endloop
 endfacet
 facet normal  5.214352e-01 -8.532909e-01  0.000000e+00
   outer loop
     vertex  1.635777e+01 -2.532678e+01  0.000000e+00
     vertex  1.507500e+01 -2.611067e+01  3.000000e+02
     vertex  1.507500e+01 -2.611067e+01  0.000000e+00
   endloop
 endfacet
 facet normal  5.633201e-01 -8.262388e-01  0.000000e+00
   outer loop
     vertex  1.759987e+01 -2.447993e+01  0.000000e+00
     vertex  1.759987e+01 -2.447993e+01  3.000000e+02
     vertex  1.635777e+01 -2.532678e+01  3.000000e+02
   endloop
 endfacet
 facet normal  6.038044e-01 -7.971325e-01  0.000000e+00
   outer loop
     vertex  1.759987e+01 -2.447993e+01  0.000000e+00
     vertex  1.879822e+01 -2.357222e+01  3.000000e+02
     vertex  1.759987e+01 -2.447993e+01  3.000000e+02
   endloop
 endfacet
 facet normal  5.633201e-01 -8.262388e-01  0.000000e+00
   outer loop
     vertex  1.759987e+01 -2.447993e+01  0.000000e+00
     vertex  1.635777e+01 -2.532678e+01  3.000000e+02
     vertex  1.635777e+01 -2.532678e+01  0.000000e+00
   endloop
 endfacet
 facet normal  6.038044e-01 -7.971325e-01  0.000000e+00
   outer loop
     vertex  1.879822e+01 -2.357222e+01  0.000000e+00
     vertex  1.879822e+01 -2.357222e+01  3.000000e+02
     vertex  1.759987e+01 -2.447993e+01  0.000000e+00
   endloop
 endfacet
 facet normal  6.427876e-01 -7.660444e-01  0.000000e+00
   outer loop
     vertex  1.994983e+01 -2.260590e+01  0.000000e+00
     vertex  1.994983e+01 -2.260590e+01  3.000000e+02
     vertex  1.879822e+01 -2.357222e+01  3.000000e+02
   endloop
 endfacet
 facet normal  6.801727e-01 -7.330519e-01  0.000000e+00
   outer loop
     vertex  1.994983e+01 -2.260590e+01  0.000000e+00
     vertex  2.105184e+01 -2.158339e+01  3.000000e+02
     vertex  1.994983e+01 -2.260590e+01  3.000000e+02
   endloop
 endfacet
 facet normal  6.427876e-01 -7.660444e-01  0.000000e+00
   outer loop
     vertex  1.994983e+01 -2.260590e+01  0.000000e+00
     vertex  1.879822e+01 -2.357222e+01  3.000000e+02
     vertex  1.879822e+01 -2.357222e+01  0.000000e+00
   endloop
 endfacet
 facet normal  6.801727e-01 -7.330519e-01  0.000000e+00
   outer loop
     vertex  2.105184e+01 -2.158339e+01  0.000000e+00
     vertex  2.105184e+01 -2.158339e+01  3.000000e+02
     vertex  1.994983e+01 -2.260590e+01  0.000000e+00
   endloop
 endfacet
 facet normal  7.158668e-01 -6.982368e-01  0.000000e+00
   outer loop
     vertex  2.210151e+01 -2.050721e+01  0.000000e+00
     vertex  2.210151e+01 -2.050721e+01  3.000000e+02
     vertex  2.105184e+01 -2.158339e+01  3.000000e+02
   endloop
 endfacet
 facet normal  7.158668e-01 -6.982368e-01  0.000000e+00
   outer loop
     vertex  2.210151e+01 -2.050721e+01  0.000000e+00
     vertex  2.105184e+01 -2.158339e+01  3.000000e+02
     vertex  2.105184e+01 -2.158339e+01  0.000000e+00
   endloop
 endfacet
 facet normal  7.497812e-01 -6.616858e-01  0.000000e+00
   outer loop
     vertex  2.309624e+01 -1.938005e+01  0.000000e+00
     vertex  2.210151e+01 -2.050721e+01  3.000000e+02
     vertex  2.210151e+01 -2.050721e+01  0.000000e+00
   endloop
 endfacet
 facet normal  7.497812e-01 -6.616858e-01  0.000000e+00
   outer loop
     vertex  2.309624e+01 -1.938005e+01  0.000000e+00
     vertex  2.309624e+01 -1.938005e+01  3.000000e+02
     vertex  2.210151e+01 -2.050721e+01  3.000000e+02
   endloop
 endfacet
 facet normal  7.818315e-01 -6.234898e-01  0.000000e+00
   outer loop
     vertex  2.403355e+01 -1.820470e+01  0.000000e+00
     vertex  2.309624e+01 -1.938005e+01  3.000000e+02
     vertex  2.309624e+01 -1.938005e+01  0.000000e+00
   endloop
 endfacet
 facet normal  7.818315e-01 -6.234898e-01  0.000000e+00
   outer loop
     vertex  2.403355e+01 -1.820470e+01  0.000000e+00
     vertex  2.403355e+01 -1.820470e+01  3.000000e+02
     vertex  2.309624e+01 -1.938005e+01  3.000000e+02
   endloop
 endfacet
 facet normal  8.119380e-01 -5.837437e-01  0.000000e+00
   outer loop
     vertex  2.491110e+01 -1.698410e+01  0.000000e+00
     vertex  2.403355e+01 -1.820470e+01  3.000000e+02
     vertex  2.403355e+01 -1.820470e+01  0.000000e+00
   endloop
 endfacet
 facet normal  8.119380e-01 -5.837437e-01  0.000000e+00
   outer loop
     vertex  2.491110e+01 -1.698410e+01  0.000000e+00
     vertex  2.491110e+01 -1.698410e+01  3.000000e+02
     vertex  2.403355e+01 -1.820470e+01  3.000000e+02
   endloop
 endfacet
 facet normal  8.400259e-01 -5.425463e-01  0.000000e+00
   outer loop
     vertex  2.572672e+01 -1.572127e+01  0.000000e+00
     vertex  2.491110e+01 -1.698410e+01  3.000000e+02
     vertex  2.491110e+01 -1.698410e+01  0.000000e+00
   endloop
 endfacet
 facet normal  8.400259e-01 -5.425463e-01  0.000000e+00
   outer loop
     vertex  2.572672e+01 -1.572127e+01  0.000000e+00
     vertex  2.572672e+01 -1.572127e+01  3.000000e+02
     vertex  2.491110e+01 -1.698410e+01  3.000000e+02
   endloop
 endfacet
 facet normal  8.660254e-01 -5.000000e-01  0.000000e+00
   outer loop
     vertex  2.647838e+01 -1.441936e+01  0.000000e+00
     vertex  2.647838e+01 -1.441936e+01  3.000000e+02
     vertex  2.572672e+01 -1.572127e+01  3.000000e+02
   endloop
 endfacet
 facet normal  8.898718e-01 -4.562107e-01  0.000000e+00
   outer loop
     vertex  2.647838e+01 -1.441936e+01  0.000000e+00
     vertex  2.716421e+01 -1.308159e+01  3.000000e+02
     vertex  2.647838e+01 -1.441936e+01  3.000000e+02
   endloop
 endfacet
 facet normal  8.660254e-01 -5.000000e-01  0.000000e+00
   outer loop
     vertex  2.647838e+01 -1.441936e+01  0.000000e+00
     vertex  2.572672e+01 -1.572127e+01  3.000000e+02
     vertex  2.572672e+01 -1.572127e+01  0.000000e+00
   endloop
 endfacet
 facet normal  8.898718e-01 -4.562107e-01  0.000000e+00
   outer loop
     vertex  2.716421e+01 -1.308159e+01  0.000000e+00
     vertex  2.716421e+01 -1.308159e+01  3.000000e+02
     vertex  2.647838e+01 -1.441936e+01  0.000000e+00
   endloop
 endfacet
 facet normal  9.115059e-01 -4.112871e-01  0.000000e+00
   outer loop
     vertex  2.778251e+01 -1.171131e+01  0.000000e+00
     vertex  2.778251e+01 -1.171131e+01  3.000000e+02
     vertex  2.716421e+01 -1.308159e+01  3.000000e+02
   endloop
 endfacet
 facet normal  9.115059e-01 -4.112871e-01  0.000000e+00
   outer loop
     vertex  2.778251e+01 -1.171131e+01  0.000000e+00
     vertex  2.716421e+01 -1.308159e+01  3.000000e+02
     vertex  2.716421e+01 -1.308159e+01  0.000000e+00
   endloop
 endfacet
 facet normal  9.308737e-01 -3.653410e-01  0.000000e+00
   outer loop
     vertex  2.833173e+01 -1.031191e+01  0.000000e+00
     vertex  2.833173e+01 -1.031191e+01  3.000000e+02
     vertex  2.778251e+01 -1.171131e+01  3.000000e+02
   endloop
 endfacet
 facet normal  9.308737e-01 -3.653410e-01  0.000000e+00
   outer loop
     vertex  2.833173e+01 -1.031191e+01  0.000000e+00
     vertex  2.778251e+01 -1.171131e+01  3.000000e+02
     vertex  2.778251e+01 -1.171131e+01  0.000000e+00
   endloop
 endfacet
 facet normal  9.479273e-01 -3.184867e-01  0.000000e+00
   outer loop
     vertex  2.881052e+01 -8.886869e+00  0.000000e+00
     vertex  2.881052e+01 -8.886869e+00  3.000000e+02
     vertex  2.833173e+01 -1.031191e+01  3.000000e+02
   endloop
 endfacet
 facet normal  9.479273e-01 -3.184867e-01  0.000000e+00
   outer loop
     vertex  2.881052e+01 -8.886869e+00  0.000000e+00
     vertex  2.833173e+01 -1.031191e+01  3.000000e+02
     vertex  2.833173e+01 -1.031191e+01  0.000000e+00
   endloop
 endfacet
 facet normal  9.626242e-01 -2.708405e-01  0.000000e+00
   outer loop
     vertex  2.921768e+01 -7.439736e+00  0.000000e+00
     vertex  2.921768e+01 -7.439736e+00  3.000000e+02
     vertex  2.881052e+01 -8.886869e+00  3.000000e+02
   endloop
 endfacet
 facet normal  9.749279e-01 -2.225209e-01  0.000000e+00
   outer loop
     vertex  2.921768e+01 -7.439736e+00  0.000000e+00
     vertex  2.955220e+01 -5.974106e+00  3.000000e+02
     vertex  2.921768e+01 -7.439736e+00  3.000000e+02
   endloop
 endfacet
 facet normal  9.626242e-01 -2.708405e-01  0.000000e+00
   outer loop
     vertex  2.921768e+01 -7.439736e+00  0.000000e+00
     vertex  2.881052e+01 -8.886869e+00  3.000000e+02
     vertex  2.881052e+01 -8.886869e+00  0.000000e+00
   endloop
 endfacet
 facet normal  9.749279e-01 -2.225209e-01  0.000000e+00
   outer loop
     vertex  2.955220e+01 -5.974106e+00  0.000000e+00
     vertex  2.955220e+01 -5.974106e+00  3.000000e+02
     vertex  2.921768e+01 -7.439736e+00  0.000000e+00
   endloop
 endfacet
 facet normal  9.848078e-01 -1.736482e-01  0.000000e+00
   outer loop
     vertex  2.981325e+01 -4.493624e+00  0.000000e+00
     vertex  2.981325e+01 -4.493624e+00  3.000000e+02
     vertex  2.955220e+01 -5.974106e+00  3.000000e+02
   endloop
 endfacet
 facet normal  9.922392e-01 -1.243437e-01  0.000000e+00
   outer loop
     vertex  2.981325e+01 -4.493624e+00  0.000000e+00
     vertex  3.000018e+01 -3.001971e+00  3.000000e+02
     vertex  2.981325e+01 -4.493624e+00  3.000000e+02
   endloop
 endfacet
 facet normal  9.848078e-01 -1.736482e-01  0.000000e+00
   outer loop
     vertex  2.981325e+01 -4.493624e+00  0.000000e+00
     vertex  2.955220e+01 -5.974106e+00  3.000000e+02
     vertex  2.955220e+01 -5.974106e+00  0.000000e+00
   endloop
 endfacet
 facet normal  9.972038e-01 -7.473009e-02  0.000000e+00
   outer loop
     vertex  3.000018e+01 -3.001971e+00  0.000000e+00
     vertex  3.011252e+01 -1.502853e+00  3.000000e+02
     vertex  3.000018e+01 -3.001971e+00  3.000000e+02
   endloop
 endfacet
 facet normal  9.922392e-01 -1.243437e-01  0.000000e+00
   outer loop
     vertex  3.000018e+01 -3.001971e+00  0.000000e+00
     vertex  3.000018e+01 -3.001971e+00  3.000000e+02
     vertex  2.981325e+01 -4.493624e+00  0.000000e+00
   endloop
 endfacet
 facet normal  9.972038e-01 -7.473009e-02  0.000000e+00
   outer loop
     vertex  3.011252e+01 -1.502853e+00  0.000000e+00
     vertex  3.011252e+01 -1.502853e+00  3.000000e+02
     vertex  3.000018e+01 -3.001971e+00  0.000000e+00
   endloop
 endfacet
 facet normal  9.996892e-01 -2.493069e-02  0.000000e+00
   outer loop
     vertex  3.015000e+01  0.000000e+00  0.000000e+00
     vertex  3.015000e+01  0.000000e+00  3.000000e+02
     vertex  3.011252e+01 -1.502853e+00  3.000000e+02
   endloop
 endfacet
 facet normal  9.996892e-01 -2.493069e-02  0.000000e+00
   outer loop
     vertex  3.015000e+01  0.000000e+00  0.000000e+00
     vertex  3.011252e+01 -1.502853e+00  3.000000e+02
     vertex  3.011252e+01 -1.502853e+00  0.000000e+00
   endloop
 endfacet
 facet normal  0.000000e+00 -0.000000e+00 -1.000000e+00
   outer loop
     vertex -1.923528e+01 -1.784773e+01  0.000000e+00
     vertex -1.832173e+01 -1.878435e+01  0.000000e+00
     vertex -2.105184e+01 -2.158339e+01  0.000000e+00
   endloop
 endfacet
 facet normal  0.000000e+00  0.000000e+00 -1.000000e+00
   outer loop
     vertex -1.923528e+01 -1.784773e+01  0.000000e+00
     vertex -2.105184e+01 -2.158339e+01  0.000000e+00
     vertex -2.210151e+01 -2.050721e+01  0.000000e+00
   endloop
 endfacet
 facet normal -0.000000e+00  0.000000e+00 -1.000000e+00
   outer loop
     vertex -1.736264e+01 -1.967426e+01  0.000000e+00
     vertex -2.105184e+01 -2.158339e+01  0.000000e+00
     vertex -1.832173e+01 -1.878435e+01  0.000000e+00
   endloop
 endfacet
 facet normal  0.000000e+00  0.000000e+00 -1.000000e+00
   outer loop
     vertex -1.736264e+01 -1.967426e+01  0.000000e+00
     vertex -1.994983e+01 -2.260590e+01  0.000000e+00
     vertex -2.105184e+01 -2.158339e+01  0.000000e+00
   endloop
 endfacet
 facet normal  0.000000e+00  0.000000e+00 -1.000000e+00
   outer loop
     vertex -1.736264e+01 -1.967426e+01  0.000000e+00
     vertex -1.879822e+01 -2.357222e+01  0.000000e+00
     vertex -1.994983e+01 -2.260590e+01  0.000000e+00
   endloop
 endfacet
 facet normal  0.000000e+00 -0.000000e+00 -1.000000e+00
   outer loop
     vertex -2.010101e+01 -1.686675e+01  0.000000e+00
     vertex -1.923528e+01 -1.784773e+01  0.000000e+00
     vertex -2.210151e+01 -2.050721e+01  0.000000e+00
   endloop
 endfacet
 facet normal  0.000000e+00  0.000000e+00 -1.000000e+00
   outer loop
     vertex -2.010101e+01 -1.686675e+01  0.000000e+00
     vertex -2.210151e+01 -2.050721e+01  0.000000e+00
     vertex -2.309624e+01 -1.938005e+01  0.000000e+00
   endloop
 endfacet
 facet normal -0.000000e+00  0.000000e+00 -1.000000e+00
   outer loop
     vertex -1.636037e+01 -2.051526e+01  0.000000e+00
     vertex -1.879822e+01 -2.357222e+01  0.000000e+00
     vertex -1.736264e+01 -1.967426e+01  0.000000e+00
   endloop
 endfacet
 facet normal  0.000000e+00 -0.000000e+00 -1.000000e+00
   outer loop
     vertex -2.091676e+01 -1.584383e+01  0.000000e+00
     vertex -2.010101e+01 -1.686675e+01  0.000000e+00
     vertex -2.309624e+01 -1.938005e+01  0.000000e+00
   endloop
 endfacet
 facet normal  0.000000e+00  0.000000e+00 -1.000000e+00
   outer loop
     vertex -2.091676e+01 -1.584383e+01  0.000000e+00
     vertex -2.403355e+01 -1.820470e+01  0.000000e+00
     vertex -2.491110e+01 -1.698410e+01  0.000000e+00
   endloop
 endfacet
 facet normal  0.000000e+00  0.000000e+00 -1.000000e+00
   outer loop
     vertex -2.091676e+01 -1.584383e+01  0.000000e+00
     vertex -2.309624e+01 -1.938005e+01  0.000000e+00
     vertex -2.403355e+01 -1.820470e+01  0.000000e+00
   endloop
 endfacet
 facet normal -0.000000e+00  0.000000e+00 -1.000000e+00
   outer loop
     vertex -1.531743e+01 -2.130525e+01  0.000000e+00
     vertex -1.879822e+01 -2.357222e+01  0.000000e+00
     vertex -1.636037e+01 -2.051526e+01  0.000000e+00
   endloop
 endfacet
 facet normal  0.000000e+00  0.000000e+00 -1.000000e+00
   outer loop
     vertex -1.531743e+01 -2.130525e+01  0.000000e+00
     vertex -1.759987e+01 -2.447993e+01  0.000000e+00
     vertex -1.879822e+01 -2.357222e+01  0.000000e+00
   endloop
 endfacet
 facet normal  0.000000e+00 -0.000000e+00 -1.000000e+00
   outer loop
     vertex -2.168051e+01 -1.478152e+01  0.000000e+00
     vertex -2.091676e+01 -1.584383e+01  0.000000e+00
     vertex -2.491110e+01 -1.698410e+01  0.000000e+00
   endloop
 endfacet
 facet normal -0.000000e+00  0.000000e+00 -1.000000e+00
   outer loop
     vertex -1.423641e+01 -2.204228e+01  0.000000e+00
     vertex -1.759987e+01 -2.447993e+01  0.000000e+00
     vertex -1.531743e+01 -2.130525e+01  0.000000e+00
   endloop
 endfacet
 facet normal  0.000000e+00  0.000000e+00 -1.000000e+00
   outer loop
     vertex -1.423641e+01 -2.204228e+01  0.000000e+00
     vertex -1.635777e+01 -2.532678e+01  0.000000e+00
     vertex -1.759987e+01 -2.447993e+01  0.000000e+00
   endloop
 endfacet
 facet normal  0.000000e+00  0.000000e+00 -1.000000e+00
   outer loop
     vertex -2.239035e+01 -1.368246e+01  0.000000e+00
     vertex -2.491110e+01 -1.698410e+01  0.000000e+00
     vertex -2.572672e+01 -1.572127e+01  0.000000e+00
   endloop
 endfacet
 facet normal  0.000000e+00 -0.000000e+00 -1.000000e+00
   outer loop
     vertex -2.239035e+01 -1.368246e+01  0.000000e+00
     vertex -2.168051e+01 -1.478152e+01  0.000000e+00
     vertex -2.491110e+01 -1.698410e+01  0.000000e+00
   endloop
 endfacet
 facet normal -0.000000e+00  0.000000e+00 -1.000000e+00
   outer loop
     vertex -1.312000e+01 -2.272451e+01  0.000000e+00
     vertex -1.635777e+01 -2.532678e+01  0.000000e+00
     vertex -1.423641e+01 -2.204228e+01  0.000000e+00
   endloop
 endfacet
 facet normal  0.000000e+00  0.000000e+00 -1.000000e+00
   outer loop
     vertex -1.312000e+01 -2.272451e+01  0.000000e+00
     vertex -1.507500e+01 -2.611067e+01  0.000000e+00
     vertex -1.635777e+01 -2.532678e+01  0.000000e+00
   endloop
 endfacet
 facet normal  0.000000e+00 -0.000000e+00 -1.000000e+00
   outer loop
     vertex -2.304453e+01 -1.254938e+01  0.000000e+00
     vertex -2.239035e+01 -1.368246e+01  0.000000e+00
     vertex -2.572672e+01 -1.572127e+01  0.000000e+00
   endloop
 endfacet
 facet normal  0.000000e+00  0.000000e+00 -1.000000e+00
   outer loop
     vertex -2.304453e+01 -1.254938e+01  0.000000e+00
     vertex -2.572672e+01 -1.572127e+01  0.000000e+00
     vertex -2.647838e+01 -1.441936e+01  0.000000e+00
   endloop
 endfacet
 facet normal -0.000000e+00  0.000000e+00 -1.000000e+00
   outer loop
     vertex -1.197097e+01 -2.335024e+01  0.000000e+00
     vertex -1.507500e+01 -2.611067e+01  0.000000e+00
     vertex -1.312000e+01 -2.272451e+01  0.000000e+00
   endloop
 endfacet
 facet normal  0.000000e+00  0.000000e+00 -1.000000e+00
   outer loop
     vertex -1.197097e+01 -2.335024e+01  0.000000e+00
     vertex -1.375475e+01 -2.682964e+01  0.000000e+00
     vertex -1.507500e+01 -2.611067e+01  0.000000e+00
   endloop
 endfacet
 facet normal  0.000000e+00  0.000000e+00 -1.000000e+00
   outer loop
     vertex -1.197097e+01 -2.335024e+01  0.000000e+00
     vertex -1.240031e+01 -2.748190e+01  0.000000e+00
     vertex -1.375475e+01 -2.682964e+01  0.000000e+00
   endloop
 endfacet
 facet normal  0.000000e+00 -0.000000e+00 -1.000000e+00
   outer loop
     vertex -2.364142e+01 -1.138511e+01  0.000000e+00
     vertex -2.304453e+01 -1.254938e+01  0.000000e+00
     vertex -2.647838e+01 -1.441936e+01  0.000000e+00
   endloop
 endfacet
 facet normal  0.000000e+00  0.000000e+00 -1.000000e+00
   outer loop
     vertex -2.364142e+01 -1.138511e+01  0.000000e+00
     vertex -2.647838e+01 -1.441936e+01  0.000000e+00
     vertex -2.716421e+01 -1.308159e+01  0.000000e+00
   endloop
 endfacet
 facet normal -0.000000e+00  0.000000e+00 -1.000000e+00
   outer loop
     vertex -1.079217e+01 -2.391791e+01  0.000000e+00
     vertex -1.240031e+01 -2.748190e+01  0.000000e+00
     vertex -1.197097e+01 -2.335024e+01  0.000000e+00
   endloop
 endfacet
 facet normal  0.000000e+00 -0.000000e+00 -1.000000e+00
   outer loop
     vertex -2.417954e+01 -1.019253e+01  0.000000e+00
     vertex -2.364142e+01 -1.138511e+01  0.000000e+00
     vertex -2.716421e+01 -1.308159e+01  0.000000e+00
   endloop
 endfacet
 facet normal  0.000000e+00  0.000000e+00 -1.000000e+00
   outer loop
     vertex -2.417954e+01 -1.019253e+01  0.000000e+00
     vertex -2.716421e+01 -1.308159e+01  0.000000e+00
     vertex -2.778251e+01 -1.171131e+01  0.000000e+00
   endloop
 endfacet
 facet normal -0.000000e+00  0.000000e+00 -1.000000e+00
   outer loop
     vertex -9.586548e+00 -2.442613e+01  0.000000e+00
     vertex -1.240031e+01 -2.748190e+01  0.000000e+00
     vertex -1.079217e+01 -2.391791e+01  0.000000e+00
   endloop
 endfacet
 facet normal  0.000000e+00  0.000000e+00 -1.000000e+00
   outer loop
     vertex -9.586548e+00 -2.442613e+01  0.000000e+00
     vertex -1.101503e+01 -2.806584e+01  0.000000e+00
     vertex -1.240031e+01 -2.748190e+01  0.000000e+00
   endloop
 endfacet
 facet normal  0.000000e+00 -0.000000e+00 -1.000000e+00
   outer loop
     vertex -2.465753e+01 -8.974609e+00  0.000000e+00
     vertex -2.417954e+01 -1.019253e+01  0.000000e+00
     vertex -2.778251e+01 -1.171131e+01  0.000000e+00
   endloop
 endfacet
 facet normal  0.000000e+00  0.000000e+00 -1.000000e+00
   outer loop
     vertex -2.465753e+01 -8.974609e+00  0.000000e+00
     vertex -2.778251e+01 -1.171131e+01  0.000000e+00
     vertex -2.833173e+01 -1.031191e+01  0.000000e+00
   endloop
 endfacet
 facet normal -0.000000e+00  0.000000e+00 -1.000000e+00
   outer loop
     vertex -8.357090e+00 -2.487361e+01  0.000000e+00
     vertex -1.101503e+01 -2.806584e+01  0.000000e+00
     vertex -9.586548e+00 -2.442613e+01  0.000000e+00
   endloop
 endfacet
 facet normal  0.000000e+00  0.000000e+00 -1.000000e+00
   outer loop
     vertex -8.357090e+00 -2.487361e+01  0.000000e+00
     vertex -9.602373e+00 -2.858001e+01  0.000000e+00
     vertex -1.101503e+01 -2.806584e+01  0.000000e+00
   endloop
 endfacet
 facet normal  0.000000e+00 -0.000000e+00 -1.000000e+00
   outer loop
     vertex -2.507423e+01 -7.734376e+00  0.000000e+00
     vertex -2.465753e+01 -8.974609e+00  0.000000e+00
     vertex -2.833173e+01 -1.031191e+01  0.000000e+00
   endloop
 endfacet
 facet normal -0.000000e+00  0.000000e+00 -1.000000e+00
   outer loop
     vertex -2.507423e+01 -7.734376e+00  0.000000e+00
     vertex -2.881052e+01 -8.886869e+00  0.000000e+00
     vertex -2.921768e+01 -7.439736e+00  0.000000e+00
   endloop
 endfacet
 facet normal  0.000000e+00  0.000000e+00 -1.000000e+00
   outer loop
     vertex -2.507423e+01 -7.734376e+00  0.000000e+00
     vertex -2.833173e+01 -1.031191e+01  0.000000e+00
     vertex -2.881052e+01 -8.886869e+00  0.000000e+00
   endloop
 endfacet
 facet normal -0.000000e+00  0.000000e+00 -1.000000e+00
   outer loop
     vertex -7.106854e+00 -2.525926e+01  0.000000e+00
     vertex -9.602373e+00 -2.858001e+01  0.000000e+00
     vertex -8.357090e+00 -2.487361e+01  0.000000e+00
   endloop
 endfacet
 facet normal  0.000000e+00  0.000000e+00 -1.000000e+00
   outer loop
     vertex -7.106854e+00 -2.525926e+01  0.000000e+00
     vertex -8.165840e+00 -2.902312e+01  0.000000e+00
     vertex -9.602373e+00 -2.858001e+01  0.000000e+00
   endloop
 endfacet
 facet normal  0.000000e+00 -0.000000e+00 -1.000000e+00
   outer loop
     vertex -7.106854e+00 -2.525926e+01  0.000000e+00
     vertex -6.709006e+00 -2.939408e+01  0.000000e+00
     vertex -8.165840e+00 -2.902312e+01  0.000000e+00
   endloop
 endfacet
 facet normal  0.000000e+00 -0.000000e+00 -1.000000e+00
   outer loop
     vertex -2.542859e+01 -6.474914e+00  0.000000e+00
     vertex -2.507423e+01 -7.734376e+00  0.000000e+00
     vertex -2.921768e+01 -7.439736e+00  0.000000e+00
   endloop
 endfacet
 facet normal -0.000000e+00  0.000000e+00 -1.000000e+00
   outer loop
     vertex -5.838949e+00 -2.558211e+01  0.000000e+00
     vertex -6.709006e+00 -2.939408e+01  0.000000e+00
     vertex -7.106854e+00 -2.525926e+01  0.000000e+00
   endloop
 endfacet
 facet normal  0.000000e+00  0.000000e+00 -1.000000e+00
   outer loop
     vertex -2.571973e+01 -5.199355e+00  0.000000e+00
     vertex -2.921768e+01 -7.439736e+00  0.000000e+00
     vertex -2.955220e+01 -5.974106e+00  0.000000e+00
   endloop
 endfacet
 facet normal  0.000000e+00 -0.000000e+00 -1.000000e+00
   outer loop
     vertex -2.571973e+01 -5.199355e+00  0.000000e+00
     vertex -2.542859e+01 -6.474914e+00  0.000000e+00
     vertex -2.921768e+01 -7.439736e+00  0.000000e+00
   endloop
 endfacet
 facet normal -0.000000e+00  0.000000e+00 -1.000000e+00
   outer loop
     vertex -4.556528e+00 -2.584136e+01  0.000000e+00
     vertex -6.709006e+00 -2.939408e+01  0.000000e+00
     vertex -5.838949e+00 -2.558211e+01  0.000000e+00
   endloop
 endfacet
 facet normal  0.000000e+00  0.000000e+00 -1.000000e+00
   outer loop
     vertex -4.556528e+00 -2.584136e+01  0.000000e+00
     vertex -5.235493e+00 -2.969195e+01  0.000000e+00
     vertex -6.709006e+00 -2.939408e+01  0.000000e+00
   endloop
 endfacet
 facet normal  0.000000e+00 -0.000000e+00 -1.000000e+00
   outer loop
     vertex -4.556528e+00 -2.584136e+01  0.000000e+00
     vertex -3.748963e+00 -2.991601e+01  0.000000e+00
     vertex -5.235493e+00 -2.969195e+01  0.000000e+00
   endloop
 endfacet
 facet normal  0.000000e+00 -0.000000e+00 -1.000000e+00
   outer loop
     vertex -2.594692e+01 -3.910869e+00  0.000000e+00
     vertex -2.571973e+01 -5.199355e+00  0.000000e+00
     vertex -2.955220e+01 -5.974106e+00  0.000000e+00
   endloop
 endfacet
 facet normal  0.000000e+00  0.000000e+00 -1.000000e+00
   outer loop
     vertex -2.594692e+01 -3.910869e+00  0.000000e+00
     vertex -2.955220e+01 -5.974106e+00  0.000000e+00
     vertex -2.981325e+01 -4.493624e+00  0.000000e+00
   endloop
 endfacet
 facet normal -0.000000e+00  0.000000e+00 -1.000000e+00
   outer loop
     vertex -3.262779e+00 -2.603636e+01  0.000000e+00
     vertex -3.748963e+00 -2.991601e+01  0.000000e+00
     vertex -4.556528e+00 -2.584136e+01  0.000000e+00
   endloop
 endfacet
 facet normal  0.000000e+00  0.000000e+00 -1.000000e+00
   outer loop
     vertex -2.610961e+01 -2.612660e+00  0.000000e+00
     vertex -2.981325e+01 -4.493624e+00  0.000000e+00
     vertex -3.000018e+01 -3.001971e+00  0.000000e+00
   endloop
 endfacet
 facet normal  0.000000e+00 -0.000000e+00 -1.000000e+00
   outer loop
     vertex -2.610961e+01 -2.612660e+00  0.000000e+00
     vertex -2.594692e+01 -3.910869e+00  0.000000e+00
     vertex -2.981325e+01 -4.493624e+00  0.000000e+00
   endloop
 endfacet
 facet normal -0.000000e+00  0.000000e+00 -1.000000e+00
   outer loop
     vertex -1.960918e+00 -2.616663e+01  0.000000e+00
     vertex -3.748963e+00 -2.991601e+01  0.000000e+00
     vertex -3.262779e+00 -2.603636e+01  0.000000e+00
   endloop
 endfacet
 facet normal  0.000000e+00  0.000000e+00 -1.000000e+00
   outer loop
     vertex -1.960918e+00 -2.616663e+01  0.000000e+00
     vertex -2.253112e+00 -3.006569e+01  0.000000e+00
     vertex -3.748963e+00 -2.991601e+01  0.000000e+00
   endloop
 endfacet
 facet normal  0.000000e+00  0.000000e+00 -1.000000e+00
   outer loop
     vertex -2.620738e+01 -1.307956e+00  0.000000e+00
     vertex -3.000018e+01 -3.001971e+00  0.000000e+00
     vertex -3.011252e+01 -1.502853e+00  0.000000e+00
   endloop
 endfacet
 facet normal  0.000000e+00 -0.000000e+00 -1.000000e+00
   outer loop
     vertex -2.620738e+01 -1.307956e+00  0.000000e+00
     vertex -2.610961e+01 -2.612660e+00  0.000000e+00
     vertex -3.000018e+01 -3.001971e+00  0.000000e+00
   endloop
 endfacet
 facet normal -0.000000e+00  0.000000e+00 -1.000000e+00
   outer loop
     vertex -6.541814e-01 -2.623184e+01  0.000000e+00
     vertex -2.253112e+00 -3.006569e+01  0.000000e+00
     vertex -1.960918e+00 -2.616663e+01  0.000000e+00
   endloop
 endfacet
 facet normal  0.000000e+00  0.000000e+00 -1.000000e+00
   outer loop
     vertex -6.541814e-01 -2.623184e+01  0.000000e+00
     vertex -7.516604e-01 -3.014063e+01  0.000000e+00
     vertex -2.253112e+00 -3.006569e+01  0.000000e+00
   endloop
 endfacet
 facet normal  0.000000e+00 -0.000000e+00 -1.000000e+00
   outer loop
     vertex -6.541814e-01 -2.623184e+01  0.000000e+00
     vertex  7.516604e-01 -3.014063e+01  0.000000e+00
     vertex -7.516604e-01 -3.014063e+01  0.000000e+00
   endloop
 endfacet
 facet normal -0.000000e+00  0.000000e+00 -1.000000e+00
   outer loop
     vertex -2.624000e+01 -9.000973e-14  0.000000e+00
     vertex -3.015000e+01 -1.034220e-13  0.000000e+00
     vertex -3.011252e+01  1.502853e+00  0.000000e+00
   endloop
 endfacet
 facet normal  0.000000e+00  0.000000e+00 -1.000000e+00
   outer loop
     vertex -2.624000e+01 -9.000973e-14  0.000000e+00
     vertex -3.011252e+01 -1.502853e+00  0.000000e+00
     vertex -3.015000e+01 -1.034220e-13  0.000000e+00
   endloop
 endfacet
 facet normal  0.000000e+00 -0.000000e+00 -1.000000e+00
   outer loop
     vertex -2.624000e+01 -9.000973e-14  0.000000e+00
     vertex -2.620738e+01 -1.307956e+00  0.000000e+00
     vertex -3.011252e+01 -1.502853e+00  0.000000e+00
   endloop
 endfacet
 facet normal  0.000000e+00 -0.000000e+00 -1.000000e+00
   outer loop
     vertex  6.541814e-01 -2.623184e+01  0.000000e+00
     vertex  7.516604e-01 -3.014063e+01  0.000000e+00
     vertex -6.541814e-01 -2.623184e+01  0.000000e+00
   endloop
 endfacet
 facet normal -0.000000e+00  0.000000e+00 -1.000000e+00
   outer loop
     vertex -2.620738e+01  1.307956e+00  0.000000e+00
     vertex -2.624000e+01 -9.000973e-14  0.000000e+00
     vertex -3.011252e+01  1.502853e+00  0.000000e+00
   endloop
 endfacet
 facet normal  0.000000e+00  0.000000e+00 -1.000000e+00
   outer loop
     vertex  1.960918e+00 -2.616663e+01  0.000000e+00
     vertex  7.516604e-01 -3.014063e+01  0.000000e+00
     vertex  6.541814e-01 -2.623184e+01  0.000000e+00
   endloop
 endfacet
 facet normal  0.000000e+00 -0.000000e+00 -1.000000e+00
   outer loop
     vertex  1.960918e+00 -2.616663e+01  0.000000e+00
     vertex  2.253112e+00 -3.006569e+01  0.000000e+00
     vertex  7.516604e-01 -3.014063e+01  0.000000e+00
   endloop
 endfacet
 facet normal  0.000000e+00  0.000000e+00 -1.000000e+00
   outer loop
     vertex -2.610961e+01  2.612660e+00  0.000000e+00
     vertex -2.620738e+01  1.307956e+00  0.000000e+00
     vertex -3.011252e+01  1.502853e+00  0.000000e+00
   endloop
 endfacet
 facet normal -0.000000e+00  0.000000e+00 -1.000000e+00
   outer loop
     vertex -2.610961e+01  2.612660e+00  0.000000e+00
     vertex -3.011252e+01  1.502853e+00  0.000000e+00
     vertex -3.000018e+01  3.001971e+00  0.000000e+00
   endloop
 endfacet
 facet normal  0.000000e+00  0.000000e+00 -1.000000e+00
   outer loop
     vertex  3.262779e+00 -2.603636e+01  0.000000e+00
     vertex  2.253112e+00 -3.006569e+01  0.000000e+00
     vertex  1.960918e+00 -2.616663e+01  0.000000e+00
   endloop
 endfacet
 facet normal  0.000000e+00 -0.000000e+00 -1.000000e+00
   outer loop
     vertex  3.262779e+00 -2.603636e+01  0.000000e+00
     vertex  3.748963e+00 -2.991601e+01  0.000000e+00
     vertex  2.253112e+00 -3.006569e+01  0.000000e+00
   endloop
 endfacet
 facet normal  0.000000e+00  0.000000e+00 -1.000000e+00
   outer loop
     vertex  3.262779e+00 -2.603636e+01  0.000000e+00
     vertex  5.235493e+00 -2.969195e+01  0.000000e+00
     vertex  3.748963e+00 -2.991601e+01  0.000000e+00
   endloop
 endfacet
 facet normal  0.000000e+00  0.000000e+00 -1.000000e+00
   outer loop
     vertex -2.594692e+01  3.910869e+00  0.000000e+00
     vertex -2.610961e+01  2.612660e+00  0.000000e+00
     vertex -3.000018e+01  3.001971e+00  0.000000e+00
   endloop
 endfacet
 facet normal -0.000000e+00  0.000000e+00 -1.000000e+00
   outer loop
     vertex -2.594692e+01  3.910869e+00  0.000000e+00
     vertex -3.000018e+01  3.001971e+00  0.000000e+00
     vertex -2.981325e+01  4.493624e+00  0.000000e+00
   endloop
 endfacet
 facet normal  0.000000e+00 -0.000000e+00 -1.000000e+00
   outer loop
     vertex  4.556528e+00 -2.584136e+01  0.000000e+00
     vertex  5.235493e+00 -2.969195e+01  0.000000e+00
     vertex  3.262779e+00 -2.603636e+01  0.000000e+00
   endloop
 endfacet
 facet normal  0.000000e+00  0.000000e+00 -1.000000e+00
   outer loop
     vertex -2.571973e+01  5.199355e+00  0.000000e+00
     vertex -2.594692e+01  3.910869e+00  0.000000e+00
     vertex -2.981325e+01  4.493624e+00  0.000000e+00
   endloop
 endfacet
 facet normal -0.000000e+00  0.000000e+00 -1.000000e+00
   outer loop
     vertex -2.571973e+01  5.199355e+00  0.000000e+00
     vertex -2.981325e+01  4.493624e+00  0.000000e+00
     vertex -2.955220e+01  5.974106e+00  0.000000e+00
   endloop
 endfacet
 facet normal  0.000000e+00  0.000000e+00 -1.000000e+00
   outer loop
     vertex  5.838949e+00 -2.558211e+01  0.000000e+00
     vertex  5.235493e+00 -2.969195e+01  0.000000e+00
     vertex  4.556528e+00 -2.584136e+01  0.000000e+00
   endloop
 endfacet
 facet normal  0.000000e+00 -0.000000e+00 -1.000000e+00
   outer loop
     vertex  5.838949e+00 -2.558211e+01  0.000000e+00
     vertex  6.709006e+00 -2.939408e+01  0.000000e+00
     vertex  5.235493e+00 -2.969195e+01  0.000000e+00
   endloop
 endfacet
 facet normal  0.000000e+00  0.000000e+00 -1.000000e+00
   outer loop
     vertex -2.542859e+01  6.474914e+00  0.000000e+00
     vertex -2.571973e+01  5.199355e+00  0.000000e+00
     vertex -2.955220e+01  5.974106e+00  0.000000e+00
   endloop
 endfacet
 facet normal -0.000000e+00  0.000000e+00 -1.000000e+00
   outer loop
     vertex -2.542859e+01  6.474914e+00  0.000000e+00
     vertex -2.955220e+01  5.974106e+00  0.000000e+00
     vertex -2.921768e+01  7.439736e+00  0.000000e+00
   endloop
 endfacet
 facet normal  0.000000e+00  0.000000e+00 -1.000000e+00
   outer loop
     vertex  7.106854e+00 -2.525926e+01  0.000000e+00
     vertex  9.602373e+00 -2.858001e+01  0.000000e+00
     vertex  8.165840e+00 -2.902312e+01  0.000000e+00
   endloop
 endfacet
 facet normal  0.000000e+00  0.000000e+00 -1.000000e+00
   outer loop
     vertex  7.106854e+00 -2.525926e+01  0.000000e+00
     vertex  6.709006e+00 -2.939408e+01  0.000000e+00
     vertex  5.838949e+00 -2.558211e+01  0.000000e+00
   endloop
 endfacet
 facet normal  0.000000e+00 -0.000000e+00 -1.000000e+00
   outer loop
     vertex  7.106854e+00 -2.525926e+01  0.000000e+00
     vertex  8.165840e+00 -2.902312e+01  0.000000e+00
     vertex  6.709006e+00 -2.939408e+01  0.000000e+00
   endloop
 endfacet
 facet normal  0.000000e+00  0.000000e+00 -1.000000e+00
   outer loop
     vertex -2.507423e+01  7.734376e+00  0.000000e+00
     vertex -2.542859e+01  6.474914e+00  0.000000e+00
     vertex -2.921768e+01  7.439736e+00  0.000000e+00
   endloop
 endfacet
 facet normal -0.000000e+00  0.000000e+00 -1.000000e+00
   outer loop
     vertex -2.507423e+01  7.734376e+00  0.000000e+00
     vertex -2.921768e+01  7.439736e+00  0.000000e+00
     vertex -2.881052e+01  8.886869e+00  0.000000e+00
   endloop
 endfacet
 facet normal  0.000000e+00 -0.000000e+00 -1.000000e+00
   outer loop
     vertex  8.357090e+00 -2.487361e+01  0.000000e+00
     vertex  9.602373e+00 -2.858001e+01  0.000000e+00
     vertex  7.106854e+00 -2.525926e+01  0.000000e+00
   endloop
 endfacet
 facet normal  0.000000e+00  0.000000e+00 -1.000000e+00
   outer loop
     vertex -2.465753e+01  8.974609e+00  0.000000e+00
     vertex -2.507423e+01  7.734376e+00  0.000000e+00
     vertex -2.881052e+01  8.886869e+00  0.000000e+00
   endloop
 endfacet
 facet normal -0.000000e+00  0.000000e+00 -1.000000e+00
   outer loop
     vertex -2.465753e+01  8.974609e+00  0.000000e+00
     vertex -2.881052e+01  8.886869e+00  0.000000e+00
     vertex -2.833173e+01  1.031191e+01  0.000000e+00
   endloop
 endfacet
 facet normal  0.000000e+00  0.000000e+00 -1.000000e+00
   outer loop
     vertex  9.586548e+00 -2.442613e+01  0.000000e+00
     vertex  1.101503e+01 -2.806584e+01  0.000000e+00
     vertex  9.602373e+00 -2.858001e+01  0.000000e+00
   endloop
 endfacet
 facet normal  0.000000e+00  0.000000e+00 -1.000000e+00
   outer loop
     vertex  9.586548e+00 -2.442613e+01  0.000000e+00
     vertex  1.240031e+01 -2.748190e+01  0.000000e+00
     vertex  1.101503e+01 -2.806584e+01  0.000000e+00
   endloop
 endfacet
 facet normal  0.000000e+00 -0.000000e+00 -1.000000e+00
   outer loop
     vertex  9.586548e+00 -2.442613e+01  0.000000e+00
     vertex  9.602373e+00 -2.858001e+01  0.000000e+00
     vertex  8.357090e+00 -2.487361e+01  0.000000e+00
   endloop
 endfacet
 facet normal -0.000000e+00  0.000000e+00 -1.000000e+00
   outer loop
     vertex -2.417954e+01  1.019253e+01  0.000000e+00
     vertex -2.465753e+01  8.974609e+00  0.000000e+00
     vertex -2.833173e+01  1.031191e+01  0.000000e+00
   endloop
 endfacet
 facet normal  0.000000e+00  0.000000e+00 -1.000000e+00
   outer loop
     vertex -2.417954e+01  1.019253e+01  0.000000e+00
     vertex -2.833173e+01  1.031191e+01  0.000000e+00
     vertex -2.778251e+01  1.171131e+01  0.000000e+00
   endloop
 endfacet
 facet normal  0.000000e+00 -0.000000e+00 -1.000000e+00
   outer loop
     vertex  1.079217e+01 -2.391791e+01  0.000000e+00
     vertex  1.240031e+01 -2.748190e+01  0.000000e+00
     vertex  9.586548e+00 -2.442613e+01  0.000000e+00
   endloop
 endfacet
 facet normal -0.000000e+00  0.000000e+00 -1.000000e+00
   outer loop
     vertex -2.364142e+01  1.138511e+01  0.000000e+00
     vertex -2.417954e+01  1.019253e+01  0.000000e+00
     vertex -2.778251e+01  1.171131e+01  0.000000e+00
   endloop
 endfacet
 facet normal  0.000000e+00  0.000000e+00 -1.000000e+00
   outer loop
     vertex -2.364142e+01  1.138511e+01  0.000000e+00
     vertex -2.778251e+01  1.171131e+01  0.000000e+00
     vertex -2.716421e+01  1.308159e+01  0.000000e+00
   endloop
 endfacet
 facet normal  0.000000e+00  0.000000e+00 -1.000000e+00
   outer loop
     vertex  1.197097e+01 -2.335024e+01  0.000000e+00
     vertex  1.375475e+01 -2.682964e+01  0.000000e+00
     vertex  1.240031e+01 -2.748190e+01  0.000000e+00
   endloop
 endfacet
 facet normal  0.000000e+00 -0.000000e+00 -1.000000e+00
   outer loop
     vertex  1.197097e+01 -2.335024e+01  0.000000e+00
     vertex  1.240031e+01 -2.748190e+01  0.000000e+00
     vertex  1.079217e+01 -2.391791e+01  0.000000e+00
   endloop
 endfacet
 facet normal -0.000000e+00  0.000000e+00 -1.000000e+00
   outer loop
     vertex -2.304453e+01  1.254938e+01  0.000000e+00
     vertex -2.364142e+01  1.138511e+01  0.000000e+00
     vertex -2.716421e+01  1.308159e+01  0.000000e+00
   endloop
 endfacet
 facet normal  0.000000e+00  0.000000e+00 -1.000000e+00
   outer loop
     vertex -2.304453e+01  1.254938e+01  0.000000e+00
     vertex -2.716421e+01  1.308159e+01  0.000000e+00
     vertex -2.647838e+01  1.441936e+01  0.000000e+00
   endloop
 endfacet
 facet normal  0.000000e+00 -0.000000e+00 -1.000000e+00
   outer loop
     vertex -2.572672e+01  1.572127e+01  0.000000e+00
     vertex -2.304453e+01  1.254938e+01  0.000000e+00
     vertex -2.647838e+01  1.441936e+01  0.000000e+00
   endloop
 endfacet
 facet normal  0.000000e+00  0.000000e+00 -1.000000e+00
   outer loop
     vertex  1.312000e+01 -2.272451e+01  0.000000e+00
     vertex  1.507500e+01 -2.611067e+01  0.000000e+00
     vertex  1.375475e+01 -2.682964e+01  0.000000e+00
   endloop
 endfacet
 facet normal  0.000000e+00 -0.000000e+00 -1.000000e+00
   outer loop
     vertex  1.312000e+01 -2.272451e+01  0.000000e+00
     vertex  1.375475e+01 -2.682964e+01  0.000000e+00
     vertex  1.197097e+01 -2.335024e+01  0.000000e+00
   endloop
 endfacet
 facet normal -0.000000e+00  0.000000e+00 -1.000000e+00
   outer loop
     vertex -2.239035e+01  1.368246e+01  0.000000e+00
     vertex -2.304453e+01  1.254938e+01  0.000000e+00
     vertex -2.572672e+01  1.572127e+01  0.000000e+00
   endloop
 endfacet
 facet normal  0.000000e+00  0.000000e+00 -1.000000e+00
   outer loop
     vertex  1.423641e+01 -2.204228e+01  0.000000e+00
     vertex  1.635777e+01 -2.532678e+01  0.000000e+00
     vertex  1.507500e+01 -2.611067e+01  0.000000e+00
   endloop
 endfacet
 facet normal  0.000000e+00 -0.000000e+00 -1.000000e+00
   outer loop
     vertex  1.423641e+01 -2.204228e+01  0.000000e+00
     vertex  1.507500e+01 -2.611067e+01  0.000000e+00
     vertex  1.312000e+01 -2.272451e+01  0.000000e+00
   endloop
 endfacet
 facet normal  0.000000e+00  0.000000e+00 -1.000000e+00
   outer loop
     vertex -2.168051e+01  1.478152e+01  0.000000e+00
     vertex -2.572672e+01  1.572127e+01  0.000000e+00
     vertex -2.491110e+01  1.698410e+01  0.000000e+00
   endloop
 endfacet
 facet normal -0.000000e+00  0.000000e+00 -1.000000e+00
   outer loop
     vertex -2.168051e+01  1.478152e+01  0.000000e+00
     vertex -2.239035e+01  1.368246e+01  0.000000e+00
     vertex -2.572672e+01  1.572127e+01  0.000000e+00
   endloop
 endfacet
 facet normal -0.000000e+00  0.000000e+00 -1.000000e+00
   outer loop
     vertex  1.759987e+01 -2.447993e+01  0.000000e+00
     vertex  1.635777e+01 -2.532678e+01  0.000000e+00
     vertex  1.423641e+01 -2.204228e+01  0.000000e+00
   endloop
 endfacet
 facet normal  0.000000e+00 -0.000000e+00 -1.000000e+00
   outer loop
     vertex  1.531743e+01 -2.130525e+01  0.000000e+00
     vertex  1.759987e+01 -2.447993e+01  0.000000e+00
     vertex  1.423641e+01 -2.204228e+01  0.000000e+00
   endloop
 endfacet
 facet normal  0.000000e+00  0.000000e+00 -1.000000e+00
   outer loop
     vertex -2.091676e+01  1.584383e+01  0.000000e+00
     vertex -2.491110e+01  1.698410e+01  0.000000e+00
     vertex -2.403355e+01  1.820470e+01  0.000000e+00
   endloop
 endfacet
 facet normal -0.000000e+00  0.000000e+00 -1.000000e+00
   outer loop
     vertex -2.091676e+01  1.584383e+01  0.000000e+00
     vertex -2.168051e+01  1.478152e+01  0.000000e+00
     vertex -2.491110e+01  1.698410e+01  0.000000e+00
   endloop
 endfacet
 facet normal  0.000000e+00  0.000000e+00 -1.000000e+00
   outer loop
     vertex  1.636037e+01 -2.051526e+01  0.000000e+00
     vertex  1.879822e+01 -2.357222e+01  0.000000e+00
     vertex  1.759987e+01 -2.447993e+01  0.000000e+00
   endloop
 endfacet
 facet normal  0.000000e+00 -0.000000e+00 -1.000000e+00
   outer loop
     vertex  1.636037e+01 -2.051526e+01  0.000000e+00
     vertex  1.759987e+01 -2.447993e+01  0.000000e+00
     vertex  1.531743e+01 -2.130525e+01  0.000000e+00
   endloop
 endfacet
 facet normal  0.000000e+00 -0.000000e+00 -1.000000e+00
   outer loop
     vertex -2.309624e+01  1.938005e+01  0.000000e+00
     vertex -2.091676e+01  1.584383e+01  0.000000e+00
     vertex -2.403355e+01  1.820470e+01  0.000000e+00
   endloop
 endfacet
 facet normal -0.000000e+00  0.000000e+00 -1.000000e+00
   outer loop
     vertex -2.010101e+01  1.686675e+01  0.000000e+00
     vertex -2.091676e+01  1.584383e+01  0.000000e+00
     vertex -2.309624e+01  1.938005e+01  0.000000e+00
   endloop
 endfacet
 facet normal  0.000000e+00  0.000000e+00 -1.000000e+00
   outer loop
     vertex  1.736264e+01 -1.967426e+01  0.000000e+00
     vertex  1.994983e+01 -2.260590e+01  0.000000e+00
     vertex  1.879822e+01 -2.357222e+01  0.000000e+00
   endloop
 endfacet
 facet normal  0.000000e+00 -0.000000e+00 -1.000000e+00
   outer loop
     vertex  1.736264e+01 -1.967426e+01  0.000000e+00
     vertex  1.879822e+01 -2.357222e+01  0.000000e+00
     vertex  1.636037e+01 -2.051526e+01  0.000000e+00
   endloop
 endfacet
 facet normal  0.000000e+00  0.000000e+00 -1.000000e+00
   outer loop
     vertex -1.923528e+01  1.784773e+01  0.000000e+00
     vertex -2.309624e+01  1.938005e+01  0.000000e+00
     vertex -2.210151e+01  2.050721e+01  0.000000e+00
   endloop
 endfacet
 facet normal -0.000000e+00  0.000000e+00 -1.000000e+00
   outer loop
     vertex -1.923528e+01  1.784773e+01  0.000000e+00
     vertex -2.010101e+01  1.686675e+01  0.000000e+00
     vertex -2.309624e+01  1.938005e+01  0.000000e+00
   endloop
 endfacet
 facet normal  0.000000e+00  0.000000e+00 -1.000000e+00
   outer loop
     vertex  1.832173e+01 -1.878435e+01  0.000000e+00
     vertex  2.105184e+01 -2.158339e+01  0.000000e+00
     vertex  1.994983e+01 -2.260590e+01  0.000000e+00
   endloop
 endfacet
 facet normal  0.000000e+00 -0.000000e+00 -1.000000e+00
   outer loop
     vertex  1.832173e+01 -1.878435e+01  0.000000e+00
     vertex  1.994983e+01 -2.260590e+01  0.000000e+00
     vertex  1.736264e+01 -1.967426e+01  0.000000e+00
   endloop
 endfacet
 facet normal  0.000000e+00  0.000000e+00 -1.000000e+00
   outer loop
     vertex -2.105184e+01  2.158339e+01  0.000000e+00
     vertex -1.832173e+01  1.878435e+01  0.000000e+00
     vertex -1.923528e+01  1.784773e+01  0.000000e+00
   endloop
 endfacet
 facet normal  0.000000e+00 -0.000000e+00 -1.000000e+00
   outer loop
     vertex -2.105184e+01  2.158339e+01  0.000000e+00
     vertex -1.923528e+01  1.784773e+01  0.000000e+00
     vertex -2.210151e+01  2.050721e+01  0.000000e+00
   endloop
 endfacet
 facet normal  0.000000e+00 -0.000000e+00 -1.000000e+00
   outer loop
     vertex  1.923528e+01 -1.784773e+01  0.000000e+00
     vertex  2.105184e+01 -2.158339e+01  0.000000e+00
     vertex  1.832173e+01 -1.878435e+01  0.000000e+00
   endloop
 endfacet
 facet normal -0.000000e+00  0.000000e+00 -1.000000e+00
   outer loop
     vertex  2.210151e+01 -2.050721e+01  0.000000e+00
     vertex  2.105184e+01 -2.158339e+01  0.000000e+00
     vertex  1.923528e+01 -1.784773e+01  0.000000e+00
   endloop
 endfacet
 facet normal -0.000000e+00  0.000000e+00 -1.000000e+00
   outer loop
     vertex -1.736264e+01  1.967426e+01  0.000000e+00
     vertex -1.832173e+01  1.878435e+01  0.000000e+00
     vertex -2.105184e+01  2.158339e+01  0.000000e+00
   endloop
 endfacet
 facet normal  0.000000e+00 -0.000000e+00 -1.000000e+00
   outer loop
     vertex -1.994983e+01  2.260590e+01  0.000000e+00
     vertex -1.736264e+01  1.967426e+01  0.000000e+00
     vertex -2.105184e+01  2.158339e+01  0.000000e+00
   endloop
 endfacet
 facet normal -0.000000e+00  0.000000e+00 -1.000000e+00
   outer loop
     vertex  2.309624e+01 -1.938005e+01  0.000000e+00
     vertex  2.210151e+01 -2.050721e+01  0.000000e+00
     vertex  1.923528e+01 -1.784773e+01  0.000000e+00
   endloop
 endfacet
 facet normal  0.000000e+00  0.000000e+00 -1.000000e+00
   outer loop
     vertex  2.309624e+01 -1.938005e+01  0.000000e+00
     vertex  1.923528e+01 -1.784773e+01  0.000000e+00
     vertex  2.010101e+01 -1.686675e+01  0.000000e+00
   endloop
 endfacet
 facet normal -0.000000e+00  0.000000e+00 -1.000000e+00
   outer loop
     vertex -1.636037e+01  2.051526e+01  0.000000e+00
     vertex -1.736264e+01  1.967426e+01  0.000000e+00
     vertex -1.994983e+01  2.260590e+01  0.000000e+00
   endloop
 endfacet
 facet normal  0.000000e+00 -0.000000e+00 -1.000000e+00
   outer loop
     vertex -1.879822e+01  2.357222e+01  0.000000e+00
     vertex -1.636037e+01  2.051526e+01  0.000000e+00
     vertex -1.994983e+01  2.260590e+01  0.000000e+00
   endloop
 endfacet
 facet normal  0.000000e+00 -0.000000e+00 -1.000000e+00
   outer loop
     vertex  2.091676e+01 -1.584383e+01  0.000000e+00
     vertex  2.309624e+01 -1.938005e+01  0.000000e+00
     vertex  2.010101e+01 -1.686675e+01  0.000000e+00
   endloop
 endfacet
 facet normal -0.000000e+00  0.000000e+00 -1.000000e+00
   outer loop
     vertex  2.403355e+01 -1.820470e+01  0.000000e+00
     vertex  2.309624e+01 -1.938005e+01  0.000000e+00
     vertex  2.091676e+01 -1.584383e+01  0.000000e+00
   endloop
 endfacet
 facet normal -0.000000e+00  0.000000e+00 -1.000000e+00
   outer loop
     vertex -1.531743e+01  2.130525e+01  0.000000e+00
     vertex -1.636037e+01  2.051526e+01  0.000000e+00
     vertex -1.879822e+01  2.357222e+01  0.000000e+00
   endloop
 endfacet
 facet normal  0.000000e+00 -0.000000e+00 -1.000000e+00
   outer loop
     vertex -1.759987e+01  2.447993e+01  0.000000e+00
     vertex -1.531743e+01  2.130525e+01  0.000000e+00
     vertex -1.879822e+01  2.357222e+01  0.000000e+00
   endloop
 endfacet
 facet normal  0.000000e+00 -0.000000e+00 -1.000000e+00
   outer loop
     vertex  2.168051e+01 -1.478152e+01  0.000000e+00
     vertex  2.403355e+01 -1.820470e+01  0.000000e+00
     vertex  2.091676e+01 -1.584383e+01  0.000000e+00
   endloop
 endfacet
 facet normal -0.000000e+00  0.000000e+00 -1.000000e+00
   outer loop
     vertex  2.491110e+01 -1.698410e+01  0.000000e+00
     vertex  2.403355e+01 -1.820470e+01  0.000000e+00
     vertex  2.168051e+01 -1.478152e+01  0.000000e+00
   endloop
 endfacet
 facet normal  0.000000e+00 -0.000000e+00 -1.000000e+00
   outer loop
     vertex -1.635777e+01  2.532678e+01  0.000000e+00
     vertex -1.531743e+01  2.130525e+01  0.000000e+00
     vertex -1.759987e+01  2.447993e+01  0.000000e+00
   endloop
 endfacet
 facet normal  0.000000e+00  0.000000e+00 -1.000000e+00
   outer loop
     vertex -1.635777e+01  2.532678e+01  0.000000e+00
     vertex -1.423641e+01  2.204228e+01  0.000000e+00
     vertex -1.531743e+01  2.130525e+01  0.000000e+00
   endloop
 endfacet
 facet normal -0.000000e+00  0.000000e+00 -1.000000e+00
   outer loop
     vertex  2.572672e+01 -1.572127e+01  0.000000e+00
     vertex  2.491110e+01 -1.698410e+01  0.000000e+00
     vertex  2.168051e+01 -1.478152e+01  0.000000e+00
   endloop
 endfacet
 facet normal  0.000000e+00  0.000000e+00 -1.000000e+00
   outer loop
     vertex  2.572672e+01 -1.572127e+01  0.000000e+00
     vertex  2.168051e+01 -1.478152e+01  0.000000e+00
     vertex  2.239035e+01 -1.368246e+01  0.000000e+00
   endloop
 endfacet
 facet normal  0.000000e+00 -0.000000e+00 -1.000000e+00
   outer loop
     vertex  2.304453e+01 -1.254938e+01  0.000000e+00
     vertex  2.572672e+01 -1.572127e+01  0.000000e+00
     vertex  2.239035e+01 -1.368246e+01  0.000000e+00
   endloop
 endfacet
 facet normal  0.000000e+00 -0.000000e+00 -1.000000e+00
   outer loop
     vertex -1.507500e+01  2.611067e+01  0.000000e+00
     vertex -1.423641e+01  2.204228e+01  0.000000e+00
     vertex -1.635777e+01  2.532678e+01  0.000000e+00
   endloop
 endfacet
 facet normal  0.000000e+00  0.000000e+00 -1.000000e+00
   outer loop
     vertex -1.507500e+01  2.611067e+01  0.000000e+00
     vertex -1.312000e+01  2.272451e+01  0.000000e+00
     vertex -1.423641e+01  2.204228e+01  0.000000e+00
   endloop
 endfacet
 facet normal -0.000000e+00  0.000000e+00 -1.000000e+00
   outer loop
     vertex  2.647838e+01 -1.441936e+01  0.000000e+00
     vertex  2.572672e+01 -1.572127e+01  0.000000e+00
     vertex  2.304453e+01 -1.254938e+01  0.000000e+00
   endloop
 endfacet
 facet normal  0.000000e+00 -0.000000e+00 -1.000000e+00
   outer loop
     vertex  2.364142e+01 -1.138511e+01  0.000000e+00
     vertex  2.647838e+01 -1.441936e+01  0.000000e+00
     vertex  2.304453e+01 -1.254938e+01  0.000000e+00
   endloop
 endfacet
 facet normal  0.000000e+00 -0.000000e+00 -1.000000e+00
   outer loop
     vertex -1.375475e+01  2.682964e+01  0.000000e+00
     vertex -1.312000e+01  2.272451e+01  0.000000e+00
     vertex -1.507500e+01  2.611067e+01  0.000000e+00
   endloop
 endfacet
 facet normal  0.000000e+00  0.000000e+00 -1.000000e+00
   outer loop
     vertex -1.375475e+01  2.682964e+01  0.000000e+00
     vertex -1.197097e+01  2.335024e+01  0.000000e+00
     vertex -1.312000e+01  2.272451e+01  0.000000e+00
   endloop
 endfacet
 facet normal -0.000000e+00  0.000000e+00 -1.000000e+00
   outer loop
     vertex  2.716421e+01 -1.308159e+01  0.000000e+00
     vertex  2.647838e+01 -1.441936e+01  0.000000e+00
     vertex  2.364142e+01 -1.138511e+01  0.000000e+00
   endloop
 endfacet
 facet normal  0.000000e+00 -0.000000e+00 -1.000000e+00
   outer loop
     vertex -1.240031e+01  2.748190e+01  0.000000e+00
     vertex -1.197097e+01  2.335024e+01  0.000000e+00
     vertex -1.375475e+01  2.682964e+01  0.000000e+00
   endloop
 endfacet
 facet normal  0.000000e+00  0.000000e+00 -1.000000e+00
   outer loop
     vertex -1.240031e+01  2.748190e+01  0.000000e+00
     vertex -1.079217e+01  2.391791e+01  0.000000e+00
     vertex -1.197097e+01  2.335024e+01  0.000000e+00
   endloop
 endfacet
 facet normal  0.000000e+00  0.000000e+00 -1.000000e+00
   outer loop
     vertex  2.778251e+01 -1.171131e+01  0.000000e+00
     vertex  2.364142e+01 -1.138511e+01  0.000000e+00
     vertex  2.417954e+01 -1.019253e+01  0.000000e+00
   endloop
 endfacet
 facet normal -0.000000e+00  0.000000e+00 -1.000000e+00
   outer loop
     vertex  2.778251e+01 -1.171131e+01  0.000000e+00
     vertex  2.716421e+01 -1.308159e+01  0.000000e+00
     vertex  2.364142e+01 -1.138511e+01  0.000000e+00
   endloop
 endfacet
 facet normal  0.000000e+00  0.000000e+00 -1.000000e+00
   outer loop
     vertex -1.101503e+01  2.806584e+01  0.000000e+00
     vertex -9.586548e+00  2.442613e+01  0.000000e+00
     vertex -1.079217e+01  2.391791e+01  0.000000e+00
   endloop
 endfacet
 facet normal  0.000000e+00 -0.000000e+00 -1.000000e+00
   outer loop
     vertex -1.101503e+01  2.806584e+01  0.000000e+00
     vertex -1.079217e+01  2.391791e+01  0.000000e+00
     vertex -1.240031e+01  2.748190e+01  0.000000e+00
   endloop
 endfacet
 facet normal  0.000000e+00  0.000000e+00 -1.000000e+00
   outer loop
     vertex  2.833173e+01 -1.031191e+01  0.000000e+00
     vertex  2.417954e+01 -1.019253e+01  0.000000e+00
     vertex  2.465753e+01 -8.974609e+00  0.000000e+00
   endloop
 endfacet
 facet normal -0.000000e+00  0.000000e+00 -1.000000e+00
   outer loop
     vertex  2.833173e+01 -1.031191e+01  0.000000e+00
     vertex  2.778251e+01 -1.171131e+01  0.000000e+00
     vertex  2.417954e+01 -1.019253e+01  0.000000e+00
   endloop
 endfacet
 facet normal  0.000000e+00  0.000000e+00 -1.000000e+00
   outer loop
     vertex -9.602373e+00  2.858001e+01  0.000000e+00
     vertex -8.357090e+00  2.487361e+01  0.000000e+00
     vertex -9.586548e+00  2.442613e+01  0.000000e+00
   endloop
 endfacet
 facet normal  0.000000e+00 -0.000000e+00 -1.000000e+00
   outer loop
     vertex -9.602373e+00  2.858001e+01  0.000000e+00
     vertex -9.586548e+00  2.442613e+01  0.000000e+00
     vertex -1.101503e+01  2.806584e+01  0.000000e+00
   endloop
 endfacet
 facet normal -0.000000e+00  0.000000e+00 -1.000000e+00
   outer loop
     vertex  2.881052e+01 -8.886869e+00  0.000000e+00
     vertex  2.465753e+01 -8.974609e+00  0.000000e+00
     vertex  2.507423e+01 -7.734376e+00  0.000000e+00
   endloop
 endfacet
 facet normal  0.000000e+00  0.000000e+00 -1.000000e+00
   outer loop
     vertex  2.881052e+01 -8.886869e+00  0.000000e+00
     vertex  2.833173e+01 -1.031191e+01  0.000000e+00
     vertex  2.465753e+01 -8.974609e+00  0.000000e+00
   endloop
 endfacet
 facet normal  0.000000e+00 -0.000000e+00 -1.000000e+00
   outer loop
     vertex -8.165840e+00  2.902312e+01  0.000000e+00
     vertex -7.106854e+00  2.525926e+01  0.000000e+00
     vertex -8.357090e+00  2.487361e+01  0.000000e+00
   endloop
 endfacet
 facet normal  0.000000e+00  0.000000e+00 -1.000000e+00
   outer loop
     vertex -8.165840e+00  2.902312e+01  0.000000e+00
     vertex -8.357090e+00  2.487361e+01  0.000000e+00
     vertex -9.602373e+00  2.858001e+01  0.000000e+00
   endloop
 endfacet
 facet normal -0.000000e+00  0.000000e+00 -1.000000e+00
   outer loop
     vertex  2.921768e+01 -7.439736e+00  0.000000e+00
     vertex  2.507423e+01 -7.734376e+00  0.000000e+00
     vertex  2.542859e+01 -6.474914e+00  0.000000e+00
   endloop
 endfacet
 facet normal  0.000000e+00  0.000000e+00 -1.000000e+00
   outer loop
     vertex  2.921768e+01 -7.439736e+00  0.000000e+00
     vertex  2.881052e+01 -8.886869e+00  0.000000e+00
     vertex  2.507423e+01 -7.734376e+00  0.000000e+00
   endloop
 endfacet
 facet normal  0.000000e+00 -0.000000e+00 -1.000000e+00
   outer loop
     vertex -6.709006e+00  2.939408e+01  0.000000e+00
     vertex -5.838949e+00  2.558211e+01  0.000000e+00
     vertex -7.106854e+00  2.525926e+01  0.000000e+00
   endloop
 endfacet
 facet normal  0.000000e+00  0.000000e+00 -1.000000e+00
   outer loop
     vertex -6.709006e+00  2.939408e+01  0.000000e+00
     vertex -7.106854e+00  2.525926e+01  0.000000e+00
     vertex -8.165840e+00  2.902312e+01  0.000000e+00
   endloop
 endfacet
 facet normal -0.000000e+00  0.000000e+00 -1.000000e+00
   outer loop
     vertex  2.955220e+01 -5.974106e+00  0.000000e+00
     vertex  2.542859e+01 -6.474914e+00  0.000000e+00
     vertex  2.571973e+01 -5.199355e+00  0.000000e+00
   endloop
 endfacet
 facet normal  0.000000e+00  0.000000e+00 -1.000000e+00
   outer loop
     vertex  2.955220e+01 -5.974106e+00  0.000000e+00
     vertex  2.921768e+01 -7.439736e+00  0.000000e+00
     vertex  2.542859e+01 -6.474914e+00  0.000000e+00
   endloop
 endfacet
 facet normal  0.000000e+00  0.000000e+00 -1.000000e+00
   outer loop
     vertex -5.235493e+00  2.969195e+01  0.000000e+00
     vertex -3.262779e+00  2.603636e+01  0.000000e+00
     vertex -4.556528e+00  2.584136e+01  0.000000e+00
   endloop
 endfacet
 facet normal  0.000000e+00 -0.000000e+00 -1.000000e+00
   outer loop
     vertex -5.235493e+00  2.969195e+01  0.000000e+00
     vertex -4.556528e+00  2.584136e+01  0.000000e+00
     vertex -5.838949e+00  2.558211e+01  0.000000e+00
   endloop
 endfacet
 facet normal  0.000000e+00  0.000000e+00 -1.000000e+00
   outer loop
     vertex -5.235493e+00  2.969195e+01  0.000000e+00
     vertex -5.838949e+00  2.558211e+01  0.000000e+00
     vertex -6.709006e+00  2.939408e+01  0.000000e+00
   endloop
 endfacet
 facet normal -0.000000e+00  0.000000e+00 -1.000000e+00
   outer loop
     vertex  2.981325e+01 -4.493624e+00  0.000000e+00
     vertex  2.571973e+01 -5.199355e+00  0.000000e+00
     vertex  2.594692e+01 -3.910869e+00  0.000000e+00
   endloop
 endfacet
 facet normal  0.000000e+00  0.000000e+00 -1.000000e+00
   outer loop
     vertex  2.981325e+01 -4.493624e+00  0.000000e+00
     vertex  2.955220e+01 -5.974106e+00  0.000000e+00
     vertex  2.571973e+01 -5.199355e+00  0.000000e+00
   endloop
 endfacet
 facet normal  0.000000e+00 -0.000000e+00 -1.000000e+00
   outer loop
     vertex -3.748963e+00  2.991601e+01  0.000000e+00
     vertex -3.262779e+00  2.603636e+01  0.000000e+00
     vertex -5.235493e+00  2.969195e+01  0.000000e+00
   endloop
 endfacet
 facet normal  0.000000e+00  0.000000e+00 -1.000000e+00
   outer loop
     vertex  3.000018e+01 -3.001971e+00  0.000000e+00
     vertex  2.981325e+01 -4.493624e+00  0.000000e+00
     vertex  2.594692e+01 -3.910869e+00  0.000000e+00
   endloop
 endfacet
 facet normal -0.000000e+00  0.000000e+00 -1.000000e+00
   outer loop
     vertex  3.000018e+01 -3.001971e+00  0.000000e+00
     vertex  2.594692e+01 -3.910869e+00  0.000000e+00
     vertex  2.610961e+01 -2.612660e+00  0.000000e+00
   endloop
 endfacet
 facet normal  0.000000e+00  0.000000e+00 -1.000000e+00
   outer loop
     vertex -2.253112e+00  3.006569e+01  0.000000e+00
     vertex -3.262779e+00  2.603636e+01  0.000000e+00
     vertex -3.748963e+00  2.991601e+01  0.000000e+00
   endloop
 endfacet
 facet normal  0.000000e+00 -0.000000e+00 -1.000000e+00
   outer loop
     vertex -2.253112e+00  3.006569e+01  0.000000e+00
     vertex -1.960918e+00  2.616663e+01  0.000000e+00
     vertex -3.262779e+00  2.603636e+01  0.000000e+00
   endloop
 endfacet
 facet normal  0.000000e+00  0.000000e+00 -1.000000e+00
   outer loop
     vertex  3.011252e+01 -1.502853e+00  0.000000e+00
     vertex  3.000018e+01 -3.001971e+00  0.000000e+00
     vertex  2.610961e+01 -2.612660e+00  0.000000e+00
   endloop
 endfacet
 facet normal -0.000000e+00  0.000000e+00 -1.000000e+00
   outer loop
     vertex  3.011252e+01 -1.502853e+00  0.000000e+00
     vertex  2.610961e+01 -2.612660e+00  0.000000e+00
     vertex  2.620738e+01 -1.307956e+00  0.000000e+00
   endloop
 endfacet
 facet normal  0.000000e+00  0.000000e+00 -1.000000e+00
   outer loop
     vertex -7.516604e-01  3.014063e+01  0.000000e+00
     vertex -1.960918e+00  2.616663e+01  0.000000e+00
     vertex -2.253112e+00  3.006569e+01  0.000000e+00
   endloop
 endfacet
 facet normal  0.000000e+00 -0.000000e+00 -1.000000e+00
   outer loop
     vertex -7.516604e-01  3.014063e+01  0.000000e+00
     vertex -6.541814e-01  2.623184e+01  0.000000e+00
     vertex -1.960918e+00  2.616663e+01  0.000000e+00
   endloop
 endfacet
 facet normal  0.000000e+00  0.000000e+00 -1.000000e+00
   outer loop
     vertex  3.015000e+01  0.000000e+00  0.000000e+00
     vertex  3.011252e+01 -1.502853e+00  0.000000e+00
     vertex  2.620738e+01 -1.307956e+00  0.000000e+00
   endloop
 endfacet
 facet normal -0.000000e+00  0.000000e+00 -1.000000e+00
   outer loop
     vertex  3.015000e+01  0.000000e+00  0.000000e+00
     vertex  2.620738e+01 -1.307956e+00  0.000000e+00
     vertex  2.624000e+01  0.000000e+00  0.000000e+00
   endloop
 endfacet
 facet normal -0.000000e+00  0.000000e+00 -1.000000e+00
   outer loop
     vertex  7.516604e-01  3.014063e+01  0.000000e+00
     vertex -6.541814e-01  2.623184e+01  0.000000e+00
     vertex -7.516604e-01  3.014063e+01  0.000000e+00
   endloop
 endfacet
 facet normal  0.000000e+00  0.000000e+00 -1.000000e+00
   outer loop
     vertex  7.516604e-01  3.014063e+01  0.000000e+00
     vertex  6.541814e-01  2.623184e+01  0.000000e+00
     vertex -6.541814e-01  2.623184e+01  0.000000e+00
   endloop
 endfacet
 facet normal  0.000000e+00 -0.000000e+00 -1.000000e+00
   outer loop
     vertex  3.011252e+01  1.502853e+00  0.000000e+00
     vertex  3.015000e+01  0.000000e+00  0.000000e+00
     vertex  2.624000e+01  0.000000e+00  0.000000e+00
   endloop
 endfacet
 facet normal  0.000000e+00  0.000000e+00 -1.000000e+00
   outer loop
     vertex  3.011252e+01  1.502853e+00  0.000000e+00
     vertex  2.624000e+01  0.000000e+00  0.000000e+00
     vertex  2.620738e+01  1.307956e+00  0.000000e+00
   endloop
 endfacet
 facet normal -0.000000e+00  0.000000e+00 -1.000000e+00
   outer loop
     vertex  2.253112e+00  3.006569e+01  0.000000e+00
     vertex  6.541814e-01  2.623184e+01  0.000000e+00
     vertex  7.516604e-01  3.014063e+01  0.000000e+00
   endloop
 endfacet
 facet normal  0.000000e+00 -0.000000e+00 -1.000000e+00
   outer loop
     vertex  2.253112e+00  3.006569e+01  0.000000e+00
     vertex  3.262779e+00  2.603636e+01  0.000000e+00
     vertex  1.960918e+00  2.616663e+01  0.000000e+00
   endloop
 endfacet
 facet normal  0.000000e+00  0.000000e+00 -1.000000e+00
   outer loop
     vertex  2.253112e+00  3.006569e+01  0.000000e+00
     vertex  1.960918e+00  2.616663e+01  0.000000e+00
     vertex  6.541814e-01  2.623184e+01  0.000000e+00
   endloop
 endfacet
 facet normal  0.000000e+00 -0.000000e+00 -1.000000e+00
   outer loop
     vertex  3.000018e+01  3.001971e+00  0.000000e+00
     vertex  3.011252e+01  1.502853e+00  0.000000e+00
     vertex  2.620738e+01  1.307956e+00  0.000000e+00
   endloop
 endfacet
 facet normal  0.000000e+00  0.000000e+00 -1.000000e+00
   outer loop
     vertex  3.000018e+01  3.001971e+00  0.000000e+00
     vertex  2.620738e+01  1.307956e+00  0.000000e+00
     vertex  2.610961e+01  2.612660e+00  0.000000e+00
   endloop
 endfacet
 facet normal -0.000000e+00  0.000000e+00 -1.000000e+00
   outer loop
     vertex  3.000018e+01  3.001971e+00  0.000000e+00
     vertex  2.610961e+01  2.612660e+00  0.000000e+00
     vertex  2.594692e+01  3.910869e+00  0.000000e+00
   endloop
 endfacet
 facet normal -0.000000e+00  0.000000e+00 -1.000000e+00
   outer loop
     vertex  3.748963e+00  2.991601e+01  0.000000e+00
     vertex  3.262779e+00  2.603636e+01  0.000000e+00
     vertex  2.253112e+00  3.006569e+01  0.000000e+00
   endloop
 endfacet
 facet normal  0.000000e+00 -0.000000e+00 -1.000000e+00
   outer loop
     vertex  2.981325e+01  4.493624e+00  0.000000e+00
     vertex  3.000018e+01  3.001971e+00  0.000000e+00
     vertex  2.594692e+01  3.910869e+00  0.000000e+00
   endloop
 endfacet
 facet normal  0.000000e+00  0.000000e+00 -1.000000e+00
   outer loop
     vertex  5.235493e+00  2.969195e+01  0.000000e+00
     vertex  4.556528e+00  2.584136e+01  0.000000e+00
     vertex  3.262779e+00  2.603636e+01  0.000000e+00
   endloop
 endfacet
 facet normal -0.000000e+00  0.000000e+00 -1.000000e+00
   outer loop
     vertex  5.235493e+00  2.969195e+01  0.000000e+00
     vertex  3.262779e+00  2.603636e+01  0.000000e+00
     vertex  3.748963e+00  2.991601e+01  0.000000e+00
   endloop
 endfacet
 facet normal  0.000000e+00  0.000000e+00 -1.000000e+00
   outer loop
     vertex  2.955220e+01  5.974106e+00  0.000000e+00
     vertex  2.594692e+01  3.910869e+00  0.000000e+00
     vertex  2.571973e+01  5.199355e+00  0.000000e+00
   endloop
 endfacet
 facet normal  0.000000e+00 -0.000000e+00 -1.000000e+00
   outer loop
     vertex  2.955220e+01  5.974106e+00  0.000000e+00
     vertex  2.981325e+01  4.493624e+00  0.000000e+00
     vertex  2.594692e+01  3.910869e+00  0.000000e+00
   endloop
 endfacet
 facet normal  0.000000e+00  0.000000e+00 -1.000000e+00
   outer loop
     vertex  6.709006e+00  2.939408e+01  0.000000e+00
     vertex  5.838949e+00  2.558211e+01  0.000000e+00
     vertex  4.556528e+00  2.584136e+01  0.000000e+00
   endloop
 endfacet
 facet normal -0.000000e+00  0.000000e+00 -1.000000e+00
   outer loop
     vertex  6.709006e+00  2.939408e+01  0.000000e+00
     vertex  4.556528e+00  2.584136e+01  0.000000e+00
     vertex  5.235493e+00  2.969195e+01  0.000000e+00
   endloop
 endfacet
 facet normal  0.000000e+00  0.000000e+00 -1.000000e+00
   outer loop
     vertex  2.921768e+01  7.439736e+00  0.000000e+00
     vertex  2.571973e+01  5.199355e+00  0.000000e+00
     vertex  2.542859e+01  6.474914e+00  0.000000e+00
   endloop
 endfacet
 facet normal -0.000000e+00  0.000000e+00 -1.000000e+00
   outer loop
     vertex  2.921768e+01  7.439736e+00  0.000000e+00
     vertex  2.542859e+01  6.474914e+00  0.000000e+00
     vertex  2.507423e+01  7.734376e+00  0.000000e+00
   endloop
 endfacet
 facet normal  0.000000e+00 -0.000000e+00 -1.000000e+00
   outer loop
     vertex  2.921768e+01  7.439736e+00  0.000000e+00
     vertex  2.955220e+01  5.974106e+00  0.000000e+00
     vertex  2.571973e+01  5.199355e+00  0.000000e+00
   endloop
 endfacet
 facet normal -0.000000e+00  0.000000e+00 -1.000000e+00
   outer loop
     vertex  8.165840e+00  2.902312e+01  0.000000e+00
     vertex  5.838949e+00  2.558211e+01  0.000000e+00
     vertex  6.709006e+00  2.939408e+01  0.000000e+00
   endloop
 endfacet
 facet normal  0.000000e+00  0.000000e+00 -1.000000e+00
   outer loop
     vertex  8.165840e+00  2.902312e+01  0.000000e+00
     vertex  7.106854e+00  2.525926e+01  0.000000e+00
     vertex  5.838949e+00  2.558211e+01  0.000000e+00
   endloop
 endfacet
 facet normal  0.000000e+00 -0.000000e+00 -1.000000e+00
   outer loop
     vertex  2.881052e+01  8.886869e+00  0.000000e+00
     vertex  2.921768e+01  7.439736e+00  0.000000e+00
     vertex  2.507423e+01  7.734376e+00  0.000000e+00
   endloop
 endfacet
 facet normal -0.000000e+00  0.000000e+00 -1.000000e+00
   outer loop
     vertex  9.602373e+00  2.858001e+01  0.000000e+00
     vertex  7.106854e+00  2.525926e+01  0.000000e+00
     vertex  8.165840e+00  2.902312e+01  0.000000e+00
   endloop
 endfacet
 facet normal  0.000000e+00  0.000000e+00 -1.000000e+00
   outer loop
     vertex  9.602373e+00  2.858001e+01  0.000000e+00
     vertex  8.357090e+00  2.487361e+01  0.000000e+00
     vertex  7.106854e+00  2.525926e+01  0.000000e+00
   endloop
 endfacet
 facet normal  0.000000e+00  0.000000e+00 -1.000000e+00
   outer loop
     vertex  2.833173e+01  1.031191e+01  0.000000e+00
     vertex  2.507423e+01  7.734376e+00  0.000000e+00
     vertex  2.465753e+01  8.974609e+00  0.000000e+00
   endloop
 endfacet
 facet normal  0.000000e+00 -0.000000e+00 -1.000000e+00
   outer loop
     vertex  2.833173e+01  1.031191e+01  0.000000e+00
     vertex  2.881052e+01  8.886869e+00  0.000000e+00
     vertex  2.507423e+01  7.734376e+00  0.000000e+00
   endloop
 endfacet
 facet normal -0.000000e+00  0.000000e+00 -1.000000e+00
   outer loop
     vertex  1.101503e+01  2.806584e+01  0.000000e+00
     vertex  8.357090e+00  2.487361e+01  0.000000e+00
     vertex  9.602373e+00  2.858001e+01  0.000000e+00
   endloop
 endfacet
 facet normal  0.000000e+00  0.000000e+00 -1.000000e+00
   outer loop
     vertex  1.101503e+01  2.806584e+01  0.000000e+00
     vertex  9.586548e+00  2.442613e+01  0.000000e+00
     vertex  8.357090e+00  2.487361e+01  0.000000e+00
   endloop
 endfacet
 facet normal  0.000000e+00 -0.000000e+00 -1.000000e+00
   outer loop
     vertex  2.778251e+01  1.171131e+01  0.000000e+00
     vertex  2.833173e+01  1.031191e+01  0.000000e+00
     vertex  2.465753e+01  8.974609e+00  0.000000e+00
   endloop
 endfacet
 facet normal  0.000000e+00  0.000000e+00 -1.000000e+00
   outer loop
     vertex  2.778251e+01  1.171131e+01  0.000000e+00
     vertex  2.465753e+01  8.974609e+00  0.000000e+00
     vertex  2.417954e+01  1.019253e+01  0.000000e+00
   endloop
 endfacet
 facet normal -0.000000e+00  0.000000e+00 -1.000000e+00
   outer loop
     vertex  1.240031e+01  2.748190e+01  0.000000e+00
     vertex  9.586548e+00  2.442613e+01  0.000000e+00
     vertex  1.101503e+01  2.806584e+01  0.000000e+00
   endloop
 endfacet
 facet normal  0.000000e+00  0.000000e+00 -1.000000e+00
   outer loop
     vertex  1.240031e+01  2.748190e+01  0.000000e+00
     vertex  1.079217e+01  2.391791e+01  0.000000e+00
     vertex  9.586548e+00  2.442613e+01  0.000000e+00
   endloop
 endfacet
 facet normal  0.000000e+00 -0.000000e+00 -1.000000e+00
   outer loop
     vertex  2.716421e+01  1.308159e+01  0.000000e+00
     vertex  2.778251e+01  1.171131e+01  0.000000e+00
     vertex  2.417954e+01  1.019253e+01  0.000000e+00
   endloop
 endfacet
 facet normal  0.000000e+00  0.000000e+00 -1.000000e+00
   outer loop
     vertex  2.716421e+01  1.308159e+01  0.000000e+00
     vertex  2.417954e+01  1.019253e+01  0.000000e+00
     vertex  2.364142e+01  1.138511e+01  0.000000e+00
   endloop
 endfacet
 facet normal -0.000000e+00  0.000000e+00 -1.000000e+00
   outer loop
     vertex  1.375475e+01  2.682964e+01  0.000000e+00
     vertex  1.079217e+01  2.391791e+01  0.000000e+00
     vertex  1.240031e+01  2.748190e+01  0.000000e+00
   endloop
 endfacet
 facet normal  0.000000e+00  0.000000e+00 -1.000000e+00
   outer loop
     vertex  1.375475e+01  2.682964e+01  0.000000e+00
     vertex  1.197097e+01  2.335024e+01  0.000000e+00
     vertex  1.079217e+01  2.391791e+01  0.000000e+00
   endloop
 endfacet
 facet normal  0.000000e+00  0.000000e+00 -1.000000e+00
   outer loop
     vertex  2.647838e+01  1.441936e+01  0.000000e+00
     vertex  2.364142e+01  1.138511e+01  0.000000e+00
     vertex  2.304453e+01  1.254938e+01  0.000000e+00
   endloop
 endfacet
 facet normal  0.000000e+00 -0.000000e+00 -1.000000e+00
   outer loop
     vertex  2.647838e+01  1.441936e+01  0.000000e+00
     vertex  2.716421e+01  1.308159e+01  0.000000e+00
     vertex  2.364142e+01  1.138511e+01  0.000000e+00
   endloop
 endfacet
 facet normal -0.000000e+00  0.000000e+00 -1.000000e+00
   outer loop
     vertex  1.507500e+01  2.611067e+01  0.000000e+00
     vertex  1.197097e+01  2.335024e+01  0.000000e+00
     vertex  1.375475e+01  2.682964e+01  0.000000e+00
   endloop
 endfacet
 facet normal  0.000000e+00  0.000000e+00 -1.000000e+00
   outer loop
     vertex  1.507500e+01  2.611067e+01  0.000000e+00
     vertex  1.423641e+01  2.204228e+01  0.000000e+00
     vertex  1.312000e+01  2.272451e+01  0.000000e+00
   endloop
 endfacet
 facet normal  0.000000e+00  0.000000e+00 -1.000000e+00
   outer loop
     vertex  1.507500e+01  2.611067e+01  0.000000e+00
     vertex  1.312000e+01  2.272451e+01  0.000000e+00
     vertex  1.197097e+01  2.335024e+01  0.000000e+00
   endloop
 endfacet
 facet normal  0.000000e+00 -0.000000e+00 -1.000000e+00
   outer loop
     vertex  2.572672e+01  1.572127e+01  0.000000e+00
     vertex  2.647838e+01  1.441936e+01  0.000000e+00
     vertex  2.304453e+01  1.254938e+01  0.000000e+00
   endloop
 endfacet
 facet normal  0.000000e+00  0.000000e+00 -1.000000e+00
   outer loop
     vertex  2.572672e+01  1.572127e+01  0.000000e+00
     vertex  2.304453e+01  1.254938e+01  0.000000e+00
     vertex  2.239035e+01  1.368246e+01  0.000000e+00
   endloop
 endfacet
 facet normal -0.000000e+00  0.000000e+00 -1.000000e+00
   outer loop
     vertex  1.635777e+01  2.532678e+01  0.000000e+00
     vertex  1.423641e+01  2.204228e+01  0.000000e+00
     vertex  1.507500e+01  2.611067e+01  0.000000e+00
   endloop
 endfacet
 facet normal  0.000000e+00 -0.000000e+00 -1.000000e+00
   outer loop
     vertex  2.491110e+01  1.698410e+01  0.000000e+00
     vertex  2.572672e+01  1.572127e+01  0.000000e+00
     vertex  2.239035e+01  1.368246e+01  0.000000e+00
   endloop
 endfacet
 facet normal  0.000000e+00  0.000000e+00 -1.000000e+00
   outer loop
     vertex  2.491110e+01  1.698410e+01  0.000000e+00
     vertex  2.239035e+01  1.368246e+01  0.000000e+00
     vertex  2.168051e+01  1.478152e+01  0.000000e+00
   endloop
 endfacet
 facet normal -0.000000e+00  0.000000e+00 -1.000000e+00
   outer loop
     vertex  1.759987e+01  2.447993e+01  0.000000e+00
     vertex  1.423641e+01  2.204228e+01  0.000000e+00
     vertex  1.635777e+01  2.532678e+01  0.000000e+00
   endloop
 endfacet
 facet normal  0.000000e+00  0.000000e+00 -1.000000e+00
   outer loop
     vertex  1.759987e+01  2.447993e+01  0.000000e+00
     vertex  1.531743e+01  2.130525e+01  0.000000e+00
     vertex  1.423641e+01  2.204228e+01  0.000000e+00
   endloop
 endfacet
 facet normal  0.000000e+00  0.000000e+00 -1.000000e+00
   outer loop
     vertex  2.403355e+01  1.820470e+01  0.000000e+00
     vertex  2.168051e+01  1.478152e+01  0.000000e+00
     vertex  2.091676e+01  1.584383e+01  0.000000e+00
   endloop
 endfacet
 facet normal  0.000000e+00 -0.000000e+00 -1.000000e+00
   outer loop
     vertex  2.403355e+01  1.820470e+01  0.000000e+00
     vertex  2.491110e+01  1.698410e+01  0.000000e+00
     vertex  2.168051e+01  1.478152e+01  0.000000e+00
   endloop
 endfacet
 facet normal -0.000000e+00  0.000000e+00 -1.000000e+00
   outer loop
     vertex  1.879822e+01  2.357222e+01  0.000000e+00
     vertex  1.531743e+01  2.130525e+01  0.000000e+00
     vertex  1.759987e+01  2.447993e+01  0.000000e+00
   endloop
 endfacet
 facet normal  0.000000e+00  0.000000e+00 -1.000000e+00
   outer loop
     vertex  1.879822e+01  2.357222e+01  0.000000e+00
     vertex  1.636037e+01  2.051526e+01  0.000000e+00
     vertex  1.531743e+01  2.130525e+01  0.000000e+00
   endloop
 endfacet
 facet normal  0.000000e+00 -0.000000e+00 -1.000000e+00
   outer loop
     vertex  2.309624e+01  1.938005e+01  0.000000e+00
     vertex  2.403355e+01  1.820470e+01  0.000000e+00
     vertex  2.091676e+01  1.584383e+01  0.000000e+00
   endloop
 endfacet
 facet normal  0.000000e+00  0.000000e+00 -1.000000e+00
   outer loop
     vertex  2.309624e+01  1.938005e+01  0.000000e+00
     vertex  2.091676e+01  1.584383e+01  0.000000e+00
     vertex  2.010101e+01  1.686675e+01  0.000000e+00
   endloop
 endfacet
 facet normal  0.000000e+00  0.000000e+00 -1.000000e+00
   outer loop
     vertex  1.994983e+01  2.260590e+01  0.000000e+00
     vertex  1.736264e+01  1.967426e+01  0.000000e+00
     vertex  1.636037e+01  2.051526e+01  0.000000e+00
   endloop
 endfacet
 facet normal -0.000000e+00  0.000000e+00 -1.000000e+00
   outer loop
     vertex  1.994983e+01  2.260590e+01  0.000000e+00
     vertex  1.636037e+01  2.051526e+01  0.000000e+00
     vertex  1.879822e+01  2.357222e+01  0.000000e+00
   endloop
 endfacet
 facet normal  0.000000e+00  0.000000e+00 -1.000000e+00
   outer loop
     vertex  2.210151e+01  2.050721e+01  0.000000e+00
     vertex  2.010101e+01  1.686675e+01  0.000000e+00
     vertex  1.923528e+01  1.784773e+01  0.000000e+00
   endloop
 endfacet
 facet normal  0.000000e+00  0.000000e+00 -1.000000e+00
   outer loop
     vertex  2.210151e+01  2.050721e+01  0.000000e+00
     vertex  1.923528e+01  1.784773e+01  0.000000e+00
     vertex  1.832173e+01  1.878435e+01  0.000000e+00
   endloop
 endfacet
 facet normal  0.000000e+00 -0.000000e+00 -1.000000e+00
   outer loop
     vertex  2.210151e+01  2.050721e+01  0.000000e+00
     vertex  2.309624e+01  1.938005e+01  0.000000e+00
     vertex  2.010101e+01  1.686675e+01  0.000000e+00
   endloop
 endfacet
 facet normal  0.000000e+00  0.000000e+00 -1.000000e+00
   outer loop
     vertex  2.105184e+01  2.158339e+01  0.000000e+00
     vertex  1.832173e+01  1.878435e+01  0.000000e+00
     vertex  1.736264e+01  1.967426e+01  0.000000e+00
   endloop
 endfacet
 facet normal -0.000000e+00  0.000000e+00 -1.000000e+00
   outer loop
     vertex  2.105184e+01  2.158339e+01  0.000000e+00
     vertex  1.736264e+01  1.967426e+01  0.000000e+00
     vertex  1.994983e+01  2.260590e+01  0.000000e+00
   endloop
 endfacet
 facet normal  0.000000e+00 -0.000000e+00 -1.000000e+00
   outer loop
     vertex  2.105184e+01  2.158339e+01  0.000000e+00
     vertex  2.210151e+01  2.050721e+01  0.000000e+00
     vertex  1.832173e+01  1.878435e+01  0.000000e+00
   endloop
 endfacet
 facet normal  0.000000e+00  0.000000e+00  1.000000e+00
   outer loop
     vertex -1.923528e+01 -1.784773e+01  3.000000e+02
     vertex -2.105184e+01 -2.158339e+01  3.000000e+02
     vertex -1.832173e+01 -1.878435e+01  3.000000e+02
   endloop
 endfacet
 facet normal  0.000000e+00  0.000000e+00  1.000000e+00
   outer loop
     vertex -1.923528e+01 -1.784773e+01  3.000000e+02
     vertex -2.210151e+01 -2.050721e+01  3.000000e+02
     vertex -2.105184e+01 -2.158339e+01  3.000000e+02
   endloop
 endfacet
 facet normal  0.000000e+00  0.000000e+00  1.000000e+00
   outer loop
     vertex -1.736264e+01 -1.967426e+01  3.000000e+02
     vertex -1.832173e+01 -1.878435e+01  3.000000e+02
     vertex -2.105184e+01 -2.158339e+01  3.000000e+02
   endloop
 endfacet
 facet normal  0.000000e+00  0.000000e+00  1.000000e+00
   outer loop
     vertex -1.736264e+01 -1.967426e+01  3.000000e+02
     vertex -2.105184e+01 -2.158339e+01  3.000000e+02
     vertex -1.994983e+01 -2.260590e+01  3.000000e+02
   endloop
 endfacet
 facet normal  0.000000e+00  0.000000e+00  1.000000e+00
   outer loop
     vertex -1.736264e+01 -1.967426e+01  3.000000e+02
     vertex -1.994983e+01 -2.260590e+01  3.000000e+02
     vertex -1.879822e+01 -2.357222e+01  3.000000e+02
   endloop
 endfacet
 facet normal  0.000000e+00  0.000000e+00  1.000000e+00
   outer loop
     vertex -2.010101e+01 -1.686675e+01  3.000000e+02
     vertex -2.210151e+01 -2.050721e+01  3.000000e+02
     vertex -1.923528e+01 -1.784773e+01  3.000000e+02
   endloop
 endfacet
 facet normal  0.000000e+00  0.000000e+00  1.000000e+00
   outer loop
     vertex -2.010101e+01 -1.686675e+01  3.000000e+02
     vertex -2.309624e+01 -1.938005e+01  3.000000e+02
     vertex -2.210151e+01 -2.050721e+01  3.000000e+02
   endloop
 endfacet
 facet normal  0.000000e+00  0.000000e+00  1.000000e+00
   outer loop
     vertex -1.636037e+01 -2.051526e+01  3.000000e+02
     vertex -1.736264e+01 -1.967426e+01  3.000000e+02
     vertex -1.879822e+01 -2.357222e+01  3.000000e+02
   endloop
 endfacet
 facet normal  0.000000e+00  0.000000e+00  1.000000e+00
   outer loop
     vertex -2.091676e+01 -1.584383e+01  3.000000e+02
     vertex -2.309624e+01 -1.938005e+01  3.000000e+02
     vertex -2.010101e+01 -1.686675e+01  3.000000e+02
   endloop
 endfacet
 facet normal  0.000000e+00  0.000000e+00  1.000000e+00
   outer loop
     vertex -2.091676e+01 -1.584383e+01  3.000000e+02
     vertex -2.491110e+01 -1.698410e+01  3.000000e+02
     vertex -2.403355e+01 -1.820470e+01  3.000000e+02
   endloop
 endfacet
 facet normal  0.000000e+00  0.000000e+00  1.000000e+00
   outer loop
     vertex -2.091676e+01 -1.584383e+01  3.000000e+02
     vertex -2.403355e+01 -1.820470e+01  3.000000e+02
     vertex -2.309624e+01 -1.938005e+01  3.000000e+02
   endloop
 endfacet
 facet normal  0.000000e+00  0.000000e+00  1.000000e+00
   outer loop
     vertex -1.531743e+01 -2.130525e+01  3.000000e+02
     vertex -1.636037e+01 -2.051526e+01  3.000000e+02
     vertex -1.879822e+01 -2.357222e+01  3.000000e+02
   endloop
 endfacet
 facet normal  0.000000e+00  0.000000e+00  1.000000e+00
   outer loop
     vertex -1.531743e+01 -2.130525e+01  3.000000e+02
     vertex -1.879822e+01 -2.357222e+01  3.000000e+02
     vertex -1.759987e+01 -2.447993e+01  3.000000e+02
   endloop
 endfacet
 facet normal  0.000000e+00  0.000000e+00  1.000000e+00
   outer loop
     vertex -2.168051e+01 -1.478152e+01  3.000000e+02
     vertex -2.491110e+01 -1.698410e+01  3.000000e+02
     vertex -2.091676e+01 -1.584383e+01  3.000000e+02
   endloop
 endfacet
 facet normal  0.000000e+00  0.000000e+00  1.000000e+00
   outer loop
     vertex -1.423641e+01 -2.204228e+01  3.000000e+02
     vertex -1.531743e+01 -2.130525e+01  3.000000e+02
     vertex -1.759987e+01 -2.447993e+01  3.000000e+02
   endloop
 endfacet
 facet normal  0.000000e+00  0.000000e+00  1.000000e+00
   outer loop
     vertex -1.423641e+01 -2.204228e+01  3.000000e+02
     vertex -1.759987e+01 -2.447993e+01  3.000000e+02
     vertex -1.635777e+01 -2.532678e+01  3.000000e+02
   endloop
 endfacet
 facet normal  0.000000e+00  0.000000e+00  1.000000e+00
   outer loop
     vertex -2.239035e+01 -1.368246e+01  3.000000e+02
     vertex -2.572672e+01 -1.572127e+01  3.000000e+02
     vertex -2.491110e+01 -1.698410e+01  3.000000e+02
   endloop
 endfacet
 facet normal  0.000000e+00  0.000000e+00  1.000000e+00
   outer loop
     vertex -2.239035e+01 -1.368246e+01  3.000000e+02
     vertex -2.491110e+01 -1.698410e+01  3.000000e+02
     vertex -2.168051e+01 -1.478152e+01  3.000000e+02
   endloop
 endfacet
 facet normal  0.000000e+00  0.000000e+00  1.000000e+00
   outer loop
     vertex -1.312000e+01 -2.272451e+01  3.000000e+02
     vertex -1.423641e+01 -2.204228e+01  3.000000e+02
     vertex -1.635777e+01 -2.532678e+01  3.000000e+02
   endloop
 endfacet
 facet normal  0.000000e+00  0.000000e+00  1.000000e+00
   outer loop
     vertex -1.312000e+01 -2.272451e+01  3.000000e+02
     vertex -1.635777e+01 -2.532678e+01  3.000000e+02
     vertex -1.507500e+01 -2.611067e+01  3.000000e+02
   endloop
 endfacet
 facet normal  0.000000e+00  0.000000e+00  1.000000e+00
   outer loop
     vertex -2.304453e+01 -1.254938e+01  3.000000e+02
     vertex -2.572672e+01 -1.572127e+01  3.000000e+02
     vertex -2.239035e+01 -1.368246e+01  3.000000e+02
   endloop
 endfacet
 facet normal  0.000000e+00  0.000000e+00  1.000000e+00
   outer loop
     vertex -2.304453e+01 -1.254938e+01  3.000000e+02
     vertex -2.647838e+01 -1.441936e+01  3.000000e+02
     vertex -2.572672e+01 -1.572127e+01  3.000000e+02
   endloop
 endfacet
 facet normal  0.000000e+00  0.000000e+00  1.000000e+00
   outer loop
     vertex -1.197097e+01 -2.335024e+01  3.000000e+02
     vertex -1.312000e+01 -2.272451e+01  3.000000e+02
     vertex -1.507500e+01 -2.611067e+01  3.000000e+02
   endloop
 endfacet
 facet normal  0.000000e+00  0.000000e+00  1.000000e+00
   outer loop
     vertex -1.197097e+01 -2.335024e+01  3.000000e+02
     vertex -1.507500e+01 -2.611067e+01  3.000000e+02
     vertex -1.375475e+01 -2.682964e+01  3.000000e+02
   endloop
 endfacet
 facet normal  0.000000e+00  0.000000e+00  1.000000e+00
   outer loop
     vertex -1.197097e+01 -2.335024e+01  3.000000e+02
     vertex -1.375475e+01 -2.682964e+01  3.000000e+02
     vertex -1.240031e+01 -2.748190e+01  3.000000e+02
   endloop
 endfacet
 facet normal  0.000000e+00  0.000000e+00  1.000000e+00
   outer loop
     vertex -2.364142e+01 -1.138511e+01  3.000000e+02
     vertex -2.647838e+01 -1.441936e+01  3.000000e+02
     vertex -2.304453e+01 -1.254938e+01  3.000000e+02
   endloop
 endfacet
 facet normal  0.000000e+00  0.000000e+00  1.000000e+00
   outer loop
     vertex -2.364142e+01 -1.138511e+01  3.000000e+02
     vertex -2.716421e+01 -1.308159e+01  3.000000e+02
     vertex -2.647838e+01 -1.441936e+01  3.000000e+02
   endloop
 endfacet
 facet normal  0.000000e+00  0.000000e+00  1.000000e+00
   outer loop
     vertex -1.079217e+01 -2.391791e+01  3.000000e+02
     vertex -1.197097e+01 -2.335024e+01  3.000000e+02
     vertex -1.240031e+01 -2.748190e+01  3.000000e+02
   endloop
 endfacet
 facet normal  0.000000e+00  0.000000e+00  1.000000e+00
   outer loop
     vertex -2.417954e+01 -1.019253e+01  3.000000e+02
     vertex -2.716421e+01 -1.308159e+01  3.000000e+02
     vertex -2.364142e+01 -1.138511e+01  3.000000e+02
   endloop
 endfacet
 facet normal  0.000000e+00  0.000000e+00  1.000000e+00
   outer loop
     vertex -2.417954e+01 -1.019253e+01  3.000000e+02
     vertex -2.778251e+01 -1.171131e+01  3.000000e+02
     vertex -2.716421e+01 -1.308159e+01  3.000000e+02
   endloop
 endfacet
 facet normal  0.000000e+00  0.000000e+00  1.000000e+00
   outer loop
     vertex -9.586548e+00 -2.442613e+01  3.000000e+02
     vertex -1.079217e+01 -2.391791e+01  3.000000e+02
     vertex -1.240031e+01 -2.748190e+01  3.000000e+02
   endloop
 endfacet
 facet normal  0.000000e+00  0.000000e+00  1.000000e+00
   outer loop
     vertex -9.586548e+00 -2.442613e+01  3.000000e+02
     vertex -1.240031e+01 -2.748190e+01  3.000000e+02
     vertex -1.101503e+01 -2.806584e+01  3.000000e+02
   endloop
 endfacet
 facet normal  0.000000e+00  0.000000e+00  1.000000e+00
   outer loop
     vertex -2.465753e+01 -8.974609e+00  3.000000e+02
     vertex -2.778251e+01 -1.171131e+01  3.000000e+02
     vertex -2.417954e+01 -1.019253e+01  3.000000e+02
   endloop
 endfacet
 facet normal  0.000000e+00  0.000000e+00  1.000000e+00
   outer loop
     vertex -2.465753e+01 -8.974609e+00  3.000000e+02
     vertex -2.833173e+01 -1.031191e+01  3.000000e+02
     vertex -2.778251e+01 -1.171131e+01  3.000000e+02
   endloop
 endfacet
 facet normal  0.000000e+00  0.000000e+00  1.000000e+00
   outer loop
     vertex -8.357090e+00 -2.487361e+01  3.000000e+02
     vertex -9.586548e+00 -2.442613e+01  3.000000e+02
     vertex -1.101503e+01 -2.806584e+01  3.000000e+02
   endloop
 endfacet
 facet normal  0.000000e+00  0.000000e+00  1.000000e+00
   outer loop
     vertex -8.357090e+00 -2.487361e+01  3.000000e+02
     vertex -1.101503e+01 -2.806584e+01  3.000000e+02
     vertex -9.602373e+00 -2.858001e+01  3.000000e+02
   endloop
 endfacet
 facet normal  0.000000e+00  0.000000e+00  1.000000e+00
   outer loop
     vertex -2.507423e+01 -7.734376e+00  3.000000e+02
     vertex -2.833173e+01 -1.031191e+01  3.000000e+02
     vertex -2.465753e+01 -8.974609e+00  3.000000e+02
   endloop
 endfacet
 facet normal  0.000000e+00  0.000000e+00  1.000000e+00
   outer loop
     vertex -2.507423e+01 -7.734376e+00  3.000000e+02
     vertex -2.921768e+01 -7.439736e+00  3.000000e+02
     vertex -2.881052e+01 -8.886869e+00  3.000000e+02
   endloop
 endfacet
 facet normal  0.000000e+00  0.000000e+00  1.000000e+00
   outer loop
     vertex -2.507423e+01 -7.734376e+00  3.000000e+02
     vertex -2.881052e+01 -8.886869e+00  3.000000e+02
     vertex -2.833173e+01 -1.031191e+01  3.000000e+02
   endloop
 endfacet
 facet normal  0.000000e+00  0.000000e+00  1.000000e+00
   outer loop
     vertex -7.106854e+00 -2.525926e+01  3.000000e+02
     vertex -8.357090e+00 -2.487361e+01  3.000000e+02
     vertex -9.602373e+00 -2.858001e+01  3.000000e+02
   endloop
 endfacet
 facet normal  0.000000e+00  0.000000e+00  1.000000e+00
   outer loop
     vertex -7.106854e+00 -2.525926e+01  3.000000e+02
     vertex -9.602373e+00 -2.858001e+01  3.000000e+02
     vertex -8.165840e+00 -2.902312e+01  3.000000e+02
   endloop
 endfacet
 facet normal  0.000000e+00  0.000000e+00  1.000000e+00
   outer loop
     vertex -7.106854e+00 -2.525926e+01  3.000000e+02
     vertex -8.165840e+00 -2.902312e+01  3.000000e+02
     vertex -6.709006e+00 -2.939408e+01  3.000000e+02
   endloop
 endfacet
 facet normal  0.000000e+00  0.000000e+00  1.000000e+00
   outer loop
     vertex -2.542859e+01 -6.474914e+00  3.000000e+02
     vertex -2.921768e+01 -7.439736e+00  3.000000e+02
     vertex -2.507423e+01 -7.734376e+00  3.000000e+02
   endloop
 endfacet
 facet normal  0.000000e+00  0.000000e+00  1.000000e+00
   outer loop
     vertex -5.838949e+00 -2.558211e+01  3.000000e+02
     vertex -7.106854e+00 -2.525926e+01  3.000000e+02
     vertex -6.709006e+00 -2.939408e+01  3.000000e+02
   endloop
 endfacet
 facet normal  0.000000e+00  0.000000e+00  1.000000e+00
   outer loop
     vertex -2.571973e+01 -5.199355e+00  3.000000e+02
     vertex -2.955220e+01 -5.974106e+00  3.000000e+02
     vertex -2.921768e+01 -7.439736e+00  3.000000e+02
   endloop
 endfacet
 facet normal  0.000000e+00  0.000000e+00  1.000000e+00
   outer loop
     vertex -2.571973e+01 -5.199355e+00  3.000000e+02
     vertex -2.921768e+01 -7.439736e+00  3.000000e+02
     vertex -2.542859e+01 -6.474914e+00  3.000000e+02
   endloop
 endfacet
 facet normal  0.000000e+00  0.000000e+00  1.000000e+00
   outer loop
     vertex -4.556528e+00 -2.584136e+01  3.000000e+02
     vertex -5.838949e+00 -2.558211e+01  3.000000e+02
     vertex -6.709006e+00 -2.939408e+01  3.000000e+02
   endloop
 endfacet
 facet normal  0.000000e+00  0.000000e+00  1.000000e+00
   outer loop
     vertex -4.556528e+00 -2.584136e+01  3.000000e+02
     vertex -6.709006e+00 -2.939408e+01  3.000000e+02
     vertex -5.235493e+00 -2.969195e+01  3.000000e+02
   endloop
 endfacet
 facet normal  0.000000e+00  0.000000e+00  1.000000e+00
   outer loop
     vertex -4.556528e+00 -2.584136e+01  3.000000e+02
     vertex -5.235493e+00 -2.969195e+01  3.000000e+02
     vertex -3.748963e+00 -2.991601e+01  3.000000e+02
   endloop
 endfacet
 facet normal  0.000000e+00  0.000000e+00  1.000000e+00
   outer loop
     vertex -2.594692e+01 -3.910869e+00  3.000000e+02
     vertex -2.955220e+01 -5.974106e+00  3.000000e+02
     vertex -2.571973e+01 -5.199355e+00  3.000000e+02
   endloop
 endfacet
 facet normal  0.000000e+00  0.000000e+00  1.000000e+00
   outer loop
     vertex -2.594692e+01 -3.910869e+00  3.000000e+02
     vertex -2.981325e+01 -4.493624e+00  3.000000e+02
     vertex -2.955220e+01 -5.974106e+00  3.000000e+02
   endloop
 endfacet
 facet normal  0.000000e+00  0.000000e+00  1.000000e+00
   outer loop
     vertex -3.262779e+00 -2.603636e+01  3.000000e+02
     vertex -4.556528e+00 -2.584136e+01  3.000000e+02
     vertex -3.748963e+00 -2.991601e+01  3.000000e+02
   endloop
 endfacet
 facet normal  0.000000e+00  0.000000e+00  1.000000e+00
   outer loop
     vertex -2.610961e+01 -2.612660e+00  3.000000e+02
     vertex -3.000018e+01 -3.001971e+00  3.000000e+02
     vertex -2.981325e+01 -4.493624e+00  3.000000e+02
   endloop
 endfacet
 facet normal  0.000000e+00  0.000000e+00  1.000000e+00
   outer loop
     vertex -2.610961e+01 -2.612660e+00  3.000000e+02
     vertex -2.981325e+01 -4.493624e+00  3.000000e+02
     vertex -2.594692e+01 -3.910869e+00  3.000000e+02
   endloop
 endfacet
 facet normal  0.000000e+00  0.000000e+00  1.000000e+00
   outer loop
     vertex -1.960918e+00 -2.616663e+01  3.000000e+02
     vertex -3.262779e+00 -2.603636e+01  3.000000e+02
     vertex -3.748963e+00 -2.991601e+01  3.000000e+02
   endloop
 endfacet
 facet normal  0.000000e+00  0.000000e+00  1.000000e+00
   outer loop
     vertex -1.960918e+00 -2.616663e+01  3.000000e+02
     vertex -3.748963e+00 -2.991601e+01  3.000000e+02
     vertex -2.253112e+00 -3.006569e+01  3.000000e+02
   endloop
 endfacet
 facet normal  0.000000e+00  0.000000e+00  1.000000e+00
   outer loop
     vertex -2.620738e+01 -1.307956e+00  3.000000e+02
     vertex -3.011252e+01 -1.502853e+00  3.000000e+02
     vertex -3.000018e+01 -3.001971e+00  3.000000e+02
   endloop
 endfacet
 facet normal  0.000000e+00  0.000000e+00  1.000000e+00
   outer loop
     vertex -2.620738e+01 -1.307956e+00  3.000000e+02
     vertex -3.000018e+01 -3.001971e+00  3.000000e+02
     vertex -2.610961e+01 -2.612660e+00  3.000000e+02
   endloop
 endfacet
 facet normal  0.000000e+00  0.000000e+00  1.000000e+00
   outer loop
     vertex -6.541814e-01 -2.623184e+01  3.000000e+02
     vertex -1.960918e+00 -2.616663e+01  3.000000e+02
     vertex -2.253112e+00 -3.006569e+01  3.000000e+02
   endloop
 endfacet
 facet normal  0.000000e+00  0.000000e+00  1.000000e+00
   outer loop
     vertex -6.541814e-01 -2.623184e+01  3.000000e+02
     vertex -2.253112e+00 -3.006569e+01  3.000000e+02
     vertex -7.516604e-01 -3.014063e+01  3.000000e+02
   endloop
 endfacet
 facet normal  0.000000e+00  0.000000e+00  1.000000e+00
   outer loop
     vertex -6.541814e-01 -2.623184e+01  3.000000e+02
     vertex -7.516604e-01 -3.014063e+01  3.000000e+02
     vertex  7.516604e-01 -3.014063e+01  3.000000e+02
   endloop
 endfacet
 facet normal  0.000000e+00  0.000000e+00  1.000000e+00
   outer loop
     vertex -2.624000e+01 -9.000973e-14  3.000000e+02
     vertex -3.011252e+01  1.502853e+00  3.000000e+02
     vertex -3.015000e+01 -1.034220e-13  3.000000e+02
   endloop
 endfacet
 facet normal  0.000000e+00  0.000000e+00  1.000000e+00
   outer loop
     vertex -2.624000e+01 -9.000973e-14  3.000000e+02
     vertex -3.015000e+01 -1.034220e-13  3.000000e+02
     vertex -3.011252e+01 -1.502853e+00  3.000000e+02
   endloop
 endfacet
 facet normal  0.000000e+00  0.000000e+00  1.000000e+00
   outer loop
     vertex -2.624000e+01 -9.000973e-14  3.000000e+02
     vertex -3.011252e+01 -1.502853e+00  3.000000e+02
     vertex -2.620738e+01 -1.307956e+00  3.000000e+02
   endloop
 endfacet
 facet normal  0.000000e+00  0.000000e+00  1.000000e+00
   outer loop
     vertex  6.541814e-01 -2.623184e+01  3.000000e+02
     vertex -6.541814e-01 -2.623184e+01  3.000000e+02
     vertex  7.516604e-01 -3.014063e+01  3.000000e+02
   endloop
 endfacet
 facet normal  0.000000e+00  0.000000e+00  1.000000e+00
   outer loop
     vertex -2.620738e+01  1.307956e+00  3.000000e+02
     vertex -3.011252e+01  1.502853e+00  3.000000e+02
     vertex -2.624000e+01 -9.000973e-14  3.000000e+02
   endloop
 endfacet
 facet normal  0.000000e+00  0.000000e+00  1.000000e+00
   outer loop
     vertex  1.960918e+00 -2.616663e+01  3.000000e+02
     vertex  6.541814e-01 -2.623184e+01  3.000000e+02
     vertex  7.516604e-01 -3.014063e+01  3.000000e+02
   endloop
 endfacet
 facet normal  0.000000e+00  0.000000e+00  1.000000e+00
   outer loop
     vertex  1.960918e+00 -2.616663e+01  3.000000e+02
     vertex  7.516604e-01 -3.014063e+01  3.000000e+02
     vertex  2.253112e+00 -3.006569e+01  3.000000e+02
   endloop
 endfacet
 facet normal  0.000000e+00  0.000000e+00  1.000000e+00
   outer loop
     vertex -2.610961e+01  2.612660e+00  3.000000e+02
     vertex -3.011252e+01  1.502853e+00  3.000000e+02
     vertex -2.620738e+01  1.307956e+00  3.000000e+02
   endloop
 endfacet
 facet normal  0.000000e+00  0.000000e+00  1.000000e+00
   outer loop
     vertex -2.610961e+01  2.612660e+00  3.000000e+02
     vertex -3.000018e+01  3.001971e+00  3.000000e+02
     vertex -3.011252e+01  1.502853e+00  3.000000e+02
   endloop
 endfacet
 facet normal  0.000000e+00  0.000000e+00  1.000000e+00
   outer loop
     vertex  3.262779e+00 -2.603636e+01  3.000000e+02
     vertex  1.960918e+00 -2.616663e+01  3.000000e+02
     vertex  2.253112e+00 -3.006569e+01  3.000000e+02
   endloop
 endfacet
 facet normal  0.000000e+00  0.000000e+00  1.000000e+00
   outer loop
     vertex  3.262779e+00 -2.603636e+01  3.000000e+02
     vertex  2.253112e+00 -3.006569e+01  3.000000e+02
     vertex  3.748963e+00 -2.991601e+01  3.000000e+02
   endloop
 endfacet
 facet normal  0.000000e+00  0.000000e+00  1.000000e+00
   outer loop
     vertex  3.262779e+00 -2.603636e+01  3.000000e+02
     vertex  3.748963e+00 -2.991601e+01  3.000000e+02
     vertex  5.235493e+00 -2.969195e+01  3.000000e+02
   endloop
 endfacet
 facet normal  0.000000e+00  0.000000e+00  1.000000e+00
   outer loop
     vertex -2.594692e+01  3.910869e+00  3.000000e+02
     vertex -3.000018e+01  3.001971e+00  3.000000e+02
     vertex -2.610961e+01  2.612660e+00  3.000000e+02
   endloop
 endfacet
 facet normal  0.000000e+00  0.000000e+00  1.000000e+00
   outer loop
     vertex -2.594692e+01  3.910869e+00  3.000000e+02
     vertex -2.981325e+01  4.493624e+00  3.000000e+02
     vertex -3.000018e+01  3.001971e+00  3.000000e+02
   endloop
 endfacet
 facet normal  0.000000e+00  0.000000e+00  1.000000e+00
   outer loop
     vertex  4.556528e+00 -2.584136e+01  3.000000e+02
     vertex  3.262779e+00 -2.603636e+01  3.000000e+02
     vertex  5.235493e+00 -2.969195e+01  3.000000e+02
   endloop
 endfacet
 facet normal  0.000000e+00  0.000000e+00  1.000000e+00
   outer loop
     vertex -2.571973e+01  5.199355e+00  3.000000e+02
     vertex -2.981325e+01  4.493624e+00  3.000000e+02
     vertex -2.594692e+01  3.910869e+00  3.000000e+02
   endloop
 endfacet
 facet normal  0.000000e+00  0.000000e+00  1.000000e+00
   outer loop
     vertex -2.571973e+01  5.199355e+00  3.000000e+02
     vertex -2.955220e+01  5.974106e+00  3.000000e+02
     vertex -2.981325e+01  4.493624e+00  3.000000e+02
   endloop
 endfacet
 facet normal  0.000000e+00  0.000000e+00  1.000000e+00
   outer loop
     vertex  5.838949e+00 -2.558211e+01  3.000000e+02
     vertex  4.556528e+00 -2.584136e+01  3.000000e+02
     vertex  5.235493e+00 -2.969195e+01  3.000000e+02
   endloop
 endfacet
 facet normal  0.000000e+00  0.000000e+00  1.000000e+00
   outer loop
     vertex  5.838949e+00 -2.558211e+01  3.000000e+02
     vertex  5.235493e+00 -2.969195e+01  3.000000e+02
     vertex  6.709006e+00 -2.939408e+01  3.000000e+02
   endloop
 endfacet
 facet normal  0.000000e+00  0.000000e+00  1.000000e+00
   outer loop
     vertex -2.542859e+01  6.474914e+00  3.000000e+02
     vertex -2.955220e+01  5.974106e+00  3.000000e+02
     vertex -2.571973e+01  5.199355e+00  3.000000e+02
   endloop
 endfacet
 facet normal  0.000000e+00  0.000000e+00  1.000000e+00
   outer loop
     vertex -2.542859e+01  6.474914e+00  3.000000e+02
     vertex -2.921768e+01  7.439736e+00  3.000000e+02
     vertex -2.955220e+01  5.974106e+00  3.000000e+02
   endloop
 endfacet
 facet normal  0.000000e+00  0.000000e+00  1.000000e+00
   outer loop
     vertex  7.106854e+00 -2.525926e+01  3.000000e+02
     vertex  8.165840e+00 -2.902312e+01  3.000000e+02
     vertex  9.602373e+00 -2.858001e+01  3.000000e+02
   endloop
 endfacet
 facet normal  0.000000e+00  0.000000e+00  1.000000e+00
   outer loop
     vertex  7.106854e+00 -2.525926e+01  3.000000e+02
     vertex  5.838949e+00 -2.558211e+01  3.000000e+02
     vertex  6.709006e+00 -2.939408e+01  3.000000e+02
   endloop
 endfacet
 facet normal  0.000000e+00  0.000000e+00  1.000000e+00
   outer loop
     vertex  7.106854e+00 -2.525926e+01  3.000000e+02
     vertex  6.709006e+00 -2.939408e+01  3.000000e+02
     vertex  8.165840e+00 -2.902312e+01  3.000000e+02
   endloop
 endfacet
 facet normal  0.000000e+00  0.000000e+00  1.000000e+00
   outer loop
     vertex -2.507423e+01  7.734376e+00  3.000000e+02
     vertex -2.921768e+01  7.439736e+00  3.000000e+02
     vertex -2.542859e+01  6.474914e+00  3.000000e+02
   endloop
 endfacet
 facet normal  0.000000e+00  0.000000e+00  1.000000e+00
   outer loop
     vertex -2.507423e+01  7.734376e+00  3.000000e+02
     vertex -2.881052e+01  8.886869e+00  3.000000e+02
     vertex -2.921768e+01  7.439736e+00  3.000000e+02
   endloop
 endfacet
 facet normal  0.000000e+00  0.000000e+00  1.000000e+00
   outer loop
     vertex  8.357090e+00 -2.487361e+01  3.000000e+02
     vertex  7.106854e+00 -2.525926e+01  3.000000e+02
     vertex  9.602373e+00 -2.858001e+01  3.000000e+02
   endloop
 endfacet
 facet normal  0.000000e+00  0.000000e+00  1.000000e+00
   outer loop
     vertex -2.465753e+01  8.974609e+00  3.000000e+02
     vertex -2.881052e+01  8.886869e+00  3.000000e+02
     vertex -2.507423e+01  7.734376e+00  3.000000e+02
   endloop
 endfacet
 facet normal  0.000000e+00  0.000000e+00  1.000000e+00
   outer loop
     vertex -2.465753e+01  8.974609e+00  3.000000e+02
     vertex -2.833173e+01  1.031191e+01  3.000000e+02
     vertex -2.881052e+01  8.886869e+00  3.000000e+02
   endloop
 endfacet
 facet normal  0.000000e+00  0.000000e+00  1.000000e+00
   outer loop
     vertex  9.586548e+00 -2.442613e+01  3.000000e+02
     vertex  9.602373e+00 -2.858001e+01  3.000000e+02
     vertex  1.101503e+01 -2.806584e+01  3.000000e+02
   endloop
 endfacet
 facet normal  0.000000e+00  0.000000e+00  1.000000e+00
   outer loop
     vertex  9.586548e+00 -2.442613e+01  3.000000e+02
     vertex  1.101503e+01 -2.806584e+01  3.000000e+02
     vertex  1.240031e+01 -2.748190e+01  3.000000e+02
   endloop
 endfacet
 facet normal  0.000000e+00  0.000000e+00  1.000000e+00
   outer loop
     vertex  9.586548e+00 -2.442613e+01  3.000000e+02
     vertex  8.357090e+00 -2.487361e+01  3.000000e+02
     vertex  9.602373e+00 -2.858001e+01  3.000000e+02
   endloop
 endfacet
 facet normal  0.000000e+00  0.000000e+00  1.000000e+00
   outer loop
     vertex -2.417954e+01  1.019253e+01  3.000000e+02
     vertex -2.833173e+01  1.031191e+01  3.000000e+02
     vertex -2.465753e+01  8.974609e+00  3.000000e+02
   endloop
 endfacet
 facet normal  0.000000e+00  0.000000e+00  1.000000e+00
   outer loop
     vertex -2.417954e+01  1.019253e+01  3.000000e+02
     vertex -2.778251e+01  1.171131e+01  3.000000e+02
     vertex -2.833173e+01  1.031191e+01  3.000000e+02
   endloop
 endfacet
 facet normal  0.000000e+00  0.000000e+00  1.000000e+00
   outer loop
     vertex  1.079217e+01 -2.391791e+01  3.000000e+02
     vertex  9.586548e+00 -2.442613e+01  3.000000e+02
     vertex  1.240031e+01 -2.748190e+01  3.000000e+02
   endloop
 endfacet
 facet normal  0.000000e+00  0.000000e+00  1.000000e+00
   outer loop
     vertex -2.364142e+01  1.138511e+01  3.000000e+02
     vertex -2.778251e+01  1.171131e+01  3.000000e+02
     vertex -2.417954e+01  1.019253e+01  3.000000e+02
   endloop
 endfacet
 facet normal  0.000000e+00  0.000000e+00  1.000000e+00
   outer loop
     vertex -2.364142e+01  1.138511e+01  3.000000e+02
     vertex -2.716421e+01  1.308159e+01  3.000000e+02
     vertex -2.778251e+01  1.171131e+01  3.000000e+02
   endloop
 endfacet
 facet normal  0.000000e+00  0.000000e+00  1.000000e+00
   outer loop
     vertex  1.197097e+01 -2.335024e+01  3.000000e+02
     vertex  1.240031e+01 -2.748190e+01  3.000000e+02
     vertex  1.375475e+01 -2.682964e+01  3.000000e+02
   endloop
 endfacet
 facet normal  0.000000e+00  0.000000e+00  1.000000e+00
   outer loop
     vertex  1.197097e+01 -2.335024e+01  3.000000e+02
     vertex  1.079217e+01 -2.391791e+01  3.000000e+02
     vertex  1.240031e+01 -2.748190e+01  3.000000e+02
   endloop
 endfacet
 facet normal  0.000000e+00  0.000000e+00  1.000000e+00
   outer loop
     vertex -2.304453e+01  1.254938e+01  3.000000e+02
     vertex -2.716421e+01  1.308159e+01  3.000000e+02
     vertex -2.364142e+01  1.138511e+01  3.000000e+02
   endloop
 endfacet
 facet normal  0.000000e+00  0.000000e+00  1.000000e+00
   outer loop
     vertex -2.304453e+01  1.254938e+01  3.000000e+02
     vertex -2.647838e+01  1.441936e+01  3.000000e+02
     vertex -2.716421e+01  1.308159e+01  3.000000e+02
   endloop
 endfacet
 facet normal  0.000000e+00  0.000000e+00  1.000000e+00
   outer loop
     vertex -2.572672e+01  1.572127e+01  3.000000e+02
     vertex -2.647838e+01  1.441936e+01  3.000000e+02
     vertex -2.304453e+01  1.254938e+01  3.000000e+02
   endloop
 endfacet
 facet normal  0.000000e+00  0.000000e+00  1.000000e+00
   outer loop
     vertex  1.312000e+01 -2.272451e+01  3.000000e+02
     vertex  1.375475e+01 -2.682964e+01  3.000000e+02
     vertex  1.507500e+01 -2.611067e+01  3.000000e+02
   endloop
 endfacet
 facet normal  0.000000e+00  0.000000e+00  1.000000e+00
   outer loop
     vertex  1.312000e+01 -2.272451e+01  3.000000e+02
     vertex  1.197097e+01 -2.335024e+01  3.000000e+02
     vertex  1.375475e+01 -2.682964e+01  3.000000e+02
   endloop
 endfacet
 facet normal  0.000000e+00  0.000000e+00  1.000000e+00
   outer loop
     vertex -2.239035e+01  1.368246e+01  3.000000e+02
     vertex -2.572672e+01  1.572127e+01  3.000000e+02
     vertex -2.304453e+01  1.254938e+01  3.000000e+02
   endloop
 endfacet
 facet normal  0.000000e+00  0.000000e+00  1.000000e+00
   outer loop
     vertex  1.423641e+01 -2.204228e+01  3.000000e+02
     vertex  1.507500e+01 -2.611067e+01  3.000000e+02
     vertex  1.635777e+01 -2.532678e+01  3.000000e+02
   endloop
 endfacet
 facet normal  0.000000e+00  0.000000e+00  1.000000e+00
   outer loop
     vertex  1.423641e+01 -2.204228e+01  3.000000e+02
     vertex  1.312000e+01 -2.272451e+01  3.000000e+02
     vertex  1.507500e+01 -2.611067e+01  3.000000e+02
   endloop
 endfacet
 facet normal  0.000000e+00  0.000000e+00  1.000000e+00
   outer loop
     vertex -2.168051e+01  1.478152e+01  3.000000e+02
     vertex -2.491110e+01  1.698410e+01  3.000000e+02
     vertex -2.572672e+01  1.572127e+01  3.000000e+02
   endloop
 endfacet
 facet normal  0.000000e+00  0.000000e+00  1.000000e+00
   outer loop
     vertex -2.168051e+01  1.478152e+01  3.000000e+02
     vertex -2.572672e+01  1.572127e+01  3.000000e+02
     vertex -2.239035e+01  1.368246e+01  3.000000e+02
   endloop
 endfacet
 facet normal  0.000000e+00  0.000000e+00  1.000000e+00
   outer loop
     vertex  1.759987e+01 -2.447993e+01  3.000000e+02
     vertex  1.423641e+01 -2.204228e+01  3.000000e+02
     vertex  1.635777e+01 -2.532678e+01  3.000000e+02
   endloop
 endfacet
 facet normal  0.000000e+00  0.000000e+00  1.000000e+00
   outer loop
     vertex  1.531743e+01 -2.130525e+01  3.000000e+02
     vertex  1.423641e+01 -2.204228e+01  3.000000e+02
     vertex  1.759987e+01 -2.447993e+01  3.000000e+02
   endloop
 endfacet
 facet normal  0.000000e+00  0.000000e+00  1.000000e+00
   outer loop
     vertex -2.091676e+01  1.584383e+01  3.000000e+02
     vertex -2.403355e+01  1.820470e+01  3.000000e+02
     vertex -2.491110e+01  1.698410e+01  3.000000e+02
   endloop
 endfacet
 facet normal  0.000000e+00  0.000000e+00  1.000000e+00
   outer loop
     vertex -2.091676e+01  1.584383e+01  3.000000e+02
     vertex -2.491110e+01  1.698410e+01  3.000000e+02
     vertex -2.168051e+01  1.478152e+01  3.000000e+02
   endloop
 endfacet
 facet normal  0.000000e+00  0.000000e+00  1.000000e+00
   outer loop
     vertex  1.636037e+01 -2.051526e+01  3.000000e+02
     vertex  1.759987e+01 -2.447993e+01  3.000000e+02
     vertex  1.879822e+01 -2.357222e+01  3.000000e+02
   endloop
 endfacet
 facet normal  0.000000e+00  0.000000e+00  1.000000e+00
   outer loop
     vertex  1.636037e+01 -2.051526e+01  3.000000e+02
     vertex  1.531743e+01 -2.130525e+01  3.000000e+02
     vertex  1.759987e+01 -2.447993e+01  3.000000e+02
   endloop
 endfacet
 facet normal  0.000000e+00  0.000000e+00  1.000000e+00
   outer loop
     vertex -2.309624e+01  1.938005e+01  3.000000e+02
     vertex -2.403355e+01  1.820470e+01  3.000000e+02
     vertex -2.091676e+01  1.584383e+01  3.000000e+02
   endloop
 endfacet
 facet normal  0.000000e+00  0.000000e+00  1.000000e+00
   outer loop
     vertex -2.010101e+01  1.686675e+01  3.000000e+02
     vertex -2.309624e+01  1.938005e+01  3.000000e+02
     vertex -2.091676e+01  1.584383e+01  3.000000e+02
   endloop
 endfacet
 facet normal  0.000000e+00  0.000000e+00  1.000000e+00
   outer loop
     vertex  1.736264e+01 -1.967426e+01  3.000000e+02
     vertex  1.879822e+01 -2.357222e+01  3.000000e+02
     vertex  1.994983e+01 -2.260590e+01  3.000000e+02
   endloop
 endfacet
 facet normal  0.000000e+00  0.000000e+00  1.000000e+00
   outer loop
     vertex  1.736264e+01 -1.967426e+01  3.000000e+02
     vertex  1.636037e+01 -2.051526e+01  3.000000e+02
     vertex  1.879822e+01 -2.357222e+01  3.000000e+02
   endloop
 endfacet
 facet normal  0.000000e+00  0.000000e+00  1.000000e+00
   outer loop
     vertex -1.923528e+01  1.784773e+01  3.000000e+02
     vertex -2.210151e+01  2.050721e+01  3.000000e+02
     vertex -2.309624e+01  1.938005e+01  3.000000e+02
   endloop
 endfacet
 facet normal  0.000000e+00  0.000000e+00  1.000000e+00
   outer loop
     vertex -1.923528e+01  1.784773e+01  3.000000e+02
     vertex -2.309624e+01  1.938005e+01  3.000000e+02
     vertex -2.010101e+01  1.686675e+01  3.000000e+02
   endloop
 endfacet
 facet normal  0.000000e+00  0.000000e+00  1.000000e+00
   outer loop
     vertex  1.832173e+01 -1.878435e+01  3.000000e+02
     vertex  1.994983e+01 -2.260590e+01  3.000000e+02
     vertex  2.105184e+01 -2.158339e+01  3.000000e+02
   endloop
 endfacet
 facet normal  0.000000e+00  0.000000e+00  1.000000e+00
   outer loop
     vertex  1.832173e+01 -1.878435e+01  3.000000e+02
     vertex  1.736264e+01 -1.967426e+01  3.000000e+02
     vertex  1.994983e+01 -2.260590e+01  3.000000e+02
   endloop
 endfacet
 facet normal  0.000000e+00  0.000000e+00  1.000000e+00
   outer loop
     vertex -2.105184e+01  2.158339e+01  3.000000e+02
     vertex -1.923528e+01  1.784773e+01  3.000000e+02
     vertex -1.832173e+01  1.878435e+01  3.000000e+02
   endloop
 endfacet
 facet normal  0.000000e+00  0.000000e+00  1.000000e+00
   outer loop
     vertex -2.105184e+01  2.158339e+01  3.000000e+02
     vertex -2.210151e+01  2.050721e+01  3.000000e+02
     vertex -1.923528e+01  1.784773e+01  3.000000e+02
   endloop
 endfacet
 facet normal  0.000000e+00  0.000000e+00  1.000000e+00
   outer loop
     vertex  1.923528e+01 -1.784773e+01  3.000000e+02
     vertex  1.832173e+01 -1.878435e+01  3.000000e+02
     vertex  2.105184e+01 -2.158339e+01  3.000000e+02
   endloop
 endfacet
 facet normal  0.000000e+00  0.000000e+00  1.000000e+00
   outer loop
     vertex  2.210151e+01 -2.050721e+01  3.000000e+02
     vertex  1.923528e+01 -1.784773e+01  3.000000e+02
     vertex  2.105184e+01 -2.158339e+01  3.000000e+02
   endloop
 endfacet
 facet normal  0.000000e+00  0.000000e+00  1.000000e+00
   outer loop
     vertex -1.736264e+01  1.967426e+01  3.000000e+02
     vertex -2.105184e+01  2.158339e+01  3.000000e+02
     vertex -1.832173e+01  1.878435e+01  3.000000e+02
   endloop
 endfacet
 facet normal  0.000000e+00  0.000000e+00  1.000000e+00
   outer loop
     vertex -1.994983e+01  2.260590e+01  3.000000e+02
     vertex -2.105184e+01  2.158339e+01  3.000000e+02
     vertex -1.736264e+01  1.967426e+01  3.000000e+02
   endloop
 endfacet
 facet normal  0.000000e+00  0.000000e+00  1.000000e+00
   outer loop
     vertex  2.309624e+01 -1.938005e+01  3.000000e+02
     vertex  1.923528e+01 -1.784773e+01  3.000000e+02
     vertex  2.210151e+01 -2.050721e+01  3.000000e+02
   endloop
 endfacet
 facet normal  0.000000e+00  0.000000e+00  1.000000e+00
   outer loop
     vertex  2.309624e+01 -1.938005e+01  3.000000e+02
     vertex  2.010101e+01 -1.686675e+01  3.000000e+02
     vertex  1.923528e+01 -1.784773e+01  3.000000e+02
   endloop
 endfacet
 facet normal  0.000000e+00  0.000000e+00  1.000000e+00
   outer loop
     vertex -1.636037e+01  2.051526e+01  3.000000e+02
     vertex -1.994983e+01  2.260590e+01  3.000000e+02
     vertex -1.736264e+01  1.967426e+01  3.000000e+02
   endloop
 endfacet
 facet normal  0.000000e+00  0.000000e+00  1.000000e+00
   outer loop
     vertex -1.879822e+01  2.357222e+01  3.000000e+02
     vertex -1.994983e+01  2.260590e+01  3.000000e+02
     vertex -1.636037e+01  2.051526e+01  3.000000e+02
   endloop
 endfacet
 facet normal  0.000000e+00  0.000000e+00  1.000000e+00
   outer loop
     vertex  2.091676e+01 -1.584383e+01  3.000000e+02
     vertex  2.010101e+01 -1.686675e+01  3.000000e+02
     vertex  2.309624e+01 -1.938005e+01  3.000000e+02
   endloop
 endfacet
 facet normal  0.000000e+00  0.000000e+00  1.000000e+00
   outer loop
     vertex  2.403355e+01 -1.820470e+01  3.000000e+02
     vertex  2.091676e+01 -1.584383e+01  3.000000e+02
     vertex  2.309624e+01 -1.938005e+01  3.000000e+02
   endloop
 endfacet
 facet normal  0.000000e+00  0.000000e+00  1.000000e+00
   outer loop
     vertex -1.531743e+01  2.130525e+01  3.000000e+02
     vertex -1.879822e+01  2.357222e+01  3.000000e+02
     vertex -1.636037e+01  2.051526e+01  3.000000e+02
   endloop
 endfacet
 facet normal  0.000000e+00  0.000000e+00  1.000000e+00
   outer loop
     vertex -1.759987e+01  2.447993e+01  3.000000e+02
     vertex -1.879822e+01  2.357222e+01  3.000000e+02
     vertex -1.531743e+01  2.130525e+01  3.000000e+02
   endloop
 endfacet
 facet normal  0.000000e+00  0.000000e+00  1.000000e+00
   outer loop
     vertex  2.168051e+01 -1.478152e+01  3.000000e+02
     vertex  2.091676e+01 -1.584383e+01  3.000000e+02
     vertex  2.403355e+01 -1.820470e+01  3.000000e+02
   endloop
 endfacet
 facet normal  0.000000e+00  0.000000e+00  1.000000e+00
   outer loop
     vertex  2.491110e+01 -1.698410e+01  3.000000e+02
     vertex  2.168051e+01 -1.478152e+01  3.000000e+02
     vertex  2.403355e+01 -1.820470e+01  3.000000e+02
   endloop
 endfacet
 facet normal  0.000000e+00  0.000000e+00  1.000000e+00
   outer loop
     vertex -1.635777e+01  2.532678e+01  3.000000e+02
     vertex -1.759987e+01  2.447993e+01  3.000000e+02
     vertex -1.531743e+01  2.130525e+01  3.000000e+02
   endloop
 endfacet
 facet normal  0.000000e+00  0.000000e+00  1.000000e+00
   outer loop
     vertex -1.635777e+01  2.532678e+01  3.000000e+02
     vertex -1.531743e+01  2.130525e+01  3.000000e+02
     vertex -1.423641e+01  2.204228e+01  3.000000e+02
   endloop
 endfacet
 facet normal  0.000000e+00  0.000000e+00  1.000000e+00
   outer loop
     vertex  2.572672e+01 -1.572127e+01  3.000000e+02
     vertex  2.168051e+01 -1.478152e+01  3.000000e+02
     vertex  2.491110e+01 -1.698410e+01  3.000000e+02
   endloop
 endfacet
 facet normal  0.000000e+00  0.000000e+00  1.000000e+00
   outer loop
     vertex  2.572672e+01 -1.572127e+01  3.000000e+02
     vertex  2.239035e+01 -1.368246e+01  3.000000e+02
     vertex  2.168051e+01 -1.478152e+01  3.000000e+02
   endloop
 endfacet
 facet normal  0.000000e+00  0.000000e+00  1.000000e+00
   outer loop
     vertex  2.304453e+01 -1.254938e+01  3.000000e+02
     vertex  2.239035e+01 -1.368246e+01  3.000000e+02
     vertex  2.572672e+01 -1.572127e+01  3.000000e+02
   endloop
 endfacet
 facet normal  0.000000e+00  0.000000e+00  1.000000e+00
   outer loop
     vertex -1.507500e+01  2.611067e+01  3.000000e+02
     vertex -1.635777e+01  2.532678e+01  3.000000e+02
     vertex -1.423641e+01  2.204228e+01  3.000000e+02
   endloop
 endfacet
 facet normal  0.000000e+00  0.000000e+00  1.000000e+00
   outer loop
     vertex -1.507500e+01  2.611067e+01  3.000000e+02
     vertex -1.423641e+01  2.204228e+01  3.000000e+02
     vertex -1.312000e+01  2.272451e+01  3.000000e+02
   endloop
 endfacet
 facet normal  0.000000e+00  0.000000e+00  1.000000e+00
   outer loop
     vertex  2.647838e+01 -1.441936e+01  3.000000e+02
     vertex  2.304453e+01 -1.254938e+01  3.000000e+02
     vertex  2.572672e+01 -1.572127e+01  3.000000e+02
   endloop
 endfacet
 facet normal  0.000000e+00  0.000000e+00  1.000000e+00
   outer loop
     vertex  2.364142e+01 -1.138511e+01  3.000000e+02
     vertex  2.304453e+01 -1.254938e+01  3.000000e+02
     vertex  2.647838e+01 -1.441936e+01  3.000000e+02
   endloop
 endfacet
 facet normal  0.000000e+00  0.000000e+00  1.000000e+00
   outer loop
     vertex -1.375475e+01  2.682964e+01  3.000000e+02
     vertex -1.507500e+01  2.611067e+01  3.000000e+02
     vertex -1.312000e+01  2.272451e+01  3.000000e+02
   endloop
 endfacet
 facet normal  0.000000e+00  0.000000e+00  1.000000e+00
   outer loop
     vertex -1.375475e+01  2.682964e+01  3.000000e+02
     vertex -1.312000e+01  2.272451e+01  3.000000e+02
     vertex -1.197097e+01  2.335024e+01  3.000000e+02
   endloop
 endfacet
 facet normal  0.000000e+00  0.000000e+00  1.000000e+00
   outer loop
     vertex  2.716421e+01 -1.308159e+01  3.000000e+02
     vertex  2.364142e+01 -1.138511e+01  3.000000e+02
     vertex  2.647838e+01 -1.441936e+01  3.000000e+02
   endloop
 endfacet
 facet normal  0.000000e+00  0.000000e+00  1.000000e+00
   outer loop
     vertex -1.240031e+01  2.748190e+01  3.000000e+02
     vertex -1.375475e+01  2.682964e+01  3.000000e+02
     vertex -1.197097e+01  2.335024e+01  3.000000e+02
   endloop
 endfacet
 facet normal  0.000000e+00  0.000000e+00  1.000000e+00
   outer loop
     vertex -1.240031e+01  2.748190e+01  3.000000e+02
     vertex -1.197097e+01  2.335024e+01  3.000000e+02
     vertex -1.079217e+01  2.391791e+01  3.000000e+02
   endloop
 endfacet
 facet normal  0.000000e+00  0.000000e+00  1.000000e+00
   outer loop
     vertex  2.778251e+01 -1.171131e+01  3.000000e+02
     vertex  2.417954e+01 -1.019253e+01  3.000000e+02
     vertex  2.364142e+01 -1.138511e+01  3.000000e+02
   endloop
 endfacet
 facet normal  0.000000e+00  0.000000e+00  1.000000e+00
   outer loop
     vertex  2.778251e+01 -1.171131e+01  3.000000e+02
     vertex  2.364142e+01 -1.138511e+01  3.000000e+02
     vertex  2.716421e+01 -1.308159e+01  3.000000e+02
   endloop
 endfacet
 facet normal  0.000000e+00  0.000000e+00  1.000000e+00
   outer loop
     vertex -1.101503e+01  2.806584e+01  3.000000e+02
     vertex -1.079217e+01  2.391791e+01  3.000000e+02
     vertex -9.586548e+00  2.442613e+01  3.000000e+02
   endloop
 endfacet
 facet normal  0.000000e+00  0.000000e+00  1.000000e+00
   outer loop
     vertex -1.101503e+01  2.806584e+01  3.000000e+02
     vertex -1.240031e+01  2.748190e+01  3.000000e+02
     vertex -1.079217e+01  2.391791e+01  3.000000e+02
   endloop
 endfacet
 facet normal  0.000000e+00  0.000000e+00  1.000000e+00
   outer loop
     vertex  2.833173e+01 -1.031191e+01  3.000000e+02
     vertex  2.465753e+01 -8.974609e+00  3.000000e+02
     vertex  2.417954e+01 -1.019253e+01  3.000000e+02
   endloop
 endfacet
 facet normal  0.000000e+00  0.000000e+00  1.000000e+00
   outer loop
     vertex  2.833173e+01 -1.031191e+01  3.000000e+02
     vertex  2.417954e+01 -1.019253e+01  3.000000e+02
     vertex  2.778251e+01 -1.171131e+01  3.000000e+02
   endloop
 endfacet
 facet normal  0.000000e+00  0.000000e+00  1.000000e+00
   outer loop
     vertex -9.602373e+00  2.858001e+01  3.000000e+02
     vertex -9.586548e+00  2.442613e+01  3.000000e+02
     vertex -8.357090e+00  2.487361e+01  3.000000e+02
   endloop
 endfacet
 facet normal  0.000000e+00  0.000000e+00  1.000000e+00
   outer loop
     vertex -9.602373e+00  2.858001e+01  3.000000e+02
     vertex -1.101503e+01  2.806584e+01  3.000000e+02
     vertex -9.586548e+00  2.442613e+01  3.000000e+02
   endloop
 endfacet
 facet normal  0.000000e+00  0.000000e+00  1.000000e+00
   outer loop
     vertex  2.881052e+01 -8.886869e+00  3.000000e+02
     vertex  2.507423e+01 -7.734376e+00  3.000000e+02
     vertex  2.465753e+01 -8.974609e+00  3.000000e+02
   endloop
 endfacet
 facet normal  0.000000e+00  0.000000e+00  1.000000e+00
   outer loop
     vertex  2.881052e+01 -8.886869e+00  3.000000e+02
     vertex  2.465753e+01 -8.974609e+00  3.000000e+02
     vertex  2.833173e+01 -1.031191e+01  3.000000e+02
   endloop
 endfacet
 facet normal  0.000000e+00  0.000000e+00  1.000000e+00
   outer loop
     vertex -8.165840e+00  2.902312e+01  3.000000e+02
     vertex -8.357090e+00  2.487361e+01  3.000000e+02
     vertex -7.106854e+00  2.525926e+01  3.000000e+02
   endloop
 endfacet
 facet normal  0.000000e+00  0.000000e+00  1.000000e+00
   outer loop
     vertex -8.165840e+00  2.902312e+01  3.000000e+02
     vertex -9.602373e+00  2.858001e+01  3.000000e+02
     vertex -8.357090e+00  2.487361e+01  3.000000e+02
   endloop
 endfacet
 facet normal  0.000000e+00  0.000000e+00  1.000000e+00
   outer loop
     vertex  2.921768e+01 -7.439736e+00  3.000000e+02
     vertex  2.542859e+01 -6.474914e+00  3.000000e+02
     vertex  2.507423e+01 -7.734376e+00  3.000000e+02
   endloop
 endfacet
 facet normal  0.000000e+00  0.000000e+00  1.000000e+00
   outer loop
     vertex  2.921768e+01 -7.439736e+00  3.000000e+02
     vertex  2.507423e+01 -7.734376e+00  3.000000e+02
     vertex  2.881052e+01 -8.886869e+00  3.000000e+02
   endloop
 endfacet
 facet normal  0.000000e+00  0.000000e+00  1.000000e+00
   outer loop
     vertex -6.709006e+00  2.939408e+01  3.000000e+02
     vertex -7.106854e+00  2.525926e+01  3.000000e+02
     vertex -5.838949e+00  2.558211e+01  3.000000e+02
   endloop
 endfacet
 facet normal  0.000000e+00  0.000000e+00  1.000000e+00
   outer loop
     vertex -6.709006e+00  2.939408e+01  3.000000e+02
     vertex -8.165840e+00  2.902312e+01  3.000000e+02
     vertex -7.106854e+00  2.525926e+01  3.000000e+02
   endloop
 endfacet
 facet normal  0.000000e+00  0.000000e+00  1.000000e+00
   outer loop
     vertex  2.955220e+01 -5.974106e+00  3.000000e+02
     vertex  2.571973e+01 -5.199355e+00  3.000000e+02
     vertex  2.542859e+01 -6.474914e+00  3.000000e+02
   endloop
 endfacet
 facet normal  0.000000e+00  0.000000e+00  1.000000e+00
   outer loop
     vertex  2.955220e+01 -5.974106e+00  3.000000e+02
     vertex  2.542859e+01 -6.474914e+00  3.000000e+02
     vertex  2.921768e+01 -7.439736e+00  3.000000e+02
   endloop
 endfacet
 facet normal  0.000000e+00  0.000000e+00  1.000000e+00
   outer loop
     vertex -5.235493e+00  2.969195e+01  3.000000e+02
     vertex -4.556528e+00  2.584136e+01  3.000000e+02
     vertex -3.262779e+00  2.603636e+01  3.000000e+02
   endloop
 endfacet
 facet normal  0.000000e+00  0.000000e+00  1.000000e+00
   outer loop
     vertex -5.235493e+00  2.969195e+01  3.000000e+02
     vertex -5.838949e+00  2.558211e+01  3.000000e+02
     vertex -4.556528e+00  2.584136e+01  3.000000e+02
   endloop
 endfacet
 facet normal  0.000000e+00  0.000000e+00  1.000000e+00
   outer loop
     vertex -5.235493e+00  2.969195e+01  3.000000e+02
     vertex -6.709006e+00  2.939408e+01  3.000000e+02
     vertex -5.838949e+00  2.558211e+01  3.000000e+02
   endloop
 endfacet
 facet normal  0.000000e+00  0.000000e+00  1.000000e+00
   outer loop
     vertex  2.981325e+01 -4.493624e+00  3.000000e+02
     vertex  2.594692e+01 -3.910869e+00  3.000000e+02
     vertex  2.571973e+01 -5.199355e+00  3.000000e+02
   endloop
 endfacet
 facet normal  0.000000e+00  0.000000e+00  1.000000e+00
   outer loop
     vertex  2.981325e+01 -4.493624e+00  3.000000e+02
     vertex  2.571973e+01 -5.199355e+00  3.000000e+02
     vertex  2.955220e+01 -5.974106e+00  3.000000e+02
   endloop
 endfacet
 facet normal  0.000000e+00  0.000000e+00  1.000000e+00
   outer loop
     vertex -3.748963e+00  2.991601e+01  3.000000e+02
     vertex -5.235493e+00  2.969195e+01  3.000000e+02
     vertex -3.262779e+00  2.603636e+01  3.000000e+02
   endloop
 endfacet
 facet normal  0.000000e+00  0.000000e+00  1.000000e+00
   outer loop
     vertex  3.000018e+01 -3.001971e+00  3.000000e+02
     vertex  2.594692e+01 -3.910869e+00  3.000000e+02
     vertex  2.981325e+01 -4.493624e+00  3.000000e+02
   endloop
 endfacet
 facet normal  0.000000e+00  0.000000e+00  1.000000e+00
   outer loop
     vertex  3.000018e+01 -3.001971e+00  3.000000e+02
     vertex  2.610961e+01 -2.612660e+00  3.000000e+02
     vertex  2.594692e+01 -3.910869e+00  3.000000e+02
   endloop
 endfacet
 facet normal  0.000000e+00  0.000000e+00  1.000000e+00
   outer loop
     vertex -2.253112e+00  3.006569e+01  3.000000e+02
     vertex -3.748963e+00  2.991601e+01  3.000000e+02
     vertex -3.262779e+00  2.603636e+01  3.000000e+02
   endloop
 endfacet
 facet normal  0.000000e+00  0.000000e+00  1.000000e+00
   outer loop
     vertex -2.253112e+00  3.006569e+01  3.000000e+02
     vertex -3.262779e+00  2.603636e+01  3.000000e+02
     vertex -1.960918e+00  2.616663e+01  3.000000e+02
   endloop
 endfacet
 facet normal  0.000000e+00  0.000000e+00  1.000000e+00
   outer loop
     vertex  3.011252e+01 -1.502853e+00  3.000000e+02
     vertex  2.610961e+01 -2.612660e+00  3.000000e+02
     vertex  3.000018e+01 -3.001971e+00  3.000000e+02
   endloop
 endfacet
 facet normal  0.000000e+00  0.000000e+00  1.000000e+00
   outer loop
     vertex  3.011252e+01 -1.502853e+00  3.000000e+02
     vertex  2.620738e+01 -1.307956e+00  3.000000e+02
     vertex  2.610961e+01 -2.612660e+00  3.000000e+02
   endloop
 endfacet
 facet normal  0.000000e+00  0.000000e+00  1.000000e+00
   outer loop
     vertex -7.516604e-01  3.014063e+01  3.000000e+02
     vertex -2.253112e+00  3.006569e+01  3.000000e+02
     vertex -1.960918e+00  2.616663e+01  3.000000e+02
   endloop
 endfacet
 facet normal  0.000000e+00  0.000000e+00  1.000000e+00
   outer loop
     vertex -7.516604e-01  3.014063e+01  3.000000e+02
     vertex -1.960918e+00  2.616663e+01  3.000000e+02
     vertex -6.541814e-01  2.623184e+01  3.000000e+02
   endloop
 endfacet
 facet normal  0.000000e+00  0.000000e+00  1.000000e+00
   outer loop
     vertex  3.015000e+01  0.000000e+00  3.000000e+02
     vertex  2.620738e+01 -1.307956e+00  3.000000e+02
     vertex  3.011252e+01 -1.502853e+00  3.000000e+02
   endloop
 endfacet
 facet normal  0.000000e+00  0.000000e+00  1.000000e+00
   outer loop
     vertex  3.015000e+01  0.000000e+00  3.000000e+02
     vertex  2.624000e+01  0.000000e+00  3.000000e+02
     vertex  2.620738e+01 -1.307956e+00  3.000000e+02
   endloop
 endfacet
 facet normal  0.000000e+00  0.000000e+00  1.000000e+00
   outer loop
     vertex  7.516604e-01  3.014063e+01  3.000000e+02
     vertex -7.516604e-01  3.014063e+01  3.000000e+02
     vertex -6.541814e-01  2.623184e+01  3.000000e+02
   endloop
 endfacet
 facet normal  0.000000e+00  0.000000e+00  1.000000e+00
   outer loop
     vertex  7.516604e-01  3.014063e+01  3.000000e+02
     vertex -6.541814e-01  2.623184e+01  3.000000e+02
     vertex  6.541814e-01  2.623184e+01  3.000000e+02
   endloop
 endfacet
 facet normal  0.000000e+00  0.000000e+00  1.000000e+00
   outer loop
     vertex  3.011252e+01  1.502853e+00  3.000000e+02
     vertex  2.624000e+01  0.000000e+00  3.000000e+02
     vertex  3.015000e+01  0.000000e+00  3.000000e+02
   endloop
 endfacet
 facet normal  0.000000e+00  0.000000e+00  1.000000e+00
   outer loop
     vertex  3.011252e+01  1.502853e+00  3.000000e+02
     vertex  2.620738e+01  1.307956e+00  3.000000e+02
     vertex  2.624000e+01  0.000000e+00  3.000000e+02
   endloop
 endfacet
 facet normal  0.000000e+00  0.000000e+00  1.000000e+00
   outer loop
     vertex  2.253112e+00  3.006569e+01  3.000000e+02
     vertex  7.516604e-01  3.014063e+01  3.000000e+02
     vertex  6.541814e-01  2.623184e+01  3.000000e+02
   endloop
 endfacet
 facet normal  0.000000e+00  0.000000e+00  1.000000e+00
   outer loop
     vertex  2.253112e+00  3.006569e+01  3.000000e+02
     vertex  1.960918e+00  2.616663e+01  3.000000e+02
     vertex  3.262779e+00  2.603636e+01  3.000000e+02
   endloop
 endfacet
 facet normal  0.000000e+00  0.000000e+00  1.000000e+00
   outer loop
     vertex  2.253112e+00  3.006569e+01  3.000000e+02
     vertex  6.541814e-01  2.623184e+01  3.000000e+02
     vertex  1.960918e+00  2.616663e+01  3.000000e+02
   endloop
 endfacet
 facet normal  0.000000e+00  0.000000e+00  1.000000e+00
   outer loop
     vertex  3.000018e+01  3.001971e+00  3.000000e+02
     vertex  2.620738e+01  1.307956e+00  3.000000e+02
     vertex  3.011252e+01  1.502853e+00  3.000000e+02
   endloop
 endfacet
 facet normal  0.000000e+00  0.000000e+00  1.000000e+00
   outer loop
     vertex  3.000018e+01  3.001971e+00  3.000000e+02
     vertex  2.610961e+01  2.612660e+00  3.000000e+02
     vertex  2.620738e+01  1.307956e+00  3.000000e+02
   endloop
 endfacet
 facet normal  0.000000e+00  0.000000e+00  1.000000e+00
   outer loop
     vertex  3.000018e+01  3.001971e+00  3.000000e+02
     vertex  2.594692e+01  3.910869e+00  3.000000e+02
     vertex  2.610961e+01  2.612660e+00  3.000000e+02
   endloop
 endfacet
 facet normal  0.000000e+00  0.000000e+00  1.000000e+00
   outer loop
     vertex  3.748963e+00  2.991601e+01  3.000000e+02
     vertex  2.253112e+00  3.006569e+01  3.000000e+02
     vertex  3.262779e+00  2.603636e+01  3.000000e+02
   endloop
 endfacet
 facet normal  0.000000e+00  0.000000e+00  1.000000e+00
   outer loop
     vertex  2.981325e+01  4.493624e+00  3.000000e+02
     vertex  2.594692e+01  3.910869e+00  3.000000e+02
     vertex  3.000018e+01  3.001971e+00  3.000000e+02
   endloop
 endfacet
 facet normal  0.000000e+00  0.000000e+00  1.000000e+00
   outer loop
     vertex  5.235493e+00  2.969195e+01  3.000000e+02
     vertex  3.262779e+00  2.603636e+01  3.000000e+02
     vertex  4.556528e+00  2.584136e+01  3.000000e+02
   endloop
 endfacet
 facet normal  0.000000e+00  0.000000e+00  1.000000e+00
   outer loop
     vertex  5.235493e+00  2.969195e+01  3.000000e+02
     vertex  3.748963e+00  2.991601e+01  3.000000e+02
     vertex  3.262779e+00  2.603636e+01  3.000000e+02
   endloop
 endfacet
 facet normal  0.000000e+00  0.000000e+00  1.000000e+00
   outer loop
     vertex  2.955220e+01  5.974106e+00  3.000000e+02
     vertex  2.571973e+01  5.199355e+00  3.000000e+02
     vertex  2.594692e+01  3.910869e+00  3.000000e+02
   endloop
 endfacet
 facet normal  0.000000e+00  0.000000e+00  1.000000e+00
   outer loop
     vertex  2.955220e+01  5.974106e+00  3.000000e+02
     vertex  2.594692e+01  3.910869e+00  3.000000e+02
     vertex  2.981325e+01  4.493624e+00  3.000000e+02
   endloop
 endfacet
 facet normal  0.000000e+00  0.000000e+00  1.000000e+00
   outer loop
     vertex  6.709006e+00  2.939408e+01  3.000000e+02
     vertex  4.556528e+00  2.584136e+01  3.000000e+02
     vertex  5.838949e+00  2.558211e+01  3.000000e+02
   endloop
 endfacet
 facet normal  0.000000e+00  0.000000e+00  1.000000e+00
   outer loop
     vertex  6.709006e+00  2.939408e+01  3.000000e+02
     vertex  5.235493e+00  2.969195e+01  3.000000e+02
     vertex  4.556528e+00  2.584136e+01  3.000000e+02
   endloop
 endfacet
 facet normal  0.000000e+00  0.000000e+00  1.000000e+00
   outer loop
     vertex  2.921768e+01  7.439736e+00  3.000000e+02
     vertex  2.542859e+01  6.474914e+00  3.000000e+02
     vertex  2.571973e+01  5.199355e+00  3.000000e+02
   endloop
 endfacet
 facet normal  0.000000e+00  0.000000e+00  1.000000e+00
   outer loop
     vertex  2.921768e+01  7.439736e+00  3.000000e+02
     vertex  2.507423e+01  7.734376e+00  3.000000e+02
     vertex  2.542859e+01  6.474914e+00  3.000000e+02
   endloop
 endfacet
 facet normal  0.000000e+00  0.000000e+00  1.000000e+00
   outer loop
     vertex  2.921768e+01  7.439736e+00  3.000000e+02
     vertex  2.571973e+01  5.199355e+00  3.000000e+02
     vertex  2.955220e+01  5.974106e+00  3.000000e+02
   endloop
 endfacet
 facet normal  0.000000e+00  0.000000e+00  1.000000e+00
   outer loop
     vertex  8.165840e+00  2.902312e+01  3.000000e+02
     vertex  6.709006e+00  2.939408e+01  3.000000e+02
     vertex  5.838949e+00  2.558211e+01  3.000000e+02
   endloop
 endfacet
 facet normal  0.000000e+00  0.000000e+00  1.000000e+00
   outer loop
     vertex  8.165840e+00  2.902312e+01  3.000000e+02
     vertex  5.838949e+00  2.558211e+01  3.000000e+02
     vertex  7.106854e+00  2.525926e+01  3.000000e+02
   endloop
 endfacet
 facet normal  0.000000e+00  0.000000e+00  1.000000e+00
   outer loop
     vertex  2.881052e+01  8.886869e+00  3.000000e+02
     vertex  2.507423e+01  7.734376e+00  3.000000e+02
     vertex  2.921768e+01  7.439736e+00  3.000000e+02
   endloop
 endfacet
 facet normal  0.000000e+00  0.000000e+00  1.000000e+00
   outer loop
     vertex  9.602373e+00  2.858001e+01  3.000000e+02
     vertex  8.165840e+00  2.902312e+01  3.000000e+02
     vertex  7.106854e+00  2.525926e+01  3.000000e+02
   endloop
 endfacet
 facet normal  0.000000e+00  0.000000e+00  1.000000e+00
   outer loop
     vertex  9.602373e+00  2.858001e+01  3.000000e+02
     vertex  7.106854e+00  2.525926e+01  3.000000e+02
     vertex  8.357090e+00  2.487361e+01  3.000000e+02
   endloop
 endfacet
 facet normal  0.000000e+00  0.000000e+00  1.000000e+00
   outer loop
     vertex  2.833173e+01  1.031191e+01  3.000000e+02
     vertex  2.465753e+01  8.974609e+00  3.000000e+02
     vertex  2.507423e+01  7.734376e+00  3.000000e+02
   endloop
 endfacet
 facet normal  0.000000e+00  0.000000e+00  1.000000e+00
   outer loop
     vertex  2.833173e+01  1.031191e+01  3.000000e+02
     vertex  2.507423e+01  7.734376e+00  3.000000e+02
     vertex  2.881052e+01  8.886869e+00  3.000000e+02
   endloop
 endfacet
 facet normal  0.000000e+00  0.000000e+00  1.000000e+00
   outer loop
     vertex  1.101503e+01  2.806584e+01  3.000000e+02
     vertex  9.602373e+00  2.858001e+01  3.000000e+02
     vertex  8.357090e+00  2.487361e+01  3.000000e+02
   endloop
 endfacet
 facet normal  0.000000e+00  0.000000e+00  1.000000e+00
   outer loop
     vertex  1.101503e+01  2.806584e+01  3.000000e+02
     vertex  8.357090e+00  2.487361e+01  3.000000e+02
     vertex  9.586548e+00  2.442613e+01  3.000000e+02
   endloop
 endfacet
 facet normal  0.000000e+00  0.000000e+00  1.000000e+00
   outer loop
     vertex  2.778251e+01  1.171131e+01  3.000000e+02
     vertex  2.465753e+01  8.974609e+00  3.000000e+02
     vertex  2.833173e+01  1.031191e+01  3.000000e+02
   endloop
 endfacet
 facet normal  0.000000e+00  0.000000e+00  1.000000e+00
   outer loop
     vertex  2.778251e+01  1.171131e+01  3.000000e+02
     vertex  2.417954e+01  1.019253e+01  3.000000e+02
     vertex  2.465753e+01  8.974609e+00  3.000000e+02
   endloop
 endfacet
 facet normal  0.000000e+00  0.000000e+00  1.000000e+00
   outer loop
     vertex  1.240031e+01  2.748190e+01  3.000000e+02
     vertex  1.101503e+01  2.806584e+01  3.000000e+02
     vertex  9.586548e+00  2.442613e+01  3.000000e+02
   endloop
 endfacet
 facet normal  0.000000e+00  0.000000e+00  1.000000e+00
   outer loop
     vertex  1.240031e+01  2.748190e+01  3.000000e+02
     vertex  9.586548e+00  2.442613e+01  3.000000e+02
     vertex  1.079217e+01  2.391791e+01  3.000000e+02
   endloop
 endfacet
 facet normal  0.000000e+00  0.000000e+00  1.000000e+00
   outer loop
     vertex  2.716421e+01  1.308159e+01  3.000000e+02
     vertex  2.417954e+01  1.019253e+01  3.000000e+02
     vertex  2.778251e+01  1.171131e+01  3.000000e+02
   endloop
 endfacet
 facet normal  0.000000e+00  0.000000e+00  1.000000e+00
   outer loop
     vertex  2.716421e+01  1.308159e+01  3.000000e+02
     vertex  2.364142e+01  1.138511e+01  3.000000e+02
     vertex  2.417954e+01  1.019253e+01  3.000000e+02
   endloop
 endfacet
 facet normal  0.000000e+00  0.000000e+00  1.000000e+00
   outer loop
     vertex  1.375475e+01  2.682964e+01  3.000000e+02
     vertex  1.240031e+01  2.748190e+01  3.000000e+02
     vertex  1.079217e+01  2.391791e+01  3.000000e+02
   endloop
 endfacet
 facet normal  0.000000e+00  0.000000e+00  1.000000e+00
   outer loop
     vertex  1.375475e+01  2.682964e+01  3.000000e+02
     vertex  1.079217e+01  2.391791e+01  3.000000e+02
     vertex  1.197097e+01  2.335024e+01  3.000000e+02
   endloop
 endfacet
 facet normal  0.000000e+00  0.000000e+00  1.000000e+00
   outer loop
     vertex  2.647838e+01  1.441936e+01  3.000000e+02
     vertex  2.304453e+01  1.254938e+01  3.000000e+02
     vertex  2.364142e+01  1.138511e+01  3.000000e+02
   endloop
 endfacet
 facet normal  0.000000e+00  0.000000e+00  1.000000e+00
   outer loop
     vertex  2.647838e+01  1.441936e+01  3.000000e+02
     vertex  2.364142e+01  1.138511e+01  3.000000e+02
     vertex  2.716421e+01  1.308159e+01  3.000000e+02
   endloop
 endfacet
 facet normal  0.000000e+00  0.000000e+00  1.000000e+00
   outer loop
     vertex  1.507500e+01  2.611067e+01  3.000000e+02
     vertex  1.375475e+01  2.682964e+01  3.000000e+02
     vertex  1.197097e+01  2.335024e+01  3.000000e+02
   endloop
 endfacet
 facet normal  0.000000e+00  0.000000e+00  1.000000e+00
   outer loop
     vertex  1.507500e+01  2.611067e+01  3.000000e+02
     vertex  1.312000e+01  2.272451e+01  3.000000e+02
     vertex  1.423641e+01  2.204228e+01  3.000000e+02
   endloop
 endfacet
 facet normal  0.000000e+00  0.000000e+00  1.000000e+00
   outer loop
     vertex  1.507500e+01  2.611067e+01  3.000000e+02
     vertex  1.197097e+01  2.335024e+01  3.000000e+02
     vertex  1.312000e+01  2.272451e+01  3.000000e+02
   endloop
 endfacet
 facet normal  0.000000e+00  0.000000e+00  1.000000e+00
   outer loop
     vertex  2.572672e+01  1.572127e+01  3.000000e+02
     vertex  2.304453e+01  1.254938e+01  3.000000e+02
     vertex  2.647838e+01  1.441936e+01  3.000000e+02
   endloop
 endfacet
 facet normal  0.000000e+00  0.000000e+00  1.000000e+00
   outer loop
     vertex  2.572672e+01  1.572127e+01  3.000000e+02
     vertex  2.239035e+01  1.368246e+01  3.000000e+02
     vertex  2.304453e+01  1.254938e+01  3.000000e+02
   endloop
 endfacet
 facet normal  0.000000e+00  0.000000e+00  1.000000e+00
   outer loop
     vertex  1.635777e+01  2.532678e+01  3.000000e+02
     vertex  1.507500e+01  2.611067e+01  3.000000e+02
     vertex  1.423641e+01  2.204228e+01  3.000000e+02
   endloop
 endfacet
 facet normal  0.000000e+00  0.000000e+00  1.000000e+00
   outer loop
     vertex  2.491110e+01  1.698410e+01  3.000000e+02
     vertex  2.239035e+01  1.368246e+01  3.000000e+02
     vertex  2.572672e+01  1.572127e+01  3.000000e+02
   endloop
 endfacet
 facet normal  0.000000e+00  0.000000e+00  1.000000e+00
   outer loop
     vertex  2.491110e+01  1.698410e+01  3.000000e+02
     vertex  2.168051e+01  1.478152e+01  3.000000e+02
     vertex  2.239035e+01  1.368246e+01  3.000000e+02
   endloop
 endfacet
 facet normal  0.000000e+00  0.000000e+00  1.000000e+00
   outer loop
     vertex  1.759987e+01  2.447993e+01  3.000000e+02
     vertex  1.635777e+01  2.532678e+01  3.000000e+02
     vertex  1.423641e+01  2.204228e+01  3.000000e+02
   endloop
 endfacet
 facet normal  0.000000e+00  0.000000e+00  1.000000e+00
   outer loop
     vertex  1.759987e+01  2.447993e+01  3.000000e+02
     vertex  1.423641e+01  2.204228e+01  3.000000e+02
     vertex  1.531743e+01  2.130525e+01  3.000000e+02
   endloop
 endfacet
 facet normal  0.000000e+00  0.000000e+00  1.000000e+00
   outer loop
     vertex  2.403355e+01  1.820470e+01  3.000000e+02
     vertex  2.091676e+01  1.584383e+01  3.000000e+02
     vertex  2.168051e+01  1.478152e+01  3.000000e+02
   endloop
 endfacet
 facet normal  0.000000e+00  0.000000e+00  1.000000e+00
   outer loop
     vertex  2.403355e+01  1.820470e+01  3.000000e+02
     vertex  2.168051e+01  1.478152e+01  3.000000e+02
     vertex  2.491110e+01  1.698410e+01  3.000000e+02
   endloop
 endfacet
 facet normal  0.000000e+00  0.000000e+00  1.000000e+00
   outer loop
     vertex  1.879822e+01  2.357222e+01  3.000000e+02
     vertex  1.759987e+01  2.447993e+01  3.000000e+02
     vertex  1.531743e+01  2.130525e+01  3.000000e+02
   endloop
 endfacet
 facet normal  0.000000e+00  0.000000e+00  1.000000e+00
   outer loop
     vertex  1.879822e+01  2.357222e+01  3.000000e+02
     vertex  1.531743e+01  2.130525e+01  3.000000e+02
     vertex  1.636037e+01  2.051526e+01  3.000000e+02
   endloop
 endfacet
 facet normal  0.000000e+00  0.000000e+00  1.000000e+00
   outer loop
     vertex  2.309624e+01  1.938005e+01  3.000000e+02
     vertex  2.091676e+01  1.584383e+01  3.000000e+02
     vertex  2.403355e+01  1.820470e+01  3.000000e+02
   endloop
 endfacet
 facet normal  0.000000e+00  0.000000e+00  1.000000e+00
   outer loop
     vertex  2.309624e+01  1.938005e+01  3.000000e+02
     vertex  2.010101e+01  1.686675e+01  3.000000e+02
     vertex  2.091676e+01  1.584383e+01  3.000000e+02
   endloop
 endfacet
 facet normal  0.000000e+00  0.000000e+00  1.000000e+00
   outer loop
     vertex  1.994983e+01  2.260590e+01  3.000000e+02
     vertex  1.636037e+01  2.051526e+01  3.000000e+02
     vertex  1.736264e+01  1.967426e+01  3.000000e+02
   endloop
 endfacet
 facet normal  0.000000e+00  0.000000e+00  1.000000e+00
   outer loop
     vertex  1.994983e+01  2.260590e+01  3.000000e+02
     vertex  1.879822e+01  2.357222e+01  3.000000e+02
     vertex  1.636037e+01  2.051526e+01  3.000000e+02
   endloop
 endfacet
 facet normal  0.000000e+00  0.000000e+00  1.000000e+00
   outer loop
     vertex  2.210151e+01  2.050721e+01  3.000000e+02
     vertex  1.923528e+01  1.784773e+01  3.000000e+02
     vertex  2.010101e+01  1.686675e+01  3.000000e+02
   endloop
 endfacet
 facet normal  0.000000e+00  0.000000e+00  1.000000e+00
   outer loop
     vertex  2.210151e+01  2.050721e+01  3.000000e+02
     vertex  1.832173e+01  1.878435e+01  3.000000e+02
     vertex  1.923528e+01  1.784773e+01  3.000000e+02
   endloop
 endfacet
 facet normal  0.000000e+00  0.000000e+00  1.000000e+00
   outer loop
     vertex  2.210151e+01  2.050721e+01  3.000000e+02
     vertex  2.010101e+01  1.686675e+01  3.000000e+02
     vertex  2.309624e+01  1.938005e+01  3.000000e+02
   endloop
 endfacet
 facet normal  0.000000e+00  0.000000e+00  1.000000e+00
   outer loop
     vertex  2.105184e+01  2.158339e+01  3.000000e+02
     vertex  1.736264e+01  1.967426e+01  3.000000e+02
     vertex  1.832173e+01  1.878435e+01  3.000000e+02
   endloop
 endfacet
 facet normal  0.000000e+00  0.000000e+00  1.000000e+00
   outer loop
     vertex  2.105184e+01  2.158339e+01  3.000000e+02
     vertex  1.994983e+01  2.260590e+01  3.000000e+02
     vertex  1.736264e+01  1.967426e+01  3.000000e+02
   endloop
 endfacet
 facet normal  0.000000e+00  0.000000e+00  1.000000e+00
   outer loop
     vertex  2.105184e+01  2.158339e+01  3.000000e+02
     vertex  1.832173e+01  1.878435e+01  3.000000e+02
     vertex  2.210151e+01  2.050721e+01  3.000000e+02
   endloop
 endfacet
 facet normal -9.996892e-01 -2.493069e-02  0.000000e+00
   outer loop
     vertex  2.620738e+01  1.307956e+00  0.000000e+00
     vertex  2.624000e+01  0.000000e+00  0.000000e+00
     vertex  2.624000e+01  0.000000e+00  3.000000e+02
   endloop
 endfacet
 facet normal -9.996892e-01 -2.493069e-02  0.000000e+00
   outer loop
     vertex  2.620738e+01  1.307956e+00  0.000000e+00
     vertex  2.624000e+01  0.000000e+00  3.000000e+02
     vertex  2.620738e+01  1.307956e+00  3.000000e+02
   endloop
 endfacet
 facet normal -9.972038e-01 -7.473009e-02  0.000000e+00
   outer loop
     vertex  2.610961e+01  2.612660e+00  0.000000e+00
     vertex  2.620738e+01  1.307956e+00  3.000000e+02
     vertex  2.610961e+01  2.612660e+00  3.000000e+02
   endloop
 endfacet
 facet normal -9.972038e-01 -7.473009e-02  0.000000e+00
   outer loop
     vertex  2.610961e+01  2.612660e+00  0.000000e+00
     vertex  2.620738e+01  1.307956e+00  0.000000e+00
     vertex  2.620738e+01  1.307956e+00  3.000000e+02
   endloop
 endfacet
 facet normal -9.922392e-01 -1.243437e-01  0.000000e+00
   outer loop
     vertex  2.594692e+01  3.910869e+00  0.000000e+00
     vertex  2.610961e+01  2.612660e+00  3.000000e+02
     vertex  2.594692e+01  3.910869e+00  3.000000e+02
   endloop
 endfacet
 facet normal -9.922392e-01 -1.243437e-01  0.000000e+00
   outer loop
     vertex  2.594692e+01  3.910869e+00  0.000000e+00
     vertex  2.610961e+01  2.612660e+00  0.000000e+00
     vertex  2.610961e+01  2.612660e+00  3.000000e+02
   endloop
 endfacet
 facet normal -9.848078e-01 -1.736482e-01  0.000000e+00
   outer loop
     vertex  2.571973e+01  5.199355e+00  0.000000e+00
     vertex  2.594692e+01  3.910869e+00  3.000000e+02
     vertex  2.571973e+01  5.199355e+00  3.000000e+02
   endloop
 endfacet
 facet normal -9.749279e-01 -2.225209e-01  0.000000e+00
   outer loop
     vertex  2.571973e+01  5.199355e+00  0.000000e+00
     vertex  2.571973e+01  5.199355e+00  3.000000e+02
     vertex  2.542859e+01  6.474914e+00  3.000000e+02
   endloop
 endfacet
 facet normal -9.848078e-01 -1.736482e-01  0.000000e+00
   outer loop
     vertex  2.571973e+01  5.199355e+00  0.000000e+00
     vertex  2.594692e+01  3.910869e+00  0.000000e+00
     vertex  2.594692e+01  3.910869e+00  3.000000e+02
   endloop
 endfacet
 facet normal -9.749279e-01 -2.225209e-01  0.000000e+00
   outer loop
     vertex  2.542859e+01  6.474914e+00  0.000000e+00
     vertex  2.571973e+01  5.199355e+00  0.000000e+00
     vertex  2.542859e+01  6.474914e+00  3.000000e+02
   endloop
 endfacet
 facet normal -9.626242e-01 -2.708405e-01  0.000000e+00
   outer loop
     vertex  2.507423e+01  7.734376e+00  0.000000e+00
     vertex  2.542859e+01  6.474914e+00  3.000000e+02
     vertex  2.507423e+01  7.734376e+00  3.000000e+02
   endloop
 endfacet
 facet normal -9.626242e-01 -2.708405e-01  0.000000e+00
   outer loop
     vertex  2.507423e+01  7.734376e+00  0.000000e+00
     vertex  2.542859e+01  6.474914e+00  0.000000e+00
     vertex  2.542859e+01  6.474914e+00  3.000000e+02
   endloop
 endfacet
 facet normal -9.479273e-01 -3.184867e-01  0.000000e+00
   outer loop
     vertex  2.465753e+01  8.974609e+00  0.000000e+00
     vertex  2.507423e+01  7.734376e+00  3.000000e+02
     vertex  2.465753e+01  8.974609e+00  3.000000e+02
   endloop
 endfacet
 facet normal -9.479273e-01 -3.184867e-01  0.000000e+00
   outer loop
     vertex  2.465753e+01  8.974609e+00  0.000000e+00
     vertex  2.507423e+01  7.734376e+00  0.000000e+00
     vertex  2.507423e+01  7.734376e+00  3.000000e+02
   endloop
 endfacet
 facet normal -9.308737e-01 -3.653410e-01  0.000000e+00
   outer loop
     vertex  2.417954e+01  1.019253e+01  0.000000e+00
     vertex  2.465753e+01  8.974609e+00  3.000000e+02
     vertex  2.417954e+01  1.019253e+01  3.000000e+02
   endloop
 endfacet
 facet normal -9.308737e-01 -3.653410e-01  0.000000e+00
   outer loop
     vertex  2.417954e+01  1.019253e+01  0.000000e+00
     vertex  2.465753e+01  8.974609e+00  0.000000e+00
     vertex  2.465753e+01  8.974609e+00  3.000000e+02
   endloop
 endfacet
 facet normal -9.115059e-01 -4.112871e-01  0.000000e+00
   outer loop
     vertex  2.364142e+01  1.138511e+01  0.000000e+00
     vertex  2.417954e+01  1.019253e+01  3.000000e+02
     vertex  2.364142e+01  1.138511e+01  3.000000e+02
   endloop
 endfacet
 facet normal -9.115059e-01 -4.112871e-01  0.000000e+00
   outer loop
     vertex  2.364142e+01  1.138511e+01  0.000000e+00
     vertex  2.417954e+01  1.019253e+01  0.000000e+00
     vertex  2.417954e+01  1.019253e+01  3.000000e+02
   endloop
 endfacet
 facet normal -8.898718e-01 -4.562107e-01  0.000000e+00
   outer loop
     vertex  2.304453e+01  1.254938e+01  0.000000e+00
     vertex  2.364142e+01  1.138511e+01  3.000000e+02
     vertex  2.304453e+01  1.254938e+01  3.000000e+02
   endloop
 endfacet
 facet normal -8.898718e-01 -4.562107e-01  0.000000e+00
   outer loop
     vertex  2.304453e+01  1.254938e+01  0.000000e+00
     vertex  2.364142e+01  1.138511e+01  0.000000e+00
     vertex  2.364142e+01  1.138511e+01  3.000000e+02
   endloop
 endfacet
 facet normal -8.660254e-01 -5.000000e-01  0.000000e+00
   outer loop
     vertex  2.239035e+01  1.368246e+01  0.000000e+00
     vertex  2.304453e+01  1.254938e+01  0.000000e+00
     vertex  2.304453e+01  1.254938e+01  3.000000e+02
   endloop
 endfacet
 facet normal -8.660254e-01 -5.000000e-01  0.000000e+00
   outer loop
     vertex  2.239035e+01  1.368246e+01  0.000000e+00
     vertex  2.304453e+01  1.254938e+01  3.000000e+02
     vertex  2.239035e+01  1.368246e+01  3.000000e+02
   endloop
 endfacet
 facet normal -8.400259e-01 -5.425463e-01  0.000000e+00
   outer loop
     vertex  2.239035e+01  1.368246e+01  0.000000e+00
     vertex  2.239035e+01  1.368246e+01  3.000000e+02
     vertex  2.168051e+01  1.478152e+01  3.000000e+02
   endloop
 endfacet
 facet normal -8.400259e-01 -5.425463e-01  0.000000e+00
   outer loop
     vertex  2.168051e+01  1.478152e+01  0.000000e+00
     vertex  2.239035e+01  1.368246e+01  0.000000e+00
     vertex  2.168051e+01  1.478152e+01  3.000000e+02
   endloop
 endfacet
 facet normal -8.119380e-01 -5.837437e-01  0.000000e+00
   outer loop
     vertex  2.091676e+01  1.584383e+01  0.000000e+00
     vertex  2.168051e+01  1.478152e+01  0.000000e+00
     vertex  2.168051e+01  1.478152e+01  3.000000e+02
   endloop
 endfacet
 facet normal -8.119380e-01 -5.837437e-01  0.000000e+00
   outer loop
     vertex  2.091676e+01  1.584383e+01  0.000000e+00
     vertex  2.168051e+01  1.478152e+01  3.000000e+02
     vertex  2.091676e+01  1.584383e+01  3.000000e+02
   endloop
 endfacet
 facet normal -7.818315e-01 -6.234898e-01  0.000000e+00
   outer loop
     vertex  2.010101e+01  1.686675e+01  0.000000e+00
     vertex  2.091676e+01  1.584383e+01  0.000000e+00
     vertex  2.091676e+01  1.584383e+01  3.000000e+02
   endloop
 endfacet
 facet normal -7.818315e-01 -6.234898e-01  0.000000e+00
   outer loop
     vertex  2.010101e+01  1.686675e+01  0.000000e+00
     vertex  2.091676e+01  1.584383e+01  3.000000e+02
     vertex  2.010101e+01  1.686675e+01  3.000000e+02
   endloop
 endfacet
 facet normal -7.497812e-01 -6.616858e-01  0.000000e+00
   outer loop
     vertex  1.923528e+01  1.784773e+01  0.000000e+00
     vertex  2.010101e+01  1.686675e+01  3.000000e+02
     vertex  1.923528e+01  1.784773e+01  3.000000e+02
   endloop
 endfacet
 facet normal -7.158668e-01 -6.982368e-01  0.000000e+00
   outer loop
     vertex  1.923528e+01  1.784773e+01  0.000000e+00
     vertex  1.923528e+01  1.784773e+01  3.000000e+02
     vertex  1.832173e+01  1.878435e+01  3.000000e+02
   endloop
 endfacet
 facet normal -7.497812e-01 -6.616858e-01  0.000000e+00
   outer loop
     vertex  1.923528e+01  1.784773e+01  0.000000e+00
     vertex  2.010101e+01  1.686675e+01  0.000000e+00
     vertex  2.010101e+01  1.686675e+01  3.000000e+02
   endloop
 endfacet
 facet normal -7.158668e-01 -6.982368e-01  0.000000e+00
   outer loop
     vertex  1.832173e+01  1.878435e+01  0.000000e+00
     vertex  1.923528e+01  1.784773e+01  0.000000e+00
     vertex  1.832173e+01  1.878435e+01  3.000000e+02
   endloop
 endfacet
 facet normal -6.801727e-01 -7.330519e-01  0.000000e+00
   outer loop
     vertex  1.736264e+01  1.967426e+01  0.000000e+00
     vertex  1.832173e+01  1.878435e+01  3.000000e+02
     vertex  1.736264e+01  1.967426e+01  3.000000e+02
   endloop
 endfacet
 facet normal -6.801727e-01 -7.330519e-01  0.000000e+00
   outer loop
     vertex  1.736264e+01  1.967426e+01  0.000000e+00
     vertex  1.832173e+01  1.878435e+01  0.000000e+00
     vertex  1.832173e+01  1.878435e+01  3.000000e+02
   endloop
 endfacet
 facet normal -6.427876e-01 -7.660444e-01  0.000000e+00
   outer loop
     vertex  1.636037e+01  2.051526e+01  0.000000e+00
     vertex  1.736264e+01  1.967426e+01  3.000000e+02
     vertex  1.636037e+01  2.051526e+01  3.000000e+02
   endloop
 endfacet
 facet normal -6.427876e-01 -7.660444e-01  0.000000e+00
   outer loop
     vertex  1.636037e+01  2.051526e+01  0.000000e+00
     vertex  1.736264e+01  1.967426e+01  0.000000e+00
     vertex  1.736264e+01  1.967426e+01  3.000000e+02
   endloop
 endfacet
 facet normal -6.038044e-01 -7.971325e-01  0.000000e+00
   outer loop
     vertex  1.531743e+01  2.130525e+01  0.000000e+00
     vertex  1.636037e+01  2.051526e+01  3.000000e+02
     vertex  1.531743e+01  2.130525e+01  3.000000e+02
   endloop
 endfacet
 facet normal -6.038044e-01 -7.971325e-01  0.000000e+00
   outer loop
     vertex  1.531743e+01  2.130525e+01  0.000000e+00
     vertex  1.636037e+01  2.051526e+01  0.000000e+00
     vertex  1.636037e+01  2.051526e+01  3.000000e+02
   endloop
 endfacet
 facet normal -5.633201e-01 -8.262388e-01  0.000000e+00
   outer loop
     vertex  1.423641e+01  2.204228e+01  0.000000e+00
     vertex  1.531743e+01  2.130525e+01  3.000000e+02
     vertex  1.423641e+01  2.204228e+01  3.000000e+02
   endloop
 endfacet
 facet normal -5.633201e-01 -8.262388e-01  0.000000e+00
   outer loop
     vertex  1.423641e+01  2.204228e+01  0.000000e+00
     vertex  1.531743e+01  2.130525e+01  0.000000e+00
     vertex  1.531743e+01  2.130525e+01  3.000000e+02
   endloop
 endfacet
 facet normal -5.214352e-01 -8.532909e-01  0.000000e+00
   outer loop
     vertex  1.312000e+01  2.272451e+01  0.000000e+00
     vertex  1.423641e+01  2.204228e+01  3.000000e+02
     vertex  1.312000e+01  2.272451e+01  3.000000e+02
   endloop
 endfacet
 facet normal -4.782540e-01 -8.782216e-01  0.000000e+00
   outer loop
     vertex  1.312000e+01  2.272451e+01  0.000000e+00
     vertex  1.312000e+01  2.272451e+01  3.000000e+02
     vertex  1.197097e+01  2.335024e+01  3.000000e+02
   endloop
 endfacet
 facet normal -5.214352e-01 -8.532909e-01  0.000000e+00
   outer loop
     vertex  1.312000e+01  2.272451e+01  0.000000e+00
     vertex  1.423641e+01  2.204228e+01  0.000000e+00
     vertex  1.423641e+01  2.204228e+01  3.000000e+02
   endloop
 endfacet
 facet normal -4.782540e-01 -8.782216e-01  0.000000e+00
   outer loop
     vertex  1.197097e+01  2.335024e+01  0.000000e+00
     vertex  1.312000e+01  2.272451e+01  0.000000e+00
     vertex  1.197097e+01  2.335024e+01  3.000000e+02
   endloop
 endfacet
 facet normal -4.338837e-01 -9.009689e-01  0.000000e+00
   outer loop
     vertex  1.079217e+01  2.391791e+01  0.000000e+00
     vertex  1.197097e+01  2.335024e+01  3.000000e+02
     vertex  1.079217e+01  2.391791e+01  3.000000e+02
   endloop
 endfacet
 facet normal -3.884348e-01 -9.214762e-01  0.000000e+00
   outer loop
     vertex  1.079217e+01  2.391791e+01  0.000000e+00
     vertex  1.079217e+01  2.391791e+01  3.000000e+02
     vertex  9.586548e+00  2.442613e+01  3.000000e+02
   endloop
 endfacet
 facet normal -4.338837e-01 -9.009689e-01  0.000000e+00
   outer loop
     vertex  1.079217e+01  2.391791e+01  0.000000e+00
     vertex  1.197097e+01  2.335024e+01  0.000000e+00
     vertex  1.197097e+01  2.335024e+01  3.000000e+02
   endloop
 endfacet
 facet normal -3.884348e-01 -9.214762e-01  0.000000e+00
   outer loop
     vertex  9.586548e+00  2.442613e+01  0.000000e+00
     vertex  1.079217e+01  2.391791e+01  0.000000e+00
     vertex  9.586548e+00  2.442613e+01  3.000000e+02
   endloop
 endfacet
 facet normal -3.420201e-01 -9.396926e-01  0.000000e+00
   outer loop
     vertex  8.357090e+00  2.487361e+01  0.000000e+00
     vertex  9.586548e+00  2.442613e+01  3.000000e+02
     vertex  8.357090e+00  2.487361e+01  3.000000e+02
   endloop
 endfacet
 facet normal -3.420201e-01 -9.396926e-01  0.000000e+00
   outer loop
     vertex  8.357090e+00  2.487361e+01  0.000000e+00
     vertex  9.586548e+00  2.442613e+01  0.000000e+00
     vertex  9.586548e+00  2.442613e+01  3.000000e+02
   endloop
 endfacet
 facet normal -2.947552e-01 -9.555728e-01  0.000000e+00
   outer loop
     vertex  7.106854e+00  2.525926e+01  0.000000e+00
     vertex  8.357090e+00  2.487361e+01  3.000000e+02
     vertex  7.106854e+00  2.525926e+01  3.000000e+02
   endloop
 endfacet
 facet normal -2.947552e-01 -9.555728e-01  0.000000e+00
   outer loop
     vertex  7.106854e+00  2.525926e+01  0.000000e+00
     vertex  8.357090e+00  2.487361e+01  0.000000e+00
     vertex  8.357090e+00  2.487361e+01  3.000000e+02
   endloop
 endfacet
 facet normal -2.467574e-01 -9.690773e-01  0.000000e+00
   outer loop
     vertex  5.838949e+00  2.558211e+01  0.000000e+00
     vertex  7.106854e+00  2.525926e+01  3.000000e+02
     vertex  5.838949e+00  2.558211e+01  3.000000e+02
   endloop
 endfacet
 facet normal -2.467574e-01 -9.690773e-01  0.000000e+00
   outer loop
     vertex  5.838949e+00  2.558211e+01  0.000000e+00
     vertex  7.106854e+00  2.525926e+01  0.000000e+00
     vertex  7.106854e+00  2.525926e+01  3.000000e+02
   endloop
 endfacet
 facet normal -1.981461e-01 -9.801725e-01  0.000000e+00
   outer loop
     vertex  4.556528e+00  2.584136e+01  0.000000e+00
     vertex  5.838949e+00  2.558211e+01  3.000000e+02
     vertex  4.556528e+00  2.584136e+01  3.000000e+02
   endloop
 endfacet
 facet normal -1.490423e-01 -9.888308e-01  0.000000e+00
   outer loop
     vertex  4.556528e+00  2.584136e+01  0.000000e+00
     vertex  4.556528e+00  2.584136e+01  3.000000e+02
     vertex  3.262779e+00  2.603636e+01  3.000000e+02
   endloop
 endfacet
 facet normal -1.981461e-01 -9.801725e-01  0.000000e+00
   outer loop
     vertex  4.556528e+00  2.584136e+01  0.000000e+00
     vertex  5.838949e+00  2.558211e+01  0.000000e+00
     vertex  5.838949e+00  2.558211e+01  3.000000e+02
   endloop
 endfacet
 facet normal -1.490423e-01 -9.888308e-01  0.000000e+00
   outer loop
     vertex  3.262779e+00  2.603636e+01  0.000000e+00
     vertex  4.556528e+00  2.584136e+01  0.000000e+00
     vertex  3.262779e+00  2.603636e+01  3.000000e+02
   endloop
 endfacet
 facet normal -9.956785e-02 -9.950308e-01  0.000000e+00
   outer loop
     vertex  1.960918e+00  2.616663e+01  0.000000e+00
     vertex  3.262779e+00  2.603636e+01  3.000000e+02
     vertex  1.960918e+00  2.616663e+01  3.000000e+02
   endloop
 endfacet
 facet normal -9.956785e-02 -9.950308e-01  0.000000e+00
   outer loop
     vertex  1.960918e+00  2.616663e+01  0.000000e+00
     vertex  3.262779e+00  2.603636e+01  0.000000e+00
     vertex  3.262779e+00  2.603636e+01  3.000000e+02
   endloop
 endfacet
 facet normal -4.984589e-02 -9.987569e-01  0.000000e+00
   outer loop
     vertex  6.541814e-01  2.623184e+01  0.000000e+00
     vertex  1.960918e+00  2.616663e+01  3.000000e+02
     vertex  6.541814e-01  2.623184e+01  3.000000e+02
   endloop
 endfacet
 facet normal -4.984589e-02 -9.987569e-01  0.000000e+00
   outer loop
     vertex  6.541814e-01  2.623184e+01  0.000000e+00
     vertex  1.960918e+00  2.616663e+01  0.000000e+00
     vertex  1.960918e+00  2.616663e+01  3.000000e+02
   endloop
 endfacet
 facet normal  0.000000e+00 -1.000000e+00  0.000000e+00
   outer loop
     vertex -6.541814e-01  2.623184e+01  0.000000e+00
     vertex  6.541814e-01  2.623184e+01  3.000000e+02
     vertex -6.541814e-01  2.623184e+01  3.000000e+02
   endloop
 endfacet
 facet normal  0.000000e+00 -1.000000e+00  0.000000e+00
   outer loop
     vertex -6.541814e-01  2.623184e+01  0.000000e+00
     vertex  6.541814e-01  2.623184e+01  0.000000e+00
     vertex  6.541814e-01  2.623184e+01  3.000000e+02
   endloop
 endfacet
 facet normal  4.984589e-02 -9.987569e-01  0.000000e+00
   outer loop
     vertex -1.960918e+00  2.616663e+01  0.000000e+00
     vertex -6.541814e-01  2.623184e+01  3.000000e+02
     vertex -1.960918e+00  2.616663e+01  3.000000e+02
   endloop
 endfacet
 facet normal  9.956785e-02 -9.950308e-01  0.000000e+00
   outer loop
     vertex -1.960918e+00  2.616663e+01  0.000000e+00
     vertex -1.960918e+00  2.616663e+01  3.000000e+02
     vertex -3.262779e+00  2.603636e+01  3.000000e+02
   endloop
 endfacet
 facet normal  4.984589e-02 -9.987569e-01  0.000000e+00
   outer loop
     vertex -1.960918e+00  2.616663e+01  0.000000e+00
     vertex -6.541814e-01  2.623184e+01  0.000000e+00
     vertex -6.541814e-01  2.623184e+01  3.000000e+02
   endloop
 endfacet
 facet normal  9.956785e-02 -9.950308e-01  0.000000e+00
   outer loop
     vertex -3.262779e+00  2.603636e+01  0.000000e+00
     vertex -1.960918e+00  2.616663e+01  0.000000e+00
     vertex -3.262779e+00  2.603636e+01  3.000000e+02
   endloop
 endfacet
 facet normal  1.490423e-01 -9.888308e-01  0.000000e+00
   outer loop
     vertex -4.556528e+00  2.584136e+01  0.000000e+00
     vertex -3.262779e+00  2.603636e+01  3.000000e+02
     vertex -4.556528e+00  2.584136e+01  3.000000e+02
   endloop
 endfacet
 facet normal  1.981461e-01 -9.801725e-01  0.000000e+00
   outer loop
     vertex -4.556528e+00  2.584136e+01  0.000000e+00
     vertex -4.556528e+00  2.584136e+01  3.000000e+02
     vertex -5.838949e+00  2.558211e+01  3.000000e+02
   endloop
 endfacet
 facet normal  1.490423e-01 -9.888308e-01  0.000000e+00
   outer loop
     vertex -4.556528e+00  2.584136e+01  0.000000e+00
     vertex -3.262779e+00  2.603636e+01  0.000000e+00
     vertex -3.262779e+00  2.603636e+01  3.000000e+02
   endloop
 endfacet
 facet normal  1.981461e-01 -9.801725e-01  0.000000e+00
   outer loop
     vertex -5.838949e+00  2.558211e+01  0.000000e+00
     vertex -4.556528e+00  2.584136e+01  0.000000e+00
     vertex -5.838949e+00  2.558211e+01  3.000000e+02
   endloop
 endfacet
 facet normal  2.467574e-01 -9.690773e-01  0.000000e+00
   outer loop
     vertex -7.106854e+00  2.525926e+01  0.000000e+00
     vertex -5.838949e+00  2.558211e+01  0.000000e+00
     vertex -5.838949e+00  2.558211e+01  3.000000e+02
   endloop
 endfacet
 facet normal  2.467574e-01 -9.690773e-01  0.000000e+00
   outer loop
     vertex -7.106854e+00  2.525926e+01  0.000000e+00
     vertex -5.838949e+00  2.558211e+01  3.000000e+02
     vertex -7.106854e+00  2.525926e+01  3.000000e+02
   endloop
 endfacet
 facet normal  2.947552e-01 -9.555728e-01  0.000000e+00
   outer loop
     vertex -8.357090e+00  2.487361e+01  0.000000e+00
     vertex -7.106854e+00  2.525926e+01  0.000000e+00
     vertex -7.106854e+00  2.525926e+01  3.000000e+02
   endloop
 endfacet
 facet normal  2.947552e-01 -9.555728e-01  0.000000e+00
   outer loop
     vertex -8.357090e+00  2.487361e+01  0.000000e+00
     vertex -7.106854e+00  2.525926e+01  3.000000e+02
     vertex -8.357090e+00  2.487361e+01  3.000000e+02
   endloop
 endfacet
 facet normal  3.420201e-01 -9.396926e-01  0.000000e+00
   outer loop
     vertex -8.357090e+00  2.487361e+01  0.000000e+00
     vertex -8.357090e+00  2.487361e+01  3.000000e+02
     vertex -9.586548e+00  2.442613e+01  3.000000e+02
   endloop
 endfacet
 facet normal  3.420201e-01 -9.396926e-01  0.000000e+00
   outer loop
     vertex -9.586548e+00  2.442613e+01  0.000000e+00
     vertex -8.357090e+00  2.487361e+01  0.000000e+00
     vertex -9.586548e+00  2.442613e+01  3.000000e+02
   endloop
 endfacet
 facet normal  3.884348e-01 -9.214762e-01  0.000000e+00
   outer loop
     vertex -1.079217e+01  2.391791e+01  0.000000e+00
     vertex -9.586548e+00  2.442613e+01  0.000000e+00
     vertex -9.586548e+00  2.442613e+01  3.000000e+02
   endloop
 endfacet
 facet normal  3.884348e-01 -9.214762e-01  0.000000e+00
   outer loop
     vertex -1.079217e+01  2.391791e+01  0.000000e+00
     vertex -9.586548e+00  2.442613e+01  3.000000e+02
     vertex -1.079217e+01  2.391791e+01  3.000000e+02
   endloop
 endfacet
 facet normal  4.338837e-01 -9.009689e-01  0.000000e+00
   outer loop
     vertex -1.079217e+01  2.391791e+01  0.000000e+00
     vertex -1.079217e+01  2.391791e+01  3.000000e+02
     vertex -1.197097e+01  2.335024e+01  3.000000e+02
   endloop
 endfacet
 facet normal  4.338837e-01 -9.009689e-01  0.000000e+00
   outer loop
     vertex -1.197097e+01  2.335024e+01  0.000000e+00
     vertex -1.079217e+01  2.391791e+01  0.000000e+00
     vertex -1.197097e+01  2.335024e+01  3.000000e+02
   endloop
 endfacet
 facet normal  4.782540e-01 -8.782216e-01  0.000000e+00
   outer loop
     vertex -1.312000e+01  2.272451e+01  0.000000e+00
     vertex -1.197097e+01  2.335024e+01  0.000000e+00
     vertex -1.197097e+01  2.335024e+01  3.000000e+02
   endloop
 endfacet
 facet normal  4.782540e-01 -8.782216e-01  0.000000e+00
   outer loop
     vertex -1.312000e+01  2.272451e+01  0.000000e+00
     vertex -1.197097e+01  2.335024e+01  3.000000e+02
     vertex -1.312000e+01  2.272451e+01  3.000000e+02
   endloop
 endfacet
 facet normal  5.214352e-01 -8.532909e-01  0.000000e+00
   outer loop
     vertex -1.312000e+01  2.272451e+01  0.000000e+00
     vertex -1.312000e+01  2.272451e+01  3.000000e+02
     vertex -1.423641e+01  2.204228e+01  3.000000e+02
   endloop
 endfacet
 facet normal  5.214352e-01 -8.532909e-01  0.000000e+00
   outer loop
     vertex -1.423641e+01  2.204228e+01  0.000000e+00
     vertex -1.312000e+01  2.272451e+01  0.000000e+00
     vertex -1.423641e+01  2.204228e+01  3.000000e+02
   endloop
 endfacet
 facet normal  5.633201e-01 -8.262388e-01  0.000000e+00
   outer loop
     vertex -1.531743e+01  2.130525e+01  0.000000e+00
     vertex -1.423641e+01  2.204228e+01  0.000000e+00
     vertex -1.423641e+01  2.204228e+01  3.000000e+02
   endloop
 endfacet
 facet normal  5.633201e-01 -8.262388e-01  0.000000e+00
   outer loop
     vertex -1.531743e+01  2.130525e+01  0.000000e+00
     vertex -1.423641e+01  2.204228e+01  3.000000e+02
     vertex -1.531743e+01  2.130525e+01  3.000000e+02
   endloop
 endfacet
 facet normal  6.038044e-01 -7.971325e-01  0.000000e+00
   outer loop
     vertex -1.531743e+01  2.130525e+01  0.000000e+00
     vertex -1.531743e+01  2.130525e+01  3.000000e+02
     vertex -1.636037e+01  2.051526e+01  3.000000e+02
   endloop
 endfacet
 facet normal  6.038044e-01 -7.971325e-01  0.000000e+00
   outer loop
     vertex -1.636037e+01  2.051526e+01  0.000000e+00
     vertex -1.531743e+01  2.130525e+01  0.000000e+00
     vertex -1.636037e+01  2.051526e+01  3.000000e+02
   endloop
 endfacet
 facet normal  6.427876e-01 -7.660444e-01  0.000000e+00
   outer loop
     vertex -1.636037e+01  2.051526e+01  0.000000e+00
     vertex -1.636037e+01  2.051526e+01  3.000000e+02
     vertex -1.736264e+01  1.967426e+01  3.000000e+02
   endloop
 endfacet
 facet normal  6.427876e-01 -7.660444e-01  0.000000e+00
   outer loop
     vertex -1.736264e+01  1.967426e+01  0.000000e+00
     vertex -1.636037e+01  2.051526e+01  0.000000e+00
     vertex -1.736264e+01  1.967426e+01  3.000000e+02
   endloop
 endfacet
 facet normal  6.801727e-01 -7.330519e-01  0.000000e+00
   outer loop
     vertex -1.832173e+01  1.878435e+01  0.000000e+00
     vertex -1.736264e+01  1.967426e+01  0.000000e+00
     vertex -1.736264e+01  1.967426e+01  3.000000e+02
   endloop
 endfacet
 facet normal  6.801727e-01 -7.330519e-01  0.000000e+00
   outer loop
     vertex -1.832173e+01  1.878435e+01  0.000000e+00
     vertex -1.736264e+01  1.967426e+01  3.000000e+02
     vertex -1.832173e+01  1.878435e+01  3.000000e+02
   endloop
 endfacet
 facet normal  7.158668e-01 -6.982368e-01  0.000000e+00
   outer loop
     vertex -1.832173e+01  1.878435e+01  0.000000e+00
     vertex -1.832173e+01  1.878435e+01  3.000000e+02
     vertex -1.923528e+01  1.784773e+01  3.000000e+02
   endloop
 endfacet
 facet normal  7.158668e-01 -6.982368e-01  0.000000e+00
   outer loop
     vertex -1.923528e+01  1.784773e+01  0.000000e+00
     vertex -1.832173e+01  1.878435e+01  0.000000e+00
     vertex -1.923528e+01  1.784773e+01  3.000000e+02
   endloop
 endfacet
 facet normal  7.497812e-01 -6.616858e-01  0.000000e+00
   outer loop
     vertex -2.010101e+01  1.686675e+01  0.000000e+00
     vertex -1.923528e+01  1.784773e+01  3.000000e+02
     vertex -2.010101e+01  1.686675e+01  3.000000e+02
   endloop
 endfacet
 facet normal  7.497812e-01 -6.616858e-01  0.000000e+00
   outer loop
     vertex -2.010101e+01  1.686675e+01  0.000000e+00
     vertex -1.923528e+01  1.784773e+01  0.000000e+00
     vertex -1.923528e+01  1.784773e+01  3.000000e+02
   endloop
 endfacet
 facet normal  7.818315e-01 -6.234898e-01  0.000000e+00
   outer loop
     vertex -2.091676e+01  1.584383e+01  0.000000e+00
     vertex -2.010101e+01  1.686675e+01  3.000000e+02
     vertex -2.091676e+01  1.584383e+01  3.000000e+02
   endloop
 endfacet
 facet normal  7.818315e-01 -6.234898e-01  0.000000e+00
   outer loop
     vertex -2.091676e+01  1.584383e+01  0.000000e+00
     vertex -2.010101e+01  1.686675e+01  0.000000e+00
     vertex -2.010101e+01  1.686675e+01  3.000000e+02
   endloop
 endfacet
 facet normal  8.119380e-01 -5.837437e-01  0.000000e+00
   outer loop
     vertex -2.168051e+01  1.478152e+01  0.000000e+00
     vertex -2.091676e+01  1.584383e+01  3.000000e+02
     vertex -2.168051e+01  1.478152e+01  3.000000e+02
   endloop
 endfacet
 facet normal  8.119380e-01 -5.837437e-01  0.000000e+00
   outer loop
     vertex -2.168051e+01  1.478152e+01  0.000000e+00
     vertex -2.091676e+01  1.584383e+01  0.000000e+00
     vertex -2.091676e+01  1.584383e+01  3.000000e+02
   endloop
 endfacet
 facet normal  8.400259e-01 -5.425463e-01  0.000000e+00
   outer loop
     vertex -2.239035e+01  1.368246e+01  0.000000e+00
     vertex -2.168051e+01  1.478152e+01  3.000000e+02
     vertex -2.239035e+01  1.368246e+01  3.000000e+02
   endloop
 endfacet
 facet normal  8.660254e-01 -5.000000e-01  0.000000e+00
   outer loop
     vertex -2.239035e+01  1.368246e+01  0.000000e+00
     vertex -2.239035e+01  1.368246e+01  3.000000e+02
     vertex -2.304453e+01  1.254938e+01  3.000000e+02
   endloop
 endfacet
 facet normal  8.400259e-01 -5.425463e-01  0.000000e+00
   outer loop
     vertex -2.239035e+01  1.368246e+01  0.000000e+00
     vertex -2.168051e+01  1.478152e+01  0.000000e+00
     vertex -2.168051e+01  1.478152e+01  3.000000e+02
   endloop
 endfacet
 facet normal  8.660254e-01 -5.000000e-01  0.000000e+00
   outer loop
     vertex -2.304453e+01  1.254938e+01  0.000000e+00
     vertex -2.239035e+01  1.368246e+01  0.000000e+00
     vertex -2.304453e+01  1.254938e+01  3.000000e+02
   endloop
 endfacet
 facet normal  8.898718e-01 -4.562107e-01  0.000000e+00
   outer loop
     vertex -2.364142e+01  1.138511e+01  0.000000e+00
     vertex -2.304453e+01  1.254938e+01  3.000000e+02
     vertex -2.364142e+01  1.138511e+01  3.000000e+02
   endloop
 endfacet
 facet normal  9.115059e-01 -4.112871e-01  0.000000e+00
   outer loop
     vertex -2.364142e+01  1.138511e+01  0.000000e+00
     vertex -2.364142e+01  1.138511e+01  3.000000e+02
     vertex -2.417954e+01  1.019253e+01  3.000000e+02
   endloop
 endfacet
 facet normal  8.898718e-01 -4.562107e-01  0.000000e+00
   outer loop
     vertex -2.364142e+01  1.138511e+01  0.000000e+00
     vertex -2.304453e+01  1.254938e+01  0.000000e+00
     vertex -2.304453e+01  1.254938e+01  3.000000e+02
   endloop
 endfacet
 facet normal  9.115059e-01 -4.112871e-01  0.000000e+00
   outer loop
     vertex -2.417954e+01  1.019253e+01  0.000000e+00
     vertex -2.364142e+01  1.138511e+01  0.000000e+00
     vertex -2.417954e+01  1.019253e+01  3.000000e+02
   endloop
 endfacet
 facet normal  9.308737e-01 -3.653410e-01  0.000000e+00
   outer loop
     vertex -2.465753e+01  8.974609e+00  0.000000e+00
     vertex -2.417954e+01  1.019253e+01  3.000000e+02
     vertex -2.465753e+01  8.974609e+00  3.000000e+02
   endloop
 endfacet
 facet normal  9.308737e-01 -3.653410e-01  0.000000e+00
   outer loop
     vertex -2.465753e+01  8.974609e+00  0.000000e+00
     vertex -2.417954e+01  1.019253e+01  0.000000e+00
     vertex -2.417954e+01  1.019253e+01  3.000000e+02
   endloop
 endfacet
 facet normal  9.479273e-01 -3.184867e-01  0.000000e+00
   outer loop
     vertex -2.507423e+01  7.734376e+00  0.000000e+00
     vertex -2.465753e+01  8.974609e+00  3.000000e+02
     vertex -2.507423e+01  7.734376e+00  3.000000e+02
   endloop
 endfacet
 facet normal  9.626242e-01 -2.708405e-01  0.000000e+00
   outer loop
     vertex -2.507423e+01  7.734376e+00  0.000000e+00
     vertex -2.507423e+01  7.734376e+00  3.000000e+02
     vertex -2.542859e+01  6.474914e+00  3.000000e+02
   endloop
 endfacet
 facet normal  9.479273e-01 -3.184867e-01  0.000000e+00
   outer loop
     vertex -2.507423e+01  7.734376e+00  0.000000e+00
     vertex -2.465753e+01  8.974609e+00  0.000000e+00
     vertex -2.465753e+01  8.974609e+00  3.000000e+02
   endloop
 endfacet
 facet normal  9.626242e-01 -2.708405e-01  0.000000e+00
   outer loop
     vertex -2.542859e+01  6.474914e+00  0.000000e+00
     vertex -2.507423e+01  7.734376e+00  0.000000e+00
     vertex -2.542859e+01  6.474914e+00  3.000000e+02
   endloop
 endfacet
 facet normal  9.749279e-01 -2.225209e-01  0.000000e+00
   outer loop
     vertex -2.571973e+01  5.199355e+00  0.000000e+00
     vertex -2.542859e+01  6.474914e+00  3.000000e+02
     vertex -2.571973e+01  5.199355e+00  3.000000e+02
   endloop
 endfacet
 facet normal  9.749279e-01 -2.225209e-01  0.000000e+00
   outer loop
     vertex -2.571973e+01  5.199355e+00  0.000000e+00
     vertex -2.542859e+01  6.474914e+00  0.000000e+00
     vertex -2.542859e+01  6.474914e+00  3.000000e+02
   endloop
 endfacet
 facet normal  9.848078e-01 -1.736482e-01  0.000000e+00
   outer loop
     vertex -2.594692e+01  3.910869e+00  0.000000e+00
     vertex -2.571973e+01  5.199355e+00  3.000000e+02
     vertex -2.594692e+01  3.910869e+00  3.000000e+02
   endloop
 endfacet
 facet normal  9.848078e-01 -1.736482e-01  0.000000e+00
   outer loop
     vertex -2.594692e+01  3.910869e+00  0.000000e+00
     vertex -2.571973e+01  5.199355e+00  0.000000e+00
     vertex -2.571973e+01  5.199355e+00  3.000000e+02
   endloop
 endfacet
 facet normal  9.922392e-01 -1.243437e-01  0.000000e+00
   outer loop
     vertex -2.610961e+01  2.612660e+00  0.000000e+00
     vertex -2.594692e+01  3.910869e+00  3.000000e+02
     vertex -2.610961e+01  2.612660e+00  3.000000e+02
   endloop
 endfacet
 facet normal  9.972038e-01 -7.473009e-02  0.000000e+00
   outer loop
     vertex -2.610961e+01  2.612660e+00  0.000000e+00
     vertex -2.610961e+01  2.612660e+00  3.000000e+02
     vertex -2.620738e+01  1.307956e+00  3.000000e+02
   endloop
 endfacet
 facet normal  9.922392e-01 -1.243437e-01  0.000000e+00
   outer loop
     vertex -2.610961e+01  2.612660e+00  0.000000e+00
     vertex -2.594692e+01  3.910869e+00  0.000000e+00
     vertex -2.594692e+01  3.910869e+00  3.000000e+02
   endloop
 endfacet
 facet normal  9.972038e-01 -7.473009e-02  0.000000e+00
   outer loop
     vertex -2.620738e+01  1.307956e+00  0.000000e+00
     vertex -2.610961e+01  2.612660e+00  0.000000e+00
     vertex -2.620738e+01  1.307956e+00  3.000000e+02
   endloop
 endfacet
 facet normal  9.996892e-01 -2.493069e-02  0.000000e+00
   outer loop
     vertex -2.624000e+01 -9.000973e-14  0.000000e+00
     vertex -2.620738e+01  1.307956e+00  0.000000e+00
     vertex -2.620738e+01  1.307956e+00  3.000000e+02
   endloop
 endfacet
 facet normal  9.996892e-01 -2.493069e-02  0.000000e+00
   outer loop
     vertex -2.624000e+01 -9.000973e-14  0.000000e+00
     vertex -2.620738e+01  1.307956e+00  3.000000e+02
     vertex -2.624000e+01 -9.000973e-14  3.000000e+02
   endloop
 endfacet
 facet normal  9.996892e-01  2.493069e-02  0.000000e+00
   outer loop
     vertex -2.620738e+01 -1.307956e+00  0.000000e+00
     vertex -2.624000e+01 -9.000973e-14  0.000000e+00
     vertex -2.624000e+01 -9.000973e-14  3.000000e+02
   endloop
 endfacet
 facet normal  9.996892e-01  2.493069e-02 -0.000000e+00
   outer loop
     vertex -2.620738e+01 -1.307956e+00  0.000000e+00
     vertex -2.624000e+01 -9.000973e-14  3.000000e+02
     vertex -2.620738e+01 -1.307956e+00  3.000000e+02
   endloop
 endfacet
 facet normal  9.972038e-01  7.473009e-02 -0.000000e+00
   outer loop
     vertex -2.620738e+01 -1.307956e+00  0.000000e+00
     vertex -2.620738e+01 -1.307956e+00  3.000000e+02
     vertex -2.610961e+01 -2.612660e+00  3.000000e+02
   endloop
 endfacet
 facet normal  9.972038e-01  7.473009e-02 -0.000000e+00
   outer loop
     vertex -2.610961e+01 -2.612660e+00  0.000000e+00
     vertex -2.620738e+01 -1.307956e+00  0.000000e+00
     vertex -2.610961e+01 -2.612660e+00  3.000000e+02
   endloop
 endfacet
 facet normal  9.922392e-01  1.243437e-01  0.000000e+00
   outer loop
     vertex -2.594692e+01 -3.910869e+00  0.000000e+00
     vertex -2.610961e+01 -2.612660e+00  0.000000e+00
     vertex -2.610961e+01 -2.612660e+00  3.000000e+02
   endloop
 endfacet
 facet normal  9.922392e-01  1.243437e-01 -0.000000e+00
   outer loop
     vertex -2.594692e+01 -3.910869e+00  0.000000e+00
     vertex -2.610961e+01 -2.612660e+00  3.000000e+02
     vertex -2.594692e+01 -3.910869e+00  3.000000e+02
   endloop
 endfacet
 facet normal  9.848078e-01  1.736482e-01  0.000000e+00
   outer loop
     vertex -2.571973e+01 -5.199355e+00  0.000000e+00
     vertex -2.594692e+01 -3.910869e+00  0.000000e+00
     vertex -2.594692e+01 -3.910869e+00  3.000000e+02
   endloop
 endfacet
 facet normal  9.848078e-01  1.736482e-01 -0.000000e+00
   outer loop
     vertex -2.571973e+01 -5.199355e+00  0.000000e+00
     vertex -2.594692e+01 -3.910869e+00  3.000000e+02
     vertex -2.571973e+01 -5.199355e+00  3.000000e+02
   endloop
 endfacet
 facet normal  9.749279e-01  2.225209e-01  0.000000e+00
   outer loop
     vertex -2.542859e+01 -6.474914e+00  0.000000e+00
     vertex -2.571973e+01 -5.199355e+00  0.000000e+00
     vertex -2.571973e+01 -5.199355e+00  3.000000e+02
   endloop
 endfacet
 facet normal  9.749279e-01  2.225209e-01 -0.000000e+00
   outer loop
     vertex -2.542859e+01 -6.474914e+00  0.000000e+00
     vertex -2.571973e+01 -5.199355e+00  3.000000e+02
     vertex -2.542859e+01 -6.474914e+00  3.000000e+02
   endloop
 endfacet
 facet normal  9.626242e-01  2.708405e-01  0.000000e+00
   outer loop
     vertex -2.507423e+01 -7.734376e+00  0.000000e+00
     vertex -2.542859e+01 -6.474914e+00  0.000000e+00
     vertex -2.542859e+01 -6.474914e+00  3.000000e+02
   endloop
 endfacet
 facet normal  9.626242e-01  2.708405e-01 -0.000000e+00
   outer loop
     vertex -2.507423e+01 -7.734376e+00  0.000000e+00
     vertex -2.542859e+01 -6.474914e+00  3.000000e+02
     vertex -2.507423e+01 -7.734376e+00  3.000000e+02
   endloop
 endfacet
 facet normal  9.479273e-01  3.184867e-01  0.000000e+00
   outer loop
     vertex -2.465753e+01 -8.974609e+00  0.000000e+00
     vertex -2.507423e+01 -7.734376e+00  0.000000e+00
     vertex -2.507423e+01 -7.734376e+00  3.000000e+02
   endloop
 endfacet
 facet normal  9.479273e-01  3.184867e-01 -0.000000e+00
   outer loop
     vertex -2.465753e+01 -8.974609e+00  0.000000e+00
     vertex -2.507423e+01 -7.734376e+00  3.000000e+02
     vertex -2.465753e+01 -8.974609e+00  3.000000e+02
   endloop
 endfacet
 facet normal  9.308737e-01  3.653410e-01 -0.000000e+00
   outer loop
     vertex -2.465753e+01 -8.974609e+00  0.000000e+00
     vertex -2.465753e+01 -8.974609e+00  3.000000e+02
     vertex -2.417954e+01 -1.019253e+01  3.000000e+02
   endloop
 endfacet
 facet normal  9.308737e-01  3.653410e-01 -0.000000e+00
   outer loop
     vertex -2.417954e+01 -1.019253e+01  0.000000e+00
     vertex -2.465753e+01 -8.974609e+00  0.000000e+00
     vertex -2.417954e+01 -1.019253e+01  3.000000e+02
   endloop
 endfacet
 facet normal  9.115059e-01  4.112871e-01  0.000000e+00
   outer loop
     vertex -2.364142e+01 -1.138511e+01  0.000000e+00
     vertex -2.417954e+01 -1.019253e+01  0.000000e+00
     vertex -2.417954e+01 -1.019253e+01  3.000000e+02
   endloop
 endfacet
 facet normal  9.115059e-01  4.112871e-01 -0.000000e+00
   outer loop
     vertex -2.364142e+01 -1.138511e+01  0.000000e+00
     vertex -2.417954e+01 -1.019253e+01  3.000000e+02
     vertex -2.364142e+01 -1.138511e+01  3.000000e+02
   endloop
 endfacet
 facet normal  8.898718e-01  4.562107e-01  0.000000e+00
   outer loop
     vertex -2.304453e+01 -1.254938e+01  0.000000e+00
     vertex -2.364142e+01 -1.138511e+01  0.000000e+00
     vertex -2.364142e+01 -1.138511e+01  3.000000e+02
   endloop
 endfacet
 facet normal  8.898718e-01  4.562107e-01 -0.000000e+00
   outer loop
     vertex -2.304453e+01 -1.254938e+01  0.000000e+00
     vertex -2.364142e+01 -1.138511e+01  3.000000e+02
     vertex -2.304453e+01 -1.254938e+01  3.000000e+02
   endloop
 endfacet
 facet normal  8.660254e-01  5.000000e-01  0.000000e+00
   outer loop
     vertex -2.239035e+01 -1.368246e+01  0.000000e+00
     vertex -2.304453e+01 -1.254938e+01  0.000000e+00
     vertex -2.304453e+01 -1.254938e+01  3.000000e+02
   endloop
 endfacet
 facet normal  8.660254e-01  5.000000e-01 -0.000000e+00
   outer loop
     vertex -2.239035e+01 -1.368246e+01  0.000000e+00
     vertex -2.304453e+01 -1.254938e+01  3.000000e+02
     vertex -2.239035e+01 -1.368246e+01  3.000000e+02
   endloop
 endfacet
 facet normal  8.400259e-01  5.425463e-01 -0.000000e+00
   outer loop
     vertex -2.239035e+01 -1.368246e+01  0.000000e+00
     vertex -2.239035e+01 -1.368246e+01  3.000000e+02
     vertex -2.168051e+01 -1.478152e+01  3.000000e+02
   endloop
 endfacet
 facet normal  8.400259e-01  5.425463e-01 -0.000000e+00
   outer loop
     vertex -2.168051e+01 -1.478152e+01  0.000000e+00
     vertex -2.239035e+01 -1.368246e+01  0.000000e+00
     vertex -2.168051e+01 -1.478152e+01  3.000000e+02
   endloop
 endfacet
 facet normal  8.119380e-01  5.837437e-01  0.000000e+00
   outer loop
     vertex -2.091676e+01 -1.584383e+01  0.000000e+00
     vertex -2.168051e+01 -1.478152e+01  0.000000e+00
     vertex -2.168051e+01 -1.478152e+01  3.000000e+02
   endloop
 endfacet
 facet normal  8.119380e-01  5.837437e-01 -0.000000e+00
   outer loop
     vertex -2.091676e+01 -1.584383e+01  0.000000e+00
     vertex -2.168051e+01 -1.478152e+01  3.000000e+02
     vertex -2.091676e+01 -1.584383e+01  3.000000e+02
   endloop
 endfacet
 facet normal  7.818315e-01  6.234898e-01  0.000000e+00
   outer loop
     vertex -2.010101e+01 -1.686675e+01  0.000000e+00
     vertex -2.091676e+01 -1.584383e+01  0.000000e+00
     vertex -2.091676e+01 -1.584383e+01  3.000000e+02
   endloop
 endfacet
 facet normal  7.818315e-01  6.234898e-01 -0.000000e+00
   outer loop
     vertex -2.010101e+01 -1.686675e+01  0.000000e+00
     vertex -2.091676e+01 -1.584383e+01  3.000000e+02
     vertex -2.010101e+01 -1.686675e+01  3.000000e+02
   endloop
 endfacet
 facet normal  7.497812e-01  6.616858e-01 -0.000000e+00
   outer loop
     vertex -2.010101e+01 -1.686675e+01  0.000000e+00
     vertex -2.010101e+01 -1.686675e+01  3.000000e+02
     vertex -1.923528e+01 -1.784773e+01  3.000000e+02
   endloop
 endfacet
 facet normal  7.497812e-01  6.616858e-01 -0.000000e+00
   outer loop
     vertex -1.923528e+01 -1.784773e+01  0.000000e+00
     vertex -2.010101e+01 -1.686675e+01  0.000000e+00
     vertex -1.923528e+01 -1.784773e+01  3.000000e+02
   endloop
 endfacet
 facet normal  7.158668e-01  6.982368e-01  0.000000e+00
   outer loop
     vertex -1.832173e+01 -1.878435e+01  0.000000e+00
     vertex -1.923528e+01 -1.784773e+01  0.000000e+00
     vertex -1.923528e+01 -1.784773e+01  3.000000e+02
   endloop
 endfacet
 facet normal  7.158668e-01  6.982368e-01 -0.000000e+00
   outer loop
     vertex -1.832173e+01 -1.878435e+01  0.000000e+00
     vertex -1.923528e+01 -1.784773e+01  3.000000e+02
     vertex -1.832173e+01 -1.878435e+01  3.000000e+02
   endloop
 endfacet
 facet normal  6.801727e-01  7.330519e-01  0.000000e+00
   outer loop
     vertex -1.736264e+01 -1.967426e+01  0.000000e+00
     vertex -1.832173e+01 -1.878435e+01  0.000000e+00
     vertex -1.832173e+01 -1.878435e+01  3.000000e+02
   endloop
 endfacet
 facet normal  6.801727e-01  7.330519e-01 -0.000000e+00
   outer loop
     vertex -1.736264e+01 -1.967426e+01  0.000000e+00
     vertex -1.832173e+01 -1.878435e+01  3.000000e+02
     vertex -1.736264e+01 -1.967426e+01  3.000000e+02
   endloop
 endfacet
 facet normal  6.427876e-01  7.660444e-01  0.000000e+00
   outer loop
     vertex -1.636037e+01 -2.051526e+01  0.000000e+00
     vertex -1.736264e+01 -1.967426e+01  0.000000e+00
     vertex -1.736264e+01 -1.967426e+01  3.000000e+02
   endloop
 endfacet
 facet normal  6.427876e-01  7.660444e-01 -0.000000e+00
   outer loop
     vertex -1.636037e+01 -2.051526e+01  0.000000e+00
     vertex -1.736264e+01 -1.967426e+01  3.000000e+02
     vertex -1.636037e+01 -2.051526e+01  3.000000e+02
   endloop
 endfacet
 facet normal  6.038044e-01  7.971325e-01  0.000000e+00
   outer loop
     vertex -1.531743e+01 -2.130525e+01  0.000000e+00
     vertex -1.636037e+01 -2.051526e+01  0.000000e+00
     vertex -1.636037e+01 -2.051526e+01  3.000000e+02
   endloop
 endfacet
 facet normal  6.038044e-01  7.971325e-01 -0.000000e+00
   outer loop
     vertex -1.531743e+01 -2.130525e+01  0.000000e+00
     vertex -1.636037e+01 -2.051526e+01  3.000000e+02
     vertex -1.531743e+01 -2.130525e+01  3.000000e+02
   endloop
 endfacet
 facet normal  5.633201e-01  8.262388e-01 -0.000000e+00
   outer loop
     vertex -1.423641e+01 -2.204228e+01  0.000000e+00
     vertex -1.531743e+01 -2.130525e+01  3.000000e+02
     vertex -1.423641e+01 -2.204228e+01  3.000000e+02
   endloop
 endfacet
 facet normal  5.633201e-01  8.262388e-01  0.000000e+00
   outer loop
     vertex -1.423641e+01 -2.204228e+01  0.000000e+00
     vertex -1.531743e+01 -2.130525e+01  0.000000e+00
     vertex -1.531743e+01 -2.130525e+01  3.000000e+02
   endloop
 endfacet
 facet normal  5.214352e-01  8.532909e-01 -0.000000e+00
   outer loop
     vertex -1.423641e+01 -2.204228e+01  0.000000e+00
     vertex -1.423641e+01 -2.204228e+01  3.000000e+02
     vertex -1.312000e+01 -2.272451e+01  3.000000e+02
   endloop
 endfacet
 facet normal  5.214352e-01  8.532909e-01 -0.000000e+00
   outer loop
     vertex -1.312000e+01 -2.272451e+01  0.000000e+00
     vertex -1.423641e+01 -2.204228e+01  0.000000e+00
     vertex -1.312000e+01 -2.272451e+01  3.000000e+02
   endloop
 endfacet
 facet normal  4.782540e-01  8.782216e-01 -0.000000e+00
   outer loop
     vertex -1.197097e+01 -2.335024e+01  0.000000e+00
     vertex -1.312000e+01 -2.272451e+01  3.000000e+02
     vertex -1.197097e+01 -2.335024e+01  3.000000e+02
   endloop
 endfacet
 facet normal  4.782540e-01  8.782216e-01  0.000000e+00
   outer loop
     vertex -1.197097e+01 -2.335024e+01  0.000000e+00
     vertex -1.312000e+01 -2.272451e+01  0.000000e+00
     vertex -1.312000e+01 -2.272451e+01  3.000000e+02
   endloop
 endfacet
 facet normal  4.338837e-01  9.009689e-01 -0.000000e+00
   outer loop
     vertex -1.079217e+01 -2.391791e+01  0.000000e+00
     vertex -1.197097e+01 -2.335024e+01  3.000000e+02
     vertex -1.079217e+01 -2.391791e+01  3.000000e+02
   endloop
 endfacet
 facet normal  3.884348e-01  9.214762e-01 -0.000000e+00
   outer loop
     vertex -1.079217e+01 -2.391791e+01  0.000000e+00
     vertex -1.079217e+01 -2.391791e+01  3.000000e+02
     vertex -9.586548e+00 -2.442613e+01  3.000000e+02
   endloop
 endfacet
 facet normal  4.338837e-01  9.009689e-01  0.000000e+00
   outer loop
     vertex -1.079217e+01 -2.391791e+01  0.000000e+00
     vertex -1.197097e+01 -2.335024e+01  0.000000e+00
     vertex -1.197097e+01 -2.335024e+01  3.000000e+02
   endloop
 endfacet
 facet normal  3.884348e-01  9.214762e-01 -0.000000e+00
   outer loop
     vertex -9.586548e+00 -2.442613e+01  0.000000e+00
     vertex -1.079217e+01 -2.391791e+01  0.000000e+00
     vertex -9.586548e+00 -2.442613e+01  3.000000e+02
   endloop
 endfacet
 facet normal  3.420201e-01  9.396926e-01  0.000000e+00
   outer loop
     vertex -8.357090e+00 -2.487361e+01  0.000000e+00
     vertex -9.586548e+00 -2.442613e+01  0.000000e+00
     vertex -9.586548e+00 -2.442613e+01  3.000000e+02
   endloop
 endfacet
 facet normal  3.420201e-01  9.396926e-01 -0.000000e+00
   outer loop
     vertex -8.357090e+00 -2.487361e+01  0.000000e+00
     vertex -9.586548e+00 -2.442613e+01  3.000000e+02
     vertex -8.357090e+00 -2.487361e+01  3.000000e+02
   endloop
 endfacet
 facet normal  2.947552e-01  9.555728e-01 -0.000000e+00
   outer loop
     vertex -8.357090e+00 -2.487361e+01  0.000000e+00
     vertex -8.357090e+00 -2.487361e+01  3.000000e+02
     vertex -7.106854e+00 -2.525926e+01  3.000000e+02
   endloop
 endfacet
 facet normal  2.947552e-01  9.555728e-01 -0.000000e+00
   outer loop
     vertex -7.106854e+00 -2.525926e+01  0.000000e+00
     vertex -8.357090e+00 -2.487361e+01  0.000000e+00
     vertex -7.106854e+00 -2.525926e+01  3.000000e+02
   endloop
 endfacet
 facet normal  2.467574e-01  9.690773e-01 -0.000000e+00
   outer loop
     vertex -7.106854e+00 -2.525926e+01  0.000000e+00
     vertex -7.106854e+00 -2.525926e+01  3.000000e+02
     vertex -5.838949e+00 -2.558211e+01  3.000000e+02
   endloop
 endfacet
 facet normal  2.467574e-01  9.690773e-01 -0.000000e+00
   outer loop
     vertex -5.838949e+00 -2.558211e+01  0.000000e+00
     vertex -7.106854e+00 -2.525926e+01  0.000000e+00
     vertex -5.838949e+00 -2.558211e+01  3.000000e+02
   endloop
 endfacet
 facet normal  1.981461e-01  9.801725e-01  0.000000e+00
   outer loop
     vertex -4.556528e+00 -2.584136e+01  0.000000e+00
     vertex -5.838949e+00 -2.558211e+01  0.000000e+00
     vertex -5.838949e+00 -2.558211e+01  3.000000e+02
   endloop
 endfacet
 facet normal  1.981461e-01  9.801725e-01 -0.000000e+00
   outer loop
     vertex -4.556528e+00 -2.584136e+01  0.000000e+00
     vertex -5.838949e+00 -2.558211e+01  3.000000e+02
     vertex -4.556528e+00 -2.584136e+01  3.000000e+02
   endloop
 endfacet
 facet normal  1.490423e-01  9.888308e-01  0.000000e+00
   outer loop
     vertex -3.262779e+00 -2.603636e+01  0.000000e+00
     vertex -4.556528e+00 -2.584136e+01  0.000000e+00
     vertex -4.556528e+00 -2.584136e+01  3.000000e+02
   endloop
 endfacet
 facet normal  1.490423e-01  9.888308e-01 -0.000000e+00
   outer loop
     vertex -3.262779e+00 -2.603636e+01  0.000000e+00
     vertex -4.556528e+00 -2.584136e+01  3.000000e+02
     vertex -3.262779e+00 -2.603636e+01  3.000000e+02
   endloop
 endfacet
 facet normal  9.956785e-02  9.950308e-01  0.000000e+00
   outer loop
     vertex -1.960918e+00 -2.616663e+01  0.000000e+00
     vertex -3.262779e+00 -2.603636e+01  0.000000e+00
     vertex -3.262779e+00 -2.603636e+01  3.000000e+02
   endloop
 endfacet
 facet normal  9.956785e-02  9.950308e-01 -0.000000e+00
   outer loop
     vertex -1.960918e+00 -2.616663e+01  0.000000e+00
     vertex -3.262779e+00 -2.603636e+01  3.000000e+02
     vertex -1.960918e+00 -2.616663e+01  3.000000e+02
   endloop
 endfacet
 facet normal  4.984589e-02  9.987569e-01 -0.000000e+00
   outer loop
     vertex -1.960918e+00 -2.616663e+01  0.000000e+00
     vertex -1.960918e+00 -2.616663e+01  3.000000e+02
     vertex -6.541814e-01 -2.623184e+01  3.000000e+02
   endloop
 endfacet
 facet normal  4.984589e-02  9.987569e-01 -0.000000e+00
   outer loop
     vertex -6.541814e-01 -2.623184e+01  0.000000e+00
     vertex -1.960918e+00 -2.616663e+01  0.000000e+00
     vertex -6.541814e-01 -2.623184e+01  3.000000e+02
   endloop
 endfacet
 facet normal -8.146167e-15  1.000000e+00  0.000000e+00
   outer loop
     vertex -6.541814e-01 -2.623184e+01  0.000000e+00
     vertex -6.541814e-01 -2.623184e+01  3.000000e+02
     vertex  6.541814e-01 -2.623184e+01  3.000000e+02
   endloop
 endfacet
 facet normal -8.146167e-15  1.000000e+00  0.000000e+00
   outer loop
     vertex  6.541814e-01 -2.623184e+01  0.000000e+00
     vertex -6.541814e-01 -2.623184e+01  0.000000e+00
     vertex  6.541814e-01 -2.623184e+01  3.000000e+02
   endloop
 endfacet
 facet normal -4.984589e-02  9.987569e-01  0.000000e+00
   outer loop
     vertex  1.960918e+00 -2.616663e+01  0.000000e+00
     vertex  6.541814e-01 -2.623184e+01  0.000000e+00
     vertex  6.541814e-01 -2.623184e+01  3.000000e+02
   endloop
 endfacet
 facet normal -4.984589e-02  9.987569e-01  0.000000e+00
   outer loop
     vertex  1.960918e+00 -2.616663e+01  0.000000e+00
     vertex  6.541814e-01 -2.623184e+01  3.000000e+02
     vertex  1.960918e+00 -2.616663e+01  3.000000e+02
   endloop
 endfacet
 facet normal -9.956785e-02  9.950308e-01  0.000000e+00
   outer loop
     vertex  1.960918e+00 -2.616663e+01  0.000000e+00
     vertex  1.960918e+00 -2.616663e+01  3.000000e+02
     vertex  3.262779e+00 -2.603636e+01  3.000000e+02
   endloop
 endfacet
 facet normal -9.956785e-02  9.950308e-01  0.000000e+00
   outer loop
     vertex  3.262779e+00 -2.603636e+01  0.000000e+00
     vertex  1.960918e+00 -2.616663e+01  0.000000e+00
     vertex  3.262779e+00 -2.603636e+01  3.000000e+02
   endloop
 endfacet
 facet normal -1.490423e-01  9.888308e-01  0.000000e+00
   outer loop
     vertex  4.556528e+00 -2.584136e+01  0.000000e+00
     vertex  3.262779e+00 -2.603636e+01  0.000000e+00
     vertex  3.262779e+00 -2.603636e+01  3.000000e+02
   endloop
 endfacet
 facet normal -1.490423e-01  9.888308e-01  0.000000e+00
   outer loop
     vertex  4.556528e+00 -2.584136e+01  0.000000e+00
     vertex  3.262779e+00 -2.603636e+01  3.000000e+02
     vertex  4.556528e+00 -2.584136e+01  3.000000e+02
   endloop
 endfacet
 facet normal -1.981461e-01  9.801725e-01  0.000000e+00
   outer loop
     vertex  5.838949e+00 -2.558211e+01  0.000000e+00
     vertex  4.556528e+00 -2.584136e+01  0.000000e+00
     vertex  4.556528e+00 -2.584136e+01  3.000000e+02
   endloop
 endfacet
 facet normal -1.981461e-01  9.801725e-01  0.000000e+00
   outer loop
     vertex  5.838949e+00 -2.558211e+01  0.000000e+00
     vertex  4.556528e+00 -2.584136e+01  3.000000e+02
     vertex  5.838949e+00 -2.558211e+01  3.000000e+02
   endloop
 endfacet
 facet normal -2.467574e-01  9.690773e-01  0.000000e+00
   outer loop
     vertex  7.106854e+00 -2.525926e+01  0.000000e+00
     vertex  5.838949e+00 -2.558211e+01  3.000000e+02
     vertex  7.106854e+00 -2.525926e+01  3.000000e+02
   endloop
 endfacet
 facet normal -2.947552e-01  9.555728e-01  0.000000e+00
   outer loop
     vertex  7.106854e+00 -2.525926e+01  0.000000e+00
     vertex  7.106854e+00 -2.525926e+01  3.000000e+02
     vertex  8.357090e+00 -2.487361e+01  3.000000e+02
   endloop
 endfacet
 facet normal -2.467574e-01  9.690773e-01  0.000000e+00
   outer loop
     vertex  7.106854e+00 -2.525926e+01  0.000000e+00
     vertex  5.838949e+00 -2.558211e+01  0.000000e+00
     vertex  5.838949e+00 -2.558211e+01  3.000000e+02
   endloop
 endfacet
 facet normal -2.947552e-01  9.555728e-01  0.000000e+00
   outer loop
     vertex  8.357090e+00 -2.487361e+01  0.000000e+00
     vertex  7.106854e+00 -2.525926e+01  0.000000e+00
     vertex  8.357090e+00 -2.487361e+01  3.000000e+02
   endloop
 endfacet
 facet normal -3.420201e-01  9.396926e-01  0.000000e+00
   outer loop
     vertex  9.586548e+00 -2.442613e+01  0.000000e+00
     vertex  8.357090e+00 -2.487361e+01  3.000000e+02
     vertex  9.586548e+00 -2.442613e+01  3.000000e+02
   endloop
 endfacet
 facet normal -3.420201e-01  9.396926e-01  0.000000e+00
   outer loop
     vertex  9.586548e+00 -2.442613e+01  0.000000e+00
     vertex  8.357090e+00 -2.487361e+01  0.000000e+00
     vertex  8.357090e+00 -2.487361e+01  3.000000e+02
   endloop
 endfacet
 facet normal -3.884348e-01  9.214762e-01  0.000000e+00
   outer loop
     vertex  1.079217e+01 -2.391791e+01  0.000000e+00
     vertex  9.586548e+00 -2.442613e+01  3.000000e+02
     vertex  1.079217e+01 -2.391791e+01  3.000000e+02
   endloop
 endfacet
 facet normal -3.884348e-01  9.214762e-01  0.000000e+00
   outer loop
     vertex  1.079217e+01 -2.391791e+01  0.000000e+00
     vertex  9.586548e+00 -2.442613e+01  0.000000e+00
     vertex  9.586548e+00 -2.442613e+01  3.000000e+02
   endloop
 endfacet
 facet normal -4.338837e-01  9.009689e-01  0.000000e+00
   outer loop
     vertex  1.197097e+01 -2.335024e+01  0.000000e+00
     vertex  1.079217e+01 -2.391791e+01  3.000000e+02
     vertex  1.197097e+01 -2.335024e+01  3.000000e+02
   endloop
 endfacet
 facet normal -4.338837e-01  9.009689e-01  0.000000e+00
   outer loop
     vertex  1.197097e+01 -2.335024e+01  0.000000e+00
     vertex  1.079217e+01 -2.391791e+01  0.000000e+00
     vertex  1.079217e+01 -2.391791e+01  3.000000e+02
   endloop
 endfacet
 facet normal -4.782540e-01  8.782216e-01  0.000000e+00
   outer loop
     vertex  1.312000e+01 -2.272451e+01  0.000000e+00
     vertex  1.197097e+01 -2.335024e+01  3.000000e+02
     vertex  1.312000e+01 -2.272451e+01  3.000000e+02
   endloop
 endfacet
 facet normal -4.782540e-01  8.782216e-01  0.000000e+00
   outer loop
     vertex  1.312000e+01 -2.272451e+01  0.000000e+00
     vertex  1.197097e+01 -2.335024e+01  0.000000e+00
     vertex  1.197097e+01 -2.335024e+01  3.000000e+02
   endloop
 endfacet
 facet normal -5.214352e-01  8.532909e-01  0.000000e+00
   outer loop
     vertex  1.423641e+01 -2.204228e+01  0.000000e+00
     vertex  1.312000e+01 -2.272451e+01  3.000000e+02
     vertex  1.423641e+01 -2.204228e+01  3.000000e+02
   endloop
 endfacet
 facet normal -5.214352e-01  8.532909e-01  0.000000e+00
   outer loop
     vertex  1.423641e+01 -2.204228e+01  0.000000e+00
     vertex  1.312000e+01 -2.272451e+01  0.000000e+00
     vertex  1.312000e+01 -2.272451e+01  3.000000e+02
   endloop
 endfacet
 facet normal -5.633201e-01  8.262388e-01  0.000000e+00
   outer loop
     vertex  1.531743e+01 -2.130525e+01  0.000000e+00
     vertex  1.423641e+01 -2.204228e+01  3.000000e+02
     vertex  1.531743e+01 -2.130525e+01  3.000000e+02
   endloop
 endfacet
 facet normal -6.038044e-01  7.971325e-01  0.000000e+00
   outer loop
     vertex  1.531743e+01 -2.130525e+01  0.000000e+00
     vertex  1.531743e+01 -2.130525e+01  3.000000e+02
     vertex  1.636037e+01 -2.051526e+01  3.000000e+02
   endloop
 endfacet
 facet normal -5.633201e-01  8.262388e-01  0.000000e+00
   outer loop
     vertex  1.531743e+01 -2.130525e+01  0.000000e+00
     vertex  1.423641e+01 -2.204228e+01  0.000000e+00
     vertex  1.423641e+01 -2.204228e+01  3.000000e+02
   endloop
 endfacet
 facet normal -6.038044e-01  7.971325e-01  0.000000e+00
   outer loop
     vertex  1.636037e+01 -2.051526e+01  0.000000e+00
     vertex  1.531743e+01 -2.130525e+01  0.000000e+00
     vertex  1.636037e+01 -2.051526e+01  3.000000e+02
   endloop
 endfacet
 facet normal -6.427876e-01  7.660444e-01  0.000000e+00
   outer loop
     vertex  1.736264e+01 -1.967426e+01  0.000000e+00
     vertex  1.636037e+01 -2.051526e+01  3.000000e+02
     vertex  1.736264e+01 -1.967426e+01  3.000000e+02
   endloop
 endfacet
 facet normal -6.801727e-01  7.330519e-01  0.000000e+00
   outer loop
     vertex  1.736264e+01 -1.967426e+01  0.000000e+00
     vertex  1.736264e+01 -1.967426e+01  3.000000e+02
     vertex  1.832173e+01 -1.878435e+01  3.000000e+02
   endloop
 endfacet
 facet normal -6.427876e-01  7.660444e-01  0.000000e+00
   outer loop
     vertex  1.736264e+01 -1.967426e+01  0.000000e+00
     vertex  1.636037e+01 -2.051526e+01  0.000000e+00
     vertex  1.636037e+01 -2.051526e+01  3.000000e+02
   endloop
 endfacet
 facet normal -6.801727e-01  7.330519e-01  0.000000e+00
   outer loop
     vertex  1.832173e+01 -1.878435e+01  0.000000e+00
     vertex  1.736264e+01 -1.967426e+01  0.000000e+00
     vertex  1.832173e+01 -1.878435e+01  3.000000e+02
   endloop
 endfacet
 facet normal -7.158668e-01  6.982368e-01  0.000000e+00
   outer loop
     vertex  1.923528e+01 -1.784773e+01  0.000000e+00
     vertex  1.832173e+01 -1.878435e+01  3.000000e+02
     vertex  1.923528e+01 -1.784773e+01  3.000000e+02
   endloop
 endfacet
 facet normal -7.158668e-01  6.982368e-01  0.000000e+00
   outer loop
     vertex  1.923528e+01 -1.784773e+01  0.000000e+00
     vertex  1.832173e+01 -1.878435e+01  0.000000e+00
     vertex  1.832173e+01 -1.878435e+01  3.000000e+02
   endloop
 endfacet
 facet normal -7.497812e-01  6.616858e-01  0.000000e+00
   outer loop
     vertex  2.010101e+01 -1.686675e+01  0.000000e+00
     vertex  1.923528e+01 -1.784773e+01  0.000000e+00
     vertex  1.923528e+01 -1.784773e+01  3.000000e+02
   endloop
 endfacet
 facet normal -7.497812e-01  6.616858e-01  0.000000e+00
   outer loop
     vertex  2.010101e+01 -1.686675e+01  0.000000e+00
     vertex  1.923528e+01 -1.784773e+01  3.000000e+02
     vertex  2.010101e+01 -1.686675e+01  3.000000e+02
   endloop
 endfacet
 facet normal -7.818315e-01  6.234898e-01  0.000000e+00
   outer loop
     vertex  2.091676e+01 -1.584383e+01  0.000000e+00
     vertex  2.010101e+01 -1.686675e+01  0.000000e+00
     vertex  2.010101e+01 -1.686675e+01  3.000000e+02
   endloop
 endfacet
 facet normal -7.818315e-01  6.234898e-01  0.000000e+00
   outer loop
     vertex  2.091676e+01 -1.584383e+01  0.000000e+00
     vertex  2.010101e+01 -1.686675e+01  3.000000e+02
     vertex  2.091676e+01 -1.584383e+01  3.000000e+02
   endloop
 endfacet
 facet normal -8.119380e-01  5.837437e-01  0.000000e+00
   outer loop
     vertex  2.168051e+01 -1.478152e+01  0.000000e+00
     vertex  2.091676e+01 -1.584383e+01  0.000000e+00
     vertex  2.091676e+01 -1.584383e+01  3.000000e+02
   endloop
 endfacet
 facet normal -8.119380e-01  5.837437e-01  0.000000e+00
   outer loop
     vertex  2.168051e+01 -1.478152e+01  0.000000e+00
     vertex  2.091676e+01 -1.584383e+01  3.000000e+02
     vertex  2.168051e+01 -1.478152e+01  3.000000e+02
   endloop
 endfacet
 facet normal -8.400259e-01  5.425463e-01  0.000000e+00
   outer loop
     vertex  2.239035e+01 -1.368246e+01  0.000000e+00
     vertex  2.168051e+01 -1.478152e+01  0.000000e+00
     vertex  2.168051e+01 -1.478152e+01  3.000000e+02
   endloop
 endfacet
 facet normal -8.400259e-01  5.425463e-01  0.000000e+00
   outer loop
     vertex  2.239035e+01 -1.368246e+01  0.000000e+00
     vertex  2.168051e+01 -1.478152e+01  3.000000e+02
     vertex  2.239035e+01 -1.368246e+01  3.000000e+02
   endloop
 endfacet
 facet normal -8.660254e-01  5.000000e-01  0.000000e+00
   outer loop
     vertex  2.304453e+01 -1.254938e+01  0.000000e+00
     vertex  2.239035e+01 -1.368246e+01  3.000000e+02
     vertex  2.304453e+01 -1.254938e+01  3.000000e+02
   endloop
 endfacet
 facet normal -8.898718e-01  4.562107e-01  0.000000e+00
   outer loop
     vertex  2.304453e+01 -1.254938e+01  0.000000e+00
     vertex  2.304453e+01 -1.254938e+01  3.000000e+02
     vertex  2.364142e+01 -1.138511e+01  3.000000e+02
   endloop
 endfacet
 facet normal -8.660254e-01  5.000000e-01  0.000000e+00
   outer loop
     vertex  2.304453e+01 -1.254938e+01  0.000000e+00
     vertex  2.239035e+01 -1.368246e+01  0.000000e+00
     vertex  2.239035e+01 -1.368246e+01  3.000000e+02
   endloop
 endfacet
 facet normal -8.898718e-01  4.562107e-01  0.000000e+00
   outer loop
     vertex  2.364142e+01 -1.138511e+01  0.000000e+00
     vertex  2.304453e+01 -1.254938e+01  0.000000e+00
     vertex  2.364142e+01 -1.138511e+01  3.000000e+02
   endloop
 endfacet
 facet normal -9.115059e-01  4.112871e-01  0.000000e+00
   outer loop
     vertex  2.417954e+01 -1.019253e+01  0.000000e+00
     vertex  2.364142e+01 -1.138511e+01  3.000000e+02
     vertex  2.417954e+01 -1.019253e+01  3.000000e+02
   endloop
 endfacet
 facet normal -9.115059e-01  4.112871e-01  0.000000e+00
   outer loop
     vertex  2.417954e+01 -1.019253e+01  0.000000e+00
     vertex  2.364142e+01 -1.138511e+01  0.000000e+00
     vertex  2.364142e+01 -1.138511e+01  3.000000e+02
   endloop
 endfacet
 facet normal -9.308737e-01  3.653410e-01  0.000000e+00
   outer loop
     vertex  2.465753e+01 -8.974609e+00  0.000000e+00
     vertex  2.417954e+01 -1.019253e+01  3.000000e+02
     vertex  2.465753e+01 -8.974609e+00  3.000000e+02
   endloop
 endfacet
 facet normal -9.308737e-01  3.653410e-01  0.000000e+00
   outer loop
     vertex  2.465753e+01 -8.974609e+00  0.000000e+00
     vertex  2.417954e+01 -1.019253e+01  0.000000e+00
     vertex  2.417954e+01 -1.019253e+01  3.000000e+02
   endloop
 endfacet
 facet normal -9.479273e-01  3.184867e-01  0.000000e+00
   outer loop
     vertex  2.507423e+01 -7.734376e+00  0.000000e+00
     vertex  2.465753e+01 -8.974609e+00  3.000000e+02
     vertex  2.507423e+01 -7.734376e+00  3.000000e+02
   endloop
 endfacet
 facet normal -9.479273e-01  3.184867e-01  0.000000e+00
   outer loop
     vertex  2.507423e+01 -7.734376e+00  0.000000e+00
     vertex  2.465753e+01 -8.974609e+00  0.000000e+00
     vertex  2.465753e+01 -8.974609e+00  3.000000e+02
   endloop
 endfacet
 facet normal -9.626242e-01  2.708405e-01  0.000000e+00
   outer loop
     vertex  2.542859e+01 -6.474914e+00  0.000000e+00
     vertex  2.507423e+01 -7.734376e+00  3.000000e+02
     vertex  2.542859e+01 -6.474914e+00  3.000000e+02
   endloop
 endfacet
 facet normal -9.749279e-01  2.225209e-01  0.000000e+00
   outer loop
     vertex  2.542859e+01 -6.474914e+00  0.000000e+00
     vertex  2.542859e+01 -6.474914e+00  3.000000e+02
     vertex  2.571973e+01 -5.199355e+00  3.000000e+02
   endloop
 endfacet
 facet normal -9.626242e-01  2.708405e-01  0.000000e+00
   outer loop
     vertex  2.542859e+01 -6.474914e+00  0.000000e+00
     vertex  2.507423e+01 -7.734376e+00  0.000000e+00
     vertex  2.507423e+01 -7.734376e+00  3.000000e+02
   endloop
 endfacet
 facet normal -9.749279e-01  2.225209e-01  0.000000e+00
   outer loop
     vertex  2.571973e+01 -5.199355e+00  0.000000e+00
     vertex  2.542859e+01 -6.474914e+00  0.000000e+00
     vertex  2.571973e+01 -5.199355e+00  3.000000e+02
   endloop
 endfacet
 facet normal -9.848078e-01  1.736482e-01  0.000000e+00
   outer loop
     vertex  2.594692e+01 -3.910869e+00  0.000000e+00
     vertex  2.571973e+01 -5.199355e+00  3.000000e+02
     vertex  2.594692e+01 -3.910869e+00  3.000000e+02
   endloop
 endfacet
 facet normal -9.922392e-01  1.243437e-01  0.000000e+00
   outer loop
     vertex  2.594692e+01 -3.910869e+00  0.000000e+00
     vertex  2.594692e+01 -3.910869e+00  3.000000e+02
     vertex  2.610961e+01 -2.612660e+00  3.000000e+02
   endloop
 endfacet
 facet normal -9.848078e-01  1.736482e-01  0.000000e+00
   outer loop
     vertex  2.594692e+01 -3.910869e+00  0.000000e+00
     vertex  2.571973e+01 -5.199355e+00  0.000000e+00
     vertex  2.571973e+01 -5.199355e+00  3.000000e+02
   endloop
 endfacet
 facet normal -9.972038e-01  7.473009e-02  0.000000e+00
   outer loop
     vertex  2.610961e+01 -2.612660e+00  0.000000e+00
     vertex  2.610961e+01 -2.612660e+00  3.000000e+02
     vertex  2.620738e+01 -1.307956e+00  3.000000e+02
   endloop
 endfacet
 facet normal -9.922392e-01  1.243437e-01  0.000000e+00
   outer loop
     vertex  2.610961e+01 -2.612660e+00  0.000000e+00
     vertex  2.594692e+01 -3.910869e+00  0.000000e+00
     vertex  2.610961e+01 -2.612660e+00  3.000000e+02
   endloop
 endfacet
 facet normal -9.972038e-01  7.473009e-02  0.000000e+00
   outer loop
     vertex  2.620738e+01 -1.307956e+00  0.000000e+00
     vertex  2.610961e+01 -2.612660e+00  0.000000e+00
     vertex  2.620738e+01 -1.307956e+00  3.000000e+02
   endloop
 endfacet
 facet normal -9.996892e-01  2.493069e-02  0.000000e+00
   outer loop
     vertex  2.624000e+01  0.000000e+00  0.000000e+00
     vertex  2.620738e+01 -1.307956e+00  3.000000e+02
     vertex  2.624000e+01  0.000000e+00  3.000000e+02
   endloop
 endfacet
 facet normal -9.996892e-01  2.493069e-02  0.000000e+00
   outer loop
     vertex  2.624000e+01  0.000000e+00  0.000000e+00
     vertex  2.620738e+01 -1.307956e+00  0.000000e+00
     vertex  2.620738e+01 -1.307956e+00  3.000000e+02
   endloop
 endfacet
endsolid
